offset,offset_hex,references,call_references,branch_references,first_ref_hex
671349,0xa3e75,21,21,0,0xa19c5
691530,0xa8d4a,9,9,0,0xa8dd9
1395168,0x1549e0,5,4,1,0x154841
1394176,0x154600,4,4,0,0x154734
1395216,0x154a10,4,4,0,0x1548c5
482442,0x75c8a,3,3,0,0x77b3f
717910,0xaf456,3,3,0,0xaff97
1392223,0x153e5f,3,3,0,0x153d0f
671354,0xa3e7a,2,2,0,0x9fa28
690541,0xa896d,2,2,0,0xa8c79
691646,0xa8dbe,2,2,0,0xa8c4d
691779,0xa8e43,2,2,0,0xa8c5a
693115,0xa937b,2,2,0,0xa98ef
700612,0xab0c4,2,2,0,0xab306
724925,0xb0fbd,2,2,0,0xb1523
731304,0xb28a8,2,2,0,0xb315e
742222,0xb534e,2,2,0,0xb59a7
773678,0xbce2e,2,2,0,0xbd5d5
1219208,0x129a88,2,2,0,0x129a62
1392298,0x153eaa,2,2,0,0x153dd5
1393312,0x1542a0,2,1,1,0x154294
1394064,0x154590,2,1,1,0x154584
663789,0xa20ed,1,1,0,0xa1e6e
664898,0xa2542,1,1,0,0xa424f
674641,0xa4b51,1,1,0,0xa48e1
707488,0xacba0,1,1,0,0xaf66d
707558,0xacbe6,1,1,0,0xaf6b7
721657,0xb02f9,1,1,0,0xb086e
725226,0xb10ea,1,1,0,0xb1931
726390,0xb1576,1,1,0,0xb1970
730289,0xb24b1,1,1,0,0xb45ea
730425,0xb2539,1,1,0,0xb3f09
732749,0xb2e4d,1,1,0,0xb39fe
733457,0xb3111,1,1,0,0xb3e0b
1219243,0x129aab,1,1,0,0x129a70
1345936,0x148990,1,1,0,0x148bb6
1360348,0x14c1dc,1,1,0,0x14c1a9
1360462,0x14c24e,1,1,0,0x14c209
1392000,0x153d80,1,1,0,0x153ce3
1392141,0x153e0d,1,1,0,0x153cf8
1392261,0x153e85,1,1,0,0x153e52
1244370,0x12fcd2,153,0,153,0x12f8cd
941042,0xe5bf2,79,0,79,0xe5abb
787479,0xc0417,67,0,67,0xc01a6
72102,0x119a6,39,0,39,0x11399
261643,0x3fe0b,35,0,35,0x3fd56
1671,0x687,34,0,34,0x4a1
858162,0xd1832,33,0,33,0xd1205
1093026,0x10ada2,33,0,33,0x10aca3
860055,0xd1f97,31,0,31,0xceb7f
1000325,0xf4385,30,0,30,0xf42b5
856959,0xd137f,27,0,27,0xd124a
32569,0x7f39,24,0,24,0x7f00
274717,0x4311d,24,0,24,0x42762
938499,0xe5203,24,0,24,0xdfcd7
37274,0x919a,23,0,23,0x8dc0
474367,0x73cff,23,0,23,0x72343
706656,0xac860,23,0,23,0xaa8ba
846615,0xceb17,23,0,23,0xcdacf
146174,0x23afe,22,0,22,0x1c6cb
169201,0x294f1,22,0,22,0x294e5
1107695,0x10e6ef,22,0,22,0x10cf9a
17753,0x4559,21,0,21,0x4054
43881,0xab69,21,0,21,0xa677
70353,0x112d1,21,0,21,0x10709
855951,0xd0f8f,21,0,21,0xd0e17
81305,0x13d99,20,0,20,0x119ac
256509,0x3e9fd,20,0,20,0x3e3c8
563816,0x89a68,20,0,20,0x89e02
970217,0xecde9,20,0,20,0xecab2
1100969,0x10cca9,20,0,20,0x10cbd7
1244073,0x12fba9,20,0,20,0x12fd46
75896,0x12878,19,0,19,0x12431
353746,0x565d2,19,0,19,0x56513
542720,0x84800,19,0,19,0x83b60
816503,0xc7577,19,0,19,0xc7494
997863,0xf39e7,19,0,19,0xf3a3d
113407,0x1baff,18,0,18,0x17f9a
326270,0x4fa7e,18,0,18,0x4fa77
497289,0x79689,18,0,18,0x791ad
58807,0xe5b7,17,0,17,0xe0bf
1001044,0xf4654,17,0,17,0xf43db
1406656,0x1576c0,17,0,17,0x154cfa
263015,0x40367,16,0,16,0x40237
95758,0x1760e,15,0,15,0x1758f
211921,0x33bd1,15,0,15,0x33524
635390,0x9b1fe,15,0,15,0x9b294
699801,0xaad99,15,0,15,0xaaccb
796471,0xc2737,15,0,15,0xc1c6c
816990,0xc775e,15,0,15,0xc784a
1406400,0x1575c0,15,0,15,0x154cae
54861,0xd64d,14,0,14,0xd5ef
58199,0xe357,14,0,14,0xe18f
289173,0x46995,14,0,14,0x46955
449036,0x6da0c,14,0,14,0x6dd3c
469691,0x72abb,14,0,14,0x72951
654480,0x9fc90,14,0,14,0x9fc9d
810215,0xc5ce7,14,0,14,0xc595c
820662,0xc85b6,14,0,14,0xc8104
895171,0xda8c3,14,0,14,0xd72fe
912633,0xdecf9,14,0,14,0xdecad
1030155,0xfb80b,14,0,14,0xfb036
1144193,0x117581,14,0,14,0x11747b
1359780,0x14bfa4,14,0,14,0x14bc3a
56780,0xddcc,13,0,13,0xdd65
101994,0x18e6a,13,0,13,0x18a15
208353,0x32de1,13,0,13,0x32be7
211951,0x33bef,13,0,13,0x34784
257872,0x3ef50,13,0,13,0x3ecac
378168,0x5c538,13,0,13,0x5c4e4
656989,0xa065d,13,0,13,0xa0b1d
836381,0xcc31d,13,0,13,0xcc313
889604,0xd9304,13,0,13,0xd884e
976752,0xee770,13,0,13,0xee67e
1243823,0x12faaf,13,0,13,0x1302f8
29242,0x723a,12,0,12,0x72da
30169,0x75d9,12,0,12,0x75bc
123570,0x1e2b2,12,0,12,0x1d2c4
168721,0x29311,12,0,12,0x28c9e
183854,0x2ce2e,12,0,12,0x2cd56
196332,0x2feec,12,0,12,0x31fb7
203089,0x31951,12,0,12,0x318fb
234657,0x394a1,12,0,12,0x39d04
258235,0x3f0bb,12,0,12,0x3eb43
289332,0x46a34,12,0,12,0x4504f
305163,0x4a80b,12,0,12,0x4a6da
349759,0x5563f,12,0,12,0x555bc
681382,0xa65a6,12,0,12,0xa63ed
776977,0xbdb11,12,0,12,0xbdb28
825075,0xc96f3,12,0,12,0xc9541
829014,0xca656,12,0,12,0xca58c
913741,0xdf14d,12,0,12,0xdf164
1005823,0xf58ff,12,0,12,0xf5610
1098472,0x10c2e8,12,0,12,0x10b07f
45901,0xb34d,11,0,11,0xb2cc
68732,0x10c7c,11,0,11,0x10775
78253,0x131ad,11,0,11,0x13166
115442,0x1c2f2,11,0,11,0x1c1b1
155304,0x25ea8,11,0,11,0x25e8d
172204,0x2a0ac,11,0,11,0x2a019
290070,0x46d16,11,0,11,0x46d0d
483588,0x76104,11,0,11,0x760cb
622262,0x97eb6,11,0,11,0x9777d
719876,0xafc04,11,0,11,0xaf835
790323,0xc0f33,11,0,11,0xc0da5
815419,0xc713b,11,0,11,0xc70b7
830490,0xcac1a,11,0,11,0xca9fd
881186,0xd7222,11,0,11,0xd6e94
907996,0xddadc,11,0,11,0xdda17
984973,0xf078d,11,0,11,0xf072c
995082,0xf2f0a,11,0,11,0xf2ed1
1007490,0xf5f82,11,0,11,0xf5ee5
1024831,0xfa33f,11,0,11,0xfa22b
1247489,0x130901,11,0,11,0x130b3f
2558,0x9fe,10,0,10,0x90d
17892,0x45e4,10,0,10,0x45b2
39665,0x9af1,10,0,10,0x9a77
65484,0xffcc,10,0,10,0xff07
87334,0x15526,10,0,10,0x15acd
90199,0x16057,10,0,10,0x15f90
99673,0x18559,10,0,10,0x184f4
111873,0x1b501,10,0,10,0x1b2d7
153500,0x2579c,10,0,10,0x252a7
173757,0x2a6bd,10,0,10,0x2a434
204570,0x31f1a,10,0,10,0x31f01
227443,0x37873,10,0,10,0x375f7
263967,0x4071f,10,0,10,0x40651
310031,0x4bb0f,10,0,10,0x4b9da
369630,0x5a3de,10,0,10,0x5a7c3
399263,0x6179f,10,0,10,0x615e4
485767,0x76987,10,0,10,0x76694
486153,0x76b09,10,0,10,0x76991
591624,0x90708,10,0,10,0x906e5
790657,0xc1081,10,0,10,0xc1015
815180,0xc704c,10,0,10,0xc6ff8
860056,0xd1f98,10,0,10,0xd26db
897414,0xdb186,10,0,10,0xdadfb
912622,0xdecee,10,0,10,0xded31
946828,0xe728c,10,0,10,0xe7167
959368,0xea388,10,0,10,0xe6a17
975371,0xee20b,10,0,10,0xee17f
1250756,0x1315c4,10,0,10,0x1316b5
1299384,0x13d3b8,10,0,10,0x13d228
1343376,0x147f90,10,0,10,0x147d57
1346820,0x148d04,10,0,10,0x148bc6
1347467,0x148f8b,10,0,10,0x148d1e
1391038,0x1539be,10,0,10,0x1539da
32508,0x7efc,9,0,9,0x7e91
35298,0x89e2,9,0,9,0x8925
42228,0xa4f4,9,0,9,0xa46a
55497,0xd8c9,9,0,9,0xd90b
56927,0xde5f,9,0,9,0xde30
58789,0xe5a5,9,0,9,0xe852
99248,0x183b0,9,0,9,0x182c2
110744,0x1b098,9,0,9,0x189bf
166687,0x28b1f,9,0,9,0x28a57
182268,0x2c7fc,9,0,9,0x2c6ab
188180,0x2df14,9,0,9,0x2de90
217236,0x35094,9,0,9,0x34eee
395374,0x6086e,9,0,9,0x612d3
442199,0x6bf57,9,0,9,0x6ad0e
469913,0x72b99,9,0,9,0x72b2f
537768,0x834a8,9,0,9,0x83427
540611,0x83fc3,9,0,9,0x83f28
541109,0x841b5,9,0,9,0x84179
545426,0x85292,9,0,9,0x850aa
611288,0x953d8,9,0,9,0x95156
625320,0x98aa8,9,0,9,0x98809
629415,0x99aa7,9,0,9,0x96a65
654819,0x9fde3,9,0,9,0x9fedb
703153,0xabab1,9,0,9,0xabac0
734736,0xb3610,9,0,9,0xb35dd
785974,0xbfe36,9,0,9,0xbfd29
794725,0xc2065,9,0,9,0xc1f34
802072,0xc3d18,9,0,9,0xc3cb7
828536,0xca478,9,0,9,0xca446
839468,0xccf2c,9,0,9,0xccef8
854856,0xd0b48,9,0,9,0xce027
867845,0xd3e05,9,0,9,0xd399f
920672,0xe0c60,9,0,9,0xe0bb4
987541,0xf1195,9,0,9,0xf0d28
1084456,0x108c28,9,0,9,0x1075fb
1114168,0x110038,9,0,9,0x10e847
1236599,0x12de77,9,0,9,0x12db2f
1243956,0x12fb34,9,0,9,0x130fec
1316632,0x141718,9,0,9,0x14169a
1325977,0x143b99,9,0,9,0x143aee
1390922,0x15394a,9,0,9,0x15390c
1394976,0x154920,9,0,9,0x154911
1408786,0x157f12,9,0,9,0x157748
28759,0x7057,8,0,8,0x700c
65161,0xfe89,8,0,8,0xfdb2
73287,0x11e47,8,0,8,0x11c61
73561,0x11f59,8,0,8,0x11e8a
79390,0x1361e,8,0,8,0x135e6
87306,0x1550a,8,0,8,0x15301
89552,0x15dd0,8,0,8,0x15cb0
89958,0x15f66,8,0,8,0x15ef2
90380,0x1610c,8,0,8,0x160a0
90574,0x161ce,8,0,8,0x16162
90706,0x16252,8,0,8,0x161f8
91385,0x164f9,8,0,8,0x162ed
93084,0x16b9c,8,0,8,0x169d9
98390,0x18056,8,0,8,0x17fdf
107042,0x1a222,8,0,8,0x1a192
131035,0x1ffdb,8,0,8,0x1fddd
146172,0x23afc,8,0,8,0x239df
160096,0x27160,8,0,8,0x26f30
160989,0x274dd,8,0,8,0x27498
166689,0x28b21,8,0,8,0x28acb
172209,0x2a0b1,8,0,8,0x29f9f
187272,0x2db88,8,0,8,0x2d31d
188557,0x2e08d,8,0,8,0x2e043
188825,0x2e199,8,0,8,0x2e0c2
242859,0x3b4ab,8,0,8,0x3b213
254198,0x3e0f6,8,0,8,0x3e04c
256754,0x3eaf2,8,0,8,0x3ea17
278686,0x4409e,8,0,8,0x44024
279674,0x4447a,8,0,8,0x44128
295967,0x4841f,8,0,8,0x483aa
326903,0x4fcf7,8,0,8,0x4fae9
327846,0x500a6,8,0,8,0x4fe6b
381466,0x5d21a,8,0,8,0x5d1dd
386683,0x5e67b,8,0,8,0x5e62d
388338,0x5ecf2,8,0,8,0x5ecb5
388881,0x5ef11,8,0,8,0x5eed4
389465,0x5f159,8,0,8,0x5f13c
390461,0x5f53d,8,0,8,0x5f836
468528,0x72630,8,0,8,0x725be
486559,0x76c9f,8,0,8,0x76bae
500636,0x7a39c,8,0,8,0x7a228
510836,0x7cb74,8,0,8,0x7ca69
510838,0x7cb76,8,0,8,0x7ca0a
579909,0x8d945,8,0,8,0x8e15f
638957,0x9bfed,8,0,8,0x9b8ba
661385,0xa1789,8,0,8,0xa176b
666432,0xa2b40,8,0,8,0xa26fb
676190,0xa515e,8,0,8,0xa505c
687238,0xa7c86,8,0,8,0xa84a4
688006,0xa7f86,8,0,8,0xa7ee2
689091,0xa83c3,8,0,8,0xa829b
693082,0xa935a,8,0,8,0xa9323
713555,0xae353,8,0,8,0xae319
721398,0xb01f6,8,0,8,0xafe39
794387,0xc1f13,8,0,8,0xc1d3e
810153,0xc5ca9,8,0,8,0xc5c54
817948,0xc7b1c,8,0,8,0xc79aa
877533,0xd63dd,8,0,8,0xd6373
923234,0xe1662,8,0,8,0xe19c2
986841,0xf0ed9,8,0,8,0xf0ddd
997097,0xf36e9,8,0,8,0xf3625
1010714,0xf6c1a,8,0,8,0xf6b9f
1014648,0xf7b78,8,0,8,0xf7b8a
1074832,0x106690,8,0,8,0x1063f0
1090058,0x10a20a,8,0,8,0x109ef0
1121020,0x111afc,8,0,8,0x1119fe
1123827,0x1125f3,8,0,8,0x11252b
1154151,0x119c67,8,0,8,0x119bc7
1216601,0x129059,8,0,8,0x128f7e
1270921,0x136489,8,0,8,0x1363f1
1301232,0x13daf0,8,0,8,0x13d8e1
1315883,0x14142b,8,0,8,0x14134b
1333941,0x145ab5,8,0,8,0x145993
18883,0x49c3,7,0,7,0x4938
22221,0x56cd,7,0,7,0x5bf9
35465,0x8a89,7,0,7,0x8a34
45257,0xb0c9,7,0,7,0xb07e
76106,0x1294a,7,0,7,0x12930
81306,0x13d9a,7,0,7,0x131af
88706,0x15a82,7,0,7,0x155db
88748,0x15aac,7,0,7,0x1555c
92284,0x1687c,7,0,7,0x16749
96152,0x17798,7,0,7,0x1771d
97596,0x17d3c,7,0,7,0x17cd0
103863,0x195b7,7,0,7,0x19546
108284,0x1a6fc,7,0,7,0x1a58c
110130,0x1ae32,7,0,7,0x1ada8
115756,0x1c42c,7,0,7,0x1c161
130311,0x1fd07,7,0,7,0x1fb67
183320,0x2cc18,7,0,7,0x2cbcf
252587,0x3daab,7,0,7,0x3dd66
265611,0x40d8b,7,0,7,0x40bab
277524,0x43c14,7,0,7,0x43a97
297330,0x48972,7,0,7,0x48904
339049,0x52c69,7,0,7,0x52e93
350266,0x5583a,7,0,7,0x55806
352872,0x56268,7,0,7,0x5584e
371976,0x5ad08,7,0,7,0x5ac80
378467,0x5c663,7,0,7,0x5c5d2
409459,0x63f73,7,0,7,0x63e07
448652,0x6d88c,7,0,7,0x6e621
450442,0x6df8a,7,0,7,0x6dda3
481266,0x757f2,7,0,7,0x7579e
488605,0x7749d,7,0,7,0x77171
506876,0x7bbfc,7,0,7,0x7bc64
513887,0x7d75f,7,0,7,0x7d71a
514470,0x7d9a6,7,0,7,0x7d97e
522454,0x7f8d6,7,0,7,0x7f8a2
522516,0x7f914,7,0,7,0x7f8e2
545762,0x853e2,7,0,7,0x8533d
567932,0x8aa7c,7,0,7,0x8aa72
569952,0x8b260,7,0,7,0x8b0a4
592326,0x909c6,7,0,7,0x9081d
626600,0x98fa8,7,0,7,0x98e1c
662820,0xa1d24,7,0,7,0xa1cff
663029,0xa1df5,7,0,7,0xa1dd0
668180,0xa3214,7,0,7,0xa3159
695351,0xa9c37,7,0,7,0xa9b5f
712481,0xadf21,7,0,7,0xadd67
738651,0xb455b,7,0,7,0xb4369
759737,0xb97b9,7,0,7,0xb8309
760020,0xb98d4,7,0,7,0xb98a3
787476,0xc0414,7,0,7,0xc03ae
787888,0xc05b0,7,0,7,0xc032d
789160,0xc0aa8,7,0,7,0xc0a74
796963,0xc2923,7,0,7,0xc28f1
800415,0xc369f,7,0,7,0xc35cc
801311,0xc3a1f,7,0,7,0xc395c
803528,0xc42c8,7,0,7,0xc411d
806609,0xc4ed1,7,0,7,0xc4dec
828215,0xca337,7,0,7,0xca200
830894,0xcadae,7,0,7,0xcac7b
831249,0xcaf11,7,0,7,0xcac26
834330,0xcbb1a,7,0,7,0xcb91f
839351,0xcceb7,7,0,7,0xcd185
857551,0xd15cf,7,0,7,0xd1593
868620,0xd410c,7,0,7,0xd40b7
869137,0xd4311,7,0,7,0xd428a
877133,0xd624d,7,0,7,0xd61d4
885423,0xd82af,7,0,7,0xd8239
889099,0xd910b,7,0,7,0xd9026
890974,0xd985e,7,0,7,0xd96c3
892766,0xd9f5e,7,0,7,0xd9e62
899004,0xdb7bc,7,0,7,0xdb683
907749,0xdd9e5,7,0,7,0xdd9da
909009,0xdded1,7,0,7,0xdde5a
935550,0xe467e,7,0,7,0xe462a
952530,0xe88d2,7,0,7,0xe8f93
969057,0xec961,7,0,7,0xec924
969347,0xeca83,7,0,7,0xeca3d
981677,0xefaad,7,0,7,0xefa03
984582,0xf0606,7,0,7,0xf05c0
986258,0xf0c92,7,0,7,0xf0c09
989212,0xf181c,7,0,7,0xf1799
997645,0xf390d,7,0,7,0xf371b
1005485,0xf57ad,7,0,7,0xf5787
1077497,0x1070f9,7,0,7,0x106e6a
1120899,0x111a83,7,0,7,0x111998
1123751,0x1125a7,7,0,7,0x1124c5
1215492,0x128c04,7,0,7,0x128b96
1265296,0x134e90,7,0,7,0x134da2
1266305,0x135281,7,0,7,0x135193
1267453,0x1356fd,7,0,7,0x13560f
1273506,0x136ea2,7,0,7,0x136b64
1274932,0x137434,7,0,7,0x137394
1301806,0x13dd2e,7,0,7,0x13dbf6
1308704,0x13f820,7,0,7,0x13f6dd
1316155,0x14153b,7,0,7,0x141475
1348988,0x14957c,7,0,7,0x14966c
1391894,0x153d16,7,0,7,0x153cc8
15974,0x3e66,6,0,6,0x3d45
17076,0x42b4,6,0,6,0x4236
42500,0xa604,6,0,6,0xa5b2
49252,0xc064,6,0,6,0xbecb
51168,0xc7e0,6,0,6,0xd41b
52997,0xcf05,6,0,6,0xcbe9
61965,0xf20d,6,0,6,0xf192
65950,0x1019e,6,0,6,0x1016c
70195,0x11233,6,0,6,0x10e7b
71958,0x11916,6,0,6,0x114bf
91341,0x164cd,6,0,6,0x1648b
91895,0x166f7,6,0,6,0x15e1d
92493,0x1694d,6,0,6,0x168eb
96796,0x17a1c,6,0,6,0x17920
97057,0x17b21,6,0,6,0x17ad3
97748,0x17dd4,6,0,6,0x17d83
97918,0x17e7e,6,0,6,0x17e2a
98601,0x18129,6,0,6,0x18080
99459,0x18483,6,0,6,0x183d8
99767,0x185b7,6,0,6,0x181c9
101216,0x18b60,6,0,6,0x18ab5
105598,0x19c7e,6,0,6,0x19a60
107487,0x1a3df,6,0,6,0x1a362
110246,0x1aea6,6,0,6,0x1ad3b
110709,0x1b075,6,0,6,0x1afe9
111866,0x1b4fa,6,0,6,0x1b3c1
123223,0x1e157,6,0,6,0x1d6b8
123832,0x1e3b8,6,0,6,0x1e410
127757,0x1f30d,6,0,6,0x1f246
128880,0x1f770,6,0,6,0x1f6b6
129703,0x1faa7,6,0,6,0x1f864
147031,0x23e57,6,0,6,0x23e20
154676,0x25c34,6,0,6,0x2587a
156100,0x261c4,6,0,6,0x2616f
158301,0x26a5d,6,0,6,0x2683e
158455,0x26af7,6,0,6,0x26aa8
172959,0x2a39f,6,0,6,0x2a298
174093,0x2a80d,6,0,6,0x2a7b3
187032,0x2da98,6,0,6,0x2d912
190842,0x2e97a,6,0,6,0x2e885
191767,0x2ed17,6,0,6,0x2ec27
198073,0x305b9,6,0,6,0x30488
225019,0x36efb,6,0,6,0x36d24
227573,0x378f5,6,0,6,0x378bd
228476,0x37c7c,6,0,6,0x37c4c
230193,0x38331,6,0,6,0x382dd
230595,0x384c3,6,0,6,0x38493
233532,0x3903c,6,0,6,0x38f63
237298,0x39ef2,6,0,6,0x39f35
261586,0x3fdd2,6,0,6,0x3fd85
272056,0x426b8,6,0,6,0x4267d
272118,0x426f6,6,0,6,0x4268b
272827,0x429bb,6,0,6,0x428c4
290072,0x46d18,6,0,6,0x46997
296486,0x48626,6,0,6,0x48653
308272,0x4b430,6,0,6,0x4b3c3
314220,0x4cb6c,6,0,6,0x4c6f7
315044,0x4cea4,6,0,6,0x4cbec
321437,0x4e79d,6,0,6,0x4e757
326544,0x4fb90,6,0,6,0x4fb3c
329895,0x508a7,6,0,6,0x507c3
334560,0x51ae0,6,0,6,0x51cf1
340929,0x533c1,6,0,6,0x53376
363507,0x58bf3,6,0,6,0x58948
367037,0x599bd,6,0,6,0x59960
367470,0x59b6e,6,0,6,0x59a53
379228,0x5c95c,6,0,6,0x5c907
381323,0x5d18b,6,0,6,0x5d1b2
385345,0x5e141,6,0,6,0x5e0bd
392962,0x5ff02,6,0,6,0x5fed5
399691,0x6194b,6,0,6,0x617a4
406690,0x634a2,6,0,6,0x63496
416059,0x6593b,6,0,6,0x65932
440149,0x6b755,6,0,6,0x6b6dc
446274,0x6cf42,6,0,6,0x6cefd
452213,0x6e675,6,0,6,0x6e64d
462951,0x71067,6,0,6,0x71031
465532,0x71a7c,6,0,6,0x71984
503584,0x7af20,6,0,6,0x7adb6
510217,0x7c909,6,0,6,0x7c8e3
511176,0x7ccc8,6,0,6,0x7cc86
511621,0x7ce85,6,0,6,0x7ce5f
525163,0x8036b,6,0,6,0x80ca6
537155,0x83243,6,0,6,0x83068
537582,0x833ee,6,0,6,0x83075
537885,0x8351d,6,0,6,0x834ee
561787,0x8927b,6,0,6,0x8924f
564646,0x89da6,6,0,6,0x89ca6
571359,0x8b7df,6,0,6,0x8b458
595763,0x91733,6,0,6,0x916e9
598214,0x920c6,6,0,6,0x942ed
622308,0x97ee4,6,0,6,0x97ebc
622600,0x98008,6,0,6,0x97fe0
625433,0x98b19,6,0,6,0x98adf
628418,0x996c2,6,0,6,0x99639
631005,0x9a0dd,6,0,6,0x9a045
651480,0x9f0d8,6,0,6,0x9f084
654367,0x9fc1f,6,0,6,0xa23e6
654818,0x9fde2,6,0,6,0xa08c5
660938,0xa15ca,6,0,6,0xa14bf
662239,0xa1adf,6,0,6,0xa1a69
667138,0xa2e02,6,0,6,0xa2cfe
668069,0xa31a5,6,0,6,0xa30b0
685195,0xa748b,6,0,6,0xa746f
699625,0xaace9,6,0,6,0xaaca5
700719,0xab12f,6,0,6,0xab123
707233,0xacaa1,6,0,6,0xac9f3
738476,0xb44ac,6,0,6,0xb4474
745691,0xb60db,6,0,6,0xb607d
753405,0xb7efd,6,0,6,0xb849f
768472,0xbb9d8,6,0,6,0xbb8c8
773356,0xbccec,6,0,6,0xbcc7d
784533,0xbf895,6,0,6,0xbf801
785118,0xbfade,6,0,6,0xbfcb1
788883,0xc0993,6,0,6,0xc05b8
791248,0xc12d0,6,0,6,0xc11c1
797159,0xc29e7,6,0,6,0xc27b9
798588,0xc2f7c,6,0,6,0xc2f07
799950,0xc34ce,6,0,6,0xc3477
800709,0xc37c5,6,0,6,0xc36e6
811478,0xc61d6,6,0,6,0xc61e5
816819,0xc76b3,6,0,6,0xc7681
817190,0xc7826,6,0,6,0xc7796
818456,0xc7d18,6,0,6,0xc7c43
820344,0xc8478,6,0,6,0xc83dc
820861,0xc867d,6,0,6,0xc8614
831627,0xcb08b,6,0,6,0xcb003
832074,0xcb24a,6,0,6,0xcb0ae
844273,0xce1f1,6,0,6,0xce17a
850465,0xcfa21,6,0,6,0xcf948
860561,0xd2191,6,0,6,0xd213a
873641,0xd54a9,6,0,6,0xd5478
874957,0xd59cd,6,0,6,0xd5989
879766,0xd6c96,6,0,6,0xd6c15
895693,0xdaacd,6,0,6,0xdab0c
903859,0xdcab3,6,0,6,0xdca63
937975,0xe4ff7,6,0,6,0xe4ed6
938421,0xe51b5,6,0,6,0xe5051
963052,0xeb1ec,6,0,6,0xeafdc
969062,0xec966,6,0,6,0xec904
969162,0xec9ca,6,0,6,0xec97f
970571,0xecf4b,6,0,6,0xecf2b
970931,0xed0b3,6,0,6,0xed06a
971570,0xed332,6,0,6,0xed300
973033,0xed8e9,6,0,6,0xed8b8
974293,0xeddd5,6,0,6,0xedcc5
976970,0xee84a,6,0,6,0xee7b7
979831,0xef377,6,0,6,0xef310
986379,0xf0d0b,6,0,6,0xf0ca8
986581,0xf0dd5,6,0,6,0xf0d68
986836,0xf0ed4,6,0,6,0xf0e3b
987356,0xf10dc,6,0,6,0xf0f56
987703,0xf1237,6,0,6,0xf11ec
988750,0xf164e,6,0,6,0xf15cb
997789,0xf399d,6,0,6,0xf39c6
998785,0xf3d81,6,0,6,0xf3d5d
1002691,0xf4cc3,6,0,6,0xf4cf5
1005821,0xf58fd,6,0,6,0xf56b0
1007236,0xf5e84,6,0,6,0xf5df9
1013051,0xf753b,6,0,6,0xf74ff
1031654,0xfbde6,6,0,6,0xfbe0c
1041884,0xfe5dc,6,0,6,0xfe5b0
1042112,0xfe6c0,6,0,6,0xfe570
1043508,0xfec34,6,0,6,0xfeba2
1043936,0xfede0,6,0,6,0xfedb4
1058378,0x10264a,6,0,6,0x1023ba
1061996,0x10346c,6,0,6,0x103205
1078410,0x10748a,6,0,6,0x107428
1106015,0x10e05f,6,0,6,0x10ddfc
1107613,0x10e69d,6,0,6,0x10e51b
1126386,0x112ff2,6,0,6,0x112f6c
1126493,0x11305d,6,0,6,0x112fb3
1149604,0x118aa4,6,0,6,0x118997
1161956,0x11bae4,6,0,6,0x11b84d
1200975,0x12534f,6,0,6,0x124d70
1203925,0x125ed5,6,0,6,0x1258b3
1205801,0x126629,6,0,6,0x126020
1208475,0x12709b,6,0,6,0x126a72
1243207,0x12f847,6,0,6,0x12f820
1245341,0x13009d,6,0,6,0x12fdd2
1299448,0x13d3f8,6,0,6,0x13d201
1301223,0x13dae7,6,0,6,0x13d8f2
1301729,0x13dce1,6,0,6,0x13dc8d
1317779,0x141b93,6,0,6,0x141ba1
1329771,0x144a6b,6,0,6,0x1445b1
15953,0x3e51,5,0,5,0x3d7d
29188,0x7204,5,0,5,0x7842
29189,0x7205,5,0,5,0x7c52
31185,0x79d1,5,0,5,0x7980
31556,0x7b44,5,0,5,0x7a59
40276,0x9d54,5,0,5,0x9c95
40281,0x9d59,5,0,5,0x9c88
44243,0xacd3,5,0,5,0xac69
50192,0xc410,5,0,5,0xbe8a
56480,0xdca0,5,0,5,0xd6e0
70173,0x1121d,5,0,5,0x10b86
71587,0x117a3,5,0,5,0x11741
79385,0x13619,5,0,5,0x135c0
81029,0x13c85,5,0,5,0x13c3e
84911,0x14baf,5,0,5,0x14b1b
89004,0x15bac,5,0,5,0x15b0c
89024,0x15bc0,5,0,5,0x15af8
89169,0x15c51,5,0,5,0x15bfe
91516,0x1657c,5,0,5,0x16559
92161,0x16801,5,0,5,0x167d7
98067,0x17f13,5,0,5,0x17ed2
98187,0x17f8b,5,0,5,0x17f47
99885,0x1862d,5,0,5,0x185f6
104721,0x19911,5,0,5,0x198bb
107737,0x1a4d9,5,0,5,0x1a4a2
108155,0x1a67b,5,0,5,0x1a673
112027,0x1b59b,5,0,5,0x1b534
114052,0x1bd84,5,0,5,0x1bce4
114205,0x1be1d,5,0,5,0x1bbd2
133798,0x20aa6,5,0,5,0x20844
146347,0x23bab,5,0,5,0x23bc7
153627,0x2581b,5,0,5,0x257a7
155225,0x25e59,5,0,5,0x25e30
155387,0x25efb,5,0,5,0x25ed2
155595,0x25fcb,5,0,5,0x25fa2
155687,0x26027,5,0,5,0x25ffe
155895,0x260f7,5,0,5,0x260ce
156234,0x2624a,5,0,5,0x261fb
156423,0x26307,5,0,5,0x262e2
156531,0x26373,5,0,5,0x262c1
159335,0x26e67,5,0,5,0x26dbe
160204,0x271cc,5,0,5,0x271a4
168259,0x29143,5,0,5,0x28f58
168760,0x29338,5,0,5,0x28c2d
177085,0x2b3bd,5,0,5,0x2b37c
193844,0x2f534,5,0,5,0x2f239
196009,0x2fda9,5,0,5,0x2fcea
198313,0x306a9,5,0,5,0x30660
198780,0x3087c,5,0,5,0x307c8
199911,0x30ce7,5,0,5,0x30cd0
204883,0x32053,5,0,5,0x32033
217726,0x3527e,5,0,5,0x35234
218581,0x355d5,5,0,5,0x355c9
224705,0x36dc1,5,0,5,0x36d78
233401,0x38fb9,5,0,5,0x38f8b
236083,0x39a33,5,0,5,0x39a05
238950,0x3a566,5,0,5,0x3a50b
239485,0x3a77d,5,0,5,0x3a601
239729,0x3a871,5,0,5,0x3a7b6
252467,0x3da33,5,0,5,0x3da08
258028,0x3efec,5,0,5,0x3ebf3
273283,0x42b83,5,0,5,0x42872
276570,0x4385a,5,0,5,0x43763
288775,0x46807,5,0,5,0x467e9
289316,0x46a24,5,0,5,0x469e6
289533,0x46afd,5,0,5,0x46ac0
290249,0x46dc9,5,0,5,0x46d62
290301,0x46dfd,5,0,5,0x46dce
295392,0x481e0,5,0,5,0x481a4
311775,0x4c1df,5,0,5,0x4bef5
319193,0x4ded9,5,0,5,0x4de98
320813,0x4e52d,5,0,5,0x4e50b
323990,0x4f196,5,0,5,0x4f10a
324894,0x4f51e,5,0,5,0x4f53a
326520,0x4fb78,5,0,5,0x4fb6c
329584,0x50770,5,0,5,0x50407
344105,0x54029,5,0,5,0x54025
346481,0x54971,5,0,5,0x5494d
365372,0x5933c,5,0,5,0x592fa
371879,0x5aca7,5,0,5,0x5abef
374102,0x5b556,5,0,5,0x5b533
400810,0x61daa,5,0,5,0x61d5a
401197,0x61f2d,5,0,5,0x61e6a
401555,0x62093,5,0,5,0x61fc7
402221,0x6232d,5,0,5,0x622e0
406920,0x63588,5,0,5,0x63540
414038,0x65156,5,0,5,0x65083
416061,0x6593d,5,0,5,0x654c7
418727,0x663a7,5,0,5,0x662bb
427468,0x685cc,5,0,5,0x68572
440452,0x6b884,5,0,5,0x6b7a3
446045,0x6ce5d,5,0,5,0x6ce1f
463040,0x710c0,5,0,5,0x71359
463994,0x7147a,5,0,5,0x7142a
464944,0x71830,5,0,5,0x71800
507189,0x7bd35,5,0,5,0x7bd6b
510270,0x7c93e,5,0,5,0x7c8b9
511500,0x7ce0c,5,0,5,0x7bea6
512228,0x7d0e4,5,0,5,0x7d0b1
518704,0x7ea30,5,0,5,0x7e9f5
518762,0x7ea6a,5,0,5,0x7ea5f
518847,0x7eabf,5,0,5,0x7ea7e
519020,0x7eb6c,5,0,5,0x7eb2d
522518,0x7f916,5,0,5,0x7f8ec
522571,0x7f94b,5,0,5,0x7f925
530625,0x818c1,5,0,5,0x81829
533786,0x8251a,5,0,5,0x8249b
536372,0x82f34,5,0,5,0x82ef5
540943,0x8410f,5,0,5,0x84064
541965,0x8450d,5,0,5,0x844bf
542602,0x8478a,5,0,5,0x84747
545587,0x85333,5,0,5,0x8529c
553480,0x87208,5,0,5,0x871ad
554706,0x876d2,5,0,5,0x876b2
559065,0x887d9,5,0,5,0x88796
561128,0x88fe8,5,0,5,0x88fbf
562279,0x89467,5,0,5,0x89447
562394,0x894da,5,0,5,0x894ba
565540,0x8a124,5,0,5,0x8a098
571784,0x8b988,5,0,5,0x8b866
572208,0x8bb30,5,0,5,0x8ba0e
572924,0x8bdfc,5,0,5,0x8bd30
573883,0x8c1bb,5,0,5,0x8c102
577715,0x8d0b3,5,0,5,0x8d00e
591276,0x905ac,5,0,5,0x9053c
593700,0x90f24,5,0,5,0x90e79
599760,0x926d0,5,0,5,0x922b6
622990,0x9818e,5,0,5,0x97678
623923,0x98533,5,0,5,0x9849b
630724,0x99fc4,5,0,5,0x974c0
633271,0x9a9b7,5,0,5,0x9a7fb
635435,0x9b22b,5,0,5,0x9b251
641980,0x9cbbc,5,0,5,0x9cb91
647365,0x9e0c5,5,0,5,0x9dfeb
648115,0x9e3b3,5,0,5,0x9e289
648230,0x9e426,5,0,5,0x9e2ea
649356,0x9e88c,5,0,5,0x9e632
650221,0x9ebed,5,0,5,0x9b981
661974,0xa19d6,5,0,5,0xa18b5
662068,0xa1a34,5,0,5,0xa1794
666792,0xa2ca8,5,0,5,0xa2b81
672397,0xa428d,5,0,5,0xa425e
676622,0xa530e,5,0,5,0xa5282
688253,0xa807d,5,0,5,0xa8049
688843,0xa82cb,5,0,5,0xa82b5
689680,0xa8610,5,0,5,0xa85d0
692817,0xa9251,5,0,5,0xa90fe
696510,0xaa0be,5,0,5,0xa9f43
702042,0xab65a,5,0,5,0xab5ef
704297,0xabf29,5,0,5,0xabdef
709095,0xad1e7,5,0,5,0xad0b8
715689,0xaeba9,5,0,5,0xaeb2a
725758,0xb12fe,5,0,5,0xb12ce
727157,0xb1875,5,0,5,0xb1405
730750,0xb267e,5,0,5,0xb298f
748468,0xb6bb4,5,0,5,0xb6b80
765623,0xbaeb7,5,0,5,0xbae37
765757,0xbaf3d,5,0,5,0xbaeca
778250,0xbe00a,5,0,5,0xbdf82
778459,0xbe0db,5,0,5,0xbe06a
785488,0xbfc50,5,0,5,0xbfbe3
786196,0xbff14,5,0,5,0xbff2a
790476,0xc0fcc,5,0,5,0xc0f5b
792300,0xc16ec,5,0,5,0xc15fe
792553,0xc17e9,5,0,5,0xc171c
793392,0xc1b30,5,0,5,0xc1aed
793484,0xc1b8c,5,0,5,0xc1b3e
793640,0xc1c28,5,0,5,0xc1be4
796545,0xc2781,5,0,5,0xc2759
797346,0xc2aa2,5,0,5,0xc2a7c
799316,0xc3254,5,0,5,0xc31e1
801679,0xc3b8f,5,0,5,0xc3b02
804452,0xc4664,5,0,5,0xc45d0
805722,0xc4b5a,5,0,5,0xc4ad4
808717,0xc570d,5,0,5,0xc56ab
811132,0xc607c,5,0,5,0xc6062
811192,0xc60b8,5,0,5,0xc6034
815962,0xc735a,5,0,5,0xc71c9
816176,0xc7430,5,0,5,0xc73f5
819774,0xc823e,5,0,5,0xc826c
821169,0xc87b1,5,0,5,0xc9701
824972,0xc968c,5,0,5,0xc967f
825973,0xc9a75,5,0,5,0xc99f4
827049,0xc9ea9,5,0,5,0xc9e2e
827779,0xca183,5,0,5,0xca047
830270,0xcab3e,5,0,5,0xcaabf
830278,0xcab46,5,0,5,0xcaa3c
831211,0xcaeeb,5,0,5,0xcae73
831962,0xcb1da,5,0,5,0xcb144
835168,0xcbe60,5,0,5,0xcbdeb
835594,0xcc00a,5,0,5,0xcbf90
838359,0xccad7,5,0,5,0xcca99
843556,0xcdf24,5,0,5,0xceb46
843721,0xcdfc9,5,0,5,0xcdf35
844662,0xce376,5,0,5,0xce303
849164,0xcf50c,5,0,5,0xcee45
850069,0xcf895,5,0,5,0xcf6bc
853530,0xd061a,5,0,5,0xd05d5
854800,0xd0b10,5,0,5,0xd0ad3
860418,0xd2102,5,0,5,0xd2055
863832,0xd2e58,5,0,5,0xd2e26
867443,0xd3c73,5,0,5,0xd3c3e
867789,0xd3dcd,5,0,5,0xd3b6f
869110,0xd42f6,5,0,5,0xd423b
872858,0xd519a,5,0,5,0xd5153
872870,0xd51a6,5,0,5,0xd50ec
877260,0xd62cc,5,0,5,0xd626a
882266,0xd765a,5,0,5,0xd74b2
883353,0xd7a99,5,0,5,0xd79db
884768,0xd8020,5,0,5,0xd7dfd
885676,0xd83ac,5,0,5,0xd835d
888820,0xd8ff4,5,0,5,0xd8f9b
893129,0xda0c9,5,0,5,0xda06f
894919,0xda7c7,5,0,5,0xda31c
899636,0xdba34,5,0,5,0xdb9ed
907431,0xdd8a7,5,0,5,0xdd859
914614,0xdf4b6,5,0,5,0xdee8d
937237,0xe4d15,5,0,5,0xe4c85
945231,0xe6c4f,5,0,5,0xe6c01
946052,0xe6f84,5,0,5,0xe6a4a
967314,0xec292,5,0,5,0xec227
969352,0xeca88,5,0,5,0xec9f6
970310,0xece46,5,0,5,0xecdee
970382,0xece8e,5,0,5,0xece73
973031,0xed8e7,5,0,5,0xed8cc
973556,0xedaf4,5,0,5,0xedac0
975434,0xee24a,5,0,5,0xee108
976121,0xee4f9,5,0,5,0xee427
979130,0xef0ba,5,0,5,0xef03e
980879,0xef78f,5,0,5,0xef6d9
984439,0xf0577,5,0,5,0xf054b
985998,0xf0b8e,5,0,5,0xf0acb
989470,0xf191e,5,0,5,0xf18b8
999656,0xf40e8,5,0,5,0xf3f9b
1001042,0xf4652,5,0,5,0xf444e
1003782,0xf5106,5,0,5,0xf50e4
1006849,0xf5d01,5,0,5,0xf5cee
1008268,0xf628c,5,0,5,0xf6262
1015843,0xf8023,5,0,5,0xf7ff0
1017230,0xf858e,5,0,5,0xf853c
1020581,0xf92a5,5,0,5,0xf9219
1023369,0xf9d89,5,0,5,0xf9d37
1032706,0xfc202,5,0,5,0xfc1d3
1033271,0xfc437,5,0,5,0xfc084
1034758,0xfca06,5,0,5,0xfc950
1048075,0xffe0b,5,0,5,0xffd81
1102274,0x10d1c2,5,0,5,0x10d0ce
1104695,0x10db37,5,0,5,0x10d701
1132930,0x114982,5,0,5,0x114900
1135289,0x1152b9,5,0,5,0x1150a5
1135476,0x115374,5,0,5,0x115341
1135796,0x1154b4,5,0,5,0x115486
1135944,0x115548,5,0,5,0x11551a
1140538,0x11673a,5,0,5,0x1166ee
1155038,0x119fde,5,0,5,0x119f46
1155762,0x11a2b2,5,0,5,0x11a20a
1156942,0x11a74e,5,0,5,0x11a6a6
1165880,0x11ca38,5,0,5,0x11c994
1167047,0x11cec7,5,0,5,0x11ce61
1167623,0x11d107,5,0,5,0x11d0a1
1186896,0x121c50,5,0,5,0x121c0b
1221425,0x12a331,5,0,5,0x129dc2
1222411,0x12a70b,5,0,5,0x12a4ed
1234367,0x12d5bf,5,0,5,0x12d4d9
1238113,0x12e461,5,0,5,0x12e2c0
1240635,0x12ee3b,5,0,5,0x12ecc5
1243959,0x12fb37,5,0,5,0x131be5
1249117,0x130f5d,5,0,5,0x131a71
1272043,0x1368eb,5,0,5,0x1368a9
1273547,0x136ecb,5,0,5,0x136c7a
1274026,0x1370aa,5,0,5,0x1370c8
1274042,0x1370ba,5,0,5,0x13703e
1286654,0x13a1fe,5,0,5,0x13a1f7
1299718,0x13d506,5,0,5,0x13d4d0
1302385,0x13df71,5,0,5,0x13de4d
1303297,0x13e301,5,0,5,0x13e286
1306222,0x13ee6e,5,0,5,0x13edf8
1314132,0x140d54,5,0,5,0x140d32
1317533,0x141a9d,5,0,5,0x141a1c
1320741,0x142725,5,0,5,0x1426c5
1324853,0x143735,5,0,5,0x1436ef
1341714,0x147912,5,0,5,0x1478ac
1384897,0x1521c1,5,0,5,0x15215a
1392140,0x153e0c,5,0,5,0x153da6
2991,0xbaf,4,0,4,0xb6f
3086,0xc0e,4,0,4,0xbce
3928,0xf58,4,0,4,0xf0c
14777,0x39b9,4,0,4,0x38ac
17499,0x445b,4,0,4,0x4067
18697,0x4909,4,0,4,0x48c1
25033,0x61c9,4,0,4,0x6054
26668,0x682c,4,0,4,0x67eb
26965,0x6955,4,0,4,0x690e
29117,0x71bd,4,0,4,0x711b
31075,0x7963,4,0,4,0x793b
35008,0x88c0,4,0,4,0x887c
41374,0xa19e,4,0,4,0xa00a
43876,0xab64,4,0,4,0xa99e
44181,0xac95,4,0,4,0xac63
49765,0xc265,4,0,4,0xc06b
50924,0xc6ec,4,0,4,0xc609
51089,0xc791,4,0,4,0xc73b
54756,0xd5e4,4,0,4,0xd5b0
62280,0xf348,4,0,4,0xf237
69545,0x10fa9,4,0,4,0x10fd9
71491,0x11743,4,0,4,0x117d0
72681,0x11be9,4,0,4,0x11bc1
74892,0x1248c,4,0,4,0x12464
77810,0x12ff2,4,0,4,0x12fb6
78073,0x130f9,4,0,4,0x130cf
78697,0x13369,4,0,4,0x1334d
80629,0x13af5,4,0,4,0x13abd
80859,0x13bdb,4,0,4,0x13ba6
81394,0x13df2,4,0,4,0x13dd1
84015,0x1482f,4,0,4,0x1467f
84234,0x1490a,4,0,4,0x14858
87911,0x15767,4,0,4,0x15705
88110,0x1582e,4,0,4,0x15805
90813,0x162bd,4,0,4,0x1629f
92900,0x16ae4,4,0,4,0x16a93
93009,0x16b51,4,0,4,0x16b00
93839,0x16e8f,4,0,4,0x16e50
94637,0x171ad,4,0,4,0x170ce
95074,0x17362,4,0,4,0x17240
100031,0x186bf,4,0,4,0x1869c
104331,0x1978b,4,0,4,0x19687
108467,0x1a7b3,4,0,4,0x1a799
109338,0x1ab1a,4,0,4,0x1ab01
110446,0x1af6e,4,0,4,0x1af00
112350,0x1b6de,4,0,4,0x1b65d
112405,0x1b715,4,0,4,0x1b5f5
113801,0x1bc89,4,0,4,0x1bc23
114133,0x1bdd5,4,0,4,0x1bcaf
114757,0x1c045,4,0,4,0x1c001
117018,0x1c91a,4,0,4,0x1c8de
117434,0x1caba,4,0,4,0x1ca94
125234,0x1e932,4,0,4,0x1e8ab
132511,0x2059f,4,0,4,0x2056b
137956,0x21ae4,4,0,4,0x21a47
138474,0x21cea,4,0,4,0x21b58
141639,0x22947,4,0,4,0x227aa
144638,0x234fe,4,0,4,0x23277
145386,0x237ea,4,0,4,0x237c4
146005,0x23a55,4,0,4,0x23a99
146833,0x23d91,4,0,4,0x23d30
148747,0x2450b,4,0,4,0x244e3
150398,0x24b7e,4,0,4,0x24b4a
153495,0x25797,4,0,4,0x25361
155235,0x25e63,4,0,4,0x25f05
155283,0x25e93,4,0,4,0x25f79
157200,0x26610,4,0,4,0x265f6
159919,0x270af,4,0,4,0x2705f
160323,0x27243,4,0,4,0x27205
166253,0x2896d,4,0,4,0x28938
166342,0x289c6,4,0,4,0x289a9
167701,0x28f15,4,0,4,0x28df8
168352,0x291a0,4,0,4,0x28f20
170341,0x29965,4,0,4,0x29783
171473,0x29dd1,4,0,4,0x299ca
174944,0x2ab60,4,0,4,0x2ab2e
183020,0x2caec,4,0,4,0x2ca8d
183985,0x2ceb1,4,0,4,0x2ce80
184342,0x2d016,4,0,4,0x2cfcb
184854,0x2d216,4,0,4,0x2d13d
184980,0x2d294,4,0,4,0x2d262
185288,0x2d3c8,4,0,4,0x2d3c0
192763,0x2f0fb,4,0,4,0x2f0a4
197515,0x3038b,4,0,4,0x30337
199260,0x30a5c,4,0,4,0x30a31
199461,0x30b25,4,0,4,0x30ada
199543,0x30b77,4,0,4,0x30b2c
200195,0x30e03,4,0,4,0x30dc4
206581,0x326f5,4,0,4,0x326d4
207451,0x32a5b,4,0,4,0x32a40
207534,0x32aae,4,0,4,0x32a80
209203,0x33133,4,0,4,0x330a7
214921,0x34789,4,0,4,0x34759
216136,0x34c48,4,0,4,0x333bf
217702,0x35266,4,0,4,0x351df
219721,0x35a49,4,0,4,0x35a74
223061,0x36755,4,0,4,0x36623
225668,0x37184,4,0,4,0x370af
226071,0x37317,4,0,4,0x3718b
228860,0x37dfc,4,0,4,0x37dc5
232875,0x38dab,4,0,4,0x38d64
232960,0x38e00,4,0,4,0x38dba
233466,0x38ffa,4,0,4,0x38fd0
234011,0x3921b,4,0,4,0x39201
234198,0x392d6,4,0,4,0x392bc
234350,0x3936e,4,0,4,0x39354
234562,0x39442,4,0,4,0x39428
237455,0x39f8f,4,0,4,0x39ef4
237818,0x3a0fa,4,0,4,0x3a029
238394,0x3a33a,4,0,4,0x3a218
243272,0x3b648,4,0,4,0x3b5cc
243799,0x3b857,4,0,4,0x3b824
244043,0x3b94b,4,0,4,0x3b852
244188,0x3b9dc,4,0,4,0x3b963
245429,0x3beb5,4,0,4,0x3bc52
250087,0x3d0e7,4,0,4,0x3d086
253152,0x3dce0,4,0,4,0x3dc89
255816,0x3e748,4,0,4,0x3e690
255895,0x3e797,4,0,4,0x3e775
255983,0x3e7ef,4,0,4,0x3e7ab
259478,0x3f596,4,0,4,0x3f108
261077,0x3fbd5,4,0,4,0x3fb6b
261413,0x3fd25,4,0,4,0x3face
262266,0x4007a,4,0,4,0x4003d
267607,0x41557,4,0,4,0x414a5
268112,0x41750,4,0,4,0x413a5
272358,0x427e6,4,0,4,0x42ae1
272419,0x42823,4,0,4,0x42b18
272941,0x42a2d,4,0,4,0x42c2a
275100,0x4329c,4,0,4,0x431fc
275284,0x43354,4,0,4,0x432b2
279694,0x4448e,4,0,4,0x43eff
280260,0x446c4,4,0,4,0x44664
280632,0x44838,4,0,4,0x44812
281642,0x44c2a,4,0,4,0x44bf7
281785,0x44cb9,4,0,4,0x44b2f
285452,0x45b0c,4,0,4,0x4535f
288968,0x468c8,4,0,4,0x468ab
296774,0x48746,4,0,4,0x48732
299263,0x490ff,4,0,4,0x4ad92
301521,0x499d1,4,0,4,0x4996b
316776,0x4d568,4,0,4,0x4d4eb
318378,0x4dbaa,4,0,4,0x4db45
320472,0x4e3d8,4,0,4,0x4e33e
321003,0x4e5eb,4,0,4,0x4e5cc
326112,0x4f9e0,4,0,4,0x4f9ba
326758,0x4fc66,4,0,4,0x4fbf6
327042,0x4fd82,4,0,4,0x4fb17
328099,0x501a3,4,0,4,0x50136
340266,0x5312a,4,0,4,0x530ca
341341,0x5355d,4,0,4,0x534e0
342735,0x53acf,4,0,4,0x539dc
344644,0x54244,4,0,4,0x5406d
349399,0x554d7,4,0,4,0x55b20
350861,0x55a8d,4,0,4,0x55a5a
352562,0x56132,4,0,4,0x56120
352862,0x5625e,4,0,4,0x5621b
357096,0x572e8,4,0,4,0x55283
364945,0x59191,4,0,4,0x59126
366792,0x598c8,4,0,4,0x59838
366905,0x59939,4,0,4,0x598eb
369631,0x5a3df,4,0,4,0x5b4d2
393447,0x600e7,4,0,4,0x60062
393843,0x60273,4,0,4,0x6028a
395375,0x6086f,4,0,4,0x60efd
397046,0x60ef6,4,0,4,0x60ee8
401891,0x621e3,4,0,4,0x62149
402631,0x624c7,4,0,4,0x623ee
407249,0x636d1,4,0,4,0x63690
409649,0x64031,4,0,4,0x63faf
410178,0x64242,4,0,4,0x641e9
414781,0x6543d,4,0,4,0x65421
416345,0x65a59,4,0,4,0x65a3c
416871,0x65c67,4,0,4,0x65c0f
418977,0x664a1,4,0,4,0x663ac
419921,0x66851,4,0,4,0x66837
424520,0x67a48,4,0,4,0x67a2e
426718,0x682de,4,0,4,0x6829c
427718,0x686c6,4,0,4,0x6866d
428074,0x6882a,4,0,4,0x6881f
428388,0x68964,4,0,4,0x6800e
429141,0x68c55,4,0,4,0x68c16
429177,0x68c79,4,0,4,0x68c5f
429557,0x68df5,4,0,4,0x68db5
429892,0x68f44,4,0,4,0x699f2
430237,0x6909d,4,0,4,0x69097
430324,0x690f4,4,0,4,0x690ba
430567,0x691e7,4,0,4,0x69191
432496,0x69970,4,0,4,0x69931
432857,0x69ad9,4,0,4,0x69a37
435010,0x6a342,4,0,4,0x6a296
436433,0x6a8d1,4,0,4,0x6a871
437004,0x6ab0c,4,0,4,0x6aaf0
440498,0x6b8b2,4,0,4,0x6b68b
442001,0x6be91,4,0,4,0x6be2f
445155,0x6cae3,4,0,4,0x6ca33
448548,0x6d824,4,0,4,0x6d0a0
449421,0x6db8d,4,0,4,0x6db5a
451312,0x6e2f0,4,0,4,0x6e2b3
451845,0x6e505,4,0,4,0x6e4ce
456143,0x6f5cf,4,0,4,0x6f4a7
459473,0x702d1,4,0,4,0x7029e
468336,0x72570,4,0,4,0x72549
470174,0x72c9e,4,0,4,0x72c41
471046,0x73006,4,0,4,0x72e72
476891,0x746db,4,0,4,0x7467a
477091,0x747a3,4,0,4,0x74746
477209,0x74819,4,0,4,0x747bf
479832,0x75258,4,0,4,0x7522d
481541,0x75905,4,0,4,0x75895
484118,0x76316,4,0,4,0x762ef
485004,0x7668c,4,0,4,0x7663e
485693,0x7693d,4,0,4,0x767c1
486509,0x76c6d,4,0,4,0x76bf8
487407,0x76fef,4,0,4,0x76eda
497583,0x797af,4,0,4,0x79722
498947,0x79d03,4,0,4,0x79ca5
499072,0x79d80,4,0,4,0x79ba1
500158,0x7a1be,4,0,4,0x7a19f
501813,0x7a835,4,0,4,0x7a819
502588,0x7ab3c,4,0,4,0x7ad7d
503101,0x7ad3d,4,0,4,0x7ad18
506316,0x7b9cc,4,0,4,0x7b9a9
510310,0x7c966,4,0,4,0x7c993
517217,0x7e461,4,0,4,0x7e3fc
517838,0x7e6ce,4,0,4,0x7e604
517845,0x7e6d5,4,0,4,0x7e84b
522456,0x7f8d8,4,0,4,0x7f8ac
522573,0x7f94d,4,0,4,0x7f91d
523103,0x7fb5f,4,0,4,0x7fb21
525902,0x8064e,4,0,4,0x80616
526659,0x80943,4,0,4,0x808a6
527815,0x80dc7,4,0,4,0x80cb3
528128,0x80f00,4,0,4,0x80e8c
530808,0x81978,4,0,4,0x8194f
531329,0x81b81,4,0,4,0x81b6d
534001,0x825f1,4,0,4,0x825d5
536166,0x82e66,4,0,4,0x83a19
536395,0x82f4b,4,0,4,0x83cae
536455,0x82f87,4,0,4,0x82f5b
539972,0x83d44,4,0,4,0x83d29
541221,0x84225,4,0,4,0x841e1
541816,0x84478,4,0,4,0x8443d
542721,0x84801,4,0,4,0x82e6d
544928,0x850a0,4,0,4,0x8504c
548723,0x85f73,4,0,4,0x85e78
550706,0x86732,4,0,4,0x86649
551110,0x868c6,4,0,4,0x867c3
555381,0x87975,4,0,4,0x8791c
556127,0x87c5f,4,0,4,0x87c44
556864,0x87f40,4,0,4,0x87de3
560152,0x88c18,4,0,4,0x88879
560955,0x88f3b,4,0,4,0x88f27
562236,0x8943c,4,0,4,0x89420
564878,0x89e8e,4,0,4,0x89e6b
564937,0x89ec9,4,0,4,0x89ea4
569406,0x8b03e,4,0,4,0x8b009
570870,0x8b5f6,4,0,4,0x8b548
578711,0x8d497,4,0,4,0x8d479
579910,0x8d946,4,0,4,0x8def2
580379,0x8db1b,4,0,4,0x8e3a8
582831,0x8e4af,4,0,4,0x8e43b
586360,0x8f278,4,0,4,0x8f215
593339,0x90dbb,4,0,4,0x90d9d
595170,0x914e2,4,0,4,0x914b6
604684,0x93a0c,4,0,4,0x93353
605118,0x93bbe,4,0,4,0x93b02
605698,0x93e02,4,0,4,0x93dd6
606903,0x942b7,4,0,4,0x9425c
607248,0x94410,4,0,4,0x943ef
607251,0x94413,4,0,4,0x9437f
610963,0x95293,4,0,4,0x95271
611207,0x95387,4,0,4,0x952b9
618181,0x96ec5,4,0,4,0x96e8c
618235,0x96efb,4,0,4,0x96eca
618933,0x971b5,4,0,4,0x96fec
632383,0x9a63f,4,0,4,0x9a61a
636117,0x9b4d5,4,0,4,0x9b141
636187,0x9b51b,4,0,4,0x9b4f2
647719,0x9e227,4,0,4,0x9e17c
648687,0x9e5ef,4,0,4,0x9e528
650571,0x9ed4b,4,0,4,0x9ed29
651475,0x9f0d3,4,0,4,0x9f137
652417,0x9f481,4,0,4,0x9f44d
655060,0x9fed4,4,0,4,0x9fe95
655975,0xa0267,4,0,4,0xa009b
657276,0xa077c,4,0,4,0xa06ef
657343,0xa07bf,4,0,4,0xa0783
657439,0xa081f,4,0,4,0xa0809
657518,0xa086e,4,0,4,0xa081d
657943,0xa0a17,4,0,4,0xa09f0
661614,0xa186e,4,0,4,0xa1854
662850,0xa1d42,4,0,4,0xa1c91
663042,0xa1e02,4,0,4,0xa1d78
663058,0xa1e12,4,0,4,0xa1d7e
664817,0xa24f1,4,0,4,0xa242c
666425,0xa2b39,4,0,4,0xa29c6
672984,0xa44d8,4,0,4,0xa43d1
679996,0xa603c,4,0,4,0xa5fe8
680082,0xa6092,4,0,4,0xa6222
680460,0xa620c,4,0,4,0xa615c
681951,0xa67df,4,0,4,0xa66f8
682868,0xa6b74,4,0,4,0xa69d2
686098,0xa7812,4,0,4,0xa77ec
686466,0xa7982,4,0,4,0xa7941
689129,0xa83e9,4,0,4,0xa83ce
689384,0xa84e8,4,0,4,0xa8468
692977,0xa92f1,4,0,4,0xa92c8
695708,0xa9d9c,4,0,4,0xa9d45
697806,0xaa5ce,4,0,4,0xa9ebe
703410,0xabbb2,4,0,4,0xab39a
705479,0xac3c7,4,0,4,0xac371
706849,0xac921,4,0,4,0xac905
712330,0xade8a,4,0,4,0xadd76
714242,0xae602,4,0,4,0xae5e7
714718,0xae7de,4,0,4,0xae7c3
715929,0xaec99,4,0,4,0xaec2e
716821,0xaf015,4,0,4,0xaefb7
720151,0xafd17,4,0,4,0xafd91
720926,0xb001e,4,0,4,0xb0061
734648,0xb35b8,4,0,4,0xb35a7
744658,0xb5cd2,4,0,4,0xb5cbc
745773,0xb612d,4,0,4,0xb610b
746252,0xb630c,4,0,4,0xb6247
749045,0xb6df5,4,0,4,0xb6da5
753368,0xb7ed8,4,0,4,0xb7d3a
755801,0xb8859,4,0,4,0xb88b0
757003,0xb8d0b,4,0,4,0xb8cd4
765883,0xbafbb,4,0,4,0xbaf50
766020,0xbb044,4,0,4,0xbafce
766178,0xbb0e2,4,0,4,0xbb075
768160,0xbb8a0,4,0,4,0xbb8de
768704,0xbbac0,4,0,4,0xbb995
769345,0xbbd41,4,0,4,0xbbcda
769412,0xbbd84,4,0,4,0xbbd45
784211,0xbf753,4,0,4,0xbf626
785088,0xbfac0,4,0,4,0xbf946
785285,0xbfb85,4,0,4,0xbfb47
785583,0xbfcaf,4,0,4,0xbfb8d
792949,0xc1975,4,0,4,0xc185a
792966,0xc1986,4,0,4,0xc1803
793293,0xc1acd,4,0,4,0xc1a45
793558,0xc1bd6,4,0,4,0xc1b9b
796041,0xc2589,4,0,4,0xc242d
797822,0xc2c7e,4,0,4,0xc2c10
797847,0xc2c97,4,0,4,0xc2b00
800104,0xc3568,4,0,4,0xc33eb
802897,0xc4051,4,0,4,0xc4024
805003,0xc488b,4,0,4,0xc47ac
809049,0xc5859,4,0,4,0xc57de
809675,0xc5acb,4,0,4,0xc5a8a
809837,0xc5b6d,4,0,4,0xc5b23
809911,0xc5bb7,4,0,4,0xc5af7
810056,0xc5c48,4,0,4,0xc5bd7
813991,0xc6ba7,4,0,4,0xc6b0a
814413,0xc6d4d,4,0,4,0xc6aed
816678,0xc7626,4,0,4,0xc75df
816982,0xc7756,4,0,4,0xc76db
817426,0xc7912,4,0,4,0xc7865
818815,0xc7e7f,4,0,4,0xc7d9d
819752,0xc8228,4,0,4,0xc8242
821087,0xc875f,4,0,4,0xc85e3
821489,0xc88f1,4,0,4,0xc8861
821764,0xc8a04,4,0,4,0xc899f
822087,0xc8b47,4,0,4,0xc8ae5
822233,0xc8bd9,4,0,4,0xc8b87
822983,0xc8ec7,4,0,4,0xc8e70
823705,0xc9199,4,0,4,0xc90fa
824228,0xc93a4,4,0,4,0xc92e2
826991,0xc9e6f,4,0,4,0xc9e42
829701,0xca905,4,0,4,0xca84b
831025,0xcae31,4,0,4,0xcade5
832399,0xcb38f,4,0,4,0xcb2b6
833620,0xcb854,4,0,4,0xcb78d
834074,0xcba1a,4,0,4,0xcb9f5
835133,0xcbe3d,4,0,4,0xcbe1b
835742,0xcc09e,4,0,4,0xcc109
835748,0xcc0a4,4,0,4,0xcc04c
836082,0xcc1f2,4,0,4,0xcc197
838562,0xccba2,4,0,4,0xccb74
839019,0xccd6b,4,0,4,0xccd25
844967,0xce4a7,4,0,4,0xce48d
845342,0xce61e,4,0,4,0xce38b
851770,0xcff3a,4,0,4,0xcff1f
856953,0xd1379,4,0,4,0xd142d
857442,0xd1562,4,0,4,0xd1512
857696,0xd1660,4,0,4,0xd1614
857926,0xd1746,4,0,4,0xd1755
859300,0xd1ca4,4,0,4,0xd1c56
860053,0xd1f95,4,0,4,0xd1f42
860099,0xd1fc3,4,0,4,0xd1fa5
861616,0xd25b0,4,0,4,0xd2527
862319,0xd286f,4,0,4,0xd2831
862485,0xd2915,4,0,4,0xd2883
862996,0xd2b14,4,0,4,0xd2ad5
863485,0xd2cfd,4,0,4,0xd2cbf
864350,0xd305e,4,0,4,0xd302e
864985,0xd32d9,4,0,4,0xd323b
864987,0xd32db,4,0,4,0xd3200
865087,0xd333f,4,0,4,0xd32de
865894,0xd3666,4,0,4,0xd3620
867493,0xd3ca5,4,0,4,0xd3c7e
867717,0xd3d85,4,0,4,0xd3d61
868777,0xd41a9,4,0,4,0xd4158
869501,0xd447d,4,0,4,0xd4460
873785,0xd5539,4,0,4,0xd54e4
874130,0xd5692,4,0,4,0xd5660
875117,0xd5a6d,4,0,4,0xd5a51
875933,0xd5d9d,4,0,4,0xd5d5f
875980,0xd5dcc,4,0,4,0xd5d13
876837,0xd6125,4,0,4,0xd60ee
877787,0xd64db,4,0,4,0xd63f9
878518,0xd67b6,4,0,4,0xd6786
879250,0xd6a92,4,0,4,0xd6a58
879780,0xd6ca4,4,0,4,0xd7cd6
880097,0xd6de1,4,0,4,0xd6d87
880176,0xd6e30,4,0,4,0xd6e0f
880645,0xd7005,4,0,4,0xd7017
882793,0xd7869,4,0,4,0xd7706
883169,0xd79e1,4,0,4,0xd7990
883249,0xd7a31,4,0,4,0xd7a10
883527,0xd7b47,4,0,4,0xd78e1
883923,0xd7cd3,4,0,4,0xd7b8c
884623,0xd7f8f,4,0,4,0xd7f18
884695,0xd7fd7,4,0,4,0xd7eea
884965,0xd80e5,4,0,4,0xd8082
885115,0xd817b,4,0,4,0xd812c
885421,0xd82ad,4,0,4,0xd8242
885913,0xd8499,4,0,4,0xd8427
887857,0xd8c31,4,0,4,0xd8c0f
888209,0xd8d91,4,0,4,0xd8ac0
888623,0xd8f2f,4,0,4,0xd8f05
888866,0xd9022,4,0,4,0xd8f92
889079,0xd90f7,4,0,4,0xd90bb
895172,0xda8c4,4,0,4,0xd822c
895981,0xdabed,4,0,4,0xdabbe
897226,0xdb0ca,4,0,4,0xdb09b
902034,0xdc392,4,0,4,0xdc307
903944,0xdcb08,4,0,4,0xdcad2
904118,0xdcbb6,4,0,4,0xdcb8b
905490,0xdd112,4,0,4,0xdd098
906302,0xdd43e,4,0,4,0xdd277
908290,0xddc02,4,0,4,0xddbc5
908754,0xdddd2,4,0,4,0xddd87
909708,0xde18c,4,0,4,0xde165
909983,0xde29f,4,0,4,0xde1f5
913382,0xdefe6,4,0,4,0xdefc2
913393,0xdeff1,4,0,4,0xdef5d
915456,0xdf800,4,0,4,0xdf80d
925744,0xe2030,4,0,4,0xe2017
932760,0xe3b98,4,0,4,0xe3b6b
936215,0xe4917,4,0,4,0xe486a
938416,0xe51b0,4,0,4,0xe5122
944543,0xe699f,4,0,4,0xe693a
945626,0xe6dda,4,0,4,0xe6d6e
945674,0xe6e0a,4,0,4,0xe6dde
959028,0xea234,4,0,4,0xea1d6
960227,0xea6e3,4,0,4,0xea6cd
963049,0xeb1e9,4,0,4,0xeafaa
964071,0xeb5e7,4,0,4,0xeb595
964075,0xeb5eb,4,0,4,0xeb586
967172,0xec204,4,0,4,0xec1aa
969155,0xec9c3,4,0,4,0xeca03
969287,0xeca47,4,0,4,0xeca53
969845,0xecc75,4,0,4,0xecb53
971856,0xed450,4,0,4,0xed438
971872,0xed460,4,0,4,0xed3b1
972981,0xed8b5,4,0,4,0xed896
973468,0xeda9c,4,0,4,0xeda4b
974012,0xedcbc,4,0,4,0xedc36
975321,0xee1d9,4,0,4,0xee1b0
975368,0xee208,4,0,4,0xee199
975586,0xee2e2,4,0,4,0xed98b
976338,0xee5d2,4,0,4,0xee5ab
977932,0xeec0c,4,0,4,0xeeb97
979071,0xef07f,4,0,4,0xef062
980364,0xef58c,4,0,4,0xef532
980729,0xef6f9,4,0,4,0xef6ea
980882,0xef792,4,0,4,0xf000b
982273,0xefd01,4,0,4,0xefbfe
984682,0xf066a,4,0,4,0xf0644
985572,0xf09e4,4,0,4,0xf09fe
988921,0xf16f9,4,0,4,0xf1503
989948,0xf1afc,4,0,4,0xf1ac5
990323,0xf1c73,4,0,4,0xf1bfb
992289,0xf2421,4,0,4,0xf2416
992561,0xf2531,4,0,4,0xf24f5
992958,0xf26be,4,0,4,0xf264b
994086,0xf2b26,4,0,4,0xf2a7b
994418,0xf2c72,4,0,4,0xf2c4d
1003285,0xf4f15,4,0,4,0xf4e1b
1003772,0xf50fc,4,0,4,0xf5278
1007696,0xf6050,4,0,4,0xf6001
1008125,0xf61fd,4,0,4,0xf61e4
1011671,0xf6fd7,4,0,4,0xf7000
1013351,0xf7667,4,0,4,0xf78a4
1013764,0xf7804,4,0,4,0xf77b3
1014761,0xf7be9,4,0,4,0xf7ba5
1017853,0xf87fd,4,0,4,0xf8818
1019477,0xf8e55,4,0,4,0xf917d
1019479,0xf8e57,4,0,4,0xf8e0e
1028188,0xfb05c,4,0,4,0xfb040
1029141,0xfb415,4,0,4,0xfb29e
1030092,0xfb7cc,4,0,4,0xfb725
1030674,0xfba12,4,0,4,0xfb9bd
1042998,0xfea36,4,0,4,0xfeb7b
1060811,0x102fcb,4,0,4,0x102e2f
1062590,0x1036be,4,0,4,0x10349f
1063445,0x103a15,4,0,4,0x103799
1074160,0x1063f0,4,0,4,0x106367
1074419,0x1064f3,4,0,4,0x106300
1075931,0x106adb,4,0,4,0x106856
1076842,0x106e6a,4,0,4,0x106de1
1077084,0x106f5c,4,0,4,0x106d86
1078227,0x1073d3,4,0,4,0x10736b
1103288,0x10d5b8,4,0,4,0x10d50b
1104112,0x10d8f0,4,0,4,0x10d7fb
1105854,0x10dfbe,4,0,4,0x10de42
1107724,0x10e70c,4,0,4,0x10d28c
1126379,0x112feb,4,0,4,0x112f4c
1138675,0x115ff3,4,0,4,0x115ed0
1142550,0x116f16,4,0,4,0x116e8b
1143308,0x11720c,4,0,4,0x117184
1152956,0x1197bc,4,0,4,0x119763
1155594,0x11a20a,4,0,4,0x11a18a
1155999,0x11a39f,4,0,4,0x11a306
1156036,0x11a3c4,4,0,4,0x11a0cd
1156774,0x11a6a6,4,0,4,0x11a626
1157179,0x11a83b,4,0,4,0x11a7a2
1157216,0x11a860,4,0,4,0x11a54c
1161631,0x11b99f,4,0,4,0x11b95a
1161783,0x11ba37,4,0,4,0x11b99f
1165716,0x11c994,4,0,4,0x11c918
1166479,0x11cc8f,4,0,4,0x11cc4c
1168892,0x11d5fc,4,0,4,0x11d580
1187292,0x121ddc,4,0,4,0x121c6a
1187355,0x121e1b,4,0,4,0x121dee
1207466,0x126caa,4,0,4,0x126c24
1209394,0x127432,4,0,4,0x127238
1210050,0x1276c2,4,0,4,0x1274d8
1210872,0x1279f8,4,0,4,0x1277a4
1211769,0x127d79,4,0,4,0x127ab0
1212629,0x1280d5,4,0,4,0x127e33
1215497,0x128c09,4,0,4,0x128b9e
1232852,0x12cfd4,4,0,4,0x12cf18
1239641,0x12ea59,4,0,4,0x12e990
1242521,0x12f599,4,0,4,0x12f552
1243130,0x12f7fa,4,0,4,0x12f7d1
1243279,0x12f88f,4,0,4,0x12f866
1243447,0x12f937,4,0,4,0x132263
1243539,0x12f993,4,0,4,0x12f96a
1243773,0x12fa7d,4,0,4,0x12fa54
1243895,0x12faf7,4,0,4,0x12face
1244032,0x12fb80,4,0,4,0x12fb57
1244168,0x12fc08,4,0,4,0x12fbdf
1244445,0x12fd1d,4,0,4,0x12fcf4
1244564,0x12fd94,4,0,4,0x12fd6b
1245417,0x1300e9,4,0,4,0x1300c0
1245652,0x1301d4,4,0,4,0x1301ab
1245894,0x1302c6,4,0,4,0x13029d
1246012,0x13033c,4,0,4,0x130313
1246130,0x1303b2,4,0,4,0x130389
1246249,0x130429,4,0,4,0x130400
1246470,0x130506,4,0,4,0x1304dd
1246578,0x130572,4,0,4,0x130549
1246677,0x1305d5,4,0,4,0x1305ac
1246785,0x130641,4,0,4,0x130618
1246884,0x1306a4,4,0,4,0x13067b
1246992,0x130710,4,0,4,0x1306e7
1247092,0x130774,4,0,4,0x13074b
1247321,0x130859,4,0,4,0x130830
1247563,0x13094b,4,0,4,0x130922
1247673,0x1309b9,4,0,4,0x130990
1247820,0x130a4c,4,0,4,0x130d8a
1247895,0x130a97,4,0,4,0x130a6e
1248131,0x130b83,4,0,4,0x130b5a
1248241,0x130bf1,4,0,4,0x130bc8
1248470,0x130cd6,4,0,4,0x130cad
1248718,0x130dce,4,0,4,0x130da5
1248827,0x130e3b,4,0,4,0x130e12
1248937,0x130ea9,4,0,4,0x130e80
1249199,0x130faf,4,0,4,0x130f86
1249329,0x131031,4,0,4,0x131008
1249458,0x1310b2,4,0,4,0x131089
1249567,0x13111f,4,0,4,0x1310f6
1249676,0x13118c,4,0,4,0x131163
1249785,0x1311f9,4,0,4,0x1311d0
1249894,0x131266,4,0,4,0x13123d
1250012,0x1312dc,4,0,4,0x1312b3
1250130,0x131352,4,0,4,0x131329
1250248,0x1313c8,4,0,4,0x13139f
1250367,0x13143f,4,0,4,0x131416
1250596,0x131524,4,0,4,0x1314fb
1250837,0x131615,4,0,4,0x1315ec
1251066,0x1316fa,4,0,4,0x1316d1
1251295,0x1317df,4,0,4,0x1317b6
1251524,0x1318c4,4,0,4,0x13189b
1251773,0x1319bd,4,0,4,0x131994
1252022,0x131ab6,4,0,4,0x131a8d
1252251,0x131b9b,4,0,4,0x131b72
1252393,0x131c29,4,0,4,0x131c00
1252512,0x131ca0,4,0,4,0x131c77
1252741,0x131d85,4,0,4,0x131d5c
1252978,0x131e72,4,0,4,0x131e49
1253215,0x131f5f,4,0,4,0x131f36
1253452,0x13204c,4,0,4,0x132023
1253689,0x132139,4,0,4,0x132110
1253819,0x1321bb,4,0,4,0x132192
1254056,0x1322a8,4,0,4,0x13227f
1254285,0x13238d,4,0,4,0x132364
1254501,0x132465,4,0,4,0x13243c
1254737,0x132551,4,0,4,0x132528
1254847,0x1325bf,4,0,4,0x132596
1255075,0x1326a3,4,0,4,0x13267a
1255185,0x132711,4,0,4,0x1326e8
1255433,0x132809,4,0,4,0x1327e0
1255542,0x132876,4,0,4,0x13284d
1255651,0x1328e3,4,0,4,0x1328ba
1255760,0x132950,4,0,4,0x132927
1255870,0x1329be,4,0,4,0x132995
1256000,0x132a40,4,0,4,0x132a17
1256129,0x132ac1,4,0,4,0x132a98
1256248,0x132b38,4,0,4,0x132b0f
1256477,0x132c1d,4,0,4,0x132bf4
1256706,0x132d02,4,0,4,0x132cd9
1256935,0x132de7,4,0,4,0x132dbe
1257164,0x132ecc,4,0,4,0x132ea3
1257412,0x132fc4,4,0,4,0x132f9b
1257522,0x133032,4,0,4,0x133009
1257771,0x13312b,4,0,4,0x133102
1258020,0x133224,4,0,4,0x1331fb
1258150,0x1332a6,4,0,4,0x13327d
1258280,0x133328,4,0,4,0x1332ff
1258509,0x13340d,4,0,4,0x1333e4
1258758,0x133506,4,0,4,0x1334dd
1259003,0x1335fb,4,0,4,0x1335d2
1259258,0x1336fa,4,0,4,0x1336d1
1259377,0x133771,4,0,4,0x133748
1259614,0x13385e,4,0,4,0x133835
1259851,0x13394b,4,0,4,0x133922
1260088,0x133a38,4,0,4,0x133a0f
1260325,0x133b25,4,0,4,0x133afc
1260562,0x133c12,4,0,4,0x133be9
1260692,0x133c94,4,0,4,0x133c6b
1260928,0x133d80,4,0,4,0x133d57
1261047,0x133df7,4,0,4,0x133dce
1261275,0x133edb,4,0,4,0x133eb2
1261394,0x133f52,4,0,4,0x133f29
1261524,0x133fd4,4,0,4,0x133fab
1261761,0x1340c1,4,0,4,0x134098
1261913,0x134159,4,0,4,0x134130
1262032,0x1341d0,4,0,4,0x1341a7
1262295,0x1342d7,4,0,4,0x1342ae
1266809,0x135479,4,0,4,0x1354fd
1271848,0x136828,4,0,4,0x1367dd
1272082,0x136912,4,0,4,0x136909
1272632,0x136b38,4,0,4,0x136ad3
1272869,0x136c25,4,0,4,0x136b45
1272921,0x136c59,4,0,4,0x136c9e
1272940,0x136c6c,4,0,4,0x136c5d
1278544,0x138250,4,0,4,0x138222
1278658,0x1382c2,4,0,4,0x138259
1279014,0x138426,4,0,4,0x138407
1285172,0x139c34,4,0,4,0x139bce
1289303,0x13ac57,4,0,4,0x13aa4c
1291345,0x13b451,4,0,4,0x13b3c5
1291792,0x13b610,4,0,4,0x13b5c0
1297276,0x13cb7c,4,0,4,0x13cab2
1299329,0x13d381,4,0,4,0x13d321
1299874,0x13d5a2,4,0,4,0x13d59b
1301797,0x13dd25,4,0,4,0x13dc07
1307027,0x13f193,4,0,4,0x13eede
1309503,0x13fb3f,4,0,4,0x13f9fe
1313556,0x140b14,4,0,4,0x140b3b
1316182,0x141556,4,0,4,0x1412b8
1317557,0x141ab5,4,0,4,0x141ac0
1330205,0x144c1d,4,0,4,0x144b5d
1337767,0x1469a7,4,0,4,0x146913
1341860,0x1479a4,4,0,4,0x147967
1342335,0x147b7f,4,0,4,0x147b0e
1344569,0x148439,4,0,4,0x148400
1344751,0x1484ef,4,0,4,0x1484b9
1344765,0x1484fd,4,0,4,0x1484cb
1348791,0x1494b7,4,0,4,0x1499dc
1349827,0x1498c3,4,0,4,0x14988d
1349841,0x1498d1,4,0,4,0x14989f
1350383,0x149aef,4,0,4,0x149497
1351061,0x149d95,4,0,4,0x149d6d
1355701,0x14afb5,4,0,4,0x14af3d
1356023,0x14b0f7,4,0,4,0x14b0db
1376258,0x150002,4,0,4,0x14ff5e
1376455,0x1500c7,4,0,4,0x1500f5
1376820,0x150234,4,0,4,0x1500fa
1376823,0x150237,4,0,4,0x150090
1393161,0x154209,4,0,4,0x15422d
1393751,0x154457,4,0,4,0x15447b
610,0x262,3,0,3,0x235
799,0x31f,3,0,3,0x2e1
864,0x360,3,0,3,0x31d
979,0x3d3,3,0,3,0x38d
5630,0x15fe,3,0,3,0xed5
7621,0x1dc5,3,0,3,0x1d92
7750,0x1e46,3,0,3,0x1e40
8662,0x21d6,3,0,3,0x2186
9159,0x23c7,3,0,3,0x23bf
15269,0x3ba5,3,0,3,0x3b7f
15813,0x3dc5,3,0,3,0x3d31
15844,0x3de4,3,0,3,0x3d3c
15992,0x3e78,3,0,3,0x3d10
16770,0x4182,3,0,3,0x4152
17329,0x43b1,3,0,3,0x435a
17749,0x4555,3,0,3,0x4044
21286,0x5326,3,0,3,0x5300
21430,0x53b6,3,0,3,0x53f5
22222,0x56ce,3,0,3,0x541c
22571,0x582b,3,0,3,0x57e0
22659,0x5883,3,0,3,0x5854
24398,0x5f4e,3,0,3,0x5f3e
24439,0x5f77,3,0,3,0x5eda
25390,0x632e,3,0,3,0x61f5
26050,0x65c2,3,0,3,0x6534
26588,0x67dc,3,0,3,0x67b6
26778,0x689a,3,0,3,0x662f
28089,0x6db9,3,0,3,0x6d9e
28219,0x6e3b,3,0,3,0x6dc0
28320,0x6ea0,3,0,3,0x6e39
28498,0x6f52,3,0,3,0x6f2e
33535,0x82ff,3,0,3,0x828b
42217,0xa4e9,3,0,3,0xa4ca
44696,0xae98,3,0,3,0xadb9
51109,0xc7a5,3,0,3,0xc70d
52017,0xcb31,3,0,3,0xcae6
55847,0xda27,3,0,3,0xda4f
65670,0x10086,3,0,3,0x10056
65698,0x100a2,3,0,3,0x10003
73544,0x11f48,3,0,3,0x11faa
73769,0x12029,3,0,3,0x11cc5
73970,0x120f2,3,0,3,0x120d8
74719,0x123df,3,0,3,0x123ab
74740,0x123f4,3,0,3,0x12345
74983,0x124e7,3,0,3,0x124d0
75021,0x1250d,3,0,3,0x124f6
75059,0x12533,3,0,3,0x1251c
75097,0x12559,3,0,3,0x12542
75135,0x1257f,3,0,3,0x12568
76293,0x12a05,3,0,3,0x12a31
79496,0x13688,3,0,3,0x13656
79743,0x1377f,3,0,3,0x1374c
81119,0x13cdf,3,0,3,0x13cc7
81206,0x13d36,3,0,3,0x13d18
81293,0x13d8d,3,0,3,0x13d75
81303,0x13d97,3,0,3,0x13dfc
82487,0x14237,3,0,3,0x141c4
83179,0x144eb,3,0,3,0x14503
83279,0x1454f,3,0,3,0x14531
83369,0x145a9,3,0,3,0x1456c
86932,0x15394,3,0,3,0x1535d
87772,0x156dc,3,0,3,0x1567c
88171,0x1586b,3,0,3,0x15832
88369,0x15931,3,0,3,0x158ee
89747,0x15e93,3,0,3,0x15e7a
90823,0x162c7,3,0,3,0x16277
91526,0x16586,3,0,3,0x16530
91636,0x165f4,3,0,3,0x165a0
91750,0x16666,3,0,3,0x16627
91880,0x166e8,3,0,3,0x1669d
92556,0x1698c,3,0,3,0x168c2
93098,0x16baa,3,0,3,0x169a5
93625,0x16db9,3,0,3,0x16d79
95874,0x17682,3,0,3,0x1762a
96429,0x178ad,3,0,3,0x1782c
96955,0x17abb,3,0,3,0x17a94
97155,0x17b83,3,0,3,0x17b40
99719,0x18587,3,0,3,0x184b3
100230,0x18786,3,0,3,0x1876e
100281,0x187b9,3,0,3,0x187a1
100334,0x187ee,3,0,3,0x187d2
100371,0x18813,3,0,3,0x187fe
100652,0x1892c,3,0,3,0x18917
100693,0x18955,3,0,3,0x18940
100725,0x18975,3,0,3,0x18962
100764,0x1899c,3,0,3,0x18987
101671,0x18d27,3,0,3,0x18bb7
101732,0x18d64,3,0,3,0x18c2b
102176,0x18f20,3,0,3,0x18ef9
102269,0x18f7d,3,0,3,0x18f48
102465,0x19041,3,0,3,0x19026
102858,0x191ca,3,0,3,0x19154
103356,0x193bc,3,0,3,0x19344
103482,0x1943a,3,0,3,0x19401
103544,0x19478,3,0,3,0x19455
103616,0x194c0,3,0,3,0x194b9
103834,0x1959a,3,0,3,0x1957a
103936,0x19600,3,0,3,0x195ed
105839,0x19d6f,3,0,3,0x19ce2
106623,0x1a07f,3,0,3,0x1a04e
107619,0x1a463,3,0,3,0x1a340
107816,0x1a528,3,0,3,0x1a50a
108118,0x1a656,3,0,3,0x1a63b
108249,0x1a6d9,3,0,3,0x1a6c5
108551,0x1a807,3,0,3,0x1a7b8
108958,0x1a99e,3,0,3,0x1a88f
109127,0x1aa47,3,0,3,0x1a9f8
109700,0x1ac84,3,0,3,0x1aa53
110204,0x1ae7c,3,0,3,0x1ae65
110235,0x1ae9b,3,0,3,0x1ae83
111884,0x1b50c,3,0,3,0x1b27f
112990,0x1b95e,3,0,3,0x1b91e
113386,0x1baea,3,0,3,0x1ba86
114523,0x1bf5b,3,0,3,0x1be4d
114822,0x1c086,3,0,3,0x1c04d
115444,0x1c2f4,3,0,3,0x1c291
116015,0x1c52f,3,0,3,0x1c4d6
124164,0x1e504,3,0,3,0x1e3ba
124358,0x1e5c6,3,0,3,0x1e5e6
124823,0x1e797,3,0,3,0x1e77c
125151,0x1e8df,3,0,3,0x1e8f9
125817,0x1eb79,3,0,3,0x1ec50
127528,0x1f228,3,0,3,0x1f193
128459,0x1f5cb,3,0,3,0x1f58d
128483,0x1f5e3,3,0,3,0x1f5c9
129694,0x1fa9e,3,0,3,0x1f906
129872,0x1fb50,3,0,3,0x1fb07
130530,0x1fde2,3,0,3,0x1fd36
134833,0x20eb1,3,0,3,0x20e87
137861,0x21a85,3,0,3,0x21aa5
154036,0x259b4,3,0,3,0x258f9
156499,0x26353,3,0,3,0x26325
156554,0x2638a,3,0,3,0x266aa
157275,0x2665b,3,0,3,0x265d9
159099,0x26d7b,3,0,3,0x26d6d
159437,0x26ecd,3,0,3,0x26ccd
165924,0x28824,3,0,3,0x28742
166370,0x289e2,3,0,3,0x28984
166722,0x28b42,3,0,3,0x28a40
167578,0x28e9a,3,0,3,0x28e3f
167708,0x28f1c,3,0,3,0x29181
168948,0x293f4,3,0,3,0x293c4
170769,0x29b11,3,0,3,0x29ab5
170901,0x29b95,3,0,3,0x29a81
170981,0x29be5,3,0,3,0x29ba4
172211,0x2a0b3,3,0,3,0x2af8e
174088,0x2a808,3,0,3,0x2a7e9
175126,0x2ac16,3,0,3,0x2aa78
179185,0x2bbf1,3,0,3,0x2bb7c
179653,0x2bdc5,3,0,3,0x2bd66
181557,0x2c535,3,0,3,0x2c2fc
183175,0x2cb87,3,0,3,0x2cb4b
185274,0x2d3ba,3,0,3,0x2d38a
185433,0x2d459,3,0,3,0x2d3fd
185685,0x2d555,3,0,3,0x2d53a
186024,0x2d6a8,3,0,3,0x2d5fe
188473,0x2e039,3,0,3,0x2e00c
188555,0x2e08b,3,0,3,0x2e04f
188815,0x2e18f,3,0,3,0x2e13e
193397,0x2f375,3,0,3,0x2f2f5
193836,0x2f52c,3,0,3,0x2f4ed
193859,0x2f543,3,0,3,0x2eea8
194457,0x2f799,3,0,3,0x2f733
196919,0x30137,3,0,3,0x30065
197941,0x30535,3,0,3,0x304e2
198162,0x30612,3,0,3,0x30446
198216,0x30648,3,0,3,0x3038f
198583,0x307b7,3,0,3,0x306be
199114,0x309ca,3,0,3,0x30932
199367,0x30ac7,3,0,3,0x30a5a
199700,0x30c14,3,0,3,0x30ba2
204547,0x31f03,3,0,3,0x31ee6
204655,0x31f6f,3,0,3,0x31f56
207209,0x32969,3,0,3,0x3294c
208217,0x32d59,3,0,3,0x32d27
208284,0x32d9c,3,0,3,0x32d6b
208342,0x32dd6,3,0,3,0x32db9
208926,0x3301e,3,0,3,0x33001
209002,0x3306a,3,0,3,0x33023
209514,0x3326a,3,0,3,0x3320f
211412,0x339d4,3,0,3,0x3363b
213968,0x343d0,3,0,3,0x342d6
214211,0x344c3,3,0,3,0x34482
214765,0x346ed,3,0,3,0x34663
215305,0x34909,3,0,3,0x348eb
215885,0x34b4d,3,0,3,0x34a05
215923,0x34b73,3,0,3,0x3341d
216211,0x34c93,3,0,3,0x34c78
216355,0x34d23,3,0,3,0x34d08
216624,0x34e30,3,0,3,0x34e1b
216728,0x34e98,3,0,3,0x3314b
218171,0x3543b,3,0,3,0x352bc
218297,0x354b9,3,0,3,0x3549c
218368,0x35500,3,0,3,0x354ed
220128,0x35be0,3,0,3,0x35b37
220266,0x35c6a,3,0,3,0x35c24
220364,0x35ccc,3,0,3,0x35c72
220833,0x35ea1,3,0,3,0x35be2
223731,0x369f3,3,0,3,0x369b9
223813,0x36a45,3,0,3,0x369fb
225642,0x3716a,3,0,3,0x37114
226270,0x373de,3,0,3,0x373bc
226489,0x374b9,3,0,3,0x373d9
226686,0x3757e,3,0,3,0x37561
227017,0x376c9,3,0,3,0x37696
227154,0x37752,3,0,3,0x3771f
227171,0x37763,3,0,3,0x3763c
228745,0x37d89,3,0,3,0x37d07
234658,0x394a2,3,0,3,0x3cfb4
235618,0x39862,3,0,3,0x39820
236161,0x39a81,3,0,3,0x39a5a
238795,0x3a4cb,3,0,3,0x3a35f
240364,0x3aaec,3,0,3,0x3aab8
242740,0x3b434,3,0,3,0x3b3e4
242851,0x3b4a3,3,0,3,0x3b40b
243112,0x3b5a8,3,0,3,0x3b4c1
243546,0x3b75a,3,0,3,0x3b6a5
243926,0x3b8d6,3,0,3,0x3b86c
249199,0x3cd6f,3,0,3,0x3cd4a
253437,0x3ddfd,3,0,3,0x3ddc6
254493,0x3e21d,3,0,3,0x3e183
255394,0x3e5a2,3,0,3,0x3e561
257417,0x3ed89,3,0,3,0x3ed6c
257498,0x3edda,3,0,3,0x3edbd
257640,0x3ee68,3,0,3,0x3ee4b
258841,0x3f319,3,0,3,0x3f2fc
259007,0x3f3bf,3,0,3,0x3f3a2
259079,0x3f407,3,0,3,0x3f37a
259620,0x3f624,3,0,3,0x3f5eb
261336,0x3fcd8,3,0,3,0x3fc87
262483,0x40153,3,0,3,0x40133
264215,0x40817,3,0,3,0x4063a
264221,0x4081d,3,0,3,0x403a8
264456,0x40908,3,0,3,0x40862
264769,0x40a41,3,0,3,0x409af
264888,0x40ab8,3,0,3,0x40a63
272429,0x4282d,3,0,3,0x427fd
272674,0x42922,3,0,3,0x428fa
273232,0x42b50,3,0,3,0x42b2b
275810,0x43562,3,0,3,0x4352e
275973,0x43605,3,0,3,0x435d1
276234,0x4370a,3,0,3,0x436d6
277413,0x43ba5,3,0,3,0x43bd1
277661,0x43c9d,3,0,3,0x43c81
277907,0x43d93,3,0,3,0x43caf
278829,0x4412d,3,0,3,0x440e5
280424,0x44768,3,0,3,0x4473a
281762,0x44ca2,3,0,3,0x44b6d
281782,0x44cb6,3,0,3,0x44c25
283473,0x45351,3,0,3,0x45658
288128,0x46580,3,0,3,0x46639
289104,0x46950,3,0,3,0x46933
289691,0x46b9b,3,0,3,0x46b6f
289887,0x46c5f,3,0,3,0x46c42
290056,0x46d08,3,0,3,0x46ceb
290406,0x46e66,3,0,3,0x46e49
290532,0x46ee4,3,0,3,0x46eb8
290658,0x46f62,3,0,3,0x46f36
290784,0x46fe0,3,0,3,0x46fb4
290906,0x4705a,3,0,3,0x4702e
295304,0x48188,3,0,3,0x48130
295880,0x483c8,3,0,3,0x483bf
300696,0x49698,3,0,3,0x4a873
301290,0x498ea,3,0,3,0x4981e
301390,0x4994e,3,0,3,0x49915
302748,0x49e9c,3,0,3,0x49e5f
304674,0x4a622,3,0,3,0x4a504
305755,0x4aa5b,3,0,3,0x4a87f
307267,0x4b043,3,0,3,0x4b019
308010,0x4b32a,3,0,3,0x4b27a
308546,0x4b542,3,0,3,0x4b511
309626,0x4b97a,3,0,3,0x4b8b5
309693,0x4b9bd,3,0,3,0x4b84b
310376,0x4bc68,3,0,3,0x4bc46
310672,0x4bd90,3,0,3,0x4cffa
310994,0x4bed2,3,0,3,0x4be4a
317387,0x4d7cb,3,0,3,0x4d7b6
318216,0x4db08,3,0,3,0x4da42
318624,0x4dca0,3,0,3,0x4dc59
320748,0x4e4ec,3,0,3,0x4e4d8
321150,0x4e67e,3,0,3,0x4e65a
321264,0x4e6f0,3,0,3,0x4e615
322174,0x4ea7e,3,0,3,0x4e98e
323728,0x4f090,3,0,3,0x4f03f
325708,0x4f84c,3,0,3,0x4f82c
325912,0x4f918,3,0,3,0x4f8ec
326898,0x4fcf2,3,0,3,0x4fca2
328539,0x5035b,3,0,3,0x5028e
330030,0x5092e,3,0,3,0x508d4
330553,0x50b39,3,0,3,0x50ab0
333549,0x516ed,3,0,3,0x516c0
333604,0x51724,3,0,3,0x51705
338713,0x52b19,3,0,3,0x52afd
339981,0x5300d,3,0,3,0x52f30
342573,0x53a2d,3,0,3,0x53a1c
342835,0x53b33,3,0,3,0x5397f
343552,0x53e00,3,0,3,0x53e99
344005,0x53fc5,3,0,3,0x53f36
348482,0x55142,3,0,3,0x550e1
349178,0x553fa,3,0,3,0x5538b
349884,0x556bc,3,0,3,0x556a4
350036,0x55754,3,0,3,0x556c3
351266,0x55c22,3,0,3,0x55b98
353797,0x56605,3,0,3,0x565e0
354295,0x567f7,3,0,3,0x568f1
355090,0x56b12,3,0,3,0x56adf
355553,0x56ce1,3,0,3,0x56c91
356037,0x56ec5,3,0,3,0x56e50
356247,0x56f97,3,0,3,0x56f3c
356436,0x57054,3,0,3,0x56fbc
356592,0x570f0,3,0,3,0x570dc
357606,0x574e6,3,0,3,0x574bb
359991,0x57e37,3,0,3,0x57cf1
360997,0x58225,3,0,3,0x58195
361095,0x58287,3,0,3,0x5826a
361235,0x58313,3,0,3,0x582c6
361762,0x58522,3,0,3,0x584fa
362687,0x588bf,3,0,3,0x58cbb
363704,0x58cb8,3,0,3,0x58ca0
364089,0x58e39,3,0,3,0x58dfc
365040,0x591f0,3,0,3,0x591ba
365502,0x593be,3,0,3,0x592cb
366485,0x59795,3,0,3,0x59dd6
367692,0x59c4c,3,0,3,0x59c2b
367843,0x59ce3,3,0,3,0x59c92
368081,0x59dd1,3,0,3,0x59db9
371197,0x5a9fd,3,0,3,0x5a9da
371477,0x5ab15,3,0,3,0x5b3af
372631,0x5af97,3,0,3,0x5af0f
372959,0x5b0df,3,0,3,0x5b091
373304,0x5b238,3,0,3,0x5b1ea
376560,0x5bef0,3,0,3,0x5be95
378432,0x5c640,3,0,3,0x5c5a2
386372,0x5e544,3,0,3,0x5e49c
386389,0x5e555,3,0,3,0x5e45f
386506,0x5e5ca,3,0,3,0x5e59b
386823,0x5e707,3,0,3,0x5e6ab
389146,0x5f01a,3,0,3,0x5f049
389754,0x5f27a,3,0,3,0x5f265
394748,0x605fc,3,0,3,0x6034c
396357,0x60c45,3,0,3,0x60bcf
396399,0x60c6f,3,0,3,0x60c4c
398553,0x614d9,3,0,3,0x614a9
398935,0x61657,3,0,3,0x616a6
400849,0x61dd1,3,0,3,0x61cfc
401821,0x6219d,3,0,3,0x62183
402580,0x62494,3,0,3,0x62455
403195,0x626fb,3,0,3,0x626b1
403292,0x6275c,3,0,3,0x62712
404261,0x62b25,3,0,3,0x62b07
404396,0x62bac,3,0,3,0x62b81
405623,0x63077,3,0,3,0x6301e
405887,0x6317f,3,0,3,0x630bb
406004,0x631f4,3,0,3,0x631d1
409716,0x64074,3,0,3,0x64038
410416,0x64330,3,0,3,0x64311
410457,0x64359,3,0,3,0x6433a
410508,0x6438c,3,0,3,0x64363
411028,0x64594,3,0,3,0x6456a
411193,0x64639,3,0,3,0x6460f
411841,0x648c1,3,0,3,0x6487e
412642,0x64be2,3,0,3,0x64b8f
412738,0x64c42,3,0,3,0x64b46
413051,0x64d7b,3,0,3,0x64cf9
413807,0x6506f,3,0,3,0x6508d
416042,0x6592a,3,0,3,0x658f4
416594,0x65b52,3,0,3,0x668c5
417501,0x65edd,3,0,3,0x65d7a
418135,0x66157,3,0,3,0x6615f
418450,0x66292,3,0,3,0x6625a
418940,0x6647c,3,0,3,0x66569
420887,0x66c17,3,0,3,0x66be2
422734,0x6734e,3,0,3,0x672fa
425942,0x67fd6,3,0,3,0x67fd0
426174,0x680be,3,0,3,0x680a2
426976,0x683e0,3,0,3,0x683b3
427493,0x685e5,3,0,3,0x68ab5
427962,0x687ba,3,0,3,0x6878a
428131,0x68863,3,0,3,0x68828
428701,0x68a9d,3,0,3,0x68a2f
428707,0x68aa3,3,0,3,0x689fc
429248,0x68cc0,3,0,3,0x67c31
429664,0x68e60,3,0,3,0x68e47
429990,0x68fa6,3,0,3,0x68f70
430226,0x69092,3,0,3,0x6905f
430263,0x690b7,3,0,3,0x690cd
432430,0x6992e,3,0,3,0x69945
432617,0x699e9,3,0,3,0x699b0
433231,0x69c4f,3,0,3,0x69c25
433625,0x69dd9,3,0,3,0x69dad
434252,0x6a04c,3,0,3,0x6a020
434571,0x6a18b,3,0,3,0x6a15b
435424,0x6a4e0,3,0,3,0x6a4c2
436849,0x6aa71,3,0,3,0x6aa5c
437281,0x6ac21,3,0,3,0x6abf4
438029,0x6af0d,3,0,3,0x6ae2f
441358,0x6bc0e,3,0,3,0x6bbf5
441722,0x6bd7a,3,0,3,0x6ceb4
442197,0x6bf55,3,0,3,0x6bf21
442784,0x6c1a0,3,0,3,0x6c158
444102,0x6c6c6,3,0,3,0x6c52d
444842,0x6c9aa,3,0,3,0x6c987
445575,0x6cc87,3,0,3,0x6cc47
445640,0x6ccc8,3,0,3,0x6cce4
445752,0x6cd38,3,0,3,0x6cd0f
446556,0x6d05c,3,0,3,0x6d045
449025,0x6da01,3,0,3,0x6d9d5
449721,0x6dcb9,3,0,3,0x6db94
451239,0x6e2a7,3,0,3,0x6e207
451627,0x6e42b,3,0,3,0x6e2f4
451699,0x6e473,3,0,3,0x6e439
454389,0x6eef5,3,0,3,0x6ee73
455694,0x6f40e,3,0,3,0x6f369
455842,0x6f4a2,3,0,3,0x6f4d7
459643,0x7037b,3,0,3,0x70321
460356,0x70644,3,0,3,0x7062d
460553,0x70709,3,0,3,0x706d3
470596,0x72e44,3,0,3,0x72e12
470770,0x72ef2,3,0,3,0x72e8c
470945,0x72fa1,3,0,3,0x72f2e
471247,0x730cf,3,0,3,0x730a4
472389,0x73545,3,0,3,0x734dc
472891,0x7373b,3,0,3,0x74409
473843,0x73af3,3,0,3,0x73927
474358,0x73cf6,3,0,3,0x7535d
476977,0x74731,3,0,3,0x746e5
479056,0x74f50,3,0,3,0x74f34
480510,0x754fe,3,0,3,0x754db
482644,0x75d54,3,0,3,0x75d15
482901,0x75e55,3,0,3,0x75cf4
483218,0x75f92,3,0,3,0x75f6e
484471,0x76477,3,0,3,0x7644a
485214,0x7675e,3,0,3,0x766da
485311,0x767bf,3,0,3,0x76761
485484,0x7686c,3,0,3,0x7683c
485952,0x76a40,3,0,3,0x76a1d
486034,0x76a92,3,0,3,0x76a59
487798,0x77176,3,0,3,0x77057
487893,0x771d5,3,0,3,0x77180
488385,0x773c1,3,0,3,0x771df
488694,0x774f6,3,0,3,0x774ac
494336,0x78b00,3,0,3,0x786d8
495750,0x79086,3,0,3,0x79059
496225,0x79261,3,0,3,0x7922a
496448,0x79340,3,0,3,0x79273
498802,0x79c72,3,0,3,0x79c42
498827,0x79c8b,3,0,3,0x79be2
499047,0x79d67,3,0,3,0x79d3a
499185,0x79df1,3,0,3,0x79b37
501390,0x7a68e,3,0,3,0x7a58c
502003,0x7a8f3,3,0,3,0x7a8ab
504124,0x7b13c,3,0,3,0x7aff4
504394,0x7b24a,3,0,3,0x7b233
505723,0x7b77b,3,0,3,0x7b578
506078,0x7b8de,3,0,3,0x7b864
506337,0x7b9e1,3,0,3,0x7b9ce
506372,0x7ba04,3,0,3,0x7b9f2
509091,0x7c4a3,3,0,3,0x7c27e
509821,0x7c77d,3,0,3,0x7c74b
509823,0x7c77f,3,0,3,0x7c73c
511292,0x7cd3c,3,0,3,0x7cd0d
511630,0x7ce8e,3,0,3,0x7ce49
512671,0x7d29f,3,0,3,0x7d2cf
513465,0x7d5b9,3,0,3,0x7d5a9
513515,0x7d5eb,3,0,3,0x7d513
514068,0x7d814,3,0,3,0x7d7e2
515538,0x7ddd2,3,0,3,0x7dd6e
515694,0x7de6e,3,0,3,0x7e1c8
516405,0x7e135,3,0,3,0x7e11a
517564,0x7e5bc,3,0,3,0x7e51a
518044,0x7e79c,3,0,3,0x7e781
518147,0x7e803,3,0,3,0x7ebf9
521079,0x7f377,3,0,3,0x7f35e
521382,0x7f4a6,3,0,3,0x7f408
521538,0x7f542,3,0,3,0x7fe05
523049,0x7fb29,3,0,3,0x7fb03
523097,0x7fb59,3,0,3,0x7fb33
525540,0x804e4,3,0,3,0x8049d
526761,0x809a9,3,0,3,0x815df
526839,0x809f7,3,0,3,0x809ce
528123,0x80efb,3,0,3,0x80eb0
529287,0x81387,3,0,3,0x81372
529400,0x813f8,3,0,3,0x813a2
530560,0x81880,3,0,3,0x81851
530620,0x818bc,3,0,3,0x8188d
530955,0x81a0b,3,0,3,0x819f7
532743,0x82107,3,0,3,0x82196
535347,0x82b33,3,0,3,0x82afd
535785,0x82ce9,3,0,3,0x82cb7
536527,0x82fcf,3,0,3,0x82fa0
538095,0x835ef,3,0,3,0x835ad
541419,0x842eb,3,0,3,0x842d5
543003,0x8491b,3,0,3,0x848bb
543338,0x84a6a,3,0,3,0x84a30
543367,0x84a87,3,0,3,0x849f3
543634,0x84b92,3,0,3,0x84b45
543639,0x84b97,3,0,3,0x84b5e
544811,0x8502b,3,0,3,0x84fbf
545858,0x85442,3,0,3,0x853ec
545960,0x854a8,3,0,3,0x8544c
546167,0x85577,3,0,3,0x85556
546241,0x855c1,3,0,3,0x85581
548935,0x86047,3,0,3,0x8600d
549214,0x8615e,3,0,3,0x86128
550585,0x866b9,3,0,3,0x86692
550703,0x8672f,3,0,3,0x8671b
550968,0x86838,3,0,3,0x86811
551105,0x868c1,3,0,3,0x868ab
554852,0x87764,3,0,3,0x87750
554913,0x877a1,3,0,3,0x8778d
554987,0x877eb,3,0,3,0x877d7
557058,0x88002,3,0,3,0x87fc2
558876,0x8871c,3,0,3,0x88652
560081,0x88bd1,3,0,3,0x88b25
562147,0x893e3,3,0,3,0x89383
564115,0x89b93,3,0,3,0x89dc7
564418,0x89cc2,3,0,3,0x89bf1
564719,0x89def,3,0,3,0x89b80
564774,0x89e26,3,0,3,0x89ee1
566163,0x8a393,3,0,3,0x8a379
566198,0x8a3b6,3,0,3,0x8a395
566233,0x8a3d9,3,0,3,0x8a3b8
566261,0x8a3f5,3,0,3,0x8a3db
566289,0x8a411,3,0,3,0x8a3f7
568158,0x8ab5e,3,0,3,0x8ab2b
568813,0x8aded,3,0,3,0x8acf3
569084,0x8aefc,3,0,3,0x8ad8f
569355,0x8b00b,3,0,3,0x8afdc
569748,0x8b194,3,0,3,0x8b164
569910,0x8b236,3,0,3,0x8b1d7
570922,0x8b62a,3,0,3,0x8b4f2
573542,0x8c066,3,0,3,0x8c050
578558,0x8d3fe,3,0,3,0x8d73d
579255,0x8d6b7,3,0,3,0x8d664
579350,0x8d716,3,0,3,0x8d6c0
579849,0x8d909,3,0,3,0x8d8d7
586755,0x8f403,3,0,3,0x8f3ea
589300,0x8fdf4,3,0,3,0x8fdc0
591383,0x90617,3,0,3,0x905f8
591562,0x906ca,3,0,3,0x90442
592055,0x908b7,3,0,3,0x90885
592811,0x90bab,3,0,3,0x90b01
593698,0x90f22,3,0,3,0x90e16
594110,0x910be,3,0,3,0x91081
594858,0x913aa,3,0,3,0x91362
595580,0x9167c,3,0,3,0x91665
596160,0x918c0,3,0,3,0x918a9
596223,0x918ff,3,0,3,0x918e0
596925,0x91bbd,3,0,3,0x91bac
598024,0x92008,3,0,3,0x91c89
600655,0x92a4f,3,0,3,0x929d0
600814,0x92aee,3,0,3,0x92a5f
600946,0x92b72,3,0,3,0x92af3
601078,0x92bf6,3,0,3,0x92b77
601096,0x92c08,3,0,3,0x92801
601383,0x92d27,3,0,3,0x92cf8
602303,0x930bf,3,0,3,0x93fa0
604099,0x937c3,3,0,3,0x9370a
606642,0x941b2,3,0,3,0x94191
607380,0x94494,3,0,3,0x94490
610752,0x951c0,3,0,3,0x951a3
615697,0x96511,3,0,3,0x964ea
615711,0x9651f,3,0,3,0x964f2
615713,0x96521,3,0,3,0x9650f
615812,0x96584,3,0,3,0x9656f
619218,0x972d2,3,0,3,0x9723f
619324,0x9733c,3,0,3,0x96d6b
619441,0x973b1,3,0,3,0x990eb
622133,0x97e35,3,0,3,0x9764e
623727,0x9846f,3,0,3,0x9844a
624589,0x987cd,3,0,3,0x98771
625247,0x98a5f,3,0,3,0x98763
626177,0x98e01,3,0,3,0x98cae
627620,0x993a4,3,0,3,0x992f7
629899,0x99c8b,3,0,3,0x99c34
633563,0x9aadb,3,0,3,0x9aa35
636129,0x9b4e1,3,0,3,0x9b16b
636411,0x9b5fb,3,0,3,0x9b54d
638039,0x9bc57,3,0,3,0x9bb3a
640744,0x9c6e8,3,0,3,0x9c6d1
640864,0x9c760,3,0,3,0x9c727
640965,0x9c7c5,3,0,3,0x9c7ac
643561,0x9d1e9,3,0,3,0x9d1d4
643781,0x9d2c5,3,0,3,0x9d2b0
644705,0x9d661,3,0,3,0x9d6a9
646776,0x9de78,3,0,3,0x9de42
650320,0x9ec50,3,0,3,0x9ec31
652865,0x9f641,3,0,3,0x9f612
653008,0x9f6d0,3,0,3,0x9f6ac
656392,0xa0408,3,0,3,0xa03b3
656849,0xa05d1,3,0,3,0xa057e
656916,0xa0614,3,0,3,0xa05c5
657201,0xa0731,3,0,3,0xa0716
657403,0xa07fb,3,0,3,0xa07cd
657503,0xa085f,3,0,3,0xa0776
660361,0xa1389,3,0,3,0xa12c5
661425,0xa17b1,3,0,3,0xa179c
665588,0xa27f4,3,0,3,0xa276b
666029,0xa29ad,3,0,3,0xa28f9
666683,0xa2c3b,3,0,3,0xa2e80
667926,0xa3116,3,0,3,0xa30b9
667989,0xa3155,3,0,3,0xa3119
670956,0xa3cec,3,0,3,0xa3c8d
672545,0xa4321,3,0,3,0xa42c6
672918,0xa4496,3,0,3,0xa43dc
673133,0xa456d,3,0,3,0xa454d
673451,0xa46ab,3,0,3,0xa4687
675844,0xa5004,3,0,3,0xa4f6c
676143,0xa512f,3,0,3,0xa50e9
676756,0xa5394,3,0,3,0xa5368
676782,0xa53ae,3,0,3,0xa522b
679628,0xa5ecc,3,0,3,0xa639d
680342,0xa6196,3,0,3,0xa616e
685140,0xa7454,3,0,3,0xa73ff
685159,0xa7467,3,0,3,0xa7446
685718,0xa7696,3,0,3,0xa767d
686110,0xa781e,3,0,3,0xa77be
686963,0xa7b73,3,0,3,0xa7b62
688076,0xa7fcc,3,0,3,0xa7fb7
688403,0xa8113,3,0,3,0xa80b2
688540,0xa819c,3,0,3,0xa8166
688595,0xa81d3,3,0,3,0xa8134
689301,0xa8495,3,0,3,0xa8458
689805,0xa868d,3,0,3,0xa864e
689882,0xa86da,3,0,3,0xa86d3
692894,0xa929e,3,0,3,0xa90c9
694642,0xa9972,3,0,3,0xa9939
696043,0xa9eeb,3,0,3,0xa9eda
696223,0xa9f9f,3,0,3,0xa9f5d
696354,0xaa022,3,0,3,0xa9fa3
696844,0xaa20c,3,0,3,0xaa1da
697379,0xaa423,3,0,3,0xaa16f
698545,0xaa8b1,3,0,3,0xaa87d
699276,0xaab8c,3,0,3,0xaab0a
701427,0xab3f3,3,0,3,0xab3df
702306,0xab762,3,0,3,0xab77d
703581,0xabc5d,3,0,3,0xabc51
704105,0xabe69,3,0,3,0xabe39
704208,0xabed0,3,0,3,0xabea0
704410,0xabf9a,3,0,3,0xabf7d
704516,0xac004,3,0,3,0xabff0
705047,0xac217,3,0,3,0xac11c
705972,0xac5b4,3,0,3,0xac42f
714590,0xae75e,3,0,3,0xae590
714793,0xae829,3,0,3,0xae77f
715533,0xaeb0d,3,0,3,0xaeade
719491,0xafa83,3,0,3,0xafa18
722964,0xb0814,3,0,3,0xb089e
727126,0xb1856,3,0,3,0xb184b
731454,0xb293e,3,0,3,0xb291f
731507,0xb2973,3,0,3,0xb2952
731666,0xb2a12,3,0,3,0xb29f3
731725,0xb2a4d,3,0,3,0xb2a2c
731796,0xb2a94,3,0,3,0xb2b6d
731935,0xb2b1f,3,0,3,0xb2b00
731993,0xb2b59,3,0,3,0xb2b38
732182,0xb2c16,3,0,3,0xb2bf7
732235,0xb2c4b,3,0,3,0xb2c2a
734276,0xb3444,3,0,3,0xb33ac
734960,0xb36f0,3,0,3,0xb3879
735453,0xb38dd,3,0,3,0xb38ff
737611,0xb414b,3,0,3,0xb3ff8
738743,0xb45b7,3,0,3,0xb4596
739739,0xb499b,3,0,3,0xb4961
744260,0xb5b44,3,0,3,0xb5adb
744700,0xb5cfc,3,0,3,0xb5c8c
745819,0xb615b,3,0,3,0xb61a1
749337,0xb6f19,3,0,3,0xb6ee6
750022,0xb71c6,3,0,3,0xb716d
750183,0xb7267,3,0,3,0xb71d4
752904,0xb7d08,3,0,3,0xb7cb6
756352,0xb8a80,3,0,3,0xb8a08
756461,0xb8aed,3,0,3,0xb8a4e
757520,0xb8f10,3,0,3,0xb8ee8
758118,0xb9166,3,0,3,0xb90fe
759086,0xb952e,3,0,3,0xb94c1
759332,0xb9624,3,0,3,0xb95ca
759735,0xb97b7,3,0,3,0xbbeab
766346,0xbb18a,3,0,3,0xbb109
766472,0xbb208,3,0,3,0xbb19d
768711,0xbbac7,3,0,3,0xbba15
769311,0xbbd1f,3,0,3,0xbbcae
771870,0xbc71e,3,0,3,0xbc6c6
776178,0xbd7f2,3,0,3,0xbd679
783157,0xbf335,3,0,3,0xbf2f0
783780,0xbf5a4,3,0,3,0xbf493
784073,0xbf6c9,3,0,3,0xbf690
784165,0xbf725,3,0,3,0xbf6df
784687,0xbf92f,3,0,3,0xbf8bd
785066,0xbfaaa,3,0,3,0xbfa0f
785581,0xbfcad,3,0,3,0xbfb9b
786732,0xc012c,3,0,3,0xc0114
786826,0xc018a,3,0,3,0xc0160
788518,0xc0826,3,0,3,0xc0811
789047,0xc0a37,3,0,3,0xc0a22
789379,0xc0b83,3,0,3,0xc0b5f
789882,0xc0d7a,3,0,3,0xc0d6e
791177,0xc1289,3,0,3,0xc1264
791504,0xc13d0,3,0,3,0xc14e5
792139,0xc164b,3,0,3,0xc161a
794105,0xc1df9,3,0,3,0xc1d88
794247,0xc1e87,3,0,3,0xc1e13
794564,0xc1fc4,3,0,3,0xc1fa2
796867,0xc28c3,3,0,3,0xc2897
796869,0xc28c5,3,0,3,0xc287d
797594,0xc2b9a,3,0,3,0xc2b74
798338,0xc2e82,3,0,3,0xc2e5b
798343,0xc2e87,3,0,3,0xc2e40
798701,0xc2fed,3,0,3,0xc2fcb
799489,0xc3301,3,0,3,0xc3168
799559,0xc3347,3,0,3,0xc3371
799574,0xc3356,3,0,3,0xc337c
800679,0xc37a7,3,0,3,0xc378c
800758,0xc37f6,3,0,3,0xc35ae
801197,0xc39ad,3,0,3,0xc397b
801350,0xc3a46,3,0,3,0xc3884
801860,0xc3c44,3,0,3,0xc3be3
802977,0xc40a1,3,0,3,0xc4077
803422,0xc425e,3,0,3,0xc415d
803536,0xc42d0,3,0,3,0xc3fe6
804999,0xc4887,3,0,3,0xc483c
805236,0xc4974,3,0,3,0xc48c0
805431,0xc4a37,3,0,3,0xc4993
805848,0xc4bd8,3,0,3,0xc4bab
806010,0xc4c7a,3,0,3,0xc4bff
806189,0xc4d2d,3,0,3,0xc4ca0
807678,0xc52fe,3,0,3,0xc52bb
807909,0xc53e5,3,0,3,0xc5372
808292,0xc5564,3,0,3,0xc5509
808435,0xc55f3,3,0,3,0xc559e
809267,0xc5933,3,0,3,0xc5920
809370,0xc599a,3,0,3,0xc5979
809407,0xc59bf,3,0,3,0xc599e
809606,0xc5a86,3,0,3,0xc5a65
809801,0xc5b49,3,0,3,0xc5b31
809874,0xc5b92,3,0,3,0xc5b71
810203,0xc5cdb,3,0,3,0xc58f2
810216,0xc5ce8,3,0,3,0xc6310
810380,0xc5d8c,3,0,3,0xc5d0f
810518,0xc5e16,3,0,3,0xc5dba
810721,0xc5ee1,3,0,3,0xc5f2b
811253,0xc60f5,3,0,3,0xc60cc
811474,0xc61d2,3,0,3,0xc638a
811578,0xc623a,3,0,3,0xc6285
812813,0xc670d,3,0,3,0xc66f9
814015,0xc6bbf,3,0,3,0xc6cdf
814284,0xc6ccc,3,0,3,0xc6c43
815467,0xc716b,3,0,3,0xc714a
818101,0xc7bb5,3,0,3,0xc7b73
818745,0xc7e39,3,0,3,0xc7ddf
819108,0xc7fa4,3,0,3,0xc7f6e
819439,0xc80ef,3,0,3,0xc8078
820132,0xc83a4,3,0,3,0xc8336
821307,0xc883b,3,0,3,0xc87d3
821572,0xc8944,3,0,3,0xc895a
822831,0xc8e2f,3,0,3,0xc8e0b
823183,0xc8f8f,3,0,3,0xc8f4c
823375,0xc904f,3,0,3,0xc902c
823717,0xc91a5,3,0,3,0xc90cd
823936,0xc9280,3,0,3,0xc926e
824269,0xc93cd,3,0,3,0xcbbce
824370,0xc9432,3,0,3,0xc944a
825757,0xc999d,3,0,3,0xc9867
825778,0xc99b2,3,0,3,0xcbd00
826513,0xc9c91,3,0,3,0xc9bf3
826517,0xc9c95,3,0,3,0xc9bf9
826561,0xc9cc1,3,0,3,0xc9b69
826836,0xc9dd4,3,0,3,0xc9d6b
826888,0xc9e08,3,0,3,0xc9d27
827855,0xca1cf,3,0,3,0xc9fe7
828741,0xca545,3,0,3,0xca4d8
829142,0xca6d6,3,0,3,0xca68b
829464,0xca818,3,0,3,0xca803
832479,0xcb3df,3,0,3,0xcb29f
832625,0xcb471,3,0,3,0xcb42c
832835,0xcb543,3,0,3,0xcb520
833591,0xcb837,3,0,3,0xcb808
833738,0xcb8ca,3,0,3,0xcb8a6
834216,0xcbaa8,3,0,3,0xcb97e
834449,0xcbb91,3,0,3,0xcbb60
835386,0xcbf3a,3,0,3,0xcbf10
836170,0xcc24a,3,0,3,0xcc210
837677,0xcc82d,3,0,3,0xcc7fe
837764,0xcc884,3,0,3,0xcc855
837971,0xcc953,3,0,3,0xcc924
838111,0xcc9df,3,0,3,0xcc6ae
838692,0xccc24,3,0,3,0xccbd9
838780,0xccc7c,3,0,3,0xccc65
840061,0xcd17d,3,0,3,0xcd15c
840231,0xcd227,3,0,3,0xcd1fc
840474,0xcd31a,3,0,3,0xcd33e
842486,0xcdaf6,3,0,3,0xcdb0d
843020,0xcdd0c,3,0,3,0xcdce1
843915,0xce08b,3,0,3,0xce064
843969,0xce0c1,3,0,3,0xce08e
845207,0xce597,3,0,3,0xce57f
845213,0xce59d,3,0,3,0xce567
845222,0xce5a6,3,0,3,0xce50e
847380,0xcee14,3,0,3,0xce27b
851571,0xcfe73,3,0,3,0xcfe48
853214,0xd04de,3,0,3,0xd04b2
853395,0xd0593,3,0,3,0xd0533
854672,0xd0a90,3,0,3,0xd0a52
855062,0xd0c16,3,0,3,0xd0b9c
855494,0xd0dc6,3,0,3,0xd0daf
856420,0xd1164,3,0,3,0xd1149
857030,0xd13c6,3,0,3,0xd13ec
858160,0xd1830,3,0,3,0xd138f
858427,0xd193b,3,0,3,0xd192d
858443,0xd194b,3,0,3,0xd193d
858459,0xd195b,3,0,3,0xd194d
858475,0xd196b,3,0,3,0xd195d
858487,0xd1977,3,0,3,0xd196d
858503,0xd1987,3,0,3,0xd197a
858519,0xd1997,3,0,3,0xd1989
859442,0xd1d32,3,0,3,0xd1d0a
859890,0xd1ef2,3,0,3,0xd1ecd
860649,0xd21e9,3,0,3,0xd21b7
861224,0xd2428,3,0,3,0xd23fa
861907,0xd26d3,3,0,3,0xd2699
862219,0xd280b,3,0,3,0xd2764
863083,0xd2b6b,3,0,3,0xd2b4e
863172,0xd2bc4,3,0,3,0xd2ba0
863394,0xd2ca2,3,0,3,0xd2c79
863572,0xd2d54,3,0,3,0xd2d2a
863666,0xd2db2,3,0,3,0xd2d8f
864127,0xd2f7f,3,0,3,0xd2f34
864415,0xd309f,3,0,3,0xd2f9a
865354,0xd344a,3,0,3,0xd2df2
865666,0xd3582,3,0,3,0xd3565
865973,0xd36b5,3,0,3,0xd366d
866117,0xd3745,3,0,3,0xd3728
866498,0xd38c2,3,0,3,0xd3874
867076,0xd3b04,3,0,3,0xd3a5b
868732,0xd417c,3,0,3,0xd418b
868823,0xd41d7,3,0,3,0xd413b
868862,0xd41fe,3,0,3,0xd41e3
868865,0xd4201,3,0,3,0xd41e8
869040,0xd42b0,3,0,3,0xd4230
869497,0xd4479,3,0,3,0xd4462
869595,0xd44db,3,0,3,0xd4436
869681,0xd4531,3,0,3,0xd44ee
869974,0xd4656,3,0,3,0xd4633
870807,0xd4997,3,0,3,0xd4963
871077,0xd4aa5,3,0,3,0xd4a87
871366,0xd4bc6,3,0,3,0xd4b99
872183,0xd4ef7,3,0,3,0xd4edd
872470,0xd5016,3,0,3,0xd4f65
872586,0xd508a,3,0,3,0xd5076
873048,0xd5258,3,0,3,0xd5206
873407,0xd53bf,3,0,3,0xd52d3
875354,0xd5b5a,3,0,3,0xd5b34
875469,0xd5bcd,3,0,3,0xd5b94
875651,0xd5c83,3,0,3,0xd5c4f
876198,0xd5ea6,3,0,3,0xd5e2f
876450,0xd5fa2,3,0,3,0xd5f78
877398,0xd6356,3,0,3,0xd62e6
878304,0xd66e0,3,0,3,0xd669f
878554,0xd67da,3,0,3,0xd662f
879260,0xd6a9c,3,0,3,0xd7b56
879861,0xd6cf5,3,0,3,0xd6d26
880326,0xd6ec6,3,0,3,0xd6eaf
881641,0xd73e9,3,0,3,0xd73cb
881746,0xd7452,3,0,3,0xd740d
881768,0xd7468,3,0,3,0xd7456
882228,0xd7634,3,0,3,0xd7575
882591,0xd779f,3,0,3,0xd774d
883349,0xd7a95,3,0,3,0xd7a47
885576,0xd8348,3,0,3,0xd82f5
885946,0xd84ba,3,0,3,0xd8508
886026,0xd850a,3,0,3,0xd84f4
886144,0xd8580,3,0,3,0xd853f
886336,0xd8640,3,0,3,0xd860e
886570,0xd872a,3,0,3,0xd870b
886671,0xd878f,3,0,3,0xd87a7
887161,0xd8979,3,0,3,0xd88d2
889217,0xd9181,3,0,3,0xd9138
889272,0xd91b8,3,0,3,0xd8ee2
890083,0xd94e3,3,0,3,0xd946d
890287,0xd95af,3,0,3,0xd9579
890390,0xd9616,3,0,3,0xd95b3
890559,0xd96bf,3,0,3,0xd9652
890779,0xd979b,3,0,3,0xd972e
892028,0xd9c7c,3,0,3,0xd9c5b
892188,0xd9d1c,3,0,3,0xd9cfa
892930,0xda002,3,0,3,0xda022
893267,0xda153,3,0,3,0xda108
896500,0xdadf4,3,0,3,0xdaaeb
896852,0xdaf54,3,0,3,0xdaf09
897946,0xdb39a,3,0,3,0xdb2ad
898687,0xdb67f,3,0,3,0xdb5fb
898725,0xdb6a5,3,0,3,0xdb6c6
900256,0xdbca0,3,0,3,0xdbc83
900469,0xdbd75,3,0,3,0xdbd43
900638,0xdbe1e,3,0,3,0xdbdec
901334,0xdc0d6,3,0,3,0xdbfe3
902343,0xdc4c7,3,0,3,0xdc484
902554,0xdc59a,3,0,3,0xdc547
902728,0xdc648,3,0,3,0xdc632
904026,0xdcb5a,3,0,3,0xdcb3c
904598,0xdcd96,3,0,3,0xdcd42
904828,0xdce7c,3,0,3,0xdce42
905936,0xdd2d0,3,0,3,0xdd2a2
908019,0xddaf3,3,0,3,0xddb08
908619,0xddd4b,3,0,3,0xddd0d
908974,0xddeae,3,0,3,0xdde9a
909628,0xde13c,3,0,3,0xde125
909777,0xde1d1,3,0,3,0xde1b6
913744,0xdf150,3,0,3,0xdf02e
914030,0xdf26e,3,0,3,0xdf28f
915127,0xdf6b7,3,0,3,0xdf63a
915296,0xdf760,3,0,3,0xdf6f8
915421,0xdf7dd,3,0,3,0xdf7b5
915444,0xdf7f4,3,0,3,0xdf7a4
915849,0xdf989,3,0,3,0xdf888
916038,0xdfa46,3,0,3,0xdf9f1
916524,0xdfc2c,3,0,3,0xdfba9
918158,0xe028e,3,0,3,0xe026a
920997,0xe0da5,3,0,3,0xe0d6c
921609,0xe1009,3,0,3,0xe0fac
923950,0xe192e,3,0,3,0xe1881
931031,0xe34d7,3,0,3,0xe341c
933352,0xe3de8,3,0,3,0xe3d7b
938500,0xe5204,3,0,3,0xe1669
938883,0xe5383,3,0,3,0xe5353
941142,0xe5c56,3,0,3,0xe5c32
941869,0xe5f2d,3,0,3,0xe65ab
944360,0xe68e8,3,0,3,0xe68bd
944387,0xe6903,3,0,3,0xe689f
944611,0xe69e3,3,0,3,0xe6905
944870,0xe6ae6,3,0,3,0xe6aaa
945358,0xe6cce,3,0,3,0xe6c6b
946891,0xe72cb,3,0,3,0xe7305
946942,0xe72fe,3,0,3,0xe7342
946959,0xe730f,3,0,3,0xe734f
947184,0xe73f0,3,0,3,0xe73d1
947269,0xe7445,3,0,3,0xe73f7
949297,0xe7c31,3,0,3,0xe7c0b
955105,0xe92e1,3,0,3,0xe9290
957252,0xe9b44,3,0,3,0xe9af3
958241,0xe9f21,3,0,3,0xe9e4e
958385,0xe9fb1,3,0,3,0xe9f82
958530,0xea042,3,0,3,0xea012
958533,0xea045,3,0,3,0xe9cda
959437,0xea3cd,3,0,3,0xea399
959903,0xea59f,3,0,3,0xea560
960010,0xea60a,3,0,3,0xea5e9
960659,0xea893,3,0,3,0xea840
962165,0xeae75,3,0,3,0xeae41
962680,0xeb078,3,0,3,0xeaff7
963549,0xeb3dd,3,0,3,0xeb3ac
963957,0xeb575,3,0,3,0xeb531
964203,0xeb66b,3,0,3,0xeb639
964958,0xeb95e,3,0,3,0xeb92b
966753,0xec061,3,0,3,0xec058
968100,0xec5a4,3,0,3,0xec5fd
968712,0xec808,3,0,3,0xec7cb
969109,0xec995,3,0,3,0xec9a8
969157,0xec9c5,3,0,3,0xeca08
970212,0xecde4,3,0,3,0xecbbb
970822,0xed046,3,0,3,0xed02f
971125,0xed175,3,0,3,0xed13e
971152,0xed190,3,0,3,0xed0fb
971256,0xed1f8,3,0,3,0xed1ca
971853,0xed44d,3,0,3,0xed433
971858,0xed452,3,0,3,0xed422
972219,0xed5bb,3,0,3,0xed585
973142,0xed956,3,0,3,0xed920
974645,0xedf35,3,0,3,0xedbd9
974716,0xedf7c,3,0,3,0xedb1a
974766,0xedfae,3,0,3,0xedfc8
974982,0xee086,3,0,3,0xee04e
975583,0xee2df,3,0,3,0xee27d
975700,0xee354,3,0,3,0xee33c
976205,0xee54d,3,0,3,0xee52a
976417,0xee621,3,0,3,0xee5dd
976440,0xee638,3,0,3,0xee566
976567,0xee6b7,3,0,3,0xee694
977079,0xee8b7,3,0,3,0xee8a3
977717,0xeeb35,3,0,3,0xeeaaf
977937,0xeec11,3,0,3,0xeeb90
978493,0xeee3d,3,0,3,0xeede8
980268,0xef52c,3,0,3,0xef549
980362,0xef58a,3,0,3,0xef5af
980570,0xef65a,3,0,3,0xef626
980871,0xef787,3,0,3,0xef74b
981108,0xef874,3,0,3,0xef835
981264,0xef910,3,0,3,0xef8b7
981406,0xef99e,3,0,3,0xef959
981865,0xefb69,3,0,3,0xefac6
981896,0xefb88,3,0,3,0xefb76
981926,0xefba6,3,0,3,0xefb86
982365,0xefd5d,3,0,3,0xefd26
982702,0xefeae,3,0,3,0xefe82
982756,0xefee4,3,0,3,0xefeb2
983634,0xf0252,3,0,3,0xf020f
984200,0xf0488,3,0,3,0xf046f
984328,0xf0508,3,0,3,0xf043b
985047,0xf07d7,3,0,3,0xf06d6
985068,0xf07ec,3,0,3,0xf06ae
985202,0xf0872,3,0,3,0xf083f
985308,0xf08dc,3,0,3,0xf08a8
985519,0xf09af,3,0,3,0xf0965
987134,0xf0ffe,3,0,3,0xf0fd5
988024,0xf1378,3,0,3,0xf134e
990172,0xf1bdc,3,0,3,0xf1bc6
991100,0xf1f7c,3,0,3,0xf1c8e
991939,0xf22c3,3,0,3,0xf229f
992470,0xf24d6,3,0,3,0xf249e
992802,0xf2622,3,0,3,0xf25af
994852,0xf2e24,3,0,3,0xf2e0e
995092,0xf2f14,3,0,3,0xf2f41
995117,0xf2f2d,3,0,3,0xf2f4d
995442,0xf3072,3,0,3,0xf304f
996539,0xf34bb,3,0,3,0xf3468
997255,0xf3787,3,0,3,0xf3808
997409,0xf3821,3,0,3,0xf37d0
999405,0xf3fed,3,0,3,0xf3faf
1001161,0xf46c9,3,0,3,0xf4676
1001404,0xf47bc,3,0,3,0xf47a4
1001408,0xf47c0,3,0,3,0xf479c
1002282,0xf4b2a,3,0,3,0xf4aee
1002537,0xf4c29,3,0,3,0xf4bf8
1004093,0xf523d,3,0,3,0xf5146
1004192,0xf52a0,3,0,3,0xf5300
1004722,0xf54b2,3,0,3,0xf5496
1005414,0xf5766,3,0,3,0xf5741
1005926,0xf5966,3,0,3,0xf559c
1006366,0xf5b1e,3,0,3,0xf5a45
1006678,0xf5c56,3,0,3,0xf5c32
1006897,0xf5d31,3,0,3,0xf5d0c
1007080,0xf5de8,3,0,3,0xf5ddd
1007915,0xf612b,3,0,3,0xf610a
1009489,0xf6751,3,0,3,0xf6507
1010673,0xf6bf1,3,0,3,0xf6be3
1010742,0xf6c36,3,0,3,0xf6b5c
1017030,0xf84c6,3,0,3,0xf8496
1017728,0xf8780,3,0,3,0xf874a
1018232,0xf8978,3,0,3,0xf8920
1020063,0xf909f,3,0,3,0xf9023
1024936,0xfa3a8,3,0,3,0xfa34f
1029789,0xfb69d,3,0,3,0xfb63f
1034375,0xfc887,3,0,3,0xfbd4b
1038644,0xfd934,3,0,3,0xfd8df
1040634,0xfe0fa,3,0,3,0xfe2ab
1041487,0xfe44f,3,0,3,0xfe3b0
1042846,0xfe99e,3,0,3,0xfe983
1044288,0xfef40,3,0,3,0xfee77
1044375,0xfef97,3,0,3,0xfef66
1044387,0xfefa3,3,0,3,0xff496
1045412,0xff3a4,3,0,3,0xff386
1045795,0xff523,3,0,3,0xff50d
1046011,0xff5fb,3,0,3,0xff526
1046291,0xff713,3,0,3,0xff6fe
1046841,0xff939,3,0,3,0xff91e
1048045,0xffded,3,0,3,0xffdae
1048865,0x100121,3,0,3,0x100118
1056564,0x101f34,3,0,3,0x101da5
1057677,0x10238d,3,0,3,0x1022e1
1058829,0x10280d,3,0,3,0x1027bb
1058976,0x1028a0,3,0,3,0x10286f
1059217,0x102991,3,0,3,0x10290b
1059412,0x102a54,3,0,3,0x102a14
1059766,0x102bb6,3,0,3,0x102b76
1065309,0x10415d,3,0,3,0x104098
1065317,0x104165,3,0,3,0x104011
1071386,0x10591a,3,0,3,0x10581c
1073840,0x1062b0,3,0,3,0x106251
1074849,0x1066a1,3,0,3,0x106237
1075671,0x1069d7,3,0,3,0x106943
1076534,0x106d36,3,0,3,0x106cd7
1077514,0x10710a,3,0,3,0x106cbd
1083351,0x1087d7,3,0,3,0x10874d
1083891,0x1089f3,3,0,3,0x108921
1084317,0x108b9d,3,0,3,0x108ae0
1084882,0x108dd2,3,0,3,0x1075aa
1085842,0x109192,3,0,3,0x10902d
1087071,0x10965f,3,0,3,0x1095e8
1087561,0x109849,3,0,3,0x1097b3
1090234,0x10a2ba,3,0,3,0x109e7d
1093699,0x10b043,3,0,3,0x10afc6
1099710,0x10c7be,3,0,3,0x10c78f
1102988,0x10d48c,3,0,3,0x10d296
1103482,0x10d67a,3,0,3,0x10d223
1103609,0x10d6f9,3,0,3,0x10d68e
1104516,0x10da84,3,0,3,0x10d9e8
1105326,0x10ddae,3,0,3,0x10dce9
1105334,0x10ddb6,3,0,3,0x10dc62
1107179,0x10e4eb,3,0,3,0x10e168
1112662,0x10fa56,3,0,3,0x10f9cc
1113406,0x10fd3e,3,0,3,0x10fc6c
1113840,0x10fef0,3,0,3,0x10fe2b
1114594,0x1101e2,3,0,3,0x10e7f7
1120583,0x111947,3,0,3,0x111853
1123444,0x112474,3,0,3,0x112380
1124322,0x1127e2,3,0,3,0x112640
1126167,0x112f17,3,0,3,0x112e39
1126504,0x113068,3,0,3,0x112e2f
1126827,0x1131ab,3,0,3,0x11309b
1138384,0x115ed0,3,0,3,0x115e85
1138532,0x115f64,3,0,3,0x115f19
1139229,0x11621d,3,0,3,0x1160fe
1140427,0x1166cb,3,0,3,0x1166ae
1147234,0x118162,3,0,3,0x117d9b
1150678,0x118ed6,3,0,3,0x118cac
1151272,0x119128,3,0,3,0x118f7f
1154490,0x119dba,3,0,3,0x119d42
1154625,0x119e41,3,0,3,0x119dd8
1154696,0x119e88,3,0,3,0x119e77
1156167,0x11a447,3,0,3,0x11a3f3
1157347,0x11a8e3,3,0,3,0x11a88f
1157389,0x11a90d,3,0,3,0x11a5b6
1161448,0x11b8e8,3,0,3,0x11b83d
1161914,0x11baba,3,0,3,0x11ba66
1163493,0x11c0e5,3,0,3,0x11c091
1167754,0x11d18a,3,0,3,0x11d136
1169023,0x11d67f,3,0,3,0x11d62b
1175068,0x11ee1c,3,0,3,0x11ebba
1178953,0x11fd49,3,0,3,0x11f8c0
1181839,0x12088f,3,0,3,0x1207fb
1181849,0x120899,3,0,3,0x120162
1182699,0x120beb,3,0,3,0x120b3a
1187699,0x121f73,3,0,3,0x121f03
1188625,0x122311,3,0,3,0x1222c1
1189263,0x12258f,3,0,3,0x1224f6
1194867,0x123b73,3,0,3,0x123a40
1195755,0x123eeb,3,0,3,0x123ecd
1196396,0x12416c,3,0,3,0x124125
1197224,0x1244a8,3,0,3,0x12436f
1198461,0x12497d,3,0,3,0x124899
1199114,0x124c0a,3,0,3,0x124b26
1199987,0x124f73,3,0,3,0x124efa
1201229,0x12544d,3,0,3,0x1253bd
1201545,0x125589,3,0,3,0x12544d
1201764,0x125664,3,0,3,0x1255c0
1202061,0x12578d,3,0,3,0x125664
1202916,0x125ae4,3,0,3,0x125a6b
1204780,0x12622c,3,0,3,0x1261b3
1206720,0x1269c0,3,0,3,0x12698e
1212197,0x127f25,3,0,3,0x127ee2
1212360,0x127fc8,3,0,3,0x127f85
1212568,0x128098,3,0,3,0x12805b
1213956,0x128604,3,0,3,0x128508
1214309,0x128765,3,0,3,0x1286ec
1215235,0x128b03,3,0,3,0x128971
1215530,0x128c2a,3,0,3,0x128c0b
1215925,0x128db5,3,0,3,0x128d7e
1216058,0x128e3a,3,0,3,0x128e1e
1216557,0x12902d,3,0,3,0x128ff0
1217027,0x129203,3,0,3,0x12918d
1217588,0x129434,3,0,3,0x12940b
1220472,0x129f78,3,0,3,0x129e6a
1220932,0x12a144,3,0,3,0x12a036
1221392,0x12a310,3,0,3,0x12a202
1223036,0x12a97c,3,0,3,0x12a8bc
1229237,0x12c1b5,3,0,3,0x12c113
1234639,0x12d6cf,3,0,3,0x12d60c
1235631,0x12daaf,3,0,3,0x12da0b
1239112,0x12e848,3,0,3,0x12e628
1241351,0x12f107,3,0,3,0x12f124
1241392,0x12f130,3,0,3,0x12f10e
1241472,0x12f180,3,0,3,0x12f14f
1241487,0x12f18f,3,0,3,0x12f113
1242452,0x12f554,3,0,3,0x12f537
1243699,0x12fa33,3,0,3,0x130814
1244362,0x12fcca,3,0,3,0x12f944
1245577,0x130189,3,0,3,0x1314df
1263785,0x1348a9,3,0,3,0x134852
1264693,0x134c35,3,0,3,0x134bbe
1264864,0x134ce0,3,0,3,0x134d40
1265708,0x13502c,3,0,3,0x134fb5
1265873,0x1350d1,3,0,3,0x135131
1266733,0x13542d,3,0,3,0x1353b6
1266876,0x1354bc,3,0,3,0x1354a6
1266956,0x13550c,3,0,3,0x1355a9
1270912,0x136480,3,0,3,0x1364be
1271222,0x1365b6,3,0,3,0x13657c
1271370,0x13664a,3,0,3,0x136610
1271540,0x1366f4,3,0,3,0x136680
1271759,0x1367cf,3,0,3,0x13679b
1272454,0x136a86,3,0,3,0x136a22
1272555,0x136aeb,3,0,3,0x136acc
1272949,0x136c75,3,0,3,0x136c23
1274725,0x137365,3,0,3,0x137341
1275192,0x137538,3,0,3,0x137510
1277122,0x137cc2,3,0,3,0x137caa
1277221,0x137d25,3,0,3,0x137d0d
1278886,0x1383a6,3,0,3,0x138371
1279339,0x13856b,3,0,3,0x138595
1281826,0x138f22,3,0,3,0x138ea1
1284025,0x1397b9,3,0,3,0x1396f3
1284630,0x139a16,3,0,3,0x1399ce
1285426,0x139d32,3,0,3,0x139c9c
1285511,0x139d87,3,0,3,0x139d6f
1285768,0x139e88,3,0,3,0x139e70
1286129,0x139ff1,3,0,3,0x139f40
1286547,0x13a193,3,0,3,0x13a0f9
1286744,0x13a258,3,0,3,0x13a1d1
1290671,0x13b1af,3,0,3,0x13ac75
1292442,0x13b89a,3,0,3,0x13b634
1293190,0x13bb86,3,0,3,0x13ba4e
1293649,0x13bd51,3,0,3,0x13be2d
1294105,0x13bf19,3,0,3,0x13c180
1294742,0x13c196,3,0,3,0x13c09e
1295359,0x13c3ff,3,0,3,0x13c3db
1295395,0x13c423,3,0,3,0x13c408
1296373,0x13c7f5,3,0,3,0x13c768
1297589,0x13ccb5,3,0,3,0x13cc01
1297838,0x13cdae,3,0,3,0x13cd7c
1299273,0x13d349,3,0,3,0x13d282
1299285,0x13d355,3,0,3,0x13d277
1299859,0x13d593,3,0,3,0x13d55a
1300026,0x13d63a,3,0,3,0x13d606
1300218,0x13d6fa,3,0,3,0x13d6dd
1300499,0x13d813,3,0,3,0x13d7dd
1300614,0x13d886,3,0,3,0x13d81a
1301419,0x13dbab,3,0,3,0x13daf2
1301916,0x13dd9c,3,0,3,0x13dd39
1306548,0x13efb4,3,0,3,0x13ef5b
1307648,0x13f400,3,0,3,0x13f3a0
1307989,0x13f555,3,0,3,0x13f4fd
1308270,0x13f66e,3,0,3,0x13f5fc
1309866,0x13fcaa,3,0,3,0x13fc22
1310131,0x13fdb3,3,0,3,0x13fd65
1314354,0x140e32,3,0,3,0x140db8
1314596,0x140f24,3,0,3,0x140eec
1316238,0x14158e,3,0,3,0x141575
1316353,0x141601,3,0,3,0x1415ba
1316801,0x1417c1,3,0,3,0x1417fb
1317315,0x1419c3,3,0,3,0x1419a5
1317531,0x141a9b,3,0,3,0x141a3d
1317850,0x141bda,3,0,3,0x141bbc
1318041,0x141c99,3,0,3,0x141b85
1320633,0x1426b9,3,0,3,0x1426f0
1321654,0x142ab6,3,0,3,0x142aae
1323195,0x1430bb,3,0,3,0x1430ad
1324839,0x143727,3,0,3,0x1436fb
1326030,0x143bce,3,0,3,0x1439c4
1326537,0x143dc9,3,0,3,0x143d93
1326566,0x143de6,3,0,3,0x143dd4
1326574,0x143dee,3,0,3,0x143dd8
1330379,0x144ccb,3,0,3,0x144c75
1330548,0x144d74,3,0,3,0x144d1e
1336939,0x14666b,3,0,3,0x146550
1337379,0x146823,3,0,3,0x1467f2
1338078,0x146ade,3,0,3,0x146a08
1338152,0x146b28,3,0,3,0x146ae7
1339424,0x147020,3,0,3,0x146fd8
1339596,0x1470cc,3,0,3,0x147026
1342095,0x147a8f,3,0,3,0x147a72
1342186,0x147aea,3,0,3,0x147acf
1343346,0x147f72,3,0,3,0x147f26
1343371,0x147f8b,3,0,3,0x147dcf
1343563,0x14804b,3,0,3,0x148003
1345921,0x148981,3,0,3,0x148843
1349499,0x14977b,3,0,3,0x14960d
1350504,0x149b68,3,0,3,0x14944e
1351351,0x149eb7,3,0,3,0x149e6f
1351519,0x149f5f,3,0,3,0x149ebd
1353628,0x14a79c,3,0,3,0x14a7e1
1354031,0x14a92f,3,0,3,0x14a76a
1356078,0x14b12e,3,0,3,0x14b119
1356723,0x14b3b3,3,0,3,0x14b38a
1359771,0x14bf9b,3,0,3,0x14bf6b
1361373,0x14c5dd,3,0,3,0x14c5aa
1361611,0x14c6cb,3,0,3,0x14c6b6
1362149,0x14c8e5,3,0,3,0x14c8d1
1362225,0x14c931,3,0,3,0x14c91d
1367695,0x14de8f,3,0,3,0x14de4b
1368351,0x14e11f,3,0,3,0x14e10f
1369146,0x14e43a,3,0,3,0x14e40a
1372710,0x14f226,3,0,3,0x14f211
1374602,0x14f98a,3,0,3,0x14f967
1374754,0x14fa22,3,0,3,0x14f9fc
1375692,0x14fdcc,3,0,3,0x14fcbf
1375975,0x14fee7,3,0,3,0x14fdda
1386324,0x152754,3,0,3,0x1526a7
1386654,0x15289e,3,0,3,0x1527f1
1387658,0x152c8a,3,0,3,0x152bf3
1388099,0x152e43,3,0,3,0x152dac
1388466,0x152fb2,3,0,3,0x152e8e
1388915,0x153173,3,0,3,0x15304f
1389827,0x153503,3,0,3,0x1534b6
1390021,0x1535c5,3,0,3,0x153578
1390175,0x15365f,3,0,3,0x153612
1390327,0x1536f7,3,0,3,0x1536aa
1390457,0x153779,3,0,3,0x15372c
1390568,0x1537e8,3,0,3,0x153790
1390652,0x15383c,3,0,3,0x153813
1390799,0x1538cf,3,0,3,0x1538b1
1391408,0x153b30,3,0,3,0x153a74
1391599,0x153bef,3,0,3,0x153bc8
1391698,0x153c52,3,0,3,0x153c2b
1392222,0x153e5e,3,0,3,0x153e14
1393985,0x154541,3,0,3,0x154521
1395344,0x154a90,3,0,3,0x154a52
1396208,0x154df0,3,0,3,0x154db2
1402176,0x156540,3,0,3,0x156502
1403008,0x156880,3,0,3,0x156842
1405060,0x157084,3,0,3,0x157055
1409090,0x158042,3,0,3,0x157f7e
1410452,0x158594,3,0,3,0x15858d
230,0xe6,2,0,2,0xd8
1551,0x60f,2,0,2,0x5f4
3106,0xc22,2,0,2,0xb45
7664,0x1df0,2,0,2,0x1d20
7757,0x1e4d,2,0,2,0x1e1e
7947,0x1f0b,2,0,2,0x1f07
8412,0x20dc,2,0,2,0x2066
8727,0x2217,2,0,2,0x220e
9069,0x236d,2,0,2,0x22ea
9608,0x2588,2,0,2,0x253b
12614,0x3146,2,0,2,0x30e4
13956,0x3684,2,0,2,0x368e
13968,0x3690,2,0,2,0x368b
14056,0x36e8,2,0,2,0x36d8
14289,0x37d1,2,0,2,0x37c1
14443,0x386b,2,0,2,0x3843
14769,0x39b1,2,0,2,0x397c
15367,0x3c07,2,0,2,0x3bc8
15548,0x3cbc,2,0,2,0x3ca7
15628,0x3d0c,2,0,2,0x3cd4
15971,0x3e63,2,0,2,0x3dc0
16176,0x3f30,2,0,2,0x3e8b
17207,0x4337,2,0,2,0x436d
17335,0x43b7,2,0,2,0x4341
17838,0x45ae,2,0,2,0x456e
17978,0x463a,2,0,2,0x466c
18049,0x4681,2,0,2,0x4634
18125,0x46cd,2,0,2,0x46ab
18286,0x476e,2,0,2,0x4748
18298,0x477a,2,0,2,0x4624
18346,0x47aa,2,0,2,0x4618
18548,0x4874,2,0,2,0x4897
19067,0x4a7b,2,0,2,0x4a5c
19269,0x4b45,2,0,2,0x4b8c
20366,0x4f8e,2,0,2,0x4fe8
20678,0x50c6,2,0,2,0x50b6
21222,0x52e6,2,0,2,0x532d
21672,0x54a8,2,0,2,0x5487
21986,0x55e2,2,0,2,0x55b8
22460,0x57bc,2,0,2,0x577e
24130,0x5e42,2,0,2,0x5e35
24192,0x5e80,2,0,2,0x5e40
26528,0x67a0,2,0,2,0x678a
27257,0x6a79,2,0,2,0x6aba
27909,0x6d05,2,0,2,0x6cef
28597,0x6fb5,2,0,2,0x6f7a
29407,0x72df,2,0,2,0x729c
29696,0x7400,2,0,2,0x73f3
30981,0x7905,2,0,2,0x789c
30999,0x7917,2,0,2,0x7884
33410,0x8282,2,0,2,0x829d
33735,0x83c7,2,0,2,0x832e
34557,0x86fd,2,0,2,0x872e
35831,0x8bf7,2,0,2,0x8bcb
35972,0x8c84,2,0,2,0x8c53
35980,0x8c8c,2,0,2,0x8c78
36845,0x8fed,2,0,2,0x9103
37263,0x918f,2,0,2,0x922d
37269,0x9195,2,0,2,0x8ed9
38215,0x9547,2,0,2,0x9515
38223,0x954f,2,0,2,0x953b
38629,0x96e5,2,0,2,0x9764
38968,0x9838,2,0,2,0x97a8
39219,0x9933,2,0,2,0x9970
39648,0x9ae0,2,0,2,0x9a06
41165,0xa0cd,2,0,2,0xa0bf
42571,0xa64b,2,0,2,0xa5f8
42758,0xa706,2,0,2,0xa67d
45727,0xb29f,2,0,2,0xb290
45750,0xb2b6,2,0,2,0xb2a7
46173,0xb45d,2,0,2,0xb3de
46481,0xb591,2,0,2,0xb491
50265,0xc459,2,0,2,0xc442
50644,0xc5d4,2,0,2,0xc7a8
50933,0xc6f5,2,0,2,0xc61e
52474,0xccfa,2,0,2,0xce70
52491,0xcd0b,2,0,2,0xccf8
54988,0xd6cc,2,0,2,0xd72b
55030,0xd6f6,2,0,2,0xd718
55514,0xd8da,2,0,2,0xd92b
55689,0xd989,2,0,2,0xd963
56472,0xdc98,2,0,2,0xd702
56497,0xdcb1,2,0,2,0xd8dd
58554,0xe4ba,2,0,2,0xe499
59592,0xe8c8,2,0,2,0xe861
62215,0xf307,2,0,2,0xf2b9
64605,0xfc5d,2,0,2,0xfc2c
64835,0xfd43,2,0,2,0xfd16
65642,0x1006a,2,0,2,0x10049
65953,0x101a1,2,0,2,0x10196
66108,0x1023c,2,0,2,0x1020a
66152,0x10268,2,0,2,0x10254
66217,0x102a9,2,0,2,0x10295
66566,0x10406,2,0,2,0x10443
66698,0x1048a,2,0,2,0x1046f
66778,0x104da,2,0,2,0x104cf
66848,0x10520,2,0,2,0x10504
68288,0x10ac0,2,0,2,0x10a94
68963,0x10d63,2,0,2,0x10d45
69492,0x10f74,2,0,2,0x10fc0
69666,0x11022,2,0,2,0x10f81
69688,0x11038,2,0,2,0x109b9
69860,0x110e4,2,0,2,0x110b8
69990,0x11166,2,0,2,0x11134
70129,0x111f1,2,0,2,0x111d7
70262,0x11276,2,0,2,0x1125e
70776,0x11478,2,0,2,0x116d7
71157,0x115f5,2,0,2,0x1169f
71292,0x1167c,2,0,2,0x1147a
71388,0x116dc,2,0,2,0x116cf
71750,0x11846,2,0,2,0x11839
72099,0x119a3,2,0,2,0x1152f
72907,0x11ccb,2,0,2,0x11cbb
74353,0x12271,2,0,2,0x12262
74558,0x1233e,2,0,2,0x12326
74619,0x1237b,2,0,2,0x1235f
74806,0x12436,2,0,2,0x1241e
74887,0x12487,2,0,2,0x12443
74926,0x124ae,2,0,2,0x1249b
74947,0x124c3,2,0,2,0x124b2
75167,0x1259f,2,0,2,0x12582
75200,0x125c0,2,0,2,0x125a3
75228,0x125dc,2,0,2,0x125c4
75289,0x12619,2,0,2,0x125e6
75318,0x12636,2,0,2,0x1261d
75369,0x12669,2,0,2,0x1263a
75397,0x12685,2,0,2,0x1266d
75425,0x126a1,2,0,2,0x12689
75460,0x126c4,2,0,2,0x126a5
75519,0x126ff,2,0,2,0x126ef
75538,0x12712,2,0,2,0x126d3
75590,0x12746,2,0,2,0x12736
75669,0x12795,2,0,2,0x12716
75698,0x127b2,2,0,2,0x12799
75733,0x127d5,2,0,2,0x127bc
75889,0x12871,2,0,2,0x12b91
76828,0x12c1c,2,0,2,0x129f7
76984,0x12cb8,2,0,2,0x12c96
77257,0x12dc9,2,0,2,0x12da1
78173,0x1315d,2,0,2,0x13137
78176,0x13160,2,0,2,0x13120
78235,0x1319b,2,0,2,0x13184
78341,0x13205,2,0,2,0x131df
78344,0x13208,2,0,2,0x131c8
78403,0x13243,2,0,2,0x1322c
78520,0x132b8,2,0,2,0x13291
78613,0x13315,2,0,2,0x132ee
78747,0x1339b,2,0,2,0x13384
78869,0x13415,2,0,2,0x13401
78906,0x1343a,2,0,2,0x13426
78954,0x1346a,2,0,2,0x13438
78989,0x1348d,2,0,2,0x13479
79027,0x134b3,2,0,2,0x1348b
79059,0x134d3,2,0,2,0x134bf
79074,0x134e2,2,0,2,0x134d1
79104,0x13500,2,0,2,0x134ec
79140,0x13524,2,0,2,0x13510
79155,0x13533,2,0,2,0x13522
79185,0x13551,2,0,2,0x1353d
79200,0x13560,2,0,2,0x1354f
79516,0x1369c,2,0,2,0x13624
80343,0x139d7,2,0,2,0x139b9
80659,0x13b13,2,0,2,0x13a7a
80727,0x13b57,2,0,2,0x13b47
81441,0x13e21,2,0,2,0x13e0f
81535,0x13e7f,2,0,2,0x13e6b
81551,0x13e8f,2,0,2,0x13e7d
81596,0x13ebc,2,0,2,0x13ea8
81612,0x13ecc,2,0,2,0x13eba
81657,0x13ef9,2,0,2,0x13ee5
81673,0x13f09,2,0,2,0x13ef7
81718,0x13f36,2,0,2,0x13f22
81769,0x13f69,2,0,2,0x13f34
81812,0x13f94,2,0,2,0x13f80
81864,0x13fc8,2,0,2,0x13f92
81891,0x13fe3,2,0,2,0x13fcf
81943,0x14017,2,0,2,0x13fe1
81985,0x14041,2,0,2,0x1402d
82001,0x14051,2,0,2,0x1403f
82052,0x14084,2,0,2,0x14070
82068,0x14094,2,0,2,0x14082
82119,0x140c7,2,0,2,0x140b3
82135,0x140d7,2,0,2,0x140c5
82186,0x1410a,2,0,2,0x140f6
82237,0x1413d,2,0,2,0x14108
82347,0x141ab,2,0,2,0x14143
82378,0x141ca,2,0,2,0x141b2
82518,0x14256,2,0,2,0x1423e
82666,0x142ea,2,0,2,0x142d6
82681,0x142f9,2,0,2,0x142e8
82713,0x14319,2,0,2,0x14305
82765,0x1434d,2,0,2,0x14317
82792,0x14368,2,0,2,0x14354
82844,0x1439c,2,0,2,0x14366
82871,0x143b7,2,0,2,0x143a3
82923,0x143eb,2,0,2,0x143b5
82950,0x14406,2,0,2,0x143f2
82967,0x14417,2,0,2,0x14404
82994,0x14432,2,0,2,0x1441e
83011,0x14443,2,0,2,0x14430
83038,0x1445e,2,0,2,0x1444a
83055,0x1446f,2,0,2,0x1445c
83440,0x145f0,2,0,2,0x145de
83773,0x1473d,2,0,2,0x14730
84893,0x14b9d,2,0,2,0x14c88
85348,0x14d64,2,0,2,0x14d81
85958,0x14fc6,2,0,2,0x15007
86059,0x1502b,2,0,2,0x1501d
86109,0x1505d,2,0,2,0x14fc9
86218,0x150ca,2,0,2,0x15102
86310,0x15126,2,0,2,0x15118
86332,0x1513c,2,0,2,0x15060
86687,0x1529f,2,0,2,0x15286
87153,0x15471,2,0,2,0x1544f
87865,0x15739,2,0,2,0x15724
88304,0x158f0,2,0,2,0x158c9
92298,0x1688a,2,0,2,0x1672f
93335,0x16c97,2,0,2,0x16c7e
93507,0x16d43,2,0,2,0x16e9d
94029,0x16f4d,2,0,2,0x16f3a
94114,0x16fa2,2,0,2,0x16f70
94294,0x17056,2,0,2,0x1703e
94467,0x17103,2,0,2,0x170e7
94500,0x17124,2,0,2,0x17106
94533,0x17145,2,0,2,0x17127
94566,0x17166,2,0,2,0x17148
94686,0x171de,2,0,2,0x171bf
94901,0x172b5,2,0,2,0x17294
95488,0x17500,2,0,2,0x1739c
95867,0x1767b,2,0,2,0x17660
95922,0x176b2,2,0,2,0x17584
96810,0x17a2a,2,0,2,0x17800
96868,0x17a64,2,0,2,0x17a7d
97284,0x17c04,2,0,2,0x17bcb
97932,0x17e8c,2,0,2,0x17de4
98077,0x17f1d,2,0,2,0x17e92
98199,0x17f97,2,0,2,0x18159
101260,0x18b8c,2,0,2,0x18b78
101668,0x18d24,2,0,2,0x18ce5
101959,0x18e47,2,0,2,0x18c3a
102056,0x18ea8,2,0,2,0x190ce
102463,0x1903f,2,0,2,0x19006
102499,0x19063,2,0,2,0x19050
102528,0x19080,2,0,2,0x1906d
102598,0x190c6,2,0,2,0x18fa2
102856,0x191c8,2,0,2,0x191a8
102866,0x191d2,2,0,2,0x1911d
103603,0x194b3,2,0,2,0x1949d
103880,0x195c8,2,0,2,0x19514
104326,0x19786,2,0,2,0x196b2
104762,0x1993a,2,0,2,0x19dff
104888,0x199b8,2,0,2,0x19968
105051,0x19a5b,2,0,2,0x19a9e
105061,0x19a65,2,0,2,0x19a4e
105304,0x19b58,2,0,2,0x19b14
105951,0x19ddf,2,0,2,0x199e8
106343,0x19f67,2,0,2,0x19f59
106612,0x1a074,2,0,2,0x1a01f
107161,0x1a299,2,0,2,0x1a287
107248,0x1a2f0,2,0,2,0x1a2c7
107539,0x1a413,2,0,2,0x1a3eb
108388,0x1a764,2,0,2,0x1a758
109122,0x1aa42,2,0,2,0x1aa18
110742,0x1b096,2,0,2,0x1b08f
111360,0x1b300,2,0,2,0x1b2ee
112023,0x1b597,2,0,2,0x1b583
112075,0x1b5cb,2,0,2,0x1b5c0
112316,0x1b6bc,2,0,2,0x1b6b1
112452,0x1b744,2,0,2,0x1b727
113070,0x1b9ae,2,0,2,0x1b992
113116,0x1b9dc,2,0,2,0x1b87d
113408,0x1bb00,2,0,2,0x185c1
114431,0x1beff,2,0,2,0x1bedb
114499,0x1bf43,2,0,2,0x1bf1d
114512,0x1bf50,2,0,2,0x1bea4
114951,0x1c107,2,0,2,0x1c0ba
114980,0x1c124,2,0,2,0x1bf82
115516,0x1c33c,2,0,2,0x1c320
116735,0x1c7ff,2,0,2,0x1c7cd
118249,0x1cde9,2,0,2,0x1cdd4
119257,0x1d1d9,2,0,2,0x1cd76
119272,0x1d1e8,2,0,2,0x1cfb8
119950,0x1d48e,2,0,2,0x1d368
123411,0x1e213,2,0,2,0x1d643
124226,0x1e542,2,0,2,0x1e52e
124355,0x1e5c3,2,0,2,0x1e564
124370,0x1e5d2,2,0,2,0x1e5bb
124402,0x1e5f2,2,0,2,0x1e5d0
124472,0x1e638,2,0,2,0x1e626
124742,0x1e746,2,0,2,0x1e73c
124752,0x1e750,2,0,2,0x1e732
125242,0x1e93a,2,0,2,0x1e7e4
125259,0x1e94b,2,0,2,0x1e7fb
125313,0x1e981,2,0,2,0x245b9
125568,0x1ea80,2,0,2,0x1ea76
128478,0x1f5de,2,0,2,0x1f563
128606,0x1f65e,2,0,2,0x1f64a
128870,0x1f766,2,0,2,0x1f744
129171,0x1f893,2,0,2,0x1f875
129555,0x1fa13,2,0,2,0x1f600
129752,0x1fad8,2,0,2,0x1f5eb
130302,0x1fcfe,2,0,2,0x1fc5f
131594,0x2020a,2,0,2,0x201b6
131665,0x20251,2,0,2,0x20208
131869,0x2031d,2,0,2,0x202b8
132126,0x2041e,2,0,2,0x204a7
132805,0x206c5,2,0,2,0x206ab
135142,0x20fe6,2,0,2,0x20f06
136023,0x21357,2,0,2,0x2133f
136847,0x2168f,2,0,2,0x2159d
138106,0x21b7a,2,0,2,0x21b4e
138909,0x21e9d,2,0,2,0x21e92
139525,0x22105,2,0,2,0x220d9
139744,0x221e0,2,0,2,0x221b2
140256,0x223e0,2,0,2,0x2232d
142085,0x22b05,2,0,2,0x22afa
142100,0x22b14,2,0,2,0x22b09
142330,0x22bfa,2,0,2,0x22ba7
142401,0x22c41,2,0,2,0x22bf8
142695,0x22d67,2,0,2,0x22cff
142711,0x22d77,2,0,2,0x22ca7
146017,0x23a61,2,0,2,0x239e8
148792,0x24538,2,0,2,0x24521
148800,0x24540,2,0,2,0x244a6
150818,0x24d22,2,0,2,0x24d19
152009,0x251c9,2,0,2,0x251b7
152032,0x251e0,2,0,2,0x251cd
152222,0x2529e,2,0,2,0x2525f
152728,0x25498,2,0,2,0x25482
152738,0x254a2,2,0,2,0x25450
152796,0x254dc,2,0,2,0x25506
153381,0x25725,2,0,2,0x256e3
153611,0x2580b,2,0,2,0x257dc
154162,0x25a32,2,0,2,0x25a09
154281,0x25aa9,2,0,2,0x25a74
154365,0x25afd,2,0,2,0x25ac8
154559,0x25bbf,2,0,2,0x25b8a
154995,0x25d73,2,0,2,0x25d5d
155130,0x25dfa,2,0,2,0x25dd6
155748,0x26064,2,0,2,0x260a8
156056,0x26198,2,0,2,0x2618a
156098,0x261c2,2,0,2,0x261b6
156892,0x264dc,2,0,2,0x264b6
157807,0x2686f,2,0,2,0x26848
157906,0x268d2,2,0,2,0x268c5
158276,0x26a44,2,0,2,0x26a15
158351,0x26a8f,2,0,2,0x26a83
158491,0x26b1b,2,0,2,0x26b08
158527,0x26b3f,2,0,2,0x26b2c
158869,0x26c95,2,0,2,0x26c88
159172,0x26dc4,2,0,2,0x26db4
159947,0x270cb,2,0,2,0x2709c
160416,0x272a0,2,0,2,0x2728e
161042,0x27512,2,0,2,0x27505
163048,0x27ce8,2,0,2,0x27cad
163115,0x27d2b,2,0,2,0x27cf0
163122,0x27d32,2,0,2,0x27ce6
163442,0x27e72,2,0,2,0x27ea5
163501,0x27ead,2,0,2,0x27e77
164267,0x281ab,2,0,2,0x2816f
164335,0x281ef,2,0,2,0x281b3
164342,0x281f6,2,0,2,0x281a9
164718,0x2836e,2,0,2,0x28333
164802,0x283c2,2,0,2,0x2839b
165446,0x28646,2,0,2,0x2860a
165836,0x287cc,2,0,2,0x28795
165966,0x2884e,2,0,2,0x288b6
165996,0x2886c,2,0,2,0x288cc
166229,0x28955,2,0,2,0x28944
166439,0x28a27,2,0,2,0x28a1d
166543,0x28a8f,2,0,2,0x28a6a
167262,0x28d5e,2,0,2,0x28d4c
167321,0x28d99,2,0,2,0x28d81
167385,0x28dd9,2,0,2,0x28dc1
167408,0x28df0,2,0,2,0x28db1
169082,0x2947a,2,0,2,0x29463
169175,0x294d7,2,0,2,0x294b8
169855,0x2977f,2,0,2,0x29769
170014,0x2981e,2,0,2,0x297f6
170598,0x29a66,2,0,2,0x29a53
170673,0x29ab1,2,0,2,0x29aa5
170820,0x29b44,2,0,2,0x29b20
171057,0x29c31,2,0,2,0x29bfb
171113,0x29c69,2,0,2,0x29c3e
171372,0x29d6c,2,0,2,0x29d12
171517,0x29dfd,2,0,2,0x29def
171535,0x29e0f,2,0,2,0x29e01
171682,0x29ea2,2,0,2,0x29e77
171702,0x29eb6,2,0,2,0x29e8d
171767,0x29ef7,2,0,2,0x29eea
171969,0x29fc1,2,0,2,0x29fdc
171976,0x29fc8,2,0,2,0x29fb9
172036,0x2a004,2,0,2,0x29ff5
172634,0x2a25a,2,0,2,0x2a256
172988,0x2a3bc,2,0,2,0x2a1b5
173496,0x2a5b8,2,0,2,0x2a55f
173498,0x2a5ba,2,0,2,0x2a582
173725,0x2a69d,2,0,2,0x2a673
173755,0x2a6bb,2,0,2,0x2a5bd
174070,0x2a7f6,2,0,2,0x2a7d9
174653,0x2aa3d,2,0,2,0x2ab26
174672,0x2aa50,2,0,2,0x2a8f5
174731,0x2aa8b,2,0,2,0x2aab0
175958,0x2af56,2,0,2,0x2aea4
176186,0x2b03a,2,0,2,0x2b021
176241,0x2b071,2,0,2,0x2b32d
176477,0x2b15d,2,0,2,0x2b148
176859,0x2b2db,2,0,2,0x2b1cd
178199,0x2b817,2,0,2,0x2b639
179140,0x2bbc4,2,0,2,0x2bb7a
179150,0x2bbce,2,0,2,0x2bb9b
179180,0x2bbec,2,0,2,0x2bb86
179392,0x2bcc0,2,0,2,0x2bcb1
180952,0x2c2d8,2,0,2,0x2bfaf
181150,0x2c39e,2,0,2,0x2c342
181547,0x2c52b,2,0,2,0x2c499
182396,0x2c87c,2,0,2,0x2dbcc
183328,0x2cc20,2,0,2,0x2c8ad
184079,0x2cf0f,2,0,2,0x2cee0
184113,0x2cf31,2,0,2,0x2cf20
184397,0x2d04d,2,0,2,0x2d026
184440,0x2d078,2,0,2,0x2d052
184486,0x2d0a6,2,0,2,0x2d07d
184532,0x2d0d4,2,0,2,0x2d0ab
185045,0x2d2d5,2,0,2,0x2d2be
185050,0x2d2da,2,0,2,0x2d2bc
185296,0x2d3d0,2,0,2,0x2d348
185683,0x2d553,2,0,2,0x2d51b
185712,0x2d570,2,0,2,0x2d55c
185721,0x2d579,2,0,2,0x2d3e6
186061,0x2d6cd,2,0,2,0x2d6ad
186135,0x2d717,2,0,2,0x2d701
186178,0x2d742,2,0,2,0x2d72c
186329,0x2d7d9,2,0,2,0x2d745
186458,0x2d85a,2,0,2,0x2d825
186528,0x2d8a0,2,0,2,0x2d86f
186573,0x2d8cd,2,0,2,0x2d8a8
186630,0x2d906,2,0,2,0x2d7fc
186868,0x2d9f4,2,0,2,0x2d9c2
187098,0x2dada,2,0,2,0x2da9d
187609,0x2dcd9,2,0,2,0x2dc6d
188194,0x2df22,2,0,2,0x2de1f
188261,0x2df65,2,0,2,0x2df46
188702,0x2e11e,2,0,2,0x2e0a0
189403,0x2e3db,2,0,2,0x2e379
189786,0x2e55a,2,0,2,0x2e48d
190522,0x2e83a,2,0,2,0x2e82c
190859,0x2e98b,2,0,2,0x2e842
191787,0x2ed2b,2,0,2,0x2eba1
191830,0x2ed56,2,0,2,0x2ed3d
191921,0x2edb1,2,0,2,0x2ed30
192201,0x2eec9,2,0,2,0x2ee86
192293,0x2ef25,2,0,2,0x2ef14
192439,0x2efb7,2,0,2,0x2ef91
192754,0x2f0f2,2,0,2,0x2f0d2
192821,0x2f135,2,0,2,0x2f120
192988,0x2f1dc,2,0,2,0x2f190
193623,0x2f457,2,0,2,0x2f423
193752,0x2f4d8,2,0,2,0x2f4a3
194013,0x2f5dd,2,0,2,0x2f5b4
194228,0x2f6b4,2,0,2,0x2f8e5
194541,0x2f7ed,2,0,2,0x2f7de
194680,0x2f878,2,0,2,0x2f844
194703,0x2f88f,2,0,2,0x2f7a9
194769,0x2f8d1,2,0,2,0x2f8a6
194838,0x2f916,2,0,2,0x2f6ce
194905,0x2f959,2,0,2,0x2f944
194972,0x2f99c,2,0,2,0x2f98e
195040,0x2f9e0,2,0,2,0x2f9b1
195156,0x2fa54,2,0,2,0x2fa3f
195257,0x2fab9,2,0,2,0x2faa4
197240,0x30278,2,0,2,0x3024b
197293,0x302ad,2,0,2,0x30280
197852,0x304dc,2,0,2,0x304a4
197895,0x30507,2,0,2,0x304ec
197975,0x30557,2,0,2,0x3053b
198009,0x30579,2,0,2,0x3055d
198103,0x305d7,2,0,2,0x305f6
198301,0x3069d,2,0,2,0x3068f
198388,0x306f4,2,0,2,0x306cd
198434,0x30722,2,0,2,0x306d2
198904,0x308f8,2,0,2,0x30892
199181,0x30a0d,2,0,2,0x309e7
199711,0x30c1f,2,0,2,0x30273
200322,0x30e82,2,0,2,0x30e61
202381,0x3168d,2,0,2,0x3160c
204022,0x31cf6,2,0,2,0x31d8c
204307,0x31e13,2,0,2,0x31a30
204316,0x31e1c,2,0,2,0x31d0e
204405,0x31e75,2,0,2,0x31e64
204496,0x31ed0,2,0,2,0x31ebc
204965,0x320a5,2,0,2,0x32071
205110,0x32136,2,0,2,0x320e5
205621,0x32335,2,0,2,0x322fb
205800,0x323e8,2,0,2,0x323bf
205961,0x32489,2,0,2,0x32462
206024,0x324c8,2,0,2,0x3249c
206092,0x3250c,2,0,2,0x324db
206155,0x3254b,2,0,2,0x3251f
207611,0x32afb,2,0,2,0x32ada
207626,0x32b0a,2,0,2,0x32af9
207839,0x32bdf,2,0,2,0x32bc9
208354,0x32de2,2,0,2,0x32aba
208471,0x32e57,2,0,2,0x32dff
209668,0x33304,2,0,2,0x332e5
209683,0x33313,2,0,2,0x33302
209782,0x33376,2,0,2,0x33354
209876,0x333d4,2,0,2,0x33316
210058,0x3348a,2,0,2,0x33475
211513,0x33a39,2,0,2,0x33a21
211576,0x33a78,2,0,2,0x33a60
211600,0x33a90,2,0,2,0x33a51
211747,0x33b23,2,0,2,0x33b0b
211811,0x33b63,2,0,2,0x33b4b
211835,0x33b7b,2,0,2,0x33b3b
211940,0x33be4,2,0,2,0x334a8
211958,0x33bf6,2,0,2,0x3342b
212100,0x33c84,2,0,2,0x33c61
212263,0x33d27,2,0,2,0x33c2a
212758,0x33f16,2,0,2,0x33ef4
212936,0x33fc8,2,0,2,0x33ea8
212941,0x33fcd,2,0,2,0x33fba
212994,0x34002,2,0,2,0x33fe0
213111,0x34077,2,0,2,0x34055
213267,0x34113,2,0,2,0x34047
213364,0x34174,2,0,2,0x34152
213397,0x34195,2,0,2,0x34148
213476,0x341e4,2,0,2,0x341c4
213568,0x34240,2,0,2,0x34233
213815,0x34337,2,0,2,0x342f7
213889,0x34381,2,0,2,0x3435f
214216,0x344c8,2,0,2,0x344b7
214371,0x34563,2,0,2,0x3450f
214520,0x345f8,2,0,2,0x345cc
214606,0x3464e,2,0,2,0x345be
215084,0x3482c,2,0,2,0x34807
215467,0x349ab,2,0,2,0x34988
215606,0x34a36,2,0,2,0x34a13
215702,0x34a96,2,0,2,0x34a73
215978,0x34baa,2,0,2,0x34b88
216151,0x34c57,2,0,2,0x33292
216273,0x34cd1,2,0,2,0x34c96
216541,0x34ddd,2,0,2,0x34db4
216663,0x34e57,2,0,2,0x34d26
216708,0x34e84,2,0,2,0x34e6d
216962,0x34f82,2,0,2,0x34f17
217322,0x350ea,2,0,2,0x35141
217338,0x350fa,2,0,2,0x350e8
217684,0x35254,2,0,2,0x35210
217786,0x352ba,2,0,2,0x352ad
217854,0x352fe,2,0,2,0x352de
217998,0x3538e,2,0,2,0x3536f
218104,0x353f8,2,0,2,0x353bb
218240,0x35480,2,0,2,0x3546f
218334,0x354de,2,0,2,0x354cb
218508,0x3558c,2,0,2,0x35555
218646,0x35616,2,0,2,0x355ee
218679,0x35637,2,0,2,0x35626
218913,0x35721,2,0,2,0x356f3
219569,0x359b1,2,0,2,0x35971
219907,0x35b03,2,0,2,0x35ae3
220432,0x35d10,2,0,2,0x35cf8
220494,0x35d4e,2,0,2,0x35d36
220518,0x35d66,2,0,2,0x35d27
220650,0x35dea,2,0,2,0x35dd2
220713,0x35e29,2,0,2,0x35e11
220736,0x35e40,2,0,2,0x35e01
220804,0x35e84,2,0,2,0x35da1
221131,0x35fcb,2,0,2,0x35ee8
223831,0x36a57,2,0,2,0x369f1
224606,0x36d5e,2,0,2,0x36d44
225169,0x36f91,2,0,2,0x36f52
225349,0x37045,2,0,2,0x37033
225460,0x370b4,2,0,2,0x37087
225894,0x37266,2,0,2,0x371be
226530,0x374e2,2,0,2,0x373a7
226597,0x37525,2,0,2,0x36f8c
226988,0x376ac,2,0,2,0x37671
227125,0x37735,2,0,2,0x376fb
228591,0x37cef,2,0,2,0x37bf1
230703,0x3852f,2,0,2,0x38435
232721,0x38d11,2,0,2,0x38c2a
232771,0x38d43,2,0,2,0x37e00
234232,0x392f8,2,0,2,0x39225
234440,0x393c8,2,0,2,0x3931a
234764,0x3950c,2,0,2,0x394f6
234795,0x3952b,2,0,2,0x394cc
235261,0x396fd,2,0,2,0x396e6
235448,0x397b8,2,0,2,0x39799
235595,0x3984b,2,0,2,0x397e7
235782,0x39906,2,0,2,0x398f3
236091,0x39a3b,2,0,2,0x3b006
236354,0x39b42,2,0,2,0x39b35
236377,0x39b59,2,0,2,0x39b4c
236962,0x39da2,2,0,2,0x39d95
236983,0x39db7,2,0,2,0x39daa
237004,0x39dcc,2,0,2,0x39dbf
237025,0x39de1,2,0,2,0x39dd4
237046,0x39df6,2,0,2,0x39de9
238509,0x3a3ad,2,0,2,0x3a371
238561,0x3a3e1,2,0,2,0x3a3ab
239051,0x3a5cb,2,0,2,0x3a58a
239382,0x3a716,2,0,2,0x3a699
239720,0x3a868,2,0,2,0x3a856
241182,0x3ae1e,2,0,2,0x3ae09
241585,0x3afb1,2,0,2,0x3af81
241944,0x3b118,2,0,2,0x3b0f9
242037,0x3b175,2,0,2,0x3b14a
242122,0x3b1ca,2,0,2,0x3b1b3
242239,0x3b23f,2,0,2,0x3b259
242287,0x3b26f,2,0,2,0x3b1ef
242392,0x3b2d8,2,0,2,0x3b28a
242641,0x3b3d1,2,0,2,0x3b2c3
243068,0x3b57c,2,0,2,0x3b54a
243668,0x3b7d4,2,0,2,0x3b780
243712,0x3b800,2,0,2,0x3b7d9
245714,0x3bfd2,2,0,2,0x3bfa7
245779,0x3c013,2,0,2,0x3bfe9
245845,0x3c055,2,0,2,0x3c02a
245911,0x3c097,2,0,2,0x3c06c
245971,0x3c0d3,2,0,2,0x3c0ad
246029,0x3c10d,2,0,2,0x3c0e9
246086,0x3c146,2,0,2,0x3c0ce
246095,0x3c14f,2,0,2,0x3c124
246161,0x3c191,2,0,2,0x3c166
246227,0x3c1d3,2,0,2,0x3c1a8
246293,0x3c215,2,0,2,0x3c1ea
246359,0x3c257,2,0,2,0x3c22c
246425,0x3c299,2,0,2,0x3c26e
246490,0x3c2da,2,0,2,0x3c2b0
246556,0x3c31c,2,0,2,0x3c2f1
246619,0x3c35b,2,0,2,0x3c332
247094,0x3c536,2,0,2,0x3c52e
247412,0x3c674,2,0,2,0x3c66c
247838,0x3c81e,2,0,2,0x3c816
247992,0x3c8b8,2,0,2,0x3c823
248458,0x3ca8a,2,0,2,0x3ca5c
248972,0x3cc8c,2,0,2,0x3cc72
249192,0x3cd68,2,0,2,0x3cd1a
249555,0x3ced3,2,0,2,0x3cea8
249709,0x3cf6d,2,0,2,0x3cf4a
249916,0x3d03c,2,0,2,0x3d017
249957,0x3d065,2,0,2,0x3d044
251095,0x3d4d7,2,0,2,0x3d4cf
251328,0x3d5c0,2,0,2,0x3d5b8
252532,0x3da74,2,0,2,0x3d9d9
253266,0x3dd52,2,0,2,0x3dd26
253512,0x3de48,2,0,2,0x3de0e
253592,0x3de98,2,0,2,0x3de59
253672,0x3dee8,2,0,2,0x3dea9
253801,0x3df69,2,0,2,0x3df2b
253884,0x3dfbc,2,0,2,0x3df7e
253936,0x3dff0,2,0,2,0x3ddb3
254330,0x3e17a,2,0,2,0x3e159
254440,0x3e1e8,2,0,2,0x3e1ca
254545,0x3e251,2,0,2,0x3e22f
255410,0x3e5b2,2,0,2,0x3e533
255442,0x3e5d2,2,0,2,0x3e5c5
255487,0x3e5ff,2,0,2,0x3e5e6
255536,0x3e630,2,0,2,0x3e613
255595,0x3e66b,2,0,2,0x3e64d
255810,0x3e742,2,0,2,0x3e6dd
256370,0x3e972,2,0,2,0x3e7f4
256419,0x3e9a3,2,0,2,0x3e98e
256466,0x3e9d2,2,0,2,0x3e9c0
256768,0x3eb00,2,0,2,0x439b0
257329,0x3ed31,2,0,2,0x3ed1f
257471,0x3edbf,2,0,2,0x3ed4a
257551,0x3ee0f,2,0,2,0x3edfd
257701,0x3eea5,2,0,2,0x3ee28
257920,0x3ef80,2,0,2,0x3ef6c
258146,0x3f062,2,0,2,0x3f011
258485,0x3f1b5,2,0,2,0x3f1a0
258591,0x3f21f,2,0,2,0x3f204
258897,0x3f351,2,0,2,0x3f33a
259164,0x3f45c,2,0,2,0x3f42d
259278,0x3f4ce,2,0,2,0x3f4bc
259415,0x3f557,2,0,2,0x3f4fb
260042,0x3f7ca,2,0,2,0x3f7b3
260235,0x3f88b,2,0,2,0x3f877
260406,0x3f936,2,0,2,0x3f6bf
260600,0x3f9f8,2,0,2,0x3f9dd
260653,0x3fa2d,2,0,2,0x3fa12
260707,0x3fa63,2,0,2,0x3f988
260811,0x3facb,2,0,2,0x3fa6b
260976,0x3fb70,2,0,2,0x3fb51
261023,0x3fb9f,2,0,2,0x3fb78
261062,0x3fbc6,2,0,2,0x3fba4
261096,0x3fbe8,2,0,2,0x3fcd3
261415,0x3fd27,2,0,2,0x3fbed
262053,0x3ffa5,2,0,2,0x3ff4b
262149,0x40005,2,0,2,0x3ffd5
262179,0x40023,2,0,2,0x3fe89
262334,0x400be,2,0,2,0x4009d
263078,0x403a6,2,0,2,0x4041e
263085,0x403ad,2,0,2,0x40375
263200,0x40420,2,0,2,0x403b0
263318,0x40496,2,0,2,0x40423
263533,0x4056d,2,0,2,0x40499
263735,0x40637,2,0,2,0x40570
264309,0x40875,2,0,2,0x4084b
264409,0x408d9,2,0,2,0x408a2
265023,0x40b3f,2,0,2,0x40ae2
265212,0x40bfc,2,0,2,0x40bea
265311,0x40c5f,2,0,2,0x40c4a
265445,0x40ce5,2,0,2,0x40cb7
265586,0x40d72,2,0,2,0x40d11
266174,0x40fbe,2,0,2,0x40ddb
266415,0x410af,2,0,2,0x41098
266458,0x410da,2,0,2,0x410c3
266870,0x41276,2,0,2,0x41227
266984,0x412e8,2,0,2,0x41274
268701,0x4199d,2,0,2,0x4197a
269299,0x41bf3,2,0,2,0x41bd1
270181,0x41f65,2,0,2,0x41f3f
270509,0x420ad,2,0,2,0x4209b
270607,0x4210f,2,0,2,0x420fc
270724,0x42184,2,0,2,0x4216e
270829,0x421ed,2,0,2,0x421d6
270963,0x42273,2,0,2,0x4225d
271068,0x422dc,2,0,2,0x422c5
271257,0x42399,2,0,2,0x42387
271323,0x423db,2,0,2,0x423c4
272054,0x426b6,2,0,2,0x426e2
272368,0x427f0,2,0,2,0x427c5
272475,0x4285b,2,0,2,0x42b4a
272485,0x42865,2,0,2,0x4283a
272664,0x42918,2,0,2,0x42bf9
272885,0x429f5,2,0,2,0x42d6b
272895,0x429ff,2,0,2,0x429d4
272951,0x42a37,2,0,2,0x42a0c
273182,0x42b1e,2,0,2,0x42af4
273638,0x42ce6,2,0,2,0x42cbb
274008,0x42e58,2,0,2,0x42e2e
274524,0x4305c,2,0,2,0x43031
274890,0x431ca,2,0,2,0x431b1
275327,0x4337f,2,0,2,0x43371
275572,0x43474,2,0,2,0x4345e
276116,0x43694,2,0,2,0x4367e
276496,0x43810,2,0,2,0x437f5
277105,0x43a71,2,0,2,0x43a54
277231,0x43aef,2,0,2,0x43adc
278082,0x43e42,2,0,2,0x43d98
278212,0x43ec4,2,0,2,0x43ead
278348,0x43f4c,2,0,2,0x43f37
279109,0x44245,2,0,2,0x4422a
279125,0x44255,2,0,2,0x44197
279257,0x442d9,2,0,2,0x442bd
279273,0x442e9,2,0,2,0x4413d
279669,0x44475,2,0,2,0x44374
279939,0x44583,2,0,2,0x4452b
280014,0x445ce,2,0,2,0x4459a
280084,0x44614,2,0,2,0x445e2
280332,0x4470c,2,0,2,0x446dc
280542,0x447de,2,0,2,0x4479a
280907,0x4494b,2,0,2,0x4489b
281017,0x449b9,2,0,2,0x449a3
281289,0x44ac9,2,0,2,0x44aaf
281568,0x44be0,2,0,2,0x44bd2
282528,0x44fa0,2,0,2,0x44f32
284945,0x45911,2,0,2,0x458f5
284953,0x45919,2,0,2,0x458db
285410,0x45ae2,2,0,2,0x45ad4
285417,0x45ae9,2,0,2,0x45ac1
285428,0x45af4,2,0,2,0x45f62
285449,0x45b09,2,0,2,0x48083
286033,0x45d51,2,0,2,0x45d35
286041,0x45d59,2,0,2,0x45d1b
286544,0x45f50,2,0,2,0x45f42
286551,0x45f57,2,0,2,0x45f2f
287234,0x46202,2,0,2,0x461e6
287242,0x4620a,2,0,2,0x461d4
287817,0x46449,2,0,2,0x4643b
287824,0x46450,2,0,2,0x46430
288665,0x46799,2,0,2,0x46768
288773,0x46805,2,0,2,0x467ed
289325,0x46a2d,2,0,2,0x469b6
289330,0x46a32,2,0,2,0x46a29
290972,0x4709c,2,0,2,0x4707c
291067,0x470fb,2,0,2,0x470e7
291480,0x47298,2,0,2,0x471f1
291937,0x47461,2,0,2,0x4744e
292148,0x47534,2,0,2,0x47521
292307,0x475d3,2,0,2,0x475a4
292373,0x47615,2,0,2,0x47605
292431,0x4764f,2,0,2,0x4762b
292558,0x476ce,2,0,2,0x476a6
292638,0x4771e,2,0,2,0x476ef
292725,0x47775,2,0,2,0x47746
292798,0x477be,2,0,2,0x47793
292908,0x4782c,2,0,2,0x4780c
293373,0x479fd,2,0,2,0x4796a
295145,0x480e9,2,0,2,0x480b6
295720,0x48328,2,0,2,0x482fe
297488,0x48a10,2,0,2,0x48a04
298527,0x48e1f,2,0,2,0x48e0e
298643,0x48e93,2,0,2,0x48e82
298741,0x48ef5,2,0,2,0x48ee4
299164,0x4909c,2,0,2,0x49073
299242,0x490ea,2,0,2,0x490d7
299901,0x4937d,2,0,2,0x491c2
301499,0x499bb,2,0,2,0x499a9
301856,0x49b20,2,0,2,0x4978d
302029,0x49bcd,2,0,2,0x49b78
302064,0x49bf0,2,0,2,0x49bbf
302206,0x49c7e,2,0,2,0x49c3c
302645,0x49e35,2,0,2,0x49e09
304339,0x4a4d3,2,0,2,0x4aa97
304493,0x4a56d,2,0,2,0x4a518
304822,0x4a6b6,2,0,2,0x4a654
304833,0x4a6c1,2,0,2,0x4a63d
306298,0x4ac7a,2,0,2,0x4abd9
306732,0x4ae2c,2,0,2,0x4add8
306888,0x4aec8,2,0,2,0x4aeb4
307002,0x4af3a,2,0,2,0x4af44
307014,0x4af46,2,0,2,0x4af41
307127,0x4afb7,2,0,2,0x4afa4
307150,0x4afce,2,0,2,0x4afbb
307172,0x4afe4,2,0,2,0x4afd1
307194,0x4affa,2,0,2,0x4afe8
307290,0x4b05a,2,0,2,0x4b047
307313,0x4b071,2,0,2,0x4b05e
307336,0x4b088,2,0,2,0x4b075
307359,0x4b09f,2,0,2,0x4b08c
307906,0x4b2c2,2,0,2,0x4b275
308054,0x4b356,2,0,2,0x4b1da
308633,0x4b599,2,0,2,0x4b549
308766,0x4b61e,2,0,2,0x4b60a
309279,0x4b81f,2,0,2,0x4bba2
309434,0x4b8ba,2,0,2,0x4b85f
310135,0x4bb77,2,0,2,0x4bb24
311430,0x4c086,2,0,2,0x4c017
311895,0x4c257,2,0,2,0x4c222
313000,0x4c6a8,2,0,2,0x4cea9
313325,0x4c7ed,2,0,2,0x4c7d6
313435,0x4c85b,2,0,2,0x4c845
313870,0x4ca0e,2,0,2,0x4c9f8
314155,0x4cb2b,2,0,2,0x4c739
314696,0x4cd48,2,0,2,0x4cd32
315581,0x4d0bd,2,0,2,0x4d21e
315887,0x4d1ef,2,0,2,0x4d197
316373,0x4d3d5,2,0,2,0x4d3b8
316438,0x4d416,2,0,2,0x4d3f2
316867,0x4d5c3,2,0,2,0x4d49d
317113,0x4d6b9,2,0,2,0x4d76f
317315,0x4d783,2,0,2,0x4d6bf
318510,0x4dc2e,2,0,2,0x4dc20
318525,0x4dc3d,2,0,2,0x4dbfe
318590,0x4dc7e,2,0,2,0x4dc5b
318833,0x4dd71,2,0,2,0x4da0e
319300,0x4df44,2,0,2,0x4df4d
319311,0x4df4f,2,0,2,0x4df4a
319344,0x4df70,2,0,2,0x4df79
319355,0x4df7b,2,0,2,0x4df76
319388,0x4df9c,2,0,2,0x4dfa5
319399,0x4dfa7,2,0,2,0x4dfa2
319431,0x4dfc7,2,0,2,0x4dfd0
319442,0x4dfd2,2,0,2,0x4dfcd
319474,0x4dff2,2,0,2,0x4dffb
319485,0x4dffd,2,0,2,0x4dff8
319515,0x4e01b,2,0,2,0x4e024
319526,0x4e026,2,0,2,0x4e021
319559,0x4e047,2,0,2,0x4e050
319570,0x4e052,2,0,2,0x4e04d
319603,0x4e073,2,0,2,0x4e07c
319614,0x4e07e,2,0,2,0x4e079
319642,0x4e09a,2,0,2,0x4e0a3
319653,0x4e0a5,2,0,2,0x4e0a0
319680,0x4e0c0,2,0,2,0x4e0c9
319691,0x4e0cb,2,0,2,0x4e0c6
319721,0x4e0e9,2,0,2,0x4e0f2
319732,0x4e0f4,2,0,2,0x4e0ef
319757,0x4e10d,2,0,2,0x4e116
319768,0x4e118,2,0,2,0x4e113
319801,0x4e139,2,0,2,0x4e142
319812,0x4e144,2,0,2,0x4e13f
319844,0x4e164,2,0,2,0x4e16d
319855,0x4e16f,2,0,2,0x4e16a
319888,0x4e190,2,0,2,0x4e199
319899,0x4e19b,2,0,2,0x4e196
319931,0x4e1bb,2,0,2,0x4e1c4
319942,0x4e1c6,2,0,2,0x4e1c1
320696,0x4e4b8,2,0,2,0x4e4a8
320698,0x4e4ba,2,0,2,0x4e4a2
320750,0x4e4ee,2,0,2,0x4e4d1
320815,0x4e52f,2,0,2,0x4e505
320841,0x4e549,2,0,2,0x4e536
320858,0x4e55a,2,0,2,0x4e54d
321221,0x4e6c5,2,0,2,0x4e63e
321591,0x4e837,2,0,2,0x4e82d
322145,0x4ea61,2,0,2,0x4ea3d
322357,0x4eb35,2,0,2,0x4eb0d
323089,0x4ee11,2,0,2,0x4f2b7
323091,0x4ee13,2,0,2,0x4ed97
323104,0x4ee20,2,0,2,0x4eb81
323587,0x4f003,2,0,2,0x4eff5
323725,0x4f08d,2,0,2,0x4f07f
324467,0x4f373,2,0,2,0x4f32c
325189,0x4f645,2,0,2,0x4f5bc
325440,0x4f740,2,0,2,0x4f68c
325579,0x4f7cb,2,0,2,0x4f7b2
326038,0x4f996,2,0,2,0x4f982
326258,0x4fa72,2,0,2,0x4fa43
326510,0x4fb6e,2,0,2,0x4fc3e
326574,0x4fbae,2,0,2,0x4fc77
326591,0x4fbbf,2,0,2,0x4fc84
326772,0x4fc74,2,0,2,0x4fbf8
326783,0x4fc7f,2,0,2,0x4fbfe
326853,0x4fcc5,2,0,2,0x4fcb4
327178,0x4fe0a,2,0,2,0x4fdfc
327180,0x4fe0c,2,0,2,0x4fdf6
327434,0x4ff0a,2,0,2,0x4fef2
327558,0x4ff86,2,0,2,0x4ff3f
328050,0x50172,2,0,2,0x50185
328205,0x5020d,2,0,2,0x501dd
328283,0x5025b,2,0,2,0x50228
328290,0x50262,2,0,2,0x5020b
328476,0x5031c,2,0,2,0x502d5
328692,0x503f4,2,0,2,0x50395
328984,0x50518,2,0,2,0x50508
329055,0x5055f,2,0,2,0x5054f
329282,0x50642,2,0,2,0x505f9
329833,0x50869,2,0,2,0x50834
329897,0x508a9,2,0,2,0x508a5
330295,0x50a37,2,0,2,0x509ef
330527,0x50b1f,2,0,2,0x50af4
330728,0x50be8,2,0,2,0x50b7f
331150,0x50d8e,2,0,2,0x50d69
331187,0x50db3,2,0,2,0x50d91
331242,0x50dea,2,0,2,0x50db6
331551,0x50f1f,2,0,2,0x50f14
331633,0x50f71,2,0,2,0x50f66
331654,0x50f86,2,0,2,0x51021
332200,0x511a8,2,0,2,0x51187
332214,0x511b6,2,0,2,0x510bf
332537,0x512f9,2,0,2,0x51224
332595,0x51333,2,0,2,0x50f8b
332832,0x51420,2,0,2,0x513f5
332918,0x51476,2,0,2,0x50c0e
333349,0x51625,2,0,2,0x51596
334606,0x51b0e,2,0,2,0x5188b
337878,0x527d6,2,0,2,0x52b72
338281,0x52969,2,0,2,0x52b40
338585,0x52a99,2,0,2,0x529a8
338749,0x52b3d,2,0,2,0x52aa0
339967,0x52fff,2,0,2,0x52f91
340280,0x53138,2,0,2,0x53067
340943,0x533cf,2,0,2,0x53572
340985,0x533f9,2,0,2,0x533ec
341324,0x5354c,2,0,2,0x53538
341360,0x53570,2,0,2,0x5348c
341655,0x53697,2,0,2,0x5360c
341998,0x537ee,2,0,2,0x536e6
342048,0x53820,2,0,2,0x5380f
342327,0x53937,2,0,2,0x53929
342335,0x5393f,2,0,2,0x53914
342622,0x53a5e,2,0,2,0x53a50
342855,0x53b47,2,0,2,0x5395e
343187,0x53c93,2,0,2,0x53c13
343193,0x53c99,2,0,2,0x53bc9
343513,0x53dd9,2,0,2,0x53dbb
343960,0x53f98,2,0,2,0x53f78
344152,0x54058,2,0,2,0x54047
344565,0x541f5,2,0,2,0x540b8
344710,0x54286,2,0,2,0x54270
345201,0x54471,2,0,2,0x54588
345458,0x54572,2,0,2,0x54534
345678,0x5464e,2,0,2,0x5463e
345713,0x54671,2,0,2,0x54661
345784,0x546b8,2,0,2,0x5460a
345832,0x546e8,2,0,2,0x546d0
346108,0x547fc,2,0,2,0x547ec
346176,0x54840,2,0,2,0x54830
346480,0x54970,2,0,2,0x54941
346534,0x549a6,2,0,2,0x5499a
346548,0x549b4,2,0,2,0x549a4
346679,0x54a37,2,0,2,0x54a27
348169,0x55009,2,0,2,0x54f8b
348178,0x55012,2,0,2,0x54f7c
349825,0x55681,2,0,2,0x5566a
349889,0x556c1,2,0,2,0x55693
350013,0x5573d,2,0,2,0x556e3
350100,0x55794,2,0,2,0x55779
351216,0x55bf0,2,0,2,0x55bd2
351811,0x55e43,2,0,2,0x55e16
352720,0x561d0,2,0,2,0x561c2
353203,0x563b3,2,0,2,0x562ae
353248,0x563e0,2,0,2,0x563d1
353561,0x56519,2,0,2,0x56507
354074,0x5671a,2,0,2,0x56704
354293,0x567f5,2,0,2,0x567da
355041,0x56ae1,2,0,2,0x56a9e
356118,0x56f16,2,0,2,0x56e40
356146,0x56f32,2,0,2,0x56f20
356347,0x56ffb,2,0,2,0x56fc8
356405,0x57035,2,0,2,0x57002
356905,0x57229,2,0,2,0x571f7
357033,0x572a9,2,0,2,0x5729d
357565,0x574bd,2,0,2,0x57486
358748,0x5795c,2,0,2,0x57936
358821,0x579a5,2,0,2,0x5797a
358910,0x579fe,2,0,2,0x579be
359161,0x57af9,2,0,2,0x578e0
359339,0x57bab,2,0,2,0x57b68
359888,0x57dd0,2,0,2,0x57deb
360725,0x58115,2,0,2,0x580ff
361439,0x583df,2,0,2,0x58326
361486,0x5840e,2,0,2,0x583fa
361667,0x584c3,2,0,2,0x584ae
361980,0x585fc,2,0,2,0x585eb
362147,0x586a3,2,0,2,0x5867b
362161,0x586b1,2,0,2,0x58649
363002,0x589fa,2,0,2,0x589ed
363106,0x58a62,2,0,2,0x58b16
363126,0x58a76,2,0,2,0x58a0c
363661,0x58c8d,2,0,2,0x58c63
363831,0x58d37,2,0,2,0x56269
364648,0x59068,2,0,2,0x5901a
364660,0x59074,2,0,2,0x58ea3
364840,0x59128,2,0,2,0x590f7
365320,0x59308,2,0,2,0x59313
365370,0x5933a,2,0,2,0x5930a
365492,0x593b4,2,0,2,0x5939e
365920,0x59560,2,0,2,0x59544
366557,0x597dd,2,0,2,0x597c4
366689,0x59861,2,0,2,0x59811
367008,0x599a0,2,0,2,0x5998e
367234,0x59a82,2,0,2,0x59a69
367369,0x59b09,2,0,2,0x59a14
367499,0x59b8b,2,0,2,0x59b7b
367587,0x59be3,2,0,2,0x59bd5
367652,0x59c24,2,0,2,0x59b99
368554,0x59faa,2,0,2,0x59f6b
368629,0x59ff5,2,0,2,0x59fa8
368808,0x5a0a8,2,0,2,0x5a055
368881,0x5a0f1,2,0,2,0x5a0a6
370621,0x5a7bd,2,0,2,0x5a7ad
371382,0x5aab6,2,0,2,0x5aa97
371446,0x5aaf6,2,0,2,0x5aae8
371595,0x5ab8b,2,0,2,0x5ab76
372225,0x5ae01,2,0,2,0x5ad8b
372790,0x5b036,2,0,2,0x5affb
373138,0x5b192,2,0,2,0x5b157
374018,0x5b502,2,0,2,0x5b4f6
374132,0x5b574,2,0,2,0x5b568
374549,0x5b715,2,0,2,0x5b6ea
374606,0x5b74e,2,0,2,0x5b740
374777,0x5b7f9,2,0,2,0x5b7eb
374988,0x5b8cc,2,0,2,0x5b8c8
375970,0x5bca2,2,0,2,0x5bc73
376000,0x5bcc0,2,0,2,0x5bcb2
376318,0x5bdfe,2,0,2,0x5bdb5
376726,0x5bf96,2,0,2,0x5bf40
377023,0x5c0bf,2,0,2,0x5c0b3
377373,0x5c21d,2,0,2,0x5c1dd
377425,0x5c251,2,0,2,0x5c245
377966,0x5c46e,2,0,2,0x5c3c2
378019,0x5c4a3,2,0,2,0x5c494
378250,0x5c58a,2,0,2,0x5c551
378711,0x5c757,2,0,2,0x5c729
378772,0x5c794,2,0,2,0x5c767
378977,0x5c861,2,0,2,0x5c7df
379254,0x5c976,2,0,2,0x5c962
381054,0x5d07e,2,0,2,0x5d0b3
381185,0x5d101,2,0,2,0x5d0f4
381549,0x5d26d,2,0,2,0x5d260
383251,0x5d913,2,0,2,0x5d8f1
383298,0x5d942,2,0,2,0x5d925
383311,0x5d94f,2,0,2,0x5d911
383777,0x5db21,2,0,2,0x5db16
383902,0x5db9e,2,0,2,0x5db93
384168,0x5dca8,2,0,2,0x5dc56
384205,0x5dccd,2,0,2,0x5dbeb
384426,0x5ddaa,2,0,2,0x5dd79
384475,0x5dddb,2,0,2,0x5ddbc
384488,0x5dde8,2,0,2,0x5dda8
384785,0x5df11,2,0,2,0x5debf
384822,0x5df36,2,0,2,0x5de54
385577,0x5e229,2,0,2,0x5e21a
385811,0x5e313,2,0,2,0x5e307
385858,0x5e342,2,0,2,0x5e336
385931,0x5e38b,2,0,2,0x5e37f
385969,0x5e3b1,2,0,2,0x5e3a5
386716,0x5e69c,2,0,2,0x5e690
386932,0x5e774,2,0,2,0x5e716
388426,0x5ed4a,2,0,2,0x5ed3d
388969,0x5ef69,2,0,2,0x5ef5c
389399,0x5f117,2,0,2,0x5f106
389513,0x5f189,2,0,2,0x5f178
389668,0x5f224,2,0,2,0x5f1db
389911,0x5f317,2,0,2,0x5f2ea
390420,0x5f514,2,0,2,0x5f324
390433,0x5f521,2,0,2,0x5f95a
391986,0x5fb32,2,0,2,0x5fb86
393805,0x6024d,2,0,2,0x60235
393828,0x60264,2,0,2,0x60251
396236,0x60bcc,2,0,2,0x60c3c
396808,0x60e08,2,0,2,0x60dcb
396918,0x60e76,2,0,2,0x60e56
398405,0x61445,2,0,2,0x61419
398492,0x6149c,2,0,2,0x6147c
398825,0x615e9,2,0,2,0x615cf
398885,0x61625,2,0,2,0x6160b
398943,0x6165f,2,0,2,0x6164a
398964,0x61674,2,0,2,0x615f3
399016,0x616a8,2,0,2,0x6167e
399320,0x617d8,2,0,2,0x6186e
399495,0x61887,2,0,2,0x618a9
399609,0x618f9,2,0,2,0x6191d
400247,0x61b77,2,0,2,0x61b61
400372,0x61bf4,2,0,2,0x61bc3
400958,0x61e3e,2,0,2,0x61e31
400981,0x61e55,2,0,2,0x61e48
401159,0x61f07,2,0,2,0x61ec0
401307,0x61f9b,2,0,2,0x61f8e
401329,0x61fb1,2,0,2,0x61fa4
401517,0x6206d,2,0,2,0x62026
401668,0x62104,2,0,2,0x620f7
401690,0x6211a,2,0,2,0x6210d
401853,0x621bd,2,0,2,0x621af
402183,0x62307,2,0,2,0x622f4
402347,0x623ab,2,0,2,0x6239e
402370,0x623c2,2,0,2,0x623b5
402593,0x624a1,2,0,2,0x6242a
402661,0x624e5,2,0,2,0x624d7
404614,0x62c86,2,0,2,0x62c52
404689,0x62cd1,2,0,2,0x62ca8
404834,0x62d62,2,0,2,0x62d30
405078,0x62e56,2,0,2,0x62cdb
405507,0x63003,2,0,2,0x62fab
405959,0x631c7,2,0,2,0x631a9
406106,0x6325a,2,0,2,0x63214
406462,0x633be,2,0,2,0x633ab
407028,0x635f4,2,0,2,0x635d1
407298,0x63702,2,0,2,0x636d8
408758,0x63cb6,2,0,2,0x63c87
408895,0x63d3f,2,0,2,0x63cb1
408900,0x63d44,2,0,2,0x63cfb
409024,0x63dc0,2,0,2,0x63d51
409100,0x63e0c,2,0,2,0x63df3
409390,0x63f2e,2,0,2,0x63f03
409591,0x63ff7,2,0,2,0x63fbf
409915,0x6413b,2,0,2,0x640fe
410045,0x641bd,2,0,2,0x6415d
410082,0x641e2,2,0,2,0x641d0
410264,0x64298,2,0,2,0x64251
410350,0x642ee,2,0,2,0x642a7
410728,0x64468,2,0,2,0x64434
410786,0x644a2,2,0,2,0x64484
412334,0x64aae,2,0,2,0x64a71
412682,0x64c0a,2,0,2,0x64cd2
413454,0x64f0e,2,0,2,0x64f04
413504,0x64f40,2,0,2,0x64f36
413742,0x6502e,2,0,2,0x64fd7
414066,0x65172,2,0,2,0x65158
414246,0x65226,2,0,2,0x651b3
415582,0x6575e,2,0,2,0x6574a
415589,0x65765,2,0,2,0x65716
415607,0x65777,2,0,2,0x656eb
415689,0x657c9,2,0,2,0x657b8
415929,0x658b9,2,0,2,0x65886
416713,0x65bc9,2,0,2,0x65bad
416785,0x65c11,2,0,2,0x65b9a
416920,0x65c98,2,0,2,0x65c6f
417736,0x65fc8,2,0,2,0x65fb5
417800,0x66008,2,0,2,0x65ff9
418080,0x66120,2,0,2,0x66103
418475,0x662ab,2,0,2,0x66243
418724,0x663a4,2,0,2,0x662f3
418965,0x66495,2,0,2,0x665c2
419101,0x6651d,2,0,2,0x664c4
419545,0x666d9,2,0,2,0x6664c
419804,0x667dc,2,0,2,0x667ca
421018,0x66c9a,2,0,2,0x66c3c
421038,0x66cae,2,0,2,0x66b83
421384,0x66e08,2,0,2,0x66d63
421902,0x6700e,2,0,2,0x66fda
422545,0x67291,2,0,2,0x67125
422547,0x67293,2,0,2,0x671ab
422652,0x672fc,2,0,2,0x672e8
422719,0x6733f,2,0,2,0x67325
425801,0x67f49,2,0,2,0x67f1d
425916,0x67fbc,2,0,2,0x67fa8
426131,0x68093,2,0,2,0x6807c
426221,0x680ed,2,0,2,0x68151
426329,0x68159,2,0,2,0x680f1
426363,0x6817b,2,0,2,0x68163
426476,0x681ec,2,0,2,0x681d5
426510,0x6820e,2,0,2,0x681f3
426590,0x6825e,2,0,2,0x68241
426595,0x68263,2,0,2,0x6822a
427235,0x684e3,2,0,2,0x684c6
427344,0x68550,2,0,2,0x68536
427713,0x686c1,2,0,2,0x686a7
428674,0x68a82,2,0,2,0x68a70
428723,0x68ab3,2,0,2,0x68aa7
428764,0x68adc,2,0,2,0x68afb
428810,0x68b0a,2,0,2,0x68ada
428852,0x68b34,2,0,2,0x68b25
428872,0x68b48,2,0,2,0x68b78
429080,0x68c18,2,0,2,0x68c07
429594,0x68e1a,2,0,2,0x68e0b
429612,0x68e2c,2,0,2,0x68e1e
429641,0x68e49,2,0,2,0x68e34
430483,0x69193,2,0,2,0x6917d
430713,0x69279,2,0,2,0x69291
431788,0x696ac,2,0,2,0x69693
432248,0x69878,2,0,2,0x69856
432310,0x698b6,2,0,2,0x698a0
432835,0x69ac3,2,0,2,0x69a82
432929,0x69b21,2,0,2,0x69b0e
432999,0x69b67,2,0,2,0x69b53
433055,0x69b9f,2,0,2,0x69b8a
433343,0x69cbf,2,0,2,0x69cb2
433800,0x69e88,2,0,2,0x69e7d
434450,0x6a112,2,0,2,0x6a0e8
434593,0x6a1a1,2,0,2,0x6a194
434752,0x6a240,2,0,2,0x6a20c
435156,0x6a3d4,2,0,2,0x6a3ba
435229,0x6a41d,2,0,2,0x6a40a
435574,0x6a576,2,0,2,0x6a56d
436472,0x6a8f8,2,0,2,0x6a977
436513,0x6a921,2,0,2,0x6a90d
436612,0x6a984,2,0,2,0x6a8fa
436647,0x6a9a7,2,0,2,0x6a996
437201,0x6abd1,2,0,2,0x6abc3
437949,0x6aebd,2,0,2,0x6aea8
438113,0x6af61,2,0,2,0x6af4f
438969,0x6b2b9,2,0,2,0x6b27f
439066,0x6b31a,2,0,2,0x6b3e0
439377,0x6b451,2,0,2,0x6b2eb
439472,0x6b4b0,2,0,2,0x6b47b
439555,0x6b503,2,0,2,0x6b57c
439641,0x6b559,2,0,2,0x6b525
440066,0x6b702,2,0,2,0x6b6f4
440714,0x6b98a,2,0,2,0x6baf3
441482,0x6bc8a,2,0,2,0x6bc5f
441729,0x6bd81,2,0,2,0x6bf58
442019,0x6bea3,2,0,2,0x6be12
442147,0x6bf23,2,0,2,0x6bf08
442191,0x6bf4f,2,0,2,0x6bf3e
442906,0x6c21a,2,0,2,0x6c212
443001,0x6c279,2,0,2,0x6c25b
443281,0x6c391,2,0,2,0x6c1b4
443396,0x6c404,2,0,2,0x6c3e5
443540,0x6c494,2,0,2,0x6c455
443650,0x6c502,2,0,2,0x6c4f1
444028,0x6c67c,2,0,2,0x6c665
444732,0x6c93c,2,0,2,0x6c928
445252,0x6cb44,2,0,2,0x6cb25
445395,0x6cbd3,2,0,2,0x6cbc6
445455,0x6cc0f,2,0,2,0x6cbfa
445567,0x6cc7f,2,0,2,0x6cc1c
446120,0x6cea8,2,0,2,0x6ce8f
447802,0x6d53a,2,0,2,0x6d51a
448812,0x6d92c,2,0,2,0x6d91a
448833,0x6d941,2,0,2,0x6d90b
449301,0x6db15,2,0,2,0x6dd01
449552,0x6dc10,2,0,2,0x6dbd4
449674,0x6dc8a,2,0,2,0x6dc4a
449706,0x6dcaa,2,0,2,0x6dc8e
449788,0x6dcfc,2,0,2,0x6dcdc
449902,0x6dd6e,2,0,2,0x6dfb0
449964,0x6ddac,2,0,2,0x6dec3
450065,0x6de11,2,0,2,0x6dded
450106,0x6de3a,2,0,2,0x6dede
450564,0x6e004,2,0,2,0x6dfd1
450675,0x6e073,2,0,2,0x6e0fe
450811,0x6e0fb,2,0,2,0x6e0e5
451058,0x6e1f2,2,0,2,0x6e492
451275,0x6e2cb,2,0,2,0x6e2bc
451725,0x6e48d,2,0,2,0x6e471
452091,0x6e5fb,2,0,2,0x6e5cf
452841,0x6e8e9,2,0,2,0x6e8da
454467,0x6ef43,2,0,2,0x6ef37
454535,0x6ef87,2,0,2,0x6ef74
455343,0x6f2af,2,0,2,0x6f276
455371,0x6f2cb,2,0,2,0x6f26d
455689,0x6f409,2,0,2,0x6f3ad
456344,0x6f698,2,0,2,0x6f66b
456922,0x6f8da,2,0,2,0x6f82f
457367,0x6fa97,2,0,2,0x6fa6e
459494,0x702e6,2,0,2,0x702db
460309,0x70615,2,0,2,0x705f2
461053,0x708fd,2,0,2,0x708ca
461612,0x70b2c,2,0,2,0x70b16
461747,0x70bb3,2,0,2,0x70b72
462170,0x70d5a,2,0,2,0x70d16
463435,0x7124b,2,0,2,0x71238
465038,0x7188e,2,0,2,0x717f4
465289,0x71989,2,0,2,0x7196a
465326,0x719ae,2,0,2,0x7193b
465348,0x719c4,2,0,2,0x719b7
465537,0x71a81,2,0,2,0x71a2e
465888,0x71be0,2,0,2,0x71bb7
468447,0x725df,2,0,2,0x725c9
468778,0x7272a,2,0,2,0x7271c
469314,0x72942,2,0,2,0x729c1
470761,0x72ee9,2,0,2,0x72edc
470936,0x72f98,2,0,2,0x72f8b
470991,0x72fcf,2,0,2,0x72f21
471146,0x7306a,2,0,2,0x73046
471294,0x730fe,2,0,2,0x73097
471470,0x731ae,2,0,2,0x73117
471593,0x73229,2,0,2,0x7320d
471683,0x73283,2,0,2,0x7325c
472618,0x7362a,2,0,2,0x7360b
472884,0x73734,2,0,2,0x73709
473838,0x73aee,2,0,2,0x739a2
474368,0x73d00,2,0,2,0x75c85
474778,0x73e9a,2,0,2,0x73e83
474822,0x73ec6,2,0,2,0x73ea1
475098,0x73fda,2,0,2,0x73f7a
475386,0x740fa,2,0,2,0x7407d
475624,0x741e8,2,0,2,0x74176
475912,0x74308,2,0,2,0x7429a
476552,0x74588,2,0,2,0x74568
477246,0x7483e,2,0,2,0x7482d
477291,0x7486b,2,0,2,0x74855
477412,0x748e4,2,0,2,0x748a3
477428,0x748f4,2,0,2,0x74887
477473,0x74921,2,0,2,0x7490b
477561,0x74979,2,0,2,0x74965
477758,0x74a3e,2,0,2,0x74a0c
478040,0x74b58,2,0,2,0x74b44
478228,0x74c14,2,0,2,0x74bf4
478749,0x74e1d,2,0,2,0x74e05
478800,0x74e50,2,0,2,0x74e30
478827,0x74e6b,2,0,2,0x74e5a
480013,0x7530d,2,0,2,0x752a4
480645,0x75585,2,0,2,0x75571
480655,0x7558f,2,0,2,0x75afd
480831,0x7563f,2,0,2,0x755d9
481184,0x757a0,2,0,2,0x7578b
481191,0x757a7,2,0,2,0x7576a
481227,0x757cb,2,0,2,0x757ab
481256,0x757e8,2,0,2,0x757cf
481352,0x75848,2,0,2,0x75824
481391,0x7586f,2,0,2,0x75852
481419,0x7588b,2,0,2,0x75879
481533,0x758fd,2,0,2,0x75886
481623,0x75957,2,0,2,0x7594a
481646,0x7596e,2,0,2,0x75961
482410,0x75c6a,2,0,2,0x75c27
482700,0x75d8c,2,0,2,0x75d76
483048,0x75ee8,2,0,2,0x75e9e
483520,0x760c0,2,0,2,0x76089
484023,0x762b7,2,0,2,0x7628f
484208,0x76370,2,0,2,0x76360
484241,0x76391,2,0,2,0x76377
484255,0x7639f,2,0,2,0x7637d
484613,0x76505,2,0,2,0x764f2
484618,0x7650a,2,0,2,0x764a0
484659,0x76533,2,0,2,0x76521
484724,0x76574,2,0,2,0x76538
485079,0x766d7,2,0,2,0x766bf
485276,0x7679c,2,0,2,0x7677c
485970,0x76a52,2,0,2,0x76a3e
486247,0x76b67,2,0,2,0x76b28
486323,0x76bb3,2,0,2,0x76b93
486384,0x76bf0,2,0,2,0x76bbd
486660,0x76d04,2,0,2,0x76ca9
486707,0x76d33,2,0,2,0x76d0e
486754,0x76d62,2,0,2,0x76d3d
486814,0x76d9e,2,0,2,0x76d6c
486861,0x76dcd,2,0,2,0x76da8
486908,0x76dfc,2,0,2,0x76dd7
486974,0x76e3e,2,0,2,0x76e30
487012,0x76e64,2,0,2,0x76e06
487135,0x76edf,2,0,2,0x76e6e
487298,0x76f82,2,0,2,0x76f68
487501,0x7704d,2,0,2,0x77014
488819,0x77573,2,0,2,0x774fb
488870,0x775a6,2,0,2,0x77589
488893,0x775bd,2,0,2,0x77580
488908,0x775cc,2,0,2,0x7647c
489594,0x7787a,2,0,2,0x77860
489644,0x778ac,2,0,2,0x77888
489658,0x778ba,2,0,2,0x77878
489912,0x779b8,2,0,2,0x778d8
490047,0x77a3f,2,0,2,0x779fe
490191,0x77acf,2,0,2,0x77a3a
490382,0x77b8e,2,0,2,0x77b4e
494890,0x78d2a,2,0,2,0x78cfe
495165,0x78e3d,2,0,2,0x78d93
495707,0x7905b,2,0,2,0x79036
495849,0x790e9,2,0,2,0x7909d
495964,0x7915c,2,0,2,0x79146
495974,0x79166,2,0,2,0x7912c
495999,0x7917f,2,0,2,0x7916c
496165,0x79225,2,0,2,0x791c0
496534,0x79396,2,0,2,0x79381
496771,0x79483,2,0,2,0x794c5
496790,0x79496,2,0,2,0x79460
496870,0x794e6,2,0,2,0x7949d
496908,0x7950c,2,0,2,0x794ed
497005,0x7956d,2,0,2,0x79513
497825,0x798a1,2,0,2,0x7988f
498221,0x79a2d,2,0,2,0x79a09
498312,0x79a88,2,0,2,0x79a67
498329,0x79a99,2,0,2,0x79a44
498587,0x79b9b,2,0,2,0x79a9f
499129,0x79db9,2,0,2,0x79d86
499182,0x79dee,2,0,2,0x79dc9
499559,0x79f67,2,0,2,0x79ebe
500044,0x7a14c,2,0,2,0x7a0fa
501630,0x7a77e,2,0,2,0x7a74d
502129,0x7a971,2,0,2,0x7a93b
502465,0x7aac1,2,0,2,0x7aa3d
502553,0x7ab19,2,0,2,0x7aac5
503051,0x7ad0b,2,0,2,0x7acf7
503786,0x7afea,2,0,2,0x7afd5
504149,0x7b155,2,0,2,0x7afaa
504233,0x7b1a9,2,0,2,0x7b193
504325,0x7b205,2,0,2,0x7b1da
504398,0x7b24e,2,0,2,0x7b23f
504465,0x7b291,2,0,2,0x7b273
504540,0x7b2dc,2,0,2,0x7b258
504900,0x7b444,2,0,2,0x7b3af
505028,0x7b4c4,2,0,2,0x7b479
505571,0x7b6e3,2,0,2,0x7b61b
506157,0x7b92d,2,0,2,0x7b8e2
506335,0x7b9df,2,0,2,0x7b9c1
506356,0x7b9f4,2,0,2,0x7b9e5
506437,0x7ba45,2,0,2,0x7ba06
506529,0x7baa1,2,0,2,0x7ba88
506801,0x7bbb1,2,0,2,0x7bb91
506862,0x7bbee,2,0,2,0x7bb71
506877,0x7bbfd,2,0,2,0x7c4be
507539,0x7be93,2,0,2,0x7be82
507669,0x7bf15,2,0,2,0x7becf
507721,0x7bf49,2,0,2,0x7bf35
507737,0x7bf59,2,0,2,0x7bf23
507771,0x7bf7b,2,0,2,0x7bf68
507929,0x7c019,2,0,2,0x7bffe
508053,0x7c095,2,0,2,0x7c07d
508648,0x7c2e8,2,0,2,0x7c1c8
508813,0x7c38d,2,0,2,0x7c370
508833,0x7c3a1,2,0,2,0x7c392
508898,0x7c3e2,2,0,2,0x7c3a5
509196,0x7c50c,2,0,2,0x7c500
509201,0x7c511,2,0,2,0x7c4e1
509708,0x7c70c,2,0,2,0x7c78a
509836,0x7c78c,2,0,2,0x7c782
510596,0x7ca84,2,0,2,0x7c9fc
510861,0x7cb8d,2,0,2,0x7d405
510962,0x7cbf2,2,0,2,0x7cbe4
511314,0x7cd52,2,0,2,0x7cd48
511396,0x7cda4,2,0,2,0x7cd89
512763,0x7d2fb,2,0,2,0x7d328
513050,0x7d41a,2,0,2,0x7d375
513374,0x7d55e,2,0,2,0x7d549
513410,0x7d582,2,0,2,0x7d56d
514137,0x7d859,2,0,2,0x7d840
514143,0x7d85f,2,0,2,0x7d771
514548,0x7d9f4,2,0,2,0x7d8dc
516140,0x7e02c,2,0,2,0x7dfbf
516215,0x7e077,2,0,2,0x7e059
516361,0x7e109,2,0,2,0x7e0cb
516786,0x7e2b2,2,0,2,0x7e2a4
517719,0x7e657,2,0,2,0x7e66b
518059,0x7e7ab,2,0,2,0x7e771
518535,0x7e987,2,0,2,0x7faca
520994,0x7f322,2,0,2,0x7f397
522418,0x7f8b2,2,0,2,0x7f8c0
522482,0x7f8f2,2,0,2,0x7f8fe
522635,0x7f98b,2,0,2,0x7f97a
523180,0x7fbac,2,0,2,0x7fbb6
523192,0x7fbb8,2,0,2,0x7fbb3
523714,0x7fdc2,2,0,2,0x7fdb9
523775,0x7fdff,2,0,2,0x7fdef
524262,0x7ffe6,2,0,2,0x7ffda
524367,0x8004f,2,0,2,0x8000e
524769,0x801e1,2,0,2,0x80198
524818,0x80212,2,0,2,0x80201
525457,0x80491,2,0,2,0x80469
525746,0x805b2,2,0,2,0x805a6
525823,0x805ff,2,0,2,0x81344
525907,0x80653,2,0,2,0x8063a
526997,0x80a95,2,0,2,0x80a46
527093,0x80af5,2,0,2,0x80acf
527302,0x80bc6,2,0,2,0x80b1c
527350,0x80bf6,2,0,2,0x80b7b
527435,0x80c4b,2,0,2,0x80c28
527683,0x80d43,2,0,2,0x80d25
528017,0x80e91,2,0,2,0x80e7c
528090,0x80eda,2,0,2,0x80eb9
528412,0x8101c,2,0,2,0x80f1d
528716,0x8114c,2,0,2,0x810b2
529815,0x81597,2,0,2,0x8155e
529872,0x815d0,2,0,2,0x81585
529892,0x815e4,2,0,2,0x813fd
530168,0x816f8,2,0,2,0x816cd
530209,0x81721,2,0,2,0x816ed
530704,0x81910,2,0,2,0x81900
530937,0x819f9,2,0,2,0x819eb
532237,0x81f0d,2,0,2,0x8258f
533103,0x8226f,2,0,2,0x82254
533851,0x8255b,2,0,2,0x82540
534245,0x826e5,2,0,2,0x826a4
534328,0x82738,2,0,2,0x826f5
534390,0x82776,2,0,2,0x82745
534448,0x827b0,2,0,2,0x82782
535295,0x82aff,2,0,2,0x82ae5
535345,0x82b31,2,0,2,0x82b17
535487,0x82bbf,2,0,2,0x82ba5
535583,0x82c1f,2,0,2,0x84006
535774,0x82cde,2,0,2,0x82cd4
536130,0x82e42,2,0,2,0x82e21
536172,0x82e6c,2,0,2,0x87f88
536595,0x83013,2,0,2,0x82ffc
536785,0x830d1,2,0,2,0x83096
536938,0x8316a,2,0,2,0x83159
536996,0x831a4,2,0,2,0x83193
537567,0x833df,2,0,2,0x833ac
537992,0x83588,2,0,2,0x83573
538191,0x8364f,2,0,2,0x83642
538214,0x83666,2,0,2,0x83659
538627,0x83803,2,0,2,0x83755
538807,0x838b7,2,0,2,0x83885
538855,0x838e7,2,0,2,0x83807
539688,0x83c28,2,0,2,0x83c07
539894,0x83cf6,2,0,2,0x83cc2
540040,0x83d88,2,0,2,0x83d7c
540415,0x83eff,2,0,2,0x83eeb
540521,0x83f69,2,0,2,0x83f06
541299,0x84273,2,0,2,0x84265
541383,0x842c7,2,0,2,0x842ae
542104,0x84598,2,0,2,0x84585
542225,0x84611,2,0,2,0x845f0
542499,0x84723,2,0,2,0x846f9
542501,0x84725,2,0,2,0x846d1
542702,0x847ee,2,0,2,0x847d9
542711,0x847f7,2,0,2,0x847ae
542718,0x847fe,2,0,2,0x87c28
543328,0x84a60,2,0,2,0x84a50
543727,0x84bef,2,0,2,0x84be3
544050,0x84d32,2,0,2,0x84d11
544217,0x84dd9,2,0,2,0x84d7e
544267,0x84e0b,2,0,2,0x84dea
544889,0x85079,2,0,2,0x85060
546103,0x85537,2,0,2,0x854f0
546136,0x85558,2,0,2,0x85541
546405,0x85665,2,0,2,0x85617
547905,0x85c41,2,0,2,0x85c1c
547958,0x85c76,2,0,2,0x85c3f
548101,0x85d05,2,0,2,0x85c93
548423,0x85e47,2,0,2,0x85d0d
548462,0x85e6e,2,0,2,0x85ecd
548559,0x85ecf,2,0,2,0x85eb1
548954,0x8605a,2,0,2,0x85f7b
548999,0x86087,2,0,2,0x86063
549043,0x860b3,2,0,2,0x860a4
549162,0x8612a,2,0,2,0x86110
549212,0x8615c,2,0,2,0x86142
549517,0x8628d,2,0,2,0x86273
549842,0x863d2,2,0,2,0x863a7
549870,0x863ee,2,0,2,0x863df
550064,0x864b0,2,0,2,0x86460
550297,0x86599,2,0,2,0x86552
551359,0x869bf,2,0,2,0x8699f
552746,0x86f2a,2,0,2,0x86ef3
553155,0x870c3,2,0,2,0x870b0
553213,0x870fd,2,0,2,0x870e6
553283,0x87143,2,0,2,0x8712c
553296,0x87150,2,0,2,0x87110
553479,0x87207,2,0,2,0x871f4
553602,0x87282,2,0,2,0x8721c
553664,0x872c0,2,0,2,0x872ad
554232,0x874f8,2,0,2,0x874dd
554453,0x875d5,2,0,2,0x875c9
554670,0x876ae,2,0,2,0x87695
554734,0x876ee,2,0,2,0x876ac
554798,0x8772e,2,0,2,0x8765f
555264,0x87900,2,0,2,0x878f4
555501,0x879ed,2,0,2,0x879d0
555709,0x87abd,2,0,2,0x87aa7
555937,0x87ba1,2,0,2,0x87b8e
556032,0x87c00,2,0,2,0x87bf5
556055,0x87c17,2,0,2,0x87c02
556201,0x87ca9,2,0,2,0x87c9d
556314,0x87d1a,2,0,2,0x87d0e
556356,0x87d44,2,0,2,0x87d31
556855,0x87f37,2,0,2,0x87eab
557146,0x8805a,2,0,2,0x8801a
557266,0x880d2,2,0,2,0x880be
557430,0x88176,2,0,2,0x88146
557817,0x882f9,2,0,2,0x882f4
557995,0x883ab,2,0,2,0x88384
558209,0x88481,2,0,2,0x88401
558419,0x88553,2,0,2,0x88526
558779,0x886bb,2,0,2,0x8869e
558869,0x88715,2,0,2,0x886f8
559614,0x889fe,2,0,2,0x88948
560493,0x88d6d,2,0,2,0x88d3c
560658,0x88e12,2,0,2,0x88de2
560953,0x88f39,2,0,2,0x88f14
561285,0x89085,2,0,2,0x890e7
561410,0x89102,2,0,2,0x890e0
561666,0x89202,2,0,2,0x891d7
561911,0x892f7,2,0,2,0x892c4
561918,0x892fe,2,0,2,0x89297
562346,0x894aa,2,0,2,0x8949c
562412,0x894ec,2,0,2,0x89493
563566,0x8996e,2,0,2,0x8995f
563584,0x89980,2,0,2,0x89972
563817,0x89a69,2,0,2,0x89956
564282,0x89c3a,2,0,2,0x89c2c
564309,0x89c55,2,0,2,0x89c45
564342,0x89c76,2,0,2,0x89c6a
564516,0x89d24,2,0,2,0x89d16
564543,0x89d3f,2,0,2,0x89d2f
564576,0x89d60,2,0,2,0x89d54
564675,0x89dc3,2,0,2,0x89db4
564959,0x89edf,2,0,2,0x89ed0
565471,0x8a0df,2,0,2,0x8a0b3
565506,0x8a102,2,0,2,0x8a0e6
566064,0x8a330,2,0,2,0x8a320
566082,0x8a342,2,0,2,0x8a332
566100,0x8a354,2,0,2,0x8a344
566287,0x8a40f,2,0,2,0x8a356
566592,0x8a540,2,0,2,0x8a534
566612,0x8a554,2,0,2,0x8a548
566844,0x8a63c,2,0,2,0x8a628
568194,0x8ab82,2,0,2,0x8ab90
568267,0x8abcb,2,0,2,0x8abb5
568294,0x8abe6,2,0,2,0x8b993
568841,0x8ae09,2,0,2,0x8acd2
568942,0x8ae6e,2,0,2,0x8ae29
569061,0x8aee5,2,0,2,0x8aea0
569089,0x8af01,2,0,2,0x8ad9c
569134,0x8af2e,2,0,2,0x8af24
569165,0x8af4d,2,0,2,0x8af38
569172,0x8af54,2,0,2,0x8af46
569198,0x8af6e,2,0,2,0x8af60
569284,0x8afc4,2,0,2,0x8afa9
569918,0x8b23e,2,0,2,0x8b148
570241,0x8b381,2,0,2,0x8b364
570329,0x8b3d9,2,0,2,0x8b3bb
570462,0x8b45e,2,0,2,0x8b3de
570701,0x8b54d,2,0,2,0x8b500
570769,0x8b591,2,0,2,0x8b54f
570819,0x8b5c3,2,0,2,0x8b593
570910,0x8b61e,2,0,2,0x8b464
571423,0x8b81f,2,0,2,0x8b813
571444,0x8b834,2,0,2,0x8b828
571561,0x8b8a9,2,0,2,0x8b89b
571742,0x8b95e,2,0,2,0x8b8e8
571846,0x8b9c6,2,0,2,0x8b9ba
571867,0x8b9db,2,0,2,0x8b9cf
571985,0x8ba51,2,0,2,0x8ba43
572166,0x8bb06,2,0,2,0x8ba90
572331,0x8bbab,2,0,2,0x8bb9d
572355,0x8bbc3,2,0,2,0x8bbb5
572393,0x8bbe9,2,0,2,0x8bbdd
572463,0x8bc2f,2,0,2,0x8bc17
572613,0x8bcc5,2,0,2,0x8bcaa
573172,0x8bef4,2,0,2,0x8bee8
573208,0x8bf18,2,0,2,0x8bf0c
573683,0x8c0f3,2,0,2,0x8c0e6
573798,0x8c166,2,0,2,0x8c144
574941,0x8c5dd,2,0,2,0x8bfe8
575416,0x8c7b8,2,0,2,0x8c746
575579,0x8c85b,2,0,2,0x8c7d4
575610,0x8c87a,2,0,2,0x8c86c
575660,0x8c8ac,2,0,2,0x8c69c
575894,0x8c996,2,0,2,0x8c933
575925,0x8c9b5,2,0,2,0x8c9a7
575970,0x8c9e2,2,0,2,0x8c692
576331,0x8cb4b,2,0,2,0x8cb27
576363,0x8cb6b,2,0,2,0x8cb50
576526,0x8cc0e,2,0,2,0x8cc02
576563,0x8cc33,2,0,2,0x8cc27
577436,0x8cf9c,2,0,2,0x8cdfa
578024,0x8d1e8,2,0,2,0x8d1c1
578658,0x8d462,2,0,2,0x8d454
578672,0x8d470,2,0,2,0x8d449
578816,0x8d500,2,0,2,0x8d4be
578839,0x8d517,2,0,2,0x8d491
578874,0x8d53a,2,0,2,0x8d520
578909,0x8d55d,2,0,2,0x8d543
579087,0x8d60f,2,0,2,0x8d594
579542,0x8d7d6,2,0,2,0x8d7bf
579686,0x8d866,2,0,2,0x8d83f
580717,0x8dc6d,2,0,2,0x8e3cc
583101,0x8e5bd,2,0,2,0x8e559
586709,0x8f3d5,2,0,2,0x8f3ac
586870,0x8f476,2,0,2,0x8f469
586921,0x8f4a9,2,0,2,0x8f49c
588113,0x8f951,2,0,2,0x8f7ba
588132,0x8f964,2,0,2,0x8f957
589337,0x8fe19,2,0,2,0x8fd8d
589512,0x8fec8,2,0,2,0x8feba
589596,0x8ff1c,2,0,2,0x8fe83
589661,0x8ff5d,2,0,2,0x8ffb8
589747,0x8ffb3,2,0,2,0x8ff72
589798,0x8ffe6,2,0,2,0x8ffd0
590044,0x900dc,2,0,2,0x900c8
590056,0x900e8,2,0,2,0x90052
590169,0x90159,2,0,2,0x9014c
590539,0x902cb,2,0,2,0x90282
591149,0x9052d,2,0,2,0x904b0
591298,0x905c2,2,0,2,0x9044d
591481,0x90679,2,0,2,0x9065d
591541,0x906b5,2,0,2,0x90528
591802,0x907ba,2,0,2,0x9074d
591998,0x9087e,2,0,2,0x90859
592096,0x908e0,2,0,2,0x908c8
592116,0x908f4,2,0,2,0x908e6
592667,0x90b1b,2,0,2,0x90b7f
593817,0x90f99,2,0,2,0x90f7c
594255,0x9114f,2,0,2,0x91028
594303,0x9117f,2,0,2,0x911ad
594571,0x9128b,2,0,2,0x911f9
594647,0x912d7,2,0,2,0x912c1
595275,0x9154b,2,0,2,0x914f7
595470,0x9160e,2,0,2,0x915c1
596139,0x918ab,2,0,2,0x9188f
596194,0x918e2,2,0,2,0x918c4
596396,0x919ac,2,0,2,0x9196c
596469,0x919f5,2,0,2,0x919c4
597525,0x91e15,2,0,2,0x91d44
598200,0x920b8,2,0,2,0x92071
598407,0x92187,2,0,2,0x92162
598715,0x922bb,2,0,2,0x922a4
599060,0x92414,2,0,2,0x923fc
599184,0x92490,2,0,2,0x9246a
599385,0x92559,2,0,2,0x92533
599545,0x925f9,2,0,2,0x925e1
599599,0x9262f,2,0,2,0x925ff
600507,0x929bb,2,0,2,0x929a0
602298,0x930ba,2,0,2,0x93086
602570,0x931ca,2,0,2,0x9314c
603278,0x9348e,2,0,2,0x93249
603635,0x935f3,2,0,2,0x935b2
603655,0x93607,2,0,2,0x934e1
604480,0x93940,2,0,2,0x9383b
604644,0x939e4,2,0,2,0x939b0
605423,0x93cef,2,0,2,0x93c35
606283,0x9404b,2,0,2,0x93ff6
607378,0x94492,2,0,2,0x94477
609192,0x94ba8,2,0,2,0x94a11
610759,0x951c7,2,0,2,0x95149
611054,0x952ee,2,0,2,0x952e0
611361,0x95421,2,0,2,0x95454
612138,0x9572a,2,0,2,0x9566c
612286,0x957be,2,0,2,0x95791
612492,0x9588c,2,0,2,0x958a6
612553,0x958c9,2,0,2,0x958a8
612747,0x9598b,2,0,2,0x9596a
613626,0x95cfa,2,0,2,0x95cef
613651,0x95d13,2,0,2,0x95d06
614859,0x961cb,2,0,2,0x961ac
615638,0x964d6,2,0,2,0x964c2
617131,0x96aab,2,0,2,0x96a96
617228,0x96b0c,2,0,2,0x96b68
617280,0x96b40,2,0,2,0x96b30
617624,0x96c98,2,0,2,0x96c88
617685,0x96cd5,2,0,2,0x96cc5
617748,0x96d14,2,0,2,0x96d04
617807,0x96d4f,2,0,2,0x96d3f
617891,0x96da3,2,0,2,0x96d74
617951,0x96ddf,2,0,2,0x96dd2
618334,0x96f5e,2,0,2,0x96f54
618452,0x96fd4,2,0,2,0x96fb6
618770,0x97112,2,0,2,0x97097
618968,0x971d8,2,0,2,0x971ba
619049,0x97229,2,0,2,0x971e6
619264,0x97300,2,0,2,0x972d7
619317,0x97335,2,0,2,0x9730c
621335,0x97b17,2,0,2,0x97658
621726,0x97c9e,2,0,2,0x9765e
622389,0x97f35,2,0,2,0x97f25
622471,0x97f87,2,0,2,0x97f79
622503,0x97fa7,2,0,2,0x97ee8
622531,0x97fc3,2,0,2,0x97fac
623403,0x9832b,2,0,2,0x98322
623504,0x98390,2,0,2,0x98370
624070,0x985c6,2,0,2,0x9853b
624207,0x9864f,2,0,2,0x985ce
624225,0x98661,2,0,2,0x98482
624625,0x987f1,2,0,2,0x987b8
625049,0x98999,2,0,2,0x98981
625093,0x989c5,2,0,2,0x98857
625234,0x98a52,2,0,2,0x98828
625274,0x98a7a,2,0,2,0x98a67
625352,0x98ac8,2,0,2,0x98aaf
626730,0x9902a,2,0,2,0x98264
627098,0x9919a,2,0,2,0x9918c
627171,0x991e3,2,0,2,0x99187
628508,0x9971c,2,0,2,0x996fe
628825,0x99859,2,0,2,0x99843
628972,0x998ec,2,0,2,0x99988
629821,0x99c3d,2,0,2,0x99bee
630843,0x9a03b,2,0,2,0x9a022
631227,0x9a1bb,2,0,2,0x9a26a
631869,0x9a43d,2,0,2,0x9a3fd
631937,0x9a481,2,0,2,0x9a43b
632140,0x9a54c,2,0,2,0x9a3f2
632240,0x9a5b0,2,0,2,0x9a592
632832,0x9a800,2,0,2,0x9a7ed
633099,0x9a90b,2,0,2,0x9a8fb
633183,0x9a95f,2,0,2,0x9a94f
633495,0x9aa97,2,0,2,0x9aa89
634500,0x9ae84,2,0,2,0x9ad6e
634544,0x9aeb0,2,0,2,0x9acd6
634909,0x9b01d,2,0,2,0x9af96
634919,0x9b027,2,0,2,0x9af44
635401,0x9b209,2,0,2,0x9b1da
635915,0x9b40b,2,0,2,0x9b135
636010,0x9b46a,2,0,2,0x9b151
636343,0x9b5b7,2,0,2,0x9b5a9
637564,0x9ba7c,2,0,2,0x9ba5c
639824,0x9c350,2,0,2,0x9c14d
640109,0x9c46d,2,0,2,0x9c41d
640695,0x9c6b7,2,0,2,0x9c6a9
640723,0x9c6d3,2,0,2,0x9c6bb
640883,0x9c773,2,0,2,0x9c710
640930,0x9c7a2,2,0,2,0x9c78d
642922,0x9cf6a,2,0,2,0x9d7e5
643579,0x9d1fb,2,0,2,0x9d1c9
643799,0x9d2d7,2,0,2,0x9d2a5
643882,0x9d32a,2,0,2,0x9cfc9
644401,0x9d531,2,0,2,0x9d3dc
644732,0x9d67c,2,0,2,0x9d6bc
644922,0x9d73a,2,0,2,0x9d666
644966,0x9d766,2,0,2,0x9d62e
645022,0x9d79e,2,0,2,0x9d784
646119,0x9dbe7,2,0,2,0x9d9a1
646394,0x9dcfa,2,0,2,0x9dc99
646987,0x9df4b,2,0,2,0x9def8
646992,0x9df50,2,0,2,0x9dee5
647082,0x9dfaa,2,0,2,0x9df82
647462,0x9e126,2,0,2,0x9e137
647799,0x9e277,2,0,2,0x9e25d
647852,0x9e2ac,2,0,2,0x9e292
647882,0x9e2ca,2,0,2,0x9e2b0
647906,0x9e2e2,2,0,2,0x9e271
648429,0x9e4ed,2,0,2,0x9e4c5
648554,0x9e56a,2,0,2,0x9e554
648734,0x9e61e,2,0,2,0x9e0ed
650040,0x9eb38,2,0,2,0x9eade
650075,0x9eb5b,2,0,2,0x9eb4a
650180,0x9ebc4,2,0,2,0x9eb7e
650627,0x9ed83,2,0,2,0x9ed75
650645,0x9ed95,2,0,2,0x9ed6a
651005,0x9eefd,2,0,2,0x9eeef
651023,0x9ef0f,2,0,2,0x9eee4
651810,0x9f222,2,0,2,0x9f0ef
652348,0x9f43c,2,0,2,0x9f459
652422,0x9f486,2,0,2,0x9f408
652567,0x9f517,2,0,2,0x9f4e1
653230,0x9f7ae,2,0,2,0x9f79b
653349,0x9f825,2,0,2,0x9f80c
653714,0x9f992,2,0,2,0x9f92c
653796,0x9f9e4,2,0,2,0x9f8e0
654650,0x9fd3a,2,0,2,0x9fd00
655217,0x9ff71,2,0,2,0x9ff53
655388,0xa001c,2,0,2,0x9ffe2
655473,0xa0071,2,0,2,0xa0037
655707,0xa015b,2,0,2,0xa0138
655867,0xa01fb,2,0,2,0xa01a8
655889,0xa0211,2,0,2,0xa019f
656292,0xa03a4,2,0,2,0xa0480
656452,0xa0444,2,0,2,0xa03f7
656547,0xa04a3,2,0,2,0xa04ec
656714,0xa054a,2,0,2,0xa052a
657078,0xa06b6,2,0,2,0xa0696
657921,0xa0a01,2,0,2,0xa09f5
659506,0xa1032,2,0,2,0xa0f7b
659921,0xa11d1,2,0,2,0xa1124
660667,0xa14bb,2,0,2,0xa149d
660718,0xa14ee,2,0,2,0xa1498
660867,0xa1583,2,0,2,0xa154c
660928,0xa15c0,2,0,2,0xa1587
661032,0xa1628,2,0,2,0xa15f0
661090,0xa1662,2,0,2,0xa162c
661339,0xa175b,2,0,2,0xa174d
662049,0xa1a21,2,0,2,0xa19e4
662114,0xa1a62,2,0,2,0xa1a3e
662244,0xa1ae4,2,0,2,0xa1982
662417,0xa1b91,2,0,2,0xa1c1a
662464,0xa1bc0,2,0,2,0xa1b5f
662559,0xa1c1f,2,0,2,0xa1be7
662569,0xa1c29,2,0,2,0xa1aee
662684,0xa1c9c,2,0,2,0xa1c6d
662915,0xa1d83,2,0,2,0xa1d65
663155,0xa1e73,2,0,2,0xa1e3d
663329,0xa1f21,2,0,2,0xa1ec3
663366,0xa1f46,2,0,2,0xa1ef5
663615,0xa203f,2,0,2,0xa1f69
663650,0xa2062,2,0,2,0xa2043
663653,0xa2065,2,0,2,0xa203d
665007,0xa25af,2,0,2,0xa2574
665110,0xa2616,2,0,2,0xa260a
665132,0xa262c,2,0,2,0xa2614
665237,0xa2695,2,0,2,0xa2689
665254,0xa26a6,2,0,2,0xa2693
665334,0xa26f6,2,0,2,0xa25f0
666059,0xa29cb,2,0,2,0xa28cd
666749,0xa2c7d,2,0,2,0xa2c34
666863,0xa2cef,2,0,2,0xa2ccc
667047,0xa2da7,2,0,2,0xa2d3b
667313,0xa2eb1,2,0,2,0xa2ea2
667342,0xa2ece,2,0,2,0xa2ebf
667349,0xa2ed5,2,0,2,0xa2eaf
667371,0xa2eeb,2,0,2,0xa2e92
667413,0xa2f15,2,0,2,0xa2f05
667510,0xa2f76,2,0,2,0xa2f3b
667563,0xa2fab,2,0,2,0xa2e43
667662,0xa300e,2,0,2,0xa2ffe
667881,0xa30e9,2,0,2,0xa30bf
669105,0xa35b1,2,0,2,0xa3660
669857,0xa38a1,2,0,2,0xa38fa
670071,0xa3977,2,0,2,0xa3a06
670484,0xa3b14,2,0,2,0xa3aff
670736,0xa3c10,2,0,2,0xa3bc6
672009,0xa4109,2,0,2,0xa40f2
672782,0xa440e,2,0,2,0xa43f4
672840,0xa4448,2,0,2,0xa442b
672879,0xa446f,2,0,2,0xa4452
672957,0xa44bd,2,0,2,0xa44a0
673179,0xa459b,2,0,2,0xa45ab
673284,0xa4604,2,0,2,0xa45e2
674112,0xa4940,2,0,2,0xa48fd
675426,0xa4e62,2,0,2,0xa4e0f
675797,0xa4fd5,2,0,2,0xa4fa8
676325,0xa51e5,2,0,2,0xa5217
676777,0xa53a9,2,0,2,0xa51c1
677221,0xa5565,2,0,2,0xa5510
677842,0xa57d2,2,0,2,0xa5778
678105,0xa58d9,2,0,2,0xa57cd
678182,0xa5926,2,0,2,0xa591d
678954,0xa5c2a,2,0,2,0xa5b4b
679418,0xa5dfa,2,0,2,0xa5c4a
680769,0xa6341,2,0,2,0xa6319
682247,0xa6907,2,0,2,0xa68e8
682595,0xa6a63,2,0,2,0xa6a51
683071,0xa6c3f,2,0,2,0xa6bfa
684988,0xa73bc,2,0,2,0xa734c
685766,0xa76c6,2,0,2,0xa7673
686046,0xa77de,2,0,2,0xa77ca
686210,0xa7882,2,0,2,0xa789d
686330,0xa78fa,2,0,2,0xa78e1
686542,0xa79ce,2,0,2,0xa79a2
686599,0xa7a07,2,0,2,0xa79db
686778,0xa7aba,2,0,2,0xa7a2b
686900,0xa7b34,2,0,2,0xa7b29
687734,0xa7e76,2,0,2,0xa7e4d
687831,0xa7ed7,2,0,2,0xa7eb3
687942,0xa7f46,2,0,2,0xa7f30
688002,0xa7f82,2,0,2,0xa7ed2
688186,0xa803a,2,0,2,0xa7fee
688228,0xa8064,2,0,2,0xa7fa3
688336,0xa80d0,2,0,2,0xa80c1
688396,0xa810c,2,0,2,0xa8088
688578,0xa81c2,2,0,2,0xa8160
688602,0xa81da,2,0,2,0xa7e98
688925,0xa831d,2,0,2,0xa8301
688940,0xa832c,2,0,2,0xa833e
689030,0xa8386,2,0,2,0xa8365
689235,0xa8453,2,0,2,0xa8438
689502,0xa855e,2,0,2,0xa8519
689587,0xa85b3,2,0,2,0xa8615
690030,0xa876e,2,0,2,0xa8762
690039,0xa8777,2,0,2,0xa8ed1
691917,0xa8ecd,2,0,2,0xa8eaa
692814,0xa924e,2,0,2,0xa915a
692925,0xa92bd,2,0,2,0xa92ad
692956,0xa92dc,2,0,2,0xa92ca
693016,0xa9318,2,0,2,0xa9308
694261,0xa97f5,2,0,2,0xa96c8
694895,0xa9a6f,2,0,2,0xa9a2a
694926,0xa9a8e,2,0,2,0xa9abe
696490,0xaa0aa,2,0,2,0xa9f9a
696641,0xaa141,2,0,2,0xaa106
696743,0xaa1a7,2,0,2,0xaa17f
696796,0xaa1dc,2,0,2,0xaa1ab
697876,0xaa614,2,0,2,0xaa654
697891,0xaa623,2,0,2,0xaa601
697942,0xaa656,2,0,2,0xaa627
698047,0xaa6bf,2,0,2,0xaa6ae
698621,0xaa8fd,2,0,2,0xaa8e5
699585,0xaacc1,2,0,2,0xaac9f
699802,0xaad9a,2,0,2,0xae372
699900,0xaadfc,2,0,2,0xaadee
699993,0xaae59,2,0,2,0xaae3a
700411,0xaaffb,2,0,2,0xaafe3
700695,0xab117,2,0,2,0xab0fc
700918,0xab1f6,2,0,2,0xab1bb
701250,0xab342,2,0,2,0xab2ec
703175,0xabac7,2,0,2,0xabad6
703331,0xabb63,2,0,2,0xabab6
703506,0xabc12,2,0,2,0xabbcc
703908,0xabda4,2,0,2,0xabd8b
704571,0xac03b,2,0,2,0xac011
704735,0xac0df,2,0,2,0xac0c6
704789,0xac115,2,0,2,0xac0fd
704847,0xac14f,2,0,2,0xac12f
705109,0xac255,2,0,2,0xac24a
705114,0xac25a,2,0,2,0xac22f
705146,0xac27a,2,0,2,0xac229
705229,0xac2cd,2,0,2,0xac293
705536,0xac400,2,0,2,0xac3d6
705888,0xac560,2,0,2,0xac45e
707076,0xaca04,2,0,2,0xac9cb
707471,0xacb8f,2,0,2,0xacbe4
707684,0xacc64,2,0,2,0xacc51
708788,0xad0b4,2,0,2,0xacfab
710157,0xad60d,2,0,2,0xad57b
710718,0xad83e,2,0,2,0xad81f
710869,0xad8d5,2,0,2,0xad8c5
712381,0xadebd,2,0,2,0xadea3
713180,0xae1dc,2,0,2,0xae140
713283,0xae243,2,0,2,0xae205
713713,0xae3f1,2,0,2,0xae39d
713786,0xae43a,2,0,2,0xae38a
714030,0xae52e,2,0,2,0xae50f
714513,0xae711,2,0,2,0xae683
714868,0xae874,2,0,2,0xae851
715454,0xaeabe,2,0,2,0xaea99
715776,0xaec00,2,0,2,0xaebee
715916,0xaec8c,2,0,2,0xaec7b
716048,0xaed10,2,0,2,0xaece1
716382,0xaee5e,2,0,2,0xaedf4
716439,0xaee97,2,0,2,0xaee82
716492,0xaeecc,2,0,2,0xaee9e
717887,0xaf43f,2,0,2,0xaf3f6
718071,0xaf4f7,2,0,2,0xaf4b6
718290,0xaf5d2,2,0,2,0xaf5a3
718501,0xaf6a5,2,0,2,0xaf66b
718631,0xaf727,2,0,2,0xaf6c7
718747,0xaf79b,2,0,2,0xaf743
718894,0xaf82e,2,0,2,0xafad7
720285,0xafd9d,2,0,2,0xafc7a
720320,0xafdc0,2,0,2,0xafd21
720388,0xafe04,2,0,2,0xaff09
720542,0xafe9e,2,0,2,0xafe80
720581,0xafec5,2,0,2,0xafea8
721224,0xb0148,2,0,2,0xb010d
721445,0xb0225,2,0,2,0xb020d
721751,0xb0357,2,0,2,0xb031d
721901,0xb03ed,2,0,2,0xb0383
722293,0xb0575,2,0,2,0xb0474
723146,0xb08ca,2,0,2,0xb0889
723284,0xb0954,2,0,2,0xb08f0
723422,0xb09de,2,0,2,0xb09ab
723485,0xb0a1d,2,0,2,0xb09a5
723698,0xb0af2,2,0,2,0xb0ae0
724382,0xb0d9e,2,0,2,0xb0cd2
725668,0xb12a4,2,0,2,0xb1b2a
725669,0xb12a5,2,0,2,0xb0fd9
726046,0xb141e,2,0,2,0xb13cf
726225,0xb14d1,2,0,2,0xb14c1
726387,0xb1573,2,0,2,0xb1543
726712,0xb16b8,2,0,2,0xb1659
726728,0xb16c8,2,0,2,0xb15e1
726745,0xb16d9,2,0,2,0xb15b8
726884,0xb1764,2,0,2,0xb1711
727012,0xb17e4,2,0,2,0xb1778
728012,0xb1bcc,2,0,2,0xb1b8c
730745,0xb2679,2,0,2,0xb2568
734166,0xb33d6,2,0,2,0xb336d
734417,0xb34d1,2,0,2,0xb331c
734625,0xb35a1,2,0,2,0xb3588
734670,0xb35ce,2,0,2,0xb35c2
734827,0xb366b,2,0,2,0xb365e
734956,0xb36ec,2,0,2,0xb3670
736987,0xb3edb,2,0,2,0xb3e87
737113,0xb3f59,2,0,2,0xb3f3f
737823,0xb421f,2,0,2,0xb41a3
737911,0xb4277,2,0,2,0xb4263
738266,0xb43da,2,0,2,0xb4378
738344,0xb4428,2,0,2,0xb4412
739481,0xb4899,2,0,2,0xb4815
739495,0xb48a7,2,0,2,0xb47ee
739548,0xb48dc,2,0,2,0xb48b5
739651,0xb4943,2,0,2,0xb491a
740242,0xb4b92,2,0,2,0xb5032
742819,0xb55a3,2,0,2,0xb559a
743093,0xb56b5,2,0,2,0xb57db
743692,0xb590c,2,0,2,0xb58f6
743934,0xb59fe,2,0,2,0xb59d9
743964,0xb5a1c,2,0,2,0xb59d0
745374,0xb5f9e,2,0,2,0xb5f8c
745441,0xb5fe1,2,0,2,0xb5fd0
745516,0xb602c,2,0,2,0xb601a
746199,0xb62d7,2,0,2,0xb62a7
747528,0xb6808,2,0,2,0xb69b1
748560,0xb6c10,2,0,2,0xb6bf5
749761,0xb70c1,2,0,2,0xb708d
749871,0xb712f,2,0,2,0xb710a
750145,0xb7241,2,0,2,0xb720f
751325,0xb76dd,2,0,2,0xb768f
751839,0xb78df,2,0,2,0xb7875
751857,0xb78f1,2,0,2,0xb783d
752932,0xb7d24,2,0,2,0xb7d19
752959,0xb7d3f,2,0,2,0xb7d22
753679,0xb800f,2,0,2,0xb7faf
753981,0xb813d,2,0,2,0xb8111
754002,0xb8152,2,0,2,0xb80f6
755277,0xb864d,2,0,2,0xb8759
755500,0xb872c,2,0,2,0xb870e
755530,0xb874a,2,0,2,0xb8734
755974,0xb8906,2,0,2,0xb8827
756085,0xb8975,2,0,2,0xb891c
756265,0xb8a29,2,0,2,0xb89f7
756524,0xb8b2c,2,0,2,0xb8b09
756534,0xb8b36,2,0,2,0xb8af4
756562,0xb8b52,2,0,2,0xb8b76
756612,0xb8b84,2,0,2,0xb8ae8
756694,0xb8bd6,2,0,2,0xb89cf
757038,0xb8d2e,2,0,2,0xb8d47
757671,0xb8fa7,2,0,2,0xb8f98
758158,0xb918e,2,0,2,0xb90a8
759126,0xb9556,2,0,2,0xb9463
759372,0xb964c,2,0,2,0xb9559
760219,0xb999b,2,0,2,0xb9955
764052,0xba894,2,0,2,0xba885
764194,0xba922,2,0,2,0xba91b
764548,0xbaa84,2,0,2,0xba8ed
764701,0xbab1d,2,0,2,0xba898
765892,0xbafc4,2,0,2,0xbae27
766879,0xbb39f,2,0,2,0xbb339
767719,0xbb6e7,2,0,2,0xbb5c2
769051,0xbbc1b,2,0,2,0xbbbc9
769186,0xbbca2,2,0,2,0xbbc9c
769660,0xbbe7c,2,0,2,0xbbda9
770553,0xbc1f9,2,0,2,0xbc1c7
771887,0xbc72f,2,0,2,0xbc6b9
773174,0xbcc36,2,0,2,0xbcd37
773250,0xbcc82,2,0,2,0xbcc68
773277,0xbcc9d,2,0,2,0xbcc86
773304,0xbccb8,2,0,2,0xbcca1
773331,0xbccd3,2,0,2,0xbccbb
775735,0xbd637,2,0,2,0xbd80d
775924,0xbd6f4,2,0,2,0xbd6e0
776812,0xbda6c,2,0,2,0xbda1d
776849,0xbda91,2,0,2,0xbda70
777768,0xbde28,2,0,2,0xbde03
777807,0xbde4f,2,0,2,0xbde36
778017,0xbdf21,2,0,2,0xbdeff
778066,0xbdf52,2,0,2,0xbdf39
781861,0xbee25,2,0,2,0xbee02
783774,0xbf59e,2,0,2,0xbf58e
784307,0xbf7b3,2,0,2,0xbf784
784479,0xbf85f,2,0,2,0xbf7c0
784681,0xbf929,2,0,2,0xbf8f7
784855,0xbf9d7,2,0,2,0xbf9ad
784898,0xbfa02,2,0,2,0xbf9ea
786953,0xc0209,2,0,2,0xc0275
787194,0xc02fa,2,0,2,0xc02c9
787236,0xc0324,2,0,2,0xc0301
787322,0xc037a,2,0,2,0xc0343
787365,0xc03a5,2,0,2,0xc0381
787456,0xc0400,2,0,2,0xc0469
787723,0xc050b,2,0,2,0xc04b5
788513,0xc0821,2,0,2,0xc0806
788878,0xc098e,2,0,2,0xc0987
788924,0xc09bc,2,0,2,0xc09aa
789042,0xc0a32,2,0,2,0xc0a17
789248,0xc0b00,2,0,2,0xc0421
789470,0xc0bde,2,0,2,0xc0b9e
790961,0xc11b1,2,0,2,0xc11a2
791103,0xc123f,2,0,2,0xc122b
791173,0xc1285,2,0,2,0xc1266
791193,0xc1299,2,0,2,0xc123d
791527,0xc13e7,2,0,2,0xc1355
792049,0xc15f1,2,0,2,0xc1456
792570,0xc17fa,2,0,2,0xc1713
792627,0xc1833,2,0,2,0xc181e
793100,0xc1a0c,2,0,2,0xc1ac8
793885,0xc1d1d,2,0,2,0xc1cf3
794765,0xc208d,2,0,2,0xc2076
795000,0xc2178,2,0,2,0xc2101
795251,0xc2273,2,0,2,0xc22db
795563,0xc23ab,2,0,2,0xc234a
796061,0xc259d,2,0,2,0xc23fe
796186,0xc261a,2,0,2,0xc25bb
796388,0xc26e4,2,0,2,0xc2630
796488,0xc2748,2,0,2,0xc12ee
796783,0xc286f,2,0,2,0xc285f
797074,0xc2992,2,0,2,0xc2952
797186,0xc2a02,2,0,2,0xc2c99
797248,0xc2a40,2,0,2,0xc2a29
797284,0xc2a64,2,0,2,0xc2a4f
797342,0xc2a9e,2,0,2,0xc2a8b
797412,0xc2ae4,2,0,2,0xc2ad4
798255,0xc2e2f,2,0,2,0xc2e0d
798454,0xc2ef6,2,0,2,0xc2eb6
798662,0xc2fc6,2,0,2,0xc2f83
798755,0xc3023,2,0,2,0xc3001
798990,0xc310e,2,0,2,0xc305c
799999,0xc34ff,2,0,2,0xc34d9
800041,0xc3529,2,0,2,0xc3503
800561,0xc3731,2,0,2,0xc36fb
800738,0xc37e2,2,0,2,0xc36a3
800784,0xc3810,2,0,2,0xc37fe
800803,0xc3823,2,0,2,0xc3814
800808,0xc3828,2,0,2,0xc37f8
801375,0xc3a5f,2,0,2,0xc3a48
802079,0xc3d1f,2,0,2,0xc3c75
803769,0xc43b9,2,0,2,0xc432f
804033,0xc44c1,2,0,2,0xc4472
804461,0xc466d,2,0,2,0xc4580
804691,0xc4753,2,0,2,0xc470e
804695,0xc4757,2,0,2,0xc46d9
805146,0xc491a,2,0,2,0xc490c
805418,0xc4a2a,2,0,2,0xc49fe
805718,0xc4b56,2,0,2,0xc4b29
805981,0xc4c5d,2,0,2,0xc4cb6
805985,0xc4c61,2,0,2,0xc4c3a
806236,0xc4d5c,2,0,2,0xc4d46
806842,0xc4fba,2,0,2,0xc4f8e
807043,0xc5083,2,0,2,0xc5048
807159,0xc50f7,2,0,2,0xc5148
807163,0xc50fb,2,0,2,0xc50bf
807435,0xc520b,2,0,2,0xc5127
808181,0xc54f5,2,0,2,0xc54dc
808299,0xc556b,2,0,2,0xc5492
808528,0xc5650,2,0,2,0xc5417
808536,0xc5658,2,0,2,0xc5340
809277,0xc593d,2,0,2,0xc590f
809434,0xc59da,2,0,2,0xc59cb
809461,0xc59f5,2,0,2,0xc59e6
809488,0xc5a10,2,0,2,0xc5a01
809515,0xc5a2b,2,0,2,0xc5a1c
809542,0xc5a46,2,0,2,0xc5a37
809569,0xc5a61,2,0,2,0xc5a52
809648,0xc5ab0,2,0,2,0xc5aa1
809938,0xc5bd2,2,0,2,0xc5bc3
809992,0xc5c08,2,0,2,0xc5bef
810029,0xc5c2d,2,0,2,0xc5c14
811785,0xc6309,2,0,2,0xc6247
812136,0xc6468,2,0,2,0xc6461
812550,0xc6606,2,0,2,0xc65a9
812842,0xc672a,2,0,2,0xc6722
812920,0xc6778,2,0,2,0xc6719
813031,0xc67e7,2,0,2,0xc67d6
813404,0xc695c,2,0,2,0xc6937
813504,0xc69c0,2,0,2,0xc699e
813769,0xc6ac9,2,0,2,0xc6a92
814117,0xc6c25,2,0,2,0xc6c03
814601,0xc6e09,2,0,2,0xc6de6
814609,0xc6e11,2,0,2,0xc6d94
814894,0xc6f2e,2,0,2,0xc6f09
815000,0xc6f98,2,0,2,0xc6f76
815055,0xc6fcf,2,0,2,0xc6fb6
815705,0xc7259,2,0,2,0xc722b
815738,0xc727a,2,0,2,0xc7261
815853,0xc72ed,2,0,2,0xc72c7
815914,0xc732a,2,0,2,0xc72f5
816507,0xc757b,2,0,2,0xc755d
816549,0xc75a5,2,0,2,0xc757f
816581,0xc75c5,2,0,2,0xc744f
816727,0xc7657,2,0,2,0xc763b
817326,0xc78ae,2,0,2,0xc78e1
817411,0xc7903,2,0,2,0xc78b3
817988,0xc7b44,2,0,2,0xc7b31
818989,0xc7f2d,2,0,2,0xc7eca
819178,0xc7fea,2,0,2,0xc7fbd
819385,0xc80b9,2,0,2,0xc80a5
819621,0xc81a5,2,0,2,0xc81b8
819636,0xc81b4,2,0,2,0xc81e3
820057,0xc8359,2,0,2,0xc8350
820060,0xc835c,2,0,2,0xc8371
820086,0xc8376,2,0,2,0xc8360
820128,0xc83a0,2,0,2,0xc8310
820490,0xc850a,2,0,2,0xc84f3
820624,0xc8590,2,0,2,0xc857d
821737,0xc89e9,2,0,2,0xc89b9
821914,0xc8a9a,2,0,2,0xc8a6f
822069,0xc8b35,2,0,2,0xc8b05
822095,0xc8b4f,2,0,2,0xc8a1a
822294,0xc8c16,2,0,2,0xc8be7
822630,0xc8d66,2,0,2,0xc8d48
822640,0xc8d70,2,0,2,0xc8d58
822686,0xc8d9e,2,0,2,0xc8d87
822793,0xc8e09,2,0,2,0xc8e00
822856,0xc8e48,2,0,2,0xc8e31
823179,0xc8f8b,2,0,2,0xc8f66
823833,0xc9219,2,0,2,0xc920c
823879,0xc9247,2,0,2,0xc923a
824135,0xc9347,2,0,2,0xc9339
824221,0xc939d,2,0,2,0xc9306
824250,0xc93ba,2,0,2,0xc93a9
824266,0xc93ca,2,0,2,0xc8f93
824275,0xc93d3,2,0,2,0xc91b2
824390,0xc9446,2,0,2,0xc9472
825065,0xc96e9,2,0,2,0xc966e
825397,0xc9835,2,0,2,0xc9802
825640,0xc9928,2,0,2,0xc98c3
826041,0xc9ab9,2,0,2,0xc9e1a
826428,0xc9c3c,2,0,2,0xc9c2b
826635,0xc9d0b,2,0,2,0xc9b15
828213,0xca335,2,0,2,0xca2aa
828464,0xca430,2,0,2,0xca386
828592,0xca4b0,2,0,2,0xca49c
829262,0xca74e,2,0,2,0xca97f
829460,0xca814,2,0,2,0xca7eb
829488,0xca830,2,0,2,0xca7af
830550,0xcac56,2,0,2,0xcaf63
830680,0xcacd8,2,0,2,0xcacae
830737,0xcad11,2,0,2,0xcace7
830870,0xcad96,2,0,2,0xcad74
830872,0xcad98,2,0,2,0xcad5b
831584,0xcb060,2,0,2,0xcb047
832144,0xcb290,2,0,2,0xcb26f
832629,0xcb475,2,0,2,0xcb400
833401,0xcb779,2,0,2,0xcb71a
833744,0xcb8d0,2,0,2,0xcb897
834078,0xcba1e,2,0,2,0xcb9d9
834754,0xcbcc2,2,0,2,0xcbc70
834869,0xcbd35,2,0,2,0xcbd73
836087,0xcc1f7,2,0,2,0xcc0f4
836175,0xcc24f,2,0,2,0xcc0cc
836225,0xcc281,2,0,2,0xcbeac
836335,0xcc2ef,2,0,2,0xcc2b4
836964,0xcc564,2,0,2,0xcc531
837049,0xcc5b9,2,0,2,0xcc586
837197,0xcc64d,2,0,2,0xcc4a8
837587,0xcc7d3,2,0,2,0xcc7b8
837798,0xcc8a6,2,0,2,0xcc889
837884,0xcc8fc,2,0,2,0xcc8da
838040,0xcc998,2,0,2,0xcc97a
838081,0xcc9c1,2,0,2,0xcc996
838146,0xcca02,2,0,2,0xcc9e4
838166,0xcca16,2,0,2,0xcc69d
838218,0xcca4a,2,0,2,0xcca38
838230,0xcca56,2,0,2,0xcc66d
838451,0xccb33,2,0,2,0xccb25
838749,0xccc5d,2,0,2,0xccc43
838831,0xcccaf,2,0,2,0xccc95
839074,0xccda2,2,0,2,0xccd0c
839671,0xccff7,2,0,2,0xccf64
839823,0xcd08f,2,0,2,0xcd079
839984,0xcd130,2,0,2,0xcd040
839993,0xcd139,2,0,2,0xccff9
840733,0xcd41d,2,0,2,0xcd3d6
840874,0xcd4aa,2,0,2,0xcd451
842291,0xcda33,2,0,2,0xcda1c
842413,0xcdaad,2,0,2,0xcdaa0
842442,0xcdaca,2,0,2,0xcda83
842490,0xcdafa,2,0,2,0xcdadb
842742,0xcdbf6,2,0,2,0xcdbbc
842930,0xcdcb2,2,0,2,0xcdc58
842951,0xcdcc7,2,0,2,0xcdcb5
843945,0xce0a9,2,0,2,0xce097
844010,0xce0ea,2,0,2,0xce0db
844063,0xce11f,2,0,2,0xce10b
844224,0xce1c0,2,0,2,0xce18f
844325,0xce225,2,0,2,0xce0ff
844401,0xce271,2,0,2,0xce258
844594,0xce332,2,0,2,0xce355
844659,0xce373,2,0,2,0xce33d
845111,0xce537,2,0,2,0xce517
846600,0xceb08,2,0,2,0xd03be
846862,0xcec0e,2,0,2,0xcebfa
846897,0xcec31,2,0,2,0xcec1a
846926,0xcec4e,2,0,2,0xcec3b
847060,0xcecd4,2,0,2,0xcecc4
847083,0xceceb,2,0,2,0xcecdb
847107,0xced03,2,0,2,0xcecf2
847132,0xced1c,2,0,2,0xced0a
847170,0xced42,2,0,2,0xced32
847211,0xced6b,2,0,2,0xced5c
847255,0xced97,2,0,2,0xced83
847338,0xcedea,2,0,2,0xcede1
847934,0xcf03e,2,0,2,0xcf029
848054,0xcf0b6,2,0,2,0xcf079
848088,0xcf0d8,2,0,2,0xcf05f
849427,0xcf613,2,0,2,0xcf5fc
849452,0xcf62c,2,0,2,0xcf61d
850585,0xcfa99,2,0,2,0xcfa44
850596,0xcfaa4,2,0,2,0xcfb27
850719,0xcfb1f,2,0,2,0xcfac8
850740,0xcfb34,2,0,2,0xcfaa7
850745,0xcfb39,2,0,2,0xcfbcc
850884,0xcfbc4,2,0,2,0xcfb5d
850905,0xcfbd9,2,0,2,0xcfb3c
850910,0xcfbde,2,0,2,0xcfc7e
851062,0xcfc76,2,0,2,0xcfc02
851083,0xcfc8b,2,0,2,0xcfbe1
851088,0xcfc90,2,0,2,0xcfd0e
851206,0xcfd06,2,0,2,0xcfcb4
851223,0xcfd17,2,0,2,0xcfc93
851278,0xcfd4e,2,0,2,0xcfa94
851437,0xcfded,2,0,2,0xcfddd
851461,0xcfe05,2,0,2,0xcfdf4
851486,0xcfe1e,2,0,2,0xcfe0c
851509,0xcfe35,2,0,2,0xcfe25
851611,0xcfe9b,2,0,2,0xcfe8c
851655,0xcfec7,2,0,2,0xcfeb3
853443,0xd05c3,2,0,2,0xd05a7
853450,0xd05ca,2,0,2,0xd05b8
853665,0xd06a1,2,0,2,0xd067f
853748,0xd06f4,2,0,2,0xd06a5
854519,0xd09f7,2,0,2,0xd0967
854667,0xd0a8b,2,0,2,0xd0a6f
854795,0xd0b0b,2,0,2,0xd0af1
855056,0xd0c10,2,0,2,0xd0bfd
855185,0xd0c91,2,0,2,0xd0c82
855374,0xd0d4e,2,0,2,0xd0d06
855418,0xd0d7a,2,0,2,0xd0d6e
855430,0xd0d86,2,0,2,0xd0d5d
855487,0xd0dbf,2,0,2,0xd0da8
855663,0xd0e6f,2,0,2,0xd0e35
855707,0xd0e9b,2,0,2,0xd0e20
855731,0xd0eb3,2,0,2,0xd0de1
855805,0xd0efd,2,0,2,0xd0ed3
855946,0xd0f8a,2,0,2,0xd0f15
856500,0xd11b4,2,0,2,0xd1195
857207,0xd1477,2,0,2,0xd1228
857298,0xd14d2,2,0,2,0xd1234
857549,0xd15cd,2,0,2,0xd15a9
857706,0xd166a,2,0,2,0xd11dd
857783,0xd16b7,2,0,2,0xd16a2
857885,0xd171d,2,0,2,0xd1709
857990,0xd1786,2,0,2,0xd1672
858535,0xd19a7,2,0,2,0xd1999
858902,0xd1b16,2,0,2,0xd1af6
859058,0xd1bb2,2,0,2,0xd1ba4
859118,0xd1bee,2,0,2,0xd1bb6
859265,0xd1c81,2,0,2,0xd1c4b
859360,0xd1ce0,2,0,2,0xd1b2f
859435,0xd1d2b,2,0,2,0xd1d13
859843,0xd1ec3,2,0,2,0xd1e9f
860008,0xd1f68,2,0,2,0xd1f5b
860027,0xd1f7b,2,0,2,0xd1f74
860388,0xd20e4,2,0,2,0xd20d1
861717,0xd2615,2,0,2,0xd25eb
861963,0xd270b,2,0,2,0xd26f8
862387,0xd28b3,2,0,2,0xd28a1
862424,0xd28d8,2,0,2,0xd28cd
862606,0xd298e,2,0,2,0xd2977
862670,0xd29ce,2,0,2,0xd2946
863942,0xd2ec6,2,0,2,0xd2e09
864090,0xd2f5a,2,0,2,0xd2f44
864160,0xd2fa0,2,0,2,0xd2f8e
864199,0xd2fc7,2,0,2,0xd2ff4
864573,0xd313d,2,0,2,0xd30ae
864706,0xd31c2,2,0,2,0xd3424
864900,0xd3284,2,0,2,0xd3260
864947,0xd32b3,2,0,2,0xd32a7
865124,0xd3364,2,0,2,0xd3342
865214,0xd33be,2,0,2,0xd3367
865335,0xd3437,2,0,2,0xd31ae
865523,0xd34f3,2,0,2,0xd34c2
865589,0xd3535,2,0,2,0xd3521
866269,0xd37dd,2,0,2,0xd3772
866847,0xd3a1f,2,0,2,0xd38f0
867064,0xd3af8,2,0,2,0xd3a80
867588,0xd3d04,2,0,2,0xd3c02
867910,0xd3e46,2,0,2,0xd3e2f
868078,0xd3eee,2,0,2,0xd3eb8
868169,0xd3f49,2,0,2,0xd3f26
868347,0xd3ffb,2,0,2,0xd3fec
868473,0xd4079,2,0,2,0xd406c
868646,0xd4126,2,0,2,0xd4113
868734,0xd417e,2,0,2,0xd4166
868821,0xd41d5,2,0,2,0xd41bc
869278,0xd439e,2,0,2,0xd4382
869332,0xd43d4,2,0,2,0xd4332
869387,0xd440b,2,0,2,0xd43a9
869499,0xd447b,2,0,2,0xd445b
869544,0xd44a8,2,0,2,0xd4492
869790,0xd459e,2,0,2,0xd458b
870156,0xd470c,2,0,2,0xd46e9
870516,0xd4874,2,0,2,0xd4855
870971,0xd4a3b,2,0,2,0xd4a53
870977,0xd4a41,2,0,2,0xd4a27
871163,0xd4afb,2,0,2,0xd4ad8
871241,0xd4b49,2,0,2,0xd4b20
871421,0xd4bfd,2,0,2,0xd4be4
871509,0xd4c55,2,0,2,0xd4c16
871682,0xd4d02,2,0,2,0xd4ce9
871760,0xd4d50,2,0,2,0xd4d2d
871859,0xd4db3,2,0,2,0xd4d7d
871951,0xd4e0f,2,0,2,0xd4dec
872011,0xd4e4b,2,0,2,0xd4e24
872256,0xd4f40,2,0,2,0xd4f0c
872443,0xd4ffb,2,0,2,0xd4fb5
872529,0xd5051,2,0,2,0xd5043
873054,0xd525e,2,0,2,0xd51e3
873060,0xd5264,2,0,2,0xd51c4
873104,0xd5290,2,0,2,0xd527c
873267,0xd5333,2,0,2,0xd5325
873331,0xd5373,2,0,2,0xd5331
873670,0xd54c6,2,0,2,0xd54b5
873755,0xd551b,2,0,2,0xd54ed
873798,0xd5546,2,0,2,0xd54cb
874073,0xd5659,2,0,2,0xd562d
874180,0xd56c4,2,0,2,0xd5694
874416,0xd57b0,2,0,2,0xd579e
874509,0xd580d,2,0,2,0xd5823
874713,0xd58d9,2,0,2,0xd5895
876127,0xd5e5f,2,0,2,0xd5e4d
876192,0xd5ea0,2,0,2,0xd5e8c
876273,0xd5ef1,2,0,2,0xd5ed4
876732,0xd60bc,2,0,2,0xd60ad
876901,0xd6165,2,0,2,0xd614d
877394,0xd6352,2,0,2,0xd62f2
877698,0xd6482,2,0,2,0xd6461
877886,0xd653e,2,0,2,0xd6524
877988,0xd65a4,2,0,2,0xd65ec
878623,0xd681f,2,0,2,0xd6800
879355,0xd6afb,2,0,2,0xd6ad4
879423,0xd6b3f,2,0,2,0xd6b1c
879500,0xd6b8c,2,0,2,0xd6b77
879781,0xd6ca5,2,0,2,0xd84c0
879962,0xd6d5a,2,0,2,0xd6d3c
880075,0xd6dcb,2,0,2,0xd6dac
880122,0xd6dfa,2,0,2,0xd6d5e
880493,0xd6f6d,2,0,2,0xd6f1f
880806,0xd70a6,2,0,2,0xd706f
880813,0xd70ad,2,0,2,0xd7091
880861,0xd70dd,2,0,2,0xd7142
881097,0xd71c9,2,0,2,0xd71b3
881257,0xd7269,2,0,2,0xd71e4
881393,0xd72f1,2,0,2,0xd72a2
881435,0xd731b,2,0,2,0xd7337
881513,0xd7369,2,0,2,0xd735a
881557,0xd7395,2,0,2,0xd737a
881594,0xd73ba,2,0,2,0xd739e
882033,0xd7571,2,0,2,0xd7536
882290,0xd7672,2,0,2,0xd73e4
882678,0xd77f6,2,0,2,0xd77c7
883081,0xd7989,2,0,2,0xd7971
883408,0xd7ad0,2,0,2,0xd7ac3
883442,0xd7af2,2,0,2,0xd7ae4
883722,0xd7c0a,2,0,2,0xd7be5
884146,0xd7db2,2,0,2,0xd7d85
884166,0xd7dc6,2,0,2,0xd7d17
884340,0xd7e74,2,0,2,0xd7e3c
884627,0xd7f93,2,0,2,0xd7f7c
885136,0xd8190,2,0,2,0xd803d
885227,0xd81eb,2,0,2,0xd81da
885278,0xd821e,2,0,2,0xd820d
885290,0xd822a,2,0,2,0xd81b0
885777,0xd8411,2,0,2,0xd83df
885875,0xd8473,2,0,2,0xd848e
886445,0xd86ad,2,0,2,0xd86cd
886631,0xd8767,2,0,2,0xd8754
886910,0xd887e,2,0,2,0xd8863
887056,0xd8910,2,0,2,0xd88df
887153,0xd8971,2,0,2,0xd891b
888478,0xd8e9e,2,0,2,0xd8e8c
888552,0xd8ee8,2,0,2,0xd8ed8
889203,0xd9173,2,0,2,0xd9141
889432,0xd9258,2,0,2,0xd9226
889489,0xd9291,2,0,2,0xd9219
889857,0xd9401,2,0,2,0xd93db
890049,0xd94c1,2,0,2,0xd9424
890353,0xd95f1,2,0,2,0xd95cd
890532,0xd96a4,2,0,2,0xd9690
890752,0xd9780,2,0,2,0xd976c
890919,0xd9827,2,0,2,0xd9801
891050,0xd98aa,2,0,2,0xd988f
891102,0xd98de,2,0,2,0xd98cb
891301,0xd99a5,2,0,2,0xd9983
891410,0xd9a12,2,0,2,0xd9a33
891526,0xd9a86,2,0,2,0xd9a72
891791,0xd9b8f,2,0,2,0xd9b7f
891796,0xd9b94,2,0,2,0xd9b76
891930,0xd9c1a,2,0,2,0xd9c8a
892455,0xd9e27,2,0,2,0xd9de7
892848,0xd9fb0,2,0,2,0xd9f8a
893434,0xda1fa,2,0,2,0xd9fe6
894397,0xda5bd,2,0,2,0xda5b4
894845,0xda77d,2,0,2,0xda747
894914,0xda7c2,2,0,2,0xda441
895146,0xda8aa,2,0,2,0xda7ce
895166,0xda8be,2,0,2,0xdaab6
895836,0xdab5c,2,0,2,0xdab39
896062,0xdac3e,2,0,2,0xdac96
896894,0xdaf7e,2,0,2,0xdaf59
897009,0xdaff1,2,0,2,0xdaf79
897118,0xdb05e,2,0,2,0xdb03b
897405,0xdb17d,2,0,2,0xdb15f
897871,0xdb34f,2,0,2,0xdb30e
897916,0xdb37c,2,0,2,0xdb35b
897958,0xdb3a6,2,0,2,0xdb24d
898024,0xdb3e8,2,0,2,0xdb436
898038,0xdb3f6,2,0,2,0xdb3b9
898221,0xdb4ad,2,0,2,0xdb467
898347,0xdb52b,2,0,2,0xdb50b
898683,0xdb67b,2,0,2,0xdb5d4
899115,0xdb82b,2,0,2,0xdb825
899184,0xdb870,2,0,2,0xdb829
899491,0xdb9a3,2,0,2,0xdb909
899847,0xdbb07,2,0,2,0xdbade
900180,0xdbc54,2,0,2,0xdbc3d
900214,0xdbc76,2,0,2,0xdbc52
900343,0xdbcf7,2,0,2,0xdbcf0
900382,0xdbd1e,2,0,2,0xdbd0b
900697,0xdbe59,2,0,2,0xdbe48
901061,0xdbfc5,2,0,2,0xdbfbd
901446,0xdc146,2,0,2,0xdc12f
901455,0xdc14f,2,0,2,0xdc126
901684,0xdc234,2,0,2,0xdc225
901703,0xdc247,2,0,2,0xdc23b
901800,0xdc2a8,2,0,2,0xdc24f
901881,0xdc2f9,2,0,2,0xdc2bc
902072,0xdc3b8,2,0,2,0xdc3ab
902389,0xdc4f5,2,0,2,0xdc4e8
902542,0xdc58e,2,0,2,0xdc581
902637,0xdc5ed,2,0,2,0xdc5e0
902652,0xdc5fc,2,0,2,0xdc5a6
902654,0xdc5fe,2,0,2,0xdc60b
903358,0xdc8be,2,0,2,0xdc893
903687,0xdca07,2,0,2,0xdc9c4
904177,0xdcbf1,2,0,2,0xdcbe2
904478,0xdcd1e,2,0,2,0xdccc2
905654,0xdd1b6,2,0,2,0xdd199
905760,0xdd220,2,0,2,0xdd1e0
905771,0xdd22b,2,0,2,0xdd11a
906032,0xdd330,2,0,2,0xdd309
906191,0xdd3cf,2,0,2,0xdd3bc
906345,0xdd469,2,0,2,0xdd45a
906514,0xdd512,2,0,2,0xdd4ff
906633,0xdd589,2,0,2,0xdd557
906998,0xdd6f6,2,0,2,0xdd6db
907700,0xdd9b4,2,0,2,0xdd967
907724,0xdd9cc,2,0,2,0xdd93b
907894,0xdda76,2,0,2,0xdda11
907947,0xddaab,2,0,2,0xdda3d
907960,0xddab8,2,0,2,0xdda05
908119,0xddb57,2,0,2,0xddc16
908294,0xddc06,2,0,2,0xddb97
908473,0xddcb9,2,0,2,0xddb63
908828,0xdde1c,2,0,2,0xddee1
909198,0xddf8e,2,0,2,0xdde2e
909268,0xddfd4,2,0,2,0xddfaf
909312,0xde000,2,0,2,0xde034
909360,0xde030,2,0,2,0xde049
909781,0xde1d5,2,0,2,0xde142
909941,0xde275,2,0,2,0xde24b
913250,0xdef62,2,0,2,0xdef37
915103,0xdf69f,2,0,2,0xdf690
915939,0xdf9e3,2,0,2,0xdf998
919084,0xe062c,2,0,2,0xe048a
920379,0xe0b3b,2,0,2,0xe09d5
921495,0xe0f97,2,0,2,0xe0f75
922552,0xe13b8,2,0,2,0xe12b4
924084,0xe19b4,2,0,2,0xe17fd
924279,0xe1a77,2,0,2,0xe1a15
924817,0xe1c91,2,0,2,0xe1c75
925042,0xe1d72,2,0,2,0xe1d64
925068,0xe1d8c,2,0,2,0xe1d57
925414,0xe1ee6,2,0,2,0xe1e72
925513,0xe1f49,2,0,2,0xe1f2d
925799,0xe2067,2,0,2,0xe1ff6
930777,0xe33d9,2,0,2,0xe33ca
931745,0xe37a1,2,0,2,0xe3785
932861,0xe3bfd,2,0,2,0xe3bd4
932956,0xe3c5c,2,0,2,0xe3c0f
933314,0xe3dc2,2,0,2,0xe3dac
933437,0xe3e3d,2,0,2,0xe3e20
934478,0xe424e,2,0,2,0xe4240
934504,0xe4268,2,0,2,0xe4233
935575,0xe4697,2,0,2,0xe4685
935873,0xe47c1,2,0,2,0xe4778
937263,0xe4d2f,2,0,2,0xe4d1a
937691,0xe4edb,2,0,2,0xe4ec3
937727,0xe4eff,2,0,2,0xe4ee7
937763,0xe4f23,2,0,2,0xe4f0b
937799,0xe4f47,2,0,2,0xe4f2f
938210,0xe50e2,2,0,2,0xe50ca
938293,0xe5135,2,0,2,0xe5108
938350,0xe516e,2,0,2,0xe5180
938960,0xe53d0,2,0,2,0xe54d4
939885,0xe576d,2,0,2,0xe56d9
941598,0xe5e1e,2,0,2,0xe5de0
942534,0xe61c6,2,0,2,0xe6179
942587,0xe61fb,2,0,2,0xe61ee
942703,0xe626f,2,0,2,0xe622c
942836,0xe62f4,2,0,2,0xe62d1
943347,0xe64f3,2,0,2,0xe64cf
944141,0xe680d,2,0,2,0xe67e7
944553,0xe69a9,2,0,2,0xe6912
944625,0xe69f1,2,0,2,0xe6875
944957,0xe6b3d,2,0,2,0xe6aea
945245,0xe6c5d,2,0,2,0xe6b65
945445,0xe6d25,2,0,2,0xe6cd2
945514,0xe6d6a,2,0,2,0xe6d29
945754,0xe6e5a,2,0,2,0xe6e0e
945834,0xe6eaa,2,0,2,0xe6e5e
945915,0xe6efb,2,0,2,0xe6eae
945974,0xe6f36,2,0,2,0xe6eff
946531,0xe7163,2,0,2,0xe714f
946610,0xe71b2,2,0,2,0xe71aa
948711,0xe79e7,2,0,2,0xe83b2
950707,0xe81b3,2,0,2,0xe815b
950863,0xe824f,2,0,2,0xe8213
951986,0xe86b2,2,0,2,0xe86a7
952146,0xe8752,2,0,2,0xe8747
952224,0xe87a0,2,0,2,0xe878a
952339,0xe8813,2,0,2,0xe87fd
953091,0xe8b03,2,0,2,0xe8a66
953227,0xe8b8b,2,0,2,0xe8b46
953411,0xe8c43,2,0,2,0xe8c3c
954078,0xe8ede,2,0,2,0xe8e0e
954661,0xe9125,2,0,2,0xe90d0
955288,0xe9398,2,0,2,0xe9391
955695,0xe952f,2,0,2,0xe94fb
956552,0xe9888,2,0,2,0xe9864
956903,0xe99e7,2,0,2,0xe9991
957113,0xe9ab9,2,0,2,0xe9a14
957298,0xe9b72,2,0,2,0xe9857
957465,0xe9c19,2,0,2,0xe9c12
957703,0xe9d07,2,0,2,0xe9ce4
957954,0xe9e02,2,0,2,0xe9daf
959018,0xea22a,2,0,2,0xea213
959059,0xea253,2,0,2,0xea245
959363,0xea383,2,0,2,0xea492
959809,0xea541,2,0,2,0xea52c
959816,0xea548,2,0,2,0xea534
960217,0xea6d9,2,0,2,0xea6c5
961939,0xead93,2,0,2,0xead7b
962236,0xeaebc,2,0,2,0xeaea5
962389,0xeaf55,2,0,2,0xeaf2a
963131,0xeb23b,2,0,2,0xeb228
963161,0xeb259,2,0,2,0xeb242
963312,0xeb2f0,2,0,2,0xeb2c6
963484,0xeb39c,2,0,2,0xeb32b
963722,0xeb48a,2,0,2,0xeb2eb
963868,0xeb51c,2,0,2,0xeb507
963904,0xeb540,2,0,2,0xeb55e
964707,0xeb863,2,0,2,0xeb837
964891,0xeb91b,2,0,2,0xeb8aa
965106,0xeb9f2,2,0,2,0xeb9d7
965769,0xebc89,2,0,2,0xebc7c
966006,0xebd76,2,0,2,0xebd65
966703,0xec02f,2,0,2,0xec01c
966716,0xec03c,2,0,2,0xebfff
966804,0xec094,2,0,2,0xec07c
967555,0xec383,2,0,2,0xec360
967767,0xec457,2,0,2,0xec39b
968073,0xec589,2,0,2,0xec55c
968104,0xec5a8,2,0,2,0xec60d
968816,0xec870,2,0,2,0xec886
969135,0xec9af,2,0,2,0xec9b9
969635,0xecba3,2,0,2,0xecb88
969678,0xecbce,2,0,2,0xeccb1
969839,0xecc6f,2,0,2,0xeccf6
970385,0xece91,2,0,2,0xece5e
970485,0xecef5,2,0,2,0xecebc
970594,0xecf62,2,0,2,0xecf26
970615,0xecf77,2,0,2,0xecf65
970636,0xecf8c,2,0,2,0xecf7a
970657,0xecfa1,2,0,2,0xecf8f
970678,0xecfb6,2,0,2,0xecfa4
970699,0xecfcb,2,0,2,0xecfb9
970720,0xecfe0,2,0,2,0xecfce
970775,0xed017,2,0,2,0xecfe3
970887,0xed087,2,0,2,0xed075
970955,0xed0cb,2,0,2,0xed0c2
972050,0xed512,2,0,2,0xed4c8
972091,0xed53b,2,0,2,0xed47b
972229,0xed5c5,2,0,2,0xed542
972775,0xed7e7,2,0,2,0xed6a7
973227,0xed9ab,2,0,2,0xed99a
973297,0xed9f1,2,0,2,0xed9db
973368,0xeda38,2,0,2,0xed9f5
973566,0xedafe,2,0,2,0xedae9
973859,0xedc23,2,0,2,0xedc13
974019,0xedcc3,2,0,2,0xedd03
974147,0xedd43,2,0,2,0xedbfd
974568,0xedee8,2,0,2,0xede9d
974703,0xedf6f,2,0,2,0xedbae
974727,0xedf87,2,0,2,0xedf33
975325,0xee1dd,2,0,2,0xee1d2
975645,0xee31d,2,0,2,0xee303
975805,0xee3bd,2,0,2,0xee391
975859,0xee3f3,2,0,2,0xee37b
976092,0xee4dc,2,0,2,0xee482
977391,0xee9ef,2,0,2,0xeea3a
977611,0xeeacb,2,0,2,0xeea9f
977851,0xeebbb,2,0,2,0xeeba4
978052,0xeec84,2,0,2,0xeec64
978293,0xeed75,2,0,2,0xeed51
978383,0xeedcf,2,0,2,0xeedb4
978813,0xeef7d,2,0,2,0xeef5d
978840,0xeef98,2,0,2,0xeef84
979589,0xef285,2,0,2,0xef392
980066,0xef462,2,0,2,0xef239
981083,0xef85b,2,0,2,0xef83b
981300,0xef934,2,0,2,0xef892
981393,0xef991,2,0,2,0xefbb7
981503,0xef9ff,2,0,2,0xef9a2
981579,0xefa4b,2,0,2,0xefa3a
981608,0xefa68,2,0,2,0xefa57
981778,0xefb12,2,0,2,0xefb0c
981939,0xefbb3,2,0,2,0xefb92
982062,0xefc2e,2,0,2,0xefc18
982147,0xefc83,2,0,2,0xefc6f
982418,0xefd92,2,0,2,0xefd80
982487,0xefdd7,2,0,2,0xefdce
982582,0xefe36,2,0,2,0xefe25
982819,0xeff23,2,0,2,0xefefa
982858,0xeff4a,2,0,2,0xeff40
983028,0xefff4,2,0,2,0xeffdb
983032,0xefff8,2,0,2,0xeff53
983132,0xf005c,2,0,2,0xf0043
983477,0xf01b5,2,0,2,0xf017a
983533,0xf01ed,2,0,2,0xf01d1
983707,0xf029b,2,0,2,0xf02f3
983801,0xf02f9,2,0,2,0xf029e
983811,0xf0303,2,0,2,0xf0347
985383,0xf0927,2,0,2,0xf08ed
985523,0xf09b3,2,0,2,0xf093b
985926,0xf0b46,2,0,2,0xf0b33
986899,0xf0f13,2,0,2,0xf0eee
986901,0xf0f15,2,0,2,0xf0efe
987206,0xf1046,2,0,2,0xf102b
987518,0xf117e,2,0,2,0xf1163
988598,0xf15b6,2,0,2,0xf15a0
989153,0xf17e1,2,0,2,0xf17cc
989445,0xf1905,2,0,2,0xf18f2
989562,0xf197a,2,0,2,0xf1942
989619,0xf19b3,2,0,2,0xf1990
989993,0xf1b29,2,0,2,0xf1a99
990540,0xf1d4c,2,0,2,0xf1d22
990542,0xf1d4e,2,0,2,0xf1d09
990669,0xf1dcd,2,0,2,0xf1dc5
990815,0xf1e5f,2,0,2,0xf1e57
990924,0xf1ecc,2,0,2,0xf1e9f
991669,0xf21b5,2,0,2,0xf21ae
991696,0xf21d0,2,0,2,0xf21cb
991726,0xf21ee,2,0,2,0xf21e7
992651,0xf258b,2,0,2,0xf255b
993912,0xf2a78,2,0,2,0xf2a6e
993926,0xf2a86,2,0,2,0xf2a42
994368,0xf2c40,2,0,2,0xf2c00
994505,0xf2cc9,2,0,2,0xf2c9f
994811,0xf2dfb,2,0,2,0xf2e22
994883,0xf2e43,2,0,2,0xf2e2e
994962,0xf2e92,2,0,2,0xf2e4d
995478,0xf3096,2,0,2,0xf307d
995530,0xf30ca,2,0,2,0xf30a4
996466,0xf3472,2,0,2,0xf351c
997316,0xf37c4,2,0,2,0xf37a6
997428,0xf3834,2,0,2,0xf3829
997460,0xf3854,2,0,2,0xf384c
997551,0xf38af,2,0,2,0xf3791
999255,0xf3f57,2,0,2,0xf3d83
999566,0xf408e,2,0,2,0xf402a
999605,0xf40b5,2,0,2,0xf409f
999613,0xf40bd,2,0,2,0xf4091
1000040,0xf4268,2,0,2,0xf4230
1000326,0xf4386,2,0,2,0xf4286
1000526,0xf444e,2,0,2,0xf4449
1000607,0xf449f,2,0,2,0xf44f7
1001698,0xf48e2,2,0,2,0xf48cd
1001777,0xf4931,2,0,2,0xf491c
1001854,0xf497e,2,0,2,0xf4969
1002978,0xf4de2,2,0,2,0xf4cb6
1003932,0xf519c,2,0,2,0xf5166
1004649,0xf5469,2,0,2,0xf545f
1004691,0xf5493,2,0,2,0xf5484
1004900,0xf5564,2,0,2,0xf5933
1005329,0xf5711,2,0,2,0xf56ff
1005538,0xf57e2,2,0,2,0xf57b9
1005846,0xf5916,2,0,2,0xf590c
1006012,0xf59bc,2,0,2,0xf59b2
1006442,0xf5b6a,2,0,2,0xf5b5c
1006581,0xf5bf5,2,0,2,0xf5bc9
1006750,0xf5c9e,2,0,2,0xf5c8c
1006809,0xf5cd9,2,0,2,0xf5cd1
1007013,0xf5da5,2,0,2,0xf5d7c
1007786,0xf60aa,2,0,2,0xf6089
1007839,0xf60df,2,0,2,0xf60d0
1007955,0xf6153,2,0,2,0xf6131
1008406,0xf6316,2,0,2,0xf6305
1008721,0xf6451,2,0,2,0xf63f5
1009196,0xf662c,2,0,2,0xf65b8
1009566,0xf679e,2,0,2,0xf6359
1009687,0xf6817,2,0,2,0xf680c
1010047,0xf697f,2,0,2,0xf696d
1010375,0xf6ac7,2,0,2,0xf6abd
1010553,0xf6b79,2,0,2,0xf6c22
1010661,0xf6be5,2,0,2,0xf6bda
1010687,0xf6bff,2,0,2,0xf6bf4
1010702,0xf6c0e,2,0,2,0xf6bd0
1011673,0xf6fd9,2,0,2,0xf6fb9
1013153,0xf75a1,2,0,2,0xf86f1
1013866,0xf786a,2,0,2,0xf782a
1015790,0xf7fee,2,0,2,0xf9384
1015830,0xf8016,2,0,2,0xf8000
1015841,0xf8021,2,0,2,0xf9873
1016415,0xf825f,2,0,2,0xf84dc
1016626,0xf8332,2,0,2,0xf84c9
1016932,0xf8464,2,0,2,0xf833e
1017311,0xf85df,2,0,2,0xf858c
1017352,0xf8608,2,0,2,0xf932c
1017526,0xf86b6,2,0,2,0xf8682
1017928,0xf8848,2,0,2,0xf87ac
1017969,0xf8871,2,0,2,0xf8796
1019154,0xf8d12,2,0,2,0xf8cea
1019459,0xf8e43,2,0,2,0xf8e28
1020377,0xf91d9,2,0,2,0xf92a8
1020488,0xf9248,2,0,2,0xf91f5
1020551,0xf9287,2,0,2,0xf924c
1020654,0xf92ee,2,0,2,0xf92d6
1021500,0xf963c,2,0,2,0xf96c1
1022763,0xf9b2b,2,0,2,0xf9cd7
1022986,0xf9c0a,2,0,2,0xf9d10
1024157,0xfa09d,2,0,2,0xfa08a
1025146,0xfa47a,2,0,2,0xfa446
1025281,0xfa501,2,0,2,0xfa514
1025607,0xfa647,2,0,2,0xfa61d
1026257,0xfa8d1,2,0,2,0xfa839
1027020,0xfabcc,2,0,2,0xfab8b
1028851,0xfb2f3,2,0,2,0xfb2be
1029054,0xfb3be,2,0,2,0xfb392
1029192,0xfb448,2,0,2,0xfb426
1030033,0xfb791,2,0,2,0xfb782
1030574,0xfb9ae,2,0,2,0xfb991
1032450,0xfc102,2,0,2,0xfc011
1034940,0xfcabc,2,0,2,0xfca78
1035870,0xfce5e,2,0,2,0xfce4a
1036209,0xfcfb1,2,0,2,0xfcf8c
1036927,0xfd27f,2,0,2,0xfd263
1038719,0xfd97f,2,0,2,0xfd6b8
1038932,0xfda54,2,0,2,0xfd99c
1041186,0xfe322,2,0,2,0xfe2d4
1041188,0xfe324,2,0,2,0xfe2b4
1041333,0xfe3b5,2,0,2,0xfe330
1041658,0xfe4fa,2,0,2,0xfe4c3
1042113,0xfe6c1,2,0,2,0xfe4ad
1043483,0xfec1b,2,0,2,0xfebbf
1043943,0xfede7,2,0,2,0xfeda6
1044014,0xfee2e,2,0,2,0xfedf9
1044768,0xff120,2,0,2,0xff0f0
1045021,0xff21d,2,0,2,0xff14e
1045862,0xff566,2,0,2,0xff52e
1045946,0xff5ba,2,0,2,0xff5b0
1046575,0xff82f,2,0,2,0xff80b
1046636,0xff86c,2,0,2,0xff85f
1047259,0xffadb,2,0,2,0xffac3
1047672,0xffc78,2,0,2,0xffdcd
1047979,0xffdab,2,0,2,0xffd5d
1048741,0x1000a5,2,0,2,0x10004a
1048944,0x100170,2,0,2,0x100161
1049867,0x10050b,2,0,2,0x1004af
1050177,0x100641,2,0,2,0x1005e5
1050487,0x100777,2,0,2,0x10071b
1050797,0x1008ad,2,0,2,0x100851
1051107,0x1009e3,2,0,2,0x100987
1054178,0x1015e2,2,0,2,0x1015b2
1054975,0x1018ff,2,0,2,0x1018aa
1055356,0x101a7c,2,0,2,0x1019dc
1055595,0x101b6b,2,0,2,0x101b26
1056201,0x101dc9,2,0,2,0x101dba
1057799,0x102407,2,0,2,0x10248a
1057935,0x10248f,2,0,2,0x102458
1058714,0x10279a,2,0,2,0x102776
1058894,0x10284e,2,0,2,0x10282b
1059041,0x1028e1,2,0,2,0x1028be
1059208,0x102988,2,0,2,0x102944
1059310,0x1029ee,2,0,2,0x1029be
1059478,0x102a96,2,0,2,0x102a87
1059581,0x102afd,2,0,2,0x102a74
1059828,0x102bf4,2,0,2,0x102be5
1059872,0x102c20,2,0,2,0x102bd6
1059982,0x102c8e,2,0,2,0x102c5b
1060358,0x102e06,2,0,2,0x102dbe
1060422,0x102e46,2,0,2,0x102eab
1060525,0x102ead,2,0,2,0x102e90
1061545,0x1032a9,2,0,2,0x103240
1062735,0x10374f,2,0,2,0x103726
1062906,0x1037fa,2,0,2,0x1037e4
1063659,0x103aeb,2,0,2,0x103a63
1063757,0x103b4d,2,0,2,0x103b0a
1063964,0x103c1c,2,0,2,0x103bec
1064034,0x103c62,2,0,2,0x103c40
1065565,0x10425d,2,0,2,0x10423a
1065796,0x104344,2,0,2,0x104274
1065802,0x10434a,2,0,2,0x10421e
1067509,0x1049f5,2,0,2,0x10478c
1068135,0x104c67,2,0,2,0x104a59
1071132,0x10581c,2,0,2,0x1057d4
1073566,0x10619e,2,0,2,0x106197
1074404,0x1064e4,2,0,2,0x10648a
1074513,0x106551,2,0,2,0x10653b
1074557,0x10657d,2,0,2,0x106567
1074564,0x106584,2,0,2,0x106513
1075857,0x106a91,2,0,2,0x106a70
1076306,0x106c52,2,0,2,0x106c4b
1077074,0x106f52,2,0,2,0x106f04
1077178,0x106fba,2,0,2,0x106fa4
1077222,0x106fe6,2,0,2,0x106fd0
1077229,0x106fed,2,0,2,0x106f7c
1077846,0x107256,2,0,2,0x1071db
1080114,0x107b32,2,0,2,0x10792c
1081046,0x107ed6,2,0,2,0x107cd0
1081995,0x10828b,2,0,2,0x108085
1082949,0x108645,2,0,2,0x1084e7
1083308,0x1087ac,2,0,2,0x108711
1083825,0x1089b1,2,0,2,0x1088ca
1084887,0x108dd7,2,0,2,0x107519
1085366,0x108fb6,2,0,2,0x108deb
1085465,0x109019,2,0,2,0x109005
1085747,0x109133,2,0,2,0x10910d
1085764,0x109144,2,0,2,0x1090d7
1086361,0x109399,2,0,2,0x109374
1086799,0x10954f,2,0,2,0x109546
1087059,0x109653,2,0,2,0x10960e
1087114,0x10968a,2,0,2,0x109672
1087573,0x109855,2,0,2,0x109772
1090890,0x10a54a,2,0,2,0x10a3f7
1091237,0x10a6a5,2,0,2,0x10a673
1091251,0x10a6b3,2,0,2,0x10a618
1091442,0x10a772,2,0,2,0x10a740
1094838,0x10b4b6,2,0,2,0x10b2ee
1095778,0x10b862,2,0,2,0x10b65c
1096720,0x10bc10,2,0,2,0x10ba0a
1097747,0x10c013,2,0,2,0x10be0d
1098432,0x10c2c0,2,0,2,0x10c02a
1098839,0x10c457,2,0,2,0x10c3f1
1099139,0x10c583,2,0,2,0x10c563
1099523,0x10c703,2,0,2,0x10c6cd
1099605,0x10c755,2,0,2,0x10c741
1099733,0x10c7d5,2,0,2,0x10c71c
1100699,0x10cb9b,2,0,2,0x10cb05
1101062,0x10cd06,2,0,2,0x10cccc
1101505,0x10cec1,2,0,2,0x10ce82
1101545,0x10cee9,2,0,2,0x10ccbf
1101893,0x10d045,2,0,2,0x10d025
1101946,0x10d07a,2,0,2,0x10d05a
1102731,0x10d38b,2,0,2,0x10d371
1102787,0x10d3c3,2,0,2,0x10d303
1102919,0x10d447,2,0,2,0x10d42d
1104069,0x10d8c5,2,0,2,0x10d82a
1104833,0x10dbc1,2,0,2,0x10dba0
1104880,0x10dbf0,2,0,2,0x10db96
1105849,0x10dfb9,2,0,2,0x10df74
1105955,0x10e023,2,0,2,0x10e009
1106169,0x10e0f9,2,0,2,0x10e0d8
1106219,0x10e12b,2,0,2,0x10e0ce
1106272,0x10e160,2,0,2,0x10e143
1106769,0x10e351,2,0,2,0x10e2c5
1106964,0x10e414,2,0,2,0x10e3bf
1107070,0x10e47e,2,0,2,0x10e464
1107130,0x10e4ba,2,0,2,0x10e414
1109374,0x10ed7e,2,0,2,0x10eb78
1110306,0x10f122,2,0,2,0x10ef1c
1111255,0x10f4d7,2,0,2,0x10f2d1
1112260,0x10f8c4,2,0,2,0x10f766
1112619,0x10fa2b,2,0,2,0x10f990
1113340,0x10fcfc,2,0,2,0x10fc15
1114599,0x1101e7,2,0,2,0x10e766
1115078,0x1103c6,2,0,2,0x1101fb
1115219,0x110453,2,0,2,0x110439
1115366,0x1104e6,2,0,2,0x1104ba
1115421,0x11051d,2,0,2,0x1104e4
1119282,0x111432,2,0,2,0x111383
1119468,0x1114ec,2,0,2,0x11143e
1119693,0x1115cd,2,0,2,0x1114f6
1119826,0x111652,2,0,2,0x1115d1
1119967,0x1116df,2,0,2,0x111656
1120010,0x11170a,2,0,2,0x111322
1120822,0x111a36,2,0,2,0x1119ac
1120849,0x111a51,2,0,2,0x111988
1123683,0x112563,2,0,2,0x1124d9
1123710,0x11257e,2,0,2,0x1124b5
1123844,0x112604,2,0,2,0x11235d
1124180,0x112754,2,0,2,0x112731
1124459,0x11286b,2,0,2,0x11285f
1125723,0x112d5b,2,0,2,0x112b08
1127020,0x11326c,2,0,2,0x113260
1131809,0x114521,2,0,2,0x114401
1132513,0x1147e1,2,0,2,0x1147d6
1138942,0x1160fe,2,0,2,0x1160b5
1139088,0x116190,2,0,2,0x116147
1140057,0x116559,2,0,2,0x116545
1140180,0x1165d4,2,0,2,0x116593
1140182,0x1165d6,2,0,2,0x116534
1140566,0x116756,2,0,2,0x116747
1140878,0x11688e,2,0,2,0x116880
1141073,0x116951,2,0,2,0x116930
1141093,0x116965,2,0,2,0x116955
1142233,0x116dd9,2,0,2,0x116d79
1142834,0x117032,2,0,2,0x116fc9
1143581,0x11731d,2,0,2,0x1172bd
1144492,0x1176ac,2,0,2,0x11767c
1144529,0x1176d1,2,0,2,0x1176dc
1144758,0x1177b6,2,0,2,0x1177ab
1144824,0x1177f8,2,0,2,0x1177ed
1144915,0x117853,2,0,2,0x11781c
1146055,0x117cc7,2,0,2,0x117c94
1147491,0x118263,2,0,2,0x1181fa
1148187,0x11851b,2,0,2,0x11841b
1148998,0x118846,2,0,2,0x118822
1149138,0x1188d2,2,0,2,0x1188c6
1149238,0x118936,2,0,2,0x118a17
1149394,0x1189d2,2,0,2,0x1189c3
1149615,0x118aaf,2,0,2,0x118900
1150242,0x118d22,2,0,2,0x118c8e
1150573,0x118e6d,2,0,2,0x118e46
1150840,0x118f78,2,0,2,0x118f22
1151169,0x1190c1,2,0,2,0x11909b
1151483,0x1191fb,2,0,2,0x1191a5
1151786,0x11932a,2,0,2,0x119304
1152075,0x11944b,2,0,2,0x1193f5
1152446,0x1195be,2,0,2,0x119568
1153487,0x1199cf,2,0,2,0x119979
1153795,0x119b03,2,0,2,0x119ad3
1154393,0x119d59,2,0,2,0x119d15
1154561,0x119e01,2,0,2,0x119dee
1154660,0x119e64,2,0,2,0x119ccb
1154770,0x119ed2,2,0,2,0x119eb1
1154830,0x119f0e,2,0,2,0x119f5c
1154840,0x119f18,2,0,2,0x119f08
1155341,0x11a10d,2,0,2,0x11a093
1155829,0x11a2f5,2,0,2,0x11a2cc
1156209,0x11a471,2,0,2,0x11a447
1156492,0x11a58c,2,0,2,0x11a512
1158291,0x11ac93,2,0,2,0x11ac77
1159096,0x11afb8,2,0,2,0x11af6e
1160435,0x11b4f3,2,0,2,0x11b448
1160742,0x11b626,2,0,2,0x11b567
1161701,0x11b9e5,2,0,2,0x11b9b9
1163037,0x11bf1d,2,0,2,0x11be95
1163535,0x11c10f,2,0,2,0x11c0e5
1163998,0x11c2de,2,0,2,0x11c2d6
1165033,0x11c6e9,2,0,2,0x11c680
1165987,0x11caa3,2,0,2,0x11ca67
1166029,0x11cacd,2,0,2,0x11caa3
1166395,0x11cc3b,2,0,2,0x11cbff
1166586,0x11ccfa,2,0,2,0x11ccbe
1166628,0x11cd24,2,0,2,0x11ccfa
1167154,0x11cf32,2,0,2,0x11cef6
1167196,0x11cf5c,2,0,2,0x11cf32
1167796,0x11d1b4,2,0,2,0x11d18a
1168113,0x11d2f1,2,0,2,0x11d275
1169065,0x11d6a9,2,0,2,0x11d67f
1171627,0x11e0ab,2,0,2,0x11e069
1172810,0x11e54a,2,0,2,0x11e406
1173064,0x11e648,2,0,2,0x11e604
1174595,0x11ec43,2,0,2,0x11ec03
1174778,0x11ecfa,2,0,2,0x11ecbc
1175681,0x11f081,2,0,2,0x11f041
1175864,0x11f138,2,0,2,0x11f0fa
1176218,0x11f29a,2,0,2,0x11f0e1
1177566,0x11f7de,2,0,2,0x11f640
1178931,0x11fd33,2,0,2,0x11fcae
1180171,0x12020b,2,0,2,0x120201
1181541,0x120765,2,0,2,0x120715
1183275,0x120e2b,2,0,2,0x120c57
1183423,0x120ebf,2,0,2,0x120e8d
1184991,0x1214df,2,0,2,0x1213e0
1185056,0x121520,2,0,2,0x121357
1185325,0x12162d,2,0,2,0x1215e5
1185700,0x1217a4,2,0,2,0x121745
1186820,0x121c04,2,0,2,0x121be9
1187587,0x121f03,2,0,2,0x121ed2
1188953,0x122459,2,0,2,0x122410
1189023,0x12249f,2,0,2,0x122490
1189684,0x122734,2,0,2,0x1226c7
1190348,0x1229cc,2,0,2,0x12288d
1191678,0x122efe,2,0,2,0x122eed
1193128,0x1234a8,2,0,2,0x12342b
1193757,0x12371d,2,0,2,0x123517
1194916,0x123ba4,2,0,2,0x123b87
1195727,0x123ecf,2,0,2,0x123ebe
1195834,0x123f3a,2,0,2,0x124002
1195992,0x123fd8,2,0,2,0x123f41
1196290,0x124102,2,0,2,0x1240e5
1196322,0x124122,2,0,2,0x12416a
1196481,0x1241c1,2,0,2,0x12416f
1196911,0x12436f,2,0,2,0x124353
1197126,0x124446,2,0,2,0x12441a
1197298,0x1244f2,2,0,2,0x1244d6
1197425,0x124571,2,0,2,0x124551
1197558,0x1245f6,2,0,2,0x1245d6
1197615,0x12462f,2,0,2,0x1244f2
1198166,0x124856,2,0,2,0x124810
1198233,0x124899,2,0,2,0x124854
1198345,0x124909,2,0,2,0x1248c3
1198412,0x12494c,2,0,2,0x124907
1198414,0x12494e,2,0,2,0x1248a4
1198819,0x124ae3,2,0,2,0x124a9d
1198886,0x124b26,2,0,2,0x124ae1
1198998,0x124b96,2,0,2,0x124b50
1199065,0x124bd9,2,0,2,0x124b94
1199067,0x124bdb,2,0,2,0x124b31
1199334,0x124ce6,2,0,2,0x124cd6
1199687,0x124e47,2,0,2,0x124e1d
1200510,0x12517e,2,0,2,0x12513d
1202584,0x125998,2,0,2,0x12596e
1203448,0x125cf8,2,0,2,0x125cb7
1204471,0x1260f7,2,0,2,0x1260cd
1205318,0x126446,2,0,2,0x126405
1206651,0x12697b,2,0,2,0x126961
1207125,0x126b55,2,0,2,0x126b2b
1207998,0x126ebe,2,0,2,0x126e7d
1211295,0x127b9f,2,0,2,0x127b59
1211479,0x127c57,2,0,2,0x127c0b
1211711,0x127d3f,2,0,2,0x127cf3
1213704,0x128508,2,0,2,0x1284f0
1213842,0x128592,2,0,2,0x128565
1213932,0x1285ec,2,0,2,0x1285a1
1214074,0x12867a,2,0,2,0x128663
1214188,0x1286ec,2,0,2,0x1286af
1214476,0x12880c,2,0,2,0x1287f5
1214833,0x128971,2,0,2,0x1288b2
1215357,0x128b7d,2,0,2,0x128b07
1215753,0x128d09,2,0,2,0x128cfb
1215780,0x128d24,2,0,2,0x128d16
1215807,0x128d3f,2,0,2,0x128d31
1215834,0x128d5a,2,0,2,0x128d4c
1215872,0x128d80,2,0,2,0x128d9b
1216016,0x128e10,2,0,2,0x128d82
1216289,0x128f21,2,0,2,0x128f05
1216692,0x1290b4,2,0,2,0x12909b
1216790,0x129116,2,0,2,0x1290fd
1216914,0x129192,2,0,2,0x129184
1217154,0x129282,2,0,2,0x129266
1217356,0x12934c,2,0,2,0x12930b
1217595,0x12943b,2,0,2,0x1293fe
1218511,0x1297cf,2,0,2,0x1297c4
1218595,0x129823,2,0,2,0x1297cd
1219122,0x129a32,2,0,2,0x129a08
1219299,0x129ae3,2,0,2,0x129ad8
1219546,0x129bda,2,0,2,0x129b59
1219802,0x129cda,2,0,2,0x129bf1
1222592,0x12a7c0,2,0,2,0x12a79c
1224300,0x12ae6c,2,0,2,0x12ad89
1226393,0x12b699,2,0,2,0x12b3b8
1227620,0x12bb64,2,0,2,0x12bb3d
1227995,0x12bcdb,2,0,2,0x12bb23
1228982,0x12c0b6,2,0,2,0x12c082
1229164,0x12c16c,2,0,2,0x12c126
1229500,0x12c2bc,2,0,2,0x12c2ac
1231022,0x12c8ae,2,0,2,0x12c8a5
1231039,0x12c8bf,2,0,2,0x12c8b5
1231051,0x12c8cb,2,0,2,0x12c8c1
1231320,0x12c9d8,2,0,2,0x12c9b6
1231363,0x12ca03,2,0,2,0x12c9e1
1231382,0x12ca16,2,0,2,0x12c9dc
1231474,0x12ca72,2,0,2,0x12ca61
1231538,0x12cab2,2,0,2,0x12ca8d
1231567,0x12cacf,2,0,2,0x12caa3
1231598,0x12caee,2,0,2,0x12cad4
1231640,0x12cb18,2,0,2,0x12cb0d
1231666,0x12cb32,2,0,2,0x12cb16
1231722,0x12cb6a,2,0,2,0x12cb56
1231787,0x12cbab,2,0,2,0x12cc34
1231887,0x12cc0f,2,0,2,0x12cbc7
1231938,0x12cc42,2,0,2,0x12cbf8
1232058,0x12ccba,2,0,2,0x12cc8b
1232281,0x12cd99,2,0,2,0x12cd73
1232581,0x12cec5,2,0,2,0x12ce33
1232917,0x12d015,2,0,2,0x12cffc
1233720,0x12d338,2,0,2,0x12d2cf
1234124,0x12d4cc,2,0,2,0x12d4a6
1234271,0x12d55f,2,0,2,0x12d523
1234297,0x12d579,2,0,2,0x12d4f3
1234506,0x12d64a,2,0,2,0x12d62a
1234772,0x12d754,2,0,2,0x12d725
1235582,0x12da7e,2,0,2,0x12da38
1235972,0x12dc04,2,0,2,0x12dbdf
1236217,0x12dcf9,2,0,2,0x12dcb4
1236854,0x12df76,2,0,2,0x12df53
1237361,0x12e171,2,0,2,0x12e121
1237373,0x12e17d,2,0,2,0x12e025
1237559,0x12e237,2,0,2,0x12e22d
1237573,0x12e245,2,0,2,0x12e23b
1238450,0x12e5b2,2,0,2,0x12e571
1238542,0x12e60e,2,0,2,0x12e5d6
1238558,0x12e61e,2,0,2,0x12e5ad
1238743,0x12e6d7,2,0,2,0x12e695
1240982,0x12ef96,2,0,2,0x12ef8a
1241058,0x12efe2,2,0,2,0x12efd6
1241084,0x12effc,2,0,2,0x12efed
1241311,0x12f0df,2,0,2,0x12f0ee
1241325,0x12f0ed,2,0,2,0x12f0e6
1241471,0x12f17f,2,0,2,0x12f15f
1241538,0x12f1c2,2,0,2,0x12f0f2
1241604,0x12f204,2,0,2,0x12f1f5
1243453,0x12f93d,2,0,2,0x130282
1249123,0x130f63,2,0,2,0x1304c2
1250762,0x1315ca,2,0,2,0x12fa39
1263443,0x134753,2,0,2,0x134547
1263872,0x134900,2,0,2,0x1348d9
1264067,0x1349c3,2,0,2,0x1349b7
1264095,0x1349df,2,0,2,0x1349ea
1264120,0x1349f8,2,0,2,0x1349dd
1264153,0x134a19,2,0,2,0x134a24
1264184,0x134a38,2,0,2,0x134a17
1264778,0x134c8a,2,0,2,0x134cde
1264946,0x134d32,2,0,2,0x134cc7
1265319,0x134ea7,2,0,2,0x134c84
1265787,0x13507b,2,0,2,0x1350cf
1265955,0x135123,2,0,2,0x1350b8
1266328,0x135298,2,0,2,0x135075
1267053,0x13556d,2,0,2,0x135519
1267099,0x13559b,2,0,2,0x1354b6
1268330,0x135a6a,2,0,2,0x135acd
1268364,0x135a8c,2,0,2,0x135aa9
1271256,0x1365d8,2,0,2,0x1365c1
1271454,0x13669e,2,0,2,0x13666b
1271497,0x1366c9,2,0,2,0x13665b
1271620,0x136744,2,0,2,0x136412
1271716,0x1367a4,2,0,2,0x13677c
1271819,0x13680b,2,0,2,0x1367ee
1271901,0x13685d,2,0,2,0x136839
1272412,0x136a5c,2,0,2,0x136a45
1272618,0x136b2a,2,0,2,0x136b03
1272622,0x136b2e,2,0,2,0x136ac1
1272819,0x136bf3,2,0,2,0x136b8f
1272959,0x136c7f,2,0,2,0x136b9a
1273040,0x136cd0,2,0,2,0x136b5b
1273081,0x136cf9,2,0,2,0x136cf3
1273141,0x136d35,2,0,2,0x136cff
1273241,0x136d99,2,0,2,0x136b73
1273271,0x136db7,2,0,2,0x136da3
1273311,0x136ddf,2,0,2,0x136b81
1273347,0x136e03,2,0,2,0x136de3
1273609,0x136f09,2,0,2,0x136ee1
1273632,0x136f20,2,0,2,0x136ecf
1273680,0x136f50,2,0,2,0x136f41
1273986,0x137082,2,0,2,0x13705d
1274204,0x13715c,2,0,2,0x1370bd
1274308,0x1371c4,2,0,2,0x1371b2
1274317,0x1371cd,2,0,2,0x13707d
1274538,0x1372aa,2,0,2,0x137261
1274575,0x1372cf,2,0,2,0x13727e
1274870,0x1373f6,2,0,2,0x1373d8
1274991,0x13746f,2,0,2,0x137460
1275014,0x137486,2,0,2,0x13745a
1275541,0x137695,2,0,2,0x13767b
1275680,0x137720,2,0,2,0x1376d8
1276893,0x137bdd,2,0,2,0x137bc9
1276988,0x137c3c,2,0,2,0x137c28
1277903,0x137fcf,2,0,2,0x137fa4
1278037,0x138055,2,0,2,0x13804d
1278050,0x138062,2,0,2,0x13805a
1278063,0x13806f,2,0,2,0x138067
1278076,0x13807c,2,0,2,0x138074
1278728,0x138308,2,0,2,0x1382d7
1278802,0x138352,2,0,2,0x1383a4
1279262,0x13851e,2,0,2,0x138510
1279475,0x1385f3,2,0,2,0x1385fd
1279499,0x13860b,2,0,2,0x138615
1280468,0x1389d4,2,0,2,0x13898f
1281022,0x138bfe,2,0,2,0x138be8
1281048,0x138c18,2,0,2,0x138b6f
1281695,0x138e9f,2,0,2,0x138e5a
1281697,0x138ea1,2,0,2,0x138e25
1281824,0x138f20,2,0,2,0x138edb
1281852,0x138f3c,2,0,2,0x138db0
1282907,0x13935b,2,0,2,0x13928b
1284086,0x1397f6,2,0,2,0x1397e6
1284142,0x13982e,2,0,2,0x139819
1284875,0x139b0b,2,0,2,0x139a33
1285453,0x139d4d,2,0,2,0x139c8f
1286762,0x13a26a,2,0,2,0x13a2ac
1286849,0x13a2c1,2,0,2,0x13a268
1286986,0x13a34a,2,0,2,0x13a318
1287393,0x13a4e1,2,0,2,0x13a405
1287494,0x13a546,2,0,2,0x13a2e4
1287549,0x13a57d,2,0,2,0x13a55a
1287775,0x13a65f,2,0,2,0x13a5fd
1287815,0x13a687,2,0,2,0x13a66e
1287821,0x13a68d,2,0,2,0x13a591
1288593,0x13a991,2,0,2,0x13a86d
1288661,0x13a9d5,2,0,2,0x13a7a7
1288907,0x13aacb,2,0,2,0x13aab7
1289537,0x13ad41,2,0,2,0x13ad20
1290296,0x13b038,2,0,2,0x13afdc
1290886,0x13b286,2,0,2,0x13b253
1290908,0x13b29c,2,0,2,0x13b208
1291657,0x13b589,2,0,2,0x13b554
1291794,0x13b612,2,0,2,0x13b5d6
1292013,0x13b6ed,2,0,2,0x13b6db
1292073,0x13b729,2,0,2,0x13b721
1292404,0x13b874,2,0,2,0x13b862
1292413,0x13b87d,2,0,2,0x13b714
1292608,0x13b940,2,0,2,0x13b928
1292637,0x13b95d,2,0,2,0x13b949
1292918,0x13ba76,2,0,2,0x13ba5e
1293312,0x13bc00,2,0,2,0x13ba2b
1293518,0x13bcce,2,0,2,0x13bcb5
1293535,0x13bcdf,2,0,2,0x13bcbc
1294379,0x13c02b,2,0,2,0x13c01f
1294563,0x13c0e3,2,0,2,0x13c0a8
1295044,0x13c2c4,2,0,2,0x13c238
1295256,0x13c398,2,0,2,0x13c34c
1295765,0x13c595,2,0,2,0x13c556
1296971,0x13ca4b,2,0,2,0x13c9be
1297024,0x13ca80,2,0,2,0x13c90b
1297458,0x13cc32,2,0,2,0x13cbd0
1298028,0x13ce6c,2,0,2,0x13ce3a
1298333,0x13cf9d,2,0,2,0x13cda9
1298690,0x13d102,2,0,2,0x13d019
1298772,0x13d154,2,0,2,0x13d15f
1298876,0x13d1bc,2,0,2,0x13d148
1299224,0x13d318,2,0,2,0x13d33a
1299228,0x13d31c,2,0,2,0x13d32e
1299468,0x13d40c,2,0,2,0x13d3fd
1299649,0x13d4c1,2,0,2,0x13d4af
1299695,0x13d4ef,2,0,2,0x13d4d2
1299926,0x13d5d6,2,0,2,0x13d5a4
1299931,0x13d5db,2,0,2,0x13d6ff
1300185,0x13d6d9,2,0,2,0x13d66a
1300294,0x13d746,2,0,2,0x13d71f
1300383,0x13d79f,2,0,2,0x13d77e
1300504,0x13d818,2,0,2,0x13d87a
1300628,0x13d894,2,0,2,0x13d88a
1301183,0x13dabf,2,0,2,0x13dab9
1301295,0x13db2f,2,0,2,0x13db1b
1301362,0x13db72,2,0,2,0x13db45
1301569,0x13dc41,2,0,2,0x13dc1c
1301896,0x13dd88,2,0,2,0x13dd5b
1301940,0x13ddb4,2,0,2,0x13dda9
1301959,0x13ddc7,2,0,2,0x13ddbc
1303015,0x13e1e7,2,0,2,0x13e09c
1303189,0x13e295,2,0,2,0x13e27a
1303302,0x13e306,2,0,2,0x13e228
1303581,0x13e41d,2,0,2,0x13e344
1303920,0x13e570,2,0,2,0x13e48e
1304165,0x13e665,2,0,2,0x13e5fe
1304255,0x13e6bf,2,0,2,0x13e665
1304390,0x13e746,2,0,2,0x13e71e
1304401,0x13e751,2,0,2,0x13e6fb
1304743,0x13e8a7,2,0,2,0x13e87a
1304917,0x13e955,2,0,2,0x13e8d5
1305606,0x13ec06,2,0,2,0x13ebe6
1306507,0x13ef8b,2,0,2,0x13ef3b
1306610,0x13eff2,2,0,2,0x13efe0
1306990,0x13f16e,2,0,2,0x13f0dc
1307152,0x13f210,2,0,2,0x13f1de
1307208,0x13f248,2,0,2,0x13f1c1
1307360,0x13f2e0,2,0,2,0x13f2c6
1307367,0x13f2e7,2,0,2,0x13f2d1
1307554,0x13f3a2,2,0,2,0x13f39e
1307689,0x13f429,2,0,2,0x13f31b
1307835,0x13f4bb,2,0,2,0x13f476
1307842,0x13f4c2,2,0,2,0x13f4a4
1308553,0x13f789,2,0,2,0x13f747
1310002,0x13fd32,2,0,2,0x13fcde
1313497,0x140ad9,2,0,2,0x140ab5
1313760,0x140be0,2,0,2,0x140bd8
1314062,0x140d0e,2,0,2,0x140cfc
1314309,0x140e05,2,0,2,0x140de4
1314508,0x140ecc,2,0,2,0x140e95
1314820,0x141004,2,0,2,0x140cea
1314875,0x14103b,2,0,2,0x14101d
1315397,0x141245,2,0,2,0x14123e
1315429,0x141265,2,0,2,0x141254
1315864,0x141418,2,0,2,0x141409
1315879,0x141427,2,0,2,0x1413c9
1316136,0x141528,2,0,2,0x141519
1316150,0x141536,2,0,2,0x1414e1
1316233,0x141589,2,0,2,0x141573
1316325,0x1415e5,2,0,2,0x1415de
1316437,0x141655,2,0,2,0x141662
1316599,0x1416f7,2,0,2,0x1416d0
1316609,0x141701,2,0,2,0x1416fc
1316696,0x141758,2,0,2,0x14174e
1316704,0x141760,2,0,2,0x141655
1317118,0x1418fe,2,0,2,0x141838
1317129,0x141909,2,0,2,0x14182d
1317131,0x14190b,2,0,2,0x1418a2
1317328,0x1419d0,2,0,2,0x14198f
1317641,0x141b09,2,0,2,0x141ae5
1317938,0x141c32,2,0,2,0x141c21
1317980,0x141c5c,2,0,2,0x141c34
1318067,0x141cb3,2,0,2,0x141ced
1318969,0x142039,2,0,2,0x142023
1319141,0x1420e5,2,0,2,0x1420cf
1319325,0x14219d,2,0,2,0x142187
1320059,0x14247b,2,0,2,0x14246a
1320165,0x1424e5,2,0,2,0x1424df
1320382,0x1425be,2,0,2,0x142641
1320779,0x14274b,2,0,2,0x1426b2
1321800,0x142b48,2,0,2,0x142abf
1321862,0x142b86,2,0,2,0x142b4e
1322468,0x142de4,2,0,2,0x142d67
1322634,0x142e8a,2,0,2,0x142e37
1322663,0x142ea7,2,0,2,0x142d3a
1323276,0x14310c,2,0,2,0x143026
1324338,0x143532,2,0,2,0x143504
1324872,0x143748,2,0,2,0x143738
1324886,0x143756,2,0,2,0x14373a
1325297,0x1438f1,2,0,2,0x143830
1326727,0x143e87,2,0,2,0x143e50
1328228,0x144464,2,0,2,0x14443c
1328466,0x144552,2,0,2,0x14445f
1328566,0x1445b6,2,0,2,0x14458e
1328641,0x144601,2,0,2,0x1445d0
1329005,0x14476d,2,0,2,0x144748
1330736,0x144e30,2,0,2,0x144e50
1331022,0x144f4e,2,0,2,0x144f40
1332142,0x1453ae,2,0,2,0x14537c
1332511,0x14551f,2,0,2,0x145525
1332770,0x145622,2,0,2,0x14560d
1332854,0x145676,2,0,2,0x145661
1333190,0x1457c6,2,0,2,0x1457b0
1333199,0x1457cf,2,0,2,0x145787
1333547,0x14592b,2,0,2,0x1458de
1334210,0x145bc2,2,0,2,0x145aca
1334287,0x145c0f,2,0,2,0x145999
1334532,0x145d04,2,0,2,0x145d70
1335155,0x145f73,2,0,2,0x145f21
1336358,0x146426,2,0,2,0x146419
1336386,0x146442,2,0,2,0x146435
1337402,0x14683a,2,0,2,0x146690
1337929,0x146a49,2,0,2,0x1469e9
1338283,0x146bab,2,0,2,0x146b77
1338593,0x146ce1,2,0,2,0x146c60
1339347,0x146fd3,2,0,2,0x146f9b
1340987,0x14763b,2,0,2,0x147622
1341353,0x1477a9,2,0,2,0x14778e
1341437,0x1477fd,2,0,2,0x1477ea
1341485,0x14782d,2,0,2,0x14781a
1341749,0x147935,2,0,2,0x147926
1341781,0x147955,2,0,2,0x147946
1342412,0x147bcc,2,0,2,0x147ba4
1343272,0x147f28,2,0,2,0x147f1b
1343294,0x147f3e,2,0,2,0x147f30
1343321,0x147f59,2,0,2,0x147f46
1343355,0x147f7b,2,0,2,0x147f61
1343493,0x148005,2,0,2,0x147ff4
1343517,0x14801d,2,0,2,0x14800c
1343541,0x148035,2,0,2,0x148024
1343572,0x148054,2,0,2,0x14803c
1344575,0x14843f,2,0,2,0x148409
1344758,0x1484f6,2,0,2,0x1484c2
1344767,0x1484ff,2,0,2,0x1484f4
1344848,0x148550,2,0,2,0x14850e
1345475,0x1487c3,2,0,2,0x1487b5
1345534,0x1487fe,2,0,2,0x148726
1346466,0x148ba2,2,0,2,0x148b90
1346551,0x148bf7,2,0,2,0x148bd1
1347379,0x148f33,2,0,2,0x148d4b
1347679,0x14905f,2,0,2,0x14904a
1348950,0x149556,2,0,2,0x149503
1348968,0x149568,2,0,2,0x1494d6
1349518,0x14978e,2,0,2,0x1495b2
1349666,0x149822,2,0,2,0x1495bf
1349834,0x1498ca,2,0,2,0x149896
1349843,0x1498d3,2,0,2,0x1498c8
1350067,0x1499b3,2,0,2,0x149593
1350101,0x1499d5,2,0,2,0x149576
1350298,0x149a9a,2,0,2,0x149a3c
1351178,0x149e0a,2,0,2,0x149dac
1351274,0x149e6a,2,0,2,0x149e34
1352933,0x14a4e5,2,0,2,0x14a4a4
1352987,0x14a51b,2,0,2,0x14a502
1353783,0x14a837,2,0,2,0x14a792
1354097,0x14a971,2,0,2,0x14a947
1354298,0x14aa3a,2,0,2,0x14a98c
1354455,0x14aad7,2,0,2,0x14aa5c
1354495,0x14aaff,2,0,2,0x14aae7
1354626,0x14ab82,2,0,2,0x14ab41
1354965,0x14acd5,2,0,2,0x14acb1
1355520,0x14af00,2,0,2,0x14aef3
1355632,0x14af70,2,0,2,0x14af5b
1356256,0x14b1e0,2,0,2,0x14b1a9
1356560,0x14b310,2,0,2,0x14b2d9
1356649,0x14b369,2,0,2,0x14b34f
1356865,0x14b441,2,0,2,0x14b41b
1358588,0x14bafc,2,0,2,0x14bae4
1358838,0x14bbf6,2,0,2,0x14bbe4
1358881,0x14bc21,2,0,2,0x14bc13
1359019,0x14bcab,2,0,2,0x14bc83
1359071,0x14bcdf,2,0,2,0x14bcc0
1359137,0x14bd21,2,0,2,0x14bd02
1359209,0x14bd69,2,0,2,0x14bd44
1359304,0x14bdc8,2,0,2,0x14bda9
1359782,0x14bfa6,2,0,2,0x14bf4d
1361489,0x14c651,2,0,2,0x14c630
1362245,0x14c945,2,0,2,0x14c969
1362457,0x14ca19,2,0,2,0x14c9f3
1362466,0x14ca22,2,0,2,0x14c9e1
1363190,0x14ccf6,2,0,2,0x14ccae
1363684,0x14cee4,2,0,2,0x14cea0
1364225,0x14d101,2,0,2,0x14d0b1
1364668,0x14d2bc,2,0,2,0x14d26c
1366153,0x14d889,2,0,2,0x14d845
1366678,0x14da96,2,0,2,0x14da4e
1366966,0x14dbb6,2,0,2,0x14db39
1368074,0x14e00a,2,0,2,0x14dff5
1368198,0x14e086,2,0,2,0x14e029
1368264,0x14e0c8,2,0,2,0x14e0b7
1368323,0x14e103,2,0,2,0x14e0f2
1368399,0x14e14f,2,0,2,0x14e13e
1368423,0x14e167,2,0,2,0x14e15b
1368447,0x14e17f,2,0,2,0x14e16e
1368471,0x14e197,2,0,2,0x14e18b
1368679,0x14e267,2,0,2,0x14e223
1368862,0x14e31e,2,0,2,0x14e2fd
1368949,0x14e375,2,0,2,0x14e363
1369213,0x14e47d,2,0,2,0x14e474
1371234,0x14ec62,2,0,2,0x14ec28
1371561,0x14eda9,2,0,2,0x14ed67
1371876,0x14eee4,2,0,2,0x14eed4
1372212,0x14f034,2,0,2,0x14f024
1372812,0x14f28c,2,0,2,0x14f257
1372911,0x14f2ef,2,0,2,0x14f2a1
1373287,0x14f467,2,0,2,0x14f45b
1373305,0x14f479,2,0,2,0x14f46d
1373310,0x14f47e,2,0,2,0x14f465
1374619,0x14f99b,2,0,2,0x14f988
1374896,0x14fab0,2,0,2,0x14fa5c
1374906,0x14faba,2,0,2,0x14fa41
1374990,0x14fb0e,2,0,2,0x14fafa
1375063,0x14fb57,2,0,2,0x14fb18
1375140,0x14fba4,2,0,2,0x14fb55
1375180,0x14fbcc,2,0,2,0x14fbc0
1375253,0x14fc15,2,0,2,0x14fbd6
1375330,0x14fc62,2,0,2,0x14fc13
1375538,0x14fd32,2,0,2,0x14fcdd
1375646,0x14fd9e,2,0,2,0x14fd30
1375821,0x14fe4d,2,0,2,0x14fdf8
1375929,0x14feb9,2,0,2,0x14fe4b
1376260,0x150004,2,0,2,0x14ff37
1376471,0x1500d7,2,0,2,0x1500a2
1376595,0x150153,2,0,2,0x1501cf
1376691,0x1501b3,2,0,2,0x150169
1376865,0x150261,2,0,2,0x150258
1376882,0x150272,2,0,2,0x150268
1376924,0x15029c,2,0,2,0x1502bb
1378846,0x150a1e,2,0,2,0x150a2f
1378891,0x150a4b,2,0,2,0x150a57
1378934,0x150a76,2,0,2,0x150aa2
1378950,0x150a86,2,0,2,0x150ab0
1379023,0x150acf,2,0,2,0x150af0
1379039,0x150adf,2,0,2,0x150afe
1379101,0x150b1d,2,0,2,0x150b49
1379117,0x150b2d,2,0,2,0x150b57
1379190,0x150b76,2,0,2,0x150b97
1379206,0x150b86,2,0,2,0x150ba5
1379268,0x150bc4,2,0,2,0x150bee
1379284,0x150bd4,2,0,2,0x150bfc
1379355,0x150c1b,2,0,2,0x150c3a
1379371,0x150c2b,2,0,2,0x150c48
1379431,0x150c67,2,0,2,0x150c91
1379447,0x150c77,2,0,2,0x150c9f
1379518,0x150cbe,2,0,2,0x150cdd
1379534,0x150cce,2,0,2,0x150ceb
1379591,0x150d07,2,0,2,0x150d1b
1379639,0x150d37,2,0,2,0x150d46
1379682,0x150d62,2,0,2,0x150d78
1379732,0x150d94,2,0,2,0x150da5
1379780,0x150dc4,2,0,2,0x150df2
1379796,0x150dd4,2,0,2,0x150e00
1379871,0x150e1f,2,0,2,0x150e42
1379887,0x150e2f,2,0,2,0x150e50
1379951,0x150e6f,2,0,2,0x150e9d
1379967,0x150e7f,2,0,2,0x150eab
1380042,0x150eca,2,0,2,0x150eed
1380058,0x150eda,2,0,2,0x150efb
1380122,0x150f1a,2,0,2,0x150f4c
1380138,0x150f2a,2,0,2,0x150f5a
1380217,0x150f79,2,0,2,0x150fa0
1380233,0x150f89,2,0,2,0x150fae
1380301,0x150fcd,2,0,2,0x150fff
1380317,0x150fdd,2,0,2,0x15100d
1380396,0x15102c,2,0,2,0x151053
1380412,0x15103c,2,0,2,0x151061
1380480,0x151080,2,0,2,0x1510b0
1380496,0x151090,2,0,2,0x1510be
1380573,0x1510dd,2,0,2,0x151102
1380589,0x1510ed,2,0,2,0x151110
1380655,0x15112f,2,0,2,0x15115f
1380671,0x15113f,2,0,2,0x15116d
1380748,0x15118c,2,0,2,0x1511b1
1380764,0x15119c,2,0,2,0x1511bf
1380830,0x1511de,2,0,2,0x151212
1380846,0x1511ee,2,0,2,0x151220
1380927,0x15123f,2,0,2,0x151268
1380943,0x15124f,2,0,2,0x151276
1381013,0x151295,2,0,2,0x1512c9
1381029,0x1512a5,2,0,2,0x1512d7
1381110,0x1512f6,2,0,2,0x15131f
1381126,0x151306,2,0,2,0x15132d
1384508,0x15203c,2,0,2,0x15202b
1384552,0x152068,2,0,2,0x15205a
1384824,0x152178,2,0,2,0x15216d
1385088,0x152280,2,0,2,0x15225b
1385792,0x152540,2,0,2,0x1524bf
1386076,0x15265c,2,0,2,0x1525db
1387189,0x152ab5,2,0,2,0x152a06
1389692,0x15347c,2,0,2,0x15341a
1390078,0x1535fe,2,0,2,0x1535df
1390561,0x1537e1,2,0,2,0x153785
1390570,0x1537ea,2,0,2,0x1537df
1391539,0x153bb3,2,0,2,0x153ba6
1391784,0x153ca8,2,0,2,0x153cb0
1392940,0x15412c,2,0,2,0x1540ed
1394143,0x1545df,2,0,2,0x1545b7
1395177,0x1549e9,2,0,2,0x1549f2
1395233,0x154a21,2,0,2,0x154a2d
1395424,0x154ae0,2,0,2,0x154a9d
1395461,0x154b05,2,0,2,0x154ad3
1395500,0x154b2c,2,0,2,0x154ad1
1395632,0x154bb0,2,0,2,0x154b6a
1395669,0x154bd5,2,0,2,0x154ba0
1395708,0x154bfc,2,0,2,0x154b9e
1395904,0x154cc0,2,0,2,0x154ca0
1395952,0x154cf0,2,0,2,0x154cc6
1396016,0x154d30,2,0,2,0x154d0e
1396288,0x154e40,2,0,2,0x154dfd
1396325,0x154e65,2,0,2,0x154e33
1396364,0x154e8c,2,0,2,0x154e31
1396496,0x154f10,2,0,2,0x154eca
1396533,0x154f35,2,0,2,0x154f00
1396572,0x154f5c,2,0,2,0x154efe
1396720,0x154ff0,2,0,2,0x154fb1
1396757,0x155015,2,0,2,0x154fe7
1396796,0x15503c,2,0,2,0x154fe5
1396928,0x1550c0,2,0,2,0x15507a
1396965,0x1550e5,2,0,2,0x1550b0
1397004,0x15510c,2,0,2,0x1550ae
1397152,0x1551a0,2,0,2,0x155161
1397189,0x1551c5,2,0,2,0x155197
1397228,0x1551ec,2,0,2,0x155195
1397360,0x155270,2,0,2,0x15522a
1397397,0x155295,2,0,2,0x155260
1397436,0x1552bc,2,0,2,0x15525e
1397584,0x155350,2,0,2,0x155311
1397621,0x155375,2,0,2,0x155347
1397660,0x15539c,2,0,2,0x155345
1397792,0x155420,2,0,2,0x1553da
1397829,0x155445,2,0,2,0x155410
1397868,0x15546c,2,0,2,0x15540e
1398016,0x155500,2,0,2,0x1554d6
1398080,0x155540,2,0,2,0x15551e
1398282,0x15560a,2,0,2,0x15566f
1398400,0x155680,2,0,2,0x155667
1398512,0x1556f0,2,0,2,0x1556ce
1402256,0x156590,2,0,2,0x15654d
1402293,0x1565b5,2,0,2,0x156583
1402332,0x1565dc,2,0,2,0x156581
1402464,0x156660,2,0,2,0x15661a
1402501,0x156685,2,0,2,0x156650
1402540,0x1566ac,2,0,2,0x15664e
1402704,0x156750,2,0,2,0x156730
1402752,0x156780,2,0,2,0x156756
1402816,0x1567c0,2,0,2,0x15679e
1403088,0x1568d0,2,0,2,0x15688d
1403125,0x1568f5,2,0,2,0x1568c3
1403164,0x15691c,2,0,2,0x1568c1
1403296,0x1569a0,2,0,2,0x15695a
1403333,0x1569c5,2,0,2,0x156990
1403372,0x1569ec,2,0,2,0x15698e
1403520,0x156a80,2,0,2,0x156a39
1403557,0x156aa5,2,0,2,0x156a6f
1403596,0x156acc,2,0,2,0x156a6d
1403728,0x156b50,2,0,2,0x156b0a
1403765,0x156b75,2,0,2,0x156b40
1403804,0x156b9c,2,0,2,0x156b3e
1403952,0x156c30,2,0,2,0x156be9
1403989,0x156c55,2,0,2,0x156c1f
1404028,0x156c7c,2,0,2,0x156c1d
1404160,0x156d00,2,0,2,0x156cba
1404197,0x156d25,2,0,2,0x156cf0
1404236,0x156d4c,2,0,2,0x156cee
1404384,0x156de0,2,0,2,0x156d99
1404421,0x156e05,2,0,2,0x156dcf
1404460,0x156e2c,2,0,2,0x156dcd
1404592,0x156eb0,2,0,2,0x156e6a
1404629,0x156ed5,2,0,2,0x156ea0
1404668,0x156efc,2,0,2,0x156e9e
1404768,0x156f60,2,0,2,0x156f42
1404816,0x156f90,2,0,2,0x156f66
1404880,0x156fd0,2,0,2,0x156fae
1405104,0x1570b0,2,0,2,0x157099
1405152,0x1570e0,2,0,2,0x1570b6
1405216,0x157120,2,0,2,0x1570fe
1405418,0x1571ea,2,0,2,0x157237
1405552,0x157270,2,0,2,0x157246
1405616,0x1572b0,2,0,2,0x15728e
1406192,0x1574f0,2,0,2,0x1574ce
1406480,0x157610,2,0,2,0x1575cd
1406517,0x157635,2,0,2,0x157603
1406556,0x15765c,2,0,2,0x157601
1407012,0x157824,2,0,2,0x157876
1407375,0x15798f,2,0,2,0x157a24
1407838,0x157b5e,2,0,2,0x157bf0
1408494,0x157dee,2,0,2,0x157f01
1408958,0x157fbe,2,0,2,0x157fd0
1409098,0x15804a,2,0,2,0x157ffb
1409317,0x158125,2,0,2,0x158113
