name,offset,classification,cfg_status
___begtext,3,routine_entry,matches
_main_palette_player_colors,16,routine_entry,matches
main_,24,routine_entry,shorter
main2_,87,routine_entry,shorter+unresolved
Screen_Control_,1179,routine_entry,matches+unresolved
_TOGGLE_PAGES_,1917,routine_entry,matches
Set_Refresh_,1927,routine_entry,matches
Get_Auto_Function_,1967,routine_entry,matches
Put_Auto_Function_,1978,routine_entry,matches
Execute_Auto_Function_,1986,routine_entry,matches
Set_Game_Random_Seed_,1994,routine_entry,matches
Check_Command_Line_Parameters_,2022,routine_entry,shorter+unresolved
Get_Value_From_String_,2574,routine_entry,shorter+unresolved
Set_Mox_Alt_Path_,2674,routine_entry,matches
Set_Mox_Language_,3119,routine_entry,matches
Load_Mox_Global_Strings_,3238,routine_entry,matches
Allocate_Data_Space_,3253,routine_entry,matches+unresolved
Load_Game_,3631,routine_entry,matches+unresolved
Save_Game_,5643,routine_entry,shorter+unresolved
Save_Game_Settings_,7140,routine_entry,matches
Load_Game_Settings_,7225,routine_entry,matches
Get_Saved_Game_Descriptions_,7299,routine_entry,matches
Check_Magic_Number_,7684,routine_entry,matches
Get_Star_Date_From_Save_File_,7766,routine_entry,matches
Magic_Number_Ok_,7845,routine_entry,matches
Read_Settings_From_Save_File_,7854,routine_entry,matches
Save_Moo_Custom_Player_Data_,7952,routine_entry,matches
Save_Out_Settings_To_Temp_File_,7953,routine_entry,matches
Get_Game_Type_From_Saved_Game_,8140,routine_entry,matches
Read_Moo_Custom_Player_Data_,8237,routine_entry,matches
Save_Session_Related_Settings_,8240,routine_entry,matches
Copy_Over_Game_Universe_Settings_,8442,routine_entry,shorter
Make_Autosave_File_Name_,8565,routine_entry,matches
Get_Multi_Player_N_Humans_,8688,routine_entry,matches
Update_Game_Settings_Version_Number_,8743,routine_entry,matches+unresolved
Init_Ships_Array_,8808,routine_entry,shorter+unresolved
Make_System_Monsters_Into_Ships_,8908,routine_entry,matches
Set_Initial_Colony_Auto_Selects_,9166,routine_entry,matches
Init_Colonies_Array_,9242,routine_entry,shorter+unresolved
Init_New_Game_,9337,routine_entry,shorter+unresolved
Init_New_Session_,10138,routine_entry,matches
Set_Defaults_,10143,routine_entry,shorter+unresolved
Set_Default_Game_Settings_,10209,routine_entry,shorter+unresolved
Write_Game_Settings_,10551,routine_entry,matches
Init_Players_,10627,routine_entry,shorter+unresolved
Init_Colony_,11637,routine_entry,shorter+unresolved
Test_Create_Ship_,11784,routine_entry,shorter+unresolved
Init_Officers_,12414,routine_entry,matches
Init_Leaders_,12415,routine_entry,matches
Load_Pictures_,12660,routine_entry,matches
Load_Main_Screen_Pictures_,12738,routine_entry,shorter+unresolved
Load_Player_Special_Names_,13906,routine_entry,shorter+unresolved
Next_Turn_Calc_,14003,routine_entry,matches
Do_Autosave_,14370,routine_entry,matches
Next_Turn_,14448,routine_entry,shorter+unresolved
Get_Winner_,14824,routine_entry,shorter
Init_Homeworld_Colony2_,14909,routine_entry,shorter+unresolved
Init_Homeworld_Colony_,16295,routine_entry,matches
Init_Advanced_Civilization_Fleet_,16311,routine_entry,matches
Init_Non_Homeworld_Colony_,16312,routine_entry,shorter
Add_Building_,16345,routine_entry,matches+unresolved
Remove_Building_,17898,routine_entry,shorter+unresolved
Mox_Play_Sound_,18391,routine_entry,matches
Calc_Ship_Level_,18407,routine_entry,shorter+unresolved
Do_Academy_At_Location_Check_,18554,routine_entry,matches
Best_Instructor_Bonus_,18709,routine_entry,matches
Do_XP_For_Ship_,18901,routine_entry,matches
Do_All_Ships_XP_Check_,18983,routine_entry,matches
_rifles,19080,routine_entry,matches
_personal_shields,19098,routine_entry,matches
_planetary_shields,19104,routine_entry,matches
Main_Antaran_Room_Screen_,19116,routine_entry,matches
Draw_Main_Antaran_Room_Screen_,19453,routine_entry,matches
Reload_Main_Antaran_Room_Screen_,19587,routine_entry,matches
Get_Antaran_Room_Message_,19836,routine_entry,shorter+unresolved
Check_Show_Main_Antaran_Room_Screen_,19937,routine_entry,matches
Play_Cinematic_,19959,routine_entry,shorter+unresolved
Smack_Fade_,20613,routine_entry,matches
Draw_Smack_Screen_,20709,routine_entry,matches
Race_Customization_,20731,routine_entry,shorter+unresolved
Main_Council_Screen_,21049,routine_entry,shorter+unresolved
Control_Main_Council_Screen_,21408,routine_entry,matches
Draw_Main_Council_Screen_,21537,routine_entry,shorter+unresolved
Reload_Main_Council_Screen_,22228,routine_entry,shorter+unresolved
Calc_Council_Vote_,23440,routine_entry,shorter+unresolved
Get_Council_Message_,23529,routine_entry,shorter+unresolved
Next_Council_State_,23984,routine_entry,shorter
Council_Finished_Voting_,24056,routine_entry,matches+unresolved
Council_Votes_,24252,routine_entry,shorter+unresolved
Vote_Check_,24609,routine_entry,matches+unresolved
Council_Vote_Result_,25060,routine_entry,matches+unresolved
Council_Player_Vote_,25404,routine_entry,shorter+unresolved
Council_Accept_Ruling_,26123,routine_entry,shorter+unresolved
Check_For_Council_Meeting_,26799,routine_entry,matches+unresolved
Load_Council_Text_Messages_,26970,routine_entry,matches
Council_Player_Voted_Winner_,27081,routine_entry,shorter+unresolved
Drive_Council_Player_Voted_Winner_,27199,routine_entry,matches
Draw_Council_Player_Voted_Winner_,27346,routine_entry,shorter+unresolved
Get_Player_Voted_Winner_Message_,27644,routine_entry,shorter+unresolved
Diplomacy_Screen_,27726,routine_entry,shorter+unresolved
Draw_Diplomacy_Screen_,28416,routine_entry,shorter+unresolved
Draw_Diplomacy_Synch_Mode_,28416,routine_entry,shorter+unresolved
Get_Main_Repulsive_Diplomacy_Choices_,29223,routine_entry,shorter+unresolved
Get_Main_Diplomacy_Choices_,30092,routine_entry,matches+unresolved
Diplomacy_Set_Main_Options_,30791,routine_entry,shorter+unresolved
Diplomacy_Declare_War_Resolution_,31220,routine_entry,matches+unresolved
Setup_Back_Page_,31569,routine_entry,shorter+unresolved
Setup_Ambassador_Pic_,31666,routine_entry,matches
Diplomacy_Fade_In_,31751,routine_entry,matches
Draw_Diplomacy_Fade_In_Screen_,32029,routine_entry,shorter
Diplomacy_Propose_Treaty_,32091,routine_entry,shorter
Diplomacy_Break_Treaty_,32980,routine_entry,shorter+unresolved
Diplomacy_Break_Treaty_Resolution_,33545,routine_entry,matches+unresolved
Get_Human_Surrender_Message_,34144,routine_entry,matches
Get_Human_Declare_War_Message_,34198,routine_entry,shorter
Get_Human_Offer_Gift_Message_,34237,routine_entry,shorter
Get_Human_Demand_Message_,34515,routine_entry,matches
Get_Human_Break_Treaty_Message_,34874,routine_entry,matches
Get_Human_Form_Treaty_Message_,35040,routine_entry,matches
Get_Human_Propose_Treaty_Message_,35308,routine_entry,matches
Get_Human_Tech_Exchange_Message_,35479,routine_entry,matches
Get_Human_Tech_Exchange_First_Message_,35554,routine_entry,matches
Get_Human_Tech_Exchange_Accept_Message_,35623,routine_entry,matches
Get_Human_Tech_Exchange_Decline_Message_,35646,routine_entry,shorter
Diplomacy_Demand_,35705,routine_entry,shorter+unresolved
Diplomacy_Offer_Gift_,38085,routine_entry,shorter+unresolved
Diplomacy_Display_Response_,39193,routine_entry,matches
Diplomacy_Determine_Treaty_Proposal_,39319,routine_entry,shorter+unresolved
Diplomacy_Need_Better_Offer_,39800,routine_entry,matches
Get_Diplomacy_Tech_List_,40287,routine_entry,matches
Diplomacy_Generic_List_,40424,routine_entry,matches
Diplomacy_Generic_Exchange_Tech_List_,40742,routine_entry,matches
Diplomacy_Generic_System_List_,41469,routine_entry,shorter+unresolved
Draw_Diplomacy_Generic_System_List_,42029,routine_entry,matches
Get_Diplomacy_Demand_Treaty_List_,42061,routine_entry,matches
Npc_Display_Diplomacy_Messages_,42247,routine_entry,shorter+unresolved
Accepted_Npc_Demand_Resolution_,43966,routine_entry,shorter+unresolved
Get_Non_Player_Proposals_,44050,routine_entry,shorter+unresolved
Npc_Give_Gift_,44725,routine_entry,shorter+unresolved
Show_Sneak_Attack_Message_,44960,routine_entry,matches
Npc_Diplomacy_Screen_,44966,routine_entry,shorter+unresolved
Check_Human_Treaty_Proposal_,45163,routine_entry,matches+unresolved
Get_Human_Treaty_Choice_,45479,routine_entry,shorter+unresolved
Check_Better_Offer_Available_,45914,routine_entry,matches
Get_Human_Demand_Choice_,46005,routine_entry,shorter
Diplomacy_Give_In_To_Demand_,46215,routine_entry,shorter
Get_Human_Demand_Response_,46520,routine_entry,shorter+unresolved
Get_Human_Gift_Response_,46884,routine_entry,matches+unresolved
Get_Human_Tech_Exchange_Choice_,47099,routine_entry,matches
Diplomacy_Load_New_Ambassador_,47233,routine_entry,matches
Diplomacy_Mouse_Init_,47406,routine_entry,shorter+unresolved
Diplomacy_Human_Need_Better_Offer_,48475,routine_entry,matches+unresolved
Check_Surrender_System_,50199,routine_entry,matches
Diplomacy_System_Display_,50297,routine_entry,shorter+unresolved
Draw_Diplomacy_System_Display_,51176,routine_entry,shorter+unresolved
Draw_Diplomacy_System_,51315,routine_entry,matches
Draw_Diplomacy_System_Text_,51417,routine_entry,matches+unresolved
Diplomacy_System_Scan_,51836,routine_entry,matches
Diplomacy_Exchange_Technology_,52045,routine_entry,shorter+unresolved
Get_Diplomacy_Tech_Exchange_Lists_,53169,routine_entry,matches+unresolved
Start_Diplomacy_Music_,53461,routine_entry,matches
Diplomacy_Surrender_,53496,routine_entry,shorter+unresolved
Diplomacy_Offer_Money_,53815,routine_entry,shorter+unresolved
Get_Diplomacy_Statement_,54629,routine_entry,shorter+unresolved
An_,56855,routine_entry,shorter
Get_Net_Diplomacy_Choices_,57080,routine_entry,shorter+unresolved
Diplomacy_Net_Switcheroo_,60695,routine_entry,shorter+unresolved
Diplomacy_Initial_Synch_Up_,60828,routine_entry,shorter+unresolved
Diplomacy_Listen_Mode_,60905,routine_entry,matches+unresolved
Diplomacy_Chat_,61275,routine_entry,shorter+unresolved
Draw_Diplomacy_Listen_Mode_,61628,routine_entry,matches
Diplomacy_Synch_Mode_,61743,routine_entry,shorter+unresolved
Start_Net_Treaty_,61821,routine_entry,matches
Diplomacy_Receive_Message_,62000,routine_entry,matches+unresolved
Get_Listen_Mode_Message_,62283,routine_entry,shorter+unresolved
Load_Diplomacy_Text_Messages_,62332,routine_entry,matches
Setup_Diplomacy_Help_,64531,routine_entry,shorter+unresolved
Setup_Full_Screen_Diplomacy_Help_,64774,routine_entry,matches+unresolved
Set_Opportunity_Attacks_,64896,routine_entry,shorter+unresolved
Add_Diplomacy_Turn_Summary_Messages_,65269,routine_entry,matches+unresolved
Resolve_Delayed_Diplomacy_Orders_,65517,routine_entry,matches+unresolved
Diplomacy_Main_Net_Chat_,65731,routine_entry,matches
Diplomacy_Message_Is_Interactive_,65890,routine_entry,matches
Init_Events_,65956,routine_entry,shorter+unresolved
Reset_Events_,66041,routine_entry,matches
Check_For_Event_Message_,66111,routine_entry,matches
Check_For_Event_,66174,routine_entry,matches
Start_Main_Event_,66333,routine_entry,matches
Load_Event_Picture_,66507,routine_entry,matches
Drive_Event_Screen_,66560,routine_entry,matches
Draw_Event_Screen_,66656,routine_entry,matches
Event_Fade_In_,66872,routine_entry,shorter
Event_Twiddle_,67234,routine_entry,shorter
Setup_Next_Event_,70513,routine_entry,shorter+unresolved
Get_Event_Message_,72557,routine_entry,matches+unresolved
Event_Get_Fleet_Strength_,74301,routine_entry,shorter
Determine_Event_,74506,routine_entry,extends+unresolved
Get_Event_Victim_,77143,routine_entry,extends+unresolved
Get_Antaran_Victim_,77660,routine_entry,matches+unresolved
Player_Has_Bad_Event_,78006,routine_entry,matches+unresolved
Get_Event_Climate_Change_Colony_,78092,routine_entry,matches
Get_Event_Industrial_Accident_Colony_,78260,routine_entry,matches
Get_Event_Mineral_Depletion_Colony_,78430,routine_entry,matches
Get_Event_Mineral_Deposit_Colony_,78523,routine_entry,shorter
Event_Monster_Update_,78636,routine_entry,matches
Event_Race_Eliminated_,78763,routine_entry,matches
Event_Orion_Discovered_,78776,routine_entry,matches
Event_Defeat_Antarans_,78789,routine_entry,matches
Event_Surrender_,78802,routine_entry,matches
Event_Rebel_Assimilation_,78822,routine_entry,matches
Event_Check_Hyperspace_Flux_,78842,routine_entry,matches
Event_Check_Space_Anomaly_,78878,routine_entry,matches
Event_Check_Pirate_Activity_,78958,routine_entry,matches
Event_Check_Plague_,79032,routine_entry,matches
Event_Check_Warp_Beast_,79077,routine_entry,matches
Event_Check_Population_Boom_,79113,routine_entry,matches
Event_Check_Comet_,79158,routine_entry,matches
Event_Check_Planet_Warning_,79203,routine_entry,shorter+unresolved
Event_Check_General_Status_,79679,routine_entry,matches+unresolved
Allocate_Comet_Hit_,79744,routine_entry,shorter+unresolved
Allocate_Industrial_Accident_Hit_,79923,routine_entry,matches
Allocate_Earthquake_Hit_,80040,routine_entry,matches
Find_Nearest_Player_Colony_to_Ship_,80264,routine_entry,matches
Colony_To_Ship_Dist2_,80360,routine_entry,matches
Pick_Completely_Random_Star_,80479,routine_entry,matches
Ship_Size_Points_At_Star_,80680,routine_entry,matches
Colony_Research_Points_,80740,routine_entry,shorter+unresolved
Pick_Random_Player_In_Contact_,80765,routine_entry,matches
Pick_Random_Star_,80876,routine_entry,matches
Pick_Random_Officer_,81057,routine_entry,matches
Pick_Random_Ship_,81133,routine_entry,matches
Pick_Random_Colony_No_Outpost_,81220,routine_entry,matches
Pick_Random_Colony_No_Capitol_,81312,routine_entry,matches
Event_Check_Colony_Researching_,81406,routine_entry,matches
Colony_Has_Event_,81504,routine_entry,matches
Kill_All_Events_At_Colony_,81951,routine_entry,matches
Event_Check_Space_Anomaly_At_Star_,82639,routine_entry,matches
Star_Has_Event_,82684,routine_entry,shorter
Event_Pirate_Activity_Strength_,83087,routine_entry,shorter
Determine_Lucky_Players_Events_,83217,routine_entry,matches+unresolved
Update_Lucky_Players_Events_,83396,routine_entry,matches
Jim_Hot_Key_,83453,routine_entry,matches+unresolved
Play_Streaming_Music_,83575,routine_entry,matches+unresolved
Stop_Background_Music_,84017,routine_entry,shorter+unresolved
Play_Background_Music_,84047,routine_entry,matches+unresolved
Fade_Down_Background_Music_,84237,routine_entry,matches+unresolved
Play_Combat_Music_,84332,routine_entry,matches+unresolved
Get_Text_Message_,84473,routine_entry,shorter+unresolved
Decode_Text_Message_,84682,routine_entry,matches
Decode_Text_Name_,85296,routine_entry,matches
Decode_Text_Race_,85296,routine_entry,matches
Decode_Text_Race_And_Name_,85296,routine_entry,matches
Decode_Text_Name_And_Stat_,85324,routine_entry,matches
Decode_Text_Name_And_System_,85354,routine_entry,matches
Decode_Text_Name_And_Tech_,85379,routine_entry,matches
Decode_Text_Name_And_Other_Tech_,85404,routine_entry,matches
Decode_Text_Name_Tech_And_Other_Tech_,85445,routine_entry,matches
Decode_Text_Name_And_Name_,85488,routine_entry,matches
Decode_Text_Stat_,85512,routine_entry,matches
Decode_Text_System_,85543,routine_entry,matches
Decode_Text_Field_,85566,routine_entry,matches
Decode_Text_Year_,85588,routine_entry,matches
Decode_Text_Tech_And_Other_Name_,85619,routine_entry,matches
Bill_Picture_To_Mouse_,85654,routine_entry,matches
Draw_Logos_,85715,routine_entry,matches+unresolved
Logo_Fade_Out_,86415,routine_entry,matches
Slow_Fade_In_,86511,routine_entry,matches
Check_For_Simtex_Logo_,86617,routine_entry,matches
NPC_Diplomacy_,86695,routine_entry,matches
NPC_Tech_Exchange_,86725,routine_entry,matches
NPC_Threats_,86741,routine_entry,matches+unresolved
NPC_To_NPC_Treaty_Negotiations_,87341,routine_entry,matches+unresolved
Honor_Alliances_,88786,routine_entry,shorter+unresolved
Eliminate_NPC_Treaty_Conflicts_,89030,routine_entry,matches+unresolved
NPC_Diplomacy_Buildup_Penalties_,89212,routine_entry,matches+unresolved
NPC_Declarations_Of_War_,89585,routine_entry,matches+unresolved
NPC_Peace_Negotiations_,91914,routine_entry,matches+unresolved
NPC_Required_Alliances_,92317,routine_entry,shorter+unresolved
NPC_To_Human_Diplomacy_,92560,routine_entry,shorter
Get_Tech_Exchange_Reaction_,93117,routine_entry,shorter+unresolved
compare_tech_,93453,routine_entry,matches
reverse_compare_tech_,93458,routine_entry,matches
Get_Exchange_Tech_List_,93465,routine_entry,matches
Get_Tech_Exchange_Expectation_,94138,routine_entry,shorter+unresolved
Get_Differential_Tech_List_,94356,routine_entry,shorter+unresolved
NPC_Tech_Exchange_Check_,94735,routine_entry,matches+unresolved
NPC_Good_Proposal_Check_,95086,routine_entry,matches+unresolved
Clear_Last_Proposal_Turn_,95495,routine_entry,shorter+unresolved
NPC_Message_Rejection_Check_,95583,routine_entry,shorter+unresolved
NPC_Proposal_Rejection_Accept_,95974,routine_entry,shorter+unresolved
NPC_Treaty_Hatred_,96207,routine_entry,matches+unresolved
NPC_Surrender_Check_,96829,routine_entry,matches+unresolved
Does_Ship_Have_Missiles_Incoming_,98086,routine_entry,matches
Safe_To_Fire_Sphere_Weapon_,98207,routine_entry,matches
Ai_Self_Destruct_Check_,98664,routine_entry,matches+unresolved
Release_Smallest_Ship_From_Stasis_,99782,routine_entry,matches
Ai_Stasis_Check_,99914,routine_entry,matches
Range_To_XY_,100072,routine_entry,matches
Range_To_Missile_,100406,routine_entry,matches
Range_To_Ship_,100442,routine_entry,matches
Expected_Weapon_Damage_,100804,routine_entry,shorter+unresolved
Expected_Missile_Damage_,102062,routine_entry,shorter+unresolved
Expected_Beam_Bomb_Damage_,102618,routine_entry,shorter+unresolved
Missile_Overkill_Check_,103384,routine_entry,matches
Check_For_Launched_Fighters_,103552,routine_entry,shorter
Is_Ship_Out_Of_Ammo_,103647,routine_entry,matches+unresolved
Is_Ship_Targeted_By_Missile_,103888,routine_entry,matches
Toggle_Auto_Combat_Flags_,103958,routine_entry,shorter+unresolved
Crystal_Control_,104336,routine_entry,extends+unresolved
Do_Auto_Ship_Turn_,104503,routine_entry,extends+unresolved
Target_Missile_Value_,106267,routine_entry,matches+unresolved
Select_Missile_To_Target_,106821,routine_entry,matches
Target_Ship_Value_,107065,routine_entry,matches+unresolved
Select_Ship_To_Target_,107626,routine_entry,matches
Choose_Target_,107752,routine_entry,shorter
Combat_Ship_Class_,107845,routine_entry,matches+unresolved
Evaluate_Possible_Move_,108413,routine_entry,matches
Bring_Weapons_To_Bear_,108560,routine_entry,matches
Auto_Move_Ship_,108965,routine_entry,shorter+unresolved
Get_Current_Ship_Target_,109817,routine_entry,matches+unresolved
Will_Missile_Do_Damage_,110290,routine_entry,shorter+unresolved
Get_Current_Missile_Target_,110505,routine_entry,matches
Get_Current_Target_,110750,routine_entry,shorter
Convert_Ordinal_To_Msl_Type_,110993,routine_entry,matches
Get_Effective_Missile_Strength_,111101,routine_entry,matches+unresolved
Average_Missile_Kills_,112588,routine_entry,matches+unresolved
Get_Effective_Weapon_Damage_,113123,routine_entry,matches
Get_Effective_Beam_Strength_,113246,routine_entry,matches
Get_Total_Hits_,113414,routine_entry,matches+unresolved
Retreat_Check_,113569,routine_entry,matches+unresolved
Get_Long_Range_Beam_Strength_,114213,routine_entry,matches
Resolve_Ai_Boarding_,114547,routine_entry,matches+unresolved
Boarding_Action_Type_,114985,routine_entry,matches+unresolved
Get_Player_Mode_,115770,routine_entry,shorter
Draw_Super_Fast_Screen_,116053,routine_entry,shorter+unresolved
Refresh_Combat_Screen_Full_,116225,routine_entry,shorter+unresolved
Full_Draw_Combat_Screen_,116410,routine_entry,shorter+unresolved
Draw_Grey_Damage_Bars_,117708,routine_entry,shorter+unresolved
Draw_Ship_Status_,119277,routine_entry,shorter+unresolved
Draw_Weapon_Status_Display_,123597,routine_entry,matches
Draw_Special_Status_Display_,125325,routine_entry,extends
Draw_Blip2_,125711,routine_entry,matches
Draw_Blip3_,125826,routine_entry,matches
Draw_Blip4_,126037,routine_entry,matches
Draw_Blip5_,126344,routine_entry,matches
Draw_Reduced_Map_Box_,126801,routine_entry,matches
Draw_Reduced_Combat_Map_,127346,routine_entry,matches
Draw_Option_Panel_Lights_,127874,routine_entry,matches
Draw_Crew_Level_Stars_,128069,routine_entry,shorter+unresolved
Draw_Main_Combat_Screen_,128238,routine_entry,shorter+unresolved
Draw_Ship_,131170,routine_entry,shorter+unresolved
Combat_Draw_View_Ship_,132657,routine_entry,shorter+unresolved
Detailed_View_Ship_,139045,routine_entry,shorter+unresolved
Draw_Shield_Arcs_,139843,routine_entry,shorter+unresolved
Draw_Weapon_Arcs_,141109,routine_entry,shorter+unresolved
Relative_Bearing_XY_,141732,routine_entry,matches
Relative_Bearing_,141856,routine_entry,matches
Get_Weapon_Arc_,142033,routine_entry,shorter
Draw_Ship_To_Bitmap_,142118,routine_entry,shorter+unresolved
Draw_Retreating_Ship_,142740,routine_entry,extends+unresolved
Get_Ship_Anim_Dimensions_,143702,routine_entry,shorter
Remap_Draw_Ship_Status_,143769,routine_entry,matches
Scroll_Draw_Combat_Screen_,144707,routine_entry,shorter+unresolved
Ship_Completely_On_Screen_,145831,routine_entry,shorter+unresolved
Ship_On_Screen_,146201,routine_entry,matches+unresolved
Display_Combat_View_Ship_,146437,routine_entry,shorter+unresolved
Crew_Quality_String_,146682,routine_entry,shorter
Plasma_Darken_,146883,routine_entry,matches
Draw_Bombs_,147296,routine_entry,shorter+unresolved
Create_Ship_Darken_Map_,148102,routine_entry,shorter
Get_Draw_Ship_Offsets_,148564,routine_entry,matches
Get_Ship_Center_Draw_XY_,148803,routine_entry,matches
Draw_Internals_Display_,148894,routine_entry,shorter+unresolved
Draw_Fake_Combat_Buttons_,149793,routine_entry,shorter+unresolved
Draw_Legal_Boxes_,150198,routine_entry,shorter+unresolved
Move_Options_Background_,150594,routine_entry,shorter+unresolved
Draw_Board_Popup_,151240,routine_entry,matches
Board_Popup_,151491,routine_entry,matches+unresolved
Apply_Internal_Damage_,152145,routine_entry,matches+unresolved
Repair_Combat_Ship_,153633,routine_entry,shorter+unresolved
Clear_Internal_Space_,154682,routine_entry,matches
Combat_Bonus_,154710,routine_entry,matches
Computer_Bonus_,154751,routine_entry,shorter+unresolved
Crew_Boarding_Combat_Bonus_,154797,routine_entry,shorter+unresolved
Crew_Defensive_Combat_Bonus_,154829,routine_entry,shorter+unresolved
Crew_Offensive_Combat_Bonus_,154861,routine_entry,shorter+unresolved
Defensive_Combat_Bonus_,154893,routine_entry,shorter+unresolved
Get_Fleet_Engineer_Bonus_,155148,routine_entry,matches
Fighter_Pilot_Bonus_,155242,routine_entry,matches
Get_Fleet_Pilot_Bonus_,155310,routine_entry,matches
Set_Combat_Ordnance_Values_,155402,routine_entry,shorter+unresolved
Leader_Ordnance_Bonus_,155469,routine_entry,matches
Get_Fleet_Ordnance_Bonus_,155518,routine_entry,matches
Get_Fleet_Commando_Bonus_,155610,routine_entry,matches
Commando_Bonus_,155702,routine_entry,matches
Engineer_Bonus_,155770,routine_entry,matches
Get_Fleet_Security_Bonus_,155818,routine_entry,matches
Security_Bonus_,155910,routine_entry,matches
Fleet_Defensive_Bonus_,155961,routine_entry,matches+unresolved
Fleet_Offensive_Bonus_,156262,routine_entry,shorter+unresolved
Heal_System_,156561,routine_entry,matches+unresolved
Init_Internal_Space_,156784,routine_entry,shorter+unresolved
Kill_Crew_,157359,routine_entry,shorter+unresolved
Offensive_Combat_Bonus_,157405,routine_entry,shorter+unresolved
Helmsman_Bonus_,157565,routine_entry,matches
Weaponry_Bonus_,157614,routine_entry,matches
Galactic_Lore_Bonus_,157663,routine_entry,matches
Select_Internal_,157712,routine_entry,matches+unresolved
Ship_Specials_Defensive_Bonus_,158307,routine_entry,matches
Ship_Specials_Offensive_Bonus_,158534,routine_entry,matches
Total_Internal_Space_,158564,routine_entry,shorter+unresolved
Max_Total_Internal_Space_,158690,routine_entry,shorter+unresolved
Weapons_Left_,158816,routine_entry,matches+unresolved
Final_Fire_,158876,routine_entry,matches
Defensive_Fire_Check_,159441,routine_entry,matches+unresolved
Max_Defensive_Fire_Range_,160115,routine_entry,matches
Get_Combat_Ship_Special_Id_,160340,routine_entry,matches
Init_Boarding_Action_,160445,routine_entry,shorter+unresolved
Resolve_Raid_,160520,routine_entry,matches+unresolved
Resolve_Capture_,163240,routine_entry,matches+unresolved
Capture_Ship_,164626,routine_entry,shorter+unresolved
Select_Raid_Internal_,165032,routine_entry,shorter+unresolved
Damage_From_Ship_Exploding_,165462,routine_entry,shorter+unresolved
Apply_Combat_Artemis_Net_,165519,routine_entry,matches+unresolved
Combat_Ship_Done_,165946,routine_entry,matches
Set_Combat_Ship_Done_,165976,routine_entry,matches
Used_Teleporter_,166006,routine_entry,matches
Set_Teleporter_Used_,166028,routine_entry,matches
Already_Boarded_,166050,routine_entry,matches
Set_Boarded_Flag_,166072,routine_entry,matches
Being_Captured_,166094,routine_entry,matches
Set_Capturing_Flag_,166119,routine_entry,matches
Clear_Capturing_Flag_,166144,routine_entry,matches
Retarget_Missiles_Aimed_At_,166174,routine_entry,matches
Is_Combat_Ship_Dead_,166266,routine_entry,matches+unresolved
Target_Is_Legal_For_Weapon_,166376,routine_entry,shorter+unresolved
Fire_Ship_,166750,routine_entry,shorter+unresolved
Get_Beam_Range_To_Hit_Bonus_,168966,routine_entry,shorter+unresolved
Get_Beam_Weapon_Modifiers_,169012,routine_entry,matches+unresolved
Fire_Beam_Weapon_,169207,routine_entry,shorter+unresolved
Apply_Ship_Damage_,170373,routine_entry,matches+unresolved
Facing_Shield_,171488,routine_entry,matches
Destroy_Ship_,171541,routine_entry,shorter+unresolved
Weapon_In_Range_,171805,routine_entry,matches
Apply_Damage_To_Missile_,172217,routine_entry,matches
Does_Combat_Planet_Have_Defenses_,172354,routine_entry,matches+unresolved
Destroy_Colony_Defense_,172446,routine_entry,matches+unresolved
Apply_Damage_To_Planet_,172995,routine_entry,matches+unresolved
Fire_Bomb_,173770,routine_entry,shorter+unresolved
Weapon_Can_Fire_At_Missiles_,173994,routine_entry,matches
Place_Ship_In_Stasis_,174098,routine_entry,matches
Fire_Special_Weapon_,174127,routine_entry,matches+unresolved
Fire_Fighter_Bomb_,175136,routine_entry,shorter+unresolved
Fire_Fighter_Beam_,175447,routine_entry,shorter+unresolved
Remove_Stasis_Beam_,176051,routine_entry,matches
Special_Is_On_,176101,routine_entry,shorter+unresolved
Special_Is_Turned_On_,176132,routine_entry,matches
Energy_Absorber_Attack_,176247,routine_entry,shorter+unresolved
Pre_Weapon_Specials_,176946,routine_entry,matches
Draw_Energy_Absorber_,177133,routine_entry,matches
Draw_BHG_,177344,routine_entry,shorter+unresolved
BHG_,177703,routine_entry,shorter+unresolved
_missile_group_offset,178237,routine_entry,shorter
_torpedo_group_offset,178749,routine_entry,shorter
Missile_Owner_,179005,routine_entry,matches
Missile_Type_,179024,routine_entry,matches
Coord_Movement_,179190,routine_entry,matches
Kill_Missile_,179328,routine_entry,matches
Did_Missile_Hit_,179405,routine_entry,matches+unresolved
Picture_Count_,179500,routine_entry,shorter+unresolved
Get_Multiple_Torpedo_Coords_,179674,routine_entry,shorter
Get_Multiple_Missile_Coords_,180082,routine_entry,matches
Draw_Missile_,180956,routine_entry,matches+unresolved
Draw_Missile_Status_,181561,routine_entry,matches
Draw_Missiles_,182324,routine_entry,shorter+unresolved
Fire_Missile_,182418,routine_entry,matches+unresolved
Missile_Coord_Movement_,183332,routine_entry,matches
Missile_Facing_To_XY_,183410,routine_entry,matches
Missile_Facing_,183452,routine_entry,matches
Missile_Speed_,183585,routine_entry,matches+unresolved
Missile_On_Combat_Screen_,183887,routine_entry,matches
Move_Missile_,183991,routine_entry,matches+unresolved
Next_Missile_Id_,184861,routine_entry,matches
On_Combat_Screen_,184921,routine_entry,matches
Is_Missile_Target_Alive_,184985,routine_entry,matches
Resolve_Missile_,185055,routine_entry,matches+unresolved
Find_Weakest_Shield_,187279,routine_entry,matches
Draw_Fighter_,187345,routine_entry,matches
Retarget_Missile_,187864,routine_entry,matches+unresolved
Fighter_Ocv_,188301,routine_entry,matches+unresolved
Missile_Dcv_,188384,routine_entry,matches+unresolved
Get_Missile_Hits_,188565,routine_entry,matches
Fighter_Combat_SFX_,188836,routine_entry,shorter+unresolved
Ship_Is_In_Stasis_,189795,routine_entry,matches
Ship_In_Black_Hole_,189820,routine_entry,shorter+unresolved
Draw_Teleporting_Ship_,189848,routine_entry,shorter+unresolved
Rotate_Ship_Until_Impact_,190377,routine_entry,shorter+unresolved
Ship_In_Legal_Square_,190985,routine_entry,shorter+unresolved
Test_Move_Until_Impact_,191141,routine_entry,shorter+unresolved
Move_Ship_,192015,routine_entry,shorter+unresolved
Get_Facing_,194033,routine_entry,matches
Rotate_Ship_,194088,routine_entry,matches+unresolved
Turn_Cost_,194851,routine_entry,matches
Move_Cost_,194911,routine_entry,matches
Turn_To_Face_,195169,routine_entry,matches
Wait_Until_Net_Opponent_Finished_,195582,routine_entry,shorter
Tactical_Combat_Receive_Message_,195800,routine_entry,matches
Message_Box_Titled_,196010,routine_entry,matches
QLoad_Combat_Antaran_Ship_,196020,routine_entry,matches
QLoad_Antaran_Defense_Fleet_,196338,routine_entry,shorter+unresolved
Get_Leader_Combat_Bonuses_,196660,routine_entry,matches
Strategic_Combat_,196936,routine_entry,shorter+unresolved
Apply_Damage_To_Qship_,199722,routine_entry,shorter
Get_Non_Player_Name_,199875,routine_entry,shorter
Build_End_Of_Combat_Message_,200000,routine_entry,shorter+unresolved
Qload_Ships_,202447,routine_entry,matches+unresolved
QGet_Hits_Bonus_,204322,routine_entry,matches+unresolved
QGet_Target_,204424,routine_entry,matches+unresolved
QGet_Target_SC_,204576,routine_entry,matches
Missile_Attack_,204672,routine_entry,matches
Strat_Bomb_Attack_,204992,routine_entry,matches
Stellar_Converter_Attack_,205115,routine_entry,matches
Draw_Qcombat_,205147,routine_entry,matches
Strat_Special_Attack_,205148,routine_entry,matches
Beam_Attack_,205343,routine_entry,matches
Combat_Satelite_Check_,205644,routine_entry,matches
Get_Colony_Hits_,205681,routine_entry,shorter+unresolved
Resolve_Strat_Colony_Damage_,205814,routine_entry,matches
Strategic_Bombardment_,206206,routine_entry,shorter+unresolved
Bombardment_,206459,routine_entry,shorter+unresolved
Tactical_Bombardment_,206721,routine_entry,shorter+unresolved
Get_Number_Of_Ships_In_Stasis_,207342,routine_entry,matches
Combat_Ship_Is_Functional_,207399,routine_entry,matches
Enemy_Dissipator_Exists_,207457,routine_entry,matches
Ship_Controlled_By_Computer_,207551,routine_entry,shorter+unresolved
Send_Tactical_Combat_Message_,207631,routine_entry,matches
Init_Ship_For_Start_Of_Turn_,207728,routine_entry,matches+unresolved
Set_Ocv_Dcv_For_All_,208360,routine_entry,matches
Ship_Initiative_Value_,208486,routine_entry,matches
qsort_ship_initiative_,208540,routine_entry,shorter
Do_Combat_Turn_,208767,routine_entry,shorter+unresolved
Seeking_Missiles_,216740,routine_entry,matches+unresolved
Calc_Current_Speed_,217743,routine_entry,matches+unresolved
Check_For_Winner_,218203,routine_entry,shorter+unresolved
Set_Cur_Ship_To_,218375,routine_entry,matches
Next_Ship_,218532,routine_entry,shorter+unresolved
Weapon_Is_On_,219212,routine_entry,matches
Weapon_Is_Off_,219244,routine_entry,matches
Remove_Continuing_Effect_Specials_,219276,routine_entry,matches+unresolved
Ship_Done_Check_,219405,routine_entry,matches
Retreat_Ship_,219492,routine_entry,shorter+unresolved
Initiate_Boarding_Action_,219623,routine_entry,matches+unresolved
Add_Missile_Fields_,220839,routine_entry,shorter+unresolved
Set_Combat_Help_Fields_,221226,routine_entry,shorter+unresolved
Add_Tactical_Combat_Fields_,222672,routine_entry,shorter+unresolved
Assign_Combat_Grids_,224456,routine_entry,shorter+unresolved
Assign_Mouse_Images_,225090,routine_entry,matches+unresolved
Set_Legal_Moves_,226607,routine_entry,shorter+unresolved
Combat_Screen_,227490,routine_entry,matches
Colony_Has_Defenses_,227491,routine_entry,matches
qsort_ship_array_by_size_,227580,routine_entry,matches
Tactical_Combat_,227641,routine_entry,shorter+unresolved
qsort_combat_data_by_size_,233183,routine_entry,matches
Ship_Size_In_Squares_,233212,routine_entry,shorter
Ship_Can_Deploy_At_,233289,routine_entry,matches
Deploy_Ships_,233539,routine_entry,matches+unresolved
Calc_Combat_Shield_Max_,234664,routine_entry,shorter+unresolved
Load_Combat_Ship_,234826,routine_entry,shorter+unresolved
Scroll_Combat_Screen_,236097,routine_entry,shorter+unresolved
Snap_Center_Combat_Screen_,236809,routine_entry,shorter+unresolved
Ship_Center_Offsets_,237265,routine_entry,matches
Load_Combat_Ship_Palette_,237465,routine_entry,matches
Load_Individual_Ship_Pictures_,237866,routine_entry,shorter+unresolved
Increment_Bhg_,238820,routine_entry,matches
End_Of_Turn_Bookeeping_,238965,routine_entry,matches
Plasma_Web_Damage_,239054,routine_entry,matches+unresolved
Recharge_Shields_,239504,routine_entry,matches+unresolved
Type_Of_Space_Station_,239748,routine_entry,matches
Load_Antaran_Planet_,239827,routine_entry,shorter+unresolved
Load_Colony_Defense_,240105,routine_entry,matches
Load_Tactical_Colony_,240182,routine_entry,shorter+unresolved
Load_Combat_Colony_Picture_,241690,routine_entry,matches
Does_Combat_Ship_Have_Special_,241875,routine_entry,matches
Apply_Bio_Weapon_Penalty_,241950,routine_entry,matches
End_Of_Combat_,242052,routine_entry,shorter+unresolved
Unload_Combat_Ship_,244193,routine_entry,shorter+unresolved
Load_Combat_Satelite_,244693,routine_entry,shorter+unresolved
Init_Special_Devices_,248310,routine_entry,shorter+unresolved
Load_Display_Combat_Ship_,248606,routine_entry,shorter+unresolved
Repair_All_Combat_Ships_,249831,routine_entry,shorter+unresolved
Load_Combat_Antaran_Ship_,250126,routine_entry,shorter
Load_Antaran_Defense_Fleet_,250177,routine_entry,shorter+unresolved
Load_Antaran_Star_Fortress_,250254,routine_entry,shorter+unresolved
Init_Diplomatic_Relations_,251790,routine_entry,shorter+unresolved
End_Of_Turn_Diplomacy_Adjustments_,252594,routine_entry,matches+unresolved
Diplomacy_Growth_,253291,routine_entry,shorter+unresolved
Change_Relations_,254901,routine_entry,matches+unresolved
Reward_Check_,256515,routine_entry,matches+unresolved
Determine_Diplomacy_Messages_,256774,routine_entry,matches+unresolved
Determine_Bad_Message_,258268,routine_entry,shorter+unresolved
Sneak_Attack_Or_Declare_War_,259483,routine_entry,matches
Peace_Proposal_,259732,routine_entry,matches+unresolved
Get_Demands_,260411,routine_entry,shorter+unresolved
Required_Alliances_,261424,routine_entry,shorter+unresolved
Determine_Good_Message_,261669,routine_entry,shorter+unresolved
Get_War_Count_,262184,routine_entry,matches+unresolved
Get_Player_Contact_Count_,262283,routine_entry,matches+unresolved
Fleet_Strength_Comparison_,262351,routine_entry,matches+unresolved
Tech_Strength_Comparison_,262500,routine_entry,shorter+unresolved
Maintenance_Strength_Comparison_,262558,routine_entry,shorter+unresolved
Unprovoked_Good_Messages_,262602,routine_entry,shorter+unresolved
Sneak_Attack_War_Check_,264231,routine_entry,matches+unresolved
Clear_Diplomacy_Messages_,264460,routine_entry,matches+unresolved
Limit_Treaty_Modifiers_,264913,routine_entry,matches+unresolved
Save_Last_Diplomacy_Messages_,265046,routine_entry,matches
Determine_First_Contacts_,265047,routine_entry,matches+unresolved
Modifier_Diplomacy_Adjustments_,265644,routine_entry,matches+unresolved
Find_Worst_Modifier_,266207,routine_entry,shorter+unresolved
Declare_War_,266360,routine_entry,shorter+unresolved
Break_Treaties_,267150,routine_entry,matches+unresolved
Break_Research_,268123,routine_entry,shorter+unresolved
Break_Trade_,268716,routine_entry,shorter+unresolved
Break_Tribute_,269314,routine_entry,shorter+unresolved
Fleet_Comparison_,269774,routine_entry,matches
Tech_Comparison_,269883,routine_entry,matches
Population_Comparison_,269976,routine_entry,shorter+unresolved
Total_War_Loss_Comparison_,270095,routine_entry,shorter+unresolved
War_Loss_Comparison_,270309,routine_entry,shorter+unresolved
Start_Tribute_Treaty_,270409,routine_entry,shorter+unresolved
Start_Research_Treaty_,270672,routine_entry,matches+unresolved
Start_Trade_Treaty_,270911,routine_entry,matches+unresolved
Start_Treaty_,271150,routine_entry,matches+unresolved
Adjust_Diplomat_Modifiers_,271555,routine_entry,shorter+unresolved
Declare_Peace_,271611,routine_entry,shorter+unresolved
Diplomacy_Broken_Contacts_,271874,routine_entry,matches+unresolved
Valid_Treaty_Proposal_,271966,routine_entry,shorter+unresolved
Check_Treaty_Proposal_,272173,routine_entry,shorter+unresolved
Diplomacy_Test_,274758,routine_entry,shorter+unresolved
Get_Break_Treaty_Message_,275444,routine_entry,shorter+unresolved
Get_Break_Research_Message_,275657,routine_entry,shorter+unresolved
Get_Break_Trade_Message_,275820,routine_entry,shorter+unresolved
Get_Break_Tribute_Treaty_Message_,275983,routine_entry,shorter+unresolved
Get_Declare_War_Message_,276156,routine_entry,shorter+unresolved
Get_Gift_Response_,276259,routine_entry,shorter
Get_Demand_Response_,276953,routine_entry,shorter+unresolved
Get_Player_Diplomacy_Personality_,278166,routine_entry,matches+unresolved
NPC_Sneak_Attacks_,278235,routine_entry,matches+unresolved
Sneak_Attack_Evaluations_,279713,routine_entry,shorter+unresolved
Set_Demands_,281792,routine_entry,shorter+unresolved
Clear_Threat_Turn_,281933,routine_entry,shorter+unresolved
Get_Design_Combat_Bonuses_,281984,routine_entry,matches
Get_Ship_Combat_Bonuses_,282203,routine_entry,shorter+unresolved
Init_Ship_Designs_,282559,routine_entry,extends+unresolved
Load_Antaran_Ship_Design_,282956,routine_entry,extends
Load_Small_Antaran_Combat_Ship_,282977,routine_entry,shorter+unresolved
Load_Small_Antaran_Design_,283492,routine_entry,matches
Load_Medium_Antaran_Combat_Ship_,283692,routine_entry,shorter+unresolved
Load_Medium_Antaran_Design_,284253,routine_entry,matches
Load_Large_Antaran_Combat_Ship_,284472,routine_entry,shorter+unresolved
Load_Large_Antaran_Design_,285148,routine_entry,matches
Load_Huge_Antaran_Combat_Ship_,285458,routine_entry,shorter+unresolved
Load_Huge_Antaran_Design_,286230,routine_entry,matches
Load_Titan_Antaran_Combat_Ship_,286567,routine_entry,shorter+unresolved
Load_Titan_Antaran_Design_,287446,routine_entry,matches
Load_Doom_Star_Ship_Design_,287840,routine_entry,matches
Update_Ship_Names_To_New_Language_,287876,routine_entry,matches
Load_Colony_Ship_Design_,287949,routine_entry,matches
Load_Outpost_Ship_Design_,288134,routine_entry,matches
Load_Transport_Ship_Design_,288318,routine_entry,shorter
Best_Warp_Drive_,288550,routine_entry,matches+unresolved
Best_Ship_Shield_,288670,routine_entry,matches
Best_Computer_,288781,routine_entry,matches+unresolved
Best_Armor_,288863,routine_entry,shorter
Best_Beam_Weapon_,289003,routine_entry,matches
Best_Point_Defense_Weapon_,289180,routine_entry,matches+unresolved
Point_Defense_Damage_Per_Space_,289338,routine_entry,matches
Best_Point_Defense_Weapon_By_Size_,289400,routine_entry,shorter+unresolved
Best_Missile_Weapon_,289574,routine_entry,extends
Best_Missile_Weapon_NT_,289786,routine_entry,shorter
Best_Bomb_Weapon_,289954,routine_entry,shorter
Best_Strat_Special_Weapon_,290106,routine_entry,matches+unresolved
Best_Beam_To_Hit_Special_,290308,routine_entry,matches
Best_Beam_Damage_Special_,290418,routine_entry,matches
Best_Beam_Defense_Special_,290544,routine_entry,matches
Best_Missile_Defense_Special_,290670,routine_entry,matches
Best_Missile_Damage_Special_,290796,routine_entry,matches
Best_Shield_Special_,290930,routine_entry,matches+unresolved
Best_Ship_Fuel_,290975,routine_entry,matches
Update_Player_Ship_Designs_,291090,routine_entry,matches
Update_Equipment_On_Ships_Being_Built_,291223,routine_entry,matches+unresolved
Update_Automatic_Design_Equipment_,291499,routine_entry,shorter+unresolved
Update_Strategic_Ship_Designs_,291783,routine_entry,matches+unresolved
Update_Player_Strategic_Ship_Designs_,292001,routine_entry,shorter+unresolved
Cost_Of_Strategic_Design_,292198,routine_entry,matches
Calc_Player_FTL_Speed_,292247,routine_entry,matches+unresolved
Get_FTL_Speed_,292310,routine_entry,matches+unresolved
Strat_Beam_Weapon_Count_,292375,routine_entry,matches+unresolved
Strat_Missile_Weapon_Count_,292433,routine_entry,matches
Strat_Special_Weapon_Count_,292445,routine_entry,matches
Strat_Bomb_Weapon_Count_,292457,routine_entry,matches
Update_Strategic_Design_Weapons_Specials_,292469,routine_entry,matches+unresolved
Auto_Strategic_Design_Ship_,292977,routine_entry,matches
Update_Strategic_Ship_,293195,routine_entry,matches
Load_Dragon_Ship_Design_,293378,routine_entry,matches
Load_Hydra_Ship_Design_,293660,routine_entry,matches
Load_Amoeba_Ship_Design_,293899,routine_entry,matches
Load_Eel_Ship_Design_,294164,routine_entry,matches
Load_Crystal_Ship_Design_,294427,routine_entry,matches
Load_Guardian_Ship_Design_,294700,routine_entry,matches
Check_For_Auto_Refit_,295048,routine_entry,matches
Repair_Ships_At_Colonies_,295157,routine_entry,matches+unresolved
Repair_Ship_Full_,295411,routine_entry,matches
Ship_Has_Weapon_,295536,routine_entry,matches
Get_Design_Structure_,295615,routine_entry,matches
Get_Structure_,295728,routine_entry,shorter
Get_Ship_Structure_,295815,routine_entry,matches
Get_Ship_Armor_Hits_,295973,routine_entry,matches
Load_Loknar_Ship_Design_,296071,routine_entry,shorter
Load_Player_Ship_Palette_,296416,routine_entry,shorter
Get_Ship_Id_Picture_Seg_,296568,routine_entry,matches
Get_Ship_Picture_Seg_,296599,routine_entry,matches
Get_Ship_Picture_Segk_,296603,routine_entry,matches
Ken_Defaults_,296659,routine_entry,matches
Ken_Init_,296659,routine_entry,matches
Get_Weighted_Choice_,296660,routine_entry,matches
Get_Weighted_Choice_Long_,296779,routine_entry,matches
Get_Weighted_Best_Choice_,296883,routine_entry,matches
Get_Weighted_Choice_Best_Long_,296967,routine_entry,matches
Get_Derelict_Applications_,297043,routine_entry,shorter+unresolved
Init_NPC_Personalities_Objectives_Themes_,297430,routine_entry,matches+unresolved
Ken_Get_Text_Message_,298782,routine_entry,matches
Player_Score_Modifier_,298826,routine_entry,shorter+unresolved
Reload_Racial_Option_Screen_,298947,routine_entry,matches
Calculate_Picks_,299091,routine_entry,shorter+unresolved
Draw_Race_Option_Background_,299269,routine_entry,matches+unresolved
Draw_Racial_Option_Screen_,300709,routine_entry,shorter+unresolved
Set_Race_Option_Help_List_,303009,routine_entry,shorter+unresolved
Racial_Option_Screen_,304060,routine_entry,shorter+unresolved
Add_Race_Options_Fields_,305876,routine_entry,shorter+unresolved
Convert_Player_To_Flags_,306583,routine_entry,shorter+unresolved
Convert_Flags_To_Player_,306744,routine_entry,shorter+unresolved
Reload_Option_Strings_,306932,routine_entry,matches
Real_Ability_Cost_,307049,routine_entry,shorter+unresolved
Setup_Evolutionary_Upgrade_,307370,routine_entry,shorter+unresolved
Add_Race_Options_Fields_EM_,307530,routine_entry,shorter+unresolved
Calculate_EM_Picks_,308415,routine_entry,shorter+unresolved
Convert_Player_To_Flags_EM_,308429,routine_entry,shorter+unresolved
Convert_Flags_To_Player_EM_,308645,routine_entry,shorter+unresolved
Evolutionary_Mutation_Screen_,308809,routine_entry,shorter+unresolved
Convert_Custom_Race_Flags_,310308,routine_entry,matches
Reload_Race_Selection_Screen_,310388,routine_entry,matches
Draw_Race_Selection_Screen_,310679,routine_entry,shorter+unresolved
Message_Build_,311822,routine_entry,matches
Set_Race_Select_Help_,311899,routine_entry,shorter+unresolved
Race_Selection_Screen_,312592,routine_entry,shorter+unresolved
Draw_Flag_Screen_,315191,routine_entry,matches
Set_Flag_Screen_Help_,315391,routine_entry,shorter+unresolved
Flag_Screen_,315452,routine_entry,shorter+unresolved
Draw_Naming_Popup_,316019,routine_entry,shorter+unresolved
Naming_Popup_,316091,routine_entry,matches
Ship_Has_Special_,316307,routine_entry,matches
Ship_Has_Stealth_Device_,316379,routine_entry,matches
Find_Ship_Stacks_,316446,routine_entry,shorter+unresolved
Ken_Test_,316952,routine_entry,matches+unresolved
Split_Stack_,317065,routine_entry,matches+unresolved
Set_Stack_Location_,317564,routine_entry,shorter+unresolved
Set_Stack_XY_,317623,routine_entry,shorter+unresolved
Update_Ship_Stack_,317698,routine_entry,shorter+unresolved
Remove_Non_Detected_Ships_,317779,routine_entry,shorter+unresolved
Delete_Ship_Stack_,318852,routine_entry,matches
Delete_Ship_Node_,318889,routine_entry,matches+unresolved
Sort_Ships_In_Stack_,318944,routine_entry,matches+unresolved
Build_Ship_Type_Array_,319049,routine_entry,matches
qsort_ships_by_type_,319229,routine_entry,matches
Load_Tech_Names_,319242,routine_entry,matches
Init_Tech_,319971,routine_entry,matches+unresolved
At_Least_One_App_Researchable_,320511,routine_entry,matches+unresolved
Tech_Is_Legal_For_Player_,320641,routine_entry,shorter+unresolved
Init_Player_Tech_,320863,routine_entry,shorter+unresolved
Base_Generic_Dcv_,322281,routine_entry,shorter+unresolved
Base_Generic_Ocv_,322361,routine_entry,matches+unresolved
Satelite_Strength_Vs_Ships_,322418,routine_entry,matches+unresolved
Modified_Weapon_Strength_,323111,routine_entry,matches
Strength_Hits_Modifier_,323284,routine_entry,matches
Ship_Strength_Vs_Ships_In_Nebula_,323337,routine_entry,matches
Ship_Strength_Vs_Ships_,323351,routine_entry,shorter
Ship_Strength_Vs_Shield_,323403,routine_entry,matches+unresolved
Current_Ship_Hits_,324291,routine_entry,matches
Max_Ship_Hits_,324342,routine_entry,matches
Ship_Strength_Vs_Planetary_Shield_,324473,routine_entry,shorter+unresolved
Missile_Base_Strength_,324900,routine_entry,matches
Phasor_Base_Strength_,325027,routine_entry,matches
Fighter_Garrison_Strength_,325196,routine_entry,matches
Colony_Ground_Strength_Vs_Player_,325447,routine_entry,shorter+unresolved
Colony_Space_Strength_Vs_Player_,325636,routine_entry,matches
Get_Best_Ship_Shield_Value_,325745,routine_entry,shorter
Get_Competition_Player_Tech_Values_,325841,routine_entry,shorter+unresolved
Human_Player_Best_Weapons_Are_Beams_,325927,routine_entry,matches
Fighters_Available_,325992,routine_entry,matches
Special_Weapons_Available_,326048,routine_entry,matches
Special_Devices_Available_,326122,routine_entry,matches+unresolved
Get_Ship_Class_,326279,routine_entry,matches+unresolved
Special_Legal_For_Design_,327052,routine_entry,matches
Add_Specials_To_Design_,327188,routine_entry,matches+unresolved
Add_Theme_Special_To_Design_,327871,routine_entry,matches
Add_Fighters_To_Design_,328108,routine_entry,shorter+unresolved
Determine_Missile_Weapon_Modifications_,328546,routine_entry,matches+unresolved
Add_Missile_Weapon_To_Design_,329593,routine_entry,matches
Determine_Bomb_Weapon_,329903,routine_entry,matches+unresolved
Add_Bomb_Weapon_To_Design_,330333,routine_entry,matches
Determine_Beam_Weapon_Modifications_,330585,routine_entry,matches+unresolved
Add_Beam_Weapon_To_Design_,332927,routine_entry,shorter
Auto_Design_Ship_,333477,routine_entry,shorter+unresolved
Reload_Hotseat_Screen_,337354,routine_entry,matches
Fade_Into_Hotseat_Screen_,337486,routine_entry,matches
Draw_Hotseat_Screen_,337622,routine_entry,shorter+unresolved
Init_Hotseat_Screen_,337885,routine_entry,shorter+unresolved
Hotseat_Screen_,338146,routine_entry,shorter+unresolved
Num_Adv_Civ_Planets_,338871,routine_entry,matches
qsort_planet_worth_,338913,routine_entry,matches
Build_Parsec_Star_Distances_,338922,routine_entry,matches
Advanced_Civilization_Colonies_,339056,routine_entry,matches+unresolved
Build_Adv_Civ_Star_List_,339608,routine_entry,matches
Build_Adv_Civ_Planet_List_,340021,routine_entry,matches+unresolved
Get_Worth_For_All_Planets_,340310,routine_entry,matches+unresolved
Get_Adv_Civ_Planet_Worthiness_,340569,routine_entry,matches
Proximity_Bonus_,340754,routine_entry,shorter+unresolved
Player_Has_Colony_At_Star_,340990,routine_entry,matches
Get_Next_Adv_Civ_Planet_,341020,routine_entry,matches+unresolved
Choose_Adv_Civ_Planets_,341367,routine_entry,matches+unresolved
Assign_Advanced_Civilization_Starting_Ships_,342088,routine_entry,matches
List_Of_Other_Players_With_Same_Planet_,342112,routine_entry,matches
Get_Saved_Planet_Worth_,342113,routine_entry,matches
Twiddle_Selected_Adv_Civ_Planets_,342185,routine_entry,matches
Init_Adv_Civ_Homeworlds_,342874,routine_entry,matches
Twiddle_Planet_,342927,routine_entry,matches
Get_Players_Planet_Worthiness_Average_,343200,routine_entry,matches
Write_Adv_Civ_Planet_Info_,343306,routine_entry,matches
Antaran_Invasion_Check_,343442,routine_entry,matches+unresolved
Antaran_Defensive_Force_,343514,routine_entry,shorter+unresolved
Antaran_Defensive_Resource_Bonus_,343558,routine_entry,matches
Antaran_Offensive_Resource_Bonus_,343593,routine_entry,matches
Antaran_Delay_,343628,routine_entry,matches
Antaran_Offensive_Force_,343667,routine_entry,shorter+unresolved
Antaran_Total_Resources_,343710,routine_entry,shorter+unresolved
Antarans_Should_Attack_,343773,routine_entry,shorter+unresolved
Build_Antaran_Defensive_Ships_,343964,routine_entry,matches
Build_Antaran_Offensive_Ships_,344011,routine_entry,matches
Build_Antaran_Ships_,344048,routine_entry,shorter+unresolved
Build_List_Of_Stars_By_Player_,344849,routine_entry,matches
Delta_Stardate_,344981,routine_entry,matches
Deploy_Antaran_Ships_,344992,routine_entry,shorter+unresolved
Get_Antaran_Target_Star_,345508,routine_entry,matches+unresolved
Increment_Antaran_Resource_Level_,345580,routine_entry,matches
Antaran_Defensive_Force_At_Maximum_,345789,routine_entry,matches+unresolved
Kill_Antaran_Defensive_Ship_,345849,routine_entry,shorter+unresolved
Kill_Antaran_Offensive_Ship_,345931,routine_entry,shorter+unresolved
Modify_Antaran_Resource_Level_,345996,routine_entry,matches
Next_Antaran_Ship_Size_,345997,routine_entry,matches+unresolved
No_Small_Ships_After_N_Turns_,346071,routine_entry,matches
No_Medium_Ships_After_N_Turns_,346139,routine_entry,matches
Restock_Antaran_Ship_,346207,routine_entry,shorter+unresolved
__assertha_,346243,routine_entry,matches
hgetch_,346492,routine_entry,shorter
Add_Generic_Replacement_Fields_,346626,routine_entry,matches+unresolved
Add_Replacement_Weapon_Fields_,347028,routine_entry,shorter+unresolved
Add_Special_System_Fields_,348808,routine_entry,shorter+unresolved
Application_Type_,349405,routine_entry,shorter+unresolved
Clear_Weapon_Replacement_Fields_,349418,routine_entry,shorter+unresolved
Draw_Darkened_Design_Screen_,349497,routine_entry,matches
Draw_Generic_Replacement_Box_Help_,349580,routine_entry,matches
Draw_Generic_Replacement_Box_,350040,routine_entry,matches
Draw_Special_Systems_Replacement_Box_,350291,routine_entry,matches
Draw_Special_Systems_Scroll_Bar_,350499,routine_entry,matches
Draw_Weapons_Arc_Box_,350763,routine_entry,matches
Draw_Weapons_Mod_Box_,351013,routine_entry,matches+unresolved
Draw_Weapons_Rack_Box_,351282,routine_entry,matches
Draw_Weapons_Replacement_Box_,351482,routine_entry,matches
Draw_Weapons_Scroll_Bar_,352051,routine_entry,matches
Generic_Replacement_Box_,352318,routine_entry,matches+unresolved
Generic_Replacement_Box_Choices_,352878,routine_entry,matches+unresolved
Generic_Replacement_Box_Dimensions_,353208,routine_entry,shorter
Get_Weapon_Mod_Field_XYs_,353437,routine_entry,matches
Get_Weapons_Box_Base_Dimensions_,353916,routine_entry,shorter+unresolved
Have_Tractor_Beam_Weapon_,354037,routine_entry,matches
Items_Selected_,354114,routine_entry,shorter+unresolved
Mod_Allowed_On_Weapon_Type_,354188,routine_entry,shorter
New_Arc_Space_,354320,routine_entry,matches
New_Mod_Space_,354416,routine_entry,matches+unresolved
Print_Computer_Data_,354557,routine_entry,matches+unresolved
Print_Main_Weapon_Box_,355564,routine_entry,shorter+unresolved
Print_Shield_Data_,357138,routine_entry,matches+unresolved
Print_Special_System_Data_,358015,routine_entry,matches+unresolved
Print_Weapon_Mod_Help_Description_,359367,routine_entry,shorter
Print_Weapon_Modification_Message_,359631,routine_entry,matches+unresolved
Redraw_Main_Design_Screen_To_Background_,360016,routine_entry,matches
Scan_Replacement_Fields_,360092,routine_entry,matches+unresolved
Set_New_Weapon_Modifications_,360284,routine_entry,matches+unresolved
Set_Up_Special_System_Scroll_Bar_,360351,routine_entry,shorter+unresolved
Set_Up_Weapon_Display_,360444,routine_entry,shorter+unresolved
Set_Up_Weapon_Scroll_Bar_,360823,routine_entry,matches
Should_Add_Mod_,361055,routine_entry,matches
Space_With_Weapons_,361101,routine_entry,shorter+unresolved
Space_With_Weapon_,361247,routine_entry,matches+unresolved
Special_System_Choices_,361491,routine_entry,shorter+unresolved
Special_System_Exclusion_,362003,routine_entry,matches+unresolved
Special_System_Replacement_Box_Dimensions_,362187,routine_entry,matches
Special_Systems_Box_,362325,routine_entry,shorter+unresolved
System_Added_Cost_And_Space_,363837,routine_entry,shorter+unresolved
Update_Field_Item_Chosen_,364003,routine_entry,matches
Update_Weapon_Modification_Data_,364096,routine_entry,shorter+unresolved
Update_Weapon_Replacement_,364152,routine_entry,matches+unresolved
Valid_Modifications_,364682,routine_entry,matches+unresolved
Weapon_Choice_Valid_,364963,routine_entry,shorter+unresolved
Weapon_Choices_,365083,routine_entry,matches+unresolved
Weapon_Index_,365865,routine_entry,matches
Weapon_Replacement_Help_,365883,routine_entry,matches
Weapons_Replacement_Box_,365955,routine_entry,shorter+unresolved
Window_Box_,368175,routine_entry,matches
qsort_by_research_cost_,368217,routine_entry,matches
Add_Design_Buttons_,368226,routine_entry,shorter+unresolved
Add_Size_Button_,369637,routine_entry,matches
Assert_Template_,369651,routine_entry,matches
Bonus_For_Regular_Mods_,369670,routine_entry,matches
Bonus_For_Special_Mods_,370230,routine_entry,matches
Bonus_For_Weapon_Arcs_,370304,routine_entry,matches
Build_Design_Template_,370337,routine_entry,shorter+unresolved
Build_Initial_Design_Template_,370632,routine_entry,shorter+unresolved
Update_N_Weapons_In_Design_,371483,routine_entry,shorter+unresolved
Update_N_Spec_Systems_In_Design_,371534,routine_entry,shorter+unresolved
Check_For_Auto_Repeat_,371610,routine_entry,matches+unresolved
Has_Damper_Field_,372030,routine_entry,matches+unresolved
Check_Generic_Replacement_Fields_,372092,routine_entry,matches+unresolved
Check_Plus_Minus_Buttons_,372374,routine_entry,matches+unresolved
Check_Special_System_Fields_,372635,routine_entry,shorter+unresolved
Check_Weapon_Fields_,372975,routine_entry,shorter+unresolved
Clear_Design_,373319,routine_entry,shorter+unresolved
Clear_Design_For_Colony_Builds_,373570,routine_entry,matches
Clear_Special_System_Slot_,373684,routine_entry,shorter+unresolved
Clear_Weapon_Slot_,373800,routine_entry,shorter+unresolved
Computer_Cost_,373975,routine_entry,shorter+unresolved
Cost_Given_M_Level_,374041,routine_entry,matches
Cost_Of_Design_,374135,routine_entry,shorter+unresolved
Current_Design_Armor_Absorption_,374651,routine_entry,matches
Current_Design_Combat_Speed_,374735,routine_entry,matches
Current_Design_Has_Special_System_,374783,routine_entry,matches+unresolved
Current_Design_Min_Combat_Speed_,374826,routine_entry,matches
Current_Design_Max_Combat_Speed_,374858,routine_entry,matches
Current_Design_Base_Combat_Speed_,374890,routine_entry,matches
Current_Design_Shield_,374994,routine_entry,matches
Current_Design_Shield_Cost_,375003,routine_entry,matches
Current_Design_Shield_Space_,375013,routine_entry,matches
Current_Design_Shield_Absorption_,375023,routine_entry,matches
Current_Design_Structural_Points_,375066,routine_entry,matches
Printed_Design_Cost_,375113,routine_entry,matches
Design_Cost_For_Player_,375197,routine_entry,matches
Design_Screen_,375218,routine_entry,shorter+unresolved
Design_Template_Costs_,376967,routine_entry,shorter+unresolved
Design_Template_Space_Requirements_,377479,routine_entry,shorter+unresolved
Design_Weapon_Damage_String_,377982,routine_entry,matches+unresolved
Draw_Design_Screen_,378573,routine_entry,matches
Draw_Down_Buttons_,378628,routine_entry,shorter+unresolved
Get_Colony_Handle_,378993,routine_entry,matches
Get_Ship_Design_Name_,379031,routine_entry,shorter
Get_Ship_Size_Button_Field_XY_,379129,routine_entry,matches
Load_Design_Screen_Pictures_,379277,routine_entry,matches
Max_Recharge_Rate_,380971,routine_entry,matches
Miniaturization_Level_,381000,routine_entry,matches+unresolved
Modify_Weapon_By_Arcs_,381150,routine_entry,matches
N_Weapon_Arcs_,381199,routine_entry,matches
N_Replacements_For_Generic_Item_,381234,routine_entry,matches
Number_Of_Special_Systems_,381287,routine_entry,shorter+unresolved
Number_Of_Weapons_Loaded_,381329,routine_entry,matches
One_Weapon_Space_Without_M_Level_,381364,routine_entry,shorter+unresolved
Print_Current_Design_,381596,routine_entry,shorter+unresolved
Print_Ship_Size_Error_Message_,385169,routine_entry,shorter+unresolved
Cost_Reduction_For_Govt_Type_,385440,routine_entry,matches
Replacement_Exists_,385500,routine_entry,shorter+unresolved
Set_Flashing_Colors_,385600,routine_entry,shorter+unresolved
Shield_Cost_,385768,routine_entry,shorter+unresolved
Shield_Cost_Given_M_Level_,385814,routine_entry,shorter+unresolved
Shield_Space_,385897,routine_entry,shorter+unresolved
Shield_Space_Given_M_Level_,385934,routine_entry,shorter+unresolved
Shield_Strength_,386003,routine_entry,shorter+unresolved
Space_For_System_Replacement_,386094,routine_entry,matches+unresolved
Space_For_Weapon_Replacement_,386417,routine_entry,shorter+unresolved
Space_Given_M_Level_,386574,routine_entry,matches
Tech_App_To_Tech_Id_,386718,routine_entry,matches
Tech_Level_,386826,routine_entry,matches+unresolved
Total_Design_Cost_,386935,routine_entry,shorter+unresolved
Total_Design_Space_,387103,routine_entry,shorter+unresolved
Total_Space_Used_,387170,routine_entry,shorter+unresolved
Update_Calculated_Design_Data_,387290,routine_entry,shorter+unresolved
Update_Player_Design_,387656,routine_entry,shorter+unresolved
Weapon_Cost_,388212,routine_entry,shorter+unresolved
Weapon_Needs_Racks_,388526,routine_entry,shorter+unresolved
One_Weapon_Space_,388550,routine_entry,matches
Weapon_Space_,388750,routine_entry,shorter+unresolved
Weapon_Type_,389099,routine_entry,shorter+unresolved
Weapon_Arc_String_,389112,routine_entry,matches
Weapon_Mod_String_,389247,routine_entry,matches
Miniaturization_Category_,389404,routine_entry,shorter+unresolved
Weapon_Rack_Size_To_Value_,389580,routine_entry,shorter
Get_Tech_Description_Lbx_Name_,389692,routine_entry,matches
Set_Main_Screen_Help_List_,389760,routine_entry,matches
Set_PlntSum_Screen_Help_List_,390445,routine_entry,matches
Set_Design_Screen_Help_List_,390468,routine_entry,matches
Set_Weapon_Replacement_Screen_Help_List_,390593,routine_entry,matches
Set_Main_Game_Screen_Help_List_,391206,routine_entry,matches
Set_Scrap_Freighters_Help_List_,391227,routine_entry,matches
Set_Load_Game_Screen_Help_List_,391248,routine_entry,matches
Set_Save_Game_Screen_Help_List_,391269,routine_entry,matches
Set_Options_Game_Screen_Help_List_,391290,routine_entry,matches
Set_Fleet_Screen_Help_List_,391311,routine_entry,matches
Set_ColOff_Screen_Help_List_,391519,routine_entry,matches
Set_ShipOff_Screen_Help_List_,391613,routine_entry,matches
Set_Main_Menu_Screen_Help_List_,391872,routine_entry,matches
Set_Multi_Player_Setup_Screen_Help_List_,391893,routine_entry,matches
Set_Modem_Setup_Screen_Help_List_,391914,routine_entry,matches
Set_Null_Modem_Setup_Screen_Help_List_,391967,routine_entry,matches
Set_Input_Box_Help_List_,392030,routine_entry,matches
Set_Diplomacy_Request_Help_List_,392051,routine_entry,matches
Set_Hotseat_Setup_Screen_Help_List_,392072,routine_entry,matches
Append_Help_List_,392093,routine_entry,matches
Get_Application_Description_,392170,routine_entry,matches
Get_Help_LBX_Message_,392281,routine_entry,matches
Offset_Help_Field_XYs_,392318,routine_entry,matches
Save_Help_List_,392363,routine_entry,matches
Restore_Help_List_,392398,routine_entry,shorter+unresolved
Add_Added_Buttons_,392484,routine_entry,shorter+unresolved
Add_Fleet_Movement_Box_Fields_,392968,routine_entry,shorter+unresolved
At_Least_One_Ship_Of_Type_Selected_,393738,routine_entry,matches
Can_Build_Outpost_,393773,routine_entry,matches
Check_For_Attack_Antares_Button_,393833,routine_entry,matches
Check_For_Build_Outpost_Button_,393849,routine_entry,matches
Check_For_Colonization_Button_,393868,routine_entry,matches
Check_For_Engage_Enemy_Forces_Button_,393887,routine_entry,matches
Check_For_Transport_Troops_Button_,393906,routine_entry,matches
Clear_Ship_Node_Selection_Flags_,393925,routine_entry,matches
Clear_Fleet_Selection_Status_Flags_,393957,routine_entry,matches
Draw_Damage_Bars_,393962,routine_entry,extends
Draw_Large_Fleet_Box_Frame_,394406,routine_entry,matches
Draw_Small_Fleet_Box_Frame_,394754,routine_entry,matches
Draw_Fltpop_Scroll_Bar_,395147,routine_entry,matches
Draw_Fleet_Movement_Box_,395381,routine_entry,matches+unresolved
Draw_Fleet_Pop_Added_Buttons_,397058,routine_entry,shorter+unresolved
First_Unselected_Icon_,397467,routine_entry,shorter
Fleet_Box_Grid_Height_,397720,routine_entry,matches
Fleet_Box_Height_,397798,routine_entry,matches
Fleet_Box_Width_,398040,routine_entry,matches
Fleet_Buttons_Chosen_,398049,routine_entry,matches
Get_Absolute_Location_Scan_Info_,398101,routine_entry,matches
Get_Fleet_Icon_Button_XY_,398239,routine_entry,matches
Get_Fleetpop_Scanned_Ship_Info_,398286,routine_entry,matches
N_Fleet_Icons_,398437,routine_entry,matches
Planet_Is_Colonizable_,398497,routine_entry,shorter
Print_Fleet_Box_Info_,398598,routine_entry,shorter+unresolved
Reload_Fleet_Box_Data_,399895,routine_entry,matches
Fleet_Box_Data_,399927,routine_entry,matches
Reload_Fleet_Box_Palette_,400142,routine_entry,matches
Reload_Ship_Selection_Status_,400156,routine_entry,matches
Save_Ship_Selection_Status_,400273,routine_entry,matches
Set_Added_Button_Stuff_,400385,routine_entry,matches
Set_Attack_Antares_Button_Flag_,400615,routine_entry,matches+unresolved
Set_Build_Outpost_Button_Flag_,400856,routine_entry,shorter+unresolved
Set_Colonize_Button_Flag_,401205,routine_entry,matches+unresolved
Set_Engage_Enemy_Forces_Flag_,401565,routine_entry,shorter+unresolved
Set_Fleet_Box_Data_Dimensions_,401899,routine_entry,matches
Set_Fleet_Movement_Box_Dimensions_,402026,routine_entry,matches
Set_Fleet_Movement_Icon_Selections_,402078,routine_entry,matches
Set_Transport_Troops_Flag_,402246,routine_entry,shorter+unresolved
Ship_Should_Be_Auto_Selected_,402639,routine_entry,shorter
Icon_Selection_Status_,402735,routine_entry,matches+unresolved
Buffer_Reload_Fleetpop_Frame_,402832,routine_entry,matches
Some_Icon_Selected_,402967,routine_entry,matches
Can_Select_Fleet_Box_Ship_,403025,routine_entry,shorter
Add_Fleet_Screen_Fields_,403069,routine_entry,shorter+unresolved
Allocate_Fltscrn_Next_Screen_Seg_,404069,routine_entry,matches
Build_Scrap_List_,404196,routine_entry,matches
Get_Technology_From_Scrapped_Ship_,404275,routine_entry,matches
Get_Scrap_Ship_Value_,405089,routine_entry,shorter
Cant_Order_Ship_Message_,405215,routine_entry,shorter+unresolved
Draw_Flashing_Small_Ship_Icon_,405273,routine_entry,shorter+unresolved
Draw_Fleet_Screen_,405394,routine_entry,shorter+unresolved
Draw_Fltscrn_Big_Ship_Icons_,406230,routine_entry,shorter+unresolved
Draw_Box_Around_Scanned_Ship_,406697,routine_entry,shorter+unresolved
Draw_Fltscrn_Ship_Destination_Lines_,406769,routine_entry,matches+unresolved
Draw_Fltscrn_Small_Ship_Icons_,407458,routine_entry,matches
Fill_FltScrn_Scroll_Bar_,407667,routine_entry,matches
Fleet_Screen_,407936,routine_entry,shorter+unresolved
Load_Fltscrn_Officer_Picture_,410829,routine_entry,matches
Next_Ship_Icon_,410882,routine_entry,shorter+unresolved
Previous_Ship_Icon_,411045,routine_entry,shorter+unresolved
Reload_Fleet_Screen_,411210,routine_entry,matches
Reload_Fleet_Screen_Galaxy_Stars_,411904,routine_entry,matches
Reload_Small_Ship_Icons_,411959,routine_entry,matches
Scan_Small_Ship_Icons_,412144,routine_entry,matches+unresolved
Plunder_Ships_For_Tech_,412340,routine_entry,matches
Scrap_Ships_,412414,routine_entry,matches+unresolved
Set_Fltscrn_Big_Icons_,413188,routine_entry,matches
Update_Selection_Flags_,413258,routine_entry,shorter+unresolved
First_Selected_Ship_,413400,routine_entry,matches
At_Least_One_Officer_,413460,routine_entry,matches
F_Ship_Icon_From_Node_Ptr_,413521,routine_entry,matches
Okay_To_Set_Relocate_From_Star_,413578,routine_entry,matches
Okay_To_Set_Relocate_To_Star_,413610,routine_entry,matches
Okay_To_Set_Relocate_Star_,413749,routine_entry,matches
Star_Relocation_,414080,routine_entry,matches
Cancel_Star_Relocation_,414251,routine_entry,matches
Draw_Fltscrn_Relocation_Lines_,414330,routine_entry,matches
N_Fltscrn_Ships_Selected_,414616,routine_entry,shorter+unresolved
Crew_Description_String_,414706,routine_entry,matches
Add_Fltscrn_Big_Icon_Fields_,414812,routine_entry,shorter+unresolved
Add_Fltscrn_Small_Icon_Fields_,415186,routine_entry,matches
Build_Fltscrn_Big_Icon_Fields_,415295,routine_entry,shorter+unresolved
Move_Ship_To_Front_Of_List_,415746,routine_entry,shorter+unresolved
Build_Fltscrn_Ship_List_,415837,routine_entry,matches
Button_Underneath_,415961,routine_entry,matches
Create_Blank_Fleet_Icon_,416067,routine_entry,matches
Crew_Efficiency_,416112,routine_entry,shorter+unresolved
Crew_Quality_,416153,routine_entry,matches
Defensive_Bonus_,416211,routine_entry,matches
Draw_Captains_Picture_,416217,routine_entry,matches
Fix_Palette_,416607,routine_entry,matches
Fleet_Screen_Big_Icon_Fields_,416640,routine_entry,shorter+unresolved
Fltscrn_Move_Ships_,417096,routine_entry,matches+unresolved
Fltscrn_Ships_To_Be_Displayed_,417512,routine_entry,matches
Get_2_Selected_Fields_,417657,routine_entry,matches
Get_Filter_Button_Status_,417762,routine_entry,shorter+unresolved
Get_Fltscrn_Big_Icon_XY_,417832,routine_entry,shorter+unresolved
Is_Other_Players_Stack_,417930,routine_entry,shorter+unresolved
Max_Crew_,417972,routine_entry,shorter+unresolved
Max_Marines_,418001,routine_entry,shorter+unresolved
Ok_To_Add_Ship_,418087,routine_entry,shorter
Print_Fltscrn_Scanned_Star_Name_,418213,routine_entry,shorter+unresolved
Print_Scanned_Ship_Data_,419598,routine_entry,matches+unresolved
Scan_Fltscrn_Big_Icons_,421666,routine_entry,shorter+unresolved
Set_Fleet_Screen_Stack_Owner_,421908,routine_entry,shorter+unresolved
Set_Fltscrn_Small_Ship_Icon_XYs_,421960,routine_entry,matches+unresolved
Set_Initial_Stack_Pointer_,422591,routine_entry,matches
Set_Small_Ship_Stack_Pointer_,422596,routine_entry,shorter+unresolved
Write_Fltscrn_Big_Icon_Data_,422802,routine_entry,matches
Clear_All_Selection_Status_,422803,routine_entry,matches
Get_Small_Icon_Animation_Size_,422839,routine_entry,matches
Message_Box_,422947,routine_entry,matches
Warning_Box_,422963,routine_entry,matches
Do_Message_Box_,422970,routine_entry,shorter+unresolved
Message_Box_Exploding_,422970,routine_entry,shorter+unresolved
Confirmation_Box_,423512,routine_entry,shorter+unresolved
Confirmation_Box_Exploding_,423512,routine_entry,shorter+unresolved
Do_Confirmation_Box_,423512,routine_entry,shorter+unresolved
Draw_Animating_Message_Box_,424032,routine_entry,shorter+unresolved
Draw_Confirm_Box_,424164,routine_entry,matches
Message_Box_Startup_,424289,routine_entry,shorter+unresolved
Message_Box_Cleanup_,424444,routine_entry,matches
_Print_1_Or_More_Formatted_Lines_Centered_,424564,routine_entry,matches
Print_1_Or_More_Formatted_Lines_Centered_,424663,routine_entry,matches
Design_Name_,424678,routine_entry,matches
Get_Planet_Name_,424744,routine_entry,matches
Get_Planet_Name_No_Prime_,424770,routine_entry,matches
Build_Saved_Ship_Array_,424782,routine_entry,shorter+unresolved
Button_Ship_Node_Ptr_,424869,routine_entry,matches
Clear_All_Star_Relocations_,424881,routine_entry,matches
Clear_Fleet_Box_Selected_Ship_Status_,424945,routine_entry,matches
Clear_Star_Relocation_,424967,routine_entry,matches
Colony_Player_Color_,424991,routine_entry,matches
Colony_Player_Palette_Color_,425014,routine_entry,matches
Design_Armor_,425049,routine_entry,matches
Design_Computer_,425080,routine_entry,matches
Design_Cost_,425111,routine_entry,matches
Design_Drive_,425142,routine_entry,matches
Design_Picture_Num_,425173,routine_entry,matches
Design_Shield_,425204,routine_entry,matches
Current_Design_Size_,425235,routine_entry,matches
Design_Structural_Points_,425266,routine_entry,matches
Design_Weapon_,425321,routine_entry,shorter+unresolved
Design_Weapon_Ammo_,425358,routine_entry,matches
Design_Weapon_Count_,425394,routine_entry,matches
Design_Weapon_Firing_Arc_,425430,routine_entry,matches
Design_Weapon_Specials_,425466,routine_entry,shorter+unresolved
Do_Get_Planet_Name_,425503,routine_entry,matches
Enemy_Ship_Going_To_My_Colony_,425709,routine_entry,matches+unresolved
Fleet_Movement_Icon_Selected_,425821,routine_entry,matches
Fleet_Movement_Icon_Ship_Stack_,425843,routine_entry,matches+unresolved
Fleet_Movement_Owner_,425950,routine_entry,matches
Ship_Stack_Owner_,425961,routine_entry,matches
Ship_Owner_,425973,routine_entry,extends
Fleet_Movement_Ship_Id_,426003,routine_entry,matches
Get_Fleet_Box_Selected_Ship_Ids_,426026,routine_entry,matches
Get_Stack_Start_From_Saved_Ship_Array_,426195,routine_entry,shorter+unresolved
Is_Combat_Ship_,426370,routine_entry,matches
Last_Colony_Selected_,426398,routine_entry,matches
N_Colonies_At_Star_,426602,routine_entry,matches
N_Star_Relocations_,426733,routine_entry,matches
Node_Ptr_From_Ship_Id_,426795,routine_entry,matches
Node_Ptr_From_Ship_Stack_,426858,routine_entry,shorter+unresolved
Orion_Owner_,426904,routine_entry,matches
Planet_Orbit_,426989,routine_entry,matches
Planet_Player_Color_,427009,routine_entry,matches
Planet_Player_Palette_Color_,427030,routine_entry,matches
Player_Can_Order_Ship_,427069,routine_entry,matches
Player_Has_Tech_,427095,routine_entry,shorter+unresolved
Race_Name_String_,427127,routine_entry,matches
Race_Name_,427168,routine_entry,matches
Relocation_,427248,routine_entry,matches
Set_All_Colony_Auto_Select_Flags_,427271,routine_entry,matches
Set_All_Star_Relocations_,427500,routine_entry,matches
Set_Colony_Auto_Select_For_Star_,427563,routine_entry,matches
Set_Last_Colony_Selected_,427753,routine_entry,matches
Save_Hotseat_Fleet_Box_Ship_,427822,routine_entry,shorter+unresolved
Set_Hotseat_Fleet_Box_To_Last_Stack_,427888,routine_entry,shorter+unresolved
Set_Relocation_,428010,routine_entry,matches
Ship_Icon_Id_From_Node_Ptr_,428032,routine_entry,matches
Ship_Icon_Owner_,428153,routine_entry,matches
Ship_Icon_Ship_Id_,428169,routine_entry,matches
System_Ship_Scanned_To_Ship_Id_,428194,routine_entry,matches
Ship_Icon_Star_Id_,428206,routine_entry,matches
Ship_Icon_X_,428247,routine_entry,matches
Ship_Icon_Y_,428290,routine_entry,shorter
Ship_Player_Palette_Color_,428487,routine_entry,matches
Ship_Stack_From_Saved_Array_,428500,routine_entry,shorter+unresolved
Ship_Stack_From_Ship_Icon_,428730,routine_entry,shorter+unresolved
Ship_Stack_From_Ship_Id_,428814,routine_entry,shorter+unresolved
Ship_Stack_Location_,428947,routine_entry,matches
Ship_Stack_Star_Id_,428947,routine_entry,matches
Ship_Stack_X_,428978,routine_entry,matches
Ship_Stack_Y_,429007,routine_entry,matches
Ship_Status_,429036,routine_entry,matches
Special_Is_Planet_Special_,429147,routine_entry,matches
Stack_Ship_Orbiting_Planet_,429183,routine_entry,shorter+unresolved
Star_Has_Relocation_,429204,routine_entry,matches
Star_Player_Color_,429232,routine_entry,shorter+unresolved
Star_Player_Palette_Color_,429232,routine_entry,shorter+unresolved
System_Planet_Scanned_To_Planet_Id_,429275,routine_entry,matches
System_Ship_Chosen_To_Ship_Icon_Id_,429298,routine_entry,matches
Weapons_Index_From_Tech_App_,429374,routine_entry,matches
Player_Has_Colony_In_System_,429425,routine_entry,matches
Owner_Of_First_Ship_In_Fleet_Box_,429434,routine_entry,matches
Nearest_Star_To_XY_,429446,routine_entry,matches
Absolute_Location_,429575,routine_entry,matches
Actual_Star_Id_,429613,routine_entry,matches
Confirm_Planet_And_Star_Index_Link_,429671,routine_entry,matches
Contact_With_One_Colony_,429899,routine_entry,matches
Contact_With_Player_,430008,routine_entry,matches
Decrement_Zoom_Count_,430054,routine_entry,shorter+unresolved
Empty_System_,430081,routine_entry,matches
Enemy_Has_Colony_At_Star_,430135,routine_entry,matches
Get_Map_Scale_,430244,routine_entry,matches+unresolved
Get_Player_Font_Colors_,430392,routine_entry,matches+unresolved
Get_Scaled_Value_,430700,routine_entry,matches
Get_Up_Scaled_Value_,430719,routine_entry,matches
Get_Zoom_Ratio_Value_,430739,routine_entry,matches
Habitable_Spectral_Class_,430761,routine_entry,matches
Harold_Defaults_,430787,routine_entry,shorter+unresolved
Harold_Init_,431660,routine_entry,shorter+unresolved
Has_Colony_,431726,routine_entry,matches
Increment_Zoom_Count_,431807,routine_entry,matches
Increment_Zoom_Count_With_Limit_,431842,routine_entry,matches
Init_Fleet_Movement_Box_,431903,routine_entry,shorter+unresolved
Init_Moving_Boxes_,431958,routine_entry,shorter+unresolved
Init_System_Display_Box_,432093,routine_entry,shorter+unresolved
Inverse_Map_Scale_Ratio_,432189,routine_entry,matches
Is_Colony_Star_,432250,routine_entry,matches
Is_Home_Star_,432324,routine_entry,matches
Galaxy_Size_From_N_Stars_,432338,routine_entry,shorter+unresolved
Map_Scale_To_Zoom_Level_,432407,routine_entry,shorter+unresolved
N_Colony_Owners_,432505,routine_entry,matches
Colony_Owners_,432631,routine_entry,matches
N_Food_Planets_In_System_,432872,routine_entry,matches
N_Planets_In_System_,432941,routine_entry,matches
N_Player_Ships_,433011,routine_entry,matches
N_Satellites_,433070,routine_entry,matches
No_Planets_In_System_,433119,routine_entry,matches
N_Turns_To_Star_,433131,routine_entry,matches
Planet_Data_Screen_,433180,routine_entry,matches
Planet_Has_Outpost_,433181,routine_entry,matches
Planet_Index_,433236,routine_entry,matches
Planet_Number_,433259,routine_entry,matches
Planet_Type_,433362,routine_entry,matches
Player_Has_Artemis_Net_,433401,routine_entry,matches
Player_Has_Colony_,433436,routine_entry,matches
Star_Has_Dimensional_Portal_,433472,routine_entry,matches
Star_Has_Artemis_Net_,433480,routine_entry,matches
Player_Has_Dimensional_Portal_,433488,routine_entry,matches
Player_Has_Jumpgate_,433512,routine_entry,matches
Player_Has_Outpost_,433542,routine_entry,matches
Player_Has_Stargate_,433642,routine_entry,matches
Player_Is_Omniscient_,433670,routine_entry,shorter+unresolved
Player_Has_Visited_,433714,routine_entry,matches
Player_Sighted_Monster_,433741,routine_entry,matches
Players_Home_Star_,433805,routine_entry,matches
Random_With_Restore_,433925,routine_entry,matches
Randomize_List_,433958,routine_entry,matches
Read_Random_Seed_,434086,routine_entry,matches
Set_All_Visited_Flags_,434139,routine_entry,matches
Set_Player_Font_Style_,434186,routine_entry,shorter+unresolved
Set_Sound_Volume_To_Settings_,434284,routine_entry,matches
Star_Id_From_Colony_Id_,434393,routine_entry,matches
Star_Is_Orion_,434453,routine_entry,matches
Star_Is_Outpost_Star_,434483,routine_entry,matches
Star_Owner_,434600,routine_entry,shorter+unresolved
User_Box_,434783,routine_entry,matches
First_Ship_Orbiting_Star_,435026,routine_entry,matches
Star_XY_To_Ship_Id_,435057,routine_entry,matches
XY_To_Star_Id_,435171,routine_entry,matches
Zoom_Level_Font_Style_,435264,routine_entry,shorter+unresolved
Star_Guarded_By_Monster_,435322,routine_entry,matches+unresolved
At_Least_One_Ship_At_Location_,435491,routine_entry,matches
Get_N_Remaining_Humans_,435535,routine_entry,matches
Get_Picture_Actual_Size_,435590,routine_entry,matches
Draw_Multi_Colored_Box_,435703,routine_entry,matches
Save_Mouse_List_,436117,routine_entry,shorter+unresolved
Restore_Mouse_List_,436175,routine_entry,shorter+unresolved
Clear_Saved_Mouse_List_,436204,routine_entry,shorter+unresolved
Was_Mouse_List_Saved_,436214,routine_entry,shorter+unresolved
Read_Windows_Cmdline_File_,436225,routine_entry,shorter
Load_H_Strings_,436246,routine_entry,matches+unresolved
H_Message_,436624,routine_entry,matches+unresolved
Reload_Language_Strings_,436657,routine_entry,matches
Load_Language_Fonts_,436741,routine_entry,shorter
Get_Font_File_,436787,routine_entry,matches
Write_Language_Setting_File_,436857,routine_entry,shorter
Get_Officer_Data_LBX_Name_,436947,routine_entry,matches
Load_Leader_Titles_,437011,routine_entry,shorter
Get_Monetary_Unit_String_,437158,routine_entry,matches
Set_Language_Race_Names_,437207,routine_entry,matches
Add_Non_Food_Planets_To_List_,437296,routine_entry,matches
Assign_Home_Star_Names_,437361,routine_entry,matches
Build_Home_Star_List_,437523,routine_entry,shorter+unresolved
Build_Min_Star_Distances_,438304,routine_entry,matches+unresolved
Dist_Between_Stars_,438452,routine_entry,matches
Dist_Between_Points_,438523,routine_entry,matches
Enforce_3_Planet_Minimum_,438554,routine_entry,extends
Enforce_Abundant_Minerals_,438802,routine_entry,matches
Enforce_Climate_,438827,routine_entry,matches+unresolved
Enforce_Gravity_,439388,routine_entry,matches+unresolved
Enforce_Medium_Planet_Size_,439476,routine_entry,matches
Enforce_Mineral_Richness_,439514,routine_entry,matches+unresolved
Enforce_Artifacts_Special_,439730,routine_entry,matches
Enforce_Planet_Size_,439763,routine_entry,matches
Enforce_Planet_Type_,439780,routine_entry,matches
Ensure_At_Least_1_Food_Planet_,439857,routine_entry,matches+unresolved
Generate_Home_Worlds_,440525,routine_entry,matches+unresolved
Generate_Home_Worlds_1_,441270,routine_entry,matches
Generate_Orion_,441276,routine_entry,matches
Get_Orion_Star_Id_,441735,routine_entry,matches+unresolved
Get_Starmap_Regions_,442205,routine_entry,matches
Guarantee_A_Planet_At_Min_Dist_,442631,routine_entry,matches
Is_Added_Food_World_,443286,routine_entry,matches+unresolved
Make_One_Planet_,443332,routine_entry,matches
Modify_Home_Worlds_,443567,routine_entry,matches+unresolved
Randomize_Home_Worlds_,444143,routine_entry,matches
Remove_Specials_,444221,routine_entry,matches
Set_Up_Home_Gen_Msg_,444302,routine_entry,shorter+unresolved
Star_Has_Planet_,444646,routine_entry,matches
Random_Planet_,444750,routine_entry,shorter
Upgrade_Planet_Guarded_By_Monster_,444910,routine_entry,matches
Set_Special_For_Star_Guarded_By_Monster_,445308,routine_entry,matches
Usable_Orbit_,445621,routine_entry,matches
qsort_star_dist_list_,445859,routine_entry,matches
qsort_1_,445888,routine_entry,matches
Make_System_Monsters_,445893,routine_entry,shorter+unresolved
Active_Save_Slot_Invalid_,446518,routine_entry,shorter+unresolved
Add_Game_Popup_Fields_,446561,routine_entry,shorter+unresolved
Allocate_Data_Space_For_Game_Popup_,448658,routine_entry,matches
Bad_Game_File_Message_,448755,routine_entry,matches
Check_For_Saved_Games_,448852,routine_entry,matches
Darken_Main_Screen_Background_,449043,routine_entry,matches
Do_Load_Game_Popup_,449142,routine_entry,shorter+unresolved
Do_Main_Game_Popup_,449857,routine_entry,matches+unresolved
Do_Options_Game_Popup_,450575,routine_entry,matches+unresolved
Do_Save_Game_Popup_,450900,routine_entry,matches+unresolved
Fiz_Game_Popup_,451857,routine_entry,matches
Fiz_Game_Popup_Autofuction_,451859,routine_entry,matches
Restore_Game_Popup_,451860,routine_entry,shorter+unresolved
Restore_Main_Screen_,451964,routine_entry,shorter+unresolved
Game_Popup_User_Box_,451994,routine_entry,matches
Get_File_Date_String_,452105,routine_entry,matches
Get_Game_Popup_Colors_,452289,routine_entry,shorter+unresolved
Get_Save_Game_Date_Strings_,452434,routine_entry,matches
Get_Star_Date_Strings_,452607,routine_entry,matches
Load_Month_Names_,452883,routine_entry,matches
Load_Game_Popup_Pictures_,453212,routine_entry,matches
Print_Load_Save_To_Bitmap_,453965,routine_entry,matches
Print_Main_Game_To_Bitmap_,453990,routine_entry,shorter+unresolved
Print_Options_To_Bitmap_,454065,routine_entry,matches
Pull_Down_Game_Popup_,454084,routine_entry,matches
Push_Up_Game_Popup_,454105,routine_entry,matches
Animate_Game_Popup_,454130,routine_entry,matches+unresolved
Set_Current_Game_Option_Flags_,454639,routine_entry,shorter+unresolved
Update_Game_Settings_,454988,routine_entry,matches
_Draw_Load_Save_Game_Popup_,455174,routine_entry,shorter+unresolved
_Draw_Main_Game_Popup_,456449,routine_entry,matches+unresolved
_Draw_Options_Game_Popup_,457256,routine_entry,shorter+unresolved
_Game_Popup_,459055,routine_entry,shorter+unresolved
qsort_debug_,459728,routine_entry,matches
Load_Mainmenu_Load_Game_Popup_,459737,routine_entry,matches
Mainmenu_Load_Game_Popup_,459959,routine_entry,shorter+unresolved
Set_Up_Load_Save_Popup_,460118,routine_entry,shorter+unresolved
Remove_Embedded_Special_Codes_,460376,routine_entry,matches
Embed_Special_Color_Codes_,460450,routine_entry,matches
Auto_Save_Last_Saved_Game_,460565,routine_entry,shorter+unresolved
Auto_Load_Last_Saved_Game_,460710,routine_entry,shorter+unresolved
Draw_Darkened_Load_Button_,460865,routine_entry,matches
Draw_Darkened_New_Game_Button_,460909,routine_entry,matches
Set_Music_For_Game_Popup_,460946,routine_entry,matches
Set_Sound_For_Game_Popup_,461080,routine_entry,matches
Add_Fields_For_Language_,461230,routine_entry,shorter+unresolved
Add_Main_Menu_Fields_,461540,routine_entry,shorter+unresolved
Change_Font_Color_Values_,461935,routine_entry,matches
Copy_Credit_String_To_Bitmap_,461962,routine_entry,shorter+unresolved
Do_Main_Menu_File_Animation_,462260,routine_entry,shorter+unresolved
Do_Mainmenu_Load_Screen_,463047,routine_entry,matches
Draw_Credits_,463175,routine_entry,shorter+unresolved
Main_Menu_Fade_Function_,463745,routine_entry,matches
Main_Menu_Fade_Function2_,463765,routine_entry,matches
Draw_Main_Menu_File_Animation_,463775,routine_entry,matches
Draw_Main_Menu_Screen_,463780,routine_entry,shorter+unresolved
Get_File_Animation_Block_Space_,464171,routine_entry,matches
Get_File_Animation_Total_Frames_,464199,routine_entry,shorter+unresolved
Load_Credits_,464235,routine_entry,shorter+unresolved
Main_Menu_Screen_,464626,routine_entry,shorter+unresolved
Reload_Main_Menu_Screen_,465598,routine_entry,shorter
Init_Credits_,465788,routine_entry,shorter
Buffer_Reload_Star_Bg_,466100,routine_entry,matches
Get_Star_Picture_Seg_,466131,routine_entry,matches
Add_Cheats_,466197,routine_entry,matches
Add_Map_Fields_,466291,routine_entry,shorter+unresolved
Add_Reply_To_Diplomacy_Request_Fields_,467366,routine_entry,matches
Add_Star_Fields_,467631,routine_entry,matches+unresolved
Allocate_First_Screen_Seg_,467784,routine_entry,matches
Center_Map_,467851,routine_entry,shorter+unresolved
Change_Home_Star_Name_,468124,routine_entry,matches
Check_For_Diplomacy_Request_,468236,routine_entry,shorter
Check_Function_Keys_,468392,routine_entry,shorter
Check_Hot_Keys_,469001,routine_entry,matches+unresolved
Check_Mouse_XY_Fields_,469697,routine_entry,shorter+unresolved
Check_Ships_XY_,469992,routine_entry,shorter+unresolved
Check_Stars_XY_,470199,routine_entry,shorter+unresolved
Clear_Mox_Mouse_Field_,470402,routine_entry,matches
Clear_Twinkling_Star_Data_,470427,routine_entry,shorter+unresolved
Convert_Coords_,470472,routine_entry,matches
Cycle_Ship_Icons_,470527,routine_entry,shorter+unresolved
Cycle_Star_Icons_,471084,routine_entry,matches
Do_Colony_Screen_,471310,routine_entry,matches+unresolved
Do_Fleet_Popup_,471473,routine_entry,shorter+unresolved
Do_Next_Turn_,472081,routine_entry,shorter+unresolved
Do_Reply_To_Diplomacy_Request_,472398,routine_entry,shorter+unresolved
Do_System_Popup_,472681,routine_entry,matches
Draw_A_Gate_Icon_,472897,routine_entry,extends+unresolved
Draw_A_Star_,473858,routine_entry,shorter+unresolved
Draw_Black_Holes_,474105,routine_entry,matches
Draw_Diplomacy_Request_Lights_,474374,routine_entry,matches+unresolved
Draw_ETA_Destination_Line_,474602,routine_entry,matches
Draw_Exploding_Plasma_Box_,474877,routine_entry,shorter+unresolved
Draw_Game_Turn_Buttons_,475991,routine_entry,shorter
Draw_Fleet_Box_Selected_Ship_Seg_,476083,routine_entry,matches
Draw_Main_Main_Screen_,476174,routine_entry,matches
Draw_Main_Screen_,476501,routine_entry,shorter+unresolved
Draw_Main_Screen_Before_Stencil_,477644,routine_entry,matches
Draw_Main_Screen_Filled_,477845,routine_entry,matches
Draw_Main_Screen_For_Zooming_,478158,routine_entry,matches
Draw_Main_Screen_While_Moving_Boxes_,478642,routine_entry,shorter+unresolved
Draw_Mini_Main_Screen_,478877,routine_entry,shorter+unresolved
Draw_Nebulae_,479119,routine_entry,shorter+unresolved
Draw_Paralax_,479247,routine_entry,matches
Draw_Player_Done_Lights_,479756,routine_entry,matches
Draw_Relocation_Links_,480032,routine_entry,matches
Draw_Reply_To_Diplomacy_Request_Popup_,480211,routine_entry,shorter+unresolved
Draw_Scanned_Ship_Seg_,480448,routine_entry,matches
Draw_Stars_,480592,routine_entry,shorter+unresolved
Draw_Wormhole_Links_,480659,routine_entry,matches
Filled_Box_,480854,routine_entry,matches
Set_Popup_Draw_XY_,481015,routine_entry,matches
Popup_XY_,481102,routine_entry,matches
Get_Mouse_Field_,481272,routine_entry,matches
Get_New_Paralax_XYs_,481546,routine_entry,shorter+unresolved
Get_PointXY_Draw_Coords_,481983,routine_entry,matches
Get_Ship_Stack_For_Officers_Screen_,482028,routine_entry,shorter+unresolved
Get_Star_Anim_Dimension_,482161,routine_entry,shorter+unresolved
Get_Star_Draw_Coords_,482195,routine_entry,matches
Get_Star_Id_For_Officers_Screen_,482269,routine_entry,shorter
Get_Twinkling_Star_,483119,routine_entry,matches+unresolved
Give_Me_All_Tech_Advances_,483314,routine_entry,matches
Highlight_Star_,483446,routine_entry,matches
Is_Main_Screen_Palette_,483523,routine_entry,matches
Load_Reply_To_Diplomacy_Request_Popup_,483601,routine_entry,matches
Main_Screen_,483720,routine_entry,shorter+unresolved
Main_Screen_Text_Box_,489028,routine_entry,shorter+unresolved
Mini_Main_Screen_Text_Box_,489112,routine_entry,matches
Next_Star_,489179,routine_entry,matches
Previous_Star_,489248,routine_entry,matches
Print_A_Star_Name_,489320,routine_entry,shorter+unresolved
Print_Galaxy_Map_Scanned_Star_,489916,routine_entry,matches
Print_Highlighted_Star_Name_,490233,routine_entry,matches
Print_Main_Screen_Data_,490414,routine_entry,shorter+unresolved
Set_Post_Fitted_Font_Style_,494346,routine_entry,matches
Print_Star_Name_To_Bitmap_,494427,routine_entry,matches
Print_Star_Names_,494775,routine_entry,matches
Redraw_Main_Screen_,494905,routine_entry,matches+unresolved
Redraw_Main_Screen_Without_Boxes_,495169,routine_entry,matches
Restore_Hotseat_Map_Info_,495194,routine_entry,shorter+unresolved
Save_Hotseat_Map_Info_,495453,routine_entry,shorter+unresolved
Scan_Fleet_Movement_Box_Fields_,495581,routine_entry,matches
Scan_Galaxy_Map_Fields_,495855,routine_entry,matches+unresolved
Scan_Moveable_Box_Fields_,496003,routine_entry,shorter+unresolved
Scan_Ships_XY_,497319,routine_entry,matches+unresolved
Scan_Stars_XY_,497612,routine_entry,matches+unresolved
Scan_System_Display_Fields_,498091,routine_entry,matches+unresolved
Scroll_Map_,499193,routine_entry,shorter+unresolved
Clear_Main_Screen_Fields_,499594,routine_entry,shorter+unresolved
Set_Main_Screen_Fields_To_Null_,499594,routine_entry,shorter+unresolved
Set_Painted_Fleet_Fields_,499895,routine_entry,matches+unresolved
Set_Reload_Fleet_Box_Palette_Flag_,500057,routine_entry,shorter+unresolved
Ship_Can_Be_Selected_,500074,routine_entry,matches
Star_On_Screen_,500104,routine_entry,matches
Exit_Zooming_Mode_,500164,routine_entry,shorter
Toggle_Game_Option_,500246,routine_entry,matches
Get_Star_Name_Info_,500711,routine_entry,shorter+unresolved
Update_Ship_Icons_In_Between_Turns_,500932,routine_entry,matches
Update_Star_Owners_,500995,routine_entry,matches
Zoom_Box_Height_,501048,routine_entry,matches
Zoom_Box_Width_,501064,routine_entry,matches
Set_Player_Cheated_Flag_,501074,routine_entry,shorter+unresolved
Warn_About_Cheating_Players_,501105,routine_entry,shorter+unresolved
Fade_Into_Main_Screen_,501442,routine_entry,shorter
Get_Research_Unit_String_,501756,routine_entry,shorter
Begin_Of_Turn_,501835,routine_entry,shorter+unresolved
Building_Outposts_In_Main_Screen_,502138,routine_entry,shorter+unresolved
Check_Fleet_Movement_Box_Status_,502595,routine_entry,matches
Distance_Between_Stars_Screen_,502637,routine_entry,shorter+unresolved
Do_Begin_Of_Turn_,503170,routine_entry,matches+unresolved
Draw_Main_Screen_For_Star_Distances_,503630,routine_entry,matches+unresolved
Main_Screen_Report_Handler_,504187,routine_entry,matches+unresolved
Planet_Colonization_In_Main_Screen_,504542,routine_entry,shorter+unresolved
Redraw_Main_Screen_After_Popups_,505036,routine_entry,matches
Restore_Fleet_Box_Palette_,505061,routine_entry,shorter+unresolved
Scrap_Freighters_,505113,routine_entry,matches+unresolved
Unloading_Transports_In_Main_Screen_,505765,routine_entry,shorter+unresolved
Reports_Screen_,506198,routine_entry,shorter+unresolved
Show_Command_Points_Screen_,506553,routine_entry,shorter
Assert_Class_To_Group_,506704,routine_entry,matches
Assign_Marooned_Heroes_,506705,routine_entry,matches
Write_Map_Gen_Data_,506882,routine_entry,matches
Clear_Planets_In_Star_Structure_,506883,routine_entry,matches
Enforce_Planet_Max_,506937,routine_entry,matches
Gas_Giants_,507469,routine_entry,matches
Generate_Climate_,507563,routine_entry,matches
Generate_Food_Per_Farmer_,507811,routine_entry,matches
Generate_Gravity_Class_,507872,routine_entry,matches
Generate_Max_Farms_,507934,routine_entry,matches
Generate_Mineral_Class_,507995,routine_entry,matches
Generate_Nebulas_,508057,routine_entry,shorter+unresolved
Generate_Number_Of_Nebulas_,509139,routine_entry,shorter
Generate_Number_Of_Satellites_,509223,routine_entry,matches+unresolved
Generate_Orbit_,509287,routine_entry,matches
Generate_Satellite_,509399,routine_entry,matches
Set_Secondary_Planet_Data_,509632,routine_entry,matches
Generate_Satellite_Type_,509694,routine_entry,matches+unresolved
Generate_Size_,509905,routine_entry,matches+unresolved
Generate_Spectral_Class_,509959,routine_entry,matches
Get_A_Planet_Or_Star_Special_,510016,routine_entry,matches+unresolved
Generate_Star_Special_,510867,routine_entry,shorter+unresolved
Generate_Wormhole_Links_,510997,routine_entry,shorter+unresolved
Get_Climate_Modifier_,511234,routine_entry,matches
Get_Minerals_Extracted_,511296,routine_entry,matches
Get_Planet_Group_,511317,routine_entry,shorter+unresolved
Get_Random_Orbit_,511401,routine_entry,matches
Get_Valid_Orbit_,511506,routine_entry,matches
Home_Planet_,511660,routine_entry,shorter
Init_Main_Screen_,511753,routine_entry,extends
Nebula_Data_Test_,511833,routine_entry,shorter
Set_Star_XYs_,511999,routine_entry,matches
Star_XY_Invalid_,513085,routine_entry,matches
Randomize_Star_Names_,513538,routine_entry,matches
Set_Black_Hole_Visited_Flags_,513629,routine_entry,matches
Set_Default_Nebula_Data_,513671,routine_entry,matches
Set_Wormhole_Id_,513750,routine_entry,matches
Black_Hole_Fix_,514209,routine_entry,matches
Load_Nebula_Pictures_,514567,routine_entry,shorter+unresolved
Universe_Generation_,514792,routine_entry,shorter+unresolved
Write_Other_Mapgen_Stuff_,516735,routine_entry,matches
Planet_Generation_,516736,routine_entry,matches
N_Empty_Stars_,516868,routine_entry,matches
Build_Min_Point_Distances_,516929,routine_entry,matches+unresolved
Get_Star_Name_,517265,routine_entry,shorter
Font_Colors_,517344,routine_entry,matches
Font_Colors2_,517573,routine_entry,matches
Get_Comma_String_,517854,routine_entry,shorter
Min_Font_Colors_,518178,routine_entry,shorter
Bit_Value_To_Num_,518477,routine_entry,matches
Box_Clipping_Window_,518541,routine_entry,matches
CHECK_PARAM_DRAW_,518635,routine_entry,matches
CHECK_PARAM_PRINT_,518768,routine_entry,matches
CHECK_PARAM_PRINT_INTEGER_,518920,routine_entry,matches
Change_Font_Style_,519099,routine_entry,matches
Decrease_Font_Color_Range_,519166,routine_entry,matches
Diagonal_Line_Fill_,519280,routine_entry,matches
Draw_Advancing_Fill_Message_,520161,routine_entry,matches
Draw_Darkened_Box_,520277,routine_entry,matches
Draw_Highlight_Box_,520381,routine_entry,matches
Fade_Into_Screen_,520644,routine_entry,matches
Fade_To_Black_,520814,routine_entry,matches
Fade_To_Palette_,520857,routine_entry,matches
Fill_Bitmap_,520924,routine_entry,matches
Fill_Bitmap_Unbounded_,521000,routine_entry,matches
Get_Advancing_Bitmap_String_Range_,521113,routine_entry,matches
Get_Bitmap_Dimensions_,521402,routine_entry,matches
Get_Bitmap_String_Range_,521418,routine_entry,matches
Get_File_Name_,521544,routine_entry,matches
Get_Font_Colors_,521765,routine_entry,matches
Get_Font_Spacing_,521797,routine_entry,matches
Get_Font_Style_,521804,routine_entry,matches
Get_Furthest_Endpoint_,521811,routine_entry,matches
Get_LBX_Message_,521951,routine_entry,matches
Get_Mox_Font_Colors_,521976,routine_entry,matches
Get_Mox_Min_Font_Colors_,522006,routine_entry,matches
Get_Time_Stamp_,522029,routine_entry,matches
Get_Time_Stamp_Int_,522093,routine_entry,matches
HCLS_,522199,routine_entry,matches
Increase_Font_Color_Range_,522207,routine_entry,matches
Increment_Mouse_Clock_Image_,522325,routine_entry,matches
Is_First_Letter_A_Vowel_,522385,routine_entry,matches
Is_Vowel_,522460,routine_entry,matches
Move_Range_,522576,routine_entry,matches
Next_File_Name_,522650,routine_entry,matches
Next_Multiple_,522959,routine_entry,matches
Occluded_,522998,routine_entry,matches
Ratio_Value_,523109,routine_entry,matches
Read_Data_File_,523129,routine_entry,matches
Remove_Chars_,523247,routine_entry,matches
Replace_Bitmap_Colors_,523394,routine_entry,matches
Replace_Char_,523553,routine_entry,matches
Restore_Window_Status_,523606,routine_entry,matches
Save_Window_Status_,523633,routine_entry,matches
Scale_,523652,routine_entry,matches
Set_Fitted_Font_Style_,523681,routine_entry,matches
Set_Font_Colors_,523786,routine_entry,matches
Set_Font_Default_Spacing_,523822,routine_entry,shorter+unresolved
Stat_Pct_,523844,routine_entry,matches
Substring_,523877,routine_entry,matches
Swap_Bitmap_Colors_,523912,routine_entry,matches
Tint_Bitmap_Colors_,524040,routine_entry,matches
Tint_Bitmap_Colors_In_Range_,524158,routine_entry,matches
Valid_Star_Index_,524280,routine_entry,matches
_Darken_Fill_,524294,routine_entry,shorter+unresolved
_Print_Centered_,524385,routine_entry,matches
_Print_Centered_Shadow_Down_,524425,routine_entry,matches
_Print_Right_Shadow_Down_,524466,routine_entry,matches
_Print_Shadow_Down_,524494,routine_entry,matches
_Tri_Interlaced_Fill_,524676,routine_entry,shorter+unresolved
Add_Galaxy_Map_Fields_2_,524859,routine_entry,shorter+unresolved
Add_Galaxy_Map_Fields_,525169,routine_entry,matches
Add_Moveable_Box_Fields_,525360,routine_entry,shorter+unresolved
Add_Resource_Box_Fields_,525565,routine_entry,shorter+unresolved
Add_Whole_Window_Field_,525752,routine_entry,matches
Box_Field_Selected_,525829,routine_entry,matches
Box_Fleet_Screen_Scanned_Ship_,525912,routine_entry,matches
Box_Fleet_Screen_Scanned_Star_,525967,routine_entry,matches
Box_Officer_Screen_Chosen_Star_,526090,routine_entry,matches+unresolved
Box_Officer_Screen_Scanned_Star_,526286,routine_entry,matches
Box_Order_,526387,routine_entry,matches+unresolved
Clear_Moveable_Box_Fields_,526443,routine_entry,shorter+unresolved
Display_Moveable_Box_Info_,526661,routine_entry,shorter+unresolved
Do_Fleet_Screen_Stuff_,526767,routine_entry,matches
Do_Officer_Screen_Stuff_,526842,routine_entry,matches+unresolved
Draw_Galaxy_Map_Box_,527439,routine_entry,matches+unresolved
Draw_Moveable_Box_,528537,routine_entry,shorter+unresolved
Get_Galaxy_Map_Space_XY_,528721,routine_entry,matches
Get_Galaxy_Map_Star_XY_,528853,routine_entry,matches
Move_Box_To_Top_,529036,routine_entry,shorter+unresolved
Move_Moveable_Box_,529225,routine_entry,shorter+unresolved
Moveable_Box_Dimensions_,530294,routine_entry,matches
Moveable_Box_Occluded_,530397,routine_entry,matches+unresolved
Moveable_Box_Selected_,530645,routine_entry,shorter+unresolved
N_Moveable_Boxes_Selected_,530676,routine_entry,matches
Restore_Boxes_,530717,routine_entry,matches+unresolved
Box_Was_Open_,530841,routine_entry,matches
Remove_Box_Check_,530851,routine_entry,matches
Save_And_Remove_Boxes_,530852,routine_entry,shorter+unresolved
Vanish_Fleet_Movement_Box_,531008,routine_entry,shorter+unresolved
Vanish_System_Display_Box_,531132,routine_entry,shorter+unresolved
Mouse_Within_Fleet_Box_,531211,routine_entry,matches
Draw_Input_Box_Popup_,531337,routine_entry,shorter+unresolved
Remapped_Input_Box_Popup_,531380,routine_entry,matches
Setup_Input_Box_Popup_,531412,routine_entry,shorter+unresolved
Input_Box_Popup_,532244,routine_entry,shorter+unresolved
Can_Change_Star_Name_,533034,routine_entry,matches
Change_Star_Name_Popup_,533121,routine_entry,matches
Change_Home_Star_Name_Popup_,533154,routine_entry,matches
Do_Change_Star_Name_,533186,routine_entry,matches
Star_Name_Popup_Screen_Center_X_,533438,routine_entry,matches
Star_Name_Popup_Screen_Center_Y_,533444,routine_entry,matches
Star_Name_Popup_Map_Center_X_,533450,routine_entry,matches
Star_Name_Popup_Map_Center_Y_,533456,routine_entry,matches
Star_Name_Popup_Main_X_,533462,routine_entry,matches
Star_Name_Popup_Main_Y_,533533,routine_entry,matches
Max_Pixel_Width_Star_Name_Can_Be_,533591,routine_entry,shorter
Load_Officer_Picture_,533934,routine_entry,matches
Load_Darkened_Officer_Picture_,534041,routine_entry,matches
Add_Officer_Screen_Fields_,534094,routine_entry,shorter+unresolved
Add_Skill_Description_Help_Fields_,535186,routine_entry,matches
Already_Hired_Message_,535589,routine_entry,matches
Assert_Marooned_Leaders_,535687,routine_entry,matches
Not_Enough_BCs_Message_,535800,routine_entry,matches
Ask_For_Hire_,535922,routine_entry,matches
Build_Captain_Id_List_,536178,routine_entry,matches
Captain_And_Ship_Icon_Selected_,536401,routine_entry,matches
Check_For_Colony_Calculation_Update_,536458,routine_entry,matches
Check_For_Officer_Level_,536538,routine_entry,matches
Check_Officer_Fields_,536606,routine_entry,matches+unresolved
Deassign_Officer_,537586,routine_entry,matches
Decrement_Officer_ETA_,537807,routine_entry,matches
Deselect_Offpop_Icons_,537896,routine_entry,shorter+unresolved
Draw_Officer_Screen_,537936,routine_entry,matches+unresolved
Draw_Officer_Screen_To_Back_,539166,routine_entry,shorter+unresolved
Draw_Offscrn_Colony_Window_,539493,routine_entry,matches
Draw_Offscrn_Fleet_Ship_Window_,539519,routine_entry,matches
Draw_Skill_Icon_,539539,routine_entry,matches
Fade_Into_Leaders_Screen_,539568,routine_entry,matches+unresolved
Fleet_Screen_Icon_Ship_Id_,539753,routine_entry,matches
Get_Advanced_Government_Tech_,539827,routine_entry,shorter
Get_Advanced_Government_Type_,539914,routine_entry,shorter+unresolved
Get_Officer_Base_Level_,539979,routine_entry,matches
Get_Officer_Costs_,540046,routine_entry,matches
Get_Officer_Pictures_,540151,routine_entry,matches
Get_Random_Skills_,540338,routine_entry,matches+unresolved
Get_Research_Cost_Skill_Value_,540683,routine_entry,matches
Get_Skill_Data_Max_Pixel_Width_,540715,routine_entry,shorter+unresolved
Hire_Officer_,540971,routine_entry,matches+unresolved
Is_Fleet_Officer_Screen_,541115,routine_entry,matches
Kill_Officer_,541126,routine_entry,matches
Leader_Can_Be_Assigned_,541268,routine_entry,matches
Leaders_In_Hiring_Pool_,541307,routine_entry,matches
Load_Officer_Skill_Name_Descriptions_,541437,routine_entry,matches
Move_From_Limbo_To_Pool_,541558,routine_entry,matches
Move_Officer_To_Limbo_,541600,routine_entry,matches
Move_Officer_To_Pool_,541859,routine_entry,matches
Change_Screen_Type_,542012,routine_entry,shorter+unresolved
Officer_Exp_,542316,routine_entry,matches
Officer_Has_General_Skill_,542333,routine_entry,matches
Officer_Has_Special_Skill_,542366,routine_entry,matches
Officer_Skill_Value_,542391,routine_entry,shorter+unresolved
One_Leader_With_Galactic_Lore_,542839,routine_entry,matches
Bonus_For_Famous_Heroes_,542863,routine_entry,matches
Officer_Level_,543017,routine_entry,matches
Owned_Officer_Level_,543057,routine_entry,matches+unresolved
Officer_Made_Level_Report_,543143,routine_entry,matches
Officer_Maintenance_,543389,routine_entry,matches
Officer_Screen_Text_Box_,543510,routine_entry,matches
Officer_Screen_User_Box_,543546,routine_entry,matches
Officer_Skill_Bonus_,543666,routine_entry,matches
Officers_Screen_,543773,routine_entry,shorter+unresolved
Print_ETA_On_Officer_Picture_,546530,routine_entry,matches
Print_Galmap_Scanned_Ship_,546787,routine_entry,shorter+unresolved
Print_Officer_Data_,547754,routine_entry,shorter+unresolved
Print_Officer_Skill_Help_,549741,routine_entry,shorter+unresolved
Print_Scanned_Ship_Name_,550075,routine_entry,matches
Random_Skill_,550350,routine_entry,matches
Random_Skill2_,550711,routine_entry,matches
Reload_Officer_Screen_Pictures_,551121,routine_entry,matches
Reload_Officer_Skill_Icons_,552165,routine_entry,matches
Reload_Offscrn_Galaxy_Stars_,552219,routine_entry,matches
Reload_Offscrn_Small_Ship_Icons_,552274,routine_entry,matches
Restore_Officer_Structure_,552459,routine_entry,matches
Save_Officer_Structure_,552487,routine_entry,matches
Save_Officers_Original_Colony_Id_,552509,routine_entry,matches
Save_Officers_Original_Ship_Id_,552553,routine_entry,matches
Scan_Officer_Fields_,552597,routine_entry,matches
Scan_Offscrn_Big_Icon_Fields_,553025,routine_entry,shorter+unresolved
Initialize_Scroll_Bar_,553302,routine_entry,matches
Set_Officer_To_Player_,553359,routine_entry,matches
Ships_In_Same_Place_,553607,routine_entry,matches
Skill_Bonus_,553668,routine_entry,matches
Wrapper_For_Colony_Officer_Popup_Data_,553710,routine_entry,matches
Wrapper_For_Officer_Popup_Help_Fields_,553790,routine_entry,matches
Wrapper_For_Offscrn_Data_,553932,routine_entry,matches
Wrapper_For_Offscrn_Help_Fields_,553984,routine_entry,matches+unresolved
Wrapper_For_Offscrn_System_Fields_,554104,routine_entry,matches
Wrapper_For_Offscrn_System_Popup_,554150,routine_entry,matches
Wrapper_To_Add_Officer_Popup_Help_Fields_,554281,routine_entry,matches
Officer_Name_,554341,routine_entry,matches
Leader_Name_,554376,routine_entry,matches
Officer_Status_Ok_,554815,routine_entry,matches
N_Fleet_Officers_Owned_By_Player_,554860,routine_entry,matches
N_Star_Officers_Owned_By_Player_,554927,routine_entry,matches
Hero_Slot_Open_,555001,routine_entry,matches
Chance_To_Hire_Hero_,555037,routine_entry,shorter+unresolved
Increase_Officer_Level_By_One_,555424,routine_entry,matches+unresolved
Calculate_Officer_Cost_,555561,routine_entry,matches
Officer_Cost_,555565,routine_entry,matches
Random_Officer_Check_,555622,routine_entry,matches
Generate_Random_Officer_,555732,routine_entry,matches
Select_Leader_For_Hire_,555821,routine_entry,matches
Leader_Available_For_Hire_,556077,routine_entry,matches
Give_Officer_XP_,556132,routine_entry,matches
Find_Selected_Leader_,556377,routine_entry,matches+unresolved
Marooned_Hero_At_Star_Can_Join_,556941,routine_entry,matches
Do_Hire_Officer_,557154,routine_entry,matches
Give_Player_Loknar_Special_,557275,routine_entry,matches+unresolved
Make_Loknar_Message_,557521,routine_entry,matches
Rescued_Loknar_Popup_,557698,routine_entry,matches+unresolved
Get_Random_Antaran_Tech_,557750,routine_entry,shorter+unresolved
Get_Available_Antaran_Tech_,557923,routine_entry,matches
Assign_Loknar_Ship_To_Player_,558008,routine_entry,matches
Allocate_Adv_Civ_Game_Officers_,558217,routine_entry,shorter+unresolved
Get_N_Skills_Per_Officer_Displayed_,558643,routine_entry,matches
Set_Officer_Screen_Help_,558892,routine_entry,matches
Dismiss_Officer_,558961,routine_entry,matches
Assign_Captain_,559099,routine_entry,matches
Ai_Assign_Leader_To_Ship_,560163,routine_entry,matches
Ai_Assign_Leader_To_Star_,560263,routine_entry,matches
Assign_Leader_To_Star_,560363,routine_entry,matches
Assign_Leader_To_Ship_,560557,routine_entry,matches
Get_Ship_Leader_ETA_,560715,routine_entry,matches
Get_Star_Leader_ETA_,560962,routine_entry,matches
Leader_Cheat_Popup_,561134,routine_entry,matches+unresolved
Give_Leader_Specials_To_Player_,561699,routine_entry,shorter+unresolved
Best_Diplomat_Skill_Bonus_,562011,routine_entry,shorter
Get_Skill_Description_LBX_Name_,562179,routine_entry,matches
Officer_Is_Female_,562243,routine_entry,matches
Get_Italian_The_,562285,routine_entry,matches
_max_planet_flags,562433,routine_entry,shorter+unresolved
Set_Auto_Colonize_Flag_,562466,routine_entry,matches
Colony_Ship_Auto_Colonization_,562477,routine_entry,matches
Add_Colony_Ship_Icon_Field_,562495,routine_entry,matches
Add_Outpost_Ship_Icon_Field_,562571,routine_entry,matches
Add_Plntsum_Fields_,562641,routine_entry,shorter+unresolved
Absolute_Distance_,563547,routine_entry,matches
Add_Planet_Summary_Bar_Field_,563585,routine_entry,matches
Add_PlntSum_Galaxy_Map_Fields_,563647,routine_entry,matches
Allocate_Space_For_Summary_Screen_,563823,routine_entry,matches
Build_Ship_Summary_,563962,routine_entry,shorter+unresolved
Check_For_Colony_And_Outpost_Ships_,564743,routine_entry,matches+unresolved
Clear_Planet_Explored_Flags_,565026,routine_entry,matches
Player_Colors_,565048,routine_entry,matches
Colony_Owner_Colors_,565323,routine_entry,matches
Determine_Button_Status_,565371,routine_entry,matches+unresolved
Draw_Rotating_Planets_,565541,routine_entry,matches+unresolved
Fill_Summary_Screen_Scroll_Bar_,565744,routine_entry,matches
Filter_Explored_Planets_,565946,routine_entry,matches+unresolved
Get_Colony_Outpost_Marker_XY_,566513,routine_entry,matches
Get_ETA_To_Star_,566760,routine_entry,matches
Load_Planet_Segment_,566891,routine_entry,matches
Load_Planet_Pictures_,566944,routine_entry,matches
Load_Planet_Summary_Ship_Icon_,566985,routine_entry,matches
Load_Planet_Summary_Pictures_,567049,routine_entry,matches
Planet_Has_Adverse_Gravity_,567690,routine_entry,matches
Planet_Has_Been_Visited_,567724,routine_entry,matches
Planet_Has_Hostile_Environment_,567778,routine_entry,matches
Planet_Has_Players_Colony_,567800,routine_entry,matches
First_Planet_In_Summary_List_,567854,routine_entry,matches
Planet_Summary_List_Id_,567939,routine_entry,matches
Planet_In_Range_Of_A_Colony_,568001,routine_entry,matches
Planet_Is_Enemy_Controlled_,568045,routine_entry,matches+unresolved
Planet_Is_Mineral_Scarce_,568300,routine_entry,matches
Planet_Is_Outpost_Planet_,568333,routine_entry,matches
Planet_Summary_Id_,568375,routine_entry,matches
Print_Colony_Outpost_Marker_,568441,routine_entry,matches+unresolved
Productivity_Penalty_,569095,routine_entry,matches
Reset_Ship_To_Star_Distances_,569202,routine_entry,shorter+unresolved
Scan_Summary_Box_Fields_,569421,routine_entry,matches+unresolved
Send_Colony_Button_Selectable_,569985,routine_entry,matches
Nearest_Ship_Id_,569991,routine_entry,shorter+unresolved
Send_Nearest_Ship_,570055,routine_entry,shorter+unresolved
Send_Outpost_Button_Selectable_,571371,routine_entry,matches
Set_Colony_Ship_To_Star_Distances_,571377,routine_entry,matches
Set_Outpost_Ship_To_Star_Distances_,571800,routine_entry,matches
Set_Planet_Explored_Flags_,572224,routine_entry,matches
Ship_Is_Not_Colonizing_,572309,routine_entry,matches
Sort_Planet_Summary_,572397,routine_entry,matches
Draw_Nearest_Ship_Directional_Line_,572486,routine_entry,matches
Summary_Found_Colony_Ship_,573141,routine_entry,matches
Summary_Found_Outpost_Ship_,573176,routine_entry,matches
Summary_Planet_Index_,573212,routine_entry,matches
Summary_Screen_Print_Data_,573296,routine_entry,matches+unresolved
Summary_Screen_Print_Scanned_,574976,routine_entry,shorter+unresolved
Summary_Ship_Index_,575986,routine_entry,matches
Draw_Colony_Ship_Icon_,576052,routine_entry,shorter+unresolved
Draw_Outpost_Ship_Icon_,576111,routine_entry,shorter+unresolved
Wrapper_For_Planet_Summary_Galaxy_Map_,576160,routine_entry,matches
qsort_by_climate_,576767,routine_entry,matches
qsort_by_max_population_,576780,routine_entry,matches
qsort_by_minerals_,576791,routine_entry,matches
Undo_Send_Order_,576804,routine_entry,matches+unresolved
Update_Ship_Etas_,577448,routine_entry,matches
Draw_Mini_Planet_Summary_Screen_,577734,routine_entry,shorter+unresolved
Draw_Planet_Summary_Screen_,577734,routine_entry,shorter+unresolved
Planet_Summary_Screen_,578130,routine_entry,shorter+unresolved
Add_Hi_Score_Screen_Fields_,579562,routine_entry,matches
Build_Captured_Colonists_Array_,579606,routine_entry,shorter+unresolved
Build_Pop_Array_,579916,routine_entry,matches
Calculate_Hi_Scores_,579959,routine_entry,shorter+unresolved
Captured_Antares_,580385,routine_entry,matches
Captured_Orion_,580409,routine_entry,matches
Do_Calculate_Hi_Score_,580433,routine_entry,matches
Draw_Antares_Score_,580502,routine_entry,matches
Draw_Cap_Pop_,580539,routine_entry,matches
Draw_Captured_Colonies_Score_,580571,routine_entry,shorter+unresolved
Draw_Council_Score_,580671,routine_entry,shorter+unresolved
Draw_Total_Score_,580726,routine_entry,matches+unresolved
Draw_Eliminated_Race_Pictures_,581367,routine_entry,matches+unresolved
Draw_Elimination_Score_,582012,routine_entry,shorter+unresolved
Draw_Generic_Score_,582151,routine_entry,matches
Draw_Hi_Score_Screen_,582266,routine_entry,shorter+unresolved
Draw_Orion_Score_,582573,routine_entry,matches
Draw_Pop_,582609,routine_entry,shorter+unresolved
Draw_Population_Score_,583169,routine_entry,matches
Draw_Reg_Pop_,583242,routine_entry,matches
Draw_Technology_Score_,583268,routine_entry,matches
Draw_Time_Score_,583307,routine_entry,matches
Get_Antares_Score_,583441,routine_entry,matches
Get_Captured_Colonist_Score_,583477,routine_entry,matches
Get_Hall_Of_Fame_Colors_,583533,routine_entry,matches
Get_Hi_Score_Colors_,583616,routine_entry,matches
Get_Elimination_Score_,583756,routine_entry,matches+unresolved
Get_Orion_Score_,583843,routine_entry,matches
Get_Population_Score_,583879,routine_entry,matches
Get_Technology_,583947,routine_entry,shorter+unresolved
Get_Technology_Score_,584051,routine_entry,matches
Get_Time_Score_,584083,routine_entry,shorter+unresolved
Get_Total_Population_,584154,routine_entry,matches
Get_Won_Council_Score_,584215,routine_entry,matches
Hi_Score_Screen_,584251,routine_entry,matches
Load_Hi_Score_Screen_,584514,routine_entry,matches
Won_Council_Vote_,584754,routine_entry,matches
Print_Score_String_,584778,routine_entry,matches
Player_Score_,585096,routine_entry,matches
Load_Hall_Of_Fame_Screen_,585185,routine_entry,matches
Draw_Hall_Of_Fame_Screen_,585283,routine_entry,shorter+unresolved
Hall_Of_Fame_Screen_,586374,routine_entry,matches+unresolved
qsort_hof_scores_descending_,586823,routine_entry,matches
qsort_hof_scores_ascending_,586874,routine_entry,matches
Read_HOF_File_,586925,routine_entry,matches
Write_HOF_File_,587013,routine_entry,matches
Write_Score_To_File_,587071,routine_entry,matches
Create_Default_HOF_File_,587072,routine_entry,shorter+unresolved
End_Of_Game_Hi_Score_,587538,routine_entry,shorter+unresolved
Init_Hall_Of_Fame_Screen_,588161,routine_entry,shorter+unresolved
HOF_Version_Number_,588758,routine_entry,matches
Sort_HOF_Scores_,588777,routine_entry,shorter+unresolved
Move_Sorted_HOF_Data_,588839,routine_entry,shorter+unresolved
Set_Hi_Score_Pop_Icon_Ids_,589040,routine_entry,matches+unresolved
Get_From_Tmp_Pop_,589622,routine_entry,matches
ascending_qsort_uchar_,589804,routine_entry,matches
Handle_Vertical_Scroll_Field_,589813,routine_entry,matches
Get_Vertical_Scroll_Bar_First_Item_,589888,routine_entry,matches
Get_Vertical_Scroll_Bar_Height_,590065,routine_entry,matches
Set_Vertical_Scroll_Bar_Maxima_,590117,routine_entry,matches
Scroll_Down_One_Item_,590173,routine_entry,matches
Scroll_Up_One_Item_,590278,routine_entry,matches
Draw_Generic_Vertical_Scroll_Bar_,590374,routine_entry,matches
Build_Ship_Icons_,590597,routine_entry,shorter+unresolved
Draw_Ship_Icons_,591631,routine_entry,matches
Set_Ship_Icon_XYs_,591816,routine_entry,matches
Do_Ship_Destination_Lines_,591885,routine_entry,matches
Add_Ship_Icon_Fields_,592344,routine_entry,shorter
Get_Ship_Icon_Coords_,592476,routine_entry,matches
Get_XYs_For_Orbiting_Ships_,592816,routine_entry,matches
Get_Ship_Icon_Coords_In_Space_,593109,routine_entry,matches
Get_Ship_Icon_Pict_Seg_,593272,routine_entry,matches
Get_Stack_Orbiting_Star_,593706,routine_entry,matches+unresolved
Overlapped_Ship_Icon_Button_,593832,routine_entry,matches+unresolved
Build_Ship_Id_List_,594263,routine_entry,matches
Draw_Directional_Multi_Colored_Line_,594368,routine_entry,matches
Draw_Ship_Destination_Line_,594585,routine_entry,shorter+unresolved
Enemy_Ship_Heading_Toward_Our_Colony_,594753,routine_entry,matches
Print_Eta_On_Ship_Icon_,594864,routine_entry,matches
Load_Highlighted_Ship_Icon_Picture_,595029,routine_entry,matches
qsort_ship_icon_,595501,routine_entry,matches
Kill_Ship_,595514,routine_entry,shorter
Build_Nonplayer_Ship_,595647,routine_entry,shorter
Set_Nonplayer_Ship_XY_,595810,routine_entry,matches
Set_Nonplayer_Ship_Destination_,596515,routine_entry,matches
Deploy_Ships_To_Attack_Antares_,596730,routine_entry,shorter+unresolved
Reset_Ships_Attacking_Antares_,596878,routine_entry,matches
Get_Ship_Icon_Dimensions_,596937,routine_entry,matches
Clear_Auto_Colonization_Flag_,596980,routine_entry,matches
Clear_All_Ships_Auto_Colonization_Flag_,597005,routine_entry,matches
_flag_replacement_colors,597070,routine_entry,shorter+unresolved
Add_System_Display_Popup_Fields_,597108,routine_entry,matches+unresolved
Build_System_Popup_Ships_,598030,routine_entry,matches
Clear_System_Display_Loaded_Flag_,598221,routine_entry,matches
Clear_System_Display_Ship_Fields_,598252,routine_entry,shorter+unresolved
Do_Print_Planet_Info_,598307,routine_entry,matches
Do_Print_System_Ship_Data_,599779,routine_entry,shorter+unresolved
Draw_Colony_Marker_,601105,routine_entry,matches
Draw_Gate_Icons_,601190,routine_entry,shorter+unresolved
Draw_Outpost_Marker_,601389,routine_entry,matches
Draw_Planet_With_Pierced_Ring_,601468,routine_entry,matches
Draw_Sun_Seg_,602149,routine_entry,shorter+unresolved
Draw_System_Display_Border_,602309,routine_entry,matches
Draw_System_Display_Planets_,602365,routine_entry,matches
Draw_System_Display_Popup_,602586,routine_entry,shorter+unresolved
Draw_System_Highlight_,604693,routine_entry,matches+unresolved
Draw_System_Ship_Icons_,605124,routine_entry,matches+unresolved
Get_Gate_Icon_XY_,605482,routine_entry,shorter+unresolved
Get_Planet_Info_Box_Dimensions_,605544,routine_entry,matches
Get_Rotating_Planet_Segment_,605572,routine_entry,matches+unresolved
Get_System_Display_Ship_Icon_XY_,605757,routine_entry,shorter+unresolved
Get_System_Ship_Info_Box_Dimensions_,605948,routine_entry,matches
Hide_System_Display_,605985,routine_entry,shorter+unresolved
Init_System_Display_,606182,routine_entry,matches+unresolved
Load_New_System_Display_,606286,routine_entry,matches+unresolved
N_Ships_By_Type_At_Location_,607023,routine_entry,matches
Need_To_Reload_System_Display_,607270,routine_entry,matches
Global_Data_Seg_Ok_,607386,routine_entry,matches
Ok_To_View_System_,607484,routine_entry,matches
Potential_Colony_Info_Popup_,607551,routine_entry,shorter
Print_Gate_Info_,608649,routine_entry,shorter+unresolved
Print_Planet_Info_,609295,routine_entry,matches
Print_System_Display_Box_Title_,609345,routine_entry,matches
Print_System_Ship_Data_,609713,routine_entry,matches
Restore_Planet_Palette_Colors_,609753,routine_entry,shorter+unresolved
Set_System_Display_Loaded_Flag_,609819,routine_entry,matches
Ships_At_Location_String_,609939,routine_entry,matches
Space_Monster_Here_,610057,routine_entry,matches
Wrapper_For_Informational_System_Fields_,610079,routine_entry,matches
Wrapper_For_Normal_System_Fields_,610136,routine_entry,matches
Wrapper_For_Normal_System_Popup_,610238,routine_entry,matches
qsort_sys_disp_,610373,routine_entry,matches
Calculate_Remap_Gray_Palettes_,610384,routine_entry,shorter
Remap_Draw_With_Mask_,610606,routine_entry,shorter+unresolved
Remap_Draw_Animated_Sprite_Mask_,611292,routine_entry,matches
Remap_Clipped_Draw_Animated_Sprite_Mask_,611570,routine_entry,matches
Print_Empty_System_Data_,612155,routine_entry,shorter+unresolved
Buffer_Reload_System_Ships_,612420,routine_entry,matches
Print_Special_Building_Data_,612558,routine_entry,shorter+unresolved
Draw_Help_Entry_,612769,routine_entry,shorter+unresolved
Text_Box_,614066,routine_entry,matches
Timed_Text_Box_,614076,routine_entry,matches
Do_Text_Box_,614079,routine_entry,shorter+unresolved
Box_Centered_On_XY_,614758,routine_entry,shorter+unresolved
Text_Box_Startup_,615136,routine_entry,shorter+unresolved
Text_Box_Cleanup_,615389,routine_entry,matches
Text_Box_Get_Input_,615501,routine_entry,matches
Get_Mox_Text_Box_Base_Colors_,615595,routine_entry,shorter+unresolved
Get_Help_Lbx_Name_,615751,routine_entry,shorter
Clear_Beam_SFX_Handles_,616974,routine_entry,shorter+unresolved
Rob_Interpolate_Line_,617006,routine_entry,extends
N_Frames_For_Last_Weapon_Fired_,617365,routine_entry,matches
Draw_Generic_Beam_,617372,routine_entry,matches+unresolved
Get_Ship_Range_,619330,routine_entry,matches
Draw_Ship_Burst_,619364,routine_entry,matches
Draw_Ship_Explosion_,619447,routine_entry,matches
Load_Beam_Sfx_,619563,routine_entry,matches
Load_Ship_Burst_,619594,routine_entry,matches
Load_Ship_Explosion_,619717,routine_entry,matches
Load_Combat_Beam_Stuff_,619800,routine_entry,matches
Load_Pallette_Fragments_,619906,routine_entry,shorter+unresolved
Reset_Beam_Swapping_Colors_,619952,routine_entry,shorter+unresolved
Add_Weapon_Palette_Fragment_To_Current_Palette_,619971,routine_entry,matches
Fire_Weapon_,620060,routine_entry,matches+unresolved
Beam_SFX_,622999,routine_entry,shorter+unresolved
Draw_Fighter_Beam_,626739,routine_entry,matches
Reset_Damage_Message_Queue_,627055,routine_entry,shorter+unresolved
Add_Damage_Message_To_Queue_,627065,routine_entry,shorter+unresolved
Squish_Out_Msg_Queue_Slot_,627176,routine_entry,matches
Draw_Damage_Message_Queue_,627235,routine_entry,matches+unresolved
Done_Drawing_Damage_Message_Queue_,627354,routine_entry,shorter+unresolved
Draw_Damage_Indicator_,627366,routine_entry,matches
Add_Damage_Indicator_For_Ship_,627626,routine_entry,matches
Add_Damage_Indicator_For_Missile_,627730,routine_entry,matches
Add_Damage_Indicator_For_Biological_,627770,routine_entry,matches
Draw_Damage_Indicator_Right_,627808,routine_entry,matches
Draw_Damage_Indicator_Right2_,627839,routine_entry,matches
Draw_Damage_Message_Queue_Until_Done_,627873,routine_entry,shorter+unresolved
Get_SFX_Draw_Shield_Facing_,627964,routine_entry,matches
Get_SFX_Draw_Shield_Facing2_,628076,routine_entry,shorter
Adjust_Shield_Display_Status_,628248,routine_entry,matches
XY_In_Shield_Radius_,628423,routine_entry,matches
Load_Shield_Hit_,628514,routine_entry,matches
Draw_All_Shields_,628642,routine_entry,matches
Shield_Anims_,628727,routine_entry,matches
Draw_Shield_Hit_Once_Through_,628839,routine_entry,shorter+unresolved
Draw_Shield_Hit_Next_Frame_,629151,routine_entry,matches
Ship_Size_To_Shield_Size_,629421,routine_entry,matches
Planet_Size_To_Shield_Size_,629448,routine_entry,shorter
Draw_Shield_Hit_,629485,routine_entry,shorter+unresolved
Rot_To_Base_Rot_,630686,routine_entry,matches
Rot_To_Rot_Method_,630731,routine_entry,shorter
Adjust_Reflection_Field_Display_Status_,630780,routine_entry,shorter+unresolved
Load_Reflection_Field_Hit_,631009,routine_entry,matches
Reflection_Field_Anims_,631049,routine_entry,matches
Draw_Reflection_Field_Hit_Once_Through_,631079,routine_entry,shorter+unresolved
Draw_Reflection_Field_Hit_Next_Frame_,631425,routine_entry,shorter
Draw_Reflection_Field_Hit_,631693,routine_entry,shorter+unresolved
XY_In_Reflection_Field_Radius_,632155,routine_entry,matches
Get_Beam_Frames_,632246,routine_entry,shorter
Draw_Beam_,632407,routine_entry,shorter
Set_Beam_Colors_,633911,routine_entry,shorter+unresolved
Build_Steve_Stuff_Struct_For_Weapon_,635164,routine_entry,matches
Weapon_Has_Steve_Stuff_,636140,routine_entry,shorter
Draw_Beam2_,636206,routine_entry,shorter
Draw_Anti_Missile_Rocket_Picture_,637008,routine_entry,matches
Draw_Anti_Missile_Rockets_,637119,routine_entry,shorter+unresolved
Anti_Missile_Rockets_,637449,routine_entry,shorter+unresolved
Draw_Gyro_Special_Effect_,638045,routine_entry,shorter+unresolved
Teleport_Enemy_Ship_,638963,routine_entry,shorter+unresolved
Gyro_Destablizer_,639286,routine_entry,shorter+unresolved
Lightning_Field_,640114,routine_entry,shorter+unresolved
Draw_Stasis_Ball_,640537,routine_entry,matches
Draw_Stasis_Beam_,641146,routine_entry,shorter+unresolved
Draw_Cloak_,641866,routine_entry,shorter+unresolved
Draw_Continuing_Tractor_,642267,routine_entry,matches
Draw_Moving_Tractor_,642568,routine_entry,matches+unresolved
Plasma_Web_,642947,routine_entry,shorter+unresolved
Tractor_Beam_,644042,routine_entry,shorter+unresolved
Draw_Plasma_Web_,644480,routine_entry,matches
Draw_Transporter_Bomb_Beam_,645109,routine_entry,shorter+unresolved
Stellar_Converter_,645514,routine_entry,shorter+unresolved
Start_Ship_Engine_SFX_,646399,routine_entry,matches
End_Ship_Engine_SFX_,646436,routine_entry,shorter+unresolved
Draw_Ship_Collapsing_,646464,routine_entry,matches
Do_Spherical_SFX_,646680,routine_entry,shorter+unresolved
Play_Ship_Explosion_SFX_,650251,routine_entry,shorter
Destroy_Ship_FX_,650363,routine_entry,shorter+unresolved
Missile_Launch_FX_,652158,routine_entry,shorter+unresolved
Allocate_Bldg_Cache_,652610,routine_entry,shorter+unresolved
Deallocate_Bldg_Cache_,652718,routine_entry,shorter+unresolved
Bldg_In_Cache_,652790,routine_entry,matches
Oldest_Slot_In_Bldg_Cache_,652878,routine_entry,matches
Touch_Slot_,652922,routine_entry,matches
Touch_Bldg_,652946,routine_entry,matches
Cache_Load_Bldg_,653020,routine_entry,shorter
Allocate_Help_Buffer_,653135,routine_entry,shorter+unresolved
Colbldg_Create_Ship_,653167,routine_entry,shorter+unresolved
Create_Ship_,653236,routine_entry,matches+unresolved
Colbldg_Scrap_Ship_,653803,routine_entry,matches
Delete_Ship_,653804,routine_entry,matches
Ship_N_Anim_,653832,routine_entry,shorter
Is_In_Queue_,653878,routine_entry,matches+unresolved
Print_Setting_Description_,653916,routine_entry,matches
Get_Setting_Description_String_,654009,routine_entry,matches+unresolved
Print_App_Description_,654093,routine_entry,matches
Clear_Last_App_Description_String_,654273,routine_entry,shorter+unresolved
Get_App_Description_String_,654283,routine_entry,shorter
Option_String_,654445,routine_entry,matches+unresolved
Trace_Tech_Apps_,654658,routine_entry,matches
N_Prods_In_Queue_,654825,routine_entry,shorter+unresolved
N_Prods_In_Colony_Queue_,654860,routine_entry,matches
N_Prods_In_Colony_Ptr_Queue_,654920,routine_entry,shorter+unresolved
Star_N_Uncolonized_Worlds_,654958,routine_entry,matches
qsort_building_by_name_,655072,routine_entry,matches
Calculate_Building_Array_,655100,routine_entry,shorter+unresolved
Build_Arrays_,655257,routine_entry,matches
Calculate_Military_Array_,655262,routine_entry,shorter+unresolved
Calc_Font_Off_,656237,routine_entry,shorter+unresolved
Get_Font_Off_For_Buildings_,656279,routine_entry,matches+unresolved
Get_Font_Off_For_Military_,656537,routine_entry,matches+unresolved
Draw_Buildings_List_,656637,routine_entry,shorter+unresolved
Draw_Militarys_List_,656995,routine_entry,shorter+unresolved
Add_Buildings_Fields_,657610,routine_entry,matches+unresolved
Add_Militarys_Fields_,657740,routine_entry,matches+unresolved
Something_Behind_Settting_,657870,routine_entry,shorter+unresolved
Load_Build_Anims_,657956,routine_entry,matches
Draw_Building_Centered_In_Window_,658076,routine_entry,matches
Draw_Building_Info_,658147,routine_entry,matches
Build_Weapon_String_,658350,routine_entry,matches
Build_Ship_Design_Info_Formatted_Paragraph_,658678,routine_entry,shorter+unresolved
Draw_Ship_Design_Info2_,660042,routine_entry,matches
Draw_Ship_Design_Info_,660140,routine_entry,matches
Draw_Ship_Info_,660384,routine_entry,matches
Draw_Active_Prod_,660568,routine_entry,shorter+unresolved
Get_First_Empty_Queue_Slot_,661197,routine_entry,matches+unresolved
Auto_Design_Type_,661232,routine_entry,matches
Add_To_Queue_,661269,routine_entry,matches+unresolved
First_Prod_Colony_Queue_Slot_,662621,routine_entry,matches+unresolved
First_Prod_Queue_Slot_,662871,routine_entry,matches+unresolved
Delete_From_Colony_Queue_,663065,routine_entry,shorter+unresolved
Delete_From_Queue_,663159,routine_entry,shorter+unresolved
Delete_Prod_From_Colony_Queue_,663663,routine_entry,matches
Clear_Colony_Queue_,663713,routine_entry,matches
Defragment_Queue_,663741,routine_entry,shorter+unresolved
Squish_Out_Queue_Slot_,663888,routine_entry,shorter+unresolved
Add_Refited_Ship_To_Queue_,663952,routine_entry,matches+unresolved
Insert_Before_Queue_Slot_,664333,routine_entry,shorter+unresolved
Remove_Ships_,664570,routine_entry,shorter+unresolved
Do_Exit_Screen_Cleanup_,664833,routine_entry,shorter+unresolved
Selection_Name_,667642,routine_entry,matches+unresolved
Draw_Build_Queue_,667759,routine_entry,shorter+unresolved
Add_Build_Queue_Fields_,668250,routine_entry,shorter+unresolved
Draw_Centered_In_Window_,668340,routine_entry,matches
Print_Centered_In_Window_,668362,routine_entry,shorter
Draw_Current_Selection_,668456,routine_entry,matches
Draw_Cost_And_Time_Info_,670550,routine_entry,shorter+unresolved
Draw_Build_Queue_Popup_,670967,routine_entry,shorter+unresolved
Build_Queue_Popup_,671809,routine_entry,shorter+unresolved
Load_Bombing_Anims_,672602,routine_entry,shorter
Squeze_Out_Bomb_,672643,routine_entry,matches
Add_Bomb_To_End_Of_Queue_,672678,routine_entry,matches
Queue_Is_Empty_,672991,routine_entry,shorter+unresolved
Replace_With_New_Bomb_,673003,routine_entry,shorter
Decrement_Bomb_Counters_,673059,routine_entry,shorter+unresolved
Allocate_Hit_,673236,routine_entry,matches
Do_Bomb_,673286,routine_entry,matches
Do_Bombs_,673487,routine_entry,shorter+unresolved
Add_Building_To_Queue_,673587,routine_entry,shorter+unresolved
Draw_Colony_Bombing_Screen_,673792,routine_entry,shorter+unresolved
Blow_Up_All_Bldgs_,674027,routine_entry,matches+unresolved
Do_Summary_String_Popup_,674123,routine_entry,shorter
Colony_Bombing_Screen_,675074,routine_entry,shorter
Draw_Cluster_Update_Function_,675329,routine_entry,shorter+unresolved
Calculate_Squish_Step_,675428,routine_entry,shorter+unresolved
Do_Colony_Info_Pop_Stuff_For_Pop_,675574,routine_entry,matches+unresolved
Draw_Info_Morale_,676790,routine_entry,matches
Draw_Info_Wee_Morale_,676808,routine_entry,matches
Draw_Info_Morale_Both_,676812,routine_entry,shorter+unresolved
Draw_Colony_Prod_,677283,routine_entry,matches
Draw_Colony_Wee_Prod_,677319,routine_entry,matches
Draw_Colony_Prod_Both_,677327,routine_entry,shorter+unresolved
Draw_Colony_PC_Bar_,679634,routine_entry,matches
Load_Road_List_Anims_,679870,routine_entry,shorter+unresolved
Build_Road_List_Based_On_Bldg_List_,680089,routine_entry,matches+unresolved
Road_Back_To_Front_,680487,routine_entry,matches
Load_Veggie_Anims_,680532,routine_entry,matches
Draw_Road_List_,680533,routine_entry,shorter+unresolved
Link_Buildings_,680659,routine_entry,matches
Draw_Simplest_Path_,680779,routine_entry,matches
Find_Simplest_Path_Node_,680786,routine_entry,shorter+unresolved
Veggie_Anims_,681432,routine_entry,matches
Pick_Random_Veggie_Anim_For_Colony_CR_,681459,routine_entry,matches
Pick_Random_Veggie_Anim_Entry_For_Colony_CR_,681543,routine_entry,shorter
Veggie_Type_For_Colony_,681680,routine_entry,matches
N_Roads_Around_CR_,681956,routine_entry,shorter+unresolved
Pick_Random_Road_At_CR_,682059,routine_entry,matches
Pick_Random_Road_Around_CR_,682072,routine_entry,matches
Pick_Random_Road_At_And_Around_CR_,682080,routine_entry,matches+unresolved
Clear_Veggie_Draw_Flags_,682290,routine_entry,shorter+unresolved
Build_Veggie_List_Based_On_Bldg_List_,682359,routine_entry,shorter+unresolved
Draw_Veggie_CR_,682901,routine_entry,shorter+unresolved
Load_Combat_Anims_,683345,routine_entry,shorter+unresolved
Add_Kill_Anim_To_Queue_,684421,routine_entry,matches
Add_Hit_Anim_To_Queue_,684448,routine_entry,matches
Draw_Summary_,684473,routine_entry,shorter+unresolved
Draw_Colony_Combat_Screen_,684681,routine_entry,shorter+unresolved
Colony_Combat_Screen_,685201,routine_entry,shorter+unresolved
N_Slots_Left_,685853,routine_entry,shorter+unresolved
Top_Line_Y_,685901,routine_entry,matches
Top_Line_X_,685933,routine_entry,matches
Set_Up_Troops_,685958,routine_entry,matches
Calc_Top_Line_,685990,routine_entry,matches+unresolved
Spatter_Down_Starting_Troops_,686117,routine_entry,shorter+unresolved
Find_Unshot_Target_,686270,routine_entry,matches
Find_Lowest_Framed_Unit_,686344,routine_entry,shorter+unresolved
Verify_Legal_Totals_,686480,routine_entry,matches
Force_Firing_Pairs_,686610,routine_entry,matches
Draw_Troops_,686796,routine_entry,matches
N_Left_Of_Me_To_Process_,686876,routine_entry,matches
N_Left_Active_To_Process_,686935,routine_entry,matches
Resort_Units_,686994,routine_entry,matches
Get_Firepoint_Offsets_,687245,routine_entry,matches+unresolved
Get_Target_Offsets_,687432,routine_entry,matches+unresolved
Pick_Target_,687650,routine_entry,matches+unresolved
Do_Unit_Turn_,687748,routine_entry,shorter+unresolved
Action_Anim_,688631,routine_entry,shorter
Pick_Next_Action_,688780,routine_entry,matches
Move_Is_Legal_,689133,routine_entry,shorter
Do_Legal_Move_Check_,689525,routine_entry,matches
Do_Delta_Y_,689695,routine_entry,matches+unresolved
Reinforce_Units_,689844,routine_entry,matches
Get_First_Unit_,689910,routine_entry,matches+unresolved
N_Troop_Type_,689970,routine_entry,shorter+unresolved
Get_Next_Troop_Type_,690045,routine_entry,matches
Add_Unit_,690125,routine_entry,matches
Add_Initial_Unit_,690354,routine_entry,shorter
Draw_Summary_Box_ATK_,691143,routine_entry,matches
Draw_Summary_Boxes_,691334,routine_entry,matches
Draw_Summary_Box_DEF_,691339,routine_entry,shorter
Replace_Colgcbt_Color_With_Player_Colors_,691963,routine_entry,matches
Draw_Unit_Beam_,692063,routine_entry,matches
Draw_CGCBT_Beam_,692410,routine_entry,matches
Get_CGCBT_Beam_Len_,692900,routine_entry,matches
Play_Unit_Beam_Sound_,692984,routine_entry,matches
Set_Ground_Combat_Screen_Help_List_,693097,routine_entry,shorter
Load_Landing_Anims_,693160,routine_entry,shorter
Draw_Colony_Landing_Screen_,693201,routine_entry,matches
Print_Planet_Data_,693566,routine_entry,matches+unresolved
Colony_Landing_Screen_,694274,routine_entry,shorter+unresolved
Clear_Cluster_,694924,routine_entry,shorter+unresolved
Get_First_Unemployed_,694999,routine_entry,matches
Get_Num_Unemployed_,695055,routine_entry,matches
Draw_Cluster_,695113,routine_entry,matches
Get_Cluster_,695357,routine_entry,matches
Pops_Identical_,695523,routine_entry,matches
Colony_Pop_String_,695714,routine_entry,matches
Send_Cluster_,695956,routine_entry,matches+unresolved
Give_Colonist_New_Job_,697818,routine_entry,shorter+unresolved
N_Colonies_And_Outposts_At_Star_For_Player_,698446,routine_entry,matches
N_Colonies_And_Outposts_At_Star_,698559,routine_entry,matches
Draw_Pop_Dark_,698635,routine_entry,matches
N_Bldgs_,698733,routine_entry,shorter+unresolved
Defragment_Colony_Queue_,698789,routine_entry,matches
Squish_Out_Colony_Queue_Slot_,698860,routine_entry,shorter+unresolved
Fix_Colony_Queue_,698939,routine_entry,shorter+unresolved
Clean_Up_Colony_Queue_,698987,routine_entry,shorter+unresolved
Remap_Draw_Ship_Centered_,699077,routine_entry,matches
Remap_Draw_Ship_Seg_N_Centered_,699300,routine_entry,matches
Remap_Draw_Ship_D_Centered_,699468,routine_entry,shorter+unresolved
Make_Satellite_Bitm_,699521,routine_entry,matches
Print_Sys_Disp_Scanned_String_,699808,routine_entry,matches
Get_Effective_Pop_Player_,699852,routine_entry,matches
Pop_Race_String_,699930,routine_entry,matches
Reset_Field_Arrays_,700040,routine_entry,shorter+unresolved
Set_Colony_Font_,700158,routine_entry,matches
Set_Colony_Font_To_Player_,700220,routine_entry,matches
Set_Colony_Font_To_Blue_,700292,routine_entry,matches
Set_Colony_Font_To_Reg_Blue_,700361,routine_entry,matches
Set_Colony_Font_To_Red_,700434,routine_entry,matches
Set_Colony_Font_To_,700494,routine_entry,matches
Colonize_Planet_,700546,routine_entry,matches
Init_Colonies_,700611,routine_entry,shorter
Job_String_,700656,routine_entry,matches
Conquered_String_,700705,routine_entry,matches
Conquered_String_Abbreviated_,700729,routine_entry,matches
Pop_State_String_,700743,routine_entry,matches
Set_Colony_Globals_,700778,routine_entry,matches
Col_Calc_Wrapper_,700838,routine_entry,matches
Clear_Move_Military_,700922,routine_entry,shorter+unresolved
Pick_Up_Colonists_,700959,routine_entry,matches
Drop_Military_,701003,routine_entry,shorter+unresolved
Reset_Field_Mode_,701131,routine_entry,matches+unresolved
Load_People_,701270,routine_entry,matches
Load_Global_Bitms_,701271,routine_entry,matches
Spy_Anim_,701314,routine_entry,matches
Turn_To_Rubble_CR_Bldg_,701343,routine_entry,matches+unresolved
CR_Building_Name_,701403,routine_entry,matches
Real_Building_Name_,701453,routine_entry,matches
Satellite_Name_,701453,routine_entry,matches
Draw_Building_,701464,routine_entry,matches
Draw_Bldg_CR_,701545,routine_entry,matches
Draw_All_Buildings_,701586,routine_entry,matches
Colony_Pop_Anim_,701609,routine_entry,matches
Race_Conquered_Anim_,701758,routine_entry,matches
People_Anim_,701773,routine_entry,matches
Military_Anims_,701883,routine_entry,matches
Military_Anim_,701915,routine_entry,matches+unresolved
Troop_Anim_,702064,routine_entry,shorter
Player_Troop_Name_,702101,routine_entry,shorter
Player_Troop_Anim_,702243,routine_entry,matches
Load_Bldg_Bitm_,702395,routine_entry,shorter+unresolved
Load_Ship_Bitm_,702427,routine_entry,shorter+unresolved
Load_Button_Anims_,702498,routine_entry,matches
Load_Officer_Anim_,702685,routine_entry,matches
Load_PC_Bar_Anim_,702743,routine_entry,matches
Load_Road_Anim_,702744,routine_entry,matches
Load_Galaxy_Map_Anims_,702749,routine_entry,matches
Load_Colony_Screen_Seg_,702804,routine_entry,shorter+unresolved
Load_Local_Colony_Anims_,702973,routine_entry,shorter
Load_Planet_Screen_,702973,routine_entry,shorter
C_Anims_,703118,routine_entry,matches
Load_Colony_Info_Anims_,703369,routine_entry,matches
Load_Colony_Popups_,703369,routine_entry,matches
Load_Satellite_Anims_,703369,routine_entry,matches
Govt_Anim_,703370,routine_entry,matches
Govt_Anims_,703370,routine_entry,matches
Satellite_Anims_,703391,routine_entry,matches
Satellite_Bldg_N_TO_Satellite_Animation_Index_,703418,routine_entry,matches
Load_Colony_Anims_,703510,routine_entry,matches
Prod_Anims_,703558,routine_entry,matches
Import_Anims_,703599,routine_entry,matches
Short_Anims_,703627,routine_entry,matches
Clear_Satellite_Array_,703708,routine_entry,matches
Clear_Bldgs_Array_,703733,routine_entry,matches
Bldg_Array_Empty_,703749,routine_entry,matches
Get_Bldg_CR_,703799,routine_entry,matches
Sort_Bldg_Array_Columns_,703945,routine_entry,matches
N_Houses_In_Bldg_Array_,704350,routine_entry,matches
Find_Replacement_Slot_For_Building_,704430,routine_entry,shorter
Insert_Bldg_Into_Array_,704606,routine_entry,matches+unresolved
Sat_Should_Be_Replaced_,705051,routine_entry,matches+unresolved
Remove_Satellite_From_Array_,705151,routine_entry,matches+unresolved
Insert_Satellite_Into_Array_,705262,routine_entry,matches+unresolved
Make_Bldg_Array_For_Colony_,705291,routine_entry,shorter+unresolved
CR_To_XY_,706008,routine_entry,shorter+unresolved
Get_Bldg_Box_,706034,routine_entry,matches
Box_To_XY_Pair_,706213,routine_entry,matches
XY_In_Bldg_Poly_,706408,routine_entry,matches
Box_All_Slots_,706531,routine_entry,matches
Box_Bldg_Slot_,706577,routine_entry,matches
Bldg_Coords_To_Centered_Screen_Coord_,706662,routine_entry,matches
Bldg_Coords_To_Screen_Coord_,706707,routine_entry,shorter+unresolved
Bldg_Coords_To_Effective_Frame_,706726,routine_entry,shorter
Colony_Type_,706783,routine_entry,matches
Reset_Step_Squish_,706856,routine_entry,shorter+unresolved
Colony_Has_Natives_,706866,routine_entry,matches
Sum_Colonists_,706930,routine_entry,shorter+unresolved
Pop_To_Pop_State_,707279,routine_entry,matches
Draw_Colony_Info_Pop_For_,707335,routine_entry,matches
Add_Job_Field_For_,707403,routine_entry,shorter
Add_Job_Fields_,707645,routine_entry,matches
Add_Move_Colonist_Job_Field_For_,707693,routine_entry,shorter+unresolved
Draw_Colony_Info_Pop_,707952,routine_entry,matches
Draw_Colony_Info_Pop_Scanned_,707979,routine_entry,shorter+unresolved
Draw_Colony_Info_Production_,708190,routine_entry,matches
Draw_Colony_Info_Production_For_,708222,routine_entry,shorter
Do_Colony_Info_Military_Stuff_For_,708258,routine_entry,shorter+unresolved
Draw_Colony_Info_Military_For_,709105,routine_entry,matches
Draw_Colony_Info_Military_,709115,routine_entry,matches
Add_Military_Field_For_,709166,routine_entry,matches
Add_Military_Fields_,709174,routine_entry,matches
Draw_Colony_Info_Officer_,709228,routine_entry,matches
Draw_Colony_Info_Morale_,709569,routine_entry,matches
Draw_Colony_Info_Background_,709603,routine_entry,matches
Draw_Info_Name_And_Pop_,709684,routine_entry,shorter+unresolved
Print_Scanned_Satellite_,710407,routine_entry,matches
Print_Scanned_String_,710439,routine_entry,matches
Print_Scanned_Military_,710544,routine_entry,matches+unresolved
Draw_Colony_Info_Scanned_,710642,routine_entry,matches+unresolved
Draw_Colony_Info_,710720,routine_entry,matches
Actual_Build_Time_,710902,routine_entry,shorter+unresolved
Total_Build_Time_,710983,routine_entry,shorter+unresolved
Draw_Building_With_Bottom_Centered_,711048,routine_entry,matches
Draw_Current_Production_Graph_,711255,routine_entry,shorter+unresolved
Draw_Current_Building2_,711348,routine_entry,matches
Draw_Current_Building_,711522,routine_entry,matches
Draw_Current_Ship_,711545,routine_entry,matches
Calculate_Colony_Turn_Count_From_Scrap_For_Prod_,711609,routine_entry,shorter+unresolved
Calculate_Colony_Turn_Count_With_Accumulation_For_Prod_,711704,routine_entry,shorter+unresolved
Calculate_Current_Production_Turn_Count_,711827,routine_entry,shorter+unresolved
Draw_Turn_Count_,711896,routine_entry,matches
Draw_Current_Production_,711983,routine_entry,shorter+unresolved
Draw_Info_Build_,711983,routine_entry,shorter+unresolved
Add_Satellite_Fields_,712633,routine_entry,shorter+unresolved
Check_Satellite_Fields_,712860,routine_entry,shorter+unresolved
Draw_Satellite_Dark_,713329,routine_entry,matches
Satellite_Anim_,713478,routine_entry,matches
Draw_Colony_Satellites_,713574,routine_entry,matches+unresolved
Add_Bldg_Fields_,713802,routine_entry,matches+unresolved
Scan_Bldg_CR_,713992,routine_entry,matches+unresolved
Check_Bldg_Fields_,714032,routine_entry,shorter+unresolved
Draw_Bldg_CR_Dark_,714902,routine_entry,shorter+unresolved
Draw_Bldg_At_XY_With_Bottom_Centered_No_Glass_,715104,routine_entry,matches
Draw_Colony_Bldg_,715315,routine_entry,matches
Draw_Colony_Bldg_To_Bitm_,715549,routine_entry,matches
Bldg_Back_To_Front_,715694,routine_entry,matches
Draw_Planet_Info_,715739,routine_entry,matches
Draw_Colony_Bldgs_,715740,routine_entry,matches
Draw_Colony_Bldgs_to_Bitm_,715945,routine_entry,matches
Draw_Road_Anim_,716060,routine_entry,matches
Draw_Colony_Screen_,716065,routine_entry,shorter+unresolved
Box_Galaxy_Map_Star_,716621,routine_entry,matches
Colony_Can_Buy_Product_0_,716712,routine_entry,matches+unresolved
Add_Screen_Fields_,716827,routine_entry,shorter+unresolved
Add_Stacking_Fields_,717721,routine_entry,shorter+unresolved
Clear_Sys_Disp_Fields_,718080,routine_entry,shorter+unresolved
Clear_Galaxy_Map_Fields_,718127,routine_entry,shorter+unresolved
Update_Colony_Palette_,718170,routine_entry,matches
Draw_Sys_Disp_Scanned_,718209,routine_entry,matches
Draw_Gal_Map_Last_Star_Scanned_,718292,routine_entry,matches
Draw_Sys_Disp_Last_Scanned_,718357,routine_entry,matches
Check_Job_Fields_,718375,routine_entry,shorter+unresolved
Check_Military_Fields_,718636,routine_entry,shorter+unresolved
Check_System_Display_Fields_,718850,routine_entry,matches+unresolved
Tested_Colony_Buys_Outright_,719883,routine_entry,shorter+unresolved
Evaluate_Screen_Input_,720366,routine_entry,matches+unresolved
Get_Next_Colony_,721404,routine_entry,matches
Set_Colony_Screen_To_New_Colony_,721495,routine_entry,shorter+unresolved
Do_Informational_And_Decision_Popups_,721758,routine_entry,shorter+unresolved
Allocate_Mini_Planet_Cache_,722313,routine_entry,matches
Allocate_Planet_Cache_,722313,routine_entry,matches
Colony_Screen_,722314,routine_entry,shorter+unresolved
Cache_Load_Planet_,723301,routine_entry,matches
Picture_And_Pointer_To_Mouse_,723322,routine_entry,matches
Picture_To_Mouse_,723551,routine_entry,matches
Clear_Mouse_Picture_,723644,routine_entry,matches
Reset_Mouse_Picture_,723700,routine_entry,matches
Create_Shadow_Farmer_,723721,routine_entry,matches
Shadow_Farmer_Bitm_,723841,routine_entry,matches
Do_Cheats_,723847,routine_entry,matches+unresolved
Colony_GI_Fill_,724387,routine_entry,matches
Mini_Planet_Anim_,724412,routine_entry,matches
Draw_Planet_Summary_,724509,routine_entry,matches
Load_Refit_Ship_Anims_,724692,routine_entry,matches
Update_First_Ship_,724798,routine_entry,shorter
Add_Ship_List_Fields_,725513,routine_entry,matches
Build_Ship_List_,725675,routine_entry,matches
Draw_Ship2_,725802,routine_entry,extends
Scan_Ship_Info_,726078,routine_entry,matches
Draw_Ship_List_,726169,routine_entry,matches
Star_Has_Ship_,726236,routine_entry,shorter+unresolved
Draw_Refit_Popup_,726248,routine_entry,shorter
Colony_Refit_Popup_,727163,routine_entry,shorter+unresolved
Load_Refit2_Ship_Anims_,727482,routine_entry,matches
Update2_Fields_,727505,routine_entry,matches
Add2_Fields_,727510,routine_entry,shorter+unresolved
Scan_Ship_D_Info_,727855,routine_entry,matches
Draw_Ship_D_List_,727912,routine_entry,shorter+unresolved
Draw_Refit2_Popup_,728427,routine_entry,matches
Evaluate2_Input_,728692,routine_entry,shorter+unresolved
Colony_Refit2_Popup_,729263,routine_entry,shorter+unresolved
Load_Colsum_Strings_,729689,routine_entry,matches
Clear_First_,730250,routine_entry,shorter+unresolved
Load_Col_Sum_Anims_,730314,routine_entry,matches
Restore_Control_,730370,routine_entry,shorter
Update_First_,730757,routine_entry,matches+unresolved
Draw_Empire_Info_,730868,routine_entry,shorter+unresolved
Get_Scanned_Pop_,731540,routine_entry,shorter+unresolved
Get_Selected_Pop_,731802,routine_entry,shorter+unresolved
Add_Fields_Pop_For_,732018,routine_entry,shorter+unresolved
Event_Good_,733449,routine_entry,shorter
cmp_,734429,routine_entry,matches
cmp_Alpha_,734451,routine_entry,matches
Prod_To_Sort_Type_,734549,routine_entry,matches
cmp_Prod_,734740,routine_entry,shorter+unresolved
cmp_Pop_,734965,routine_entry,matches
cmp_Food_,735031,routine_entry,shorter+unresolved
cmp_Industry_,735101,routine_entry,shorter+unresolved
cmp_Science_,735171,routine_entry,shorter+unresolved
cmp_BC_,735241,routine_entry,shorter+unresolved
Switched_cmp_,735339,routine_entry,shorter
Sort_Col_List_,735559,routine_entry,matches
Update_Col_List_,735638,routine_entry,shorter+unresolved
Colsum_Connect_Galaxy_Map_Stars_,735751,routine_entry,matches
Colsum_Box_Galaxy_Map_Star_,735898,routine_entry,matches
Draw_Gal_Map_,736015,routine_entry,matches
Draw_Colony_Scan_Info_,736060,routine_entry,shorter+unresolved
Draw_Scan_Info_,736507,routine_entry,matches
Draw_Colony_Summary_Screen_,736564,routine_entry,shorter+unresolved
Evaluate_Col_List_Input_,737072,routine_entry,matches+unresolved
Evaluate_Colony_Pop_Input_,737641,routine_entry,matches+unresolved
Increment_First_,737972,routine_entry,matches
Decrement_First_,738050,routine_entry,matches
Evaluate_Input_,738115,routine_entry,matches+unresolved
Colony_Summary_Screen_,738658,routine_entry,matches+unresolved
Check_Galaxy_Map_Fields_,739265,routine_entry,matches+unresolved
Pick_Best_Planet_To_Goto_At_Star_,739567,routine_entry,matches
Planet_Anims_,739754,routine_entry,matches
Load_Col_Sys_Disp_,739784,routine_entry,matches
Draw_Col_Sys_Disp_,739785,routine_entry,matches
Planet_Summary_String_,740248,routine_entry,matches
Add_Col_Sys_Disp_Fields_,741073,routine_entry,matches+unresolved
Draw_Col_Sys_Disp_Last_Scanned_,741387,routine_entry,shorter+unresolved
Load_Xport_Anims_,742134,routine_entry,shorter
Clear_List_Col_Array_,742320,routine_entry,shorter+unresolved
Draw_Info_Pop_For_,742345,routine_entry,matches
Draw_Colony_Summary_For_Colony_,742438,routine_entry,shorter+unresolved
Cheezy_Col_Count_Hack_,742623,routine_entry,matches+unresolved
N_Colonies_And_Outposts_,742674,routine_entry,matches+unresolved
N_Colonies_,742752,routine_entry,shorter+unresolved
Draw_Bar_Indicator_,743099,routine_entry,matches
Draw_Xport_Popup_,743424,routine_entry,shorter+unresolved
Build_Global_Colony_List_,743633,routine_entry,matches
Xport_Popup_,743732,routine_entry,shorter+unresolved
Sint_Is_In_List_,744068,routine_entry,matches
Get_Sint_Index_From_List_,744103,routine_entry,matches
String_Builder2_,744136,routine_entry,matches
Max_,744273,routine_entry,matches
Min_,744280,routine_entry,matches
Help_,744287,routine_entry,matches
Set_Refresh_Mode_,744292,routine_entry,matches
Set_Fade_Speed_Percent_,744325,routine_entry,matches
Get_Fade_Speed_Percent_,744331,routine_entry,shorter+unresolved
Set_Fade_Percent_,744340,routine_entry,matches
Get_Fade_Percent_,744368,routine_entry,shorter+unresolved
Fast_Fade_Out_,744377,routine_entry,matches+unresolved
Fast_Fade_In_,744516,routine_entry,matches+unresolved
Force_Fade_To_Colony_Palette_,744575,routine_entry,matches
Fast_Fade_Out_Needed_For_Colony_Palette_,744581,routine_entry,matches
Draw_Centered_,744703,routine_entry,matches
Remap_Draw_Centered_,744746,routine_entry,matches
Draw_Bottom_Centered_,744789,routine_entry,matches
Draw_Bottom_Centered_No_Glass_,744821,routine_entry,matches
Global_Cycler_,744855,routine_entry,matches
Print_Clicks_,744885,routine_entry,matches
Pulsing_Box_,744935,routine_entry,matches
Pulsing_Rect_,745005,routine_entry,matches
Eric_Defaults_,745119,routine_entry,matches
Pulsing_Rect_to_Bitmap_,745120,routine_entry,matches
Print_Paragraph_Centered_Vertically_,745171,routine_entry,matches
Print_Paragraph_Centered_,745236,routine_entry,matches
Eric_Init_,745298,routine_entry,matches
Pick_Random_Colony_,745308,routine_entry,matches
Player_Capitol_World_,745392,routine_entry,matches
Pick_Random_Player_,745463,routine_entry,matches
Red_If_Negative_Fmt_String_,745533,routine_entry,matches
Player_Has_Leader_With_General_Skill_At_Star_,745554,routine_entry,matches
Player_Has_Ship_Size_Or_Larger_At_Star_,745705,routine_entry,matches
Player_Can_Mind_Control_Colony_With_Help_,745787,routine_entry,shorter+unresolved
Player_Can_Mind_Control_Colony_,746026,routine_entry,shorter+unresolved
Cinematic_Autofunction_,746259,routine_entry,shorter+unresolved
Do_Cinematic_Popup_Setup_,746427,routine_entry,shorter+unresolved
Do_Cinematic_Popup_Cleanup_,746584,routine_entry,shorter+unresolved
Play_Amoeba_Flic_,746667,routine_entry,shorter+unresolved
Play_Planetary_Destruction_Flic_,746771,routine_entry,shorter+unresolved
Play_Dimensional_Portal_Flic_,746875,routine_entry,shorter+unresolved
Play_Antarans_Attack_Flic_,746979,routine_entry,shorter+unresolved
Play_Take_Orion_Flic_,747088,routine_entry,shorter+unresolved
Play_Diplomatic_Win_Flic_,747197,routine_entry,matches
Play_Normal_Win_Flic_,747291,routine_entry,matches
Play_All_Flics_,747325,routine_entry,matches
Play_Antaran_Win_Flic_,747325,routine_entry,matches
Play_Loose_Flic_,747362,routine_entry,matches
Draw_Fake_Buttons_,747394,routine_entry,shorter+unresolved
Add_Fake_Button_To_List_,747534,routine_entry,matches
Clear_Fake_Buttons_,747582,routine_entry,matches
Add_Fake_Button_Field_,747611,routine_entry,matches
Draw_Click_Thru_Fields_,747716,routine_entry,shorter+unresolved
Add_Click_Thru_Field_To_List_,747958,routine_entry,matches
Clear_Click_Thru_Fields_,748070,routine_entry,matches
Add_Click_Thru_Field_,748099,routine_entry,matches
Evaluate_Click_Thru_Fields_,748196,routine_entry,shorter+unresolved
Load_FP_Data_From_LBX_,748281,routine_entry,matches
N_Fire_Points_,748395,routine_entry,matches
Calc_FP_Offsets_,748496,routine_entry,matches
Allocate_Flic_Queue_And_Pointers_,748708,routine_entry,shorter+unresolved
Deallocate_Flic_Queue_And_Pointers_,748708,routine_entry,shorter+unresolved
Add_Flic_To_End_Of_Queue_,748718,routine_entry,shorter+unresolved
Draw_Flic_Queue_,748791,routine_entry,matches
Draw_Queue_Entry_,748816,routine_entry,matches+unresolved
Squeze_Out_Queue_Entry_,749051,routine_entry,shorter
Eric_Push_Fields_,749182,routine_entry,matches
Eric_Pop_Fields_,749210,routine_entry,shorter+unresolved
Player_Has_Colony_Or_Outpost_At_Star_,749247,routine_entry,matches
Clear_Event_Slots_,749350,routine_entry,shorter+unresolved
Clear_System_Special_Slots_,749350,routine_entry,shorter+unresolved
Clear_New_Officer_Slots_,749381,routine_entry,shorter+unresolved
System_Special_Anim_,749393,routine_entry,matches
System_Special_Desc_,749496,routine_entry,matches
Draw_System_Special_Popup_,749555,routine_entry,matches
Do_Popup_Setup_,749614,routine_entry,shorter+unresolved
Do_Popup_Cleanup_,750211,routine_entry,shorter+unresolved
Draw_Special_Info_Popup_,750360,routine_entry,shorter
Update_Random_New_Officer_Fields_,750895,routine_entry,matches
Add_Random_New_Officer_Fields_,750922,routine_entry,shorter+unresolved
Leader_Technology_String_,751118,routine_entry,matches+unresolved
Draw_Random_New_Officer_Popup_,751354,routine_entry,matches+unresolved
Load_New_Officer_Popup_,751973,routine_entry,matches
Load_New_Officer_Popup_For_Officer_Screen_,752112,routine_entry,matches
Set_Globals_To_Center_Popup_,752260,routine_entry,matches
Hire_Officer_Popup_,752312,routine_entry,matches
Random_New_Officer_Popup_,752346,routine_entry,shorter+unresolved
Marooned_Officer_Joins_Popup_,753412,routine_entry,shorter+unresolved
Marooned_Officer_Fails_Popup_,753440,routine_entry,shorter+unresolved
Add_Officer_Gains_Level_Fields_,753455,routine_entry,matches
Update_Officer_Gains_Level_Fields_,753463,routine_entry,matches
Mainpups_Tested_Execute_Autofunction_,753540,routine_entry,shorter+unresolved
Draw_Officer_Gains_Level_Popup_,753696,routine_entry,shorter+unresolved
Load_Officer_Gains_Level_Popup_,754117,routine_entry,matches
Officer_Gains_Level_Popup_,754185,routine_entry,shorter+unresolved
Load_System_Discovery_Popup_,754446,routine_entry,matches
Update_Discovery_Fields_,754510,routine_entry,matches
Add_Discovery_Fields_,754542,routine_entry,matches
Draw_Discovery_Popup_,754629,routine_entry,shorter+unresolved
Check_System_Display_Fields_Discovery_,754952,routine_entry,matches
Evaluate_Discovery_Input_,754952,routine_entry,matches
New_System_Discovery_Popup_,755030,routine_entry,shorter+unresolved
Load_Colony_Selection_Popup_,755569,routine_entry,matches
Update_Selection_Fields_,755607,routine_entry,matches
Add_Selection_Fields_,755649,routine_entry,shorter
Draw_Selection_Popup_,755678,routine_entry,matches+unresolved
Check_System_Display_Fields_Selection_,756097,routine_entry,matches+unresolved
Evaluate_Selection_Input_,756704,routine_entry,shorter+unresolved
Artificial_Planet_Selection_Popup_,757027,routine_entry,matches
Drop_Troops_Selection_Popup_,757052,routine_entry,matches
New_Outpost_Selection_Popup_,757065,routine_entry,matches
Set_G_Special_Value_,757078,routine_entry,matches
New_Colony_Selection_Popup_,757176,routine_entry,shorter+unresolved
Load_Colony_Attack_Selection_Popup_,757532,routine_entry,matches
Update_Attack_Selection_Fields_,757611,routine_entry,matches
Add_Attack_Selection_Fields_,757658,routine_entry,matches
Draw_Attack_Selection_Popup_,757703,routine_entry,matches+unresolved
Check_System_Display_Fields_Attack_Selection_,757848,routine_entry,matches+unresolved
Evaluate_Attack_Selection_Input_,758168,routine_entry,matches
Attack_Colony_Selection_Popup_,758200,routine_entry,shorter+unresolved
Load_Colony_Defense_Selection_Popup_,758464,routine_entry,matches
Update_Defense_Selection_Fields_,758531,routine_entry,matches
Add_Defense_Selection_Fields_,758581,routine_entry,matches
Draw_Defense_Selection_Popup_,758594,routine_entry,matches+unresolved
Check_System_Display_Fields_Defense_Selection_,758709,routine_entry,shorter+unresolved
Evaluate_Defense_Selection_Input_,759382,routine_entry,matches
Defense_Colony_Selection_Popup_,759414,routine_entry,shorter+unresolved
Player_Attacked_Popup_,759771,routine_entry,matches
Load_SLIDER_Popup_,760283,routine_entry,matches
Update_Slider_Fields_,760428,routine_entry,matches
Add_Slider_Fields_,760484,routine_entry,matches
Draw_Slider_Popup_,760893,routine_entry,matches+unresolved
Evaluate_Slider_Input_,761438,routine_entry,matches+unresolved
Slider_Popup_,761520,routine_entry,shorter+unresolved
New_Colony_Confirmation_Box_,761796,routine_entry,matches
Build_Generic_Planet_Or_Colony_Description_String_Formatted_,762221,routine_entry,matches
Get_Colony_Best_Shield_Bldg_,763454,routine_entry,shorter+unresolved
Colony_Selection_Popup_,763558,routine_entry,matches
Update_CCP_Display_Data_Invasion_,763643,routine_entry,matches
Colony_Invasion_Popup_,763791,routine_entry,matches
Update_CCP_Display_Data_Bombing_,763855,routine_entry,matches
Setup_To_Apply_Bomb_Hits_,763930,routine_entry,matches
Apply_Next_Bomb_Hit_,763996,routine_entry,matches
Colony_Bombing_Popup_,764705,routine_entry,matches
Load_Combat_Colony_Picture_To_Screen_Seg_,764799,routine_entry,matches
Load_Colony_Combat_Popup_,764952,routine_entry,matches
Update_Colony_Combat_Fields_,765344,routine_entry,matches
Add_Colony_Combat_Fields_,765384,routine_entry,shorter+unresolved
Draw_Colony_Combat_Popup_,766524,routine_entry,matches+unresolved
Evaluate_Colony_Combat_Input_,768140,routine_entry,matches
Colony_Combat_Popup_,768720,routine_entry,shorter+unresolved
Load_Tax_Rate_Popup_,769723,routine_entry,matches
Update_Tax_Rate_Fields_,769946,routine_entry,matches
Add_Tax_Rate_Fields_,769973,routine_entry,matches
Draw_Tax_Rate_Popup_,770386,routine_entry,matches+unresolved
Evaluate_Tax_Rate_Input_,770456,routine_entry,shorter+unresolved
Tax_Rate_Popup_,770571,routine_entry,shorter+unresolved
Load_Dragon_New_Star_Popup_,770905,routine_entry,matches
Update_Dragon_New_Star_Fields_,771003,routine_entry,matches
Add_Dragon_New_Star_Fields_,771035,routine_entry,shorter+unresolved
Draw_Dragon_New_Star_Popup_,771217,routine_entry,shorter+unresolved
Evaluate_Dragon_New_Star_Input_,771659,routine_entry,shorter+unresolved
Dragon_New_Star_Popup_,771893,routine_entry,shorter+unresolved
Load_New_Game_Strings_,772124,routine_entry,matches+unresolved
Reload_Newgame_Screen_,772636,routine_entry,matches
Draw_Pictures_,773181,routine_entry,matches
Draw_Newgame_Screen_,773436,routine_entry,shorter
Temps_To_Globals_,775009,routine_entry,shorter+unresolved
Globals_To_Temps_,775100,routine_entry,shorter+unresolved
Newgame_Screen_,775221,routine_entry,shorter+unresolved
Load_Oc_Pol_Anims_,776421,routine_entry,matches
Occupation_Policy_Popup_,776553,routine_entry,shorter+unresolved
Eric_Set_Help_List_,776941,routine_entry,matches
Set_Colony_Screen_Help_List_,776961,routine_entry,matches
Set_Colony_Summary_Screen_Help_List_,776984,routine_entry,matches
Set_Refit_Ship_Popup_Help_List_,777002,routine_entry,matches
Set_Building_Queue_Screen_Help_List_,777020,routine_entry,matches
Set_Transport_Popup_Help_List_,777038,routine_entry,matches
Set_Occupation_Policy_Popup_Help_List_,777056,routine_entry,matches
Set_New_Game_Screen_Help_List_,777074,routine_entry,matches+unresolved
Set_New_System_Discovery_Popup_Help_List_,777155,routine_entry,matches
Set_Player_Attacked_Popup_Help_List_,777156,routine_entry,matches
Set_New_Colony_Confirmation_Box_Help_List_,777177,routine_entry,matches
Set_Tax_Rate_Popup_Help_List_,777198,routine_entry,matches
Set_Dragon_New_Star_Popup_Help_List_,777219,routine_entry,matches
Set_Planet_Selection_Popup_Help_List_,777240,routine_entry,matches
Set_Officer_Information_Popup_Help_List_,777261,routine_entry,matches
Set_Combat_Colony_Selection_Popup_Help_List_,777282,routine_entry,matches
Get_First_,777303,routine_entry,matches
Update_First_Based_On_Grid_,777332,routine_entry,matches
Draw_Scroll_Bar_Indicator_In_Base_Colony_Palette_,777391,routine_entry,matches
Inc_Grid_Var_For_Scroll_Field_,777719,routine_entry,matches
Dec_Grid_Var_For_Scroll_Field_,777771,routine_entry,matches
Add_E_Scroll_Bar_Field_,777809,routine_entry,matches
Do_Scroll_Bar_Fields_Check_,777939,routine_entry,matches
E_Strings_,778076,routine_entry,matches
Load_E_Strings_,778085,routine_entry,matches
Load_H_And_Pro_File_Strings_,778469,routine_entry,matches
Print_Data_,781465,routine_entry,matches
Print_Best_Summary_,781590,routine_entry,matches
Print_Race_Summary_,781723,routine_entry,matches
Print_Troop_Totals_,781904,routine_entry,matches
Load_Troop_Anims_,782502,routine_entry,matches
Update_Fields_,782503,routine_entry,matches
Add_Fields_,782508,routine_entry,matches
Draw_Troop_Popup_,782553,routine_entry,matches
Troop_Popup_,782816,routine_entry,matches
AI_Invasion_Will_Succeed_,782958,routine_entry,matches
AI_Player_Invades_,783180,routine_entry,shorter
Product_Name_,783256,routine_entry,matches
Compute_Colony_Ship_Need_,783272,routine_entry,matches
Compute_Freighter_Need_,783293,routine_entry,shorter+unresolved
Compute_Needs_,783373,routine_entry,shorter+unresolved
Mean_Ship_Strength_,785125,routine_entry,matches
Compute_Empire_Building_Needs_,785590,routine_entry,matches
Find_Buildable_Buildings_,786091,routine_entry,matches
Industry_Worth_,786140,routine_entry,matches
Colony_Is_Conquered_,786178,routine_entry,shorter
Colony_Building_Score_,786486,routine_entry,matches
Assign_Colony_New_Building_,789256,routine_entry,shorter+unresolved
colony_less_industry_cmp_,789631,routine_entry,matches
Force_Produce_,789746,routine_entry,matches
Empire_Buy_Outright_,789807,routine_entry,matches+unresolved
Player_War_Level_,790534,routine_entry,matches
Refit_Cost_,790667,routine_entry,shorter
Assign_Empire_Building_,790766,routine_entry,matches+unresolved
Assign_Colony_Building_,796500,routine_entry,matches
Player_Colony_Autobuild_,796547,routine_entry,matches
Uncolonized_Planet_Worth_To_Player_,796583,routine_entry,matches+unresolved
Colony_Dominant_Player_,797192,routine_entry,matches
Star_In_Range_Of_Given_Star_,797353,routine_entry,matches
Proximity_Worth_To_Player_,797418,routine_entry,shorter
Colony_Worth_To_Player_,797870,routine_entry,matches+unresolved
Compute_Base_Planet_Values_,798766,routine_entry,matches
Compute_Contextual_Planet_Values_,799013,routine_entry,matches
sort_ships_,799512,routine_entry,matches
Refit_Desirability_,799697,routine_entry,matches
airefit_cmp_,800111,routine_entry,matches
Player_N_Turns_From_Star_To_Star_With_Intermediate_,800118,routine_entry,matches
Ship_N_Turns_To_Star_With_Intermediate_,800831,routine_entry,matches
Find_Players_In_Range_,801384,routine_entry,matches
Compute_Star_Player_Range_Info_,801696,routine_entry,matches
Compute_AI_Data_,802100,routine_entry,shorter+unresolved
Deallocate_AI_Data_,808781,routine_entry,shorter
Sort_Colonies_Blockaded_,808801,routine_entry,matches
Collect_AI_Colonies_,808853,routine_entry,shorter+unresolved
Assign_Buildings_,809115,routine_entry,matches
Clear_Build_Queues_If_New_Tech_,809172,routine_entry,matches+unresolved
Keep_Ship_Designs_Up_To_Date_,810222,routine_entry,matches+unresolved
Freighter_Cheat_,810393,routine_entry,matches+unresolved
Do_Ship_Upgrade_Cheats_,810521,routine_entry,shorter+unresolved
Sort_Pops_Fixed_,810921,routine_entry,matches
Assign_Required_Colonists_,810977,routine_entry,matches+unresolved
FI_Worthiness_,811301,routine_entry,matches
Sort_Pops_FI_,811341,routine_entry,matches
Do_Blockaded_Colony_,811495,routine_entry,matches
Sort_Pops_R_I_,811797,routine_entry,matches
Sort_Pops_FR_I_,811942,routine_entry,matches
Compute_Max_Min_R_I_Worthiness_,812170,routine_entry,matches
Do_Unblockaded_Colony_,812332,routine_entry,matches
Grab_Worker_,812619,routine_entry,matches
Grab_Scientist_,812674,routine_entry,matches
Assign_Additional_Research_Industry_,812723,routine_entry,shorter+unresolved
F_IR_Worthiness_,813098,routine_entry,matches
Sort_Pops_F_IR_,813259,routine_entry,matches
Make_First_Unassigned_Into_Farmer_,813568,routine_entry,matches
Assign_Additional_Unblockaded_Farmers_,813780,routine_entry,shorter+unresolved
Industry_Sanity_Check_,814464,routine_entry,matches
Colony_AI_Given_Tax_,814621,routine_entry,shorter+unresolved
Colony_AI_,814804,routine_entry,shorter+unresolved
All_Colony_AI_,814951,routine_entry,matches+unresolved
Assign_Fleet_Officer_,815066,routine_entry,matches
Reassign_Fleet_Officer_,815224,routine_entry,matches
Assign_Star_Officer_,815473,routine_entry,shorter+unresolved
Assign_Unassigned_Leaders_,816084,routine_entry,matches
Do_AI_Leaders_,816185,routine_entry,matches+unresolved
Sort_colonizable_,816738,routine_entry,matches
AI_May_Attack_Player_,816745,routine_entry,matches
Get_Colonizable_Planets_,816824,routine_entry,matches
Delete_Already_Assigned_Planets_,816996,routine_entry,matches+unresolved
Move_Ships_With_Possible_Intermediate_,817443,routine_entry,matches
Get_Best_Unescorted_Colony_Ship_,817992,routine_entry,matches
Get_Enemy_Strength_On_Turn_,818180,routine_entry,matches
Ship_Rough_Strength_At_Star_,818515,routine_entry,matches
Ship_Min_Strength_Versus_Players_At_Star_,818996,routine_entry,matches
Get_Best_Escorted_Colony_Ship_,819191,routine_entry,matches+unresolved
I_Soonest_Enemy_Colony_Ship_,821179,routine_entry,matches
Sort_candidate_stars_,821319,routine_entry,matches
Star_Has_Monster_,821547,routine_entry,matches
Assign_New_Colony_Ship_Destinations_,821615,routine_entry,shorter+unresolved
Best_Uncolonized_Undestined_Planet_,822393,routine_entry,shorter+unresolved
Enemy_Colony_Worth_To_Player_,822545,routine_entry,shorter+unresolved
Player_Is_Hostile_To_Player_,822753,routine_entry,matches
N_Enemy_Stars_Reachable_,822866,routine_entry,matches
Compute_Attack_Worthiness_,822994,routine_entry,matches
Gather_Player_Ships_At_Star_,824312,routine_entry,matches+unresolved
Find_Best_Attack_From_Star_,824499,routine_entry,shorter+unresolved
Launch_Attacks_,825326,routine_entry,matches
Knock_Out_Impossible_Interceptions_,825407,routine_entry,shorter
Gather_Intercepting_Ships_,825816,routine_entry,matches
Interceptions_,825982,routine_entry,shorter+unresolved
Intercept_Invaders_,827269,routine_entry,shorter+unresolved
Move_To_Stage_Points_,828549,routine_entry,shorter+unresolved
Move_Transports_,829852,routine_entry,shorter+unresolved
Move_To_Unexplored_Stars_,831444,routine_entry,matches+unresolved
Launch_Sneak_Attack_,832087,routine_entry,matches+unresolved
Mark_Flee_Stars_,832485,routine_entry,matches+unresolved
Move_AI_,832638,routine_entry,shorter+unresolved
Sort_npc_dests_,833113,routine_entry,matches
NPC_Dest_,833234,routine_entry,matches+unresolved
Move_NPCs_,833752,routine_entry,matches+unresolved
Move_All_AI_,834345,routine_entry,matches+unresolved
Find_Opportunity_Attack_Aux_,834463,routine_entry,shorter+unresolved
Find_Opportunity_Attack_,834652,routine_entry,matches
Player_Threatens_Player_,834760,routine_entry,shorter+unresolved
Number_Of_Attacks_Underway_,835000,routine_entry,matches
Compute_Defensive_Stage_Points_,835204,routine_entry,matches+unresolved
AI_Tech_Select_,836232,routine_entry,shorter+unresolved
Player_Best_Ship_Shield_,836339,routine_entry,matches+unresolved
Player_Best_Armor_,836387,routine_entry,matches+unresolved
Player_Best_Computer_,836431,routine_entry,matches+unresolved
Player_Best_Fuel_,836475,routine_entry,matches+unresolved
Player_Best_Planetary_Shield_,836522,routine_entry,matches
Player_Best_Drive_,836579,routine_entry,matches+unresolved
Player_Best_Rifle_,836630,routine_entry,matches+unresolved
Player_Best_Personal_Shield_,836681,routine_entry,matches+unresolved
Compute_AI_Tech_Info_,836732,routine_entry,matches+unresolved
All_AI_Tech_Select_,838249,routine_entry,shorter+unresolved
Get_Max_Technology_Value_,838382,routine_entry,shorter+unresolved
System_Proximity_Count_,838471,routine_entry,matches
Apply_Evolutionary_Upgrades_,838576,routine_entry,matches
AI_Agrees_To_Trade_Agreement_,838705,routine_entry,matches+unresolved
AI_Agrees_To_Research_Agreement_,838787,routine_entry,matches+unresolved
Handle_Leader_At_Lost_Colony_,838860,routine_entry,matches
Destroy_Colony_,839084,routine_entry,matches
Resolve_Bomb_Hit_,839357,routine_entry,shorter+unresolved
Resolve_Biological_Hit_,839998,routine_entry,shorter+unresolved
Apply_Bomb_Hits_,840434,routine_entry,matches
Receive_Chat_Msg_,840529,routine_entry,matches+unresolved
Send_Chat_Msg_,840632,routine_entry,matches
Send_GNN_Chat_Msg_,840746,routine_entry,matches
_minerals_per_mine,840885,routine_entry,matches
_climate_maintenance_modifiers,840890,routine_entry,matches+unresolved
Load_Colcalc_Strings_,840957,routine_entry,matches
Colony_Officer_,842226,routine_entry,matches
Format_Quotient_,842294,routine_entry,matches
Mixed_Race_Morale_Penalty_,842452,routine_entry,matches
Colony_Morale_,842533,routine_entry,extends
Show_Morale_,843515,routine_entry,matches
Gravity_Player_Production_Factor_,843564,routine_entry,matches+unresolved
Colony_Pop_Prod_Produced_,843731,routine_entry,extends
Colony_Food2_Per_Farmer_,843838,routine_entry,matches+unresolved
Colony_Empire_Base_Food2_Produced_,843974,routine_entry,matches+unresolved
Colony_Pop_Base_Prod_Produced_,844332,routine_entry,extends
Colony_Job_Production_,844416,routine_entry,shorter+unresolved
Colony_Food_Production_,845412,routine_entry,matches+unresolved
Show_Food_Production_,846621,routine_entry,matches
Colony_Food_Maintenance_,846667,routine_entry,shorter+unresolved
Colony_Industry_Per_Worker_,846997,routine_entry,shorter+unresolved
Colony_Empire_Base_Industry_Produced_,847175,routine_entry,matches+unresolved
Colony_Industry_Production_,847387,routine_entry,matches+unresolved
Show_Industry_Production_,849176,routine_entry,matches
Colony_Industry_Maintenance_,849222,routine_entry,shorter+unresolved
Colony_Replicators_,849519,routine_entry,extends+unresolved
Colony_Is_Blockaded_,850113,routine_entry,matches
Pass_Out_Imports_,850160,routine_entry,matches+unresolved
Colony_Research_Per_Scientist_,851398,routine_entry,matches+unresolved
Colony_Empire_Base_Research_Produced_,851575,routine_entry,shorter+unresolved
Colony_Research_Production_,851828,routine_entry,shorter+unresolved
Show_Research_Production_,852931,routine_entry,matches
Colony_BC_Production_,852977,routine_entry,shorter+unresolved
Show_BC_Production_,854216,routine_entry,matches
Colony_Industry_To_Tax_,854262,routine_entry,matches+unresolved
Colony_BC_Maintenance_,854351,routine_entry,shorter+unresolved
Size_Subterranean_Pop_Bonus_,854548,routine_entry,matches
Size_And_Climate_Max_Population_,854552,routine_entry,matches
Player_Effective_Climate_,854601,routine_entry,matches+unresolved
Size_And_Climate_Race_Pop_Limit_,854675,routine_entry,matches+unresolved
Planet_Max_Population_For_Player_,854863,routine_entry,matches+unresolved
Colony_Race_Pop_Limit_,855069,routine_entry,shorter+unresolved
Colony_N_Pops_Of_Empire_,855150,routine_entry,matches
Room_For_Another_Dude_,855195,routine_entry,matches
Ship_Type_Cost_For_Player_,855448,routine_entry,matches
Colony_Product_Cost_,855510,routine_entry,matches+unresolved
Colony_Current_Product_Cost_,855957,routine_entry,matches
Colony_N_Turns_To_Produce_,855972,routine_entry,shorter+unresolved
Colony_Cost_To_Buy_Given_Product_,856066,routine_entry,matches
Colony_Cost_To_Buy_Product_,856197,routine_entry,matches
Colony_Buy_Outright_,856221,routine_entry,matches
Colony_Can_Afford_To_Buy_Product_,856298,routine_entry,matches
Star_Has_Asteroid_Or_Gas_Giant_,856363,routine_entry,matches
Delete_Obsolete_Artifical_Planets_Under_Construction_,856431,routine_entry,matches
Colony_Can_Build_Product_,856508,routine_entry,matches+unresolved
Colony_Pop_Grows_,858169,routine_entry,shorter+unresolved
Colony_Environmental_Stuff_,859373,routine_entry,matches
Pre_Import_Computing_,859481,routine_entry,shorter+unresolved
Colony_Specialty_,859679,routine_entry,shorter+unresolved
Post_Import_Computing_,859763,routine_entry,matches
Colony_Production_Calculation_,859780,routine_entry,matches
Player_Research_Cost_,859798,routine_entry,matches+unresolved
Chance_For_Research_Breakthrough_Aux_,859846,routine_entry,matches
Chance_For_Research_Breakthrough_,859892,routine_entry,matches
Player_N_Turns_Until_Research_Complete_,859940,routine_entry,shorter+unresolved
Leader_At_Anomaly_,860062,routine_entry,matches
Tribute_Received_From_,860103,routine_entry,shorter+unresolved
Compute_Player_Maintenance_,860160,routine_entry,shorter+unresolved
Show_Command_Points_,861764,routine_entry,matches
Compute_Total_Building_Costs_,861809,routine_entry,matches
Player_Owns_Officer_,861920,routine_entry,matches
Update_Player_Stats_,861968,routine_entry,shorter+unresolved
Colony_Calculation_,862832,routine_entry,matches
Star_Colony_Calculation_,862897,routine_entry,matches
All_Colony_Calculations_,863025,routine_entry,matches+unresolved
Do_Colony_Calculations_,863025,routine_entry,matches+unresolved
Do_Player_Colony_Post_Production_,863497,routine_entry,matches
Do_Player_Colony_Calculations_,863602,routine_entry,matches
Apply_Colony_Pop_Growth_,863690,routine_entry,matches+unresolved
Apply_Assimilation_,865366,routine_entry,shorter+unresolved
Produce_Ground_Military_,865814,routine_entry,matches
Housing_Is_Useless_,865975,routine_entry,matches
Apply_Production_,866015,routine_entry,shorter+unresolved
Ghost_Colony_Stuff_,867994,routine_entry,matches
Apply_Colony_Changes_,868206,routine_entry,matches
Apply_All_Colony_Changes_,868316,routine_entry,matches
Advance_Player_Field_,868381,routine_entry,matches+unresolved
Ensure_Uncreative_Field_OK_,868495,routine_entry,matches
Player_May_Get_Tech_App_,868651,routine_entry,shorter+unresolved
Field_Is_Gray_Box_,868827,routine_entry,matches
Player_Gets_Tech_App_,868868,routine_entry,shorter+unresolved
Give_Player_Field_,869392,routine_entry,matches+unresolved
Check_For_Research_Breakthrough_,869600,routine_entry,matches+unresolved
Compute_Player_Total_Known_Tech_Cost_,869685,routine_entry,shorter+unresolved
Eliminate_Player_,869887,routine_entry,matches+unresolved
Do_Surrender_Colony_,870431,routine_entry,matches
Do_Surrender_Star_,870714,routine_entry,matches
May_Surrender_Star_,870921,routine_entry,matches
Surrender_Star_,871091,routine_entry,matches
Do_Surrender_Empire_,871263,routine_entry,matches
May_Surrender_Empire_,871634,routine_entry,shorter+unresolved
Surrender_Empire_,871686,routine_entry,shorter+unresolved
Do_Surrenders_,871881,routine_entry,matches+unresolved
Init_Surrenders_,872020,routine_entry,matches+unresolved
Check_For_Eliminated_Players_,872115,routine_entry,matches
Apply_All_Player_Changes_,872265,routine_entry,matches+unresolved
N_Living_Players_,872490,routine_entry,matches
N_Living_Human_Players_,872542,routine_entry,matches
Compute_Blockades_,872599,routine_entry,matches
Colony_Can_Build_Large_Ships_,873077,routine_entry,matches
Compute_Star_Colony_Stuff_,873110,routine_entry,matches+unresolved
Do_Colony_Owner_Change_Star_Colony_Stuff_,873421,routine_entry,matches
Rebuild_WFI_List_,873479,routine_entry,matches
Compute_All_Star_Colony_Stuff_,873480,routine_entry,matches
Compute_Potential_Colony_Info_,873520,routine_entry,shorter+unresolved
Twiddle_Initial_Homeworld_,873918,routine_entry,matches+unresolved
First_Colony_Of_Player_,874448,routine_entry,matches
Monster_At_Star_,874484,routine_entry,matches
Twiddle_Initial_Homeworlds_,874546,routine_entry,matches+unresolved
Colony_Planetary_Shield_,875239,routine_entry,matches
Get_Player_Max_Population_,875287,routine_entry,matches
Get_System_Population_,875369,routine_entry,matches
Sort_star_weights_,875480,routine_entry,matches
Get_Surrender_System_,875491,routine_entry,matches
Get_Possible_Surrender_Systems_,875732,routine_entry,shorter+unresolved
Player_Name_,876008,routine_entry,matches
Best_Leader_Diplomat_Bonus_,876041,routine_entry,matches
Make_New_Colony_Or_Outpost_,876211,routine_entry,shorter+unresolved
Make_New_Colony_,876657,routine_entry,matches
Make_New_Outpost_,876671,routine_entry,matches
Star_N_Uncolonized_Planets_,876683,routine_entry,matches
Star_N_Colonizable_Planets_For_Player_,876744,routine_entry,matches
Star_N_Outpostable_Planets_For_Player_,876850,routine_entry,matches
Find_Colonize_Players_,876912,routine_entry,matches
Allocate_New_Colony_Slots_,877812,routine_entry,matches+unresolved
AI_Colonize_,878072,routine_entry,matches
All_AI_Colonize_,878582,routine_entry,matches
Load_Combfind_Strings_,878632,routine_entry,matches
Copy_Target_Info_,878851,routine_entry,matches
Send_Star_Player_Presence_,878874,routine_entry,matches
Decode_Star_Player_Presence_,878969,routine_entry,matches
Target_Colony_To_Planet_,879070,routine_entry,matches
Target_Planet_To_Colony_,879095,routine_entry,matches
Get_Combat_Ships_,879116,routine_entry,matches
Update_Player_Needs_To_Attack_,879266,routine_entry,matches
Kill_Noncombat_Ships_,879428,routine_entry,matches
Closest_Other_Colony_Star_,879565,routine_entry,matches
Determine_Retreat_Ships_,879786,routine_entry,matches+unresolved
Process_Retreating_Ships_,880210,routine_entry,matches+unresolved
AI_Can_Retreat_,881411,routine_entry,matches
Russ_Combat_,881475,routine_entry,matches
Expected_Bomb_Hits_,882296,routine_entry,matches
Get_Ship_Strength_Info_,882354,routine_entry,matches
Get_Best_Colony_Target_,882855,routine_entry,matches+unresolved
Human_Confirms_Attack_,883577,routine_entry,matches+unresolved
Get_Local_Human_Target_,883931,routine_entry,shorter+unresolved
Get_AI_Target_,884170,routine_entry,matches+unresolved
Get_NPC_Target_,884777,routine_entry,matches+unresolved
Pick_Attacker_At_Star_,885140,routine_entry,matches
Player_May_Attack_Player_,885297,routine_entry,matches
Collect_Targets_For_Combat_,885428,routine_entry,shorter+unresolved
Some_Star_Player_Is_Busy_,885786,routine_entry,matches
Pick_Star_And_Attacker_,885925,routine_entry,matches+unresolved
Strategic_Results_Popup_,886173,routine_entry,shorter+unresolved
Bomb_Results_Popups_,886263,routine_entry,extends
Has_Stellar_Converter_,886432,routine_entry,matches
N_Enemy_Stars_In_Range_,886503,routine_entry,matches
N_Enemy_Stars_,886585,routine_entry,matches
Player_Owns_Transports_,886646,routine_entry,shorter
Do_Attacker_Beat_Colony_Stuff_,886738,routine_entry,matches+unresolved
Reset_Combat_Ships_At_Current_Star_Has_Player_,889688,routine_entry,matches
Do_1_Combat_,889740,routine_entry,matches+unresolved
Planet_Has_Splinter_Colony_,890985,routine_entry,matches
Find_Planet_At_Star_Satisfying_,890993,routine_entry,matches
Free_Colony_Slot_,891067,routine_entry,matches
Reset_One_Shot_System_Special_,891122,routine_entry,matches
Do_System_Discoveries_At_Star_,891175,routine_entry,extends+unresolved
Do_Dragon_Bribe_,892115,routine_entry,matches
Search_For_Battles_,892258,routine_entry,shorter+unresolved
Client_Combat_Loop_,893681,routine_entry,shorter+unresolved
GNN_Reports_Combat_,895178,routine_entry,matches
Do_Nonhuman_Attack_Against_Human_,895259,routine_entry,shorter+unresolved
Do_Net_Combat_Update_,895649,routine_entry,shorter+unresolved
Compute_Contacts_,897426,routine_entry,matches+unresolved
_orbit_consts,898241,routine_entry,matches
Points_On_Same_Side_Of_Line_,898269,routine_entry,matches
Point_Within_D_Of_Seg_,898353,routine_entry,matches
Collect_Black_Holes_,899013,routine_entry,matches
Black_Hole_Blocks_Points_,899069,routine_entry,matches
Initialize_Black_Hole_Blocks_,899197,routine_entry,matches
Point_Is_In_Nebula_N_,899528,routine_entry,matches
Point_Is_In_Some_Nebula_,899642,routine_entry,matches+unresolved
Star_Is_In_Some_Nebula_,899708,routine_entry,matches
Initialize_Star_In_Nebula_Info_,899734,routine_entry,matches
Point_Is_In_Warp_Field_Interdictor_Of_Star_,899779,routine_entry,matches
Move_Player_1_Turn_To_Star_,899852,routine_entry,matches
Union_Find_,900274,routine_entry,matches
Map_Is_Connected_,900480,routine_entry,shorter+unresolved
Parsecs_Between_Points_,900729,routine_entry,matches
Parsecs_Between_Stars_,900791,routine_entry,matches
Get_Orbit_Display_X_Y_,900843,routine_entry,shorter+unresolved
Get_Orbit_From_X_Y_,901067,routine_entry,matches
Actual_Expected_Damage_,901342,routine_entry,matches
Compute_Player_Ground_Combat_Bonuses_,901468,routine_entry,matches
Compute_Colony_Officer_Bonus_,901807,routine_entry,matches
Compute_Attacker_Officer_Bonus_,901885,routine_entry,matches
Find_Troops_,902048,routine_entry,shorter
Compute_Ground_Combat_Info_,902094,routine_entry,matches
Ground_Combat_Round_,902398,routine_entry,matches
Resolve_Ground_Combat_,902657,routine_entry,matches
Colony_N_Militia_,902686,routine_entry,matches
Get_Rebellion_Info_,902746,routine_entry,matches
Get_Boarding_Info_,903015,routine_entry,matches
Get_Invasion_Info_,903217,routine_entry,matches
Enforce_Population_Limits_At_Colony_,903548,routine_entry,matches
Assign_New_Home_Planet_,904037,routine_entry,matches
Change_Pop_Ownership_,904183,routine_entry,shorter+unresolved
Resolve_Invasion_Troops_,904709,routine_entry,shorter+unresolved
Resolve_Rebellion_Troops_,904906,routine_entry,matches+unresolved
Change_Colony_Ownership_,905025,routine_entry,shorter+unresolved
Check_Rebellion_,905824,routine_entry,matches+unresolved
Check_All_Rebellions_,906314,routine_entry,matches
Invade_,906379,routine_entry,shorter+unresolved
Colony_Infantry_Limit_,906653,routine_entry,shorter+unresolved
Colony_Infantry_Barracks_Limit_,906727,routine_entry,shorter+unresolved
Colony_Tank_Limit_,906781,routine_entry,shorter+unresolved
Colony_Tank_Barracks_Limit_,906868,routine_entry,shorter+unresolved
Unload_Transports_,906935,routine_entry,matches+unresolved
Compute_Colony_Ground_Combat_Info_,907027,routine_entry,matches
Compute_Stars_In_Range_Of_Player_,907171,routine_entry,shorter+unresolved
Player_Lose_Out_Of_Range_Ships_,907311,routine_entry,matches
Lose_Out_Of_Range_Ships_,907455,routine_entry,shorter
Kill_Research_Buildings_,907528,routine_entry,matches+unresolved
Building_Worth_,907756,routine_entry,matches+unresolved
Phase1_Building_,908002,routine_entry,shorter+unresolved
Phase2_Building_,908061,routine_entry,shorter+unresolved
Phase3_Building_,908077,routine_entry,matches
Kill_Buildings_,908085,routine_entry,matches
Kill_Spy_,908479,routine_entry,matches
Ship_Is_At_Colony_,908659,routine_entry,matches
Ship_Scrap_Value_,908760,routine_entry,matches
Kill_Ships_,908791,routine_entry,matches
Make_Scrap_Ships_Dead_,909202,routine_entry,matches
Kill_Leaders_,909280,routine_entry,matches
Player_Maintenance_,909488,routine_entry,shorter+unresolved
Load_Msg_Strings_,910497,routine_entry,matches
Allocate_Msg_Slots_,912186,routine_entry,matches
First_Msg_For_Player_,912376,routine_entry,shorter+unresolved
N_Msgs_For_Player_,912386,routine_entry,shorter+unresolved
sprintf_msg_,912536,routine_entry,matches
Add_Msg_,914985,routine_entry,matches
Add_Msg_All_,915134,routine_entry,matches
Goto_Msg_Colony_,915184,routine_entry,matches+unresolved
Add_Diplomacy_Msg_,915302,routine_entry,matches+unresolved
Add_War_Msg_,915453,routine_entry,matches
Add_Peace_Msg_,915463,routine_entry,matches
Add_Alliance_Msg_,915471,routine_entry,matches
Add_Nonaggression_Msg_,915479,routine_entry,matches
Add_Peace_Ended_Msg_,915487,routine_entry,matches
Add_Ongoing_Event_Msgs_,915495,routine_entry,shorter+unresolved
Add_Banner_Field_,916154,routine_entry,shorter+unresolved
Add_Choose_Net_Plyrs_Fields_,916304,routine_entry,shorter+unresolved
Add_Net_Next_Turn_Fields_,916714,routine_entry,matches
Add_Load_MP_Game_Screen_Fields_,917114,routine_entry,matches+unresolved
Add_Choose_Multi_Net_Game_Fields_,917383,routine_entry,shorter+unresolved
Add_MP_Setup_Screen_Fields_,917658,routine_entry,shorter+unresolved
Add_Modem_Setup_Fields_,918514,routine_entry,shorter+unresolved
Add_Modem_String_Fields_,919160,routine_entry,matches
Add_Waiting_For_Joiners_Field_,919553,routine_entry,matches
Print_Modem_Strings_,919631,routine_entry,matches
Add_NullModem_Setup_Fields_,919875,routine_entry,shorter+unresolved
Valid_Net_Games_,920429,routine_entry,matches
Check_Modem_Init_Help_Fields_,920460,routine_entry,matches
Choose_Multi_Network_Game_Screen_,920718,routine_entry,matches+unresolved
Choose_Network_Plyrs_Screen_,921111,routine_entry,shorter+unresolved
Confirmation_Of_Opponent_Joining_,921702,routine_entry,matches
Draw_Net_Next_Turn_Screen_,921717,routine_entry,shorter+unresolved
Draw_Choose_Net_Plyrs_Screen_,923246,routine_entry,shorter+unresolved
Draw_Generic_Net_Info_Screen_,924103,routine_entry,shorter+unresolved
Draw_Join_Net_Screen_,924103,routine_entry,shorter+unresolved
Draw_Choose_Multi_Net_Game_Screen_,924404,routine_entry,matches+unresolved
Draw_Load_MP_Game_Screen_,924902,routine_entry,shorter+unresolved
Draw_MP_Setup_Screen_,925826,routine_entry,matches
Draw_MP_Buttons_Down_,926130,routine_entry,matches
Draw_Modem_Setup_Screen_,926421,routine_entry,shorter+unresolved
Draw_Fill_Seg_,927554,routine_entry,matches
Draw_Multi_Player_Banner_,927671,routine_entry,matches
Draw_NullModem_Setup_Screen_,927924,routine_entry,shorter+unresolved
Draw_SendGet_Net_Info_Screen_,928907,routine_entry,shorter+unresolved
Draw_Wait_For_New_Joiners_Screen_,929253,routine_entry,shorter+unresolved
Draw_Wait_For_Race_Info_Screen_,929614,routine_entry,shorter+unresolved
Get_Main_Palette_Base_Colors_,929977,routine_entry,matches
Get_Player_Colors_,930073,routine_entry,matches
Get_Net_Next_Turn_Player_Colors_,930235,routine_entry,matches+unresolved
Get_Valid_MP_Save_Games_,930734,routine_entry,matches
Hotseat_Add_Next_Player_Fields_,930798,routine_entry,matches+unresolved
Hotseat_Draw_Next_Player_,931050,routine_entry,shorter+unresolved
Hotseat_Get_Colors_,931836,routine_entry,matches
Hotseat_Get_N_Valid_Players_,932060,routine_entry,matches
Hotseat_Load_Next_Player_,932110,routine_entry,shorter+unresolved
Hotseat_Print_Player_Data_,932391,routine_entry,matches
Fade_In_Function_,932552,routine_entry,matches
Hotseat_Select_Player_,932580,routine_entry,shorter+unresolved
Hotseat_Set_Next_Player_Status_,933223,routine_entry,matches+unresolved
Hotseat_Player_Status_,933385,routine_entry,matches
Load_Net_Next_Turn_Screen_,933442,routine_entry,shorter+unresolved
Load_Choose_Net_Plyrs_Screen_,933830,routine_entry,shorter+unresolved
Load_Choose_Multi_Net_Game_Screen_,934099,routine_entry,shorter+unresolved
Load_Load_MP_Game_Screen_,934317,routine_entry,shorter+unresolved
Load_MP_Setup_Pictures_,934602,routine_entry,shorter+unresolved
Load_Modem_Setup_Screen_,935099,routine_entry,shorter+unresolved
Copy_Modem_Defaults_To_Net_Struct_,935387,routine_entry,shorter+unresolved
Set_Default_Modem_Settings_,935655,routine_entry,shorter+unresolved
Load_Multi_Player_Game_Screen_,935776,routine_entry,matches+unresolved
Load_NullModem_Setup_Screen_,936321,routine_entry,shorter+unresolved
Modem_Setup_Screen_,936648,routine_entry,matches+unresolved
Multi_Player_Screen_,937369,routine_entry,shorter+unresolved
NullModem_Setup_Screen_,938506,routine_entry,matches+unresolved
Reload_Generating_Map_Info_,938955,routine_entry,matches
Reload_Generic_Net_Info_,938967,routine_entry,shorter+unresolved
Reload_Getting_Data_Info_,939168,routine_entry,matches
Reload_Initializing_Net_Info_,939198,routine_entry,matches
Reload_Join_Net_Screen_,939215,routine_entry,matches
Reload_Sending_Data_Info_,939225,routine_entry,matches
Reload_Wait_For_Race_Info_,939291,routine_entry,matches
Reload_Waiting_For_Joiners_Screen_,939306,routine_entry,matches
N_Net_Players_Chosen_Positions_,939379,routine_entry,matches
Chat_Box_Input_Loop_,939428,routine_entry,shorter+unresolved
Set_Multi_Player_Game_Type_,939665,routine_entry,shorter+unresolved
Change_MP_Game_Name_,939895,routine_entry,matches
Load_Netmox_Strings_,940163,routine_entry,matches
Net_Exit_With_Message_,940340,routine_entry,matches
Basic_Update_,940345,routine_entry,shorter
Main_Receive_Message_,940703,routine_entry,shorter
Receive_Message_,944065,routine_entry,matches
Mox_Send_Message_,944150,routine_entry,matches
Mox_Net_Update_,944638,routine_entry,extends+unresolved
fseek_modem_file_,946064,routine_entry,matches
fgetc_modem_file_,946137,routine_entry,matches
fread_modem_file_,946211,routine_entry,matches
fwrite_modem_file_,946301,routine_entry,shorter
Make_Difference_Buffer_,946411,routine_entry,matches
Decode_Difference_Buffer_,946897,routine_entry,matches
Open_Modem_File_,947138,routine_entry,matches
Close_Modem_File_,947276,routine_entry,matches
Write_Modem_File_,947323,routine_entry,matches
Broadcast_Game_Data_Differential_,947405,routine_entry,matches
Decode_Broadcast_Game_Data_Differential_,948726,routine_entry,matches
Send_Game_Orders_,949909,routine_entry,matches+unresolved
Ditch_Leader_,951223,routine_entry,matches
Decode_Game_Orders_,951256,routine_entry,matches+unresolved
Send_Pick_Target_Info_,952536,routine_entry,matches
Decode_Pick_Target_Info_,953486,routine_entry,matches
Send_You_Are_Target_Info_,954264,routine_entry,matches
Decode_You_Are_Target_Info_,955363,routine_entry,matches
Russ_Event_Monster_Update_,956177,routine_entry,matches
Russ_Change_Relations_,956252,routine_entry,matches
Send_Battle_Results_,956365,routine_entry,matches
Decode_Battle_Results_,957528,routine_entry,matches
Send_Pick_Your_Position_,958557,routine_entry,matches
Decode_Pick_Your_Position_,958675,routine_entry,matches
Send_Dragon_Info_,958724,routine_entry,matches
Decode_Dragon_Info_,958786,routine_entry,matches
Net_Id_To_Player_Id_,958828,routine_entry,matches
Get_Next_AI_Talker_,958883,routine_entry,matches
Net_Request_AI_Diplomacy_,959088,routine_entry,matches
Net_May_Begin_AI_Diplomacy_,959145,routine_entry,matches
Net_End_AI_Diplomacy_,959173,routine_entry,matches
Net_Cancel_AI_Diplomacy_Request_,959375,routine_entry,matches
Net_Cancel_AI_Diplomacy_Confirmed_,959441,routine_entry,matches
No_AI_Diplomacy_Allowed_,959452,routine_entry,matches
Net_Request_Human_Diplomacy_,959478,routine_entry,matches
Net_May_Begin_Human_Diplomacy_,959777,routine_entry,matches
Allowed_To_Cancel_Human_Diplomacy_,959819,routine_entry,matches
Net_Cancel_Human_Diplomacy_Request_,959830,routine_entry,matches
Human_Hit_Next_Turn_,959907,routine_entry,matches
Net_End_Human_Diplomacy_,959914,routine_entry,matches
Human_Diplomat_Says_Wait_,959929,routine_entry,matches
Net_Diplomacy_With_,959942,routine_entry,matches
Human_Requesting_Diplomacy_,959950,routine_entry,matches
Accept_Diplomacy_Request_,960035,routine_entry,matches
Refuse_Diplomacy_Request_,960296,routine_entry,matches
Tell_Diplomacy_Requester_To_Wait_,960372,routine_entry,matches
Humans_Requesting_Diplomacy_,960405,routine_entry,matches
Net_Human_Rejected_Diplomacy_,960411,routine_entry,matches
Send_Drop_Out_Info_,960432,routine_entry,matches
Decode_Drop_Out_Info_,960674,routine_entry,shorter+unresolved
Human_Abdicates_,960892,routine_entry,matches
Human_Surrenders_,960905,routine_entry,matches
Load_Netstart_Strings_,960913,routine_entry,matches
Russ_Net_Init_,961111,routine_entry,matches
Russ_Net_Create_Game_,961137,routine_entry,matches
Mox_Net_Uninit_,961172,routine_entry,matches+unresolved
Dump_Users_,961219,routine_entry,matches
Net_Select_Race_,961240,routine_entry,shorter+unresolved
Net_Pick_Position_,961669,routine_entry,shorter+unresolved
Do_Answer_,962176,routine_entry,matches
Join_Net_Screen_,962267,routine_entry,matches+unresolved
Do_Dial_,963058,routine_entry,matches
Load_Net_Screen_,963195,routine_entry,shorter+unresolved
Start_Net_Screen_,964581,routine_entry,shorter+unresolved
Request_Banner_Color_,966261,routine_entry,matches
Request_Race_,966369,routine_entry,matches
Unrequest_Race_,966518,routine_entry,matches
Load_Netturn_Strings_,966575,routine_entry,matches
Host_Next_Turn_,966626,routine_entry,shorter+unresolved
Must_Broadcast_AI_Player_Data_,967321,routine_entry,matches
Client_Next_Turn_,967378,routine_entry,shorter+unresolved
Net_Next_Turn_,967792,routine_entry,shorter+unresolved
Net_Init_Host_Election_,968357,routine_entry,shorter+unresolved
Choose_Hyper_Advanced_Tech_,968500,routine_entry,matches
Get_Competition_Player_Tech_Value_,968620,routine_entry,shorter+unresolved
Calc_Tech_Value_,968773,routine_entry,matches+unresolved
Get_Competition_Tech_Values_,971161,routine_entry,matches+unresolved
Set_Competition_Tech_Values_,971289,routine_entry,matches
All_Gray_Boxes_Researched_,971513,routine_entry,matches
Choose_Tech_Application_,971573,routine_entry,matches+unresolved
Load_Report_Strings_,972270,routine_entry,matches
sprintf_report_,972447,routine_entry,matches
Client_Initialize_Reports_,972778,routine_entry,matches
Initialize_Reports_,972828,routine_entry,shorter+unresolved
Add_Report_,972870,routine_entry,shorter+unresolved
Draw_Special_,972917,routine_entry,matches
Star_Has_Special_For_Player_,973037,routine_entry,matches
Set_Initial_Tech_,973073,routine_entry,shorter+unresolved
Explored_New_Star_,973146,routine_entry,shorter+unresolved
Player_Colony_Base_At_Star_,973375,routine_entry,matches
Player_Ship_Type_At_Star_,973479,routine_entry,matches
Colonization_,973569,routine_entry,matches+unresolved
Empty_Colony_Queue_,974739,routine_entry,matches+unresolved
Need_To_Set_Occupation_Policy_,974892,routine_entry,matches+unresolved
Has_Msg_,975082,routine_entry,matches+unresolved
Has_Officer_For_Hire_,975441,routine_entry,matches+unresolved
Has_Research_Breakthrough_,975592,routine_entry,matches
Has_Evolutionary_Upgrade_,975647,routine_entry,matches
Has_Report_,975705,routine_entry,matches+unresolved
Has_Diplomacy_Messages_,975880,routine_entry,matches+unresolved
Has_GNN_,976148,routine_entry,matches
Antarans_,976210,routine_entry,matches+unresolved
Display_Report_Aux_,976446,routine_entry,shorter+unresolved
Display_Report_,976773,routine_entry,matches
Redirect_Newly_Built_Ships_,976787,routine_entry,matches
Must_Display_Reports_,977003,routine_entry,matches
Assert_Settings_,977085,routine_entry,matches
Mox_Update_,977086,routine_entry,matches
Release_All_Blocks_,977096,routine_entry,matches
Null_Autofunction_,977108,routine_entry,matches
PFMT_,977109,routine_entry,matches
Get_Weighted_Choice_Char_,977114,routine_entry,matches
Get_Weighted_Choice_Short_,977197,routine_entry,matches
Get_Weighted_Choice_Int_,977263,routine_entry,matches
Shuffle_Char_,977333,routine_entry,matches
Shuffle_Sint_,977397,routine_entry,matches
Shuffle_Int_,977468,routine_entry,matches
Shuffle_,977538,routine_entry,matches
Star_To_Monster_,977728,routine_entry,matches
Star_Name_,977745,routine_entry,matches
Compare_Ratios_,977776,routine_entry,matches
Make_Player_Into_AI_,977952,routine_entry,matches
Make_All_AI_Game_,978073,routine_entry,matches
Load_Russ_Strings_,978138,routine_entry,matches
Settler_ETA_,978239,routine_entry,matches
Room_For_Another_,978295,routine_entry,matches
Pop_Tries_To_Settle_,978508,routine_entry,matches
Add_Settler_To_Colony_,978965,routine_entry,matches
Settle_Pop_,979222,routine_entry,matches
Move_Settlers_,979474,routine_entry,matches+unresolved
N_Freighters_Player_Can_Scrap_,980087,routine_entry,matches
Ship_Range_,980118,routine_entry,shorter+unresolved
Star_In_Range_Of_Player_Aux1_,980201,routine_entry,matches
Star_In_Range_Of_Player_Aux2_,980371,routine_entry,matches
Star_In_Range_Of_Player_,980472,routine_entry,matches+unresolved
Star_In_Normal_Range_Of_Player_,980582,routine_entry,shorter+unresolved
Star_In_Extended_Range_Of_Player_,980618,routine_entry,shorter+unresolved
Can_Order_Ship_,980670,routine_entry,matches
Ships_Try_To_Move_To_,980889,routine_entry,matches+unresolved
Player_N_Turns_From_Star_To_Star_,981974,routine_entry,matches+unresolved
Make_Ships_Move_To_,982280,routine_entry,matches
Ship_Is_Moving_,982473,routine_entry,matches
Make_Ship_Arrive_At_Star_,982490,routine_entry,matches
Move_All_Ships_Toward_Stars_,982762,routine_entry,matches
Create_Nonplayer_Ship_,983056,routine_entry,matches
Allocate_New_Ship_Slots_,983323,routine_entry,matches+unresolved
Update_Player_Ship_Range_,983885,routine_entry,shorter+unresolved
Update_All_Ship_Ranges_,983948,routine_entry,matches
Ship_Destination_Star_,984050,routine_entry,matches
Update_Ship_ETAs_,984092,routine_entry,matches
Do_Wormhole_Event_,984345,routine_entry,matches
Do_Hyperspace_Beast_,984600,routine_entry,matches+unresolved
Unmark_Just_Built_AI_Ships_,985128,routine_entry,matches
Reset_Needless_Ignore_Combat_Ships_Flags_,985213,routine_entry,matches
Player_Has_Ships_Pestering_Other_Player_,985539,routine_entry,shorter
Tech_Spy_Bonus_,985662,routine_entry,matches
Compute_Spy_Bonuses_,985731,routine_entry,shorter+unresolved
Frame_Another_,986053,routine_entry,matches+unresolved
Allocate_AI_Spies_,986393,routine_entry,matches+unresolved
Steal_App_,987548,routine_entry,shorter+unresolved
Destroy_Random_Building_,987914,routine_entry,matches
N_Spies_Bonus_,988291,routine_entry,matches
Resolve_Player_Spies_,988324,routine_entry,matches
Leader_Assassinates_,989032,routine_entry,matches
Resolve_Assassins_,989347,routine_entry,matches
Resolve_Spies_,989483,routine_entry,matches
Bring_Home_Spies_Vs_,989680,routine_entry,matches
Compute_N_Trade_And_Research_Pops_,989762,routine_entry,matches+unresolved
Base_Trade_Agreement_Goal_,990012,routine_entry,shorter+unresolved
Trade_Agreement_Goal_,990116,routine_entry,matches
Base_Research_Agreement_Goal_,990355,routine_entry,shorter+unresolved
Research_Agreement_Goal_,990405,routine_entry,shorter+unresolved
Process_Trade_Agreement_,990547,routine_entry,shorter+unresolved
Process_Research_Agreement_,990693,routine_entry,shorter+unresolved
Process_Trade_And_Research_Agreements_,990839,routine_entry,matches+unresolved
Start_Trade_Agreement_,990947,routine_entry,shorter+unresolved
Start_Research_Agreement_,991106,routine_entry,shorter+unresolved
Bill_Init_,991287,routine_entry,shorter+unresolved
Bill_Default_,991342,routine_entry,matches
Record_History_,991370,routine_entry,shorter+unresolved
Is_Ignoring_,992296,routine_entry,shorter+unresolved
Stop_Ignoring_,992333,routine_entry,matches
Concatenate_Percent_,992366,routine_entry,matches
Get_Active_Players_,992395,routine_entry,matches+unresolved
Get_Players_Dead_Or_Alive_,992583,routine_entry,matches
Get_Players_Dead_Or_Alive_Or_Omniscient_,992663,routine_entry,matches+unresolved
Get_Players_Alive_Or_Omniscient_,992819,routine_entry,matches+unresolved
Get_Their_Spy_Number_,992975,routine_entry,matches
Get_Their_Spy_Mission_,993009,routine_entry,shorter+unresolved
Get_My_Spy_Number_,993041,routine_entry,matches
Get_My_Spy_Mission_,993081,routine_entry,shorter+unresolved
Get_My_Agent_Number_,993119,routine_entry,matches
Get_My_Agent_Mission_,993142,routine_entry,matches
Set_Their_Spy_Number_,993165,routine_entry,shorter+unresolved
Set_Their_Spy_Mission_,993205,routine_entry,shorter+unresolved
Set_My_Spy_Number_,993241,routine_entry,matches
Set_My_Spy_Mission_,993293,routine_entry,matches
Set_My_Agent_Number_,993341,routine_entry,matches
Set_My_Agent_Mission_,993394,routine_entry,matches
Take_Their_Spy_,993442,routine_entry,matches
Take_My_Spy_,993493,routine_entry,matches
Take_My_Agent_,993554,routine_entry,matches
Add_Their_Spy_,993611,routine_entry,matches
Add_My_Spy_,993666,routine_entry,matches
Add_My_Agent_,993684,routine_entry,matches
Get_History_Params_,993745,routine_entry,matches
Update_List_Window_Data_,993786,routine_entry,matches
Turn_Off_Palettes_,994527,routine_entry,matches
Turn_On_Palettes_,994549,routine_entry,matches
Disable_Draw_Current_Fields_,994553,routine_entry,matches
Enable_Draw_Current_Fields_,994587,routine_entry,matches
Draw_Prior_Fields_,994621,routine_entry,matches
Disable_Draw_Selected_Fields_,994685,routine_entry,matches
Enable_Draw_Selected_Fields_,994708,routine_entry,matches
_Squeeze_Print_,994731,routine_entry,matches+unresolved
Squeeze_Print_,995088,routine_entry,matches
Squeeze_Print_To_Bitmap_,995107,routine_entry,matches
Squeeze_Print_Right_,995133,routine_entry,matches
Squeeze_Print_Right_To_Bitmap_,995139,routine_entry,matches
Squeeze_Print_Centered_,995151,routine_entry,matches
Squeeze_Print_Centered_To_Bitmap_,995192,routine_entry,matches
Squeeze_Centered_Print_,995240,routine_entry,matches
Squeeze_Centered_Print_To_Bitmap_,995249,routine_entry,matches
Squeeze_Print_Full_,995264,routine_entry,matches
Squeeze_Print_Full_To_Bitmap_,995273,routine_entry,matches
_Squeeze_Print_Paragraph_,995288,routine_entry,matches+unresolved
Squeeze_Print_Paragraph_,995677,routine_entry,matches
Squeeze_Print_Paragraph_To_Bitmap_,995715,routine_entry,matches
Squeeze_Print_Formatted_Paragraph_,995754,routine_entry,matches
Squeeze_Print_Formatted_Paragraph_To_Bitmap_,995768,routine_entry,matches
Squeeze_Paragraph_Centered_,995782,routine_entry,matches
Squeeze_Paragraph_Centered_To_Bitmap_,995840,routine_entry,matches
Squeeze_Formatted_Paragraph_Centered_,995899,routine_entry,matches
Squeeze_Formatted_Paragraph_Centered_To_Bitmap_,995914,routine_entry,matches
_Print_1_Or_More_Lines_Centered_,995929,routine_entry,matches
Print_1_Or_More_Lines_Centered_,996041,routine_entry,matches
Print_1_Or_More_Lines_Centered_To_Bitmap_,996056,routine_entry,matches
Pseudo_App_Index_To_Hyper_Field_,996078,routine_entry,matches
Hyper_Field_To_Pseudo_App_Index_,996091,routine_entry,matches
Singular_Or_Plural_String_,996103,routine_entry,matches
Copy_File_To_File_,996115,routine_entry,matches
Cache_Player_Scientist_Anim_,996385,routine_entry,matches
Cache_Other_Scientist_Anim_,996392,routine_entry,matches
Cache_Player_Spy_Anim_,996555,routine_entry,matches
Cache_Player_Trooper_Anim_,996641,routine_entry,shorter
_Print_String_Bill_,996783,routine_entry,matches
_Print_Paragraph_Bill_,997130,routine_entry,matches+unresolved
_Print_Paragraph_,997653,routine_entry,matches
_Print_Paragraph_To_Bitmap_,997683,routine_entry,matches
_Get_Paragraph_Max_Height_,997714,routine_entry,matches
_Get_Paragraph_Max_Width_,997745,routine_entry,matches
Reference_Help_,997776,routine_entry,matches
Ref_Category_Help_,997817,routine_entry,matches
Ref_How_To_Help_,997832,routine_entry,matches
Turn_Summary_Popup_Help_,997847,routine_entry,matches
Turn_Summary_Help_,997870,routine_entry,matches
Race_Statistics_Help_,997885,routine_entry,matches
Tech_Review_Help_,997900,routine_entry,matches
History_Graph_Help_,997915,routine_entry,matches
Technology_Select_Help_,997933,routine_entry,matches
Technology_Change_Help_,997951,routine_entry,matches
Tech_Select_List_Right_Help_,997969,routine_entry,matches
Tech_Select_List_Left_Help_,997987,routine_entry,matches
Tech_Change_List_Right_Help_,998008,routine_entry,matches
Tech_Change_List_Left_Help_,998029,routine_entry,matches
Races_Help_,998050,routine_entry,matches
Report_Help_,998071,routine_entry,matches
Audience_Menu_Help_,998092,routine_entry,matches
Treaties_Menu_Help_,998113,routine_entry,matches
Treaties_Race_Help_,998134,routine_entry,matches
War_Race_Help_,998155,routine_entry,matches
Trade_Menu_Help_,998176,routine_entry,matches
Trade_Cash_Help_,998197,routine_entry,matches
Trade_Tech_Help_,998218,routine_entry,matches
Tech_Swap_Help_,998239,routine_entry,matches
Tribute_Menu_Help_,998260,routine_entry,matches
Tribute_Cash_Help_,998281,routine_entry,matches
Tribute_Tech_Help_,998302,routine_entry,matches
My_Set_Help_List_,998323,routine_entry,matches
Print_Formatted_Paragraph_,998340,routine_entry,matches
Print_Formatted_Paragraph_To_Bitmap_,998370,routine_entry,matches
Set_Paragraph_User_Call_,998401,routine_entry,matches
Set_Paragraph_String_Pointer_,998407,routine_entry,matches
Set_Paragraph_Integer_Pointer_,998435,routine_entry,matches
Set_Paragraph_Uint_Pointer_,998463,routine_entry,matches
Set_Paragraph_Sint_Pointer_,998491,routine_entry,matches
Set_Paragraph_Char_Pointer_,998519,routine_entry,matches
Set_Paragraph_Schar_Pointer_,998547,routine_entry,matches
Get_Formatted_Paragraph_Max_Height_,998575,routine_entry,matches
Get_Formatted_Paragraph_Max_Width_,998614,routine_entry,matches
Get_Last_Formatted_Paragraph_Max_Height_,998653,routine_entry,matches
Get_Last_Formatted_Paragraph_Max_Width_,998668,routine_entry,matches
Initialize_Formatted_Paragraph_System_,998683,routine_entry,matches
_Print_Formatted_Paragraph_,998739,routine_entry,matches+unresolved
Process_Paragraph_Text_,999261,routine_entry,matches+unresolved
Add_Character_To_Line_,999745,routine_entry,matches
Return_To_Last_Break_,999867,routine_entry,matches
Record_Break_Position_,1000082,routine_entry,shorter
Process_Command_,1000368,routine_entry,matches+unresolved
Quit_Context_,1001050,routine_entry,matches
Quit_Paragraph_,1001166,routine_entry,matches
Set_Justification_,1001215,routine_entry,matches
Complete_Line_,1001356,routine_entry,matches
Complete_Line_Data_,1001429,routine_entry,matches
Paragraph_HT_,1001599,routine_entry,shorter+unresolved
Paragraph_CRFF_,1001644,routine_entry,matches
Paragraph_VT_,1001727,routine_entry,matches
Vertical_Move_,1001806,routine_entry,matches
Reset_Font_Spacing_,1001883,routine_entry,shorter+unresolved
Reset_Font_Spacing_Width_,1001947,routine_entry,shorter+unresolved
Reset_Font_LF_,1001973,routine_entry,shorter+unresolved
Reset_Paramaters_,1002020,routine_entry,matches+unresolved
Reset_Paragraph_Variables_,1002287,routine_entry,matches+unresolved
Reset_A_Paragraph_Variable_,1002347,routine_entry,matches+unresolved
Set_Paragraph_Variable_Pointer_,1002396,routine_entry,matches
Set_Current_Colors_,1002423,routine_entry,matches
Set_Current_Style_,1002455,routine_entry,matches
Test_Item_,1002540,routine_entry,matches
Set_Value_,1002983,routine_entry,matches+unresolved
Get_Next_Item_Value_,1003289,routine_entry,matches
Get_Item_Value_Set_Plural_,1003320,routine_entry,shorter
Get_Item_Value_,1003370,routine_entry,shorter
Set_Item_Value_,1003499,routine_entry,shorter
Insert_Item_,1003657,routine_entry,shorter+unresolved
Insert_Next_Argument_String_,1004506,routine_entry,matches
Insert_Argument_String_,1004571,routine_entry,matches
Get_Insert_Argument_Next_,1004619,routine_entry,matches
Skip_Arg_Insert_A_String_,1004727,routine_entry,matches
Insert_A_String_,1004769,routine_entry,matches
Previous_Nesting_Level_,1004808,routine_entry,matches
Process_Function_,1004851,routine_entry,shorter+unresolved
Get_Function_Argument_,1005982,routine_entry,matches
FN_Set_Font_,1006124,routine_entry,matches+unresolved
FN_Superscript_,1006372,routine_entry,matches+unresolved
FN_Set_Variable_,1006496,routine_entry,matches+unresolved
FN_Set_Tabs_,1006587,routine_entry,shorter+unresolved
FN_Set_X_Pos_,1006691,routine_entry,matches
FN_Set_Y_Pos_,1006756,routine_entry,matches
FN_Set_H_Spacing_,1006855,routine_entry,matches
FN_Set_Space_Size_,1006903,routine_entry,matches
FN_Set_V_Spacing_,1006964,routine_entry,matches
FN_Set_FF_Size_,1007020,routine_entry,matches
FN_Set_Margins_,1007087,routine_entry,matches
FN_Set_Indent_,1007257,routine_entry,matches
FN_Set_Origin_,1007324,routine_entry,matches
FN_User_Call_,1007497,routine_entry,matches+unresolved
Justify_Line_,1007593,routine_entry,matches
_Justify_Line_Fully_,1007699,routine_entry,shorter+unresolved
Print_Line_,1007985,routine_entry,shorter+unresolved
_Comp_Tabs_,1009595,routine_entry,matches
Sort_Tabs_,1009604,routine_entry,shorter+unresolved
Get_Current_Color_Set_,1009648,routine_entry,matches
Initialize_Line_Start_,1009727,routine_entry,matches
Pick_Font_Color_,1009774,routine_entry,matches
Pick_Font_Number_,1009804,routine_entry,matches
Update_Max_Min_Values_,1009905,routine_entry,matches+unresolved
Set_Max_Min_X_,1010158,routine_entry,matches+unresolved
Set_Max_Min_Y_,1010231,routine_entry,shorter+unresolved
Reset_Max_Min_Values_,1010286,routine_entry,shorter+unresolved
Set_Para_Y2_,1010333,routine_entry,matches
Skip_Spaces_,1010359,routine_entry,matches
Legalize_Paragraph_Y_,1010384,routine_entry,matches
Set_Line_Limits_,1010419,routine_entry,shorter+unresolved
Info_Screen_,1010860,routine_entry,shorter+unresolved
Draw_Maint_Income_Chart_,1011866,routine_entry,shorter
Build_Maint_Chart_Bitmaps_,1012244,routine_entry,matches
Initialize_Maintenance_Values_,1013163,routine_entry,matches+unresolved
Draw_The_History_Graph_,1013358,routine_entry,shorter+unresolved
Get_Plyr_Hist_Btns_,1013929,routine_entry,shorter+unresolved
Set_Plyr_Hist_Btns_,1013997,routine_entry,matches
Draw_Histories_,1014092,routine_entry,shorter+unresolved
Smooth_History_Data_,1015131,routine_entry,matches
Display_Graphed_Players_Names_,1015274,routine_entry,shorter+unresolved
History_Subscreen_,1015445,routine_entry,shorter+unresolved
Draw_History_Subscreen_,1015848,routine_entry,matches
Print_Tech_Review_Item_,1015849,routine_entry,matches
Tech_Review_Subscreen_,1015895,routine_entry,matches
_Tech_Review_Subscreen_,1015923,routine_entry,shorter+unresolved
Draw_Tech_Review_Subscreen_,1017130,routine_entry,matches
Init_Tech_Review_List_,1017361,routine_entry,matches+unresolved
Print_Player_Specials_To_Bitmap_,1017558,routine_entry,matches
Race_Statistics_Specials_Help_,1018016,routine_entry,matches+unresolved
Race_Stats_Subscreen_,1018310,routine_entry,shorter+unresolved
Draw_Race_Stats_Subscreen_,1019490,routine_entry,matches
Print_Turn_Summary_Message_,1019491,routine_entry,matches
Init_Turn_Summary_List_,1019587,routine_entry,matches+unresolved
Init_Info_Turn_Summary_List_,1019777,routine_entry,matches
Draw_Dummy_Turn_Summary_Subscreen_,1019799,routine_entry,matches
Draw_Reference_How_To_Subscreen_,1019799,routine_entry,matches
Turn_Summary_Subscreen_,1019800,routine_entry,shorter+unresolved
Draw_Turn_Summary_Subscreen_,1020605,routine_entry,shorter+unresolved
Reference_Subscreen_,1020721,routine_entry,matches
Reference_Main_Subscreen_,1020877,routine_entry,shorter+unresolved
Draw_Reference_Main_Subscreen_,1021657,routine_entry,matches
Reference_How_To_Subscreen_,1021794,routine_entry,shorter+unresolved
Reference_Category_Subscreen_,1022094,routine_entry,shorter+unresolved
Draw_Reference_Category_Subscreen_,1023269,routine_entry,matches
Introduce_Subscreen_,1023413,routine_entry,matches
Draw_Drop_Area_,1023489,routine_entry,matches
Draw_Multiple_Drop_Areas_,1023902,routine_entry,matches
Set_Up_Player_Colors_,1023930,routine_entry,matches
Get_Plyr_Info_Btns_,1024017,routine_entry,matches
Set_Plyr_Info_Btns_,1024054,routine_entry,shorter+unresolved
Colorize_Bitmap_,1024100,routine_entry,matches
Init_List_Data_,1024167,routine_entry,matches
Add_Fields_To_List_Page_,1024392,routine_entry,matches
Display_Selected_List_Text_,1024541,routine_entry,matches
Display_Selected_List_Text_For_Tech_List_,1024837,routine_entry,matches
Display_List_Text_,1024941,routine_entry,shorter+unresolved
Display_List_Page_,1025191,routine_entry,matches
Set_List_Page_Pointer_,1025250,routine_entry,matches
Next_List_Page_,1025319,routine_entry,matches
Previous_List_Page_,1025344,routine_entry,matches
Goto_Page_With_Entry_,1025364,routine_entry,matches
Select_And_Page_By_Head_ID_,1025443,routine_entry,matches
Set_Selected_List_Entry_,1025507,routine_entry,matches
Get_Selected_List_Entry_,1025625,routine_entry,matches
Set_List_Up_Down_Field_Drawing_,1025673,routine_entry,matches
Race_Report_Screen_,1025728,routine_entry,shorter+unresolved
Race_Screen_,1027258,routine_entry,shorter+unresolved
Init_Race_Display_Data_,1030717,routine_entry,matches+unresolved
Draw_Relations_Sliders_,1031504,routine_entry,matches
Draw_Race_Photos_,1031661,routine_entry,shorter
Draw_Race_Text_,1032125,routine_entry,shorter+unresolved
Setup_Main_Fields_,1033449,routine_entry,shorter+unresolved
Setup_Race_Display_Fields_,1033840,routine_entry,shorter+unresolved
Setup_Race_Who_Fields_,1034230,routine_entry,shorter+unresolved
Update_Spy_Stuff_,1034381,routine_entry,matches
Draw_Race_Screen_,1034464,routine_entry,matches+unresolved
Get_Spy_Group_For_Field_,1035231,routine_entry,matches
Adjust_Spy_Mission_Data_,1035299,routine_entry,matches
Redraw_Spy_Mouse_,1035341,routine_entry,shorter+unresolved
Move_Spy_Group_From_Mouse_,1035461,routine_entry,matches
Move_Spy_Group_To_Mouse_,1035621,routine_entry,matches
Erase_Mouse_Spies_,1035713,routine_entry,matches
Calculate_Icon_Group_Data_,1035736,routine_entry,matches
Setup_Icon_Group_Data_,1035876,routine_entry,matches
Move_Icon_Group_Icons_,1035966,routine_entry,matches
Draw_Icon_Group_Cursor_,1036022,routine_entry,matches
Draw_Icon_Group_,1036247,routine_entry,matches
Show_Off_Stolen_Tech_,1036353,routine_entry,matches
Show_Off_Captured_Tech_,1036506,routine_entry,matches
Scientist_With_Tech_,1036647,routine_entry,matches
Show_Off_Researched_Tech_,1036796,routine_entry,matches
Science_Room_,1037084,routine_entry,shorter+unresolved
Update_Science_Anims_,1039000,routine_entry,matches
Draw_Science_Room_,1039126,routine_entry,matches
Print_Tech_Indent_Item_,1039127,routine_entry,matches
Tech_Select_,1039209,routine_entry,matches
Tech_Change_,1039310,routine_entry,matches
_Tech_Finished_,1039365,routine_entry,matches
_Tech_Select_,1039378,routine_entry,shorter+unresolved
Draw_Tech_Select_,1041586,routine_entry,matches+unresolved
Draw_Little_Arrow_,1041763,routine_entry,matches+unresolved
_Tech_List_,1042119,routine_entry,shorter+unresolved
Draw_Tech_List_,1043606,routine_entry,matches
Display_All_Entry_Text_,1043682,routine_entry,matches
Display_Entry_Text_,1043712,routine_entry,shorter+unresolved
Display_Selected_Entry_Text_,1044079,routine_entry,matches+unresolved
Set_Selected_Entry_,1044293,routine_entry,matches+unresolved
Get_Selected_Entry_,1044393,routine_entry,matches
Init_Entry_Positions_,1044419,routine_entry,shorter+unresolved
Init_Entry_Data_,1044617,routine_entry,shorter+unresolved
Setup_Entry_Buttons_,1045513,routine_entry,matches+unresolved
Get_Group_List_,1045659,routine_entry,shorter+unresolved
Draw_Application_Description_,1046063,routine_entry,matches
Technology_Fields_Name_,1046386,routine_entry,matches
Technology_Applications_Name_,1046433,routine_entry,shorter+unresolved
New_Get_Tech_Cost_,1046621,routine_entry,matches
Save_Hyper_Tech_Values_,1046660,routine_entry,matches
Restore_Hyper_Tech_Values_,1046711,routine_entry,matches
Promote_Hyper_Field_Values_,1046765,routine_entry,matches
Promote_A_Hyper_Value_By_Field_,1046809,routine_entry,matches
Get_Tech_Cost_,1046843,routine_entry,matches
Sort_Tech_List_By_Cost_,1046859,routine_entry,matches
Get_Parent_Index_,1047008,routine_entry,matches
Crack_Tech_Select_List_Entry_,1047046,routine_entry,matches
Print_Turn_Summary_Popup_Message_,1047093,routine_entry,matches
Init_Turn_Summary_Popup_List_,1047189,routine_entry,matches
Draw_Turn_Summary_Popup_,1047212,routine_entry,shorter+unresolved
Turn_Summary_Popup_,1047298,routine_entry,shorter+unresolved
Save_Field_Stats_,1048129,routine_entry,matches
Restore_Field_Stats_,1048257,routine_entry,matches
_cstart_,1048344,routine_entry,shorter+unresolved
__exit_,1048999,routine_entry,matches
__do_exit_with_msg__,1049001,routine_entry,matches
__GETDS,1049060,routine_entry,shorter+unresolved
___GETDSStart_,1049060,routine_entry,shorter+unresolved
___GETDSEnd_,1049071,runtime_marker,no_entry_decode
Screen_Flic_Capture_,1049072,routine_entry,matches+unresolved
B_Key_,1051388,routine_entry,matches
Release_Version_,1051444,routine_entry,shorter+unresolved
Check_Release_Version_,1051484,routine_entry,matches
Allocate_Space_,1051529,routine_entry,matches
Get_Max_Block_Space_,1051689,routine_entry,matches
Allocate_Dos_Space_,1051746,routine_entry,matches
Allocate_First_Block_,1051886,routine_entry,matches
Allocate_Next_Block_,1051964,routine_entry,matches
Allocate_Far_Space_,1052158,routine_entry,matches
Allocate_Dos_Data_Space_,1052214,routine_entry,matches
Allocation_Error_,1052355,routine_entry,matches
Reallocation_Error_,1052474,routine_entry,matches
Linear_Free_,1052553,routine_entry,matches
Check_Free_,1052647,routine_entry,matches
Dos_Free_,1052816,routine_entry,matches
Allocate_Space_No_Header_,1052977,routine_entry,matches
Allocate_First_Block_No_Header_,1053064,routine_entry,matches
Allocate_Next_Block_No_Header_,1053142,routine_entry,matches
Mark_Block_,1053308,routine_entry,matches
Release_Block_,1053364,routine_entry,matches
Push_Block_,1053420,routine_entry,matches
Save_Pushed_Blocks_,1053528,routine_entry,matches
Restore_Pushed_Blocks_,1053586,routine_entry,matches
Pop_Block_,1053644,routine_entry,matches
Check_For_Pushed_Block_,1053744,routine_entry,matches
Get_Remaining_Block_Space_,1053849,routine_entry,matches
DIR_,1053911,routine_entry,matches
DIR_DIR_,1054033,routine_entry,matches
LOF_,1054224,routine_entry,matches
Time_Stamp_,1054304,routine_entry,matches+unresolved
Disk_Free_,1054563,routine_entry,matches
Delete_File_,1054655,routine_entry,matches
Current_Dir_,1054699,routine_entry,matches
File_Exists_,1054748,routine_entry,matches
Get_Open_File_Count_,1054826,routine_entry,matches
Set_Sound_File_,1054987,routine_entry,matches
Set_Music_File_,1055026,routine_entry,matches
Set_Audio_Buffer_,1055065,routine_entry,matches+unresolved
_sampleCallback,1055166,routine_entry,matches+unresolved
_xmiCallback,1055362,routine_entry,matches+unresolved
_Ail_Timer,1055437,routine_entry,matches
getFreeSampleHandle_,1055458,routine_entry,matches
getFreeSoundIndex_,1055607,routine_entry,matches
mergeFreeBlocks_,1055702,routine_entry,matches
mergeDoneBlocks_,1055907,routine_entry,matches
allocateSoundBlock_,1056112,routine_entry,matches+unresolved
Audio_Init_,1056574,routine_entry,matches+unresolved
Audio_Uninit_,1057115,routine_entry,matches+unresolved
Audio_Clear_Cache_,1057210,routine_entry,shorter+unresolved
Sound_On_,1057385,routine_entry,matches+unresolved
Sound_Off_,1057436,routine_entry,shorter+unresolved
Play_Sound_Buffer_,1057472,routine_entry,matches
Play_Sound_,1057689,routine_entry,matches+unresolved
Get_Sound_Max_Volume_,1058390,routine_entry,matches
Set_Sound_Max_Volume_,1058438,routine_entry,matches
Restart_Sound_,1058654,routine_entry,matches
Stop_Sound_,1058723,routine_entry,matches
Stop_All_Sounds_,1058838,routine_entry,matches
Resume_Sound_,1058903,routine_entry,matches
Resume_All_Sounds_,1058985,routine_entry,matches
Is_Sound_Playing_,1059050,routine_entry,matches
Get_Sound_Volume_,1059229,routine_entry,matches
Set_Sound_Volume_,1059322,routine_entry,matches
Set_Sound_Volume_All_,1059420,routine_entry,matches
Get_Sound_Pan_,1059590,routine_entry,matches
Set_Sound_Pan_,1059676,routine_entry,matches
Set_Sound_Pan_All_,1059774,routine_entry,matches
Loop_Sound_,1059881,routine_entry,matches
Fadeout_Sound_,1059990,routine_entry,matches
Pitch_Bend_Sound_,1060057,routine_entry,matches
Music_On_,1060175,routine_entry,matches+unresolved
Music_Off_,1060226,routine_entry,shorter+unresolved
Play_Music_Buffer_,1060262,routine_entry,matches
Play_Music_,1060367,routine_entry,matches+unresolved
Stop_Music_,1060820,routine_entry,matches
Resume_Music_,1060864,routine_entry,matches
Set_Music_Volume_,1060908,routine_entry,matches
Get_Music_Volume_,1060990,routine_entry,matches
Loop_Music_,1061051,routine_entry,matches
Fade_Music_Down_,1061104,routine_entry,matches
Fade_Music_Up_,1061163,routine_entry,matches
Is_Music_Playing_,1061222,routine_entry,matches
Register_Music_Callback_,1061307,routine_entry,matches
Sound_Update_,1061360,routine_entry,matches+unresolved
Play_Sound_File_,1062005,routine_entry,matches+unresolved
Loop_Sound_File_,1062602,routine_entry,matches
Set_Stream_Filename_,1062636,routine_entry,matches
Play_Stream_Vol_,1062757,routine_entry,matches+unresolved
Play_Stream_,1063456,routine_entry,matches
Stop_Stream_,1063502,routine_entry,matches+unresolved
Set_Stream_Volume_,1063666,routine_entry,matches
Get_Stream_Volume_,1063766,routine_entry,matches
Loop_Stream_,1063852,routine_entry,matches
Is_Stream_Playing_,1063886,routine_entry,matches
Fade_Stream_Down_,1063976,routine_entry,matches+unresolved
Set_Stream_Max_Volume_,1064043,routine_entry,matches
Get_Stream_Max_Volume_,1064091,routine_entry,matches
Fade_Stream_Up_,1064125,routine_entry,shorter+unresolved
Stream_On_,1064187,routine_entry,matches+unresolved
Stream_Off_,1064227,routine_entry,shorter+unresolved
Init_Drivers_,1064263,routine_entry,matches
Reset_System_,1064381,routine_entry,shorter+unresolved
Create_IO_Buffer_,1064456,routine_entry,matches
Get_Field_Counter_,1064549,routine_entry,matches
Disable_Cancel_,1064594,routine_entry,shorter+unresolved
Enable_Cancel_,1064634,routine_entry,shorter+unresolved
Disable_Mouse_Wait_,1064674,routine_entry,shorter+unresolved
Enable_Mouse_Wait_,1064714,routine_entry,shorter+unresolved
Pressed_Mouse_X_,1064754,routine_entry,matches
Pressed_Mouse_Y_,1064799,routine_entry,matches
Auto_Input_,1064844,routine_entry,matches
Scan_Field_,1064889,routine_entry,matches
Scan_Input_,1065335,routine_entry,matches
Read_Character_,1065814,routine_entry,matches
Add_Hidden_Field_,1065867,routine_entry,matches
Add_Circle_Field_,1066275,routine_entry,matches
Add_Clipped_Circle_Field_,1066749,routine_entry,matches
Add_Clipped_Hidden_Field_,1067520,routine_entry,matches
Add_Hot_Key_,1068146,routine_entry,matches
Add_Grid_Field_,1068490,routine_entry,matches
Add_Button_Info_,1068986,routine_entry,matches
Add_Button_Field_,1069488,routine_entry,matches
Add_Radio_Button_Field_,1069627,routine_entry,matches
Add_Locked_Button_Field_,1069791,routine_entry,matches
Add_Multi_Button_Field_,1069955,routine_entry,matches
Set_Button_Down_Offsets_,1070145,routine_entry,matches
Add_Scroll_Field_,1070200,routine_entry,matches
Find_Bar_Position_,1070818,routine_entry,matches
Increment_Scroll_Bar_,1071508,routine_entry,matches
Decrement_Scroll_Bar_,1071808,routine_entry,matches
Add_Continuous_String_Input_Field_,1072106,routine_entry,matches
Add_Input_Field_,1072699,routine_entry,matches
Input_String_,1073326,routine_entry,shorter+unresolved
Display_Input_Field_,1074933,routine_entry,matches+unresolved
Get_Input_String_,1076051,routine_entry,shorter+unresolved
Set_Input_Delay_,1077620,routine_entry,matches
Get_Input_,1077675,routine_entry,shorter+unresolved
Init_Mouse_Keyboard_,1077858,routine_entry,shorter+unresolved
F11_Key_,1077936,routine_entry,matches
Disable_Draw_All_Fields_,1077972,routine_entry,shorter+unresolved
Enable_Draw_All_Fields_,1078012,routine_entry,shorter+unresolved
Disable_Draw_Field_,1078052,routine_entry,shorter+unresolved
Enable_Draw_Field_,1078236,routine_entry,matches
Draw_All_Fields_,1078419,routine_entry,shorter+unresolved
Draw_Visible_Fields_Back_,1078475,routine_entry,shorter+unresolved
Push_Field_Down_,1085396,routine_entry,matches
Assign_Update_Function_,1085854,routine_entry,matches
Assign_Auto_Function_,1085898,routine_entry,shorter+unresolved
Save_Auto_Function_,1085990,routine_entry,matches
Restore_Auto_Function_,1086031,routine_entry,shorter+unresolved
Deactivate_Auto_Function_,1086081,routine_entry,shorter+unresolved
Activate_Auto_Function_,1086121,routine_entry,shorter+unresolved
Invoke_Auto_Function_,1086161,routine_entry,shorter+unresolved
Invoke_Saved_Auto_Function_,1086208,routine_entry,matches
Quick_Call_Auto_Function_,1086245,routine_entry,shorter+unresolved
Call_Auto_Function_,1086368,routine_entry,shorter+unresolved
Clear_Fields_Above_,1086464,routine_entry,shorter+unresolved
Clear_Mouse_Buffer_,1086529,routine_entry,matches
Set_Field_Outline_Color_,1086570,routine_entry,matches
Set_Help_Field_Outline_Color_,1086615,routine_entry,matches
Enable_Mouse_Pressed_Field_Update_,1086660,routine_entry,shorter+unresolved
Disable_Mouse_Pressed_Field_Update_,1086710,routine_entry,shorter+unresolved
Reset_Wait_For_Input_,1086750,routine_entry,shorter+unresolved
Wait_For_Input_,1086833,routine_entry,shorter+unresolved
Set_Help_List_,1087160,routine_entry,shorter+unresolved
Deactivate_Help_List_,1087223,routine_entry,shorter+unresolved
Check_Help_List_,1087282,routine_entry,shorter+unresolved
Mark_Fields_,1087585,routine_entry,matches
Release_Fields_,1087737,routine_entry,shorter+unresolved
Restore_,1087859,routine_entry,matches
Save_Back_,1087890,routine_entry,matches
Put_Mouse_,1087927,routine_entry,matches
Mouse_Setup_,1087964,routine_entry,matches
Save_Back_Always_,1087995,routine_entry,matches
Add_String_Field_,1088026,routine_entry,matches
Clear_String_Fields_,1088448,routine_entry,shorter+unresolved
Disable_All_String_Fields_,1088543,routine_entry,matches
Disable_String_Field_,1088626,routine_entry,matches
Enable_All_String_Fields_,1088704,routine_entry,matches
Enable_String_Field_,1088787,routine_entry,matches
Draw_Cursor_Pos_,1088865,routine_entry,matches
Handle_String_Fields_,1089005,routine_entry,shorter+unresolved
Print_String_Fields_,1090248,routine_entry,matches+unresolved
Read_Character_And_Scan_Mb_,1090904,routine_entry,matches
Scan_All_Fields_,1091024,routine_entry,matches
Scan_Only_String_Fields_,1091268,routine_entry,matches
Set_String_Font_Colors_,1091513,routine_entry,matches+unresolved
Fill_Edited_String_Field_,1091710,routine_entry,matches
Add_Irregular_Button_Field_,1091886,routine_entry,matches
Get_Alt_Alpha_Key_,1092490,routine_entry,shorter
Add_Multi_Hot_Key_Field_,1093044,routine_entry,shorter+unresolved
Clear_Multi_Hot_Key_Offsets_,1093367,routine_entry,matches
Check_Multi_Hot_Key_Fields_,1093476,routine_entry,matches
Draw_Field_,1093722,routine_entry,shorter+unresolved
Clear_Fields_,1098480,routine_entry,shorter+unresolved
Clipped_Dot_,1098584,routine_entry,matches
Add_Clipped_Button_Field_,1098693,routine_entry,matches
Get_List_Field_,1098945,routine_entry,shorter+unresolved
Exit_List_Field_,1099799,routine_entry,matches
Add_String_List_Field_,1099837,routine_entry,matches
Interpret_Keyboard_Input_,1100494,routine_entry,shorter+unresolved
Interpret_Mouse_Input_,1101557,routine_entry,shorter+unresolved
Draw_Visible_Fields_,1107736,routine_entry,shorter+unresolved
Copy_Continuous_String_,1115108,routine_entry,matches
Timed_Wait_For_Input_,1115270,routine_entry,matches
Load_Font_File_,1115430,routine_entry,matches+unresolved
Load_Palette_,1115622,routine_entry,matches
Get_String_Width_,1115759,routine_entry,matches
Set_Font_,1115909,routine_entry,shorter+unresolved
Set_Font_Solid_,1116207,routine_entry,matches
Set_Remap_Font_Style_,1116480,routine_entry,shorter+unresolved
Set_Remap_Font_Style_Shadow_Down_,1116819,routine_entry,shorter+unresolved
Set_Remap_Font_Style_Shadow_Up_,1116877,routine_entry,shorter+unresolved
Set_Remap_Font_Style_Shadow_Heavy_,1116935,routine_entry,shorter+unresolved
Set_Remap_Font_Style_Outline_,1116993,routine_entry,shorter+unresolved
Set_Remap_Font_Style_Outline_Heavy_,1117051,routine_entry,shorter+unresolved
Set_Font_Style_,1117109,routine_entry,shorter+unresolved
Set_Font_Style_Shadow_Down_,1117387,routine_entry,shorter+unresolved
Set_Font_Style_Shadow_Up_,1117445,routine_entry,shorter+unresolved
Set_Font_Style_Shadow_Heavy_,1117503,routine_entry,shorter+unresolved
Set_Font_Style_Outline_,1117561,routine_entry,shorter+unresolved
Set_Font_Style_Outline_Heavy_,1117619,routine_entry,shorter+unresolved
Set_Outline_Color_,1117677,routine_entry,matches
Set_Font_LF_,1117732,routine_entry,matches
Set_Font_Spacing_Width_,1117792,routine_entry,matches
Set_Font_Spacing_,1117836,routine_entry,matches
Set_Font_Highlight_Colors_,1117881,routine_entry,matches
Set_Font_Special_Colors_,1117959,routine_entry,matches
Set_Alias_Color_,1118037,routine_entry,matches
Save_Alias_Colors_,1118105,routine_entry,matches
Restore_Alias_Colors_,1118178,routine_entry,matches
Print_Integer_,1118251,routine_entry,matches
Print_Unsigned_,1118321,routine_entry,matches
Print_Right_,1118391,routine_entry,matches
Print_Centered_,1118461,routine_entry,matches
Print_Integer_Right_,1118547,routine_entry,matches
Print_Integer_Centered_,1118617,routine_entry,matches
Print_Unsigned_Centered_,1118687,routine_entry,matches
Print_Unsigned_Right_,1118757,routine_entry,matches
Print_Full_,1118827,routine_entry,matches
Print_,1118899,routine_entry,matches
Print_Display_,1118955,routine_entry,shorter+unresolved
Print_String_,1120276,routine_entry,matches+unresolved
No_Print_Alias_,1121048,routine_entry,shorter+unresolved
Set_Normal_Colors_On_,1121088,routine_entry,matches
Set_Highlight_Colors_On_,1121164,routine_entry,matches
Set_Special_Colors_On_,1121240,routine_entry,matches
PSTRM_,1121316,routine_entry,matches
PSTRS_,1121509,routine_entry,matches
PSTR_,1121561,routine_entry,matches
PSTRL_,1121629,routine_entry,matches
PSTRU_,1121697,routine_entry,matches
Print_Character_,1121771,routine_entry,matches
Print_Character_No_Alias_,1121925,routine_entry,matches
Set_Background_Color_,1122079,routine_entry,matches
Set_Foreground_Color_,1122124,routine_entry,matches
Disp_PSTR_,1122171,routine_entry,matches+unresolved
Find_Closest_PSTR_Color_,1122585,routine_entry,matches
Set_PSTR_Color_,1122772,routine_entry,matches
Get_Current_Font_Style_,1122817,routine_entry,matches
Get_Current_Font_Color_,1122862,routine_entry,matches
Get_Font_Height_,1122905,routine_entry,matches
Get_Font_Vertical_Spacing_,1122950,routine_entry,matches
Get_Current_Highlight_Color_,1122995,routine_entry,matches
Get_Current_Special_Color_,1123038,routine_entry,matches
Clipped_Print_String_,1123081,routine_entry,matches
Print_Clipped_Character_,1123855,routine_entry,matches
Print_Clipped_Letter_,1124332,routine_entry,matches
Print_Right_To_Bitmap_,1124731,routine_entry,matches
Print_Centered_To_Bitmap_,1124805,routine_entry,matches
Print_Full_To_Bitmap_,1124895,routine_entry,matches
Print_To_Bitmap_,1124974,routine_entry,matches
Print_Display_To_Bitmap_,1125035,routine_entry,shorter+unresolved
Print_String_To_Bitmap_,1125770,routine_entry,matches
Print_Character_To_Bitmap_,1126512,routine_entry,matches
Print_Clipped_Letter_To_Bitmap_,1126833,routine_entry,matches
Set_PSTR_Style_,1127303,routine_entry,matches
Get_Mouse_Sensitivity_,1127348,routine_entry,shorter+unresolved
Set_Old_Mouse_Sensitivity_,1127479,routine_entry,shorter+unresolved
Init_Mouse_Driver_,1127569,routine_entry,shorter+unresolved
User_Mouse_Handler_,1128145,routine_entry,matches+unresolved
Set_User_Mouse_Handler_,1128435,routine_entry,shorter+unresolved
Mouse_Button_Handler_,1128556,routine_entry,shorter+unresolved
Mouse_Movement_Handler_,1128742,routine_entry,shorter+unresolved
Enable_Mouse_,1128928,routine_entry,shorter+unresolved
Disable_Mouse_,1128968,routine_entry,shorter+unresolved
Save_Mouse_State_,1129008,routine_entry,shorter+unresolved
Restore_Mouse_State_,1129060,routine_entry,matches
Mouse_Active_,1129103,routine_entry,matches
Pointer_X_,1129146,routine_entry,matches
Pointer_Y_,1129191,routine_entry,matches
Set_Pointer_Position_,1129236,routine_entry,matches
Set_Mouse_Position_,1129304,routine_entry,shorter+unresolved
Mouse_Buffer_X_,1129409,routine_entry,matches
Mouse_Buffer_Y_,1129454,routine_entry,matches
Mouse_Buffer_Button_,1129499,routine_entry,matches
Mouse_Buffer_,1129544,routine_entry,shorter+unresolved
Mouse_Buffer2_,1129604,routine_entry,shorter+unresolved
Set_Buffer_2_,1129664,routine_entry,shorter+unresolved
Set_Mouse_Buffer_,1129728,routine_entry,shorter+unresolved
Check_Mouse_Buffer_,1129811,routine_entry,matches+unresolved
Reset_System_Mouse_,1129945,routine_entry,shorter+unresolved
Set_Mouse_List_,1130092,routine_entry,matches
Check_Mouse_Shape_,1130151,routine_entry,shorter+unresolved
Get_Pointer_Offset_,1130491,routine_entry,matches
Get_Pointer_Image_Number_,1130553,routine_entry,matches
Mouse_Button_,1130613,routine_entry,shorter+unresolved
Mouse_Wait_,1130757,routine_entry,shorter+unresolved
Save_Mouse_From_Off_Page_,1130909,routine_entry,matches
Save_Correct_Mouse_Hi_Res_,1131063,routine_entry,matches
Restore_Mouse_From_Off_Page_,1131094,routine_entry,matches
Draw_Mouse_Off_Page_,1131356,routine_entry,shorter+unresolved
Draw_Mouse_Hi_Res_,1131421,routine_entry,shorter+unresolved
Draw_Mouse_To_Off_Page_,1131486,routine_entry,matches
Say_Hello_,1131818,routine_entry,matches
S_Mouse_,1131872,routine_entry,matches
Set_Mouse_Overide_Input_,1132083,routine_entry,shorter+unresolved
Clear_Mouse_Overide_Input_,1132123,routine_entry,shorter+unresolved
Set_Mouse_X_,1132163,routine_entry,matches
Set_Mouse_Y_,1132226,routine_entry,matches
Set_Mouse_Right_Down_,1132288,routine_entry,shorter+unresolved
Set_Mouse_Left_Down_,1132328,routine_entry,shorter+unresolved
Set_Mouse_Right_Up_,1132368,routine_entry,shorter+unresolved
Set_Mouse_Left_Up_,1132408,routine_entry,shorter+unresolved
Random_,1132448,routine_entry,matches+unresolved
Set_Random_Seed_,1132576,routine_entry,matches
Get_Random_Seed_,1132620,routine_entry,matches
Randomize_,1132664,routine_entry,matches
Init_Video_Drivers_,1132715,routine_entry,shorter+unresolved
Get_Current_Video_Page_Flag_,1133218,routine_entry,matches
Reset_Video_,1133262,routine_entry,matches
Cls_,1133318,routine_entry,matches
New_Screen_,1133367,routine_entry,shorter+unresolved
Set_Refresh_Full_,1133413,routine_entry,shorter+unresolved
Save_Refresh_,1133464,routine_entry,matches
Restore_Refresh_,1133519,routine_entry,matches
Set_Refresh_Stencil_,1133576,routine_entry,shorter+unresolved
Get_Refresh_Mode_,1133627,routine_entry,matches
Set_Refresh_Stencil_No_Full_,1133672,routine_entry,shorter+unresolved
Set_Refresh_Differential_,1133723,routine_entry,shorter+unresolved
Set_Refresh_Differential_No_Full_,1133774,routine_entry,shorter+unresolved
Set_Refresh_Masked_,1133825,routine_entry,shorter+unresolved
Set_Page_Off_,1133889,routine_entry,shorter+unresolved
Set_Page_Back_,1133946,routine_entry,shorter+unresolved
Set_Page_On_,1134003,routine_entry,shorter+unresolved
Copy_Off_To_Back_,1134060,routine_entry,matches
Copy_Back_To_Off_,1134134,routine_entry,matches
Copy_Off_To_On_,1134208,routine_entry,matches
Toggle_Pages_,1134283,routine_entry,matches+unresolved
Assign_Video_Function_Pointers_,1134692,routine_entry,matches
Get_Video_Card_,1135298,routine_entry,matches
Set_Video_Mode_,1135360,routine_entry,matches
Create_Screen_Buffers_,1135485,routine_entry,matches
Get_Video_Total_Memory_,1135658,routine_entry,shorter+unresolved
Get_Video_Granularity_,1135808,routine_entry,matches
Cls_On_,1135956,routine_entry,matches
Full_Screen_Dump_Hi_Res_,1136095,routine_entry,matches
Masked_Screen_Dump_Hi_Res_,1136255,routine_entry,matches
Partial_Screen_Dump_Hi_Res_,1136660,routine_entry,matches
Clear_Scan_List_,1137889,routine_entry,matches
Clear_Stencil_List_,1137944,routine_entry,matches
Stencil_Out_Background_,1137999,routine_entry,matches
Add_Dot_To_Scan_List_,1138195,routine_entry,matches
Add_Line_To_Scan_List_,1138683,routine_entry,matches
Copy_Off_To_On_Hi_Res_,1139236,routine_entry,matches
Save_Video_State_Hi_Res_,1139711,routine_entry,matches
Restore_Video_State_Hi_Res_,1139738,routine_entry,matches
Exit_With_Size_,1139773,routine_entry,matches
Exit_With_Message_,1139847,routine_entry,matches
Exit_With_Value_,1139916,routine_entry,matches
strstr_,1140001,routine_entry,shorter+unresolved
sprintf_,1140210,routine_entry,matches
atol_,1140258,routine_entry,matches
__open_flags_,1140367,routine_entry,matches+unresolved
__doopen_,1140576,routine_entry,matches
_fsopen_,1140772,routine_entry,matches
fopen_,1140829,routine_entry,matches
close_file_,1140839,routine_entry,matches
freopen_,1140943,routine_entry,matches
fgets_,1141009,routine_entry,matches
fclose_,1141114,routine_entry,matches
__shutdown_stream_,1141159,routine_entry,matches
__hex_,1141180,routine_entry,matches
__MkTmpFile_,1141192,routine_entry,matches
__doclose_,1141293,routine_entry,matches
Farload_,1141437,routine_entry,matches
Far_Reload_,1141501,routine_entry,matches
Far_Reload_Next_,1141570,routine_entry,matches
Farload_Data_,1141639,routine_entry,matches
Far_Reload_Data_,1141725,routine_entry,matches
Far_Reload_Next_Data_,1141815,routine_entry,matches
Farload_Data_Static_,1141905,routine_entry,matches
Farload_Library_,1141995,routine_entry,shorter+unresolved
Farload_Library_Data_,1142587,routine_entry,shorter+unresolved
Get_Farload_Data_Record_Count_,1143347,routine_entry,matches+unresolved
Error_Handler_,1143772,routine_entry,matches
Set_Alternate_Path_,1144211,routine_entry,matches
atoi_,1144331,routine_entry,matches
Set_Memory_,1144440,routine_entry,matches
Copy_Structure_Aligned_,1144494,routine_entry,matches
Copy_Structure_DW_,1144509,routine_entry,matches
Store_Memory_Differences_,1144521,routine_entry,matches
Clear_Direction_Flag_,1144554,routine_entry,shorter
Test_Bit_Field_,1144560,routine_entry,matches
Set_Bit_Field_,1144594,routine_entry,matches
Clear_Bit_Field_,1144618,routine_entry,matches
Set_Structure_,1144644,routine_entry,matches
Clear_Structure_,1144694,routine_entry,matches
Copy_Structure_,1144734,routine_entry,matches
Swap_Structure_,1144798,routine_entry,shorter
Drive_Test_,1144920,routine_entry,matches
Windows_Check_,1144960,routine_entry,matches
Flush_Buffer_Space_,1144995,routine_entry,shorter+unresolved
Get_Remaining_Buffer_Space_,1145131,routine_entry,matches
Free_Buffer_Space_,1145193,routine_entry,matches+unresolved
Allocate_Buffer_Space_,1145263,routine_entry,shorter+unresolved
Clear_Buffer_Reload_,1145667,routine_entry,shorter+unresolved
Buffer_Reload_,1145895,routine_entry,matches+unresolved
Farload_Buffer_Library_,1147244,routine_entry,matches+unresolved
Get_Next_Buffer_Address_,1148284,routine_entry,matches
Get_Lowest_Priority_,1148603,routine_entry,matches
Check_For_Valid_Segs_,1148875,routine_entry,shorter
utoa_,1149046,routine_entry,matches
_itoa_,1149120,routine_entry,matches
itoa_,1149120,routine_entry,matches
fread_,1149147,routine_entry,matches
Set_Window_,1149622,routine_entry,matches
Save_Window_,1149769,routine_entry,matches
Restore_Window_,1149848,routine_entry,matches
Reset_Window_,1149927,routine_entry,shorter+unresolved
Fill_,1150002,routine_entry,matches
Interlaced_Fill_,1150686,routine_entry,matches
Tri_Interlaced_Fill_,1151280,routine_entry,matches
Gray_Scale_Fill_,1151897,routine_entry,shorter+unresolved
Interlaced_Gray_Scale_Fill_,1152276,routine_entry,shorter+unresolved
Dot_,1152813,routine_entry,matches
Box_,1152963,routine_entry,matches
Darken_Fill_,1153246,routine_entry,matches
Tint_Fill_,1153309,routine_entry,matches
Gradient_Fill_,1153924,routine_entry,shorter
memset_,1154160,routine_entry,matches
__get_errno_ptr_,1154184,routine_entry,matches
__get_doserrno_ptr_,1154190,routine_entry,matches
strerror_,1154196,routine_entry,matches
fwrite_,1154219,routine_entry,matches
_access_,1154667,routine_entry,matches
access_,1154667,routine_entry,matches
__update_buffer_,1154726,routine_entry,matches
fseek_,1154792,routine_entry,matches
clock_,1155044,routine_entry,matches
fflush_,1155049,routine_entry,matches
Draw_No_Glass_,1155065,routine_entry,shorter+unresolved
Draw_,1156216,routine_entry,shorter+unresolved
Draw_Animated_Sprite_Back_Diff_,1157396,routine_entry,matches
Draw_No_Glassed_Animated_Sprite_,1157793,routine_entry,matches
Draw_No_Glassed_Bitmap_Sprite_,1158092,routine_entry,matches
Draw_Glassed_Animated_Sprite_,1158308,routine_entry,matches
Set_Animation_Palette_,1158656,routine_entry,matches
Draw_Glassed_Bitmap_Sprite_,1158848,routine_entry,matches
Draw_Screen_Background_Off_,1159116,routine_entry,matches
Draw_Animated_Sprite_On_Page_,1159351,routine_entry,matches
Draw_Screen_Background_On_,1159897,routine_entry,matches
Draw_Glassed_Screen_Background_Off_,1160160,routine_entry,matches
Draw_Glassed_Screen_Background_On_,1160449,routine_entry,matches
Clip_On_,1160756,routine_entry,shorter+unresolved
Clip_Off_,1160796,routine_entry,shorter+unresolved
Dot_Stencil_On_,1160836,routine_entry,shorter+unresolved
Dot_Stencil_Off_,1160876,routine_entry,shorter+unresolved
Get_Full_Store_Flag_,1160916,routine_entry,matches
Reset_Animation_Frame_,1160998,routine_entry,matches
Set_Animation_Frame_,1161043,routine_entry,matches
Draw_Palette_,1161117,routine_entry,matches
Remap_Draw_,1161185,routine_entry,matches+unresolved
Remap_Draw_Animated_Sprite_,1161963,routine_entry,matches
Remap_Clipped_Draw_Animated_Sprite_,1162251,routine_entry,matches
Draw_Gray_Scaled_,1163066,routine_entry,matches
Draw_Screen_Background_Off_Gray_Scale_,1163543,routine_entry,shorter+unresolved
Mark_Time_,1163936,routine_entry,matches
Time_Passed_,1163950,routine_entry,matches
Timer_Value_,1163965,routine_entry,matches
Release_Time_,1163974,routine_entry,matches
Read_Key_,1164001,routine_entry,matches
Check_Key_,1164123,routine_entry,matches
Keyboard_Status_,1164178,routine_entry,matches
Key_Waiting_,1164243,routine_entry,matches
Init_Keyboard_,1164320,routine_entry,shorter+unresolved
Disable_Keyboard_,1164435,routine_entry,matches
New09_Handler_,1164504,routine_entry,matches
getch_,1164660,routine_entry,matches
Scan_Key_,1164718,routine_entry,matches
Open_File_Animation_,1164807,routine_entry,shorter+unresolved
Draw_File_Animation_,1165260,routine_entry,matches
Draw_Multi_File_Animation_Stencil_,1166038,routine_entry,matches
Draw_File_Animation_Stencil_,1166637,routine_entry,shorter+unresolved
Draw_File_Animation_On_,1167213,routine_entry,shorter+unresolved
Open_Multi_File_Animation_,1167813,routine_entry,shorter+unresolved
Draw_Multi_File_Animation_,1168392,routine_entry,shorter+unresolved
Set_File_Animation_Frame_,1169074,routine_entry,matches
Get_File_Animation_Frame_,1169163,routine_entry,matches
Get_Multi_File_Animation_Frame_,1169221,routine_entry,matches
Reset_File_Animation_Buffer_,1169294,routine_entry,matches
Set_File_Animation_Buffer_,1169335,routine_entry,matches
Draw_Multi_File_Animation_Palette_,1169379,routine_entry,matches
Draw_File_Animation_Palette_,1169486,routine_entry,matches
Set_Multi_File_Animation_Frame_,1169551,routine_entry,matches
Create_Blank_Bitmap_,1169653,routine_entry,matches
Create_Bitmap_Header_,1169731,routine_entry,matches
Create_Multi_Frame_Blank_Bitmap_,1169872,routine_entry,matches
Create_Multi_Frame_Bitmap_Header_,1169942,routine_entry,matches
Get_Bitmap_Size_,1170084,routine_entry,matches
Set_Picture_Glassed_,1170172,routine_entry,matches
Shear_Bitmap_Y_,1170235,routine_entry,matches
Shear_Array_Bitmap_Y_,1170581,routine_entry,matches
Shear_Bitmap_X_,1170800,routine_entry,matches
Shear_Array_Bitmap_X_,1171154,routine_entry,matches
Flip_Bitmap_,1171378,routine_entry,matches
Copy_Bitmap_To_Bitmap_,1171634,routine_entry,matches
Screen_Bitmap_Capture_,1171784,routine_entry,matches
Draw_Bitmap_To_Mouse_,1171936,routine_entry,matches
Clear_Mouse_Image_,1172274,routine_entry,matches
Scale_Bitmap_,1172340,routine_entry,matches
Vanish_Bitmap_,1172816,routine_entry,matches
Outline_Bitmap_,1173071,routine_entry,matches
Bitmap_Aura_,1173303,routine_entry,matches
Transpose_Bitmap_,1173507,routine_entry,matches
Tint_Bitmap_,1173716,routine_entry,matches
Create_Brighten_Bitmap_Palettes_,1173921,routine_entry,matches
Mask_Brighten_Bitmap_,1174307,routine_entry,matches
Darken_Bitmap_,1175076,routine_entry,matches
Jumble_Bitmap_,1175271,routine_entry,matches
Mask_Out_Bitmap_With_Bitmap_,1175485,routine_entry,matches
Mask_Out_Colors_,1176226,routine_entry,matches
Interlace_Gray_Scale_Bitmap_,1176370,routine_entry,shorter+unresolved
Gray_Scale_Bitmap_,1176728,routine_entry,shorter+unresolved
Draw_Picture_To_Bitmap_,1176952,routine_entry,matches
Add_Picture_To_Bitmap_,1177574,routine_entry,matches+unresolved
Draw_Bitmap_Rotated_,1178959,routine_entry,matches
Get_Rotated_Pixels_,1179135,routine_entry,matches
Draw_Bitmap_Line_,1179800,routine_entry,matches
Draw_Bitmap_Animation_Block_,1181857,routine_entry,matches
Form_Texture_Map_Edge_List_,1183283,routine_entry,matches
Texture_Map_Block_,1184213,routine_entry,shorter+unresolved
Get_Bitmap_Actual_Size_,1185064,routine_entry,matches
Line_Texture_Map_,1185372,routine_entry,matches
Get_Bitmap_Pixel_,1185708,routine_entry,matches
Set_Palette_Colors_,1185834,routine_entry,matches
Set_Palette_Changes_,1186004,routine_entry,matches
Clear_Palette_Changes_,1186082,routine_entry,matches
Save_Palette_,1186160,routine_entry,matches
Restore_Palette_,1186211,routine_entry,matches
Set_Palette_Gradient_,1186276,routine_entry,matches
Set_Glass_Remap_Color_,1186507,routine_entry,matches
Reset_Cycle_Palette_Color_,1186612,routine_entry,shorter+unresolved
Cycle_Palette_Color_,1186653,routine_entry,matches+unresolved
Update_Cycle_,1187435,routine_entry,matches+unresolved
Refresh_Palette_,1187707,routine_entry,matches
Allocate_Glass_Remap_Next_Block_,1187941,routine_entry,matches
Save_Glass_Remap_Block_,1187996,routine_entry,matches
Restore_Glass_Remap_Block_,1188073,routine_entry,matches
RGB_To_HLS_,1188151,routine_entry,matches
HLS_To_RGB_,1188686,routine_entry,matches
Value_,1188961,routine_entry,matches
RADMALLOC,1189279,routine_entry,matches
RADFREE,1189396,routine_entry,matches
Open_Smacker_Animation_,1189446,routine_entry,matches
Set_Smacker_Animation_Frame_,1189694,routine_entry,matches
Get_Smacker_Animation_Height_,1189730,routine_entry,matches
Get_Smacker_Animation_Width_,1189795,routine_entry,matches
Get_Smacker_Animation_Total_Frames_,1189860,routine_entry,matches
Get_Smacker_Animation_Frame_,1189925,routine_entry,matches
Draw_Smacker_Animation_,1189993,routine_entry,matches
Close_Smacker_Animation_,1190356,routine_entry,matches+unresolved
Set_Smacker_Palette_,1190417,routine_entry,matches
Vsync_Speed_Test_,1190564,routine_entry,shorter+unresolved
Store_Palette_Block_,1190648,routine_entry,matches
Wait_For_Vsync_,1190695,routine_entry,matches
Forced_Wait_For_Vsync_,1190721,routine_entry,matches
Tint_Palette_,1190738,routine_entry,matches
Darken_Palette_,1191040,routine_entry,matches
Cycle_Palette_,1191222,routine_entry,matches
Dual_Cycle_Palette_,1191529,routine_entry,matches
Store_Single_Palette_Color_,1191719,routine_entry,matches
String_To_Upper_,1191772,routine_entry,matches
String_To_Lower_,1191885,routine_entry,matches
Trim_,1191998,routine_entry,matches
Swap_,1192146,routine_entry,matches
Swap_Short_,1192209,routine_entry,matches
Swap_Char_,1192276,routine_entry,matches
Swap_Long_,1192339,routine_entry,matches
Delete_Structure_,1192402,routine_entry,matches
Update_Glass_Remap_Colors_,1192503,routine_entry,matches
Update_Glass_Remap_Color_Range_,1193147,routine_entry,matches
Sort_Palette_List_,1193770,routine_entry,shorter+unresolved
Find_Closest_Color_,1194185,routine_entry,matches
Get_Palette_Animation_Color_,1194926,routine_entry,matches
Calculate_Picture_Remap_Colors_,1195164,routine_entry,matches
Create_Picture_Remap_Palette_,1195286,routine_entry,matches
Get_Remap_Palette_Color_,1195489,routine_entry,matches
Get_Palette_RGB_,1195542,routine_entry,matches
byteswap_,1195638,routine_entry,matches
med3_,1195676,routine_entry,matches
qsort_,1195764,routine_entry,matches
Interpolate_Line_,1196845,routine_entry,matches
Absolute_Interpolate_Line_,1197232,routine_entry,matches
Range_,1197623,routine_entry,matches
Delta_XY_With_Wrap_,1197764,routine_entry,matches
Path_,1197929,routine_entry,matches
Path_Wrap_,1198478,routine_entry,matches
isqrt_,1199250,routine_entry,matches
Line_,1199405,routine_entry,matches
Clip_Line_,1200983,routine_entry,matches
Draw_Horizontal_Run_,1202076,routine_entry,matches
Draw_Vertical_Run_,1202182,routine_entry,matches
Multi_Colored_Line_,1202288,routine_entry,matches
Draw_Horizontal_Run_Multi_,1203933,routine_entry,matches
Draw_Vertical_Run_Multi_,1204061,routine_entry,matches
Anti_Alias_Line_,1204189,routine_entry,matches
Draw_Horizontal_Run_Alias_,1205809,routine_entry,matches
Draw_Vertical_Run_Alias_,1205932,routine_entry,matches
Plasma_Box_,1206056,routine_entry,matches
Create_Plasma_Line_,1206488,routine_entry,matches
Plasma_Line_,1206831,routine_entry,matches
Draw_Horizontal_Run_Plasma_,1208483,routine_entry,matches
Draw_Vertical_Run_Plasma_,1208609,routine_entry,matches
Replace_Color_,1208735,routine_entry,matches+unresolved
Replace_Color_All_,1209406,routine_entry,matches+unresolved
No_Replace_Mask_Msg_,1210063,routine_entry,matches
Replace_Color_Gradient_,1210104,routine_entry,matches+unresolved
Replace_Gradient_Range_,1210883,routine_entry,matches
Replace_Color_Range_,1211782,routine_entry,matches
Establish_Color_Gradient_,1212640,routine_entry,shorter+unresolved
Shift_Palette_Range_,1212853,routine_entry,matches
Gray_Scale_Off_Page_,1212969,routine_entry,shorter+unresolved
Interlaced_Gray_Scale_Off_Page_,1213119,routine_entry,shorter+unresolved
_angle_to_sin,1213445,routine_entry,shorter
Get_Angle_,1213625,routine_entry,matches
Sin_,1213973,routine_entry,matches
Cos_,1214326,routine_entry,matches
Rotate_Coordinates_,1214386,routine_entry,shorter
strcmp_,1215376,routine_entry,shorter
Set_Bank_Write_Vesa_,1215540,routine_entry,matches
Set_Bank_Read_Vesa_,1215576,routine_entry,matches
Switch_Video_Pages_Vesa_,1215623,routine_entry,shorter+unresolved
Get_Bank_Write_Vesa_,1215664,routine_entry,matches
Fast_Screen_Block_Copy_,1215712,routine_entry,matches
Add_Square_To_Scan_List_,1215726,routine_entry,shorter+unresolved
cget_file_,1216018,routine_entry,matches
uncget_file_,1216102,routine_entry,matches
vfscanf_,1216110,routine_entry,matches
fscanf_,1216149,routine_entry,matches
fputs_,1216182,routine_entry,matches
_netLobby,1216305,routine_entry,shorter+unresolved
Net_Init_,1216315,routine_entry,matches+unresolved
Net_Uninit_,1216610,routine_entry,matches+unresolved
Net_Update_,1216699,routine_entry,matches+unresolved
Net_Is_Sending_,1216807,routine_entry,matches
Net_Send_Message_,1216851,routine_entry,matches
Net_Status_,1217036,routine_entry,matches
Net_Get_Users_,1217172,routine_entry,matches
Set_Null_Modem_Slave_,1217368,routine_entry,shorter+unresolved
Set_Null_Modem_Host_,1217415,routine_entry,shorter+unresolved
Net_Is_User_Valid_,1217462,routine_entry,matches
Net_Host_ID_,1217607,routine_entry,matches
Net_Update_Game_List_,1217654,routine_entry,shorter+unresolved
Net_Get_Game_Count_,1218137,routine_entry,matches
Net_Get_Game_Name_,1218186,routine_entry,matches
Net_Get_Game_Status_,1218296,routine_entry,matches
Net_Join_Game_,1218383,routine_entry,matches
Net_Create_Game_,1218605,routine_entry,matches
Net_Get_Player_Count_,1218794,routine_entry,matches
Net_Enable_New_Players_,1218894,routine_entry,matches
Net_Disable_New_Players_,1218959,routine_entry,matches
Net_New_Players_Enabled_,1219024,routine_entry,matches
memmove_,1219071,routine_entry,matches
_dos_findfirst_,1219148,routine_entry,matches
_dos_findnext_,1219177,routine_entry,matches
_dos_findclose_,1219205,routine_entry,shorter
strncpy_,1219278,routine_entry,matches
Reduce_Palette_,1219315,routine_entry,matches
Split_Cube_,1219966,routine_entry,matches
Sort_Cube_Points_,1221801,routine_entry,matches
Find_Longest_Axis_,1222417,routine_entry,matches
Initial_Cube_,1222604,routine_entry,shorter+unresolved
Find_Next_Lowest_Cube_Level_,1222735,routine_entry,matches
Shrink_Cube_,1223059,routine_entry,matches
Clear_Reduced_Palette_Groups_,1223361,routine_entry,shorter+unresolved
Add_Reduced_Palette_Group_,1223401,routine_entry,matches
Compress_Reduced_Palette_Groups_,1223681,routine_entry,matches
strncmp_,1223902,routine_entry,matches
LBX_create_,1223943,routine_entry,matches
LBX_init_,1223987,routine_entry,matches
LBX_uninit_,1224308,routine_entry,matches
LBX_readRecord_,1224379,routine_entry,matches
LBX_readPartialRecord_,1224534,routine_entry,matches
LBX_getRecordLength_,1224658,routine_entry,matches
LBX_getRecordLocation_,1224713,routine_entry,matches
LBX_writeRecord_,1224768,routine_entry,matches
LBX_appendRecord_,1225607,routine_entry,matches
LBX_deleteRecord_,1226399,routine_entry,matches
Save_Block_To_Drive_,1227197,routine_entry,matches
Restore_Block_From_Drive_,1227398,routine_entry,matches
Bolt_Line_,1227515,routine_entry,matches
Bolt_Segment_,1228484,routine_entry,matches
Wide_Bolt_Line_,1229356,routine_entry,matches
_stricmp_,1230998,routine_entry,matches
strcmpi_,1230998,routine_entry,matches
stricmp_,1230998,routine_entry,matches
mem_putc_,1231069,routine_entry,matches
vsprintf_,1231088,routine_entry,matches
time_,1231109,routine_entry,matches
_localtime_,1231156,routine_entry,matches
localtime_,1231237,routine_entry,matches
fgetc_,1231250,routine_entry,matches
__filbuf_,1231387,routine_entry,matches
__fill_buffer_,1231434,routine_entry,matches
_nfree_,1231606,routine_entry,matches
free_,1231606,routine_entry,matches
_nmalloc_,1231736,routine_entry,matches
malloc_,1231736,routine_entry,matches
Init_Modem_,1231963,routine_entry,matches
Uninit_Modem_,1232069,routine_entry,matches
Modem_Output_,1232119,routine_entry,matches
Modem_Read_Char_,1232212,routine_entry,matches
Modem_Answer_,1232293,routine_entry,matches+unresolved
Modem_Dial_Number_,1232385,routine_entry,shorter+unresolved
Get_Modem_Error_,1232600,routine_entry,matches
Modem_Connected_,1232861,routine_entry,matches
Modem_Hang_Up_,1232936,routine_entry,matches
Modem_Reset_,1233137,routine_entry,matches
Modem_Write_Char_,1233296,routine_entry,matches
Modem_Open_Port_,1233351,routine_entry,matches+unresolved
Modem_Close_Port_,1233510,routine_entry,matches+unresolved
InitTransportLayer_,1233574,routine_entry,matches+unresolved
UninitTransportLayer_,1233732,routine_entry,shorter+unresolved
PacketAcked_,1233820,routine_entry,matches
UserIsValid_,1233999,routine_entry,matches
SendPacketBurst_,1234379,routine_entry,matches+unresolved
UpdateTransportLayer_,1234648,routine_entry,matches+unresolved
ResetSending_,1234779,routine_entry,shorter+unresolved
ResetReceiving_,1234949,routine_entry,shorter+unresolved
SendAck_,1235047,routine_entry,matches
NumUsers_,1235225,routine_entry,matches
AllAcknowledged_,1235325,routine_entry,shorter+unresolved
ReceiveLargeUserMessage_,1235643,routine_entry,matches+unresolved
SendPacket_,1236606,routine_entry,matches
SendLargeUserMessage_,1236927,routine_entry,matches+unresolved
OutputDebugString_,1237382,routine_entry,matches
_toupper_,1237546,routine_entry,matches
toupper_,1237546,routine_entry,matches
_tolower_,1237560,routine_entry,matches
tolower_,1237560,routine_entry,matches
Print_Paragraph_,1237574,routine_entry,shorter+unresolved
Mark_Paragraph_,1238143,routine_entry,shorter+unresolved
Get_Paragraph_Max_Height_,1239167,routine_entry,matches
Get_Paragraph_Max_Width_,1239290,routine_entry,matches
Reset_Paragraph_Exclusions_,1239710,routine_entry,shorter+unresolved
Set_Paragraph_Exclusion_Area_,1239750,routine_entry,matches
Set_Paragraph_Exclusion_Picture_,1239893,routine_entry,matches
Remove_Paragraph_Marks_,1240062,routine_entry,matches
Print_Paragraph_To_Bitmap_,1240148,routine_entry,shorter+unresolved
_strupr_,1240665,routine_entry,matches
strupr_,1240665,routine_entry,matches
Blinds_Fade_,1240702,routine_entry,matches
__CMain,1240860,routine_entry,shorter
__InitRtns,1240940,routine_entry,matches
__FiniRtns,1241015,routine_entry,matches
__null_FPE_rtn,1241094,routine_entry,matches
__Init_Argv_,1241095,routine_entry,matches
_SplitParms_,1241288,routine_entry,shorter
__CHK,1241568,routine_entry,matches
__GRO,1241584,routine_entry,matches
__STK,1241587,routine_entry,matches
__STKOVERFLOW_,1241617,routine_entry,matches
strcat_,1241632,routine_entry,matches
int386_,1241683,routine_entry,matches
sound_,1241712,routine_entry,matches
nosound_,1241786,routine_entry,shorter
delay_,1241804,routine_entry,matches
printf_,1241809,routine_entry,matches
__null_int23_exit_,1241843,routine_entry,matches
_null_exit_rtn_,1241843,routine_entry,matches
exit_,1241844,routine_entry,matches
_exit_,1241868,routine_entry,matches
_memavl_,1241890,routine_entry,matches
memcpy_,1241946,routine_entry,matches
strcpy_,1241983,routine_entry,matches
_dos_getfileattr_,1242014,routine_entry,matches
_dos_setfileattr_,1242041,routine_entry,shorter
_dos_getdiskfree_,1242060,routine_entry,matches
remove_,1242105,routine_entry,matches
getcwd_,1242110,routine_entry,matches
AILDEBUG_start_,1242246,routine_entry,matches+unresolved
_TIME_callback,1242414,routine_entry,matches
TIME_write_,1242522,routine_entry,matches
_AIL_startup,1242688,routine_entry,matches+unresolved
_AIL_shutdown,1243068,routine_entry,matches
_AIL_set_preference,1243215,routine_entry,extends
_AIL_lock,1243465,routine_entry,matches
_AIL_unlock,1243470,routine_entry,matches
_AIL_get_real_vect,1243475,routine_entry,extends
_AIL_set_real_vect,1243710,routine_entry,matches
_AIL_set_USE16_ISR,1243831,routine_entry,matches
_AIL_restore_USE16_ISR,1243969,routine_entry,matches
_AIL_disable_interrupts,1244085,routine_entry,matches
_AIL_restore_interrupts,1244090,routine_entry,matches
_AIL_call_driver,1244104,routine_entry,matches
_AIL_delay,1244382,routine_entry,matches
_AIL_background,1244491,routine_entry,matches
_AIL_read_INI,1244496,routine_entry,matches
_AIL_register_timer,1245353,routine_entry,matches
_AIL_set_timer_user,1245588,routine_entry,matches
_AIL_set_timer_period,1245831,routine_entry,matches
_AIL_set_timer_frequency,1245949,routine_entry,matches
_AIL_set_timer_divisor,1246067,routine_entry,matches
_AIL_interrupt_divisor,1246185,routine_entry,matches
_AIL_start_timer,1246407,routine_entry,matches
_AIL_start_all_timers,1246516,routine_entry,matches
_AIL_stop_timer,1246614,routine_entry,matches
_AIL_stop_all_timers,1246723,routine_entry,matches
_AIL_release_timer_handle,1246821,routine_entry,matches
_AIL_release_all_timers,1246930,routine_entry,matches
_AIL_get_IO_environment,1247028,routine_entry,matches
_AIL_install_driver,1247257,routine_entry,matches
_AIL_uninstall_driver,1247500,routine_entry,matches
_AIL_install_DIG_INI,1247609,routine_entry,matches
_AIL_install_DIG_driver_file,1247831,routine_entry,matches
_AIL_uninstall_DIG_driver,1248068,routine_entry,matches
_AIL_allocate_sample_handle,1248177,routine_entry,matches
_AIL_allocate_file_sample,1248406,routine_entry,matches
_AIL_release_sample_handle,1248655,routine_entry,matches
_AIL_init_sample,1248764,routine_entry,matches
_AIL_set_sample_file,1248873,routine_entry,matches
_AIL_set_sample_address,1249135,routine_entry,matches
_AIL_set_sample_type,1249265,routine_entry,matches
_AIL_start_sample,1249395,routine_entry,matches
_AIL_stop_sample,1249504,routine_entry,matches
_AIL_resume_sample,1249613,routine_entry,matches
_AIL_end_sample,1249722,routine_entry,matches
_AIL_set_sample_playback_rate,1249831,routine_entry,matches
_AIL_set_sample_volume,1249949,routine_entry,matches
_AIL_set_sample_pan,1250067,routine_entry,matches
_AIL_set_sample_loop_count,1250185,routine_entry,matches
_AIL_sample_status,1250303,routine_entry,matches
_AIL_sample_playback_rate,1250532,routine_entry,matches
_AIL_sample_volume,1250773,routine_entry,matches
_AIL_sample_pan,1251002,routine_entry,matches
_AIL_sample_loop_count,1251231,routine_entry,matches
_AIL_install_DIG_driver_image,1251460,routine_entry,matches
_AIL_minimum_sample_buffer_size,1251709,routine_entry,matches
_AIL_sample_buffer_ready,1251958,routine_entry,matches
_AIL_load_sample_buffer,1252187,routine_entry,matches
_AIL_set_sample_position,1252330,routine_entry,matches
_AIL_sample_position,1252448,routine_entry,matches
_AIL_register_SOB_callback,1252677,routine_entry,matches
_AIL_register_EOB_callback,1252914,routine_entry,matches
_AIL_register_EOS_callback,1253151,routine_entry,matches
_AIL_register_EOF_callback,1253388,routine_entry,matches
_AIL_set_sample_user_data,1253625,routine_entry,matches
_AIL_sample_user_data,1253755,routine_entry,matches
_AIL_active_sample_count,1253992,routine_entry,matches
_AIL_install_MDI_INI,1254221,routine_entry,matches
_AIL_install_MDI_driver_file,1254437,routine_entry,matches
_AIL_uninstall_MDI_driver,1254674,routine_entry,matches
_AIL_allocate_sequence_handle,1254783,routine_entry,matches
_AIL_release_sequence_handle,1255012,routine_entry,matches
_AIL_init_sequence,1255121,routine_entry,matches
_AIL_start_sequence,1255370,routine_entry,matches
_AIL_stop_sequence,1255479,routine_entry,matches
_AIL_resume_sequence,1255588,routine_entry,matches
_AIL_end_sequence,1255697,routine_entry,matches
_AIL_set_sequence_tempo,1255806,routine_entry,matches
_AIL_set_sequence_volume,1255936,routine_entry,matches
_AIL_set_sequence_loop_count,1256066,routine_entry,matches
_AIL_sequence_status,1256184,routine_entry,matches
_AIL_sequence_tempo,1256413,routine_entry,matches
_AIL_sequence_volume,1256642,routine_entry,matches
_AIL_sequence_loop_count,1256871,routine_entry,matches
_AIL_install_MDI_driver_image,1257100,routine_entry,matches
_AIL_set_GTL_filename_prefix,1257349,routine_entry,matches
_AIL_timbre_status,1257458,routine_entry,matches
_AIL_install_timbre,1257707,routine_entry,matches
_AIL_protect_timbre,1257956,routine_entry,matches
_AIL_unprotect_timbre,1258086,routine_entry,matches
_AIL_active_sequence_count,1258216,routine_entry,matches
_AIL_controller_value,1258445,routine_entry,matches
_AIL_channel_notes,1258694,routine_entry,matches
_AIL_sequence_position,1258931,routine_entry,matches
_AIL_branch_index,1259195,routine_entry,matches
_AIL_register_prefix_callback,1259313,routine_entry,matches
_AIL_register_trigger_callback,1259550,routine_entry,matches
_AIL_register_sequence_callback,1259787,routine_entry,matches
_AIL_register_event_callback,1260024,routine_entry,matches
_AIL_register_timbre_callback,1260261,routine_entry,matches
_AIL_set_sequence_user_data,1260498,routine_entry,matches
_AIL_sequence_user_data,1260628,routine_entry,matches
_AIL_register_ICA_array,1260865,routine_entry,matches
_AIL_lock_channel,1260983,routine_entry,matches
_AIL_release_channel,1261212,routine_entry,matches
_AIL_map_sequence_channel,1261330,routine_entry,matches
_AIL_true_sequence_channel,1261460,routine_entry,matches
_AIL_send_channel_voice_message,1261697,routine_entry,matches
_AIL_send_sysex_message,1261850,routine_entry,matches
_AIL_create_wave_synthesizer,1261968,routine_entry,matches
_AIL_destroy_wave_synthesizer,1262232,routine_entry,matches
AILDEBUG_end_,1262341,routine_entry,matches
strlen_,1262383,routine_entry,matches
Load_System_Font_,1262408,routine_entry,shorter+unresolved
Load_System_Mouse_,1263452,routine_entry,matches
_Full_at_exit_rtn_,1263819,routine_entry,matches+unresolved
atexit_,1263878,routine_entry,matches
_Alphabet,1263938,routine_entry,extends+unresolved
ultoa_,1263975,routine_entry,matches
_ltoa_,1264049,routine_entry,matches
ltoa_,1264049,routine_entry,matches
Print_Character_ASM_,1264076,routine_entry,matches
Print_Character_No_Alias_ASM_,1264134,routine_entry,matches
_disable_,1264198,routine_entry,matches
_enable_,1264200,routine_entry,matches
int386x_,1264202,routine_entry,shorter
Count_It_,1264228,routine_entry,matches
Get_ES_,1264261,routine_entry,matches
Get_DS_,1264267,routine_entry,matches
Save_Mouse_Hi_Res_,1264273,routine_entry,shorter+unresolved
Restore_Mouse_Hi_Res_,1265324,routine_entry,shorter+unresolved
Draw_Mouse_Buffer_,1266333,routine_entry,shorter+unresolved
Save_Mouse_Off_Page_,1267481,routine_entry,shorter+unresolved
Restore_Mouse_Off_Page_,1267792,routine_entry,shorter+unresolved
Draw_Mouse_Off_Page_Buffer_,1268063,routine_entry,shorter+unresolved
Set_Video_Mode_Lo_Res_,1268442,routine_entry,matches
Set_Video_Mode_Mode_X_,1268473,routine_entry,matches
Set_Video_Mode_Mode_X240_,1268504,routine_entry,matches
Set_Video_Mode_Mode_Y_,1268535,routine_entry,matches
Full_Screen_Dump_Lo_Res_,1268566,routine_entry,matches
Full_Screen_Dump_Mode_X_,1268597,routine_entry,matches
Full_Screen_Dump_Mode_X240_,1268628,routine_entry,matches
Full_Screen_Dump_Mode_Y_,1268659,routine_entry,matches
Partial_Screen_Dump_Lo_Res_,1268690,routine_entry,matches
Partial_Screen_Dump_Mode_X_,1268721,routine_entry,matches
Partial_Screen_Dump_Mode_X240_,1268752,routine_entry,matches
Partial_Screen_Dump_Mode_Y_,1268783,routine_entry,matches
Masked_Screen_Dump_Lo_Res_,1268814,routine_entry,matches
Masked_Screen_Dump_Mode_X_,1268845,routine_entry,matches
Masked_Screen_Dump_Mode_X240_,1268876,routine_entry,matches
Masked_Screen_Dump_Mode_Y_,1268907,routine_entry,matches
Copy_Off_To_On_Lo_Res_,1268938,routine_entry,matches
Copy_Off_To_On_Mode_X_,1268977,routine_entry,matches
Copy_Off_To_On_Mode_X240_,1269016,routine_entry,matches
Copy_Off_To_On_Mode_Y_,1269055,routine_entry,matches
Save_Mouse_Lo_Res_,1269094,routine_entry,matches
Save_Mouse_Mode_X_,1269125,routine_entry,matches
Save_Mouse_Mode_X240_,1269156,routine_entry,matches
Save_Mouse_Mode_Y_,1269187,routine_entry,matches
Restore_Mouse_Lo_Res_,1269218,routine_entry,matches
Restore_Mouse_Mode_X_,1269249,routine_entry,matches
Restore_Mouse_Mode_X240_,1269280,routine_entry,matches
Restore_Mouse_Mode_Y_,1269311,routine_entry,matches
Draw_Mouse_Lo_Res_,1269342,routine_entry,matches
Draw_Mouse_Mode_X_,1269373,routine_entry,matches
Draw_Mouse_Mode_X240_,1269404,routine_entry,matches
Draw_Mouse_Mode_Y_,1269435,routine_entry,matches
Save_Video_State_Lo_Res_,1269466,routine_entry,matches
Save_Video_State_Mode_X_,1269497,routine_entry,matches
Save_Video_State_Mode_X240_,1269528,routine_entry,matches
Save_Video_State_Mode_Y_,1269559,routine_entry,matches
Restore_Video_State_Lo_Res_,1269590,routine_entry,matches
Restore_Video_State_Mode_X_,1269621,routine_entry,matches
Restore_Video_State_Mode_X240_,1269652,routine_entry,matches
Restore_Video_State_Mode_Y_,1269683,routine_entry,matches
Test_For_Vesa_,1269714,routine_entry,shorter+unresolved
Get_Vesa_Total_Memory_,1269953,routine_entry,shorter+unresolved
Get_Vesa_Granularity_,1270256,routine_entry,shorter+unresolved
Set_Video_Mode_Vesa_,1270600,routine_entry,shorter+unresolved
__prtf_,1270711,routine_entry,matches+unresolved
getprintspecs_,1271638,routine_entry,matches
evalflags_,1271956,routine_entry,matches
far_strlen_,1272051,routine_entry,matches
far_other_strlen_,1272087,routine_entry,matches
fmt4hex_,1272122,routine_entry,matches
FixedPoint_Format_,1272216,routine_entry,matches
float_format_,1272461,routine_entry,matches
formstring_,1272468,routine_entry,matches
zupstr_,1273725,routine_entry,matches
__set_EDOM_,1273749,routine_entry,matches
__set_errno_,1273754,routine_entry,matches
__set_ERANGE_,1273766,routine_entry,matches
__set_EINVAL_,1273773,routine_entry,matches
__set_doserrno_,1273789,routine_entry,matches
open_,1273801,routine_entry,matches
sopen_,1273837,routine_entry,matches+unresolved
__set_binary_,1274326,routine_entry,matches
__allocfp_,1274427,routine_entry,matches
__freefp_,1274593,routine_entry,matches
__purgefp_,1274650,routine_entry,matches
__chktty_,1274680,routine_entry,shorter
getpid_,1274730,routine_entry,matches
__flush_,1274736,routine_entry,matches
ftell_,1274953,routine_entry,matches
_lseek_,1275019,routine_entry,matches
lseek_,1275019,routine_entry,matches
__close_,1275086,routine_entry,matches
__ioalloc_,1275139,routine_entry,matches
__qread_,1275258,routine_entry,shorter
Fill_Column_,1275292,routine_entry,matches
Fill_Region_,1275323,routine_entry,matches
Interlaced_Fill_Column_,1275371,routine_entry,matches
Interlaced_Fill_Region_,1275404,routine_entry,matches
Tri_Interlaced_Fill_Column_,1275486,routine_entry,matches
Tri_Interlaced_Fill_Region_,1275544,routine_entry,matches
Tint_Fill_Column_,1275683,routine_entry,matches
Tint_Fill_Region_,1275744,routine_entry,shorter
Shear_X_Negative_,1275828,routine_entry,matches
Shear_X_Positive_,1275855,routine_entry,matches
Shear_Y_Negative_,1275885,routine_entry,matches
Shear_Y_Positive_,1275942,routine_entry,matches
Flip_Bitmap_Left_Same_,1276030,routine_entry,matches
Flip_Bitmap_Left_Different_,1276070,routine_entry,matches
Flip_Bitmap_Down_Same_,1276099,routine_entry,matches
Flip_Bitmap_Down_Different_,1276143,routine_entry,matches
Capture_Screen_Block_,1276187,routine_entry,matches
Enlarge_Bitmap_,1276213,routine_entry,shorter+unresolved
Reduce_Bitmap_,1276434,routine_entry,shorter+unresolved
Vanish_Bitmap_Pixels_,1276604,routine_entry,matches
Outline_Bitmap_Pixels_,1276809,routine_entry,shorter+unresolved
Outline_Bitmap_Pixels_No_Glass_,1277034,routine_entry,shorter+unresolved
Bitmap_Aura_Pixels_,1277267,routine_entry,matches
Transpose_Bitmap_Clockwise_,1277360,routine_entry,matches
Transpose_Bitmap_Counter_,1277415,routine_entry,matches
Tint_Bitmap_Pixels_,1277475,routine_entry,matches
Gray_Scale_Fill_Pixels_,1277537,routine_entry,matches
Jumble_Bitmap_Pixels_,1277599,routine_entry,matches
Mask_Bitmap_Pixels_,1277758,routine_entry,matches
Mask_Brighten_Bitmap_Pixels_,1277819,routine_entry,matches
Mask_Bitmap_Pixels_Inverse_,1277919,routine_entry,matches
Mask_Bitmap_Colors_Pixels_,1277980,routine_entry,matches
Texture_Map_Pixels_PUPV_,1278086,routine_entry,matches
Texture_Map_Pixels_NUPV_,1278152,routine_entry,matches
Texture_Map_Pixels_PUNV_,1278218,routine_entry,matches
Texture_Map_Pixels_NUNV_,1278284,routine_entry,matches
Gray_Scale_Off_Page_ASM_,1278350,routine_entry,matches
Interlace_Scale_Off_Page_ASM_,1278402,routine_entry,shorter+unresolved
__STOSB,1278496,routine_entry,shorter
__STOSD,1278551,routine_entry,matches
__qwrite_,1278659,routine_entry,matches
fputc_,1278775,routine_entry,matches
_dosret0_,1278939,routine_entry,matches
_dosretax_,1278946,routine_entry,matches
__set_errno_dos_,1278950,routine_entry,matches
tell_,1279063,routine_entry,matches
clock_value_,1279080,routine_entry,matches
__clock_init_,1279171,routine_entry,matches
__clock_,1279182,routine_entry,matches
flushall_,1279222,routine_entry,matches
__flushall_,1279227,routine_entry,shorter
Draw_Animated_Sprite_,1279276,routine_entry,matches
Draw_Bitmap_Sprite_,1279411,routine_entry,matches
Color_Stream_Copy_,1279493,routine_entry,matches
Clipped_Draw_Bitmap_Sprite_,1279517,routine_entry,matches
Clipped_Draw_Glassed_Bitmap_Sprite_,1279968,routine_entry,matches
Clipped_Draw_Animated_Sprite_,1280500,routine_entry,matches
Clipped_Draw_Glassed_Animated_Sprite_,1281075,routine_entry,matches
Clipped_Draw_Stenciled_Animated_Sprite_,1281879,routine_entry,matches
AClipped_Draw_Stenciled_Animated_Sprite_,1282936,routine_entry,shorter+unresolved
_dos_getvect_,1284057,routine_entry,matches
_dos_setvect_,1284107,routine_entry,shorter
SMACKSOUNDMSSLITEDONE,1284160,routine_entry,shorter
SMACKSOUNDMSSLITEINITWITHSTART,1284192,routine_entry,shorter
SMACKSOUNDUSEMSS,1284240,routine_entry,shorter
MSSLOWSOUNDVOLPAN,1284432,routine_entry,shorter
MSSSMACKTIMERDONE,1284544,routine_entry,shorter
MSSSMACKTIMERSETUP,1284640,routine_entry,shorter+unresolved
MSSWINSMACKTIMERREAD,1284880,routine_entry,shorter
MSSSMACKTIMERREAD,1284912,routine_entry,shorter
MSS_INT,1285040,routine_entry,shorter
MSSLOWSOUNDCLOSE,1285056,routine_entry,shorter
MSSLOWSOUNDPURGE,1285184,routine_entry,shorter
MSSLOWSOUNDOPEN,1285248,routine_entry,shorter
doinit_,1285696,routine_entry,shorter
MSSLOWSOUNDPLAYED,1285840,routine_entry,shorter
MSSLOWSOUNDCHECK,1285920,routine_entry,shorter
SMACKWRAPCOPY,1286160,routine_entry,shorter
SMACKWAIT,1286288,routine_entry,shorter+unresolved
SMACKSOUNDCHECK,1286576,routine_entry,matches
SMACKVOLUMEPAN,1286592,routine_entry,shorter+unresolved
SMACKSOUNDINTRACK,1286752,routine_entry,shorter+unresolved
SMACKTOBUFFERRECT,1286864,routine_entry,shorter+unresolved
SMACKGOTO,1287504,routine_entry,matches
SMACKGETTRACKDATA,1287552,routine_entry,shorter
SMACKCOLORREMAP,1287868,routine_entry,shorter+unresolved
SMACKCOLORTRANS,1288736,routine_entry,shorter
SMACKTOBUFFER,1288768,routine_entry,matches+unresolved
SMACKTOSCREEN,1289312,routine_entry,shorter
PutWidths_,1290688,routine_entry,shorter
SMACKNEXTFRAME,1290752,routine_entry,shorter
SMACKSUMMARY,1290928,routine_entry,shorter
timeframe_,1291184,routine_entry,shorter+unresolved
SMACKDOFRAME,1291472,routine_entry,shorter+unresolved
doskip_,1291696,routine_entry,shorter
soundnext_,1291808,routine_entry,shorter+unresolved
SMACKCLOSE,1292464,routine_entry,shorter+unresolved
SMACKSOUNDONOFF,1292800,routine_entry,shorter+unresolved
SMACKFRAMERATE,1293328,routine_entry,matches
SMACKSIMULATE,1293360,routine_entry,shorter
SMACKOPEN,1293376,routine_entry,shorter+unresolved
GetFirstTrack_,1295504,routine_entry,shorter
soundopen_,1295552,routine_entry,shorter
setuptheframe_,1296192,routine_entry,shorter+unresolved
gotoframe_,1297056,routine_entry,shorter+unresolved
readframe_,1297680,routine_entry,shorter
blockread_,1297744,routine_entry,matches
backgroundload_,1298432,routine_entry,shorter
smkmalloc_,1298704,routine_entry,matches
abs_,1298745,routine_entry,matches
ungetc_,1298752,routine_entry,matches
cget_,1298882,routine_entry,matches
uncget_,1298889,routine_entry,matches
__scnf_,1298897,routine_entry,matches
get_opt_,1299480,routine_entry,matches
scan_white_,1299725,routine_entry,matches
scan_char_,1299788,routine_entry,matches
scan_string_,1299937,routine_entry,matches
report_scan_,1300228,routine_entry,matches
makelist_,1300322,routine_entry,matches
scan_arb_,1300389,routine_entry,matches
scan_float_,1300639,routine_entry,matches+unresolved
scan_int_,1301430,routine_entry,matches
radix_value_,1301926,routine_entry,matches
cgetw_,1301965,routine_entry,matches
ComInit_,1302003,routine_entry,matches+unresolved
ComEnd_,1302394,routine_entry,shorter+unresolved
ComDoComms_,1302570,routine_entry,matches
ComSendUserMessage_,1302633,routine_entry,matches+unresolved
GetMessages_,1303026,routine_entry,matches
HandleUserMessage_,1303311,routine_entry,matches
ComReleaseComms_,1303593,routine_entry,matches
SendKeepAlive_,1303659,routine_entry,matches+unresolved
HandleKeepAlive_,1303929,routine_entry,matches
CheckKeepAlive_,1304264,routine_entry,matches
SendPDU_,1304410,routine_entry,matches
hostInDescStation_,1304563,routine_entry,matches
setHostLastKeepAlive_,1304659,routine_entry,matches
InitModemTransportLayer_,1304752,routine_entry,matches+unresolved
UninitModemTransportLayer_,1304929,routine_entry,shorter+unresolved
Send_Receive_Ack_,1305006,routine_entry,matches
Send_Receive_Nack_,1305102,routine_entry,matches
Modem_Send_Message_,1305198,routine_entry,matches
Modem_Status_,1305266,routine_entry,matches
Send_Modem_Message_,1305332,routine_entry,matches+unresolved
Get_Received_Ack_,1305927,routine_entry,matches
Modem_Clear_,1306018,routine_entry,matches
Modem_Update_,1306073,routine_entry,matches+unresolved
Receive_Modem_Packet_,1306229,routine_entry,matches+unresolved
StartNovellConnection_,1307039,routine_entry,shorter+unresolved
NetOpen_,1307287,routine_entry,matches
NetSend_,1307379,routine_entry,matches+unresolved
NetPoll_,1307701,routine_entry,matches
NetEnd_,1307854,routine_entry,shorter+unresolved
EnterNet_,1308049,routine_entry,matches
SendAssertStationPDU_,1308807,routine_entry,shorter+unresolved
AddHostToDescStation_,1308986,routine_entry,matches+unresolved
AddThisHostToDescStation_,1309511,routine_entry,matches
RemoveHostFromDescStation_,1309872,routine_entry,matches
GetTempStationID_,1310011,routine_entry,matches
Get_Network_Address_,1310149,routine_entry,shorter+unresolved
Load_Kernel_,1310438,routine_entry,matches
__doserror_,1310732,routine_entry,matches
LBX_Open_File_,1310751,routine_entry,shorter+unresolved
LBX_Add_File_,1311087,routine_entry,matches
LBX_Add_Data_File_,1311636,routine_entry,matches
LBX_Extract_File_,1312181,routine_entry,matches
Read_LBX_File_Type_,1312660,routine_entry,matches
Read_LBX_File_Entry_Count_,1312765,routine_entry,matches
Repeat_LBX_File_,1312867,routine_entry,matches
File_Size_,1313067,routine_entry,matches
fileExists_,1313162,routine_entry,matches
unlink_,1313240,routine_entry,matches
rename_,1313273,routine_entry,matches
__getctime_,1313319,routine_entry,matches
mktime_,1313514,routine_entry,matches
__CacheOSTZ_,1313854,routine_entry,matches
tryOSTimeZone_,1313938,routine_entry,matches
tzset_,1313962,routine_entry,matches
__parse_tz_,1313976,routine_entry,extends
parse_time_,1314031,routine_entry,matches
parse_offset_,1314067,routine_entry,matches+unresolved
parse_rule_,1314364,routine_entry,shorter
__brktime_,1314830,routine_entry,matches
_gmtime_,1315107,routine_entry,matches
gmtime_,1315137,routine_entry,matches
__leapyear_,1315150,routine_entry,matches
calc_yday_,1315209,routine_entry,matches
check_order_,1315438,routine_entry,matches
__isindst_,1315490,routine_entry,matches+unresolved
time_less_,1316197,routine_entry,matches
getche_,1316245,routine_entry,matches
__MemAllocator,1316274,routine_entry,shorter
__MemFree,1316442,routine_entry,matches
__unlink_,1316709,routine_entry,matches
__FreeDPMIBlocks_,1316790,routine_entry,extends
__ReAllocDPMIBlock_,1316882,routine_entry,matches
__LinkUpNewMHeap_,1317137,routine_entry,matches
__LastFree_,1317253,routine_entry,matches
RationalAlloc_,1317333,routine_entry,matches+unresolved
__CreateNewNHeap_,1317542,routine_entry,matches
__ExpandDGROUP_,1317718,routine_entry,matches
__AdjustAmount_,1318050,routine_entry,matches
__nmemneed_,1318175,routine_entry,matches
putch_,1318178,routine_entry,shorter
HMReset_,1318208,routine_entry,shorter
_icat_,1318228,routine_entry,matches
HMSetRegister_,1318312,routine_entry,matches
HMSetAutoAnswerRingCount_,1318572,routine_entry,matches
HMGetIncomingRingCount_,1318584,routine_entry,shorter
HMSetEscapeCode_,1318600,routine_entry,shorter
HMSetEndOfLineCharacter_,1318620,routine_entry,shorter
HMSetLineFeedCharacter_,1318640,routine_entry,shorter
HMSetBackspaceCharacter_,1318660,routine_entry,shorter
HMSetWaitForDialToneTime_,1318680,routine_entry,shorter
HMSetWaitTimeForCarrier_,1318696,routine_entry,shorter
HMSetPauseTimeForComma_,1318712,routine_entry,shorter
HMSetCDResponseTime_,1318728,routine_entry,shorter
HMSetCarrierDisconnectTime_,1318744,routine_entry,shorter
HMSetTouchToneDuration_,1318760,routine_entry,shorter
HMSetEscapeCodeGuardTime_,1318776,routine_entry,shorter
HMGetUARTStatus_,1318792,routine_entry,shorter
HMGetOptionRegister_,1318808,routine_entry,shorter
HMGetFlagRegister_,1318824,routine_entry,shorter
HMGoOnline_,1318840,routine_entry,shorter
HMSetDialingMethod_,1318868,routine_entry,matches
HMDial_,1318904,routine_entry,matches
HMRepeatLastCommand_,1319048,routine_entry,shorter
HMDialInAnswerMode_,1319076,routine_entry,shorter
HMDialAndReturnToCommandMode_,1319260,routine_entry,shorter
HMAnswer_,1319444,routine_entry,shorter
_hm3_,1319472,routine_entry,shorter
HMSetCarrier_,1319640,routine_entry,shorter
HMSetEchoMode_,1319672,routine_entry,shorter
HMSetFullDuplexMode_,1319704,routine_entry,shorter
HMSetHookSwitch_,1319736,routine_entry,shorter
HMSetSpeaker_,1319768,routine_entry,shorter
HMReturnNoResultCodes_,1319800,routine_entry,shorter
HMSelectExtendedResultCodes_,1319832,routine_entry,shorter
HMSetVerboseMode_,1319864,routine_entry,shorter
HMWaitForOK_,1319896,routine_entry,matches
HMFixedDelay_,1319908,routine_entry,shorter
HMSetUpEchoRoutine_,1319916,routine_entry,shorter
HMSetUpAbortKey_,1319924,routine_entry,shorter
HMSendString_,1319932,routine_entry,matches
HMSendStringNoWait_,1320144,routine_entry,shorter
HMGetRegister_,1320188,routine_entry,shorter
HMInputLine_,1320592,routine_entry,shorter
HMSetBackspaceCharacterVB_,1320788,routine_entry,shorter
HMSetEndOfLineCharacterVB_,1320808,routine_entry,shorter
HMSetEscapeCodeVB_,1320828,routine_entry,shorter
HMSetLineFeedCharacterVB_,1320848,routine_entry,shorter
ClearRXBuffer_,1320880,routine_entry,shorter
GetDsr_,1320928,routine_entry,shorter
GetCd_,1320948,routine_entry,shorter
GetRi_,1320972,routine_entry,shorter
GetCts_,1320992,routine_entry,shorter
SetDefaultBufferSize_,1321024,routine_entry,shorter
_GetModemStatusGreenleafFast_,1321040,routine_entry,matches
_GetLineStatusGreenleafFast_,1321108,routine_entry,matches
_ClearLineStatusGreenleafFast_,1321268,routine_entry,shorter
_SendBreakGreenleafFast_,1321400,routine_entry,shorter
_ReadBufferGreenleafFast_,1321564,routine_entry,matches
_SetDTRGreenleafFast_,1321932,routine_entry,shorter
_SetRTSGreenleafFast_,1322044,routine_entry,shorter
_CloseGreenleafFast_,1322156,routine_entry,matches+unresolved
_PortCloseGreenleafFast_,1322688,routine_entry,shorter
_PutcGreenleafFast_,1322752,routine_entry,shorter
_WriteBufferGreenleafFast_,1322956,routine_entry,shorter
_ClearTXBufferGreenleafFast_,1323288,routine_entry,shorter
_GetTXSpaceFreeGreenleafFast_,1323448,routine_entry,shorter
_GetTXSpaceUsedGreenleafFast_,1323612,routine_entry,shorter
_GetRXSpaceFreeGreenleafFast_,1323776,routine_entry,shorter
_GetRXSpaceUsedGreenleafFast_,1323848,routine_entry,shorter
_RtsCtsGreenleafFast_,1323912,routine_entry,shorter
_DtrDsrGreenleafFast_,1324064,routine_entry,shorter
_GetcGreenleafFast_,1324216,routine_entry,shorter
_PeekcGreenleafFast_,1324440,routine_entry,shorter
_BlockGreenleafFast_,1324560,routine_entry,shorter
_PortSetGreenleafFast_,1324728,routine_entry,shorter
LinkToInterrupt_,1325056,routine_entry,shorter
_OpenGreenleafFast_,1325420,routine_entry,shorter+unresolved
PortOpenGreenleafFast_,1326040,routine_entry,shorter
FastSetPortHardware_,1326336,routine_entry,shorter
FastGetPortHardware_,1326420,routine_entry,shorter
FastSet16550TriggerLevel_,1326544,routine_entry,matches
FastSet16550UseTXFifos_,1326580,routine_entry,matches
fprintf_,1326586,routine_entry,matches
stackavail_,1326619,routine_entry,matches
__CommonInit_,1326628,routine_entry,matches
__exit_with_msg_,1326733,routine_entry,matches
__fatal_runtime_error_,1326738,routine_entry,matches
segread_,1326767,routine_entry,matches
__delay_init_,1326807,routine_entry,matches
__delay_,1326857,routine_entry,matches
file_putc_,1326911,routine_entry,matches
__fprtf_,1326928,routine_entry,shorter
_DLL_read,1327063,routine_entry,matches
_MEM_use_malloc,1327166,routine_entry,matches
_MEM_use_free,1327218,routine_entry,matches
_MEM_alloc_lock,1327270,routine_entry,matches
_MEM_free_lock,1327340,routine_entry,matches
_MEM_alloc_DOS,1327396,routine_entry,matches
_MEM_free_DOS,1327570,routine_entry,matches
_VMM_lock_range,1327645,routine_entry,matches
_VMM_unlock_range,1327839,routine_entry,matches
_VMM_lock,1328033,routine_entry,matches
_VMM_unlock,1328085,routine_entry,matches
_DLL_size,1328137,routine_entry,matches
_DLL_load,1328475,routine_entry,matches
_FILE_error,1329780,routine_entry,matches
_FILE_size,1329818,routine_entry,shorter+unresolved
_FILE_read,1329944,routine_entry,shorter+unresolved
_FILE_write,1330214,routine_entry,shorter+unresolved
_FILE_append,1330388,routine_entry,shorter+unresolved
_AIL_API_lock,1330560,routine_entry,matches
_AIL_API_unlock,1330573,routine_entry,matches
_API_timer,1330586,routine_entry,shorter+unresolved
_set_PIT_divisor,1330880,routine_entry,matches
_set_PIT_period,1330928,routine_entry,matches
_program_timers,1330979,routine_entry,matches
_AILA_startup,1331080,routine_entry,shorter+unresolved
_AILA_shutdown,1331318,routine_entry,matches
_AIL_API_get_real_vect,1331377,routine_entry,matches
_AIL_API_set_real_vect,1331421,routine_entry,matches
_thunk_proc,1331460,routine_entry,shorter
_AIL_API_set_USE16_ISR,1331545,routine_entry,matches
_AIL_API_restore_USE16_ISR,1332079,routine_entry,matches+unresolved
_AIL_API_disable_interrupts,1332148,routine_entry,matches
_AIL_API_restore_interrupts,1332152,routine_entry,matches
_AIL_switch_stack,1332173,routine_entry,matches
_AIL_restore_stack,1332227,routine_entry,matches
_AIL_API_call_driver,1332255,routine_entry,matches
_AIL_API_delay,1332473,routine_entry,matches
_AIL_API_background,1332534,routine_entry,matches
_AIL_API_register_timer,1332546,routine_entry,matches+unresolved
_AIL_API_set_timer_user,1332617,routine_entry,matches
_AIL_API_release_timer_handle,1332657,routine_entry,matches+unresolved
_AIL_API_release_all_timers,1332696,routine_entry,matches
_AIL_API_start_timer,1332732,routine_entry,matches+unresolved
_AIL_API_start_all_timers,1332780,routine_entry,matches
_AIL_API_stop_timer,1332816,routine_entry,matches+unresolved
_AIL_API_stop_all_timers,1332864,routine_entry,matches
_AIL_API_set_timer_period,1332900,routine_entry,shorter+unresolved
_AIL_API_set_timer_frequency,1332948,routine_entry,matches
_AIL_API_set_timer_divisor,1332996,routine_entry,matches
_AIL_API_interrupt_divisor,1333062,routine_entry,matches
_AILA_VMM_lock,1333074,routine_entry,matches
getenv_,1333111,routine_entry,matches
AIL_start_,1333208,routine_entry,matches+unresolved
_AIL_driver_server,1333345,routine_entry,matches+unresolved
_ASC_val,1333424,routine_entry,shorter+unresolved
_AIL_API_read_INI,1333585,routine_entry,matches+unresolved
_AIL_API_set_preference,1334297,routine_entry,matches
_AIL_API_install_driver,1334322,routine_entry,matches
_AIL_API_uninstall_driver,1334882,routine_entry,matches
_AIL_API_get_IO_environment,1335045,routine_entry,matches
_AIL_API_startup,1335158,routine_entry,matches
_AIL_API_shutdown,1335420,routine_entry,matches
AIL_end_,1335465,routine_entry,matches
isatty_,1335600,routine_entry,matches
setbuf_,1335639,routine_entry,matches
convDec_,1335668,routine_entry,matches
_asctime_,1335719,routine_entry,matches
_ctime_,1335956,routine_entry,matches
ctime_,1335981,routine_entry,matches
asctime_,1335986,routine_entry,shorter
AILSS_start_,1336000,routine_entry,shorter+unresolved
_SS_start_DIG_driver_playback,1336192,routine_entry,shorter
_SS_stop_DIG_driver_playback,1336272,routine_entry,shorter
_SS_build_amplitude_tables,1336320,routine_entry,shorter
_SS_serve,1336960,routine_entry,shorter
_SS_configure_buffers,1337456,routine_entry,shorter+unresolved
_SS_attempt_DIG_detection,1338608,routine_entry,shorter
_SS_destroy_DIG_driver,1338864,routine_entry,shorter
_SS_construct_DIG_driver,1339040,routine_entry,shorter+unresolved
_AIL_API_install_DIG_driver_file,1340592,routine_entry,shorter
_AIL_API_install_DIG_driver_image,1340720,routine_entry,shorter
_AIL_API_install_DIG_INI,1340784,routine_entry,shorter
_AIL_API_uninstall_DIG_driver,1340880,routine_entry,matches
_AIL_API_active_sample_count,1340896,routine_entry,shorter
_AIL_API_allocate_sample_handle,1340944,routine_entry,shorter
_AIL_API_release_sample_handle,1341056,routine_entry,matches
_AIL_API_init_sample,1341072,routine_entry,shorter+unresolved
_AIL_API_sample_status,1341248,routine_entry,shorter
_AIL_API_set_sample_address,1341264,routine_entry,shorter
_AIL_API_set_sample_type,1341312,routine_entry,shorter
_AIL_API_sample_playback_rate,1341360,routine_entry,shorter
_AIL_API_set_sample_playback_rate,1341376,routine_entry,matches
_AIL_API_sample_volume,1341392,routine_entry,shorter
_AIL_API_set_sample_volume,1341408,routine_entry,shorter
_AIL_API_sample_pan,1341440,routine_entry,shorter
_AIL_API_set_sample_pan,1341456,routine_entry,shorter
_AIL_API_sample_position,1341488,routine_entry,shorter
_AIL_API_set_sample_position,1341520,routine_entry,shorter
_AIL_API_sample_loop_count,1341552,routine_entry,shorter
_AIL_API_set_sample_loop_count,1341584,routine_entry,matches
_AIL_API_start_sample,1341600,routine_entry,shorter
_AIL_API_stop_sample,1341728,routine_entry,shorter
_AIL_API_resume_sample,1341760,routine_entry,shorter
_AIL_API_end_sample,1341792,routine_entry,shorter
_AIL_API_register_SOB_callback,1341872,routine_entry,shorter
_AIL_API_register_EOB_callback,1341904,routine_entry,shorter
_AIL_API_register_EOS_callback,1341936,routine_entry,shorter
_AIL_API_set_sample_user_data,1341968,routine_entry,matches
_AIL_API_sample_user_data,1342000,routine_entry,shorter
_AIL_API_minimum_sample_buffer_size,1342048,routine_entry,shorter
_AIL_API_load_sample_buffer,1342208,routine_entry,shorter+unresolved
_AIL_API_sample_buffer_ready,1342352,routine_entry,shorter
AILSS_end_,1342448,routine_entry,matches
AILSFILE_start_,1342632,routine_entry,matches+unresolved
_AIL_VOC_block_len,1342676,routine_entry,matches
_AIL_VOC_terminate,1342686,routine_entry,shorter+unresolved
_AIL_WAV_EOS,1342686,routine_entry,shorter+unresolved
_AIL_process_VOC_block,1342780,routine_entry,matches+unresolved
_AIL_VOC_EOS,1343401,routine_entry,matches
_AIL_process_WAV_image,1343417,routine_entry,matches
_AIL_API_allocate_file_sample,1343651,routine_entry,matches+unresolved
_AIL_API_set_sample_file,1343950,routine_entry,matches+unresolved
_AIL_API_register_EOF_callback,1344166,routine_entry,matches
AILSFILE_end_,1344194,routine_entry,shorter
AILXMIDI_start_,1344240,routine_entry,shorter
_XMI_message_size,1344496,routine_entry,shorter
_XMI_flush_buffer,1344592,routine_entry,shorter+unresolved
_XMI_MIDI_message,1344672,routine_entry,shorter+unresolved
_XMI_sysex_message,1344960,routine_entry,shorter+unresolved
_XMI_read_VLN,1345152,routine_entry,shorter
_XMI_swap,1345200,routine_entry,shorter
_XMI_find_sequence,1345264,routine_entry,shorter
_XMI_read_log,1345552,routine_entry,shorter
_XMI_send_channel_voice_message,1346384,routine_entry,shorter+unresolved
_XMI_flush_note_queue,1347488,routine_entry,shorter+unresolved
_XMI_flush_channel_notes,1347696,routine_entry,matches+unresolved
_XMI_refresh_channel,1347872,routine_entry,matches
_XMI_init_sequence_state,1348400,routine_entry,shorter+unresolved
_XMI_rewind_sequence,1348576,routine_entry,shorter
_XMI_update_volume,1348608,routine_entry,shorter
_XMI_serve,1348672,routine_entry,shorter+unresolved
_XMI_attempt_MDI_detection,1350512,routine_entry,shorter
_XMI_destroy_MDI_driver,1350720,routine_entry,matches
_XMI_construct_MDI_driver,1350816,routine_entry,shorter+unresolved
_AIL_API_install_MDI_driver_file,1352512,routine_entry,shorter
_AIL_API_install_MDI_driver_image,1352640,routine_entry,shorter
_AIL_API_install_MDI_INI,1352704,routine_entry,shorter
_AIL_API_uninstall_MDI_driver,1352800,routine_entry,matches
_AIL_API_set_GTL_filename_prefix,1352816,routine_entry,shorter
_AIL_API_allocate_sequence_handle,1352944,routine_entry,shorter
_AIL_API_release_sequence_handle,1353072,routine_entry,shorter
_AIL_API_init_sequence,1353104,routine_entry,shorter+unresolved
_AIL_API_start_sequence,1354048,routine_entry,shorter
_AIL_API_stop_sequence,1354112,routine_entry,shorter+unresolved
_AIL_API_resume_sequence,1354320,routine_entry,shorter
_AIL_API_end_sequence,1354464,routine_entry,shorter
_AIL_API_set_sequence_loop_count,1354512,routine_entry,matches
_AIL_API_set_sequence_tempo,1354528,routine_entry,shorter
_AIL_API_set_sequence_volume,1354640,routine_entry,matches
_AIL_API_sequence_status,1354768,routine_entry,shorter
_AIL_API_sequence_loop_count,1354784,routine_entry,shorter
_AIL_API_sequence_tempo,1354816,routine_entry,shorter
_AIL_API_sequence_volume,1354832,routine_entry,shorter
_AIL_API_timbre_status,1354848,routine_entry,shorter
_AIL_API_install_timbre,1354912,routine_entry,shorter+unresolved
_AIL_API_protect_timbre,1355168,routine_entry,shorter
_AIL_API_unprotect_timbre,1355232,routine_entry,shorter
_AIL_API_active_sequence_count,1355296,routine_entry,shorter
_AIL_API_controller_value,1355344,routine_entry,shorter
_AIL_API_channel_notes,1355392,routine_entry,shorter
_AIL_API_sequence_position,1355456,routine_entry,shorter
_AIL_API_branch_index,1355568,routine_entry,shorter
_AIL_API_register_prefix_callback,1355712,routine_entry,shorter
_AIL_API_register_trigger_callback,1355744,routine_entry,shorter
_AIL_API_register_sequence_callback,1355776,routine_entry,shorter
_AIL_API_register_event_callback,1355808,routine_entry,shorter
_AIL_API_register_timbre_callback,1355840,routine_entry,shorter
_AIL_API_set_sequence_user_data,1355872,routine_entry,matches
_AIL_API_sequence_user_data,1355904,routine_entry,shorter
_AIL_API_register_ICA_array,1355936,routine_entry,matches
_AIL_API_lock_channel,1355952,routine_entry,shorter+unresolved
_AIL_API_release_channel,1356368,routine_entry,shorter+unresolved
_AIL_API_map_sequence_channel,1356672,routine_entry,shorter
_AIL_API_true_sequence_channel,1356736,routine_entry,shorter
_AIL_API_send_channel_voice_message,1356768,routine_entry,shorter+unresolved
_AIL_API_send_sysex_message,1356944,routine_entry,shorter
AILXMIDI_end_,1357088,routine_entry,shorter
AILXDIG_start_,1357844,routine_entry,matches+unresolved
_XMI_write_log,1357888,routine_entry,matches
WVL_search_,1358325,routine_entry,matches
XDIG_set_volume_,1358366,routine_entry,matches
XDIG_set_pitch_,1358474,routine_entry,shorter+unresolved
_XDIG_TIMB_trap,1358740,routine_entry,matches
_XDIG_MIDI_trap,1358777,routine_entry,matches+unresolved
_AIL_API_create_wave_synthesizer,1359789,routine_entry,shorter+unresolved
_AIL_API_destroy_wave_synthesizer,1360165,routine_entry,matches
AILXDIG_end_,1360249,routine_entry,shorter
__int386x_,1360292,routine_entry,shorter
_DoINTR_,1360385,routine_entry,shorter
_no_support_loaded_,1361282,routine_entry,matches
__IOMode_,1361300,routine_entry,matches
__SetIOMode_,1361385,routine_entry,matches
__InitFiles_,1361406,routine_entry,matches
__full_io_exit_,1361525,routine_entry,matches
fcloseall_,1361537,routine_entry,matches
docloseall_,1361542,routine_entry,matches
intdos_,1361630,routine_entry,shorter
DEFSMACKTIMERSETUP,1361712,routine_entry,shorter+unresolved
DEFSMACKTIMERDONE,1361888,routine_entry,shorter
DEFWINSMACKTIMERREAD,1361904,routine_entry,shorter
DEFSMACKTIMERREAD,1361936,routine_entry,shorter
_radopen,1362000,routine_entry,matches
_raderase,1362033,routine_entry,matches
_radcreate,1362057,routine_entry,matches
_radread,1362089,routine_entry,matches
_radwrite,1362165,routine_entry,matches
_radseekbegin,1362241,routine_entry,matches
_radseekcur,1362277,routine_entry,matches
_radseekend,1362283,routine_entry,matches
_radclose,1362289,routine_entry,matches
_IsRemote,1362303,routine_entry,matches
_radgetfiletime,1362333,routine_entry,matches
_radsetfiletime,1362360,routine_entry,matches
__FDFS,1362394,routine_entry,matches
Compress_Data_,1362470,routine_entry,matches
Uncompress_Data_,1362704,routine_entry,matches
buffer_remove_symbol_from_stream_,1362926,routine_entry,matches
buffer_initialize_arithmetic_decoder_,1363246,routine_entry,shorter+unresolved
buffer_encode_symbol_,1363356,routine_entry,matches
buffer_flush_arithmetic_encoder_,1363718,routine_entry,matches
CompressFile_,1363841,routine_entry,matches
ExpandFile_,1364266,routine_entry,matches
initialize_model_,1364709,routine_entry,matches
uninit_model_,1364889,routine_entry,matches
update_model_,1364967,routine_entry,shorter+unresolved
convert_int_to_symbol_,1365217,routine_entry,matches
get_symbol_scale_,1365426,routine_entry,matches
convert_symbol_to_int_,1365489,routine_entry,matches
initialize_arithmetic_encoder_,1365643,routine_entry,shorter+unresolved
flush_arithmetic_encoder_,1365702,routine_entry,matches
encode_symbol_,1365825,routine_entry,matches
get_current_count_,1366187,routine_entry,matches
initialize_arithmetic_decoder_,1366304,routine_entry,shorter+unresolved
remove_symbol_from_stream_,1366414,routine_entry,matches
LoadKernel_,1366734,routine_entry,matches
CallKernel_,1366986,routine_entry,shorter+unresolved
DeleteKernel_,1367155,routine_entry,shorter+unresolved
SetSocket_,1367226,routine_entry,matches
IPX_Present_,1367246,routine_entry,matches
LoadTxStart_,1367278,routine_entry,matches
LoadRxStart_,1367322,routine_entry,matches
XferPDU_,1367381,routine_entry,matches
NCheck_,1367521,routine_entry,matches
GetPDU_,1367561,routine_entry,matches
__assert_,1367844,routine_entry,matches
_heapenable_,1367875,routine_entry,matches
sbrk_,1367891,routine_entry,matches
__brk_,1368091,routine_entry,shorter
AllocateGreenleafPortStructure_,1368304,routine_entry,shorter
FreeGreenleafPortStructure_,1368328,routine_entry,shorter
AllocateDriverStructure_,1368356,routine_entry,shorter
AllocateGenericStructure_,1368356,routine_entry,shorter
AllocateXferBuffer_,1368356,routine_entry,shorter
FreeDriverStructure_,1368372,routine_entry,shorter
FreeGenericStructure_,1368372,routine_entry,shorter
FreeXferBuffer_,1368372,routine_entry,shorter
AllocateTXBuffer_,1368380,routine_entry,shorter
FreeTXBuffer_,1368404,routine_entry,shorter
AllocateRXBuffer_,1368428,routine_entry,shorter
FreeRXBuffer_,1368452,routine_entry,shorter
timer_,1368480,routine_entry,shorter
PortKillTime_,1368532,routine_entry,shorter
WriteString_,1368576,routine_entry,shorter
ElapsedTime_,1368688,routine_entry,matches+unresolved
_DOSDefaultAbortModemFunction_,1368816,routine_entry,shorter+unresolved
SetAbortModemFunctionPtr_,1368868,routine_entry,shorter
_DOSDefaultIdleFunction_,1368880,routine_entry,shorter
SetPortIdleFunctionPtr_,1368896,routine_entry,shorter
_FarMemSet_,1368912,routine_entry,shorter
_CopyToFarMem_,1368956,routine_entry,shorter
_CopyFromFarMem_,1369000,routine_entry,shorter
_GetCs_,1369048,routine_entry,matches
_GetDs_,1369060,routine_entry,matches
HookInterrupt_,1369072,routine_entry,shorter+unresolved
CalcRR16Address_,1369680,routine_entry,shorter
RelocateIsrData_,1369740,routine_entry,shorter
_unhook_everything_,1370056,routine_entry,shorter
UnHookInterrupt_,1370132,routine_entry,shorter
_GetInterruptData_,1370392,routine_entry,shorter
_GetCSAlias_,1370512,routine_entry,shorter+unresolved
_AllocateDosMemory_,1370740,routine_entry,matches
_FreeDosMemory_,1370884,routine_entry,shorter
_GetDosSelector_,1370948,routine_entry,shorter+unresolved
_GetRealAddress_,1371120,routine_entry,shorter
_GetOldProtHandler_,1371248,routine_entry,shorter
_GetOldRealHandler_,1371336,routine_entry,matches
_SetHandlers_,1371416,routine_entry,matches
_LockRegion_,1371572,routine_entry,shorter
_GenericNotSupportedA_,1371776,routine_entry,shorter
_GenericNotSupportedB_,1371776,routine_entry,shorter
_GenericNotSupportedD_,1371776,routine_entry,shorter
_GenericNotSupportedE_,1371776,routine_entry,shorter
_GenericNotSupportedC_,1371788,routine_entry,shorter
_GenericNotSupportedG_,1371804,routine_entry,matches
_GenericPortClose_,1371844,routine_entry,shorter
_DefaultClearError_,1371900,routine_entry,matches
_close_all_ports_,1371908,routine_entry,matches
_InitializeDriverFunctions_,1371940,routine_entry,shorter
_FreePort_,1372180,routine_entry,shorter
_OutOfMemoryPort_,1372232,routine_entry,shorter
IsMicroChannel_,1372304,routine_entry,shorter+unresolved
WindowsEnhancedMode_,1372640,routine_entry,shorter+unresolved
DESQViewRunning_,1372744,routine_entry,shorter+unresolved
YieldWindowsTimeSlice_,1372928,routine_entry,shorter
YieldDESQViewTimeSlice_,1372972,routine_entry,shorter
_DumpChipData_,1373024,routine_entry,matches
_DumpAddresses_,1373256,routine_entry,shorter
_DumpBuffer_,1373396,routine_entry,shorter
_DumpStatusBits_,1373544,routine_entry,shorter
_DumpHandshaking_,1373716,routine_entry,shorter
_DumpLinks_,1373856,routine_entry,shorter
_DumpBufferSpace_,1373940,routine_entry,shorter
_DumpIRQData_,1374008,routine_entry,shorter
_DumpPortStatusGreenleafFast_,1374340,routine_entry,matches
__int23_handler_,1374502,routine_entry,matches
__int_ctrl_break_handler_,1374651,routine_entry,matches
__DPMI_hosted_,1374771,routine_entry,matches+unresolved
__restore_int23_,1374919,routine_entry,shorter+unresolved
__restore_int_,1375352,routine_entry,matches
__restore_int_ctrl_break_,1375357,routine_entry,shorter+unresolved
__grab_int23_,1375413,routine_entry,matches+unresolved
__grab_int_ctrl_break_,1375696,routine_entry,matches+unresolved
__EnterWVIDEO_,1375979,routine_entry,matches
read_,1376017,routine_entry,matches
close_,1376268,routine_entry,matches
filelength_,1376300,routine_entry,matches
write_,1376361,routine_entry,matches
_strnicmp_,1376830,routine_entry,matches
strnicmp_,1376830,routine_entry,matches
setvbuf_,1376913,routine_entry,shorter
_DC_0,1378040,routine_entry,matches
_DC_1,1378057,routine_entry,matches
_DC_16,1378069,routine_entry,matches
_DC_17,1378100,routine_entry,matches
_DC_18,1378120,routine_entry,matches
_DC_19,1378151,routine_entry,matches
_DC_24,1378171,routine_entry,matches
_DC_25,1378200,routine_entry,matches
_DC_26,1378218,routine_entry,matches
_DC_27,1378247,routine_entry,matches
_DC_32,1378265,routine_entry,matches
_DC_33,1378285,routine_entry,matches
_DC_36,1378300,routine_entry,matches
_DC_37,1378322,routine_entry,matches
_DC_48,1378339,routine_entry,matches
_DC_49,1378372,routine_entry,matches
_DC_50,1378394,routine_entry,matches
_DC_51,1378427,routine_entry,matches
_DC_52,1378449,routine_entry,matches
_DC_53,1378486,routine_entry,matches
_DC_54,1378512,routine_entry,matches
_DC_55,1378549,routine_entry,matches
_DC_56,1378575,routine_entry,matches
_DC_57,1378610,routine_entry,matches
_DC_58,1378634,routine_entry,matches
_DC_59,1378669,routine_entry,matches
_DC_60,1378693,routine_entry,matches
_DC_61,1378732,routine_entry,matches
_DC_62,1378760,routine_entry,matches
_DC_63,1378799,routine_entry,matches
_DC_64,1378827,routine_entry,matches
_DC_65,1378872,routine_entry,matches
_DC_80,1378912,routine_entry,matches
_DC_81,1379001,routine_entry,matches
_DC_82,1379079,routine_entry,matches
_DC_83,1379168,routine_entry,matches
_DC_88,1379246,routine_entry,matches
_DC_89,1379333,routine_entry,matches
_DC_90,1379409,routine_entry,matches
_DC_91,1379496,routine_entry,matches
_DC_96,1379572,routine_entry,matches
_DC_97,1379620,routine_entry,matches
_DC_100,1379663,routine_entry,matches
_DC_101,1379713,routine_entry,matches
_DC_112,1379758,routine_entry,matches
_DC_113,1379849,routine_entry,matches
_DC_114,1379929,routine_entry,matches
_DC_115,1380020,routine_entry,matches
_DC_116,1380100,routine_entry,matches
_DC_117,1380195,routine_entry,matches
_DC_118,1380279,routine_entry,matches
_DC_119,1380374,routine_entry,matches
_DC_120,1380458,routine_entry,matches
_DC_121,1380551,routine_entry,matches
_DC_122,1380633,routine_entry,matches
_DC_123,1380726,routine_entry,matches
_DC_124,1380808,routine_entry,matches
_DC_125,1380905,routine_entry,matches
_DC_126,1380991,routine_entry,matches
_DC_127,1381088,routine_entry,matches
_M_0,1381174,routine_entry,matches
_M_1,1381207,routine_entry,matches
_M_2,1381243,routine_entry,matches
_M_3,1381287,routine_entry,matches
_M_6,1381337,routine_entry,matches
_M_7,1381381,routine_entry,matches
_M_8,1381431,routine_entry,matches
_M_9,1381467,routine_entry,matches
_M_10,1381506,routine_entry,matches
_M_11,1381552,routine_entry,matches
_M_14,1381604,routine_entry,matches
_M_15,1381650,routine_entry,matches
_M_16,1381702,routine_entry,matches
_M_17,1381730,routine_entry,matches
_M_18,1381761,routine_entry,matches
_M_19,1381794,routine_entry,matches
_M_22,1381833,routine_entry,matches
_M_23,1381866,routine_entry,matches
_M_24,1381905,routine_entry,matches
_M_25,1381936,routine_entry,matches
_M_26,1381970,routine_entry,matches
_M_27,1382005,routine_entry,matches
_M_30,1382046,routine_entry,matches
_M_31,1382081,routine_entry,matches
_M_32,1382122,routine_entry,matches
_M_33,1382166,routine_entry,matches
_M_34,1382213,routine_entry,matches
_M_35,1382271,routine_entry,matches
_M_38,1382335,routine_entry,matches
_M_39,1382393,routine_entry,matches
_M_40,1382457,routine_entry,matches
_M_41,1382507,routine_entry,matches
_M_42,1382560,routine_entry,matches
_M_43,1382620,routine_entry,matches
_M_46,1382686,routine_entry,matches
_M_47,1382746,routine_entry,matches
_M_48,1382812,routine_entry,matches
_M_49,1382851,routine_entry,matches
_M_50,1382893,routine_entry,matches
_M_51,1382940,routine_entry,matches
_M_54,1382993,routine_entry,matches
_M_55,1383040,routine_entry,matches
_M_56,1383093,routine_entry,matches
_M_57,1383138,routine_entry,matches
_M_58,1383186,routine_entry,matches
_M_59,1383235,routine_entry,matches
_M_62,1383290,routine_entry,matches
_M_63,1383339,routine_entry,matches
_M_64,1383394,routine_entry,matches
_M_65,1383422,routine_entry,matches
_M_66,1383460,routine_entry,matches
_M_67,1383493,routine_entry,matches
_M_70,1383536,routine_entry,matches
_M_71,1383569,routine_entry,matches
_M_72,1383612,routine_entry,matches
_M_73,1383643,routine_entry,matches
_M_74,1383684,routine_entry,matches
_M_75,1383718,routine_entry,matches
_M_78,1383762,routine_entry,matches
_M_79,1383796,routine_entry,matches
_M_96,1383840,routine_entry,matches
_M_97,1383879,routine_entry,matches
_M_98,1383928,routine_entry,matches
_M_99,1383975,routine_entry,matches
_M_102,1384032,routine_entry,matches
_M_103,1384079,routine_entry,matches
_M_104,1384136,routine_entry,matches
_M_105,1384181,routine_entry,matches
_M_106,1384236,routine_entry,matches
_M_107,1384284,routine_entry,matches
_M_110,1384342,routine_entry,matches
_M_111,1384390,routine_entry,matches
_AILSSA_merge,1384448,routine_entry,matches+unresolved
_AILSSA_DMA_copy,1384961,routine_entry,matches
_AILSSA_flush_buffer,1385107,routine_entry,matches
_AILSSA_VMM_lock,1385151,routine_entry,matches
OpenOutputBitBuffer_,1385198,routine_entry,matches
OpenInputBitBuffer_,1385305,routine_entry,matches
CloseOutputBitBuffer_,1385412,routine_entry,matches
CloseInputBitBuffer_,1385517,routine_entry,matches
BufferOutputBit_,1385561,routine_entry,matches
BufferOutputBits_,1385817,routine_entry,matches
BufferInputBit_,1386108,routine_entry,matches
BufferInputBits_,1386405,routine_entry,matches
OpenOutputBitFile_,1386723,routine_entry,matches
OpenInputBitFile_,1386847,routine_entry,matches
CloseOutputBitFile_,1386971,routine_entry,matches
CloseInputBitFile_,1387216,routine_entry,matches
OutputBit_,1387270,routine_entry,matches
OutputBits_,1387683,routine_entry,matches
InputBit_,1388131,routine_entry,matches
InputBits_,1388547,routine_entry,matches
FilePrintBinary_,1388984,routine_entry,matches
calloc_,1389083,routine_entry,matches
fatal_error_,1389107,routine_entry,matches
abort_,1389193,routine_entry,matches
__terminate_,1389199,routine_entry,shorter
exit_function_,1389232,routine_entry,shorter
hook_break_,1389288,routine_entry,shorter
_enhkbd,1389508,routine_entry,shorter
keyboard_initialize_,1389568,routine_entry,matches
let_dos_break_,1389700,routine_entry,matches
_getkey,1389740,routine_entry,matches
_gfkbhit,1389932,routine_entry,shorter
_kbfetch,1390088,routine_entry,shorter
_kbshift,1390240,routine_entry,shorter
_breakchk,1390364,routine_entry,matches
__disenk,1390576,routine_entry,shorter
_asgetdivisor_,1390592,routine_entry,matches
__sigabort_,1390742,routine_entry,matches
__sigfpe_handler_,1390752,routine_entry,matches
signal_,1390805,routine_entry,shorter+unresolved
raise_,1390986,routine_entry,matches+unresolved
_chain_intr_,1391180,routine_entry,matches
__setenvp_,1391205,routine_entry,shorter
_gf_kbd_status,1391420,routine_entry,matches
_kbd_int_handler,1391449,routine_entry,matches
__grab_fpe_,1391464,routine_entry,matches
__GrabFP87_,1391469,routine_entry,shorter+unresolved
__Init_FPE_handler_,1391518,routine_entry,shorter+unresolved
__Fini_FPE_handler_,1391611,routine_entry,shorter+unresolved
__Enable_FPE_,1391704,routine_entry,matches
__FPEHandler_,1391725,routine_entry,matches
__FPE2Handler_,1391738,routine_entry,shorter+unresolved
__Phar_hook_init_,1392312,routine_entry,matches
__Phar_hook_fini_,1392507,routine_entry,matches
__DOS4G_hook_init_,1392552,routine_entry,matches
__DOS4G_hook_fini_,1392597,routine_entry,matches
__Ergo_hook_init_,1392622,routine_entry,matches
__Ergo_hook_fini_,1392684,routine_entry,shorter
__Intel_hook_init_,1392710,routine_entry,matches
__Intel_hook_fini_,1392798,routine_entry,shorter
__save_8087_,1392800,routine_entry,matches
__rest_8087_,1392805,routine_entry,matches
__init_8087_,1392809,routine_entry,matches
_fpreset_,1392858,routine_entry,matches
__chk8087_,1392868,routine_entry,matches
_do_nothing_,1392942,routine_entry,shorter
__init_80x87,1392944,routine_entry,shorter
_SmackGetSizeTables,1394320,routine_entry,shorter
_SmackDoTables,1394336,routine_entry,shorter+unresolved
_Unsmack,1405728,routine_entry,shorter+unresolved
_SmackDoPCM,1406704,routine_entry,shorter
_SmackGetSizeDeltas,1408800,routine_entry,shorter
_SmackGetRect,1408832,routine_entry,shorter
_SmackRemapTables,1409120,routine_entry,shorter
__SegmentStartRR16,1409328,runtime_marker,no_entry_decode
__IrqDataArrayRR16,1409329,runtime_marker,no_entry_decode
__VideoBasePD16,1409949,runtime_marker,no_entry_decode
__asi_kill_time_real,1410137,routine_entry,matches
__GreenleafFastRealIsr,1410138,routine_entry,shorter+unresolved
__irq_real_stub_0_RR16,1410242,routine_entry,matches
__irq_real_stub_1_RR16,1410248,routine_entry,matches
__irq_real_stub_2_RR16,1410254,routine_entry,matches
__irq_real_stub_3_RR16,1410260,routine_entry,matches
__irq_real_stub_4_RR16,1410266,routine_entry,matches
__irq_real_stub_5_RR16,1410272,routine_entry,matches
__irq_real_stub_6_RR16,1410278,routine_entry,matches
__irq_real_stub_7_RR16,1410284,routine_entry,matches
__irq_real_stub_8_RR16,1410290,routine_entry,matches
__irq_real_stub_9_RR16,1410296,routine_entry,matches
__RealDispatcherRR16,1410302,routine_entry,matches+unresolved
__RealIret,1410363,routine_entry,matches
__SegmentEndRR16,1410364,routine_entry,shorter+unresolved
__SegmentStartPC32,1410368,runtime_marker,no_entry_decode
__assti,1410369,routine_entry,matches
__ascli,1410373,routine_entry,matches
__asinb,1410377,routine_entry,matches
__asoutb,1410400,routine_entry,matches
__GreenleafFastIsr,1410423,routine_entry,matches
__prot_dispatcher,1410537,routine_entry,matches
__prot_irq_stub_0_PC32,1410614,routine_entry,matches
__prot_irq_stub_1_PC32,1410622,routine_entry,matches
__prot_irq_stub_2_PC32,1410630,routine_entry,matches
__prot_irq_stub_3_PC32,1410638,routine_entry,matches
__prot_irq_stub_4_PC32,1410646,routine_entry,matches
__prot_irq_stub_5_PC32,1410654,routine_entry,matches
__prot_irq_stub_6_PC32,1410662,routine_entry,matches
__prot_irq_stub_7_PC32,1410673,routine_entry,matches
__prot_irq_stub_8_PC32,1410684,routine_entry,matches
__prot_irq_stub_9_PC32,1410695,routine_entry,matches
__asi_kill_time,1410706,routine_entry,matches
__foo,1410707,routine_entry,matches
__SegmentEndPC32,1410708,runtime_marker,no_entry_decode
