name,offset,inferred_end,inferred_size,module_index,kind,cfg_min,cfg_end,reachable_instructions,status,foreign_entry_edges,shared_tail_edges,unresolved_edges
___begtext,3,16,13,133,4,3,16,13,matches,1,0,0
_main_palette_player_colors,16,24,8,0,4,16,24,4,matches,1,0,0
main_,24,87,63,0,4,24,29,1,shorter,1,0,0
main2_,87,1179,1092,1,4,87,124,11,shorter+unresolved,0,0,1
Screen_Control_,1179,1917,738,1,4,1179,1917,15,matches+unresolved,0,0,1
_TOGGLE_PAGES_,1917,1927,10,1,4,1917,1927,2,matches,1,0,0
Set_Refresh_,1927,1967,40,1,4,1916,1967,8,matches,3,0,0
Get_Auto_Function_,1967,1978,11,1,4,1967,1978,5,matches,0,0,0
Put_Auto_Function_,1978,1986,8,1,4,1978,1986,3,matches,0,0,0
Execute_Auto_Function_,1986,1994,8,1,4,1986,1994,4,matches,0,0,0
Set_Game_Random_Seed_,1994,2022,28,1,4,1994,2022,5,matches,2,0,0
Check_Command_Line_Parameters_,2022,2574,552,1,4,2022,2067,13,shorter+unresolved,0,0,1
Get_Value_From_String_,2574,2674,100,1,5,2574,2656,36,shorter+unresolved,0,0,1
Set_Mox_Alt_Path_,2674,3119,445,1,4,2674,3119,134,matches,0,0,0
Set_Mox_Language_,3119,3238,119,1,4,3119,3238,36,matches,0,0,0
Load_Mox_Global_Strings_,3238,3253,15,1,4,3238,3253,3,matches,1,0,0
Allocate_Data_Space_,3253,3631,378,2,4,3253,3631,69,matches+unresolved,0,0,2
Load_Game_,3631,5643,2012,3,4,3631,5643,121,matches+unresolved,0,0,1
Save_Game_,5643,7140,1497,3,4,5643,5914,96,shorter+unresolved,0,1,1
Save_Game_Settings_,7140,7225,85,3,4,7140,7225,33,matches,0,0,0
Load_Game_Settings_,7225,7299,74,3,4,7225,7299,25,matches,0,0,0
Get_Saved_Game_Descriptions_,7299,7684,385,3,4,7299,7684,135,matches,0,1,0
Check_Magic_Number_,7684,7766,82,3,4,7684,7766,30,matches,0,0,0
Get_Star_Date_From_Save_File_,7766,7845,79,3,4,7766,7845,25,matches,0,1,0
Magic_Number_Ok_,7845,7854,9,3,4,7845,7854,3,matches,0,0,0
Read_Settings_From_Save_File_,7854,7952,98,3,4,7854,7952,38,matches,1,0,0
Save_Moo_Custom_Player_Data_,7952,7953,1,3,4,7952,7953,1,matches,0,0,0
Save_Out_Settings_To_Temp_File_,7953,8140,187,3,4,7953,8140,58,matches,0,1,0
Get_Game_Type_From_Saved_Game_,8140,8237,97,3,4,7750,8237,40,matches,0,1,0
Read_Moo_Custom_Player_Data_,8237,8240,3,3,4,8237,8240,2,matches,0,0,0
Save_Session_Related_Settings_,8240,8442,202,3,4,8240,8442,56,matches,0,1,0
Copy_Over_Game_Universe_Settings_,8442,8565,123,3,5,8442,8549,21,shorter,0,0,0
Make_Autosave_File_Name_,8565,8688,123,3,4,8565,8688,43,matches,0,0,0
Get_Multi_Player_N_Humans_,8688,8743,55,3,5,8688,8743,23,matches,0,0,0
Update_Game_Settings_Version_Number_,8743,8808,65,3,4,8743,8808,18,matches+unresolved,0,0,1
Init_Ships_Array_,8808,8908,100,4,5,8808,8834,7,shorter+unresolved,0,0,1
Make_System_Monsters_Into_Ships_,8908,9166,258,4,5,8908,9166,77,matches,0,0,0
Set_Initial_Colony_Auto_Selects_,9166,9242,76,4,5,9166,9242,30,matches,0,0,0
Init_Colonies_Array_,9242,9337,95,4,5,9242,9268,7,shorter+unresolved,0,0,1
Init_New_Game_,9337,10138,801,4,4,9337,9379,13,shorter+unresolved,0,0,1
Init_New_Session_,10138,10143,5,4,4,10138,10143,1,matches,1,0,0
Set_Defaults_,10143,10209,66,4,4,10143,10150,1,shorter+unresolved,0,0,1
Set_Default_Game_Settings_,10209,10551,342,4,4,10209,10382,28,shorter+unresolved,0,0,1
Write_Game_Settings_,10551,10627,76,4,4,10551,10627,26,matches,0,0,0
Init_Players_,10627,11637,1010,4,4,10627,11606,214,shorter+unresolved,0,0,2
Init_Colony_,11637,11784,147,4,4,11637,11757,38,shorter+unresolved,0,0,1
Test_Create_Ship_,11784,12414,630,4,4,11784,12031,71,shorter+unresolved,0,0,1
Init_Officers_,12414,12415,1,4,4,12414,12415,1,matches,0,0,0
Init_Leaders_,12415,12660,245,4,4,12415,12660,74,matches,0,1,0
Load_Pictures_,12660,12738,78,5,4,12660,12738,21,matches,0,0,0
Load_Main_Screen_Pictures_,12738,13906,1168,5,5,12738,13188,102,shorter+unresolved,0,0,1
Load_Player_Special_Names_,13906,14003,97,5,4,13906,13917,5,shorter+unresolved,0,0,1
Next_Turn_Calc_,14003,14370,367,6,4,14003,14370,82,matches,0,0,0
Do_Autosave_,14370,14448,78,6,4,14370,14448,30,matches,0,0,0
Next_Turn_,14448,14824,376,6,4,14448,14819,84,shorter+unresolved,0,0,3
Get_Winner_,14824,14909,85,6,5,14824,14906,28,shorter,0,0,0
Init_Homeworld_Colony2_,14909,16295,1386,7,4,14909,15526,125,shorter+unresolved,0,0,3
Init_Homeworld_Colony_,16295,16311,16,7,4,16295,16311,6,matches,1,0,0
Init_Advanced_Civilization_Fleet_,16311,16312,1,7,4,16311,16312,1,matches,0,0,0
Init_Non_Homeworld_Colony_,16312,16345,33,7,4,16312,16321,5,shorter,0,1,0
Add_Building_,16345,17898,1553,7,4,16345,17898,331,matches+unresolved,0,0,3
Remove_Building_,17898,18391,493,7,4,17898,17937,13,shorter+unresolved,0,0,1
Mox_Play_Sound_,18391,18407,16,7,4,18391,18407,4,matches,1,0,0
Calc_Ship_Level_,18407,18554,147,7,4,18407,18472,19,shorter+unresolved,0,0,1
Do_Academy_At_Location_Check_,18554,18709,155,7,4,18548,18709,53,matches,0,1,0
Best_Instructor_Bonus_,18709,18901,192,7,4,18709,18901,64,matches,0,0,0
Do_XP_For_Ship_,18901,18983,82,7,4,18901,18983,26,matches,0,0,0
Do_All_Ships_XP_Check_,18983,19080,97,7,4,18983,19080,34,matches,0,0,0
_rifles,19080,19098,18,8,4,19080,19098,5,matches,1,0,0
_personal_shields,19098,19104,6,8,4,19098,19104,2,matches,1,0,0
_planetary_shields,19104,19116,12,8,4,19104,19116,3,matches,1,0,0
Main_Antaran_Room_Screen_,19116,19453,337,9,4,19116,19453,85,matches,0,0,0
Draw_Main_Antaran_Room_Screen_,19453,19587,134,9,4,19453,19587,35,matches,0,0,0
Reload_Main_Antaran_Room_Screen_,19587,19836,249,9,4,19587,19836,63,matches,0,0,0
Get_Antaran_Room_Message_,19836,19937,101,9,4,19836,19871,12,shorter+unresolved,0,0,1
Check_Show_Main_Antaran_Room_Screen_,19937,19959,22,9,4,19937,19959,6,matches,0,0,0
Play_Cinematic_,19959,20613,654,10,4,19959,20572,158,shorter+unresolved,0,0,1
Smack_Fade_,20613,20709,96,10,4,20613,20709,32,matches,0,0,0
Draw_Smack_Screen_,20709,20731,22,10,4,20709,20731,6,matches,0,0,0
Race_Customization_,20731,21049,318,11,4,20731,21021,24,shorter+unresolved,0,0,1
Main_Council_Screen_,21049,21408,359,12,4,21049,21185,29,shorter+unresolved,0,0,1
Control_Main_Council_Screen_,21408,21537,129,12,4,21408,21537,38,matches,0,1,0
Draw_Main_Council_Screen_,21537,22228,691,12,4,21537,21724,44,shorter+unresolved,0,0,1
Reload_Main_Council_Screen_,22228,23440,1212,12,4,22228,22681,80,shorter+unresolved,0,0,4
Calc_Council_Vote_,23440,23529,89,12,4,23440,23465,8,shorter+unresolved,0,0,1
Get_Council_Message_,23529,23984,455,12,4,22221,23875,76,shorter+unresolved,0,4,1
Next_Council_State_,23984,24056,72,12,4,23984,24028,11,shorter,0,0,0
Council_Finished_Voting_,24056,24252,196,12,4,24056,24252,39,matches+unresolved,0,0,2
Council_Votes_,24252,24609,357,12,4,24252,24447,8,shorter+unresolved,0,0,1
Vote_Check_,24609,25060,451,12,4,24609,25060,34,matches+unresolved,0,0,1
Council_Vote_Result_,25060,25404,344,12,4,25060,25404,82,matches+unresolved,0,0,1
Council_Player_Vote_,25404,26123,719,12,4,25404,25460,14,shorter+unresolved,0,0,1
Council_Accept_Ruling_,26123,26799,676,12,4,26123,26158,9,shorter+unresolved,0,0,1
Check_For_Council_Meeting_,26799,26970,171,12,4,26799,26970,55,matches+unresolved,0,0,1
Load_Council_Text_Messages_,26970,27081,111,12,4,26970,27081,27,matches,0,0,0
Council_Player_Voted_Winner_,27081,27199,118,12,4,27081,27189,24,shorter+unresolved,0,0,1
Drive_Council_Player_Voted_Winner_,27199,27346,147,12,4,25400,27346,43,matches,0,0,0
Draw_Council_Player_Voted_Winner_,27346,27644,298,12,4,27346,27535,36,shorter+unresolved,0,0,1
Get_Player_Voted_Winner_Message_,27644,27726,82,12,4,27644,27688,13,shorter+unresolved,0,0,1
Diplomacy_Screen_,27726,28416,690,14,4,27726,27738,5,shorter+unresolved,0,0,1
Draw_Diplomacy_Screen_,28416,29223,807,14,4,28416,28437,8,shorter+unresolved,0,0,1
Draw_Diplomacy_Synch_Mode_,28416,29223,807,14,4,28416,28437,8,shorter+unresolved,0,0,1
Get_Main_Repulsive_Diplomacy_Choices_,29223,30092,869,14,4,29223,30056,32,shorter+unresolved,0,0,1
Get_Main_Diplomacy_Choices_,30092,30791,699,14,4,30092,30791,156,matches+unresolved,0,1,1
Diplomacy_Set_Main_Options_,30791,31220,429,14,4,30791,30833,14,shorter+unresolved,0,0,1
Diplomacy_Declare_War_Resolution_,31220,31569,349,14,4,31220,31569,77,matches+unresolved,0,0,2
Setup_Back_Page_,31569,31666,97,14,4,31569,31606,9,shorter+unresolved,0,0,1
Setup_Ambassador_Pic_,31666,31751,85,14,4,31666,31751,24,matches,0,0,0
Diplomacy_Fade_In_,31751,32029,278,14,4,29189,32029,73,matches,0,1,0
Draw_Diplomacy_Fade_In_Screen_,32029,32091,62,14,4,32029,32071,13,shorter,0,0,0
Diplomacy_Propose_Treaty_,32091,32980,889,14,4,32091,32893,152,shorter+unresolved,0,0,5
Diplomacy_Break_Treaty_,32980,33545,565,14,4,32980,33036,19,shorter+unresolved,0,0,1
Diplomacy_Break_Treaty_Resolution_,33545,34144,599,14,4,33545,34144,144,matches+unresolved,0,0,6
Get_Human_Surrender_Message_,34144,34198,54,14,4,34144,34198,19,matches,0,0,0
Get_Human_Declare_War_Message_,34198,34237,39,14,4,34198,34221,9,shorter,0,1,0
Get_Human_Offer_Gift_Message_,34237,34515,278,14,4,34237,34479,66,shorter,0,0,0
Get_Human_Demand_Message_,34515,34874,359,14,4,34515,34874,92,matches,0,0,0
Get_Human_Break_Treaty_Message_,34874,35040,166,14,4,34874,35040,53,matches,0,0,0
Get_Human_Form_Treaty_Message_,35040,35308,268,14,4,35040,35308,65,matches,1,0,0
Get_Human_Propose_Treaty_Message_,35308,35479,171,14,4,35308,35479,54,matches,0,0,0
Get_Human_Tech_Exchange_Message_,35479,35554,75,14,4,35479,35554,24,matches,0,0,0
Get_Human_Tech_Exchange_First_Message_,35554,35623,69,14,4,35554,35623,23,matches,0,0,0
Get_Human_Tech_Exchange_Accept_Message_,35623,35646,23,14,4,35623,35646,7,matches,0,1,0
Get_Human_Tech_Exchange_Decline_Message_,35646,35705,59,14,4,35646,35669,7,shorter,0,1,0
Diplomacy_Demand_,35705,38085,2380,14,4,35705,35922,56,shorter+unresolved,0,0,1
Diplomacy_Offer_Gift_,38085,39193,1108,14,4,38085,38163,23,shorter+unresolved,0,0,1
Diplomacy_Display_Response_,39193,39319,126,14,4,39193,39319,39,matches,0,0,0
Diplomacy_Determine_Treaty_Proposal_,39319,39800,481,14,4,39319,39784,124,shorter+unresolved,0,0,7
Diplomacy_Need_Better_Offer_,39800,40287,487,14,4,39800,40287,131,matches,0,0,0
Get_Diplomacy_Tech_List_,40287,40424,137,14,4,40287,40424,47,matches,0,0,0
Diplomacy_Generic_List_,40424,40742,318,14,4,40424,40742,96,matches,0,0,0
Diplomacy_Generic_Exchange_Tech_List_,40742,41469,727,14,4,40742,41469,213,matches,0,0,0
Diplomacy_Generic_System_List_,41469,42029,560,14,4,41469,41495,8,shorter+unresolved,0,0,1
Draw_Diplomacy_Generic_System_List_,42029,42061,32,14,4,42029,42061,8,matches,0,0,0
Get_Diplomacy_Demand_Treaty_List_,42061,42247,186,14,4,42061,42247,53,matches,0,1,0
Npc_Display_Diplomacy_Messages_,42247,43966,1719,14,4,42247,42352,20,shorter+unresolved,0,0,1
Accepted_Npc_Demand_Resolution_,43966,44050,84,14,4,43966,44028,20,shorter+unresolved,0,0,1
Get_Non_Player_Proposals_,44050,44725,675,14,4,44050,44333,69,shorter+unresolved,0,0,1
Npc_Give_Gift_,44725,44960,235,14,4,44725,44852,34,shorter+unresolved,0,2,1
Show_Sneak_Attack_Message_,44960,44966,6,14,4,44960,44966,2,matches,1,0,0
Npc_Diplomacy_Screen_,44966,45163,197,14,4,43962,45060,27,shorter+unresolved,0,0,1
Check_Human_Treaty_Proposal_,45163,45479,316,14,4,45163,45479,58,matches+unresolved,0,0,6
Get_Human_Treaty_Choice_,45479,45914,435,14,4,45479,45544,18,shorter+unresolved,0,0,1
Check_Better_Offer_Available_,45914,46005,91,14,4,32569,46005,33,matches,0,2,0
Get_Human_Demand_Choice_,46005,46215,210,14,4,46005,46179,48,shorter,0,0,0
Diplomacy_Give_In_To_Demand_,46215,46520,305,14,4,46215,46484,77,shorter+unresolved,0,0,3
Get_Human_Demand_Response_,46520,46884,364,14,4,46520,46769,51,shorter+unresolved,0,0,2
Get_Human_Gift_Response_,46884,47099,215,14,4,46884,47099,45,matches+unresolved,0,0,5
Get_Human_Tech_Exchange_Choice_,47099,47233,134,14,4,47099,47233,35,matches,0,0,0
Diplomacy_Load_New_Ambassador_,47233,47406,173,14,4,47233,47406,44,matches,0,0,0
Diplomacy_Mouse_Init_,47406,48475,1069,14,4,47406,48453,253,shorter+unresolved,0,0,1
Diplomacy_Human_Need_Better_Offer_,48475,50199,1724,14,4,48475,50199,306,matches+unresolved,0,1,3
Check_Surrender_System_,50199,50297,98,14,4,50199,50297,35,matches,0,1,0
Diplomacy_System_Display_,50297,51176,879,14,4,50297,50326,10,shorter+unresolved,0,0,1
Draw_Diplomacy_System_Display_,51176,51315,139,14,4,51176,51231,12,shorter+unresolved,0,0,1
Draw_Diplomacy_System_,51315,51417,102,14,4,51315,51417,32,matches,0,0,0
Draw_Diplomacy_System_Text_,51417,51836,419,14,4,51417,51836,97,matches+unresolved,0,1,1
Diplomacy_System_Scan_,51836,52045,209,14,4,51836,52045,61,matches,0,1,0
Diplomacy_Exchange_Technology_,52045,53169,1124,14,4,52045,52126,31,shorter+unresolved,0,0,1
Get_Diplomacy_Tech_Exchange_Lists_,53169,53461,292,14,4,53169,53461,82,matches+unresolved,0,0,1
Start_Diplomacy_Music_,53461,53496,35,14,4,53461,53496,9,matches,0,0,0
Diplomacy_Surrender_,53496,53815,319,14,4,31556,53758,73,shorter+unresolved,0,1,1
Diplomacy_Offer_Money_,53815,54629,814,14,4,51168,54389,172,shorter+unresolved,0,0,1
Get_Diplomacy_Statement_,54629,56855,2226,14,4,54629,54652,9,shorter+unresolved,0,0,1
An_,56855,57080,225,14,4,56855,56938,33,shorter,0,0,0
Get_Net_Diplomacy_Choices_,57080,60695,3615,14,4,57080,57103,8,shorter+unresolved,0,0,1
Diplomacy_Net_Switcheroo_,60695,60828,133,14,4,60695,60705,4,shorter+unresolved,0,0,1
Diplomacy_Initial_Synch_Up_,60828,60905,77,14,4,60828,60849,6,shorter+unresolved,0,0,1
Diplomacy_Listen_Mode_,60905,61275,370,14,4,60905,61275,39,matches+unresolved,0,1,1
Diplomacy_Chat_,61275,61628,353,14,4,61275,61489,40,shorter+unresolved,0,0,2
Draw_Diplomacy_Listen_Mode_,61628,61743,115,14,4,61628,61743,27,matches,0,0,0
Diplomacy_Synch_Mode_,61743,61821,78,14,4,61743,61750,1,shorter+unresolved,0,0,1
Start_Net_Treaty_,61821,62000,179,14,4,61821,62000,44,matches,0,0,0
Diplomacy_Receive_Message_,62000,62283,283,14,4,62000,62283,59,matches+unresolved,0,0,3
Get_Listen_Mode_Message_,62283,62332,49,14,4,62283,62296,6,shorter+unresolved,0,0,1
Load_Diplomacy_Text_Messages_,62332,64531,2199,14,4,62332,64531,510,matches,0,1,0
Setup_Diplomacy_Help_,64531,64774,243,14,4,32569,64720,47,shorter+unresolved,0,0,2
Setup_Full_Screen_Diplomacy_Help_,64774,64896,122,14,4,64774,64896,20,matches+unresolved,0,0,1
Set_Opportunity_Attacks_,64896,65269,373,14,4,64896,65245,77,shorter+unresolved,0,1,2
Add_Diplomacy_Turn_Summary_Messages_,65269,65517,248,14,4,65269,65517,34,matches+unresolved,0,1,1
Resolve_Delayed_Diplomacy_Orders_,65517,65731,214,14,4,65517,65731,58,matches+unresolved,0,1,2
Diplomacy_Main_Net_Chat_,65731,65890,159,14,4,65731,65890,40,matches,0,0,0
Diplomacy_Message_Is_Interactive_,65890,65956,66,14,4,65890,65956,24,matches,0,0,0
Init_Events_,65956,66041,85,15,4,65956,65964,2,shorter+unresolved,0,0,1
Reset_Events_,66041,66111,70,15,4,66041,66111,27,matches,0,0,0
Check_For_Event_Message_,66111,66174,63,15,4,66111,66174,23,matches,0,0,0
Check_For_Event_,66174,66333,159,15,4,66174,66333,38,matches,0,0,0
Start_Main_Event_,66333,66507,174,15,4,66333,66507,40,matches,0,0,0
Load_Event_Picture_,66507,66560,53,15,4,66507,66560,17,matches,0,0,0
Drive_Event_Screen_,66560,66656,96,15,4,66560,66656,33,matches,0,0,0
Draw_Event_Screen_,66656,66872,216,15,4,66656,66872,58,matches,0,0,0
Event_Fade_In_,66872,67234,362,15,4,66872,67090,56,shorter,0,0,0
Event_Twiddle_,67234,70513,3279,15,4,67234,70369,590,shorter+unresolved,0,0,12
Setup_Next_Event_,70513,72557,2044,15,4,70513,70540,11,shorter+unresolved,0,0,1
Get_Event_Message_,72557,74301,1744,15,4,72557,74301,83,matches+unresolved,0,0,2
Event_Get_Fleet_Strength_,74301,74506,205,15,4,74301,74370,29,shorter,0,0,0
Determine_Event_,74506,77143,2637,15,4,74506,81312,337,extends+unresolved,0,0,4
Get_Event_Victim_,77143,77660,517,15,4,77143,81312,146,extends+unresolved,0,0,2
Get_Antaran_Victim_,77660,78006,346,15,4,77660,78006,97,matches+unresolved,0,1,1
Player_Has_Bad_Event_,78006,78092,86,15,4,78006,78092,26,matches+unresolved,0,0,1
Get_Event_Climate_Change_Colony_,78092,78260,168,15,4,78092,78260,56,matches,0,1,0
Get_Event_Industrial_Accident_Colony_,78260,78430,170,15,4,78253,78430,57,matches,0,2,0
Get_Event_Mineral_Depletion_Colony_,78430,78523,93,15,4,78253,78523,33,matches,0,1,0
Get_Event_Mineral_Deposit_Colony_,78523,78636,113,15,4,78253,78616,33,shorter,0,1,0
Event_Monster_Update_,78636,78763,127,15,4,78636,78763,36,matches,0,0,0
Event_Race_Eliminated_,78763,78776,13,15,4,78763,78776,3,matches,0,0,0
Event_Orion_Discovered_,78776,78789,13,15,4,78776,78789,3,matches,0,0,0
Event_Defeat_Antarans_,78789,78802,13,15,4,78789,78802,3,matches,0,0,0
Event_Surrender_,78802,78822,20,15,4,78802,78822,4,matches,0,0,0
Event_Rebel_Assimilation_,78822,78842,20,15,4,78822,78842,4,matches,0,0,0
Event_Check_Hyperspace_Flux_,78842,78878,36,15,4,78842,78878,10,matches,0,0,0
Event_Check_Space_Anomaly_,78878,78958,80,15,4,78878,78958,22,matches,0,0,0
Event_Check_Pirate_Activity_,78958,79032,74,15,4,78958,79032,25,matches,0,0,0
Event_Check_Plague_,79032,79077,45,15,4,79032,79077,12,matches,0,0,0
Event_Check_Warp_Beast_,79077,79113,36,15,4,79077,79113,10,matches,0,0,0
Event_Check_Population_Boom_,79113,79158,45,15,4,79113,79158,12,matches,0,0,0
Event_Check_Comet_,79158,79203,45,15,4,79158,79203,12,matches,0,0,0
Event_Check_Planet_Warning_,79203,79679,476,15,4,79203,79219,7,shorter+unresolved,0,0,1
Event_Check_General_Status_,79679,79744,65,15,4,79679,79744,10,matches+unresolved,0,0,1
Allocate_Comet_Hit_,79744,79923,179,15,4,79744,79811,21,shorter+unresolved,0,0,1
Allocate_Industrial_Accident_Hit_,79923,80040,117,15,4,79923,80040,36,matches,0,0,0
Allocate_Earthquake_Hit_,80040,80264,224,15,4,80040,80264,72,matches,0,0,0
Find_Nearest_Player_Colony_to_Ship_,80264,80360,96,15,4,80264,80360,37,matches,0,0,0
Colony_To_Ship_Dist2_,80360,80479,119,15,4,80360,80479,42,matches,0,0,0
Pick_Completely_Random_Star_,80479,80680,201,15,4,78253,80680,63,matches,0,2,0
Ship_Size_Points_At_Star_,80680,80740,60,15,4,80680,80740,22,matches,0,1,0
Colony_Research_Points_,80740,80765,25,15,4,80740,80762,5,shorter+unresolved,0,0,1
Pick_Random_Player_In_Contact_,80765,80876,111,15,4,80765,80876,39,matches,0,1,0
Pick_Random_Star_,80876,81057,181,15,4,80876,81057,60,matches,0,1,0
Pick_Random_Officer_,81057,81133,76,15,4,81057,81133,29,matches,0,1,0
Pick_Random_Ship_,81133,81220,87,15,4,81133,81220,32,matches,0,1,0
Pick_Random_Colony_No_Outpost_,81220,81312,92,15,4,81220,81312,38,matches,0,0,0
Pick_Random_Colony_No_Capitol_,81312,81406,94,15,4,81312,81406,33,matches,0,1,0
Event_Check_Colony_Researching_,81406,81504,98,15,4,81406,81504,26,matches,0,0,0
Colony_Has_Event_,81504,81951,447,15,4,81504,81951,123,matches,0,0,0
Kill_All_Events_At_Colony_,81951,82639,688,15,4,81306,82639,177,matches,0,1,0
Event_Check_Space_Anomaly_At_Star_,82639,82684,45,15,4,82639,82684,12,matches,0,0,0
Star_Has_Event_,82684,83087,403,15,4,82684,83063,99,shorter,0,0,0
Event_Pirate_Activity_Strength_,83087,83217,130,15,4,83087,83217,49,matches,0,0,0
Determine_Lucky_Players_Events_,83217,83396,179,15,4,81303,83396,58,matches+unresolved,0,1,1
Update_Lucky_Players_Events_,83396,83453,57,15,4,83396,83453,19,matches,0,0,0
Jim_Hot_Key_,83453,83575,122,16,4,83453,83575,37,matches+unresolved,0,0,1
Play_Streaming_Music_,83575,84017,442,16,4,83575,84017,9,matches+unresolved,0,0,2
Stop_Background_Music_,84017,84047,30,16,4,84017,84025,2,shorter+unresolved,0,0,1
Play_Background_Music_,84047,84237,190,16,4,84047,84237,9,matches+unresolved,0,0,1
Fade_Down_Background_Music_,84237,84332,95,16,4,84237,84332,13,matches+unresolved,0,0,1
Play_Combat_Music_,84332,84473,141,16,4,84332,84473,10,matches+unresolved,0,0,1
Get_Text_Message_,84473,84682,209,16,4,84473,84497,8,shorter+unresolved,0,0,1
Decode_Text_Message_,84682,85296,614,16,4,84682,85296,193,matches,0,0,0
Decode_Text_Name_,85296,85324,28,16,4,85296,85324,11,matches,0,1,0
Decode_Text_Race_,85296,85324,28,16,4,85296,85324,11,matches,0,1,0
Decode_Text_Race_And_Name_,85296,85324,28,16,4,85296,85324,11,matches,0,1,0
Decode_Text_Name_And_Stat_,85324,85354,30,16,4,85324,85354,12,matches,0,0,0
Decode_Text_Name_And_System_,85354,85379,25,16,4,85354,85379,10,matches,0,1,0
Decode_Text_Name_And_Tech_,85379,85404,25,16,4,85379,85404,10,matches,0,1,0
Decode_Text_Name_And_Other_Tech_,85404,85445,41,16,4,85404,85445,18,matches,0,0,0
Decode_Text_Name_Tech_And_Other_Tech_,85445,85488,43,16,4,85445,85488,18,matches,0,0,0
Decode_Text_Name_And_Name_,85488,85512,24,16,4,85488,85512,9,matches,0,1,0
Decode_Text_Stat_,85512,85543,31,16,4,85512,85543,14,matches,0,0,0
Decode_Text_System_,85543,85566,23,16,4,85543,85566,10,matches,0,1,0
Decode_Text_Field_,85566,85588,22,16,4,85566,85588,10,matches,0,1,0
Decode_Text_Year_,85588,85619,31,16,4,85588,85619,15,matches,0,0,0
Decode_Text_Tech_And_Other_Name_,85619,85654,35,16,4,85619,85654,14,matches,0,1,0
Bill_Picture_To_Mouse_,85654,85715,61,16,4,85654,85715,21,matches,0,0,0
Draw_Logos_,85715,86415,700,16,4,85715,86415,177,matches+unresolved,0,0,1
Logo_Fade_Out_,86415,86511,96,16,4,86415,86511,29,matches,0,0,0
Slow_Fade_In_,86511,86617,106,16,4,86511,86617,36,matches,0,0,0
Check_For_Simtex_Logo_,86617,86695,78,16,4,86617,86695,26,matches,0,0,0
NPC_Diplomacy_,86695,86725,30,17,4,86695,86725,6,matches,1,0,0
NPC_Tech_Exchange_,86725,86741,16,17,4,86725,86741,8,matches,0,1,0
NPC_Threats_,86741,87341,600,17,4,86741,87341,37,matches+unresolved,0,0,1
NPC_To_NPC_Treaty_Negotiations_,87341,88786,1445,17,4,87341,88786,66,matches+unresolved,0,1,1
Honor_Alliances_,88786,89030,244,17,4,88786,88823,13,shorter+unresolved,0,0,1
Eliminate_NPC_Treaty_Conflicts_,89030,89212,182,17,4,89030,89212,44,matches+unresolved,0,1,1
NPC_Diplomacy_Buildup_Penalties_,89212,89585,373,17,4,87334,89585,52,matches+unresolved,0,1,1
NPC_Declarations_Of_War_,89585,91914,2329,17,4,89585,91914,151,matches+unresolved,0,1,3
NPC_Peace_Negotiations_,91914,92317,403,17,4,91914,92317,49,matches+unresolved,0,1,1
NPC_Required_Alliances_,92317,92560,243,17,4,92317,92353,12,shorter+unresolved,0,0,1
NPC_To_Human_Diplomacy_,92560,93117,557,17,4,92560,92561,1,shorter,0,0,0
Get_Tech_Exchange_Reaction_,93117,93453,336,17,4,93117,93229,31,shorter+unresolved,0,0,1
compare_tech_,93453,93458,5,17,4,93453,93458,3,matches,0,0,0
reverse_compare_tech_,93458,93465,7,17,4,93458,93465,4,matches,0,0,0
Get_Exchange_Tech_List_,93465,94138,673,17,4,93465,94138,196,matches,0,0,0
Get_Tech_Exchange_Expectation_,94138,94356,218,17,4,94138,94187,15,shorter+unresolved,0,0,1
Get_Differential_Tech_List_,94356,94735,379,17,4,94356,94413,17,shorter+unresolved,0,0,1
NPC_Tech_Exchange_Check_,94735,95086,351,17,4,94735,95086,42,matches+unresolved,0,0,1
NPC_Good_Proposal_Check_,95086,95495,409,17,4,95086,95495,55,matches+unresolved,0,1,1
Clear_Last_Proposal_Turn_,95495,95583,88,17,4,95495,95538,13,shorter+unresolved,0,0,1
NPC_Message_Rejection_Check_,95583,95974,391,17,4,95583,95613,10,shorter+unresolved,0,0,1
NPC_Proposal_Rejection_Accept_,95974,96207,233,17,4,95974,96013,13,shorter+unresolved,0,0,1
NPC_Treaty_Hatred_,96207,96829,622,17,4,87334,96829,55,matches+unresolved,0,1,2
NPC_Surrender_Check_,96829,98086,1257,17,4,96829,98086,114,matches+unresolved,0,1,1
Does_Ship_Have_Missiles_Incoming_,98086,98207,121,18,4,98086,98207,40,matches,0,1,0
Safe_To_Fire_Sphere_Weapon_,98207,98664,457,18,4,98199,98664,136,matches,0,2,0
Ai_Self_Destruct_Check_,98664,99782,1118,18,4,98664,99782,252,matches+unresolved,0,1,2
Release_Smallest_Ship_From_Stasis_,99782,99914,132,18,4,99782,99914,44,matches,0,0,0
Ai_Stasis_Check_,99914,100072,158,18,4,99914,100072,51,matches,0,1,0
Range_To_XY_,100072,100406,334,18,4,100072,100406,129,matches,0,0,0
Range_To_Missile_,100406,100442,36,18,4,100406,100442,13,matches,0,0,0
Range_To_Ship_,100442,100804,362,18,4,100442,100804,126,matches,0,1,0
Expected_Weapon_Damage_,100804,102062,1258,18,4,100804,100875,24,shorter+unresolved,0,0,1
Expected_Missile_Damage_,102062,102618,556,18,4,102062,102358,59,shorter+unresolved,0,0,5
Expected_Beam_Bomb_Damage_,102618,103384,766,18,4,102618,103107,104,shorter+unresolved,0,0,2
Missile_Overkill_Check_,103384,103552,168,18,4,103384,103552,54,matches,0,1,0
Check_For_Launched_Fighters_,103552,103647,95,18,4,103552,103623,30,shorter,0,0,0
Is_Ship_Out_Of_Ammo_,103647,103888,241,18,4,103647,103888,51,matches+unresolved,0,0,1
Is_Ship_Targeted_By_Missile_,103888,103958,70,18,4,103616,103958,31,matches,0,1,0
Toggle_Auto_Combat_Flags_,103958,104336,378,18,4,103958,104272,25,shorter+unresolved,0,0,4
Crystal_Control_,104336,104503,167,18,4,104336,113414,35,extends+unresolved,0,0,1
Do_Auto_Ship_Turn_,104503,106267,1764,18,4,104503,113414,392,extends+unresolved,0,0,4
Target_Missile_Value_,106267,106821,554,18,4,106267,106821,148,matches+unresolved,0,0,2
Select_Missile_To_Target_,106821,107065,244,18,4,106821,107065,68,matches,0,1,0
Target_Ship_Value_,107065,107626,561,18,4,107065,107626,66,matches+unresolved,0,0,1
Select_Ship_To_Target_,107626,107752,126,18,4,107626,107752,40,matches,0,1,0
Choose_Target_,107752,107845,93,18,4,107752,107821,23,shorter,0,0,0
Combat_Ship_Class_,107845,108413,568,18,4,107845,108413,172,matches+unresolved,0,3,1
Evaluate_Possible_Move_,108413,108560,147,18,4,108413,108560,54,matches,0,0,0
Bring_Weapons_To_Bear_,108560,108965,405,18,4,108560,108965,119,matches,0,0,0
Auto_Move_Ship_,108965,109817,852,18,4,108965,109134,31,shorter+unresolved,0,0,2
Get_Current_Ship_Target_,109817,110290,473,18,4,109817,110290,105,matches+unresolved,0,0,1
Will_Missile_Do_Damage_,110290,110505,215,18,4,110290,110470,42,shorter+unresolved,0,0,3
Get_Current_Missile_Target_,110505,110750,245,18,4,110505,110750,74,matches,0,0,0
Get_Current_Target_,110750,110993,243,18,4,110750,110953,61,shorter,0,4,0
Convert_Ordinal_To_Msl_Type_,110993,111101,108,18,5,110993,111101,45,matches,0,0,0
Get_Effective_Missile_Strength_,111101,112588,1487,18,4,111101,112588,244,matches+unresolved,0,1,2
Average_Missile_Kills_,112588,113123,535,18,4,112588,113123,150,matches+unresolved,0,1,1
Get_Effective_Weapon_Damage_,113123,113246,123,18,4,113123,113246,44,matches,0,0,0
Get_Effective_Beam_Strength_,113246,113414,168,18,4,113246,113414,58,matches,0,0,0
Get_Total_Hits_,113414,113569,155,18,4,113414,113569,43,matches+unresolved,0,1,1
Retreat_Check_,113569,114213,644,18,4,113569,114213,22,matches+unresolved,0,1,1
Get_Long_Range_Beam_Strength_,114213,114547,334,18,4,114213,114547,90,matches,0,1,0
Resolve_Ai_Boarding_,114547,114985,438,18,4,114547,114985,31,matches+unresolved,0,0,1
Boarding_Action_Type_,114985,115770,785,18,4,114985,115770,108,matches+unresolved,0,0,2
Get_Player_Mode_,115770,116053,283,18,4,113407,116045,90,shorter,0,4,0
Draw_Super_Fast_Screen_,116053,116225,172,19,4,116053,116063,4,shorter+unresolved,0,0,1
Refresh_Combat_Screen_Full_,116225,116410,185,19,4,116225,116252,7,shorter+unresolved,0,0,1
Full_Draw_Combat_Screen_,116410,117708,1298,19,4,116410,116426,7,shorter+unresolved,0,0,1
Draw_Grey_Damage_Bars_,117708,119277,1569,19,4,117708,118905,134,shorter+unresolved,0,0,4
Draw_Ship_Status_,119277,123597,4320,19,4,119277,123581,234,shorter+unresolved,0,0,3
Draw_Weapon_Status_Display_,123597,125325,1728,19,4,123597,125325,499,matches,0,0,0
Draw_Special_Status_Display_,125325,125711,386,19,4,125325,146181,109,extends,0,1,0
Draw_Blip2_,125711,125826,115,19,4,125711,125826,46,matches,0,0,0
Draw_Blip3_,125826,126037,211,19,4,125826,126037,77,matches,0,1,0
Draw_Blip4_,126037,126344,307,19,4,126037,126344,110,matches,0,1,0
Draw_Blip5_,126344,126801,457,19,4,126344,126801,159,matches,0,1,0
Draw_Reduced_Map_Box_,126801,127346,545,19,4,126801,127346,169,matches,0,0,0
Draw_Reduced_Combat_Map_,127346,127874,528,19,4,127346,127874,172,matches,0,1,0
Draw_Option_Panel_Lights_,127874,128069,195,19,4,127874,128069,40,matches,0,0,0
Draw_Crew_Level_Stars_,128069,128238,169,19,4,128069,128190,23,shorter+unresolved,0,0,2
Draw_Main_Combat_Screen_,128238,131170,2932,19,4,128238,128261,8,shorter+unresolved,0,0,1
Draw_Ship_,131170,132657,1487,19,4,131170,131222,14,shorter+unresolved,0,0,1
Combat_Draw_View_Ship_,132657,139045,6388,19,4,132657,132778,35,shorter+unresolved,0,0,1
Detailed_View_Ship_,139045,139843,798,19,4,139045,139779,118,shorter+unresolved,0,1,2
Draw_Shield_Arcs_,139843,141109,1266,19,4,139843,139859,7,shorter+unresolved,0,0,1
Draw_Weapon_Arcs_,141109,141732,623,19,4,141109,141658,105,shorter+unresolved,0,0,1
Relative_Bearing_XY_,141732,141856,124,19,4,141732,141856,43,matches,0,0,0
Relative_Bearing_,141856,142033,177,19,4,141856,142033,59,matches,0,0,0
Get_Weapon_Arc_,142033,142118,85,19,4,142033,142102,26,shorter,0,0,0
Draw_Ship_To_Bitmap_,142118,142740,622,19,4,142118,142147,10,shorter+unresolved,0,0,1
Draw_Retreating_Ship_,142740,143702,962,19,4,142740,146181,198,extends+unresolved,0,0,2
Get_Ship_Anim_Dimensions_,143702,143769,67,19,4,143702,143749,22,shorter,0,0,0
Remap_Draw_Ship_Status_,143769,144707,938,19,4,143769,144707,227,matches,0,0,0
Scroll_Draw_Combat_Screen_,144707,145831,1124,19,4,144707,144742,11,shorter+unresolved,0,0,1
Ship_Completely_On_Screen_,145831,146201,370,19,4,145831,146181,57,shorter+unresolved,0,0,1
Ship_On_Screen_,146201,146437,236,19,4,146172,146437,52,matches+unresolved,0,2,1
Display_Combat_View_Ship_,146437,146682,245,19,4,146437,146505,18,shorter+unresolved,0,0,2
Crew_Quality_String_,146682,146883,201,19,4,146682,146859,47,shorter,0,0,0
Plasma_Darken_,146883,147296,413,19,4,146883,147296,136,matches,0,0,0
Draw_Bombs_,147296,148102,806,19,4,147296,147348,16,shorter+unresolved,0,0,1
Create_Ship_Darken_Map_,148102,148564,462,19,4,148102,148548,160,shorter,0,1,0
Get_Draw_Ship_Offsets_,148564,148803,239,19,4,148564,148803,74,matches,0,0,0
Get_Ship_Center_Draw_XY_,148803,148894,91,19,4,148803,148894,30,matches,0,0,0
Draw_Internals_Display_,148894,149793,899,19,4,148894,148920,9,shorter+unresolved,0,0,1
Draw_Fake_Combat_Buttons_,149793,150198,405,19,4,149793,149887,20,shorter+unresolved,0,0,1
Draw_Legal_Boxes_,150198,150594,396,19,4,150198,150214,7,shorter+unresolved,0,0,1
Move_Options_Background_,150594,151240,646,19,4,150594,150610,7,shorter+unresolved,0,0,1
Draw_Board_Popup_,151240,151491,251,19,5,151240,151491,57,matches,0,1,0
Board_Popup_,151491,152145,654,19,4,151491,152145,149,matches+unresolved,0,0,1
Apply_Internal_Damage_,152145,153633,1488,20,4,152145,153633,292,matches+unresolved,0,0,9
Repair_Combat_Ship_,153633,154682,1049,20,4,153633,154120,105,shorter+unresolved,0,0,2
Clear_Internal_Space_,154682,154710,28,20,4,154682,154710,13,matches,0,0,0
Combat_Bonus_,154710,154751,41,20,4,154710,154751,17,matches,0,0,0
Computer_Bonus_,154751,154797,46,20,4,154751,154774,6,shorter+unresolved,0,0,1
Crew_Boarding_Combat_Bonus_,154797,154829,32,20,4,154797,154818,5,shorter+unresolved,0,0,1
Crew_Defensive_Combat_Bonus_,154829,154861,32,20,4,154829,154850,5,shorter+unresolved,0,0,1
Crew_Offensive_Combat_Bonus_,154861,154893,32,20,4,154861,154882,5,shorter+unresolved,0,0,1
Defensive_Combat_Bonus_,154893,155148,255,20,4,154893,154947,15,shorter+unresolved,0,0,1
Get_Fleet_Engineer_Bonus_,155148,155242,94,20,4,155148,155242,35,matches,0,0,0
Fighter_Pilot_Bonus_,155242,155310,68,20,4,155242,155310,31,matches,0,0,0
Get_Fleet_Pilot_Bonus_,155310,155402,92,20,4,155310,155402,30,matches,0,1,0
Set_Combat_Ordnance_Values_,155402,155469,67,20,4,155402,155434,7,shorter+unresolved,0,0,1
Leader_Ordnance_Bonus_,155469,155518,49,20,4,155469,155518,17,matches,0,2,0
Get_Fleet_Ordnance_Bonus_,155518,155610,92,20,4,155518,155610,30,matches,0,1,0
Get_Fleet_Commando_Bonus_,155610,155702,92,20,4,155610,155702,30,matches,0,1,0
Commando_Bonus_,155702,155770,68,20,4,155304,155770,28,matches,0,2,0
Engineer_Bonus_,155770,155818,48,20,4,155770,155818,18,matches,0,2,0
Get_Fleet_Security_Bonus_,155818,155910,92,20,4,155818,155910,30,matches,0,1,0
Security_Bonus_,155910,155961,51,20,4,155910,155961,18,matches,0,2,0
Fleet_Defensive_Bonus_,155961,156262,301,20,4,155961,156262,93,matches+unresolved,0,0,1
Fleet_Offensive_Bonus_,156262,156561,299,20,4,156262,156292,12,shorter+unresolved,0,0,1
Heal_System_,156561,156784,223,20,4,156561,156784,49,matches+unresolved,0,0,2
Init_Internal_Space_,156784,157359,575,20,4,156784,157053,66,shorter+unresolved,0,0,4
Kill_Crew_,157359,157405,46,20,4,157359,157382,6,shorter+unresolved,0,0,1
Offensive_Combat_Bonus_,157405,157565,160,20,4,157405,157446,13,shorter+unresolved,0,0,1
Helmsman_Bonus_,157565,157614,49,20,4,157565,157614,17,matches,0,2,0
Weaponry_Bonus_,157614,157663,49,20,4,157614,157663,17,matches,0,2,0
Galactic_Lore_Bonus_,157663,157712,49,20,4,157663,157712,17,matches,0,2,0
Select_Internal_,157712,158307,595,20,4,157712,158307,82,matches+unresolved,0,0,3
Ship_Specials_Defensive_Bonus_,158307,158534,227,20,4,158307,158534,75,matches,0,0,0
Ship_Specials_Offensive_Bonus_,158534,158564,30,20,4,158534,158564,13,matches,0,0,0
Total_Internal_Space_,158564,158690,126,20,4,158564,158634,22,shorter+unresolved,0,0,1
Max_Total_Internal_Space_,158690,158816,126,20,4,158690,158760,22,shorter+unresolved,0,0,1
Weapons_Left_,158816,158876,60,20,4,158816,158876,25,matches+unresolved,0,0,1
Final_Fire_,158876,159441,565,20,4,158876,159441,174,matches,0,0,0
Defensive_Fire_Check_,159441,160115,674,20,4,153627,160115,81,matches+unresolved,0,1,1
Max_Defensive_Fire_Range_,160115,160340,225,20,4,160115,160340,72,matches,0,1,0
Get_Combat_Ship_Special_Id_,160340,160445,105,20,4,160340,160445,38,matches,0,1,0
Init_Boarding_Action_,160445,160520,75,20,4,160445,160495,14,shorter+unresolved,0,0,1
Resolve_Raid_,160520,163240,2720,20,4,160520,163240,35,matches+unresolved,0,0,1
Resolve_Capture_,163240,164626,1386,20,4,163240,164626,25,matches+unresolved,0,0,1
Capture_Ship_,164626,165032,406,20,4,164626,164933,70,shorter+unresolved,0,0,3
Select_Raid_Internal_,165032,165462,430,20,4,165032,165159,36,shorter+unresolved,0,0,1
Damage_From_Ship_Exploding_,165462,165519,57,20,4,165462,165507,12,shorter+unresolved,0,0,1
Apply_Combat_Artemis_Net_,165519,165946,427,20,4,165519,165946,27,matches+unresolved,0,1,1
Combat_Ship_Done_,165946,165976,30,20,4,165946,165976,10,matches,0,0,0
Set_Combat_Ship_Done_,165976,166006,30,20,4,165976,166006,10,matches,0,0,0
Used_Teleporter_,166006,166028,22,20,4,166006,166028,8,matches,0,1,0
Set_Teleporter_Used_,166028,166050,22,20,4,166028,166050,8,matches,0,1,0
Already_Boarded_,166050,166072,22,20,4,166050,166072,7,matches,0,1,0
Set_Boarded_Flag_,166072,166094,22,20,4,166072,166094,7,matches,0,1,0
Being_Captured_,166094,166119,25,20,4,166094,166119,7,matches,0,1,0
Set_Capturing_Flag_,166119,166144,25,20,4,166119,166144,7,matches,0,1,0
Clear_Capturing_Flag_,166144,166174,30,20,4,166144,166174,10,matches,0,0,0
Retarget_Missiles_Aimed_At_,166174,166266,92,21,4,166174,166266,35,matches,0,0,0
Is_Combat_Ship_Dead_,166266,166376,110,21,4,166266,166376,30,matches+unresolved,0,0,1
Target_Is_Legal_For_Weapon_,166376,166750,374,21,4,166376,166726,95,shorter+unresolved,0,0,1
Fire_Ship_,166750,168966,2216,21,4,166750,166913,41,shorter+unresolved,0,0,1
Get_Beam_Range_To_Hit_Bonus_,168966,169012,46,21,4,168966,169009,14,shorter+unresolved,0,0,1
Get_Beam_Weapon_Modifiers_,169012,169207,195,21,4,169012,169207,61,matches+unresolved,0,0,1
Fire_Beam_Weapon_,169207,170373,1166,21,4,169207,169613,105,shorter+unresolved,0,0,1
Apply_Ship_Damage_,170373,171488,1115,21,4,170373,171488,235,matches+unresolved,0,0,2
Facing_Shield_,171488,171541,53,21,4,171488,171541,19,matches,0,0,0
Destroy_Ship_,171541,171805,264,21,4,171541,171638,24,shorter+unresolved,0,0,1
Weapon_In_Range_,171805,172217,412,21,4,171805,172217,123,matches,0,0,0
Apply_Damage_To_Missile_,172217,172354,137,21,4,172217,172354,47,matches,0,0,0
Does_Combat_Planet_Have_Defenses_,172354,172446,92,21,4,172354,172446,17,matches+unresolved,0,0,1
Destroy_Colony_Defense_,172446,172995,549,21,4,172446,172995,21,matches+unresolved,0,0,1
Apply_Damage_To_Planet_,172995,173770,775,21,4,172995,173770,107,matches+unresolved,0,0,2
Fire_Bomb_,173770,173994,224,21,4,173770,173827,18,shorter+unresolved,0,0,1
Weapon_Can_Fire_At_Missiles_,173994,174098,104,21,4,173994,174098,41,matches,0,0,0
Place_Ship_In_Stasis_,174098,174127,29,21,4,174098,174127,11,matches,0,0,0
Fire_Special_Weapon_,174127,175136,1009,21,4,169201,175136,211,matches+unresolved,0,5,5
Fire_Fighter_Bomb_,175136,175447,311,21,4,175136,175207,21,shorter+unresolved,0,0,1
Fire_Fighter_Beam_,175447,176051,604,21,4,175447,175526,21,shorter+unresolved,0,0,1
Remove_Stasis_Beam_,176051,176101,50,21,4,176051,176101,20,matches,0,0,0
Special_Is_On_,176101,176132,31,21,4,176101,176126,7,shorter+unresolved,0,0,1
Special_Is_Turned_On_,176132,176247,115,21,4,176132,176247,44,matches,0,0,0
Energy_Absorber_Attack_,176247,176946,699,21,4,176247,176402,43,shorter+unresolved,0,0,1
Pre_Weapon_Specials_,176946,177133,187,21,4,176946,177133,61,matches,0,0,0
Draw_Energy_Absorber_,177133,177344,211,21,4,177133,177344,77,matches,0,0,0
Draw_BHG_,177344,177703,359,21,4,177344,177531,50,shorter+unresolved,0,0,1
BHG_,177703,178237,534,21,4,177703,177720,8,shorter+unresolved,0,0,1
_missile_group_offset,178237,178749,512,22,5,178237,178240,2,shorter,0,0,0
_torpedo_group_offset,178749,179005,256,22,5,178749,178752,2,shorter,0,0,0
Missile_Owner_,179005,179024,19,22,4,179005,179024,7,matches,0,0,0
Missile_Type_,179024,179190,166,22,4,179024,179190,69,matches,0,0,0
Coord_Movement_,179190,179328,138,22,4,179190,179328,55,matches,0,0,0
Kill_Missile_,179328,179405,77,22,4,179328,179405,31,matches,0,0,0
Did_Missile_Hit_,179405,179500,95,22,4,179405,179500,31,matches+unresolved,0,0,1
Picture_Count_,179500,179674,174,22,5,179500,179530,10,shorter+unresolved,0,0,1
Get_Multiple_Torpedo_Coords_,179674,180082,408,22,5,179674,180046,100,shorter,0,0,0
Get_Multiple_Missile_Coords_,180082,180956,874,22,5,180082,180956,219,matches,0,0,0
Draw_Missile_,180956,181561,605,22,4,180956,181561,174,matches+unresolved,0,0,1
Draw_Missile_Status_,181561,182324,763,22,4,181561,182324,244,matches,0,0,0
Draw_Missiles_,182324,182418,94,22,4,182324,182354,11,shorter+unresolved,0,0,1
Fire_Missile_,182418,183332,914,22,4,182418,183332,94,matches+unresolved,0,0,1
Missile_Coord_Movement_,183332,183410,78,22,4,183332,183410,30,matches,0,0,0
Missile_Facing_To_XY_,183410,183452,42,22,4,183410,183452,15,matches,0,0,0
Missile_Facing_,183452,183585,133,22,4,183452,183585,42,matches,0,0,0
Missile_Speed_,183585,183887,302,22,4,183585,183887,77,matches+unresolved,0,0,3
Missile_On_Combat_Screen_,183887,183991,104,22,4,183887,183991,40,matches,0,0,0
Move_Missile_,183991,184861,870,22,4,183991,184861,223,matches+unresolved,0,0,2
Next_Missile_Id_,184861,184921,60,22,4,184861,184921,25,matches,0,0,0
On_Combat_Screen_,184921,184985,64,22,4,184921,184985,24,matches,0,0,0
Is_Missile_Target_Alive_,184985,185055,70,22,4,184985,185055,25,matches,0,0,0
Resolve_Missile_,185055,187279,2224,22,4,185055,187279,338,matches+unresolved,0,0,4
Find_Weakest_Shield_,187279,187345,66,22,4,187279,187345,25,matches,0,1,0
Draw_Fighter_,187345,187864,519,22,4,187345,187864,151,matches,0,1,0
Retarget_Missile_,187864,188301,437,22,4,187864,188301,115,matches+unresolved,0,1,1
Fighter_Ocv_,188301,188384,83,22,4,188301,188384,26,matches+unresolved,0,0,1
Missile_Dcv_,188384,188565,181,22,4,188384,188565,67,matches+unresolved,0,0,1
Get_Missile_Hits_,188565,188836,271,22,4,188565,188836,76,matches,0,0,0
Fighter_Combat_SFX_,188836,189795,959,22,4,188836,189089,64,shorter+unresolved,0,0,2
Ship_Is_In_Stasis_,189795,189820,25,23,4,189795,189820,8,matches,0,0,0
Ship_In_Black_Hole_,189820,189848,28,23,4,189820,189842,5,shorter+unresolved,0,0,1
Draw_Teleporting_Ship_,189848,190377,529,23,4,189848,189901,16,shorter+unresolved,0,0,1
Rotate_Ship_Until_Impact_,190377,190985,608,23,4,190377,190916,110,shorter+unresolved,0,0,2
Ship_In_Legal_Square_,190985,191141,156,23,4,190985,191113,50,shorter+unresolved,0,0,1
Test_Move_Until_Impact_,191141,192015,874,23,4,191141,191260,31,shorter+unresolved,0,0,1
Move_Ship_,192015,194033,2018,23,4,192015,192059,15,shorter+unresolved,0,0,1
Get_Facing_,194033,194088,55,23,4,194033,194088,20,matches,0,0,0
Rotate_Ship_,194088,194851,763,23,4,194088,194851,113,matches+unresolved,0,0,2
Turn_Cost_,194851,194911,60,23,4,194851,194911,23,matches,0,0,0
Move_Cost_,194911,195169,258,23,4,194911,195169,94,matches,0,0,0
Turn_To_Face_,195169,195582,413,23,4,195169,195582,125,matches,0,0,0
Wait_Until_Net_Opponent_Finished_,195582,195800,218,23,4,195582,195776,51,shorter,0,0,0
Tactical_Combat_Receive_Message_,195800,196010,210,23,4,195800,196010,27,matches+unresolved,0,0,2
Message_Box_Titled_,196010,196020,10,24,4,196010,196020,5,matches,0,0,0
QLoad_Combat_Antaran_Ship_,196020,196338,318,24,4,196020,196338,88,matches,0,0,0
QLoad_Antaran_Defense_Fleet_,196338,196660,322,24,4,196338,196348,4,shorter+unresolved,0,0,1
Get_Leader_Combat_Bonuses_,196660,196936,276,24,4,196660,196936,78,matches,0,0,0
Strategic_Combat_,196936,199722,2786,24,4,196936,197058,29,shorter+unresolved,0,0,1
Apply_Damage_To_Qship_,199722,199875,153,24,4,199722,199847,41,shorter,0,0,0
Get_Non_Player_Name_,199875,200000,125,24,4,199875,200000,51,matches,0,0,0
Build_End_Of_Combat_Message_,200000,202447,2447,24,4,200000,200346,97,shorter+unresolved,0,0,1
Qload_Ships_,202447,204322,1875,24,4,202447,204322,267,matches+unresolved,0,0,2
QGet_Hits_Bonus_,204322,204424,102,24,4,204322,204424,35,matches+unresolved,0,0,1
QGet_Target_,204424,204576,152,24,4,204424,204576,50,matches+unresolved,0,0,2
QGet_Target_SC_,204576,204672,96,24,4,204576,204672,33,matches,0,1,0
Missile_Attack_,204672,204992,320,24,4,196332,204992,99,matches,0,1,0
Strat_Bomb_Attack_,204992,205115,123,24,4,204992,205115,43,matches,0,0,0
Stellar_Converter_Attack_,205115,205147,32,24,4,205115,205147,14,matches,1,0,0
Draw_Qcombat_,205147,205148,1,24,4,205147,205148,1,matches,0,0,0
Strat_Special_Attack_,205148,205343,195,24,4,196332,205343,71,matches,0,1,0
Beam_Attack_,205343,205644,301,24,4,196332,205644,96,matches,0,1,0
Combat_Satelite_Check_,205644,205681,37,24,4,205644,205681,14,matches,0,0,0
Get_Colony_Hits_,205681,205814,133,24,4,205681,205716,8,shorter+unresolved,0,0,1
Resolve_Strat_Colony_Damage_,205814,206206,392,24,4,204570,206206,102,matches,0,1,0
Strategic_Bombardment_,206206,206459,253,24,4,206206,206286,17,shorter+unresolved,0,0,1
Bombardment_,206459,206721,262,24,4,206459,206660,54,shorter+unresolved,0,2,1
Tactical_Bombardment_,206721,207342,621,24,4,206721,206742,8,shorter+unresolved,0,0,1
Get_Number_Of_Ships_In_Stasis_,207342,207399,57,25,4,207342,207399,23,matches,0,0,0
Combat_Ship_Is_Functional_,207399,207457,58,25,4,207399,207457,22,matches,0,0,0
Enemy_Dissipator_Exists_,207457,207551,94,25,4,207457,207551,31,matches,0,1,0
Ship_Controlled_By_Computer_,207551,207631,80,25,4,207551,207618,16,shorter+unresolved,0,0,2
Send_Tactical_Combat_Message_,207631,207728,97,25,4,207631,207728,25,matches,0,0,0
Init_Ship_For_Start_Of_Turn_,207728,208360,632,25,4,207728,208360,175,matches+unresolved,0,0,1
Set_Ocv_Dcv_For_All_,208360,208486,126,25,4,208360,208486,41,matches,0,0,0
Ship_Initiative_Value_,208486,208540,54,25,5,208486,208540,22,matches,0,0,0
qsort_ship_initiative_,208540,208767,227,25,5,208540,208699,62,shorter,0,0,0
Do_Combat_Turn_,208767,216740,7973,25,4,208767,208853,22,shorter+unresolved,0,0,1
Seeking_Missiles_,216740,217743,1003,25,4,216740,217743,70,matches+unresolved,0,1,3
Calc_Current_Speed_,217743,218203,460,25,4,217743,218203,132,matches+unresolved,0,1,1
Check_For_Winner_,218203,218375,172,25,4,218203,218314,35,shorter+unresolved,0,0,1
Set_Cur_Ship_To_,218375,218532,157,25,4,218375,218532,51,matches,0,0,0
Next_Ship_,218532,219212,680,25,4,218532,218602,19,shorter+unresolved,0,1,1
Weapon_Is_On_,219212,219244,32,25,4,219212,219244,11,matches,0,0,0
Weapon_Is_Off_,219244,219276,32,25,4,219244,219276,11,matches,0,0,0
Remove_Continuing_Effect_Specials_,219276,219405,129,25,4,219276,219405,26,matches+unresolved,0,0,1
Ship_Done_Check_,219405,219492,87,25,4,219405,219492,24,matches,0,1,0
Retreat_Ship_,219492,219623,131,25,4,219492,219504,5,shorter+unresolved,0,0,1
Initiate_Boarding_Action_,219623,220839,1216,25,4,219623,220839,125,matches+unresolved,0,0,2
Add_Missile_Fields_,220839,221226,387,25,4,220839,220869,11,shorter+unresolved,0,0,1
Set_Combat_Help_Fields_,221226,222672,1446,25,4,221226,221242,7,shorter+unresolved,0,0,1
Add_Tactical_Combat_Fields_,222672,224456,1784,25,4,222672,222744,20,shorter+unresolved,0,0,1
Assign_Combat_Grids_,224456,225090,634,25,4,224456,224492,15,shorter+unresolved,0,0,1
Assign_Mouse_Images_,225090,226607,1517,25,4,225090,226607,22,matches+unresolved,0,1,1
Set_Legal_Moves_,226607,227490,883,25,4,226607,227478,92,shorter+unresolved,0,0,1
Combat_Screen_,227490,227491,1,26,4,227490,227491,1,matches,0,0,0
Colony_Has_Defenses_,227491,227580,89,26,4,227491,227580,26,matches,0,0,0
qsort_ship_array_by_size_,227580,227641,61,26,5,227580,227641,23,matches,0,0,0
Tactical_Combat_,227641,233183,5542,26,4,227641,227733,28,shorter+unresolved,0,0,1
qsort_combat_data_by_size_,233183,233212,29,26,5,233183,233212,14,matches,0,0,0
Ship_Size_In_Squares_,233212,233289,77,26,4,233212,233269,25,shorter,0,0,0
Ship_Can_Deploy_At_,233289,233539,250,26,4,233289,233539,88,matches,0,0,0
Deploy_Ships_,233539,234664,1125,26,4,233539,234664,277,matches+unresolved,0,0,5
Calc_Combat_Shield_Max_,234664,234826,162,26,4,234664,234802,31,shorter+unresolved,0,0,1
Load_Combat_Ship_,234826,236097,1271,26,4,234826,235377,157,shorter+unresolved,0,0,2
Scroll_Combat_Screen_,236097,236809,712,26,4,236097,236803,116,shorter+unresolved,0,0,2
Snap_Center_Combat_Screen_,236809,237265,456,26,4,236809,236948,36,shorter+unresolved,0,0,1
Ship_Center_Offsets_,237265,237465,200,26,4,237265,237465,61,matches,0,0,0
Load_Combat_Ship_Palette_,237465,237866,401,26,5,237465,237866,110,matches,0,1,0
Load_Individual_Ship_Pictures_,237866,238820,954,26,5,237866,237942,24,shorter+unresolved,0,0,1
Increment_Bhg_,238820,238965,145,26,4,238820,238965,45,matches,0,1,0
End_Of_Turn_Bookeeping_,238965,239054,89,26,4,238965,239054,29,matches,0,0,0
Plasma_Web_Damage_,239054,239504,450,26,4,239054,239504,58,matches+unresolved,0,1,1
Recharge_Shields_,239504,239748,244,26,4,239504,239748,23,matches+unresolved,0,1,1
Type_Of_Space_Station_,239748,239827,79,26,4,239748,239827,28,matches,0,0,0
Load_Antaran_Planet_,239827,240105,278,26,4,239827,239874,15,shorter+unresolved,0,0,1
Load_Colony_Defense_,240105,240182,77,26,4,240105,240182,22,matches,0,0,0
Load_Tactical_Colony_,240182,241690,1508,26,4,240182,240272,30,shorter+unresolved,0,0,1
Load_Combat_Colony_Picture_,241690,241875,185,26,4,241690,241875,53,matches,0,0,0
Does_Combat_Ship_Have_Special_,241875,241950,75,26,4,241875,241950,27,matches,0,0,0
Apply_Bio_Weapon_Penalty_,241950,242052,102,26,4,241950,242052,37,matches,0,0,0
End_Of_Combat_,242052,244193,2141,26,4,242052,242880,189,shorter+unresolved,0,0,2
Unload_Combat_Ship_,244193,244693,500,26,4,234657,244570,105,shorter+unresolved,0,0,1
Load_Combat_Satelite_,244693,248310,3617,26,4,244693,245559,151,shorter+unresolved,0,0,4
Init_Special_Devices_,248310,248606,296,26,4,248310,248342,10,shorter+unresolved,0,0,1
Load_Display_Combat_Ship_,248606,249831,1225,26,4,248606,249041,95,shorter+unresolved,0,0,4
Repair_All_Combat_Ships_,249831,250126,295,26,4,249831,249878,14,shorter+unresolved,0,0,1
Load_Combat_Antaran_Ship_,250126,250177,51,26,4,248605,250177,15,matches,5,0,0
Load_Antaran_Defense_Fleet_,250177,250254,77,26,4,250177,250187,4,shorter+unresolved,0,0,1
Load_Antaran_Star_Fortress_,250254,251790,1536,26,4,250254,250462,59,shorter+unresolved,0,0,1
Init_Diplomatic_Relations_,251790,252594,804,27,4,251790,252567,90,shorter+unresolved,0,0,4
End_Of_Turn_Diplomacy_Adjustments_,252594,253291,697,27,4,252594,253291,115,matches+unresolved,0,1,4
Diplomacy_Growth_,253291,254901,1610,27,4,253291,254786,227,shorter+unresolved,0,0,5
Change_Relations_,254901,256515,1614,27,4,254901,256515,41,matches+unresolved,0,0,1
Reward_Check_,256515,256774,259,27,4,256515,256774,27,matches+unresolved,0,0,1
Determine_Diplomacy_Messages_,256774,258268,1494,27,4,256774,258268,54,matches+unresolved,0,1,1
Determine_Bad_Message_,258268,259483,1215,27,4,258268,258310,14,shorter+unresolved,0,0,1
Sneak_Attack_Or_Declare_War_,259483,259732,249,27,4,259483,259732,82,matches,0,0,0
Peace_Proposal_,259732,260411,679,27,4,259732,260411,21,matches+unresolved,0,0,1
Get_Demands_,260411,261424,1013,27,4,260411,260451,11,shorter+unresolved,0,0,1
Required_Alliances_,261424,261669,245,27,4,261424,261461,13,shorter+unresolved,0,0,1
Determine_Good_Message_,261669,262184,515,27,4,261669,261709,13,shorter+unresolved,0,0,1
Get_War_Count_,262184,262283,99,27,4,262184,262283,29,matches+unresolved,0,0,1
Get_Player_Contact_Count_,262283,262351,68,27,4,262283,262351,25,matches+unresolved,0,0,1
Fleet_Strength_Comparison_,262351,262500,149,27,4,262351,262500,46,matches+unresolved,0,1,1
Tech_Strength_Comparison_,262500,262558,58,27,4,262500,262524,7,shorter+unresolved,0,0,1
Maintenance_Strength_Comparison_,262558,262602,44,27,4,262558,262580,6,shorter+unresolved,0,0,1
Unprovoked_Good_Messages_,262602,264231,1629,27,4,262602,262639,13,shorter+unresolved,0,0,1
Sneak_Attack_War_Check_,264231,264460,229,27,4,264231,264460,35,matches+unresolved,0,0,1
Clear_Diplomacy_Messages_,264460,264913,453,27,4,264460,264913,98,matches+unresolved,0,1,1
Limit_Treaty_Modifiers_,264913,265046,133,27,4,264913,265046,26,matches+unresolved,1,0,1
Save_Last_Diplomacy_Messages_,265046,265047,1,27,4,265046,265047,1,matches,0,0,0
Determine_First_Contacts_,265047,265644,597,27,4,265047,265644,130,matches+unresolved,0,1,2
Modifier_Diplomacy_Adjustments_,265644,266207,563,27,4,265644,266207,21,matches+unresolved,0,1,1
Find_Worst_Modifier_,266207,266360,153,27,4,266207,266221,6,shorter+unresolved,0,0,1
Declare_War_,266360,267150,790,27,4,261643,266587,65,shorter+unresolved,0,0,1
Break_Treaties_,267150,268123,973,27,4,267150,268123,42,matches+unresolved,0,1,1
Break_Research_,268123,268716,593,27,4,261643,268211,28,shorter+unresolved,0,0,1
Break_Trade_,268716,269314,598,27,4,261643,268815,31,shorter+unresolved,0,0,1
Break_Tribute_,269314,269774,460,27,4,261643,269419,34,shorter+unresolved,0,0,1
Fleet_Comparison_,269774,269883,109,27,4,269774,269883,39,matches,0,0,0
Tech_Comparison_,269883,269976,93,27,4,269883,269976,35,matches,0,0,0
Population_Comparison_,269976,270095,119,27,4,269976,270000,7,shorter+unresolved,0,0,1
Total_War_Loss_Comparison_,270095,270309,214,27,4,270095,270239,42,shorter+unresolved,0,0,2
War_Loss_Comparison_,270309,270409,100,27,4,270309,270345,11,shorter+unresolved,0,0,1
Start_Tribute_Treaty_,270409,270672,263,27,4,270409,270455,16,shorter+unresolved,0,0,1
Start_Research_Treaty_,270672,270911,239,27,4,270672,270911,59,matches+unresolved,0,1,1
Start_Trade_Treaty_,270911,271150,239,27,4,270911,271150,59,matches+unresolved,0,1,1
Start_Treaty_,271150,271555,405,27,4,271150,271555,85,matches+unresolved,0,0,1
Adjust_Diplomat_Modifiers_,271555,271611,56,27,4,271555,271580,7,shorter+unresolved,0,0,1
Declare_Peace_,271611,271874,263,27,4,271611,271665,16,shorter+unresolved,0,0,1
Diplomacy_Broken_Contacts_,271874,271966,92,27,4,271874,271966,28,matches+unresolved,0,0,1
Valid_Treaty_Proposal_,271966,272173,207,27,4,271966,271993,8,shorter+unresolved,0,0,1
Check_Treaty_Proposal_,272173,274758,2585,27,4,272173,274726,364,shorter+unresolved,0,0,16
Diplomacy_Test_,274758,275444,686,27,4,274758,274798,13,shorter+unresolved,0,0,1
Get_Break_Treaty_Message_,275444,275657,213,27,4,275444,275533,28,shorter+unresolved,0,0,1
Get_Break_Research_Message_,275657,275820,163,27,4,275657,275741,26,shorter+unresolved,0,0,1
Get_Break_Trade_Message_,275820,275983,163,27,4,275820,275904,26,shorter+unresolved,0,0,1
Get_Break_Tribute_Treaty_Message_,275983,276156,173,27,4,275983,276077,30,shorter+unresolved,0,0,1
Get_Declare_War_Message_,276156,276259,103,27,4,276156,276243,19,shorter+unresolved,0,0,1
Get_Gift_Response_,276259,276953,694,27,4,276259,276917,153,shorter+unresolved,0,1,1
Get_Demand_Response_,276953,278166,1213,27,4,276953,277133,49,shorter+unresolved,0,0,2
Get_Player_Diplomacy_Personality_,278166,278235,69,27,4,278166,278235,18,matches+unresolved,0,0,1
NPC_Sneak_Attacks_,278235,279713,1478,27,4,278235,279713,37,matches+unresolved,0,1,2
Sneak_Attack_Evaluations_,279713,281792,2079,27,4,279713,280106,87,shorter+unresolved,0,0,2
Set_Demands_,281792,281933,141,27,4,281792,281919,27,shorter+unresolved,0,0,1
Clear_Threat_Turn_,281933,281984,51,27,4,281933,281964,9,shorter+unresolved,0,0,1
Get_Design_Combat_Bonuses_,281984,282203,219,28,4,281984,282203,68,matches,0,0,0
Get_Ship_Combat_Bonuses_,282203,282559,356,28,4,282203,282367,49,shorter+unresolved,0,0,1
Init_Ship_Designs_,282559,282956,397,28,4,282559,289338,52,extends+unresolved,0,1,1
Load_Antaran_Ship_Design_,282956,282977,21,28,4,282956,285458,5,extends,5,0,0
Load_Small_Antaran_Combat_Ship_,282977,283492,515,28,4,282977,283082,32,shorter+unresolved,0,0,1
Load_Small_Antaran_Design_,283492,283692,200,28,4,283492,283692,53,matches,0,1,0
Load_Medium_Antaran_Combat_Ship_,283692,284253,561,28,4,283692,283796,32,shorter+unresolved,0,0,1
Load_Medium_Antaran_Design_,284253,284472,219,28,4,284253,284472,58,matches,0,1,0
Load_Large_Antaran_Combat_Ship_,284472,285148,676,28,4,284472,284576,32,shorter+unresolved,0,0,1
Load_Large_Antaran_Design_,285148,285458,310,28,4,285148,285458,87,matches,0,0,0
Load_Huge_Antaran_Combat_Ship_,285458,286230,772,28,4,285458,285562,32,shorter+unresolved,0,0,1
Load_Huge_Antaran_Design_,286230,286567,337,28,4,286230,286567,89,matches,0,1,0
Load_Titan_Antaran_Combat_Ship_,286567,287446,879,28,4,286567,286674,34,shorter+unresolved,0,0,1
Load_Titan_Antaran_Design_,287446,287840,394,28,4,287446,287840,101,matches,0,1,0
Load_Doom_Star_Ship_Design_,287840,287876,36,28,4,287840,287876,19,matches,0,0,0
Update_Ship_Names_To_New_Language_,287876,287949,73,28,4,287876,287949,29,matches,0,0,0
Load_Colony_Ship_Design_,287949,288134,185,28,4,287949,288134,62,matches,0,0,0
Load_Outpost_Ship_Design_,288134,288318,184,28,4,288134,288318,57,matches,0,1,0
Load_Transport_Ship_Design_,288318,288550,232,28,4,288318,288522,69,shorter,0,0,0
Best_Warp_Drive_,288550,288670,120,28,4,288550,288670,40,matches+unresolved,0,0,1
Best_Ship_Shield_,288670,288781,111,28,4,288670,288781,41,matches,0,0,0
Best_Computer_,288781,288863,82,28,4,288781,288863,24,matches+unresolved,0,0,1
Best_Armor_,288863,289003,140,28,4,288863,288975,36,shorter,0,1,0
Best_Beam_Weapon_,289003,289180,177,28,4,289003,289180,51,matches,0,1,0
Best_Point_Defense_Weapon_,289180,289338,158,28,4,289180,289338,35,matches+unresolved,0,1,1
Point_Defense_Damage_Per_Space_,289338,289400,62,28,4,289338,289400,27,matches,0,0,0
Best_Point_Defense_Weapon_By_Size_,289400,289574,174,28,4,289325,289546,37,shorter+unresolved,0,1,1
Best_Missile_Weapon_,289574,289786,212,28,4,289574,290078,54,extends,0,3,0
Best_Missile_Weapon_NT_,289786,289954,168,28,4,289173,289954,46,matches,0,4,0
Best_Bomb_Weapon_,289954,290106,152,28,4,289954,290078,41,shorter,0,0,0
Best_Strat_Special_Weapon_,290106,290308,202,28,4,290106,290308,59,matches+unresolved,0,0,1
Best_Beam_To_Hit_Special_,290308,290418,110,28,4,290070,290418,40,matches,0,1,0
Best_Beam_Damage_Special_,290418,290544,126,28,4,290070,290544,44,matches,0,1,0
Best_Beam_Defense_Special_,290544,290670,126,28,4,290070,290670,44,matches,0,1,0
Best_Missile_Defense_Special_,290670,290796,126,28,4,290070,290796,44,matches,0,1,0
Best_Missile_Damage_Special_,290796,290930,134,28,4,289173,290930,42,matches,0,2,0
Best_Shield_Special_,290930,290975,45,28,4,290930,290975,13,matches+unresolved,0,0,1
Best_Ship_Fuel_,290975,291090,115,28,4,290070,291090,41,matches,0,1,0
Update_Player_Ship_Designs_,291090,291223,133,28,4,291090,291223,39,matches,0,3,0
Update_Equipment_On_Ships_Being_Built_,291223,291499,276,28,4,289332,291499,57,matches+unresolved,0,2,1
Update_Automatic_Design_Equipment_,291499,291783,284,28,4,291499,291584,27,shorter+unresolved,0,0,1
Update_Strategic_Ship_Designs_,291783,292001,218,28,4,291783,292001,24,matches+unresolved,0,1,1
Update_Player_Strategic_Ship_Designs_,292001,292198,197,28,4,292001,292055,19,shorter+unresolved,0,0,1
Cost_Of_Strategic_Design_,292198,292247,49,28,4,292198,292247,18,matches,0,0,0
Calc_Player_FTL_Speed_,292247,292310,63,28,4,292247,292310,18,matches+unresolved,0,0,1
Get_FTL_Speed_,292310,292375,65,28,4,292310,292375,17,matches+unresolved,0,0,1
Strat_Beam_Weapon_Count_,292375,292433,58,28,4,292375,292433,13,matches+unresolved,0,0,1
Strat_Missile_Weapon_Count_,292433,292445,12,28,4,292433,292445,4,matches,0,0,0
Strat_Special_Weapon_Count_,292445,292457,12,28,4,292445,292457,4,matches,0,0,0
Strat_Bomb_Weapon_Count_,292457,292469,12,28,4,292457,292469,4,matches,0,0,0
Update_Strategic_Design_Weapons_Specials_,292469,292977,508,28,4,292469,292977,144,matches+unresolved,0,0,1
Auto_Strategic_Design_Ship_,292977,293195,218,28,4,292977,293195,74,matches,0,0,0
Update_Strategic_Ship_,293195,293378,183,28,4,293195,293378,52,matches,0,0,0
Load_Dragon_Ship_Design_,293378,293660,282,28,4,293378,293660,79,matches,0,0,0
Load_Hydra_Ship_Design_,293660,293899,239,28,4,293660,293899,69,matches,0,0,0
Load_Amoeba_Ship_Design_,293899,294164,265,28,4,293899,294164,76,matches,0,0,0
Load_Eel_Ship_Design_,294164,294427,263,28,4,294164,294427,71,matches,0,1,0
Load_Crystal_Ship_Design_,294427,294700,273,28,4,294427,294700,77,matches,0,0,0
Load_Guardian_Ship_Design_,294700,295048,348,28,4,294700,295048,89,matches,0,1,0
Check_For_Auto_Refit_,295048,295157,109,28,4,295048,295157,31,matches,0,1,0
Repair_Ships_At_Colonies_,295157,295411,254,28,4,295157,295411,63,matches+unresolved,0,1,1
Repair_Ship_Full_,295411,295536,125,28,4,295411,295536,39,matches,0,0,0
Ship_Has_Weapon_,295536,295615,79,28,4,295536,295615,29,matches,0,1,0
Get_Design_Structure_,295615,295728,113,28,4,295615,295728,39,matches,0,0,0
Get_Structure_,295728,295815,87,28,4,295728,295795,25,shorter,0,0,0
Get_Ship_Structure_,295815,295973,158,28,4,295815,295973,51,matches,0,0,0
Get_Ship_Armor_Hits_,295973,296071,98,28,4,295973,296071,33,matches,0,0,0
Load_Loknar_Ship_Design_,296071,296416,345,28,4,296071,296388,80,shorter,0,1,0
Load_Player_Ship_Palette_,296416,296568,152,29,4,296416,296568,42,matches,0,0,0
Get_Ship_Id_Picture_Seg_,296568,296599,31,29,4,296568,296599,10,matches,0,0,0
Get_Ship_Picture_Seg_,296599,296603,4,29,4,296599,296603,2,matches,1,0,0
Get_Ship_Picture_Segk_,296603,296659,56,29,4,296603,296659,17,matches,1,0,0
Ken_Defaults_,296659,296660,1,29,4,296659,296660,1,matches,0,0,0
Ken_Init_,296659,296660,1,29,4,296659,296660,1,matches,0,0,0
Get_Weighted_Choice_,296660,296779,119,29,4,296660,296779,65,matches,0,0,0
Get_Weighted_Choice_Long_,296779,296883,104,29,4,296774,296883,58,matches,0,0,0
Get_Weighted_Best_Choice_,296883,296967,84,29,4,296883,296967,41,matches,0,0,0
Get_Weighted_Choice_Best_Long_,296967,297043,76,29,4,296967,297043,34,matches,0,1,0
Get_Derelict_Applications_,297043,297430,387,29,4,297043,297181,40,shorter+unresolved,0,0,1
Init_NPC_Personalities_Objectives_Themes_,297430,298782,1352,29,4,297430,298782,55,matches+unresolved,0,0,1
Ken_Get_Text_Message_,298782,298826,44,29,4,298782,298826,18,matches,0,0,0
Player_Score_Modifier_,298826,298947,121,30,4,298826,298906,20,shorter+unresolved,0,0,1
Reload_Racial_Option_Screen_,298947,299091,144,30,4,298947,299091,32,matches,0,0,0
Calculate_Picks_,299091,299269,178,30,4,299091,299122,12,shorter+unresolved,0,0,1
Draw_Race_Option_Background_,299269,300709,1440,30,4,299269,300709,296,matches+unresolved,0,0,1
Draw_Racial_Option_Screen_,300709,303009,2300,30,4,300709,300874,37,shorter+unresolved,0,0,1
Set_Race_Option_Help_List_,303009,304060,1051,30,4,303009,303019,4,shorter+unresolved,0,0,1
Racial_Option_Screen_,304060,305876,1816,30,4,304060,304083,9,shorter+unresolved,0,0,1
Add_Race_Options_Fields_,305876,306583,707,30,4,305876,305953,17,shorter+unresolved,0,0,1
Convert_Player_To_Flags_,306583,306744,161,30,4,306583,306641,21,shorter+unresolved,0,0,1
Convert_Flags_To_Player_,306744,306932,188,30,4,306744,306800,15,shorter+unresolved,0,0,1
Reload_Option_Strings_,306932,307049,117,30,4,306932,307049,39,matches,0,0,0
Real_Ability_Cost_,307049,307370,321,30,4,307049,307076,9,shorter+unresolved,0,0,1
Setup_Evolutionary_Upgrade_,307370,307530,160,30,4,307370,307524,43,shorter+unresolved,0,0,1
Add_Race_Options_Fields_EM_,307530,308415,885,30,4,307530,307653,29,shorter+unresolved,0,0,1
Calculate_EM_Picks_,308415,308429,14,30,4,308415,308427,2,shorter+unresolved,0,0,1
Convert_Player_To_Flags_EM_,308429,308645,216,30,4,308429,308544,30,shorter+unresolved,0,0,4
Convert_Flags_To_Player_EM_,308645,308809,164,30,4,308645,308683,12,shorter+unresolved,0,0,1
Evolutionary_Mutation_Screen_,308809,310308,1499,30,4,308809,308973,46,shorter+unresolved,0,0,1
Convert_Custom_Race_Flags_,310308,310388,80,31,4,310308,310388,32,matches,0,0,0
Reload_Race_Selection_Screen_,310388,310679,291,31,4,310388,310679,82,matches,0,0,0
Draw_Race_Selection_Screen_,310679,311822,1143,31,4,310679,310732,16,shorter+unresolved,0,0,1
Message_Build_,311822,311899,77,31,4,311822,311899,33,matches,0,0,0
Set_Race_Select_Help_,311899,312592,693,31,4,311899,311907,2,shorter+unresolved,0,0,1
Race_Selection_Screen_,312592,315191,2599,31,4,312592,312652,17,shorter+unresolved,0,0,1
Draw_Flag_Screen_,315191,315391,200,31,4,315191,315391,57,matches,0,1,0
Set_Flag_Screen_Help_,315391,315452,61,31,4,315391,315399,2,shorter+unresolved,0,0,1
Flag_Screen_,315452,316019,567,31,4,315452,315528,19,shorter+unresolved,0,0,1
Draw_Naming_Popup_,316019,316091,72,31,4,316019,316029,4,shorter+unresolved,0,0,1
Naming_Popup_,316091,316307,216,31,4,316091,316307,74,matches,0,0,0
Ship_Has_Special_,316307,316379,72,32,4,316307,316379,27,matches,0,0,0
Ship_Has_Stealth_Device_,316379,316446,67,32,4,316379,316446,26,matches,0,0,0
Find_Ship_Stacks_,316446,316952,506,32,4,316446,316503,19,shorter+unresolved,0,0,1
Ken_Test_,316952,317065,113,32,4,316952,317065,21,matches+unresolved,0,1,1
Split_Stack_,317065,317564,499,32,4,317065,317564,27,matches+unresolved,0,0,2
Set_Stack_Location_,317564,317623,59,32,4,317564,317576,5,shorter+unresolved,0,0,1
Set_Stack_XY_,317623,317698,75,32,4,317623,317637,6,shorter+unresolved,0,0,1
Update_Ship_Stack_,317698,317779,81,32,4,317698,317709,3,shorter+unresolved,0,0,1
Remove_Non_Detected_Ships_,317779,318852,1073,32,4,317779,317820,11,shorter+unresolved,0,0,1
Delete_Ship_Stack_,318852,318889,37,32,4,318852,318889,13,matches,0,0,0
Delete_Ship_Node_,318889,318944,55,32,4,318889,318944,14,matches+unresolved,0,0,1
Sort_Ships_In_Stack_,318944,319049,105,32,5,318944,319049,32,matches+unresolved,0,0,1
Build_Ship_Type_Array_,319049,319229,180,32,5,319049,319229,55,matches,0,0,0
qsort_ships_by_type_,319229,319242,13,32,5,319229,319242,5,matches,0,0,0
Load_Tech_Names_,319242,319971,729,33,4,319242,319971,270,matches,0,0,0
Init_Tech_,319971,320511,540,33,4,319971,320511,153,matches+unresolved,0,0,2
At_Least_One_App_Researchable_,320511,320641,130,33,4,320511,320641,40,matches+unresolved,0,0,1
Tech_Is_Legal_For_Player_,320641,320863,222,33,4,320641,320673,9,shorter+unresolved,0,0,1
Init_Player_Tech_,320863,322281,1418,33,4,320863,320893,11,shorter+unresolved,0,0,1
Base_Generic_Dcv_,322281,322361,80,34,4,322281,322309,10,shorter+unresolved,0,0,1
Base_Generic_Ocv_,322361,322418,57,34,4,322361,322418,17,matches+unresolved,0,0,1
Satelite_Strength_Vs_Ships_,322418,323111,693,34,4,322418,323111,223,matches+unresolved,0,0,1
Modified_Weapon_Strength_,323111,323284,173,34,4,323111,323284,48,matches,0,0,0
Strength_Hits_Modifier_,323284,323337,53,34,4,323284,323337,27,matches,0,0,0
Ship_Strength_Vs_Ships_In_Nebula_,323337,323351,14,34,4,323337,323351,7,matches,0,0,0
Ship_Strength_Vs_Ships_,323351,323403,52,34,4,323351,323379,12,shorter,0,0,0
Ship_Strength_Vs_Shield_,323403,324291,888,34,4,323091,324291,276,matches+unresolved,0,2,1
Current_Ship_Hits_,324291,324342,51,34,4,324291,324342,18,matches,0,0,0
Max_Ship_Hits_,324342,324473,131,34,4,324342,324473,42,matches,0,0,0
Ship_Strength_Vs_Planetary_Shield_,324473,324900,427,34,4,324473,324509,15,shorter+unresolved,0,0,1
Missile_Base_Strength_,324900,325027,127,34,4,324894,325027,50,matches,0,2,0
Phasor_Base_Strength_,325027,325196,169,34,4,325027,325196,57,matches,0,1,0
Fighter_Garrison_Strength_,325196,325447,251,34,4,325196,325447,80,matches,0,1,0
Colony_Ground_Strength_Vs_Player_,325447,325636,189,34,4,325447,325553,30,shorter+unresolved,0,0,1
Colony_Space_Strength_Vs_Player_,325636,325745,109,34,4,325636,325745,34,matches,0,0,0
Get_Best_Ship_Shield_Value_,325745,325841,96,34,4,325745,325823,33,shorter,0,0,0
Get_Competition_Player_Tech_Values_,325841,325927,86,35,4,325841,325864,10,shorter+unresolved,0,0,1
Human_Player_Best_Weapons_Are_Beams_,325927,325992,65,35,4,325927,325992,24,matches,0,0,0
Fighters_Available_,325992,326048,56,35,4,325992,326048,18,matches,0,0,0
Special_Weapons_Available_,326048,326122,74,35,4,326048,326122,22,matches,0,0,0
Special_Devices_Available_,326122,326279,157,35,4,326122,326279,26,matches+unresolved,0,0,1
Get_Ship_Class_,326279,327052,773,35,4,326270,327052,194,matches+unresolved,0,11,5
Special_Legal_For_Design_,327052,327188,136,35,4,327052,327188,51,matches,0,0,0
Add_Specials_To_Design_,327188,327871,683,35,4,327188,327871,103,matches+unresolved,0,0,1
Add_Theme_Special_To_Design_,327871,328108,237,35,4,327871,328108,84,matches,0,0,0
Add_Fighters_To_Design_,328108,328546,438,35,4,328108,328156,13,shorter+unresolved,0,0,1
Determine_Missile_Weapon_Modifications_,328546,329593,1047,35,4,328546,329593,218,matches+unresolved,0,0,2
Add_Missile_Weapon_To_Design_,329593,329903,310,35,4,329593,329903,95,matches,0,0,0
Determine_Bomb_Weapon_,329903,330333,430,35,4,329903,330333,122,matches+unresolved,0,0,1
Add_Bomb_Weapon_To_Design_,330333,330585,252,35,4,330333,330585,76,matches,0,0,0
Determine_Beam_Weapon_Modifications_,330585,332927,2342,35,4,330585,332927,81,matches+unresolved,0,0,2
Add_Beam_Weapon_To_Design_,332927,333477,550,35,4,329895,333445,163,shorter,0,1,0
Auto_Design_Ship_,333477,337354,3877,35,4,333477,333572,20,shorter+unresolved,0,0,2
Reload_Hotseat_Screen_,337354,337486,132,36,4,337354,337486,30,matches,0,0,0
Fade_Into_Hotseat_Screen_,337486,337622,136,36,5,337486,337622,35,matches,0,0,0
Draw_Hotseat_Screen_,337622,337885,263,36,4,337622,337872,63,shorter+unresolved,0,0,1
Init_Hotseat_Screen_,337885,338146,261,36,5,337885,337911,9,shorter+unresolved,0,0,1
Hotseat_Screen_,338146,338871,725,36,4,338146,338171,10,shorter+unresolved,0,0,1
Num_Adv_Civ_Planets_,338871,338913,42,37,5,338871,338913,18,matches,0,0,0
qsort_planet_worth_,338913,338922,9,37,5,338913,338922,4,matches,0,0,0
Build_Parsec_Star_Distances_,338922,339056,134,37,5,338922,339056,48,matches,0,0,0
Advanced_Civilization_Colonies_,339056,339608,552,37,4,339056,339608,100,matches+unresolved,0,1,1
Build_Adv_Civ_Star_List_,339608,340021,413,37,5,339608,340021,107,matches,0,1,0
Build_Adv_Civ_Planet_List_,340021,340310,289,37,5,340021,340310,20,matches+unresolved,0,1,1
Get_Worth_For_All_Planets_,340310,340569,259,37,5,340310,340569,38,matches+unresolved,0,1,1
Get_Adv_Civ_Planet_Worthiness_,340569,340754,185,37,5,340569,340754,59,matches,0,0,0
Proximity_Bonus_,340754,340990,236,37,5,340754,340949,29,shorter+unresolved,0,0,1
Player_Has_Colony_At_Star_,340990,341020,30,37,5,340990,341020,13,matches,0,0,0
Get_Next_Adv_Civ_Planet_,341020,341367,347,37,5,341020,341367,63,matches+unresolved,0,1,1
Choose_Adv_Civ_Planets_,341367,342088,721,37,5,341367,342088,143,matches+unresolved,0,1,1
Assign_Advanced_Civilization_Starting_Ships_,342088,342112,24,37,4,342088,342112,9,matches,1,0,0
List_Of_Other_Players_With_Same_Planet_,342112,342113,1,37,5,342112,342113,1,matches,0,0,0
Get_Saved_Planet_Worth_,342113,342185,72,37,5,342113,342185,29,matches,0,1,0
Twiddle_Selected_Adv_Civ_Planets_,342185,342874,689,37,5,342185,342874,200,matches,0,1,0
Init_Adv_Civ_Homeworlds_,342874,342927,53,37,5,342874,342927,21,matches,0,0,0
Twiddle_Planet_,342927,343200,273,37,5,342927,343200,91,matches,0,0,0
Get_Players_Planet_Worthiness_Average_,343200,343306,106,37,5,343200,343306,34,matches,0,1,0
Write_Adv_Civ_Planet_Info_,343306,343442,136,37,5,343306,343442,52,matches,0,0,0
Antaran_Invasion_Check_,343442,343514,72,38,4,343442,343514,12,matches+unresolved,0,0,1
Antaran_Defensive_Force_,343514,343558,44,38,5,343514,343533,8,shorter+unresolved,0,0,1
Antaran_Defensive_Resource_Bonus_,343558,343593,35,38,5,343558,343593,9,matches,0,0,0
Antaran_Offensive_Resource_Bonus_,343593,343628,35,38,5,343593,343628,9,matches,0,0,0
Antaran_Delay_,343628,343667,39,38,5,343628,343667,17,matches,0,0,0
Antaran_Offensive_Force_,343667,343710,43,38,5,343667,343686,8,shorter+unresolved,0,0,1
Antaran_Total_Resources_,343710,343773,63,38,5,343710,343729,8,shorter+unresolved,0,0,1
Antarans_Should_Attack_,343773,343964,191,38,5,343773,343828,19,shorter+unresolved,0,0,1
Build_Antaran_Defensive_Ships_,343964,344011,47,38,5,343964,344011,21,matches,0,0,0
Build_Antaran_Offensive_Ships_,344011,344048,37,38,5,344011,344048,12,matches,0,1,0
Build_Antaran_Ships_,344048,344849,801,38,5,344048,344094,16,shorter+unresolved,0,0,1
Build_List_Of_Stars_By_Player_,344849,344981,132,38,5,344849,344981,53,matches,0,0,0
Delta_Stardate_,344981,344992,11,38,4,344981,344992,3,matches,0,0,0
Deploy_Antaran_Ships_,344992,345508,516,38,5,344992,345067,21,shorter+unresolved,0,0,1
Get_Antaran_Target_Star_,345508,345580,72,38,5,345508,345580,27,matches+unresolved,0,0,1
Increment_Antaran_Resource_Level_,345580,345789,209,38,5,345580,345789,69,matches,0,0,0
Antaran_Defensive_Force_At_Maximum_,345789,345849,60,38,5,345789,345849,21,matches+unresolved,0,0,1
Kill_Antaran_Defensive_Ship_,345849,345931,82,38,4,345849,345861,5,shorter+unresolved,0,0,1
Kill_Antaran_Offensive_Ship_,345931,345996,65,38,4,345931,345943,5,shorter+unresolved,0,0,1
Modify_Antaran_Resource_Level_,345996,345997,1,38,4,345996,345997,1,matches,0,0,0
Next_Antaran_Ship_Size_,345997,346071,74,38,5,343552,346071,19,matches+unresolved,0,1,1
No_Small_Ships_After_N_Turns_,346071,346139,68,38,5,346071,346139,23,matches,0,0,0
No_Medium_Ships_After_N_Turns_,346139,346207,68,38,5,346139,346207,23,matches,0,0,0
Restock_Antaran_Ship_,346207,346243,36,38,4,346207,346219,4,shorter+unresolved,0,0,1
__assertha_,346243,346492,249,39,4,346243,346492,94,matches,0,0,0
hgetch_,346492,346626,134,39,4,346492,346581,30,shorter,0,0,0
Add_Generic_Replacement_Fields_,346626,347028,402,40,5,346626,347028,108,matches+unresolved,0,0,1
Add_Replacement_Weapon_Fields_,347028,348808,1780,40,5,347028,347095,23,shorter+unresolved,0,0,1
Add_Special_System_Fields_,348808,349405,597,40,5,348808,348968,46,shorter+unresolved,0,0,2
Application_Type_,349405,349418,13,40,4,349405,349416,3,shorter+unresolved,0,0,1
Clear_Weapon_Replacement_Fields_,349418,349497,79,40,5,349418,349434,6,shorter+unresolved,0,0,1
Draw_Darkened_Design_Screen_,349497,349580,83,40,5,349497,349580,24,matches,0,0,0
Draw_Generic_Replacement_Box_Help_,349580,350040,460,40,5,349580,350040,143,matches,0,0,0
Draw_Generic_Replacement_Box_,350040,350291,251,40,5,350040,350291,63,matches,0,1,0
Draw_Special_Systems_Replacement_Box_,350291,350499,208,40,5,350266,350499,54,matches,0,2,0
Draw_Special_Systems_Scroll_Bar_,350499,350763,264,40,4,350499,350763,76,matches,0,1,0
Draw_Weapons_Arc_Box_,350763,351013,250,40,5,350763,351013,77,matches,0,1,0
Draw_Weapons_Mod_Box_,351013,351282,269,40,5,351013,351282,50,matches+unresolved,0,1,1
Draw_Weapons_Rack_Box_,351282,351482,200,40,5,351282,351482,57,matches,0,1,0
Draw_Weapons_Replacement_Box_,351482,352051,569,40,5,351482,352051,136,matches,0,1,0
Draw_Weapons_Scroll_Bar_,352051,352318,267,40,4,352051,352318,79,matches,0,1,0
Generic_Replacement_Box_,352318,352878,560,40,4,352318,352878,124,matches+unresolved,0,1,5
Generic_Replacement_Box_Choices_,352878,353208,330,40,5,352878,353208,73,matches+unresolved,0,0,4
Generic_Replacement_Box_Dimensions_,353208,353437,229,40,5,353208,353381,51,shorter,0,0,0
Get_Weapon_Mod_Field_XYs_,353437,353916,479,40,5,353437,353916,136,matches,0,0,0
Get_Weapons_Box_Base_Dimensions_,353916,354037,121,40,5,353916,354004,26,shorter+unresolved,0,0,1
Have_Tractor_Beam_Weapon_,354037,354114,77,40,5,354037,354114,32,matches,0,0,0
Items_Selected_,354114,354188,74,40,5,354114,354172,21,shorter+unresolved,0,0,1
Mod_Allowed_On_Weapon_Type_,354188,354320,132,40,5,354188,354320,44,matches,0,0,0
New_Arc_Space_,354320,354416,96,40,5,354320,354416,32,matches,0,0,0
New_Mod_Space_,354416,354557,141,40,5,354416,354557,22,matches+unresolved,0,1,1
Print_Computer_Data_,354557,355564,1007,40,5,354557,355564,119,matches+unresolved,0,1,2
Print_Main_Weapon_Box_,355564,357138,1574,40,5,355564,357108,377,shorter+unresolved,0,0,5
Print_Shield_Data_,357138,358015,877,40,5,357138,358015,110,matches+unresolved,0,1,1
Print_Special_System_Data_,358015,359367,1352,40,5,358015,359367,343,matches+unresolved,0,1,2
Print_Weapon_Mod_Help_Description_,359367,359631,264,40,5,359367,359607,84,shorter,0,1,0
Print_Weapon_Modification_Message_,359631,360016,385,40,5,359631,360016,84,matches+unresolved,0,1,1
Redraw_Main_Design_Screen_To_Background_,360016,360092,76,40,5,360016,360092,20,matches,0,1,0
Scan_Replacement_Fields_,360092,360284,192,40,5,360092,360284,63,matches+unresolved,0,0,1
Set_New_Weapon_Modifications_,360284,360351,67,40,5,360284,360351,15,matches+unresolved,0,0,1
Set_Up_Special_System_Scroll_Bar_,360351,360444,93,40,5,360351,360418,24,shorter+unresolved,0,0,1
Set_Up_Weapon_Display_,360444,360823,379,40,5,360444,360505,21,shorter+unresolved,0,0,1
Set_Up_Weapon_Scroll_Bar_,360823,361055,232,40,5,360823,361055,76,matches,0,0,0
Should_Add_Mod_,361055,361101,46,40,5,361055,361101,15,matches,0,0,0
Space_With_Weapons_,361101,361247,146,40,5,361101,361151,14,shorter+unresolved,0,0,1
Space_With_Weapon_,361247,361491,244,40,4,361247,361491,62,matches+unresolved,0,0,1
Special_System_Choices_,361491,362003,512,40,4,361491,361537,16,shorter+unresolved,0,0,1
Special_System_Exclusion_,362003,362187,184,40,5,362003,362187,21,matches+unresolved,0,1,1
Special_System_Replacement_Box_Dimensions_,362187,362325,138,40,5,362187,362325,44,matches,0,0,0
Special_Systems_Box_,362325,363837,1512,40,4,362325,362411,22,shorter+unresolved,0,0,1
System_Added_Cost_And_Space_,363837,364003,166,40,5,363837,363856,8,shorter+unresolved,0,0,1
Update_Field_Item_Chosen_,364003,364096,93,40,5,364003,364096,31,matches,0,1,0
Update_Weapon_Modification_Data_,364096,364152,56,40,5,364096,364105,3,shorter+unresolved,0,0,1
Update_Weapon_Replacement_,364152,364682,530,40,5,364152,364682,47,matches+unresolved,0,0,2
Valid_Modifications_,364682,364963,281,40,5,364682,364963,62,matches+unresolved,0,1,2
Weapon_Choice_Valid_,364963,365083,120,40,5,364963,365047,29,shorter+unresolved,0,0,1
Weapon_Choices_,365083,365865,782,40,5,365083,365865,114,matches+unresolved,0,2,2
Weapon_Index_,365865,365883,18,40,5,365865,365883,7,matches,0,0,0
Weapon_Replacement_Help_,365883,365955,72,40,5,365883,365955,25,matches,0,0,0
Weapons_Replacement_Box_,365955,368175,2220,40,4,365955,366144,68,shorter+unresolved,0,0,1
Window_Box_,368175,368217,42,40,4,368175,368217,20,matches,0,0,0
qsort_by_research_cost_,368217,368226,9,40,5,368217,368226,4,matches,0,0,0
Add_Design_Buttons_,368226,369637,1411,41,4,368226,368427,55,shorter+unresolved,0,0,1
Add_Size_Button_,369637,369651,14,41,5,369637,369651,5,matches,0,0,0
Assert_Template_,369651,369670,19,41,4,369651,369670,9,matches,0,0,0
Bonus_For_Regular_Mods_,369670,370230,560,41,5,369670,370230,142,matches,0,0,0
Bonus_For_Special_Mods_,370230,370304,74,41,5,370230,370304,22,matches,0,0,0
Bonus_For_Weapon_Arcs_,370304,370337,33,41,5,370304,370337,16,matches,0,0,0
Build_Design_Template_,370337,370632,295,41,5,370337,370444,39,shorter+unresolved,0,0,1
Build_Initial_Design_Template_,370632,371483,851,41,4,370632,370800,48,shorter+unresolved,0,0,1
Update_N_Weapons_In_Design_,371483,371534,51,41,5,371483,371499,5,shorter+unresolved,0,0,1
Update_N_Spec_Systems_In_Design_,371534,371610,76,41,5,371534,371553,7,shorter+unresolved,0,0,1
Check_For_Auto_Repeat_,371610,372030,420,41,5,369630,372030,68,matches+unresolved,0,1,3
Has_Damper_Field_,372030,372092,62,41,5,372030,372092,21,matches+unresolved,0,0,1
Check_Generic_Replacement_Fields_,372092,372374,282,41,4,372092,372374,38,matches+unresolved,0,0,2
Check_Plus_Minus_Buttons_,372374,372635,261,41,4,372374,372635,30,matches+unresolved,0,0,2
Check_Special_System_Fields_,372635,372975,340,41,4,372635,372654,8,shorter+unresolved,0,0,1
Check_Weapon_Fields_,372975,373319,344,41,4,372975,372993,7,shorter+unresolved,0,0,1
Clear_Design_,373319,373570,251,41,4,373319,373478,37,shorter+unresolved,0,0,1
Clear_Design_For_Colony_Builds_,373570,373684,114,41,4,373570,373684,42,matches,0,1,0
Clear_Special_System_Slot_,373684,373800,116,41,4,373684,373773,22,shorter+unresolved,0,0,1
Clear_Weapon_Slot_,373800,373975,175,41,4,373800,373950,36,shorter+unresolved,0,0,1
Computer_Cost_,373975,374041,66,41,4,373975,374002,8,shorter+unresolved,0,0,1
Cost_Given_M_Level_,374041,374135,94,41,4,374041,374135,32,matches,0,0,0
Cost_Of_Design_,374135,374651,516,41,4,374135,374272,39,shorter+unresolved,0,0,1
Current_Design_Armor_Absorption_,374651,374735,84,41,5,374651,374735,30,matches,0,0,0
Current_Design_Combat_Speed_,374735,374783,48,41,5,374735,374783,19,matches,0,0,0
Current_Design_Has_Special_System_,374783,374826,43,41,5,374783,374826,18,matches+unresolved,0,0,1
Current_Design_Min_Combat_Speed_,374826,374858,32,41,5,374826,374858,11,matches,0,0,0
Current_Design_Max_Combat_Speed_,374858,374890,32,41,5,374858,374890,11,matches,0,0,0
Current_Design_Base_Combat_Speed_,374890,374994,104,41,5,374890,374994,37,matches,0,0,0
Current_Design_Shield_,374994,375003,9,41,4,374994,375003,3,matches,0,0,0
Current_Design_Shield_Cost_,375003,375013,10,41,4,375003,375013,3,matches,0,0,0
Current_Design_Shield_Space_,375013,375023,10,41,4,375013,375023,3,matches,0,0,0
Current_Design_Shield_Absorption_,375023,375066,43,41,5,375023,375066,15,matches,0,0,0
Current_Design_Structural_Points_,375066,375113,47,41,5,375066,375113,13,matches,0,0,0
Printed_Design_Cost_,375113,375197,84,41,5,375113,375197,26,matches,0,0,0
Design_Cost_For_Player_,375197,375218,21,41,4,375197,375218,6,matches,0,0,0
Design_Screen_,375218,376967,1749,41,4,375218,375245,9,shorter+unresolved,0,0,1
Design_Template_Costs_,376967,377479,512,41,4,376967,377007,13,shorter+unresolved,0,0,1
Design_Template_Space_Requirements_,377479,377982,503,41,4,377479,377573,25,shorter+unresolved,0,0,1
Design_Weapon_Damage_String_,377982,378573,591,41,4,377982,378573,182,matches+unresolved,0,0,1
Draw_Design_Screen_,378573,378628,55,41,4,378573,378628,16,matches,0,0,0
Draw_Down_Buttons_,378628,378993,365,41,4,378628,378649,9,shorter+unresolved,0,0,1
Get_Colony_Handle_,378993,379031,38,41,4,378993,379031,12,matches,0,0,0
Get_Ship_Design_Name_,379031,379129,98,41,4,379031,379105,29,shorter,0,0,0
Get_Ship_Size_Button_Field_XY_,379129,379277,148,41,5,379129,379277,45,matches,0,0,0
Load_Design_Screen_Pictures_,379277,380971,1694,41,4,379277,380971,415,matches,0,1,0
Max_Recharge_Rate_,380971,381000,29,41,4,380971,381000,11,matches,0,0,0
Miniaturization_Level_,381000,381150,150,41,4,371477,381150,49,matches+unresolved,0,0,1
Modify_Weapon_By_Arcs_,381150,381199,49,41,4,381150,381199,19,matches,0,0,0
N_Weapon_Arcs_,381199,381234,35,41,4,381199,381234,17,matches,0,0,0
N_Replacements_For_Generic_Item_,381234,381287,53,41,4,381234,381287,19,matches,0,0,0
Number_Of_Special_Systems_,381287,381329,42,41,4,381287,381310,8,shorter+unresolved,0,0,1
Number_Of_Weapons_Loaded_,381329,381364,35,41,4,381329,381364,14,matches,0,1,0
One_Weapon_Space_Without_M_Level_,381364,381596,232,41,4,381364,381513,49,shorter+unresolved,0,0,1
Print_Current_Design_,381596,385169,3573,41,4,381596,383193,397,shorter+unresolved,0,0,1
Print_Ship_Size_Error_Message_,385169,385440,271,41,5,385169,385197,8,shorter+unresolved,0,0,1
Cost_Reduction_For_Govt_Type_,385440,385500,60,41,4,385440,385500,24,matches,0,0,0
Replacement_Exists_,385500,385600,100,41,4,385500,385561,20,shorter+unresolved,0,0,1
Set_Flashing_Colors_,385600,385768,168,41,5,385600,385699,31,shorter+unresolved,0,0,1
Shield_Cost_,385768,385814,46,41,4,385768,385795,8,shorter+unresolved,0,0,1
Shield_Cost_Given_M_Level_,385814,385897,83,41,4,385814,385842,7,shorter+unresolved,0,0,1
Shield_Space_,385897,385934,37,41,4,385897,385915,7,shorter+unresolved,0,0,1
Shield_Space_Given_M_Level_,385934,386003,69,41,4,385934,385953,6,shorter+unresolved,0,0,1
Shield_Strength_,386003,386094,91,41,5,386003,386017,4,shorter+unresolved,0,0,1
Space_For_System_Replacement_,386094,386417,323,41,5,386094,386417,22,matches+unresolved,0,1,1
Space_For_Weapon_Replacement_,386417,386574,157,41,5,386417,386534,25,shorter+unresolved,0,0,1
Space_Given_M_Level_,386574,386718,144,41,4,386574,386718,45,matches,0,0,0
Tech_App_To_Tech_Id_,386718,386826,108,41,4,386718,386826,44,matches,0,0,0
Tech_Level_,386826,386935,109,41,4,386826,386935,36,matches+unresolved,0,0,1
Total_Design_Cost_,386935,387103,168,41,4,386935,387053,37,shorter+unresolved,0,0,1
Total_Design_Space_,387103,387170,67,41,4,387103,387153,10,shorter+unresolved,0,0,1
Total_Space_Used_,387170,387290,120,41,4,387170,387264,33,shorter+unresolved,0,0,1
Update_Calculated_Design_Data_,387290,387656,366,41,4,387290,387419,34,shorter+unresolved,0,0,1
Update_Player_Design_,387656,388212,556,41,5,387656,387873,64,shorter+unresolved,0,0,1
Weapon_Cost_,388212,388526,314,41,4,388212,388390,57,shorter+unresolved,0,0,1
Weapon_Needs_Racks_,388526,388550,24,41,4,388526,388537,3,shorter+unresolved,0,0,1
One_Weapon_Space_,388550,388750,200,41,4,388550,388750,53,matches,0,0,0
Weapon_Space_,388750,389099,349,41,4,388750,388933,59,shorter+unresolved,0,0,1
Weapon_Type_,389099,389112,13,41,4,389099,389110,3,shorter+unresolved,0,0,1
Weapon_Arc_String_,389112,389247,135,41,4,389112,389247,57,matches,0,0,0
Weapon_Mod_String_,389247,389404,157,41,4,389247,389404,77,matches,0,0,0
Miniaturization_Category_,389404,389580,176,41,4,389404,389420,6,shorter+unresolved,0,0,1
Weapon_Rack_Size_To_Value_,389580,389692,112,41,4,389580,389672,41,shorter,0,0,0
Get_Tech_Description_Lbx_Name_,389692,389760,68,41,5,389692,389760,29,matches,0,0,0
Set_Main_Screen_Help_List_,389760,390445,685,42,4,389760,390445,195,matches,0,0,0
Set_PlntSum_Screen_Help_List_,390445,390468,23,42,4,390445,390468,7,matches,0,0,0
Set_Design_Screen_Help_List_,390468,390593,125,42,4,390468,390593,38,matches,0,1,0
Set_Weapon_Replacement_Screen_Help_List_,390593,391206,613,42,4,390593,391206,183,matches,0,0,0
Set_Main_Game_Screen_Help_List_,391206,391227,21,42,4,391206,391227,5,matches,0,1,0
Set_Scrap_Freighters_Help_List_,391227,391248,21,42,4,391227,391248,5,matches,0,1,0
Set_Load_Game_Screen_Help_List_,391248,391269,21,42,4,391248,391269,5,matches,0,1,0
Set_Save_Game_Screen_Help_List_,391269,391290,21,42,4,391269,391290,5,matches,0,1,0
Set_Options_Game_Screen_Help_List_,391290,391311,21,42,4,391290,391311,5,matches,0,1,0
Set_Fleet_Screen_Help_List_,391311,391519,208,42,4,391311,391519,65,matches,0,1,0
Set_ColOff_Screen_Help_List_,391519,391613,94,42,4,391519,391613,32,matches,0,1,0
Set_ShipOff_Screen_Help_List_,391613,391872,259,42,4,391613,391872,81,matches,0,1,0
Set_Main_Menu_Screen_Help_List_,391872,391893,21,42,4,391872,391893,5,matches,0,1,0
Set_Multi_Player_Setup_Screen_Help_List_,391893,391914,21,42,4,391893,391914,5,matches,0,1,0
Set_Modem_Setup_Screen_Help_List_,391914,391967,53,42,4,391914,391967,18,matches,0,1,0
Set_Null_Modem_Setup_Screen_Help_List_,391967,392030,63,42,4,391967,392030,24,matches,0,0,0
Set_Input_Box_Help_List_,392030,392051,21,42,4,392030,392051,5,matches,0,1,0
Set_Diplomacy_Request_Help_List_,392051,392072,21,42,4,392051,392072,8,matches,0,1,0
Set_Hotseat_Setup_Screen_Help_List_,392072,392093,21,42,4,392072,392093,8,matches,0,1,0
Append_Help_List_,392093,392170,77,42,4,392093,392170,25,matches,0,0,0
Get_Application_Description_,392170,392281,111,42,4,392170,392281,40,matches,0,0,0
Get_Help_LBX_Message_,392281,392318,37,42,4,392281,392318,13,matches,0,1,0
Offset_Help_Field_XYs_,392318,392363,45,42,5,392318,392363,18,matches,0,0,0
Save_Help_List_,392363,392398,35,42,4,392363,392398,7,matches,0,0,0
Restore_Help_List_,392398,392484,86,42,4,392398,392440,8,shorter+unresolved,0,0,1
Add_Added_Buttons_,392484,392968,484,43,5,392484,392536,14,shorter+unresolved,0,0,1
Add_Fleet_Movement_Box_Fields_,392968,393738,770,43,4,392962,393044,26,shorter+unresolved,0,0,1
At_Least_One_Ship_Of_Type_Selected_,393738,393773,35,43,4,393738,393773,13,matches,0,0,0
Can_Build_Outpost_,393773,393833,60,43,5,393773,393833,28,matches,0,0,0
Check_For_Attack_Antares_Button_,393833,393849,16,43,5,393833,393849,5,matches,0,0,0
Check_For_Build_Outpost_Button_,393849,393868,19,43,5,393849,393868,4,matches,0,1,0
Check_For_Colonization_Button_,393868,393887,19,43,5,393868,393887,4,matches,0,1,0
Check_For_Engage_Enemy_Forces_Button_,393887,393906,19,43,5,393887,393906,4,matches,0,1,0
Check_For_Transport_Troops_Button_,393906,393925,19,43,5,393906,393925,4,matches,0,1,0
Clear_Ship_Node_Selection_Flags_,393925,393957,32,43,4,393925,393957,11,matches,0,0,0
Clear_Fleet_Selection_Status_Flags_,393957,393962,5,43,4,393957,393962,1,matches,1,0,0
Draw_Damage_Bars_,393962,394406,444,43,4,393962,394754,159,extends,0,1,0
Draw_Large_Fleet_Box_Frame_,394406,394754,348,43,5,394406,394754,103,matches,0,0,0
Draw_Small_Fleet_Box_Frame_,394754,395147,393,43,5,394754,395147,116,matches,0,1,0
Draw_Fltpop_Scroll_Bar_,395147,395381,234,43,4,395147,395381,77,matches,0,0,0
Draw_Fleet_Movement_Box_,395381,397058,1677,43,4,395381,397058,300,matches+unresolved,0,1,5
Draw_Fleet_Pop_Added_Buttons_,397058,397467,409,43,5,397058,397109,13,shorter+unresolved,0,0,1
First_Unselected_Icon_,397467,397720,253,43,4,397467,397514,23,shorter,0,0,0
Fleet_Box_Grid_Height_,397720,397798,78,43,5,397720,397798,31,matches,0,0,0
Fleet_Box_Height_,397798,398040,242,43,4,397798,398040,64,matches,0,1,0
Fleet_Box_Width_,398040,398049,9,43,4,398040,398049,3,matches,0,0,0
Fleet_Buttons_Chosen_,398049,398101,52,43,4,398049,398101,20,matches,0,0,0
Get_Absolute_Location_Scan_Info_,398101,398239,138,43,5,398101,398239,44,matches,0,0,0
Get_Fleet_Icon_Button_XY_,398239,398286,47,43,4,398239,398286,23,matches,0,0,0
Get_Fleetpop_Scanned_Ship_Info_,398286,398437,151,43,4,395375,398437,53,matches,0,2,0
N_Fleet_Icons_,398437,398497,60,43,4,398437,398497,20,matches,0,0,0
Planet_Is_Colonizable_,398497,398598,101,43,5,398497,398558,24,shorter,0,0,0
Print_Fleet_Box_Info_,398598,399895,1297,43,5,398598,398703,25,shorter+unresolved,0,0,1
Reload_Fleet_Box_Data_,399895,399927,32,43,4,399895,399927,8,matches,2,0,0
Fleet_Box_Data_,399927,400142,215,43,4,397514,400142,86,matches,0,1,0
Reload_Fleet_Box_Palette_,400142,400156,14,43,4,400142,400156,4,matches,0,0,0
Reload_Ship_Selection_Status_,400156,400273,117,43,4,400156,400273,39,matches,0,0,0
Save_Ship_Selection_Status_,400273,400385,112,43,4,400273,400385,33,matches,0,0,0
Set_Added_Button_Stuff_,400385,400615,230,43,5,400385,400615,58,matches,0,0,0
Set_Attack_Antares_Button_Flag_,400615,400856,241,43,5,400615,400856,13,matches+unresolved,0,1,1
Set_Build_Outpost_Button_Flag_,400856,401205,349,43,5,400856,400892,13,shorter+unresolved,0,1,1
Set_Colonize_Button_Flag_,401205,401565,360,43,5,401205,401565,15,matches+unresolved,0,1,1
Set_Engage_Enemy_Forces_Flag_,401565,401899,334,43,5,401565,401603,14,shorter+unresolved,0,1,1
Set_Fleet_Box_Data_Dimensions_,401899,402026,127,43,5,401899,402026,27,matches,0,0,0
Set_Fleet_Movement_Box_Dimensions_,402026,402078,52,43,4,402026,402078,23,matches,0,0,0
Set_Fleet_Movement_Icon_Selections_,402078,402246,168,43,4,402078,402246,49,matches,0,1,0
Set_Transport_Troops_Flag_,402246,402639,393,43,5,402246,402282,13,shorter+unresolved,0,1,1
Ship_Should_Be_Auto_Selected_,402639,402735,96,43,5,402639,402664,10,shorter,0,0,0
Icon_Selection_Status_,402735,402832,97,43,4,402735,402832,33,matches+unresolved,0,0,1
Buffer_Reload_Fleetpop_Frame_,402832,402967,135,43,5,402832,402967,31,matches,0,0,0
Some_Icon_Selected_,402967,403025,58,43,4,402967,403025,22,matches,0,0,0
Can_Select_Fleet_Box_Ship_,403025,403069,44,43,4,403025,403053,8,shorter,0,0,0
Add_Fleet_Screen_Fields_,403069,404069,1000,44,5,403069,403120,12,shorter+unresolved,0,0,1
Allocate_Fltscrn_Next_Screen_Seg_,404069,404196,127,44,4,404069,404196,30,matches,0,0,0
Build_Scrap_List_,404196,404275,79,44,4,404196,404275,29,matches,0,0,0
Get_Technology_From_Scrapped_Ship_,404275,405089,814,44,4,404275,405089,251,matches,0,0,0
Get_Scrap_Ship_Value_,405089,405215,126,44,5,405089,405158,26,shorter,0,0,0
Cant_Order_Ship_Message_,405215,405273,58,44,5,405215,405268,17,shorter+unresolved,0,0,1
Draw_Flashing_Small_Ship_Icon_,405273,405394,121,44,4,405273,405289,4,shorter+unresolved,0,0,1
Draw_Fleet_Screen_,405394,406230,836,44,4,405394,405495,25,shorter+unresolved,0,0,2
Draw_Fltscrn_Big_Ship_Icons_,406230,406697,467,44,4,406230,406307,19,shorter+unresolved,0,0,1
Draw_Box_Around_Scanned_Ship_,406697,406769,72,44,5,406697,406727,9,shorter+unresolved,0,0,1
Draw_Fltscrn_Ship_Destination_Lines_,406769,407458,689,44,4,406769,407458,179,matches+unresolved,0,1,1
Draw_Fltscrn_Small_Ship_Icons_,407458,407667,209,44,4,407458,407667,53,matches,0,0,0
Fill_FltScrn_Scroll_Bar_,407667,407936,269,44,4,407667,407936,77,matches,0,1,0
Fleet_Screen_,407936,410829,2893,44,4,407936,407996,15,shorter+unresolved,0,0,1
Load_Fltscrn_Officer_Picture_,410829,410882,53,44,5,410829,410882,13,matches,2,0,0
Next_Ship_Icon_,410882,411045,163,44,4,410882,410903,7,shorter+unresolved,0,0,1
Previous_Ship_Icon_,411045,411210,165,44,4,411045,411066,7,shorter+unresolved,0,0,1
Reload_Fleet_Screen_,411210,411904,694,44,4,411210,411904,154,matches,0,1,0
Reload_Fleet_Screen_Galaxy_Stars_,411904,411959,55,44,4,411904,411959,22,matches,0,0,0
Reload_Small_Ship_Icons_,411959,412144,185,44,4,411959,412144,47,matches,0,1,0
Scan_Small_Ship_Icons_,412144,412340,196,44,4,412144,412340,63,matches+unresolved,0,0,1
Plunder_Ships_For_Tech_,412340,412414,74,44,5,412340,412414,29,matches,0,0,0
Scrap_Ships_,412414,413188,774,44,4,412414,413188,100,matches+unresolved,0,0,1
Set_Fltscrn_Big_Icons_,413188,413258,70,44,4,413188,413258,24,matches,0,0,0
Update_Selection_Flags_,413258,413400,142,44,4,413258,413276,6,shorter+unresolved,0,0,1
First_Selected_Ship_,413400,413460,60,44,5,413400,413460,24,matches,0,0,0
At_Least_One_Officer_,413460,413521,61,44,5,413460,413521,26,matches,0,0,0
F_Ship_Icon_From_Node_Ptr_,413521,413578,57,44,5,413521,413578,26,matches,0,0,0
Okay_To_Set_Relocate_From_Star_,413578,413610,32,44,5,413578,413610,13,matches,0,0,0
Okay_To_Set_Relocate_To_Star_,413610,413749,139,44,5,413610,413749,49,matches,0,0,0
Okay_To_Set_Relocate_Star_,413749,414080,331,44,5,413749,414080,111,matches,0,0,0
Star_Relocation_,414080,414251,171,44,5,414080,414251,56,matches,0,0,0
Cancel_Star_Relocation_,414251,414330,79,44,5,414251,414330,26,matches,0,0,0
Draw_Fltscrn_Relocation_Lines_,414330,414616,286,44,5,414330,414616,82,matches,0,1,0
N_Fltscrn_Ships_Selected_,414616,414706,90,44,5,414616,414631,5,shorter+unresolved,0,0,1
Crew_Description_String_,414706,414812,106,45,4,414706,414812,36,matches,0,0,0
Add_Fltscrn_Big_Icon_Fields_,414812,415186,374,45,4,414812,414830,8,shorter+unresolved,0,0,1
Add_Fltscrn_Small_Icon_Fields_,415186,415295,109,45,4,415186,415295,31,matches,0,1,0
Build_Fltscrn_Big_Icon_Fields_,415295,415746,451,45,4,415295,415345,13,shorter+unresolved,0,0,1
Move_Ship_To_Front_Of_List_,415746,415837,91,45,5,415746,415760,5,shorter+unresolved,0,0,1
Build_Fltscrn_Ship_List_,415837,415961,124,45,4,415837,415961,46,matches,0,0,0
Button_Underneath_,415961,416067,106,45,4,415961,416067,33,matches,0,1,0
Create_Blank_Fleet_Icon_,416067,416112,45,45,4,416067,416112,16,matches,0,0,0
Crew_Efficiency_,416112,416153,41,45,4,416112,416138,6,shorter+unresolved,0,0,1
Crew_Quality_,416153,416211,58,45,4,416153,416211,25,matches,0,0,0
Defensive_Bonus_,416211,416217,6,45,4,416211,416217,2,matches,0,0,0
Draw_Captains_Picture_,416217,416607,390,45,4,416217,416607,124,matches,0,0,0
Fix_Palette_,416607,416640,33,45,4,416607,416640,7,matches,1,0,0
Fleet_Screen_Big_Icon_Fields_,416640,417096,456,45,4,416640,416878,35,shorter+unresolved,0,0,3
Fltscrn_Move_Ships_,417096,417512,416,45,4,417096,417512,118,matches+unresolved,0,1,1
Fltscrn_Ships_To_Be_Displayed_,417512,417657,145,45,4,416059,417657,53,matches,0,5,0
Get_2_Selected_Fields_,417657,417762,105,45,4,417657,417762,40,matches,0,0,0
Get_Filter_Button_Status_,417762,417832,70,45,4,417762,417774,2,shorter+unresolved,0,0,1
Get_Fltscrn_Big_Icon_XY_,417832,417930,98,45,4,417832,417850,7,shorter+unresolved,0,0,1
Is_Other_Players_Stack_,417930,417972,42,45,4,417930,417944,2,shorter+unresolved,0,0,1
Max_Crew_,417972,418001,29,45,4,417972,417998,6,shorter+unresolved,0,0,1
Max_Marines_,418001,418087,86,45,4,418001,418035,11,shorter+unresolved,0,0,1
Ok_To_Add_Ship_,418087,418213,126,45,5,418087,418173,35,shorter,0,0,0
Print_Fltscrn_Scanned_Star_Name_,418213,419598,1385,45,4,418213,419598,336,matches+unresolved,0,1,6
Print_Scanned_Ship_Data_,419598,421666,2068,45,4,416594,421666,576,matches+unresolved,0,2,1
Scan_Fltscrn_Big_Icons_,421666,421908,242,45,4,421666,421687,7,shorter+unresolved,0,0,1
Set_Fleet_Screen_Stack_Owner_,421908,421960,52,45,4,421908,421923,3,shorter+unresolved,0,0,1
Set_Fltscrn_Small_Ship_Icon_XYs_,421960,422591,631,45,4,421960,422591,59,matches+unresolved,0,0,1
Set_Initial_Stack_Pointer_,422591,422596,5,45,4,422591,422596,1,matches,1,0,0
Set_Small_Ship_Stack_Pointer_,422596,422802,206,45,4,422596,422609,6,shorter+unresolved,0,0,1
Write_Fltscrn_Big_Icon_Data_,422802,422803,1,45,4,422802,422803,1,matches,0,0,0
Clear_All_Selection_Status_,422803,422839,36,45,4,422803,422839,14,matches,0,0,0
Get_Small_Icon_Animation_Size_,422839,422947,108,45,5,422839,422947,29,matches,0,0,0
Message_Box_,422947,422963,16,46,4,422947,422963,9,matches,0,0,0
Warning_Box_,422963,422970,7,46,4,422963,422970,1,matches,1,0,0
Do_Message_Box_,422970,423512,542,46,5,422970,423118,38,shorter+unresolved,0,0,1
Message_Box_Exploding_,422970,423512,542,46,4,422970,423118,38,shorter+unresolved,0,0,1
Confirmation_Box_,423512,424032,520,46,4,423512,424011,129,shorter+unresolved,0,0,1
Confirmation_Box_Exploding_,423512,424032,520,46,4,423512,424011,129,shorter+unresolved,0,0,1
Do_Confirmation_Box_,423512,424032,520,46,5,423512,424011,129,shorter+unresolved,0,0,1
Draw_Animating_Message_Box_,424032,424164,132,46,5,424032,424075,11,shorter+unresolved,0,0,1
Draw_Confirm_Box_,424164,424289,125,46,5,424164,424289,33,matches,0,0,0
Message_Box_Startup_,424289,424444,155,46,5,424289,424359,14,shorter+unresolved,0,0,1
Message_Box_Cleanup_,424444,424564,120,46,5,424444,424564,28,matches,1,0,0
_Print_1_Or_More_Formatted_Lines_Centered_,424564,424663,99,46,4,424564,424663,38,matches,0,0,0
Print_1_Or_More_Formatted_Lines_Centered_,424663,424678,15,46,4,424663,424678,6,matches,0,0,0
Design_Name_,424678,424744,66,47,4,424678,424744,24,matches,0,0,0
Get_Planet_Name_,424744,424770,26,47,4,424744,424770,10,matches,0,0,0
Get_Planet_Name_No_Prime_,424770,424782,12,47,4,424770,424782,6,matches,0,1,0
Build_Saved_Ship_Array_,424782,424869,87,47,4,424782,424810,9,shorter+unresolved,0,0,1
Button_Ship_Node_Ptr_,424869,424881,12,47,4,424869,424881,4,matches,0,0,0
Clear_All_Star_Relocations_,424881,424945,64,47,4,424881,424945,26,matches,0,0,0
Clear_Fleet_Box_Selected_Ship_Status_,424945,424967,22,47,4,424945,424967,9,matches,0,0,0
Clear_Star_Relocation_,424967,424991,24,47,4,424967,424991,9,matches,0,0,0
Colony_Player_Color_,424991,425014,23,47,4,424991,425014,6,matches,0,1,0
Colony_Player_Palette_Color_,425014,425049,35,47,4,425014,425049,9,matches,0,1,0
Design_Armor_,425049,425080,31,47,4,425049,425080,10,matches,0,0,0
Design_Computer_,425080,425111,31,47,4,425080,425111,10,matches,0,0,0
Design_Cost_,425111,425142,31,47,4,425111,425142,10,matches,0,0,0
Design_Drive_,425142,425173,31,47,4,425142,425173,10,matches,0,0,0
Design_Picture_Num_,425173,425204,31,47,4,425173,425204,10,matches,0,0,0
Design_Shield_,425204,425235,31,47,4,425204,425235,10,matches,0,0,0
Current_Design_Size_,425235,425266,31,47,4,425235,425266,10,matches,0,0,0
Design_Structural_Points_,425266,425321,55,47,4,425266,425321,20,matches,0,0,0
Design_Weapon_,425321,425358,37,47,4,425321,425355,10,shorter+unresolved,0,0,1
Design_Weapon_Ammo_,425358,425394,36,47,4,425358,425394,12,matches,0,0,0
Design_Weapon_Count_,425394,425430,36,47,4,425394,425430,12,matches,0,0,0
Design_Weapon_Firing_Arc_,425430,425466,36,47,4,425430,425466,12,matches,0,0,0
Design_Weapon_Specials_,425466,425503,37,47,4,425466,425500,10,shorter+unresolved,0,0,1
Do_Get_Planet_Name_,425503,425709,206,47,5,425503,425709,70,matches,0,0,0
Enemy_Ship_Going_To_My_Colony_,425709,425821,112,47,4,425709,425821,17,matches+unresolved,0,0,1
Fleet_Movement_Icon_Selected_,425821,425843,22,47,4,425821,425843,7,matches,0,0,0
Fleet_Movement_Icon_Ship_Stack_,425843,425950,107,47,4,425843,425950,26,matches+unresolved,0,0,1
Fleet_Movement_Owner_,425950,425961,11,47,4,425950,425961,3,matches,1,0,0
Ship_Stack_Owner_,425961,425973,12,47,4,425961,425973,4,matches,1,0,0
Ship_Owner_,425973,426003,30,47,4,425973,428487,58,extends,0,3,0
Fleet_Movement_Ship_Id_,426003,426026,23,47,4,426003,426026,7,matches,0,0,0
Get_Fleet_Box_Selected_Ship_Ids_,426026,426195,169,47,4,426026,426195,57,matches,0,0,0
Get_Stack_Start_From_Saved_Ship_Array_,426195,426370,175,47,4,426195,426218,8,shorter+unresolved,0,0,1
Is_Combat_Ship_,426370,426398,28,47,4,426370,426398,9,matches,0,0,0
Last_Colony_Selected_,426398,426602,204,47,4,426398,426602,64,matches,0,0,0
N_Colonies_At_Star_,426602,426733,131,47,4,426602,426733,53,matches,0,0,0
N_Star_Relocations_,426733,426795,62,47,4,426733,426795,28,matches,0,0,0
Node_Ptr_From_Ship_Id_,426795,426858,63,47,4,426795,426858,33,matches,0,0,0
Node_Ptr_From_Ship_Stack_,426858,426904,46,47,4,426858,426865,1,shorter+unresolved,0,0,1
Orion_Owner_,426904,426989,85,47,4,426904,426989,33,matches,0,0,0
Planet_Orbit_,426989,427009,20,47,4,426989,427009,7,matches,0,0,0
Planet_Player_Color_,427009,427030,21,47,4,427009,427030,6,matches,0,1,0
Planet_Player_Palette_Color_,427030,427069,39,47,4,427030,427069,11,matches,0,1,0
Player_Can_Order_Ship_,427069,427095,26,47,4,427069,427095,12,matches,0,0,0
Player_Has_Tech_,427095,427127,32,47,4,427095,427121,7,shorter+unresolved,0,0,1
Race_Name_String_,427127,427168,41,47,4,427127,427168,22,matches,0,0,0
Race_Name_,427168,427248,80,47,4,427168,427248,33,matches,0,0,0
Relocation_,427248,427271,23,47,4,427248,427271,9,matches,0,0,0
Set_All_Colony_Auto_Select_Flags_,427271,427500,229,47,4,427271,427500,76,matches,0,0,0
Set_All_Star_Relocations_,427500,427563,63,47,4,427500,427563,27,matches,0,0,0
Set_Colony_Auto_Select_For_Star_,427563,427753,190,47,4,427563,427753,65,matches,0,0,0
Set_Last_Colony_Selected_,427753,427822,69,47,4,427753,427822,23,matches,0,0,0
Save_Hotseat_Fleet_Box_Ship_,427822,427888,66,47,4,427822,427884,15,shorter+unresolved,0,0,2
Set_Hotseat_Fleet_Box_To_Last_Stack_,427888,428010,122,47,4,427888,427902,5,shorter+unresolved,0,0,1
Set_Relocation_,428010,428032,22,47,4,428010,428032,9,matches,0,0,0
Ship_Icon_Id_From_Node_Ptr_,428032,428153,121,47,4,428032,428153,43,matches,0,1,0
Ship_Icon_Owner_,428153,428169,16,47,4,428153,428169,4,matches,1,0,0
Ship_Icon_Ship_Id_,428169,428194,25,47,4,428169,428194,9,matches,1,0,0
System_Ship_Scanned_To_Ship_Id_,428194,428206,12,47,4,428194,428206,4,matches,0,0,0
Ship_Icon_Star_Id_,428206,428247,41,47,4,428206,428247,11,matches,0,1,0
Ship_Icon_X_,428247,428290,43,47,4,428247,428290,13,matches,0,0,0
Ship_Icon_Y_,428290,428487,197,47,4,428290,428333,13,shorter,0,0,0
Ship_Player_Palette_Color_,428487,428500,13,47,4,428487,428500,5,matches,0,1,0
Ship_Stack_From_Saved_Array_,428500,428730,230,47,4,428500,428529,11,shorter+unresolved,0,0,1
Ship_Stack_From_Ship_Icon_,428730,428814,84,47,4,428730,428761,11,shorter+unresolved,0,0,1
Ship_Stack_From_Ship_Id_,428814,428947,133,47,4,428814,428836,10,shorter+unresolved,0,0,1
Ship_Stack_Location_,428947,428978,31,47,4,428947,428978,10,matches,0,0,0
Ship_Stack_Star_Id_,428947,428978,31,47,4,428947,428978,10,matches,0,0,0
Ship_Stack_X_,428978,429007,29,47,4,428978,429007,8,matches,0,1,0
Ship_Stack_Y_,429007,429036,29,47,4,429007,429036,8,matches,0,1,0
Ship_Status_,429036,429147,111,47,4,429036,429147,36,matches,0,0,0
Special_Is_Planet_Special_,429147,429183,36,47,4,429147,429183,14,matches,0,0,0
Stack_Ship_Orbiting_Planet_,429183,429204,21,47,4,429183,429194,3,shorter+unresolved,0,0,1
Star_Has_Relocation_,429204,429232,28,47,4,429204,429232,11,matches,0,0,0
Star_Player_Color_,429232,429275,43,47,4,429232,429272,9,shorter+unresolved,0,0,1
Star_Player_Palette_Color_,429232,429275,43,47,4,429232,429272,9,shorter+unresolved,0,0,1
System_Planet_Scanned_To_Planet_Id_,429275,429298,23,47,4,429275,429298,9,matches,0,0,0
System_Ship_Chosen_To_Ship_Icon_Id_,429298,429374,76,47,4,425942,429374,32,matches,0,1,0
Weapons_Index_From_Tech_App_,429374,429425,51,47,4,429374,429425,26,matches,0,0,0
Player_Has_Colony_In_System_,429425,429434,9,47,4,429425,429434,3,matches,1,0,0
Owner_Of_First_Ship_In_Fleet_Box_,429434,429446,12,47,4,429434,429446,2,matches,0,1,0
Nearest_Star_To_XY_,429446,429575,129,47,4,429446,429575,40,matches,0,1,0
Absolute_Location_,429575,429613,38,48,4,429575,429613,12,matches,0,0,0
Actual_Star_Id_,429613,429671,58,48,4,429613,429671,19,matches,0,0,0
Confirm_Planet_And_Star_Index_Link_,429671,429899,228,48,4,429671,429899,76,matches,0,0,0
Contact_With_One_Colony_,429899,430008,109,48,4,429899,430008,42,matches,0,0,0
Contact_With_Player_,430008,430054,46,48,4,430008,430054,16,matches,0,0,0
Decrement_Zoom_Count_,430054,430081,27,48,4,430054,430068,2,shorter+unresolved,0,0,1
Empty_System_,430081,430135,54,48,4,430081,430135,25,matches,0,0,0
Enemy_Has_Colony_At_Star_,430135,430244,109,48,4,430135,430244,40,matches,0,0,0
Get_Map_Scale_,430244,430392,148,48,4,430244,430392,31,matches+unresolved,0,0,1
Get_Player_Font_Colors_,430392,430700,308,48,4,430392,430700,87,matches+unresolved,0,0,2
Get_Scaled_Value_,430700,430719,19,48,4,430700,430719,10,matches,0,0,0
Get_Up_Scaled_Value_,430719,430739,20,48,4,430719,430739,7,matches,0,1,0
Get_Zoom_Ratio_Value_,430739,430761,22,48,4,430739,430761,7,matches,0,1,0
Habitable_Spectral_Class_,430761,430787,26,48,4,430761,430787,9,matches,0,0,0
Harold_Defaults_,430787,431660,873,48,4,430787,430866,13,shorter+unresolved,0,0,1
Harold_Init_,431660,431726,66,48,4,431660,431670,4,shorter+unresolved,0,0,1
Has_Colony_,431726,431807,81,48,4,431726,431807,33,matches,0,0,0
Increment_Zoom_Count_,431807,431842,35,48,4,431807,431842,7,matches,0,0,0
Increment_Zoom_Count_With_Limit_,431842,431903,61,48,4,431842,431903,19,matches,0,0,0
Init_Fleet_Movement_Box_,431903,431958,55,48,4,431903,431910,1,shorter+unresolved,0,0,1
Init_Moving_Boxes_,431958,432093,135,48,4,431958,431984,7,shorter+unresolved,0,0,1
Init_System_Display_Box_,432093,432189,96,48,4,432093,432148,14,shorter+unresolved,0,0,1
Inverse_Map_Scale_Ratio_,432189,432250,61,48,4,432189,432250,23,matches,0,0,0
Is_Colony_Star_,432250,432324,74,48,4,432250,432324,31,matches,0,0,0
Is_Home_Star_,432324,432338,14,48,4,432324,432338,6,matches,0,0,0
Galaxy_Size_From_N_Stars_,432338,432407,69,48,4,432338,432345,1,shorter+unresolved,0,0,1
Map_Scale_To_Zoom_Level_,432407,432505,98,48,4,432407,432422,3,shorter+unresolved,0,0,1
N_Colony_Owners_,432505,432631,126,48,4,432505,432631,42,matches,0,1,0
Colony_Owners_,432631,432872,241,48,4,432631,432872,74,matches,0,0,0
N_Food_Planets_In_System_,432872,432941,69,48,4,432872,432941,25,matches,0,1,0
N_Planets_In_System_,432941,433011,70,48,4,432941,433011,25,matches,0,1,0
N_Player_Ships_,433011,433070,59,48,4,433011,433070,26,matches,0,0,0
N_Satellites_,433070,433119,49,48,4,433070,433119,19,matches,0,1,0
No_Planets_In_System_,433119,433131,12,48,4,433119,433131,5,matches,0,0,0
N_Turns_To_Star_,433131,433180,49,48,4,433131,433180,17,matches,1,0,0
Planet_Data_Screen_,433180,433181,1,48,4,433180,433181,1,matches,0,0,0
Planet_Has_Outpost_,433181,433236,55,48,4,433181,433236,21,matches,0,0,0
Planet_Index_,433236,433259,23,48,4,433236,433259,9,matches,0,0,0
Planet_Number_,433259,433362,103,48,4,433259,433362,38,matches,0,1,0
Planet_Type_,433362,433401,39,48,4,433362,433401,13,matches,0,0,0
Player_Has_Artemis_Net_,433401,433436,35,48,4,433401,433436,15,matches,0,0,0
Player_Has_Colony_,433436,433472,36,48,4,433436,433472,13,matches,0,0,0
Star_Has_Dimensional_Portal_,433472,433480,8,48,4,433472,433480,3,matches,0,0,0
Star_Has_Artemis_Net_,433480,433488,8,48,4,433480,433488,3,matches,0,0,0
Player_Has_Dimensional_Portal_,433488,433512,24,48,4,433488,433512,9,matches,0,1,0
Player_Has_Jumpgate_,433512,433542,30,48,4,433512,433542,11,matches,0,0,0
Player_Has_Outpost_,433542,433642,100,48,4,433542,433642,37,matches,0,0,0
Player_Has_Stargate_,433642,433670,28,48,4,433642,433670,8,matches,0,1,0
Player_Is_Omniscient_,433670,433714,44,48,4,433670,433710,12,shorter+unresolved,0,0,1
Player_Has_Visited_,433714,433741,27,48,4,433714,433741,12,matches,0,0,0
Player_Sighted_Monster_,433741,433805,64,48,4,433741,433805,28,matches,0,0,0
Players_Home_Star_,433805,433925,120,48,4,433805,433925,46,matches,0,0,0
Random_With_Restore_,433925,433958,33,48,4,433925,433958,14,matches,0,0,0
Randomize_List_,433958,434086,128,48,4,433958,434086,52,matches,0,0,0
Read_Random_Seed_,434086,434139,53,48,4,434086,434139,18,matches,0,0,0
Set_All_Visited_Flags_,434139,434186,47,48,4,434139,434186,20,matches,0,0,0
Set_Player_Font_Style_,434186,434284,98,48,4,434186,434200,5,shorter+unresolved,0,0,1
Set_Sound_Volume_To_Settings_,434284,434393,109,48,4,434284,434393,28,matches,0,0,0
Star_Id_From_Colony_Id_,434393,434453,60,48,4,434393,434453,19,matches,0,0,0
Star_Is_Orion_,434453,434483,30,48,4,434453,434483,11,matches,0,0,0
Star_Is_Outpost_Star_,434483,434600,117,48,4,434483,434600,49,matches,0,0,0
Star_Owner_,434600,434783,183,48,4,434600,434759,51,shorter+unresolved,0,0,1
User_Box_,434783,435026,243,48,4,434783,435026,68,matches,0,0,0
First_Ship_Orbiting_Star_,435026,435057,31,48,4,435026,435057,12,matches,0,0,0
Star_XY_To_Ship_Id_,435057,435171,114,48,4,435057,435171,40,matches,0,0,0
XY_To_Star_Id_,435171,435264,93,48,4,435171,435264,38,matches,0,0,0
Zoom_Level_Font_Style_,435264,435322,58,48,4,435264,435271,1,shorter+unresolved,0,0,1
Star_Guarded_By_Monster_,435322,435491,169,48,4,435322,435491,18,matches+unresolved,0,1,1
At_Least_One_Ship_At_Location_,435491,435535,44,48,4,435491,435535,20,matches,0,0,0
Get_N_Remaining_Humans_,435535,435590,55,48,4,435535,435590,23,matches,0,0,0
Get_Picture_Actual_Size_,435590,435703,113,48,4,435590,435703,35,matches,0,0,0
Draw_Multi_Colored_Box_,435703,436117,414,48,4,435703,436117,163,matches,0,0,0
Save_Mouse_List_,436117,436175,58,48,4,436117,436127,4,shorter+unresolved,0,0,1
Restore_Mouse_List_,436175,436204,29,48,4,436175,436200,5,shorter+unresolved,0,0,1
Clear_Saved_Mouse_List_,436204,436214,10,48,4,436204,436211,1,shorter+unresolved,0,0,1
Was_Mouse_List_Saved_,436214,436225,11,48,4,436214,436221,1,shorter+unresolved,0,0,1
Read_Windows_Cmdline_File_,436225,436246,21,48,4,436225,436226,1,shorter,0,0,0
Load_H_Strings_,436246,436624,378,48,4,436246,436624,112,matches+unresolved,0,1,1
H_Message_,436624,436657,33,48,4,436624,436657,12,matches+unresolved,0,0,1
Reload_Language_Strings_,436657,436741,84,48,4,436657,436741,19,matches,0,0,0
Load_Language_Fonts_,436741,436787,46,48,4,436741,436767,8,shorter,0,0,0
Get_Font_File_,436787,436857,70,48,4,436787,436857,29,matches,0,0,0
Write_Language_Setting_File_,436857,436947,90,48,4,436857,436927,24,shorter,0,0,0
Get_Officer_Data_LBX_Name_,436947,437011,64,48,4,436947,437011,24,matches,0,0,0
Load_Leader_Titles_,437011,437158,147,48,4,429892,437138,47,shorter,0,1,0
Get_Monetary_Unit_String_,437158,437207,49,48,4,437158,437207,18,matches,0,0,0
Set_Language_Race_Names_,437207,437296,89,48,5,437207,437296,36,matches,0,0,0
Add_Non_Food_Planets_To_List_,437296,437361,65,49,5,437296,437361,28,matches,0,0,0
Assign_Home_Star_Names_,437361,437523,162,49,4,437361,437523,52,matches,0,1,0
Build_Home_Star_List_,437523,438304,781,49,5,437523,438087,46,shorter+unresolved,0,0,2
Build_Min_Star_Distances_,438304,438452,148,49,5,438304,438452,18,matches+unresolved,0,1,1
Dist_Between_Stars_,438452,438523,71,49,4,438452,438523,28,matches,0,0,0
Dist_Between_Points_,438523,438554,31,49,4,438523,438554,14,matches,0,0,0
Enforce_3_Planet_Minimum_,438554,438802,248,49,4,438554,442205,72,extends,0,2,0
Enforce_Abundant_Minerals_,438802,438827,25,49,4,438802,438827,10,matches,0,0,0
Enforce_Climate_,438827,439388,561,49,4,438827,439388,153,matches+unresolved,0,0,1
Enforce_Gravity_,439388,439476,88,49,4,439388,439476,22,matches+unresolved,0,0,1
Enforce_Medium_Planet_Size_,439476,439514,38,49,4,439476,439514,13,matches,0,0,0
Enforce_Mineral_Richness_,439514,439730,216,49,4,439514,439730,61,matches+unresolved,0,0,1
Enforce_Artifacts_Special_,439730,439763,33,49,5,439730,439763,11,matches,0,0,0
Enforce_Planet_Size_,439763,439780,17,49,5,439763,439780,7,matches,0,0,0
Enforce_Planet_Type_,439780,439857,77,49,4,439780,439857,32,matches,0,0,0
Ensure_At_Least_1_Food_Planet_,439857,440525,668,49,5,439857,440525,35,matches+unresolved,0,1,1
Generate_Home_Worlds_,440525,441270,745,49,4,440525,441270,202,matches+unresolved,0,2,1
Generate_Home_Worlds_1_,441270,441276,6,49,4,441270,441276,2,matches,0,0,0
Generate_Orion_,441276,441735,459,49,5,441276,441735,138,matches,0,0,0
Get_Orion_Star_Id_,441735,442205,470,49,5,441735,442205,120,matches+unresolved,0,1,3
Get_Starmap_Regions_,442205,442631,426,49,4,442205,442631,143,matches,0,0,0
Guarantee_A_Planet_At_Min_Dist_,442631,443286,655,49,5,442631,443286,191,matches,0,0,0
Is_Added_Food_World_,443286,443332,46,49,5,443286,443332,18,matches+unresolved,0,0,1
Make_One_Planet_,443332,443567,235,49,5,443332,443567,74,matches,0,0,0
Modify_Home_Worlds_,443567,444143,576,49,4,443567,444143,54,matches+unresolved,0,1,1
Randomize_Home_Worlds_,444143,444221,78,49,4,444143,444221,27,matches,0,1,0
Remove_Specials_,444221,444302,81,49,4,444221,444302,29,matches,0,0,0
Set_Up_Home_Gen_Msg_,444302,444646,344,49,5,444302,444409,33,shorter+unresolved,0,0,1
Star_Has_Planet_,444646,444750,104,49,4,444646,444750,44,matches,0,0,0
Random_Planet_,444750,444910,160,49,4,444750,444890,47,shorter,0,0,0
Upgrade_Planet_Guarded_By_Monster_,444910,445308,398,49,4,444910,445308,110,matches,0,0,0
Set_Special_For_Star_Guarded_By_Monster_,445308,445621,313,49,4,445308,445621,105,matches,0,0,0
Usable_Orbit_,445621,445859,238,49,4,442197,445859,78,matches,0,2,0
qsort_star_dist_list_,445859,445888,29,49,5,445859,445888,14,matches,0,0,0
qsort_1_,445888,445893,5,49,5,445888,445893,3,matches,0,0,0
Make_System_Monsters_,445893,446518,625,49,4,441722,446502,126,shorter+unresolved,0,0,1
Active_Save_Slot_Invalid_,446518,446561,43,50,5,446518,446527,3,shorter+unresolved,0,0,1
Add_Game_Popup_Fields_,446561,448658,2097,50,5,446561,446586,10,shorter+unresolved,0,0,1
Allocate_Data_Space_For_Game_Popup_,448658,448755,97,50,5,448658,448755,24,matches,0,0,0
Bad_Game_File_Message_,448755,448852,97,50,5,448755,448852,36,matches,0,0,0
Check_For_Saved_Games_,448852,449043,191,50,4,448852,449043,83,matches,0,0,0
Darken_Main_Screen_Background_,449043,449142,99,50,4,449043,449142,27,matches,0,0,0
Do_Load_Game_Popup_,449142,449857,715,50,4,449142,449213,24,shorter+unresolved,0,0,1
Do_Main_Game_Popup_,449857,450575,718,50,5,449857,450575,143,matches+unresolved,0,1,6
Do_Options_Game_Popup_,450575,450900,325,50,5,449036,450900,85,matches+unresolved,0,1,2
Do_Save_Game_Popup_,450900,451857,957,50,5,450900,451857,242,matches+unresolved,0,1,3
Fiz_Game_Popup_,451857,451859,2,50,5,451857,451859,1,matches,1,0,0
Fiz_Game_Popup_Autofuction_,451859,451860,1,50,5,451859,451860,1,matches,0,0,0
Restore_Game_Popup_,451860,451964,104,50,5,451860,451870,4,shorter+unresolved,0,0,1
Restore_Main_Screen_,451964,451994,30,50,5,451964,451991,5,shorter+unresolved,0,0,1
Game_Popup_User_Box_,451994,452105,111,50,5,451994,452105,37,matches,0,0,0
Get_File_Date_String_,452105,452289,184,50,4,448652,452289,65,matches,0,2,0
Get_Game_Popup_Colors_,452289,452434,145,50,5,452289,452308,7,shorter+unresolved,0,0,1
Get_Save_Game_Date_Strings_,452434,452607,173,50,4,452434,452607,70,matches,0,1,0
Get_Star_Date_Strings_,452607,452883,276,50,4,452607,452883,102,matches,0,1,0
Load_Month_Names_,452883,453212,329,50,5,452883,453212,137,matches,0,0,0
Load_Game_Popup_Pictures_,453212,453965,753,50,5,453212,453965,178,matches,0,0,0
Print_Load_Save_To_Bitmap_,453965,453990,25,50,5,453965,453990,5,matches,0,0,0
Print_Main_Game_To_Bitmap_,453990,454065,75,50,5,453990,454025,7,shorter+unresolved,0,0,1
Print_Options_To_Bitmap_,454065,454084,19,50,5,454065,454084,4,matches,0,1,0
Pull_Down_Game_Popup_,454084,454105,21,50,5,454084,454105,11,matches,0,0,0
Push_Up_Game_Popup_,454105,454130,25,50,5,454105,454130,10,matches,0,0,0
Animate_Game_Popup_,454130,454639,509,50,5,454130,454639,126,matches+unresolved,0,0,1
Set_Current_Game_Option_Flags_,454639,454988,349,50,5,454639,454717,23,shorter+unresolved,0,0,1
Update_Game_Settings_,454988,455174,186,50,5,454988,455174,35,matches,0,0,0
_Draw_Load_Save_Game_Popup_,455174,456449,1275,50,5,455174,455197,8,shorter+unresolved,0,0,1
_Draw_Main_Game_Popup_,456449,457256,807,50,5,449036,457256,205,matches+unresolved,0,2,1
_Draw_Options_Game_Popup_,457256,459055,1799,50,5,457256,459039,448,shorter+unresolved,0,1,3
_Game_Popup_,459055,459728,673,50,4,459055,459137,21,shorter+unresolved,0,0,1
qsort_debug_,459728,459737,9,50,5,459728,459737,4,matches,0,0,0
Load_Mainmenu_Load_Game_Popup_,459737,459959,222,50,5,459737,459959,54,matches,0,0,0
Mainmenu_Load_Game_Popup_,459959,460118,159,50,4,459959,459971,5,shorter+unresolved,0,0,1
Set_Up_Load_Save_Popup_,460118,460376,258,50,5,460118,460327,67,shorter+unresolved,0,0,2
Remove_Embedded_Special_Codes_,460376,460450,74,50,4,448652,460450,33,matches,0,1,0
Embed_Special_Color_Codes_,460450,460565,115,50,4,460450,460565,50,matches,0,0,0
Auto_Save_Last_Saved_Game_,460565,460710,145,50,4,460565,460700,37,shorter+unresolved,0,0,1
Auto_Load_Last_Saved_Game_,460710,460865,155,50,4,460710,460855,32,shorter+unresolved,0,0,3
Draw_Darkened_Load_Button_,460865,460909,44,50,5,460865,460909,14,matches,0,0,0
Draw_Darkened_New_Game_Button_,460909,460946,37,50,5,460909,460946,10,matches,0,1,0
Set_Music_For_Game_Popup_,460946,461080,134,50,5,460946,461080,39,matches,0,0,0
Set_Sound_For_Game_Popup_,461080,461230,150,50,5,461080,461230,44,matches,0,0,0
Add_Fields_For_Language_,461230,461540,310,50,5,461230,461516,85,shorter+unresolved,0,1,1
Add_Main_Menu_Fields_,461540,461935,395,51,5,461540,461681,42,shorter+unresolved,0,0,1
Change_Font_Color_Values_,461935,461962,27,51,5,461935,461962,13,matches,0,0,0
Copy_Credit_String_To_Bitmap_,461962,462260,298,51,5,461962,462236,71,shorter+unresolved,0,0,2
Do_Main_Menu_File_Animation_,462260,463047,787,51,5,462260,462323,17,shorter+unresolved,0,0,1
Do_Mainmenu_Load_Screen_,463047,463175,128,51,5,463047,463175,35,matches,0,0,0
Draw_Credits_,463175,463745,570,51,5,463175,463228,20,shorter+unresolved,0,0,1
Main_Menu_Fade_Function_,463745,463765,20,51,5,463745,463765,9,matches,0,0,0
Main_Menu_Fade_Function2_,463765,463775,10,51,5,463765,463775,4,matches,0,1,0
Draw_Main_Menu_File_Animation_,463775,463780,5,51,5,463775,463780,1,matches,1,0,0
Draw_Main_Menu_Screen_,463780,464171,391,51,5,463780,463796,7,shorter+unresolved,0,0,1
Get_File_Animation_Block_Space_,464171,464199,28,51,4,464171,464199,11,matches,0,0,0
Get_File_Animation_Total_Frames_,464199,464235,36,51,4,464199,464206,1,shorter+unresolved,0,0,1
Load_Credits_,464235,464626,391,51,5,464235,464531,84,shorter+unresolved,0,0,1
Main_Menu_Screen_,464626,465598,972,51,4,464626,465138,92,shorter+unresolved,0,0,3
Reload_Main_Menu_Screen_,465598,465788,190,51,5,465598,465768,46,shorter,0,1,0
Init_Credits_,465788,466100,312,51,5,465788,465916,47,shorter,0,0,0
Buffer_Reload_Star_Bg_,466100,466131,31,52,4,466100,466131,10,matches,0,0,0
Get_Star_Picture_Seg_,466131,466197,66,52,4,466131,466197,19,matches,0,0,0
Add_Cheats_,466197,466291,94,52,5,466197,466291,19,matches,0,0,0
Add_Map_Fields_,466291,467366,1075,52,4,466291,466510,22,shorter+unresolved,0,0,2
Add_Reply_To_Diplomacy_Request_Fields_,467366,467631,265,52,5,467366,467631,86,matches,0,0,0
Add_Star_Fields_,467631,467784,153,52,4,467631,467784,51,matches+unresolved,0,1,2
Allocate_First_Screen_Seg_,467784,467851,67,52,4,467784,467851,19,matches,0,0,0
Center_Map_,467851,468124,273,52,4,467851,467917,16,shorter+unresolved,0,0,1
Change_Home_Star_Name_,468124,468236,112,52,5,468124,468236,27,matches,0,0,0
Check_For_Diplomacy_Request_,468236,468392,156,52,5,468236,468352,43,shorter,0,0,0
Check_Function_Keys_,468392,469001,609,52,5,468392,468988,148,shorter+unresolved,0,0,2
Check_Hot_Keys_,469001,469697,696,52,5,469001,469697,147,matches+unresolved,0,0,3
Check_Mouse_XY_Fields_,469697,469992,295,52,5,469697,469730,13,shorter+unresolved,0,0,1
Check_Ships_XY_,469992,470199,207,52,5,469992,470019,10,shorter+unresolved,0,0,1
Check_Stars_XY_,470199,470402,203,52,5,470199,470224,11,shorter+unresolved,0,0,1
Clear_Mox_Mouse_Field_,470402,470427,25,52,5,470402,470427,9,matches,0,0,0
Clear_Twinkling_Star_Data_,470427,470472,45,52,4,470427,470467,12,shorter+unresolved,0,0,1
Convert_Coords_,470472,470527,55,52,4,470472,470527,16,matches,0,0,0
Cycle_Ship_Icons_,470527,471084,557,52,4,470527,470545,7,shorter+unresolved,0,0,1
Cycle_Star_Icons_,471084,471310,226,52,4,471084,471310,86,matches,0,0,0
Do_Colony_Screen_,471310,471473,163,52,5,471310,471473,39,matches+unresolved,0,0,1
Do_Fleet_Popup_,471473,472081,608,52,5,471473,471694,52,shorter+unresolved,0,0,3
Do_Next_Turn_,472081,472398,317,52,4,472081,472125,12,shorter+unresolved,0,0,1
Do_Reply_To_Diplomacy_Request_,472398,472681,283,52,5,472398,472665,75,shorter+unresolved,0,0,1
Do_System_Popup_,472681,472897,216,52,4,472681,472897,60,matches,0,0,0
Draw_A_Gate_Icon_,472897,473858,961,52,5,472897,474374,36,extends+unresolved,0,0,1
Draw_A_Star_,473858,474105,247,52,5,473858,473907,18,shorter+unresolved,0,0,1
Draw_Black_Holes_,474105,474374,269,52,4,474105,474374,85,matches,0,0,0
Draw_Diplomacy_Request_Lights_,474374,474602,228,52,5,474374,474602,51,matches+unresolved,0,0,1
Draw_ETA_Destination_Line_,474602,474877,275,52,5,474367,474877,86,matches,0,1,0
Draw_Exploding_Plasma_Box_,474877,475991,1114,52,4,474877,474906,11,shorter+unresolved,0,0,1
Draw_Game_Turn_Buttons_,475991,476083,92,52,4,475991,476058,17,shorter,0,0,0
Draw_Fleet_Box_Selected_Ship_Seg_,476083,476174,91,52,5,476083,476174,26,matches,0,1,0
Draw_Main_Main_Screen_,476174,476501,327,52,4,476174,476501,78,matches,0,0,0
Draw_Main_Screen_,476501,477644,1143,52,4,476501,477578,232,shorter+unresolved,0,0,8
Draw_Main_Screen_Before_Stencil_,477644,477845,201,52,4,477644,477845,49,matches,0,0,0
Draw_Main_Screen_Filled_,477845,478158,313,52,4,477845,478158,80,matches,0,0,0
Draw_Main_Screen_For_Zooming_,478158,478642,484,52,5,478158,478642,127,matches,0,1,0
Draw_Main_Screen_While_Moving_Boxes_,478642,478877,235,52,5,478642,478652,4,shorter+unresolved,0,0,1
Draw_Mini_Main_Screen_,478877,479119,242,52,4,478877,479093,46,shorter+unresolved,0,0,1
Draw_Nebulae_,479119,479247,128,52,4,479119,479236,9,shorter+unresolved,0,0,1
Draw_Paralax_,479247,479756,509,52,5,479247,479756,109,matches,0,0,0
Draw_Player_Done_Lights_,479756,480032,276,52,5,479756,480032,81,matches,0,1,0
Draw_Relocation_Links_,480032,480211,179,52,5,474358,480211,61,matches,0,1,0
Draw_Reply_To_Diplomacy_Request_Popup_,480211,480448,237,52,5,480211,480305,31,shorter+unresolved,0,0,1
Draw_Scanned_Ship_Seg_,480448,480592,144,52,5,480448,480592,41,matches,0,0,0
Draw_Stars_,480592,480659,67,52,4,480592,480602,4,shorter+unresolved,0,0,1
Draw_Wormhole_Links_,480659,480854,195,52,4,480659,480854,53,matches,0,1,0
Filled_Box_,480854,481015,161,52,4,480854,481015,63,matches,0,0,0
Set_Popup_Draw_XY_,481015,481102,87,52,5,481015,481102,30,matches,0,0,0
Popup_XY_,481102,481272,170,52,5,481102,481272,53,matches,0,0,0
Get_Mouse_Field_,481272,481546,274,52,5,481272,481546,76,matches,0,0,0
Get_New_Paralax_XYs_,481546,481983,437,52,5,481546,481733,57,shorter+unresolved,0,0,1
Get_PointXY_Draw_Coords_,481983,482028,45,52,4,481983,482028,11,matches,0,0,0
Get_Ship_Stack_For_Officers_Screen_,482028,482161,133,52,4,480655,482129,30,shorter+unresolved,0,0,1
Get_Star_Anim_Dimension_,482161,482195,34,52,4,482161,482192,9,shorter+unresolved,0,0,1
Get_Star_Draw_Coords_,482195,482269,74,52,4,482195,482269,19,matches,0,0,0
Get_Star_Id_For_Officers_Screen_,482269,482442,173,52,4,482269,482442,50,matches,0,1,0
anon_call_00075C8A,482442,483119,677,-1,4,481266,483119,201,matches+unresolved,0,2,1
Get_Twinkling_Star_,483119,483314,195,52,5,483119,483314,60,matches+unresolved,0,1,2
Give_Me_All_Tech_Advances_,483314,483446,132,52,5,483314,483446,40,matches,0,1,0
Highlight_Star_,483446,483523,77,52,4,483446,483523,23,matches,0,0,0
Is_Main_Screen_Palette_,483523,483601,78,52,4,483523,483601,30,matches,0,0,0
Load_Reply_To_Diplomacy_Request_Popup_,483601,483720,119,52,5,483601,483720,27,matches,0,0,0
Main_Screen_,483720,489028,5308,52,4,483720,483902,44,shorter+unresolved,0,0,1
Main_Screen_Text_Box_,489028,489112,84,52,4,489028,489084,15,shorter+unresolved,0,0,1
Mini_Main_Screen_Text_Box_,489112,489179,67,52,4,489112,489179,20,matches,0,0,0
Next_Star_,489179,489248,69,52,5,489179,489248,26,matches,0,0,0
Previous_Star_,489248,489320,72,52,5,489248,489320,27,matches,0,0,0
Print_A_Star_Name_,489320,489916,596,52,5,489320,489379,18,shorter+unresolved,0,0,1
Print_Galaxy_Map_Scanned_Star_,489916,490233,317,52,5,489916,490233,96,matches,0,1,0
Print_Highlighted_Star_Name_,490233,490414,181,52,5,490233,490414,52,matches,0,1,0
Print_Main_Screen_Data_,490414,494346,3932,52,4,490414,491044,169,shorter+unresolved,0,0,1
Set_Post_Fitted_Font_Style_,494346,494427,81,52,5,494346,494427,25,matches,0,1,0
Print_Star_Name_To_Bitmap_,494427,494775,348,52,5,494427,494775,106,matches,0,0,0
Print_Star_Names_,494775,494905,130,52,5,494775,494905,40,matches,0,1,0
Redraw_Main_Screen_,494905,495169,264,52,4,494905,495169,50,matches+unresolved,0,0,2
Redraw_Main_Screen_Without_Boxes_,495169,495194,25,52,4,495169,495194,5,matches,1,0,0
Restore_Hotseat_Map_Info_,495194,495453,259,52,4,495194,495209,3,shorter+unresolved,0,0,1
Save_Hotseat_Map_Info_,495453,495581,128,52,4,495453,495476,5,shorter+unresolved,0,0,1
Scan_Fleet_Movement_Box_Fields_,495581,495855,274,52,5,495581,495855,84,matches,0,0,0
Scan_Galaxy_Map_Fields_,495855,496003,148,52,4,495855,496003,38,matches+unresolved,0,0,2
Scan_Moveable_Box_Fields_,496003,497319,1316,52,5,496003,496026,9,shorter+unresolved,0,0,1
Scan_Ships_XY_,497319,497612,293,52,5,469691,497612,34,matches+unresolved,0,1,1
Scan_Stars_XY_,497612,498091,479,52,5,497612,498091,99,matches+unresolved,0,0,3
Scan_System_Display_Fields_,498091,499193,1102,52,4,498091,499193,292,matches+unresolved,0,0,2
Scroll_Map_,499193,499594,401,52,5,499193,499567,89,shorter+unresolved,0,0,3
Clear_Main_Screen_Fields_,499594,499895,301,52,4,499594,499603,3,shorter+unresolved,0,0,1
Set_Main_Screen_Fields_To_Null_,499594,499895,301,52,5,499594,499603,3,shorter+unresolved,0,0,1
Set_Painted_Fleet_Fields_,499895,500057,162,52,5,499895,500057,29,matches+unresolved,0,1,1
Set_Reload_Fleet_Box_Palette_Flag_,500057,500074,17,52,4,500057,500072,3,shorter+unresolved,0,0,1
Ship_Can_Be_Selected_,500074,500104,30,52,4,500074,500104,9,matches,0,0,0
Star_On_Screen_,500104,500164,60,52,4,500104,500164,25,matches,0,0,0
Exit_Zooming_Mode_,500164,500246,82,52,5,500164,500214,12,shorter,0,0,0
Toggle_Game_Option_,500246,500711,465,52,5,500246,500711,150,matches,0,0,0
Get_Star_Name_Info_,500711,500932,221,52,4,500711,500797,23,shorter+unresolved,0,0,1
Update_Ship_Icons_In_Between_Turns_,500932,500995,63,52,4,500932,500995,22,matches,0,0,0
Update_Star_Owners_,500995,501048,53,52,4,500995,501048,20,matches,0,0,0
Zoom_Box_Height_,501048,501064,16,52,4,501048,501064,8,matches,0,0,0
Zoom_Box_Width_,501064,501074,10,52,4,501064,501074,4,matches,0,1,0
Set_Player_Cheated_Flag_,501074,501105,31,52,4,501074,501095,5,shorter+unresolved,0,0,1
Warn_About_Cheating_Players_,501105,501442,337,52,5,501105,501436,27,shorter+unresolved,0,0,2
Fade_Into_Main_Screen_,501442,501756,314,52,4,501442,501736,74,shorter,0,0,0
Get_Research_Unit_String_,501756,501835,79,52,5,501756,501819,22,shorter,0,0,0
Begin_Of_Turn_,501835,502138,303,53,5,501835,501857,8,shorter+unresolved,0,0,1
Building_Outposts_In_Main_Screen_,502138,502595,457,53,4,502138,502154,7,shorter+unresolved,0,0,1
Check_Fleet_Movement_Box_Status_,502595,502637,42,53,5,502595,502637,10,matches,0,0,0
Distance_Between_Stars_Screen_,502637,503170,533,53,4,502637,502799,42,shorter+unresolved,0,0,1
Do_Begin_Of_Turn_,503170,503630,460,53,5,503170,503630,36,matches+unresolved,0,1,1
Draw_Main_Screen_For_Star_Distances_,503630,504187,557,53,5,503630,504187,49,matches+unresolved,0,1,1
Main_Screen_Report_Handler_,504187,504542,355,53,5,504187,504542,67,matches+unresolved,0,0,1
Planet_Colonization_In_Main_Screen_,504542,505036,494,53,4,504542,504558,7,shorter+unresolved,0,0,1
Redraw_Main_Screen_After_Popups_,505036,505061,25,53,5,504541,505061,7,matches,1,0,0
Restore_Fleet_Box_Palette_,505061,505113,52,53,5,505061,505098,9,shorter+unresolved,0,0,1
Scrap_Freighters_,505113,505765,652,53,4,505113,505765,55,matches+unresolved,0,1,2
Unloading_Transports_In_Main_Screen_,505765,506198,433,53,4,505765,505780,6,shorter+unresolved,0,0,1
Reports_Screen_,506198,506553,355,53,4,506198,506215,5,shorter+unresolved,0,0,1
Show_Command_Points_Screen_,506553,506704,151,53,4,506553,506681,34,shorter,0,0,0
Assert_Class_To_Group_,506704,506705,1,54,4,506704,506705,1,matches,0,0,0
Assign_Marooned_Heroes_,506705,506882,177,54,4,506705,506882,59,matches,1,0,0
Write_Map_Gen_Data_,506882,506883,1,54,4,506882,506883,1,matches,0,0,0
Clear_Planets_In_Star_Structure_,506883,506937,54,54,4,506883,506937,22,matches,0,0,0
Enforce_Planet_Max_,506937,507469,532,54,4,506876,507469,166,matches,1,1,0
Gas_Giants_,507469,507563,94,54,4,507469,507563,35,matches,0,1,0
Generate_Climate_,507563,507811,248,54,4,507563,507811,84,matches,0,1,0
Generate_Food_Per_Farmer_,507811,507872,61,54,4,507811,507872,21,matches,0,0,0
Generate_Gravity_Class_,507872,507934,62,54,4,507872,507934,24,matches,0,0,0
Generate_Max_Farms_,507934,507995,61,54,4,507934,507995,21,matches,0,0,0
Generate_Mineral_Class_,507995,508057,62,54,4,507995,508057,23,matches,0,0,0
Generate_Nebulas_,508057,509139,1082,54,4,508057,508296,43,shorter+unresolved,0,0,1
Generate_Number_Of_Nebulas_,509139,509223,84,54,4,509139,509223,21,matches,0,0,0
Generate_Number_Of_Satellites_,509223,509287,64,54,4,509223,509287,24,matches+unresolved,0,0,1
Generate_Orbit_,509287,509399,112,54,4,509287,509399,42,matches,0,1,0
Generate_Satellite_,509399,509632,233,54,4,509399,509632,60,matches,0,0,0
Set_Secondary_Planet_Data_,509632,509694,62,54,4,509632,509694,23,matches,0,0,0
Generate_Satellite_Type_,509694,509905,211,54,4,509694,509905,54,matches+unresolved,0,0,2
Generate_Size_,509905,509959,54,54,5,509905,509959,18,matches+unresolved,0,0,1
Generate_Spectral_Class_,509959,510016,57,54,4,509959,510016,19,matches,0,1,0
Get_A_Planet_Or_Star_Special_,510016,510867,851,54,4,510016,510867,233,matches+unresolved,0,0,1
Generate_Star_Special_,510867,510997,130,54,4,510867,510898,9,shorter+unresolved,0,0,1
Generate_Wormhole_Links_,510997,511234,237,54,4,510997,511218,26,shorter+unresolved,0,0,1
Get_Climate_Modifier_,511234,511296,62,54,4,511234,511296,24,matches,0,0,0
Get_Minerals_Extracted_,511296,511317,21,54,4,511296,511317,10,matches,0,0,0
Get_Planet_Group_,511317,511401,84,54,4,511317,511361,11,shorter+unresolved,0,0,1
Get_Random_Orbit_,511401,511506,105,54,4,511401,511506,41,matches,0,0,0
Get_Valid_Orbit_,511506,511660,154,54,4,511506,511660,52,matches,0,2,0
Home_Planet_,511660,511753,93,54,4,511660,511737,26,shorter,0,1,0
Init_Main_Screen_,511753,511833,80,54,4,511753,511999,7,extends+unresolved,0,3,1
Nebula_Data_Test_,511833,511999,166,54,4,511833,511834,1,shorter,0,0,0
Set_Star_XYs_,511999,513085,1086,54,5,511999,513085,326,matches,0,2,0
Star_XY_Invalid_,513085,513538,453,54,5,513085,513538,144,matches,0,0,0
Randomize_Star_Names_,513538,513629,91,54,4,513538,513629,33,matches,0,1,0
Set_Black_Hole_Visited_Flags_,513629,513671,42,54,4,513629,513671,17,matches,0,0,0
Set_Default_Nebula_Data_,513671,513750,79,54,4,513671,513750,28,matches,0,1,0
Set_Wormhole_Id_,513750,514209,459,54,4,513750,514209,153,matches,0,0,0
Black_Hole_Fix_,514209,514567,358,54,5,514209,514567,120,matches,0,1,0
Load_Nebula_Pictures_,514567,514792,225,54,4,514567,514760,10,shorter+unresolved,0,0,1
Universe_Generation_,514792,516735,1943,54,4,514792,514945,43,shorter+unresolved,0,0,1
Write_Other_Mapgen_Stuff_,516735,516736,1,54,4,516735,516736,1,matches,0,0,0
Planet_Generation_,516736,516868,132,54,5,516736,516868,44,matches,0,0,0
N_Empty_Stars_,516868,516929,61,54,4,516868,516929,23,matches,0,0,0
Build_Min_Point_Distances_,516929,517265,336,54,5,516929,517265,56,matches+unresolved,0,0,3
Get_Star_Name_,517265,517344,79,54,5,517265,517315,22,shorter,0,0,0
Font_Colors_,517344,517573,229,55,4,517344,517573,63,matches,0,0,0
Font_Colors2_,517573,517854,281,55,4,517573,517854,77,matches,0,0,0
Get_Comma_String_,517854,518178,324,55,4,517854,518154,112,shorter,0,0,0
Min_Font_Colors_,518178,518477,299,55,4,517845,518477,76,matches,0,3,0
Bit_Value_To_Num_,518477,518541,64,55,4,518477,518541,33,matches,0,0,0
Box_Clipping_Window_,518541,518635,94,55,4,518541,518635,28,matches,0,0,0
CHECK_PARAM_DRAW_,518635,518768,133,55,4,518635,518768,49,matches,0,0,0
CHECK_PARAM_PRINT_,518768,518920,152,55,4,518768,518920,53,matches,0,2,0
CHECK_PARAM_PRINT_INTEGER_,518920,519099,179,55,4,518920,519099,63,matches,0,0,0
Change_Font_Style_,519099,519166,67,55,4,519099,519166,22,matches,0,1,0
Decrease_Font_Color_Range_,519166,519280,114,55,4,519166,519280,45,matches,0,0,0
Diagonal_Line_Fill_,519280,520161,881,55,4,519280,520161,267,matches,0,0,0
Draw_Advancing_Fill_Message_,520161,520277,116,55,4,520161,520277,41,matches,0,0,0
Draw_Darkened_Box_,520277,520381,104,55,4,520277,520381,45,matches,0,1,0
Draw_Highlight_Box_,520381,520644,263,55,4,520381,520644,94,matches,0,1,0
Fade_Into_Screen_,520644,520814,170,55,4,520644,520814,43,matches,0,0,0
Fade_To_Black_,520814,520857,43,55,4,520814,520857,16,matches,0,0,0
Fade_To_Palette_,520857,520924,67,55,4,520857,520924,24,matches,0,0,0
Fill_Bitmap_,520924,521000,76,55,4,520924,521000,33,matches,0,0,0
Fill_Bitmap_Unbounded_,521000,521113,113,55,4,521000,521113,45,matches,0,1,0
Get_Advancing_Bitmap_String_Range_,521113,521402,289,55,5,521113,521402,103,matches,0,0,0
Get_Bitmap_Dimensions_,521402,521418,16,55,4,521402,521418,7,matches,0,0,0
Get_Bitmap_String_Range_,521418,521544,126,55,4,521418,521544,50,matches,0,0,0
Get_File_Name_,521544,521765,221,55,4,521544,521765,86,matches,0,0,0
Get_Font_Colors_,521765,521797,32,55,4,521765,521797,16,matches,0,0,0
Get_Font_Spacing_,521797,521804,7,55,4,521797,521804,2,matches,0,0,0
Get_Font_Style_,521804,521811,7,55,4,521804,521811,2,matches,0,0,0
Get_Furthest_Endpoint_,521811,521951,140,55,4,521811,521951,52,matches,0,1,0
Get_LBX_Message_,521951,521976,25,55,4,521951,521976,16,matches,0,0,0
Get_Mox_Font_Colors_,521976,522006,30,55,4,521976,522006,15,matches,0,0,0
Get_Mox_Min_Font_Colors_,522006,522029,23,55,4,522006,522029,9,matches,0,1,0
Get_Time_Stamp_,522029,522093,64,55,4,522029,522093,22,matches,0,0,0
Get_Time_Stamp_Int_,522093,522199,106,55,4,522093,522199,32,matches,0,1,0
HCLS_,522199,522207,8,55,4,522199,522207,4,matches,0,1,0
Increase_Font_Color_Range_,522207,522325,118,55,4,522207,522325,39,matches,0,1,0
Increment_Mouse_Clock_Image_,522325,522385,60,55,4,522325,522385,17,matches,0,0,0
Is_First_Letter_A_Vowel_,522385,522460,75,55,4,522385,522460,41,matches,0,0,0
Is_Vowel_,522460,522576,116,55,4,522460,522576,57,matches,0,0,0
Move_Range_,522576,522650,74,55,4,522576,522650,30,matches,0,0,0
Next_File_Name_,522650,522959,309,55,4,522650,522959,127,matches,0,1,0
Next_Multiple_,522959,522998,39,55,4,522959,522998,24,matches,0,0,0
Occluded_,522998,523109,111,55,4,522998,523109,40,matches,0,0,0
Ratio_Value_,523109,523129,20,55,4,523109,523129,9,matches,0,0,0
Read_Data_File_,523129,523247,118,55,4,523129,523247,44,matches,0,1,0
Remove_Chars_,523247,523394,147,55,4,523247,523394,62,matches,0,1,0
Replace_Bitmap_Colors_,523394,523553,159,55,4,523394,523553,62,matches,0,0,0
Replace_Char_,523553,523606,53,55,4,523553,523606,29,matches,0,0,0
Restore_Window_Status_,523606,523633,27,55,4,523606,523633,11,matches,0,0,0
Save_Window_Status_,523633,523652,19,55,4,523633,523652,7,matches,0,0,0
Scale_,523652,523681,29,55,4,523652,523681,15,matches,0,0,0
Set_Fitted_Font_Style_,523681,523786,105,55,4,523681,523786,33,matches,0,1,0
Set_Font_Colors_,523786,523822,36,55,4,523786,523822,16,matches,0,0,0
Set_Font_Default_Spacing_,523822,523844,22,55,4,523822,523836,2,shorter+unresolved,0,0,1
Stat_Pct_,523844,523877,33,55,4,523844,523877,16,matches,0,0,0
Substring_,523877,523912,35,55,4,523877,523912,21,matches,0,0,0
Swap_Bitmap_Colors_,523912,524040,128,55,4,523912,524040,50,matches,0,1,0
Tint_Bitmap_Colors_,524040,524158,118,55,4,524040,524158,44,matches,0,1,0
Tint_Bitmap_Colors_In_Range_,524158,524280,122,55,4,524158,524280,45,matches,0,1,0
Valid_Star_Index_,524280,524294,14,55,4,524280,524294,4,matches,0,0,0
_Darken_Fill_,524294,524385,91,55,4,524294,524301,1,shorter+unresolved,0,0,1
_Print_Centered_,524385,524425,40,55,4,524385,524425,19,matches,0,0,0
_Print_Centered_Shadow_Down_,524425,524466,41,55,4,524425,524466,19,matches,0,0,0
_Print_Right_Shadow_Down_,524466,524494,28,55,4,524466,524494,11,matches,0,0,0
_Print_Shadow_Down_,524494,524676,182,55,4,524494,524676,63,matches,0,0,0
_Tri_Interlaced_Fill_,524676,524859,183,55,4,524676,524695,7,shorter+unresolved,0,0,1
Add_Galaxy_Map_Fields_2_,524859,525169,310,56,4,524859,524906,19,shorter+unresolved,0,0,1
Add_Galaxy_Map_Fields_,525169,525360,191,56,4,525169,525360,65,matches,0,0,0
Add_Moveable_Box_Fields_,525360,525565,205,56,4,525360,525402,12,shorter+unresolved,0,0,1
Add_Resource_Box_Fields_,525565,525752,187,56,4,525565,525716,42,shorter+unresolved,0,0,1
Add_Whole_Window_Field_,525752,525829,77,56,4,525752,525829,29,matches,0,0,0
Box_Field_Selected_,525829,525912,83,56,4,525829,525912,25,matches,0,0,0
Box_Fleet_Screen_Scanned_Ship_,525912,525967,55,56,5,525912,525967,15,matches,0,0,0
Box_Fleet_Screen_Scanned_Star_,525967,526090,123,56,4,525967,526090,43,matches,0,0,0
Box_Officer_Screen_Chosen_Star_,526090,526286,196,56,5,526090,526286,54,matches+unresolved,0,0,1
Box_Officer_Screen_Scanned_Star_,526286,526387,101,56,5,526286,526387,32,matches,0,1,0
Box_Order_,526387,526443,56,56,4,526387,526443,21,matches+unresolved,0,0,1
Clear_Moveable_Box_Fields_,526443,526661,218,56,4,526443,526458,6,shorter+unresolved,0,0,1
Display_Moveable_Box_Info_,526661,526767,106,56,4,526661,526688,11,shorter+unresolved,0,0,1
Do_Fleet_Screen_Stuff_,526767,526842,75,56,5,526767,526842,24,matches,0,0,0
Do_Officer_Screen_Stuff_,526842,527439,597,56,5,526842,527439,153,matches+unresolved,0,0,1
Draw_Galaxy_Map_Box_,527439,528537,1098,56,4,525163,528537,244,matches+unresolved,0,2,3
Draw_Moveable_Box_,528537,528721,184,56,4,528537,528561,8,shorter+unresolved,0,0,1
Get_Galaxy_Map_Space_XY_,528721,528853,132,56,4,528721,528853,45,matches,0,0,0
Get_Galaxy_Map_Star_XY_,528853,529036,183,56,4,528853,529036,65,matches,0,1,0
Move_Box_To_Top_,529036,529225,189,56,4,529036,529104,19,shorter+unresolved,0,0,2
Move_Moveable_Box_,529225,530294,1069,56,4,529225,529934,55,shorter+unresolved,0,0,4
Moveable_Box_Dimensions_,530294,530397,103,56,4,530294,530397,32,matches,0,0,0
Moveable_Box_Occluded_,530397,530645,248,56,4,530397,530645,22,matches+unresolved,0,1,1
Moveable_Box_Selected_,530645,530676,31,56,4,530645,530666,5,shorter+unresolved,0,0,1
N_Moveable_Boxes_Selected_,530676,530717,41,56,4,530676,530717,21,matches,0,0,0
Restore_Boxes_,530717,530841,124,56,4,530717,530841,37,matches+unresolved,0,0,1
Box_Was_Open_,530841,530851,10,56,4,530841,530851,3,matches,1,0,0
Remove_Box_Check_,530851,530852,1,56,4,530851,530852,1,matches,0,0,0
Save_And_Remove_Boxes_,530852,531008,156,56,4,530852,530882,10,shorter+unresolved,0,0,1
Vanish_Fleet_Movement_Box_,531008,531132,124,56,4,531008,531058,14,shorter+unresolved,0,0,2
Vanish_System_Display_Box_,531132,531211,79,56,4,531132,531160,8,shorter+unresolved,0,0,1
Mouse_Within_Fleet_Box_,531211,531337,126,56,4,531211,531337,40,matches,0,1,0
Draw_Input_Box_Popup_,531337,531380,43,57,5,531337,531344,1,shorter+unresolved,0,0,1
Remapped_Input_Box_Popup_,531380,531412,32,57,4,531380,531412,14,matches,0,0,0
Setup_Input_Box_Popup_,531412,532244,832,57,5,531412,531716,72,shorter+unresolved,0,0,1
Input_Box_Popup_,532244,533034,790,57,4,532244,532514,83,shorter+unresolved,0,0,1
Can_Change_Star_Name_,533034,533121,87,57,4,533034,533121,37,matches,0,0,0
Change_Star_Name_Popup_,533121,533154,33,57,4,533121,533154,12,matches,0,0,0
Change_Home_Star_Name_Popup_,533154,533186,32,57,4,533154,533186,12,matches,0,0,0
Do_Change_Star_Name_,533186,533438,252,57,5,533186,533438,92,matches,0,0,0
Star_Name_Popup_Screen_Center_X_,533438,533444,6,57,4,533438,533444,2,matches,0,0,0
Star_Name_Popup_Screen_Center_Y_,533444,533450,6,57,4,533444,533450,2,matches,0,0,0
Star_Name_Popup_Map_Center_X_,533450,533456,6,57,4,533450,533456,2,matches,0,0,0
Star_Name_Popup_Map_Center_Y_,533456,533462,6,57,4,533456,533462,2,matches,0,0,0
Star_Name_Popup_Main_X_,533462,533533,71,57,4,533462,533533,27,matches,0,0,0
Star_Name_Popup_Main_Y_,533533,533591,58,57,4,533533,533591,18,matches,0,1,0
Max_Pixel_Width_Star_Name_Can_Be_,533591,533934,343,57,4,532237,533922,124,shorter,0,1,0
Load_Officer_Picture_,533934,534041,107,58,4,533934,534041,33,matches,0,0,0
Load_Darkened_Officer_Picture_,534041,534094,53,58,5,534041,534094,13,matches,2,0,0
Add_Officer_Screen_Fields_,534094,535186,1092,58,5,534094,534166,17,shorter+unresolved,0,0,1
Add_Skill_Description_Help_Fields_,535186,535589,403,58,5,535186,535589,128,matches,0,0,0
Already_Hired_Message_,535589,535687,98,58,5,535589,535687,35,matches,0,0,0
Assert_Marooned_Leaders_,535687,535800,113,58,4,535687,535800,44,matches,0,0,0
Not_Enough_BCs_Message_,535800,535922,122,58,5,535800,535922,40,matches,0,0,0
Ask_For_Hire_,535922,536178,256,58,5,535922,536178,72,matches,0,1,0
Build_Captain_Id_List_,536178,536401,223,58,4,536178,536401,73,matches,0,0,0
Captain_And_Ship_Icon_Selected_,536401,536458,57,58,4,536401,536458,15,matches,0,0,0
Check_For_Colony_Calculation_Update_,536458,536538,80,58,5,536458,536538,30,matches,0,0,0
Check_For_Officer_Level_,536538,536606,68,58,4,536538,536606,26,matches,0,0,0
Check_Officer_Fields_,536606,537586,980,58,5,536606,537586,49,matches+unresolved,0,0,1
Deassign_Officer_,537586,537807,221,58,4,537586,537807,68,matches,0,0,0
Decrement_Officer_ETA_,537807,537896,89,58,4,537807,537896,34,matches,0,0,0
Deselect_Offpop_Icons_,537896,537936,40,58,4,537896,537928,7,shorter+unresolved,0,0,1
Draw_Officer_Screen_,537936,539166,1230,58,4,537936,539166,311,matches+unresolved,0,1,2
Draw_Officer_Screen_To_Back_,539166,539493,327,58,5,539166,539471,87,shorter+unresolved,0,0,1
Draw_Offscrn_Colony_Window_,539493,539519,26,58,5,539493,539519,9,matches,0,0,0
Draw_Offscrn_Fleet_Ship_Window_,539519,539539,20,58,5,539519,539539,6,matches,0,1,0
Draw_Skill_Icon_,539539,539568,29,58,5,539539,539568,10,matches,0,0,0
Fade_Into_Leaders_Screen_,539568,539753,185,58,5,539568,539753,41,matches+unresolved,0,0,1
Fleet_Screen_Icon_Ship_Id_,539753,539827,74,58,4,539753,539827,26,matches,0,1,0
Get_Advanced_Government_Tech_,539827,539914,87,58,4,539827,539898,31,shorter,0,0,0
Get_Advanced_Government_Type_,539914,539979,65,58,4,539914,539935,6,shorter+unresolved,0,0,1
Get_Officer_Base_Level_,539979,540046,67,58,5,539979,540046,24,matches,0,0,0
Get_Officer_Costs_,540046,540151,105,58,4,540046,540151,33,matches,0,0,0
Get_Officer_Pictures_,540151,540338,187,58,5,540151,540338,53,matches,0,1,0
Get_Random_Skills_,540338,540683,345,58,4,540338,540683,80,matches+unresolved,0,1,1
Get_Research_Cost_Skill_Value_,540683,540715,32,58,5,540683,540715,10,matches,0,0,0
Get_Skill_Data_Max_Pixel_Width_,540715,540971,256,58,5,540715,540760,17,shorter+unresolved,0,0,1
Hire_Officer_,540971,541115,144,58,5,540971,541115,47,matches+unresolved,0,0,1
Is_Fleet_Officer_Screen_,541115,541126,11,58,4,541115,541126,3,matches,0,0,0
Kill_Officer_,541126,541268,142,58,4,541126,541268,44,matches,0,0,0
Leader_Can_Be_Assigned_,541268,541307,39,58,5,541268,541307,17,matches,0,0,0
Leaders_In_Hiring_Pool_,541307,541437,130,58,5,541307,541437,49,matches,0,0,0
Load_Officer_Skill_Name_Descriptions_,541437,541558,121,58,5,541437,541558,37,matches,0,1,0
Move_From_Limbo_To_Pool_,541558,541600,42,58,4,541558,541600,17,matches,0,0,0
Move_Officer_To_Limbo_,541600,541859,259,58,5,541600,541859,73,matches,0,2,0
Move_Officer_To_Pool_,541859,542012,153,58,4,541859,542012,50,matches,0,0,0
Change_Screen_Type_,542012,542316,304,58,5,542012,542024,5,shorter+unresolved,0,0,1
Officer_Exp_,542316,542333,17,58,4,542316,542333,5,matches,0,0,0
Officer_Has_General_Skill_,542333,542366,33,58,4,542333,542366,10,matches,0,0,0
Officer_Has_Special_Skill_,542366,542391,25,58,4,542366,542391,8,matches,0,1,0
Officer_Skill_Value_,542391,542839,448,58,4,542391,542727,89,shorter+unresolved,0,0,2
One_Leader_With_Galactic_Lore_,542839,542863,24,58,4,542839,542863,7,matches,0,0,0
Bonus_For_Famous_Heroes_,542863,543017,154,58,5,542863,543017,50,matches,0,1,0
Officer_Level_,543017,543057,40,58,4,543017,543057,16,matches,0,0,0
Owned_Officer_Level_,543057,543143,86,58,4,543057,543143,30,matches+unresolved,0,0,1
Officer_Made_Level_Report_,543143,543389,246,58,4,543143,543389,77,matches,0,0,0
Officer_Maintenance_,543389,543510,121,58,4,543389,543510,54,matches,0,0,0
Officer_Screen_Text_Box_,543510,543546,36,58,5,543509,543546,8,matches,1,0,0
Officer_Screen_User_Box_,543546,543666,120,58,5,543546,543666,35,matches,0,0,0
Officer_Skill_Bonus_,543666,543773,107,58,4,543666,543773,38,matches,0,0,0
Officers_Screen_,543773,546530,2757,58,4,543773,543865,21,shorter+unresolved,0,0,1
Print_ETA_On_Officer_Picture_,546530,546787,257,58,4,546530,546787,92,matches,0,0,0
Print_Galmap_Scanned_Ship_,546787,547754,967,58,4,546787,546888,27,shorter+unresolved,0,0,1
Print_Officer_Data_,547754,549741,1987,58,4,547754,547859,30,shorter+unresolved,0,0,1
Print_Officer_Skill_Help_,549741,550075,334,58,4,549741,549920,59,shorter+unresolved,0,0,1
Print_Scanned_Ship_Name_,550075,550350,275,58,5,550075,550350,86,matches,0,1,0
Random_Skill_,550350,550711,361,58,4,550350,550711,130,matches,0,0,0
Random_Skill2_,550711,551121,410,58,4,550711,551121,128,matches,0,1,0
Reload_Officer_Screen_Pictures_,551121,552165,1044,58,5,551121,552165,231,matches,0,1,0
Reload_Officer_Skill_Icons_,552165,552219,54,58,4,552165,552219,20,matches,0,1,0
Reload_Offscrn_Galaxy_Stars_,552219,552274,55,58,5,552219,552274,22,matches,0,0,0
Reload_Offscrn_Small_Ship_Icons_,552274,552459,185,58,5,552274,552459,47,matches,0,1,0
Restore_Officer_Structure_,552459,552487,28,58,4,552459,552487,13,matches,0,0,0
Save_Officer_Structure_,552487,552509,22,58,4,552487,552509,7,matches,0,1,0
Save_Officers_Original_Colony_Id_,552509,552553,44,58,5,552509,552553,18,matches,0,0,0
Save_Officers_Original_Ship_Id_,552553,552597,44,58,5,552553,552597,18,matches,0,0,0
Scan_Officer_Fields_,552597,553025,428,58,5,552597,553025,139,matches,0,0,0
Scan_Offscrn_Big_Icon_Fields_,553025,553302,277,58,4,553025,553046,7,shorter+unresolved,0,0,1
Initialize_Scroll_Bar_,553302,553359,57,58,5,553302,553359,20,matches,0,0,0
Set_Officer_To_Player_,553359,553607,248,58,4,553359,553607,83,matches,0,0,0
Ships_In_Same_Place_,553607,553668,61,58,4,553607,553668,21,matches,0,0,0
Skill_Bonus_,553668,553710,42,58,4,553668,553710,18,matches,0,0,0
Wrapper_For_Colony_Officer_Popup_Data_,553710,553790,80,58,4,553710,553790,32,matches,0,0,0
Wrapper_For_Officer_Popup_Help_Fields_,553790,553932,142,58,4,541109,553932,49,matches,0,1,0
Wrapper_For_Offscrn_Data_,553932,553984,52,58,5,553932,553984,23,matches,0,0,0
Wrapper_For_Offscrn_Help_Fields_,553984,554104,120,58,5,553984,554104,33,matches+unresolved,0,1,1
Wrapper_For_Offscrn_System_Fields_,554104,554150,46,58,5,554104,554150,22,matches,0,0,0
Wrapper_For_Offscrn_System_Popup_,554150,554281,131,58,5,554150,554281,40,matches,0,1,0
Wrapper_To_Add_Officer_Popup_Help_Fields_,554281,554341,60,58,4,554281,554341,22,matches,0,0,0
Officer_Name_,554341,554376,35,58,4,554341,554376,21,matches,0,0,0
Leader_Name_,554376,554815,439,58,4,554376,554815,161,matches,0,0,0
Officer_Status_Ok_,554815,554860,45,58,4,554815,554860,19,matches,0,0,0
N_Fleet_Officers_Owned_By_Player_,554860,554927,67,58,4,554860,554927,27,matches,0,1,0
N_Star_Officers_Owned_By_Player_,554927,555001,74,58,4,554927,555001,29,matches,0,1,0
Hero_Slot_Open_,555001,555037,36,58,4,555001,555037,16,matches,0,0,0
Chance_To_Hire_Hero_,555037,555424,387,58,4,555037,555119,25,shorter+unresolved,0,1,1
Increase_Officer_Level_By_One_,555424,555561,137,58,4,542720,555561,47,matches+unresolved,0,1,1
Calculate_Officer_Cost_,555561,555565,4,58,4,555561,555565,2,matches,1,0,0
Officer_Cost_,555565,555622,57,58,4,541109,555622,58,matches,0,2,0
Random_Officer_Check_,555622,555732,110,58,4,536395,555732,42,matches,0,1,0
Generate_Random_Officer_,555732,555821,89,58,4,555732,555821,32,matches,0,0,0
Select_Leader_For_Hire_,555821,556077,256,58,5,555821,556077,80,matches,0,1,0
Leader_Available_For_Hire_,556077,556132,55,58,4,556077,556132,25,matches,0,0,0
Give_Officer_XP_,556132,556377,245,58,4,556132,556377,82,matches,0,0,0
Find_Selected_Leader_,556377,556941,564,58,5,556377,556941,65,matches+unresolved,0,1,1
Marooned_Hero_At_Star_Can_Join_,556941,557154,213,58,4,556941,557154,71,matches,0,0,0
Do_Hire_Officer_,557154,557275,121,58,5,557154,557275,39,matches,0,0,0
Give_Player_Loknar_Special_,557275,557521,246,58,4,557275,557521,61,matches+unresolved,0,0,1
Make_Loknar_Message_,557521,557698,177,58,5,557521,557698,86,matches,0,0,0
Rescued_Loknar_Popup_,557698,557750,52,58,4,557698,557750,13,matches+unresolved,0,0,1
Get_Random_Antaran_Tech_,557750,557923,173,58,5,553298,557847,29,shorter+unresolved,0,0,1
Get_Available_Antaran_Tech_,557923,558008,85,58,5,557923,558008,32,matches,0,0,0
Assign_Loknar_Ship_To_Player_,558008,558217,209,58,5,558008,558217,60,matches,0,1,0
Allocate_Adv_Civ_Game_Officers_,558217,558643,426,58,4,558217,558257,15,shorter+unresolved,0,0,1
Get_N_Skills_Per_Officer_Displayed_,558643,558892,249,58,5,558643,558892,80,matches,0,1,0
Set_Officer_Screen_Help_,558892,558961,69,58,5,558892,558961,24,matches,0,0,0
Dismiss_Officer_,558961,559099,138,58,5,558961,559099,41,matches,0,0,0
Assign_Captain_,559099,560163,1064,58,5,559099,560163,339,matches,0,1,0
Ai_Assign_Leader_To_Ship_,560163,560263,100,58,4,560163,560263,37,matches,0,0,0
Ai_Assign_Leader_To_Star_,560263,560363,100,58,4,560263,560363,37,matches,0,0,0
Assign_Leader_To_Star_,560363,560557,194,58,5,560363,560557,63,matches,0,0,0
Assign_Leader_To_Ship_,560557,560715,158,58,5,560557,560715,48,matches,0,0,0
Get_Ship_Leader_ETA_,560715,560962,247,58,5,560715,560962,79,matches,0,0,0
Get_Star_Leader_ETA_,560962,561134,172,58,5,560962,561134,55,matches,0,0,0
Leader_Cheat_Popup_,561134,561699,565,58,4,561134,561699,135,matches+unresolved,0,1,2
Give_Leader_Specials_To_Player_,561699,562011,312,58,5,541109,562005,98,shorter+unresolved,0,0,1
Best_Diplomat_Skill_Bonus_,562011,562179,168,58,4,562011,562159,48,shorter,0,1,0
Get_Skill_Description_LBX_Name_,562179,562243,64,58,5,562179,562243,24,matches,0,0,0
Officer_Is_Female_,562243,562285,42,58,5,562243,562285,16,matches,0,0,0
Get_Italian_The_,562285,562433,148,58,5,562285,562433,59,matches,0,0,0
_max_planet_flags,562433,562466,33,59,5,562433,562442,5,shorter+unresolved,0,0,1
Set_Auto_Colonize_Flag_,562466,562477,11,59,5,562466,562477,3,matches,0,0,0
Colony_Ship_Auto_Colonization_,562477,562495,18,59,4,562477,562495,6,matches,0,0,0
Add_Colony_Ship_Icon_Field_,562495,562571,76,59,5,562495,562571,33,matches,0,0,0
Add_Outpost_Ship_Icon_Field_,562571,562641,70,59,5,562571,562641,26,matches,0,0,0
Add_Plntsum_Fields_,562641,563547,906,59,5,562641,563322,175,shorter+unresolved,0,0,1
Absolute_Distance_,563547,563585,38,59,4,563547,563585,12,matches,0,0,0
Add_Planet_Summary_Bar_Field_,563585,563647,62,59,5,563585,563647,20,matches,0,0,0
Add_PlntSum_Galaxy_Map_Fields_,563647,563823,176,59,5,563647,563823,60,matches,0,0,0
Allocate_Space_For_Summary_Screen_,563823,563962,139,59,5,563823,563962,33,matches,0,0,0
Build_Ship_Summary_,563962,564743,781,59,5,563962,563993,10,shorter+unresolved,0,0,1
Check_For_Colony_And_Outpost_Ships_,564743,565026,283,59,5,563816,565026,24,matches+unresolved,0,1,1
Clear_Planet_Explored_Flags_,565026,565048,22,59,5,565026,565048,9,matches,0,0,0
Player_Colors_,565048,565323,275,59,5,565048,565323,93,matches,0,0,0
Colony_Owner_Colors_,565323,565371,48,59,5,565323,565371,17,matches,0,0,0
Determine_Button_Status_,565371,565541,170,59,5,565371,565541,31,matches+unresolved,0,0,3
Draw_Rotating_Planets_,565541,565744,203,59,5,565541,565744,62,matches+unresolved,0,1,1
Fill_Summary_Screen_Scroll_Bar_,565744,565946,202,59,4,565744,565946,59,matches,0,1,0
Filter_Explored_Planets_,565946,566513,567,59,5,565946,566513,117,matches+unresolved,0,1,7
Get_Colony_Outpost_Marker_XY_,566513,566760,247,59,5,566513,566760,81,matches,0,0,0
Get_ETA_To_Star_,566760,566891,131,59,5,566760,566891,49,matches,0,0,0
Load_Planet_Segment_,566891,566944,53,59,5,566891,566944,17,matches,0,0,0
Load_Planet_Pictures_,566944,566985,41,59,5,566944,566985,18,matches,0,0,0
Load_Planet_Summary_Ship_Icon_,566985,567049,64,59,5,566985,567049,17,matches,0,0,0
Load_Planet_Summary_Pictures_,567049,567690,641,59,5,567049,567690,151,matches,0,0,0
Planet_Has_Adverse_Gravity_,567690,567724,34,59,5,567690,567724,12,matches,0,0,0
Planet_Has_Been_Visited_,567724,567778,54,59,5,567724,567778,17,matches,0,0,0
Planet_Has_Hostile_Environment_,567778,567800,22,59,5,567778,567800,8,matches,0,0,0
Planet_Has_Players_Colony_,567800,567854,54,59,5,567800,567854,16,matches,0,0,0
First_Planet_In_Summary_List_,567854,567939,85,59,5,567854,567939,32,matches,0,0,0
Planet_Summary_List_Id_,567939,568001,62,59,5,567932,568001,29,matches,0,1,0
Planet_In_Range_Of_A_Colony_,568001,568045,44,59,5,568001,568045,15,matches,0,0,0
Planet_Is_Enemy_Controlled_,568045,568300,255,59,5,568045,568300,55,matches+unresolved,0,0,1
Planet_Is_Mineral_Scarce_,568300,568333,33,59,5,568300,568333,15,matches,0,0,0
Planet_Is_Outpost_Planet_,568333,568375,42,59,5,568333,568375,16,matches,0,0,0
Planet_Summary_Id_,568375,568441,66,59,5,567932,568441,28,matches,0,1,0
Print_Colony_Outpost_Marker_,568441,569095,654,59,5,568441,569095,83,matches+unresolved,0,0,3
Productivity_Penalty_,569095,569202,107,59,5,569095,569202,43,matches,0,0,0
Reset_Ship_To_Star_Distances_,569202,569421,219,59,5,569202,569213,5,shorter+unresolved,0,0,1
Scan_Summary_Box_Fields_,569421,569985,564,59,5,569421,569985,102,matches+unresolved,0,0,3
Send_Colony_Button_Selectable_,569985,569991,6,59,5,569985,569991,2,matches,0,0,0
Nearest_Ship_Id_,569991,570055,64,59,5,569991,570006,4,shorter+unresolved,0,0,1
Send_Nearest_Ship_,570055,571371,1316,59,5,570055,570192,40,shorter+unresolved,0,0,1
Send_Outpost_Button_Selectable_,571371,571377,6,59,5,571371,571377,2,matches,0,0,0
Set_Colony_Ship_To_Star_Distances_,571377,571800,423,59,5,571377,571800,125,matches,0,1,0
Set_Outpost_Ship_To_Star_Distances_,571800,572224,424,59,5,571800,572224,125,matches,0,1,0
Set_Planet_Explored_Flags_,572224,572309,85,59,5,572224,572309,30,matches,0,0,0
Ship_Is_Not_Colonizing_,572309,572397,88,59,5,572309,572397,35,matches,0,0,0
Sort_Planet_Summary_,572397,572486,89,59,5,572397,572486,31,matches,0,0,0
Draw_Nearest_Ship_Directional_Line_,572486,573141,655,59,5,563816,573141,199,matches,0,1,0
Summary_Found_Colony_Ship_,573141,573176,35,59,5,573141,573176,16,matches,0,0,0
Summary_Found_Outpost_Ship_,573176,573212,36,59,5,573176,573212,16,matches,0,0,0
Summary_Planet_Index_,573212,573296,84,59,5,567932,573296,32,matches,0,1,0
Summary_Screen_Print_Data_,573296,574976,1680,59,5,573296,574976,31,matches+unresolved,0,1,1
Summary_Screen_Print_Scanned_,574976,575986,1010,59,5,574976,575019,14,shorter+unresolved,0,0,1
Summary_Ship_Index_,575986,576052,66,59,4,575986,576052,29,matches,0,0,0
Draw_Colony_Ship_Icon_,576052,576111,59,59,5,576052,576084,10,shorter+unresolved,0,0,1
Draw_Outpost_Ship_Icon_,576111,576160,49,59,5,576111,576129,5,shorter+unresolved,0,0,1
Wrapper_For_Planet_Summary_Galaxy_Map_,576160,576767,607,59,5,563816,576767,180,matches,0,1,0
qsort_by_climate_,576767,576780,13,59,5,576767,576780,5,matches,0,0,0
qsort_by_max_population_,576780,576791,11,59,5,576780,576791,5,matches,0,0,0
qsort_by_minerals_,576791,576804,13,59,5,576791,576804,5,matches,0,0,0
Undo_Send_Order_,576804,577448,644,59,5,576804,577448,85,matches+unresolved,0,0,2
Update_Ship_Etas_,577448,577734,286,59,5,577448,577734,80,matches,0,1,0
Draw_Mini_Planet_Summary_Screen_,577734,578130,396,59,4,577734,577744,4,shorter+unresolved,0,0,1
Draw_Planet_Summary_Screen_,577734,578130,396,59,5,577734,577744,4,shorter+unresolved,0,0,1
Planet_Summary_Screen_,578130,579562,1432,59,4,578130,578202,18,shorter+unresolved,0,0,1
Add_Hi_Score_Screen_Fields_,579562,579606,44,60,5,579562,579606,17,matches,0,0,0
Build_Captured_Colonists_Array_,579606,579916,310,60,5,579606,579715,30,shorter+unresolved,0,0,2
Build_Pop_Array_,579916,579959,43,60,5,579916,579959,17,matches,0,0,0
Calculate_Hi_Scores_,579959,580385,426,60,5,579959,580206,68,shorter+unresolved,0,0,1
Captured_Antares_,580385,580409,24,60,5,580385,580409,7,matches,0,0,0
Captured_Orion_,580409,580433,24,60,5,580409,580433,7,matches,0,0,0
Do_Calculate_Hi_Score_,580433,580502,69,60,4,580433,580502,19,matches,0,0,0
Draw_Antares_Score_,580502,580539,37,60,5,580502,580539,15,matches,0,0,0
Draw_Cap_Pop_,580539,580571,32,60,5,580539,580571,10,matches,0,0,0
Draw_Captured_Colonies_Score_,580571,580671,100,60,5,580571,580590,6,shorter+unresolved,0,0,1
Draw_Council_Score_,580671,580726,55,60,5,580671,580686,5,shorter+unresolved,0,0,1
Draw_Total_Score_,580726,581367,641,60,5,580726,581367,152,matches+unresolved,0,1,1
Draw_Eliminated_Race_Pictures_,581367,582012,645,60,5,579909,582012,51,matches+unresolved,0,1,1
Draw_Elimination_Score_,582012,582151,139,60,5,582012,582033,8,shorter+unresolved,0,0,1
Draw_Generic_Score_,582151,582266,115,60,5,582151,582266,37,matches,0,0,0
Draw_Hi_Score_Screen_,582266,582573,307,60,5,582266,582527,67,shorter+unresolved,0,0,1
Draw_Orion_Score_,582573,582609,36,60,5,582573,582609,11,matches,0,1,0
Draw_Pop_,582609,583169,560,60,5,582609,583163,152,shorter+unresolved,0,0,2
Draw_Population_Score_,583169,583242,73,60,5,583169,583242,20,matches,0,1,0
Draw_Reg_Pop_,583242,583268,26,60,5,583242,583268,7,matches,0,1,0
Draw_Technology_Score_,583268,583307,39,60,5,583268,583307,11,matches,0,1,0
Draw_Time_Score_,583307,583441,134,60,5,583307,583441,34,matches,0,1,0
Get_Antares_Score_,583441,583477,36,60,5,583441,583477,13,matches,0,0,0
Get_Captured_Colonist_Score_,583477,583533,56,60,5,583477,583533,18,matches,0,0,0
Get_Hall_Of_Fame_Colors_,583533,583616,83,60,5,583533,583616,22,matches,0,1,0
Get_Hi_Score_Colors_,583616,583756,140,60,5,583616,583756,40,matches,0,1,0
Get_Elimination_Score_,583756,583843,87,60,5,583756,583843,24,matches+unresolved,0,0,1
Get_Orion_Score_,583843,583879,36,60,5,583843,583879,13,matches,0,0,0
Get_Population_Score_,583879,583947,68,60,5,583879,583947,23,matches,0,1,0
Get_Technology_,583947,584051,104,60,5,583947,584034,26,shorter+unresolved,0,0,1
Get_Technology_Score_,584051,584083,32,60,5,584051,584083,14,matches,0,0,0
Get_Time_Score_,584083,584154,71,60,5,584083,584092,3,shorter+unresolved,0,0,1
Get_Total_Population_,584154,584215,61,60,5,584154,584215,26,matches,0,0,0
Get_Won_Council_Score_,584215,584251,36,60,5,584215,584251,13,matches,0,0,0
Hi_Score_Screen_,584251,584514,263,60,4,584251,584514,66,matches,0,0,0
Load_Hi_Score_Screen_,584514,584754,240,60,5,584514,584754,67,matches,0,0,0
Won_Council_Vote_,584754,584778,24,60,5,584754,584778,7,matches,0,0,0
Print_Score_String_,584778,585096,318,60,5,584778,585096,97,matches,0,0,0
Player_Score_,585096,585185,89,60,4,585096,585185,25,matches,0,0,0
Load_Hall_Of_Fame_Screen_,585185,585283,98,60,5,585185,585283,26,matches,0,0,0
Draw_Hall_Of_Fame_Screen_,585283,586374,1091,60,5,585283,585329,13,shorter+unresolved,0,0,1
Hall_Of_Fame_Screen_,586374,586823,449,60,4,586374,586823,130,matches+unresolved,0,1,2
qsort_hof_scores_descending_,586823,586874,51,60,5,586823,586874,25,matches,0,0,0
qsort_hof_scores_ascending_,586874,586925,51,60,5,586874,586925,25,matches,0,0,0
Read_HOF_File_,586925,587013,88,60,5,586925,587013,26,matches,0,2,0
Write_HOF_File_,587013,587071,58,60,5,587013,587071,21,matches,1,0,0
Write_Score_To_File_,587071,587072,1,60,4,587071,587072,1,matches,0,0,0
Create_Default_HOF_File_,587072,587538,466,60,5,587072,587130,16,shorter+unresolved,0,0,1
End_Of_Game_Hi_Score_,587538,588161,623,60,4,587538,588147,141,shorter+unresolved,0,0,3
Init_Hall_Of_Fame_Screen_,588161,588758,597,60,5,588161,588209,14,shorter+unresolved,0,0,1
HOF_Version_Number_,588758,588777,19,60,5,588758,588777,7,matches,0,0,0
Sort_HOF_Scores_,588777,588839,62,60,5,588777,588795,8,shorter+unresolved,0,0,1
Move_Sorted_HOF_Data_,588839,589040,201,60,5,588839,588946,34,shorter+unresolved,0,0,1
Set_Hi_Score_Pop_Icon_Ids_,589040,589622,582,60,5,589040,589622,163,matches+unresolved,0,1,1
Get_From_Tmp_Pop_,589622,589804,182,60,5,589622,589804,62,matches,0,0,0
ascending_qsort_uchar_,589804,589813,9,60,5,589804,589813,4,matches,0,0,0
Handle_Vertical_Scroll_Field_,589813,589888,75,61,4,589813,589888,29,matches,0,0,0
Get_Vertical_Scroll_Bar_First_Item_,589888,590065,177,61,4,589888,590065,72,matches,0,0,0
Get_Vertical_Scroll_Bar_Height_,590065,590117,52,61,4,590065,590117,23,matches,0,0,0
Set_Vertical_Scroll_Bar_Maxima_,590117,590173,56,61,4,590117,590173,27,matches,0,1,0
Scroll_Down_One_Item_,590173,590278,105,61,4,590173,590278,39,matches,0,0,0
Scroll_Up_One_Item_,590278,590374,96,61,4,590278,590374,35,matches,0,0,0
Draw_Generic_Vertical_Scroll_Bar_,590374,590597,223,61,4,590374,590597,80,matches,0,0,0
Build_Ship_Icons_,590597,591631,1034,62,4,590597,590742,36,shorter+unresolved,0,0,1
Draw_Ship_Icons_,591631,591816,185,62,4,591631,591816,55,matches,0,1,0
Set_Ship_Icon_XYs_,591816,591885,69,62,4,591816,591885,27,matches,0,0,0
Do_Ship_Destination_Lines_,591885,592344,459,62,4,591885,592344,123,matches,0,1,0
Add_Ship_Icon_Fields_,592344,592476,132,62,4,592344,592452,35,shorter,0,1,0
Get_Ship_Icon_Coords_,592476,592816,340,62,4,592476,592816,103,matches+unresolved,0,0,1
Get_XYs_For_Orbiting_Ships_,592816,593109,293,62,5,592816,593109,105,matches,0,0,0
Get_Ship_Icon_Coords_In_Space_,593109,593272,163,62,4,593109,593272,55,matches,0,0,0
Get_Ship_Icon_Pict_Seg_,593272,593706,434,62,4,593272,593706,121,matches,0,0,0
Get_Stack_Orbiting_Star_,593706,593832,126,62,4,593706,593832,18,matches+unresolved,0,0,1
Overlapped_Ship_Icon_Button_,593832,594263,431,62,4,593832,594263,117,matches+unresolved,0,0,1
Build_Ship_Id_List_,594263,594368,105,62,4,593700,594368,37,matches,0,0,0
Draw_Directional_Multi_Colored_Line_,594368,594585,217,62,4,594368,594585,74,matches,0,0,0
Draw_Ship_Destination_Line_,594585,594753,168,62,4,594585,594624,17,shorter+unresolved,0,0,1
Enemy_Ship_Heading_Toward_Our_Colony_,594753,594864,111,62,4,594753,594864,36,matches,0,0,0
Print_Eta_On_Ship_Icon_,594864,595029,165,62,4,594864,595029,53,matches,0,0,0
Load_Highlighted_Ship_Icon_Picture_,595029,595501,472,62,4,591624,595501,149,matches,0,2,0
qsort_ship_icon_,595501,595514,13,62,5,595501,595514,5,matches,0,0,0
Kill_Ship_,595514,595647,133,62,4,595514,595623,36,shorter,0,1,0
Build_Nonplayer_Ship_,595647,595810,163,62,4,595647,595810,60,matches,0,0,0
Set_Nonplayer_Ship_XY_,595810,596515,705,62,4,595810,596515,222,matches,0,0,0
Set_Nonplayer_Ship_Destination_,596515,596730,215,62,4,596515,596730,66,matches,0,0,0
Deploy_Ships_To_Attack_Antares_,596730,596878,148,62,4,596730,596774,11,shorter+unresolved,0,0,1
Reset_Ships_Attacking_Antares_,596878,596937,59,62,4,596878,596937,24,matches,0,0,0
Get_Ship_Icon_Dimensions_,596937,596980,43,62,4,596937,596980,16,matches,0,0,0
Clear_Auto_Colonization_Flag_,596980,597005,25,62,4,596980,597005,7,matches,0,0,0
Clear_All_Ships_Auto_Colonization_Flag_,597005,597070,65,62,4,597005,597070,25,matches,0,0,0
_flag_replacement_colors,597070,597108,38,63,5,597070,597107,16,shorter+unresolved,0,0,1
Add_System_Display_Popup_Fields_,597108,598030,922,63,4,597108,598030,132,matches+unresolved,0,0,3
Build_System_Popup_Ships_,598030,598221,191,63,5,598030,598221,57,matches,0,0,0
Clear_System_Display_Loaded_Flag_,598221,598252,31,63,4,598221,598252,11,matches,0,0,0
Clear_System_Display_Ship_Fields_,598252,598307,55,63,4,598252,598287,11,shorter+unresolved,0,0,1
Do_Print_Planet_Info_,598307,599779,1472,63,5,598307,599779,408,matches,0,0,0
Do_Print_System_Ship_Data_,599779,601105,1326,63,5,599779,599847,16,shorter+unresolved,0,0,1
Draw_Colony_Marker_,601105,601190,85,63,5,601105,601190,28,matches,0,0,0
Draw_Gate_Icons_,601190,601389,199,63,5,601190,601224,10,shorter+unresolved,0,0,1
Draw_Outpost_Marker_,601389,601468,79,63,5,601389,601468,22,matches,0,1,0
Draw_Planet_With_Pierced_Ring_,601468,602149,681,63,5,601468,602149,188,matches,0,0,0
Draw_Sun_Seg_,602149,602309,160,63,4,602149,602233,23,shorter+unresolved,0,0,1
Draw_System_Display_Border_,602309,602365,56,63,5,602309,602365,18,matches,0,1,0
Draw_System_Display_Planets_,602365,602586,221,63,5,602365,602586,64,matches,0,1,0
Draw_System_Display_Popup_,602586,604693,2107,63,4,602586,602642,16,shorter+unresolved,0,0,1
Draw_System_Highlight_,604693,605124,431,63,5,604693,605124,110,matches+unresolved,0,0,2
Draw_System_Ship_Icons_,605124,605482,358,63,5,605124,605482,41,matches+unresolved,0,1,1
Get_Gate_Icon_XY_,605482,605544,62,63,5,605482,605528,13,shorter+unresolved,0,0,1
Get_Planet_Info_Box_Dimensions_,605544,605572,28,63,5,605544,605572,15,matches,0,0,0
Get_Rotating_Planet_Segment_,605572,605757,185,63,4,605572,605757,56,matches+unresolved,0,0,1
Get_System_Display_Ship_Icon_XY_,605757,605948,191,63,5,605757,605803,14,shorter+unresolved,0,0,1
Get_System_Ship_Info_Box_Dimensions_,605948,605985,37,63,5,605948,605985,16,matches,0,0,0
Hide_System_Display_,605985,606182,197,63,5,605985,606000,5,shorter+unresolved,0,0,1
Init_System_Display_,606182,606286,104,63,4,606182,606286,25,matches+unresolved,0,0,1
Load_New_System_Display_,606286,607023,737,63,5,598214,607023,176,matches+unresolved,0,1,1
N_Ships_By_Type_At_Location_,607023,607270,247,63,4,607023,607270,70,matches,0,1,0
Need_To_Reload_System_Display_,607270,607386,116,63,5,607270,607386,50,matches,0,0,0
Global_Data_Seg_Ok_,607386,607484,98,63,5,607386,607484,40,matches,0,1,0
Ok_To_View_System_,607484,607551,67,63,4,607484,607551,29,matches,0,0,0
Potential_Colony_Info_Popup_,607551,608649,1098,63,4,607551,608633,395,shorter,0,1,0
Print_Gate_Info_,608649,609295,646,63,5,608649,608725,19,shorter+unresolved,0,0,1
Print_Planet_Info_,609295,609345,50,63,5,609295,609345,21,matches,0,0,0
Print_System_Display_Box_Title_,609345,609713,368,63,5,609345,609713,109,matches,0,1,0
Print_System_Ship_Data_,609713,609753,40,63,4,609713,609753,17,matches,0,0,0
Restore_Planet_Palette_Colors_,609753,609819,66,63,4,609753,609774,7,shorter+unresolved,0,0,1
Set_System_Display_Loaded_Flag_,609819,609939,120,63,5,609819,609939,40,matches,0,1,0
Ships_At_Location_String_,609939,610057,118,63,4,609939,610057,51,matches,0,0,0
Space_Monster_Here_,610057,610079,22,63,4,610057,610079,8,matches,0,0,0
Wrapper_For_Informational_System_Fields_,610079,610136,57,63,4,610079,610136,23,matches,0,0,0
Wrapper_For_Normal_System_Fields_,610136,610238,102,63,4,610136,610238,28,matches,0,1,0
Wrapper_For_Normal_System_Popup_,610238,610373,135,63,4,610238,610373,45,matches,0,0,0
qsort_sys_disp_,610373,610384,11,63,5,610373,610384,4,matches,0,0,0
Calculate_Remap_Gray_Palettes_,610384,610606,222,63,5,610384,610574,55,shorter,0,1,0
Remap_Draw_With_Mask_,610606,611292,686,63,5,610606,610632,8,shorter+unresolved,0,0,1
Remap_Draw_Animated_Sprite_Mask_,611292,611570,278,63,5,611288,611570,97,matches,0,0,0
Remap_Clipped_Draw_Animated_Sprite_Mask_,611570,612155,585,63,5,611288,612155,200,matches,0,0,0
Print_Empty_System_Data_,612155,612420,265,63,5,612155,612171,7,shorter+unresolved,0,0,1
Buffer_Reload_System_Ships_,612420,612558,138,63,5,612420,612558,41,matches,0,0,0
Print_Special_Building_Data_,612558,612769,211,63,5,612558,612629,24,shorter+unresolved,0,0,1
Draw_Help_Entry_,612769,614066,1297,64,4,612769,612800,11,shorter+unresolved,0,0,1
Text_Box_,614066,614076,10,64,4,614066,614076,5,matches,0,0,0
Timed_Text_Box_,614076,614079,3,64,4,614076,614079,1,matches,1,0,0
Do_Text_Box_,614079,614758,679,64,4,614079,614751,191,shorter+unresolved,0,0,1
Box_Centered_On_XY_,614758,615136,378,64,5,614758,614797,11,shorter+unresolved,0,0,1
Text_Box_Startup_,615136,615389,253,64,5,615136,615185,12,shorter+unresolved,0,0,1
Text_Box_Cleanup_,615389,615501,112,64,5,615389,615501,22,matches,1,0,0
Text_Box_Get_Input_,615501,615595,94,64,5,615501,615595,24,matches,1,0,0
Get_Mox_Text_Box_Base_Colors_,615595,615751,156,64,4,615595,615637,9,shorter+unresolved,0,0,3
Get_Help_Lbx_Name_,615751,616974,1223,64,4,615751,615819,29,shorter,0,0,0
Clear_Beam_SFX_Handles_,616974,617006,32,65,5,616974,616995,6,shorter+unresolved,0,0,1
Rob_Interpolate_Line_,617006,617365,359,65,4,617006,629421,141,extends,0,6,0
N_Frames_For_Last_Weapon_Fired_,617365,617372,7,65,5,617365,617372,2,matches,0,0,0
Draw_Generic_Beam_,617372,619330,1958,65,4,617372,619330,603,matches+unresolved,0,0,1
Get_Ship_Range_,619330,619364,34,65,4,619330,619364,17,matches,0,0,0
Draw_Ship_Burst_,619364,619447,83,65,4,619364,619447,27,matches,0,0,0
Draw_Ship_Explosion_,619447,619563,116,65,4,619447,619563,38,matches,0,1,0
Load_Beam_Sfx_,619563,619594,31,65,5,619563,619594,10,matches,0,0,0
Load_Ship_Burst_,619594,619717,123,65,5,619594,619717,41,matches,0,1,0
Load_Ship_Explosion_,619717,619800,83,65,5,619717,619800,29,matches,0,1,0
Load_Combat_Beam_Stuff_,619800,619906,106,65,4,619800,619906,30,matches,0,0,0
Load_Pallette_Fragments_,619906,619952,46,65,4,619906,619934,8,shorter+unresolved,0,0,1
Reset_Beam_Swapping_Colors_,619952,619971,19,65,4,619952,619960,2,shorter+unresolved,0,0,1
Add_Weapon_Palette_Fragment_To_Current_Palette_,619971,620060,89,65,4,619971,620060,35,matches,0,0,0
Fire_Weapon_,620060,622999,2939,65,5,620060,622999,592,matches+unresolved,0,0,1
Beam_SFX_,622999,626739,3740,65,4,622999,623175,42,shorter+unresolved,0,0,1
Draw_Fighter_Beam_,626739,627055,316,65,4,626739,627055,103,matches,0,2,0
Reset_Damage_Message_Queue_,627055,627065,10,65,5,627055,627062,1,shorter+unresolved,0,0,1
Add_Damage_Message_To_Queue_,627065,627176,111,65,4,627065,627078,5,shorter+unresolved,0,0,1
Squish_Out_Msg_Queue_Slot_,627176,627235,59,65,4,627176,627235,25,matches,0,0,0
Draw_Damage_Message_Queue_,627235,627354,119,65,4,627235,627354,27,matches+unresolved,0,1,1
Done_Drawing_Damage_Message_Queue_,627354,627366,12,65,4,627354,627361,1,shorter+unresolved,0,0,1
Draw_Damage_Indicator_,627366,627626,260,65,4,627366,627626,78,matches,0,0,0
Add_Damage_Indicator_For_Ship_,627626,627730,104,65,4,627626,627730,31,matches,0,1,0
Add_Damage_Indicator_For_Missile_,627730,627770,40,65,4,627730,627770,18,matches,0,0,0
Add_Damage_Indicator_For_Biological_,627770,627808,38,65,4,627770,627808,18,matches,0,1,0
Draw_Damage_Indicator_Right_,627808,627839,31,65,4,627808,627839,12,matches,0,0,0
Draw_Damage_Indicator_Right2_,627839,627873,34,65,4,627839,627873,15,matches,0,0,0
Draw_Damage_Message_Queue_Until_Done_,627873,627964,91,65,4,627873,627952,19,shorter+unresolved,0,0,1
Get_SFX_Draw_Shield_Facing_,627964,628076,112,65,4,627964,628076,42,matches,0,0,0
Get_SFX_Draw_Shield_Facing2_,628076,628248,172,65,5,628076,628232,53,shorter,0,0,0
Adjust_Shield_Display_Status_,628248,628423,175,65,5,628248,628423,46,matches+unresolved,0,0,4
XY_In_Shield_Radius_,628423,628514,91,65,5,628423,628514,38,matches,0,0,0
Load_Shield_Hit_,628514,628642,128,65,5,628514,628642,43,matches,0,1,0
Draw_All_Shields_,628642,628727,85,65,4,628642,628727,30,matches,0,1,0
Shield_Anims_,628727,628839,112,65,4,628727,628839,32,matches,2,0,0
Draw_Shield_Hit_Once_Through_,628839,629151,312,65,4,628839,629127,79,shorter+unresolved,0,0,1
Draw_Shield_Hit_Next_Frame_,629151,629421,270,65,4,629151,629421,84,matches,0,0,0
Ship_Size_To_Shield_Size_,629421,629448,27,65,4,629421,629448,14,matches,0,0,0
Planet_Size_To_Shield_Size_,629448,629485,37,65,4,629448,629469,10,shorter,0,1,0
Draw_Shield_Hit_,629485,630686,1201,65,5,629485,629526,15,shorter+unresolved,0,0,1
Rot_To_Base_Rot_,630686,630731,45,65,5,630686,630731,22,matches,0,0,0
Rot_To_Rot_Method_,630731,630780,49,65,5,630731,630764,14,shorter,0,1,0
Adjust_Reflection_Field_Display_Status_,630780,631009,229,65,5,630780,630817,10,shorter+unresolved,0,0,1
Load_Reflection_Field_Hit_,631009,631049,40,65,5,631009,631049,13,matches,0,0,0
Reflection_Field_Anims_,631049,631079,30,65,4,631049,631079,10,matches,0,0,0
Draw_Reflection_Field_Hit_Once_Through_,631079,631425,346,65,4,631079,631401,84,shorter+unresolved,0,0,1
Draw_Reflection_Field_Hit_Next_Frame_,631425,631693,268,65,4,631425,631677,70,shorter,0,1,0
Draw_Reflection_Field_Hit_,631693,632155,462,65,5,631693,631793,30,shorter+unresolved,0,0,1
XY_In_Reflection_Field_Radius_,632155,632246,91,65,5,632155,632246,38,matches,0,0,0
Get_Beam_Frames_,632246,632407,161,65,4,632246,632391,64,shorter,0,0,0
Draw_Beam_,632407,633911,1504,65,4,632407,633911,573,matches,0,0,0
Set_Beam_Colors_,633911,635164,1253,65,4,633911,634551,153,shorter+unresolved,0,0,1
Build_Steve_Stuff_Struct_For_Weapon_,635164,636140,976,65,4,635164,636140,235,matches,0,0,0
Weapon_Has_Steve_Stuff_,636140,636206,66,65,4,636140,636190,21,shorter,0,0,0
Draw_Beam2_,636206,637008,802,65,4,636206,636758,212,shorter,0,0,0
Draw_Anti_Missile_Rocket_Picture_,637008,637119,111,66,5,637008,637119,39,matches,0,1,0
Draw_Anti_Missile_Rockets_,637119,637449,330,66,5,637119,637141,8,shorter+unresolved,0,0,1
Anti_Missile_Rockets_,637449,638045,596,66,4,637449,637473,8,shorter+unresolved,0,0,1
Draw_Gyro_Special_Effect_,638045,638963,918,66,5,638045,638277,57,shorter+unresolved,0,0,1
Teleport_Enemy_Ship_,638963,639286,323,66,4,638963,639110,45,shorter+unresolved,0,0,1
Gyro_Destablizer_,639286,640114,828,66,4,639286,639308,9,shorter+unresolved,0,0,1
Lightning_Field_,640114,640537,423,66,4,640114,640209,29,shorter+unresolved,0,0,1
Draw_Stasis_Ball_,640537,641146,609,66,4,640537,641146,194,matches,0,0,0
Draw_Stasis_Beam_,641146,641866,720,66,4,641146,641164,8,shorter+unresolved,0,0,1
Draw_Cloak_,641866,642267,401,66,4,638957,642047,54,shorter+unresolved,0,0,1
Draw_Continuing_Tractor_,642267,642568,301,66,4,642267,642568,76,matches,0,0,0
Draw_Moving_Tractor_,642568,642947,379,66,4,642568,642947,85,matches+unresolved,0,0,2
Plasma_Web_,642947,644042,1095,66,4,642947,643016,20,shorter+unresolved,0,0,1
Tractor_Beam_,644042,644480,438,66,4,644042,644059,8,shorter+unresolved,0,0,1
Draw_Plasma_Web_,644480,645109,629,66,4,644480,645109,192,matches,0,1,0
Draw_Transporter_Bomb_Beam_,645109,645514,405,66,4,645109,645503,96,shorter+unresolved,0,0,1
Stellar_Converter_,645514,646399,885,66,4,645514,645536,8,shorter+unresolved,0,0,1
Start_Ship_Engine_SFX_,646399,646436,37,66,4,646399,646436,10,matches,0,0,0
End_Ship_Engine_SFX_,646436,646464,28,66,4,646436,646459,5,shorter+unresolved,0,0,1
Draw_Ship_Collapsing_,646464,646680,216,66,4,646464,646680,59,matches,0,2,0
Do_Spherical_SFX_,646680,650251,3571,66,4,646680,646721,14,shorter+unresolved,0,0,1
Play_Ship_Explosion_SFX_,650251,650363,112,66,4,650251,650327,22,shorter,0,0,0
Destroy_Ship_FX_,650363,652158,1795,66,4,650363,651182,108,shorter+unresolved,0,0,2
Missile_Launch_FX_,652158,652610,452,66,4,652158,652209,15,shorter+unresolved,0,0,1
Allocate_Bldg_Cache_,652610,652718,108,67,4,652610,652681,20,shorter+unresolved,0,0,1
Deallocate_Bldg_Cache_,652718,652790,72,67,4,652718,652734,6,shorter+unresolved,0,0,1
Bldg_In_Cache_,652790,652878,88,67,5,652790,652878,31,matches,0,0,0
Oldest_Slot_In_Bldg_Cache_,652878,652922,44,67,5,652878,652922,19,matches,0,0,0
Touch_Slot_,652922,652946,24,67,5,652922,652946,10,matches,0,0,0
Touch_Bldg_,652946,653020,74,67,4,652946,653020,28,matches,0,0,0
Cache_Load_Bldg_,653020,653135,115,67,4,653020,653122,39,shorter,0,0,0
Allocate_Help_Buffer_,653135,653167,32,68,4,653135,653154,5,shorter+unresolved,0,0,1
Colbldg_Create_Ship_,653167,653236,69,68,5,653167,653180,5,shorter+unresolved,0,0,1
Create_Ship_,653236,653803,567,68,4,653236,653803,86,matches+unresolved,1,0,1
Colbldg_Scrap_Ship_,653803,653804,1,68,5,653803,653804,1,matches,0,0,0
Delete_Ship_,653804,653832,28,68,5,653804,653832,8,matches,0,0,0
Ship_N_Anim_,653832,653878,46,68,4,653832,653838,2,shorter,1,0,0
Is_In_Queue_,653878,653916,38,68,4,653878,653916,13,matches+unresolved,0,0,1
Print_Setting_Description_,653916,654009,93,68,5,653916,654009,26,matches,0,0,0
Get_Setting_Description_String_,654009,654093,84,68,4,654009,654093,13,matches+unresolved,0,0,1
Print_App_Description_,654093,654273,180,68,5,654093,654273,51,matches,0,0,0
Clear_Last_App_Description_String_,654273,654283,10,68,4,654273,654281,2,shorter+unresolved,0,0,1
Get_App_Description_String_,654283,654445,162,68,4,654283,654373,34,shorter,0,0,0
Option_String_,654445,654658,213,68,4,654445,654658,51,matches+unresolved,0,0,1
Trace_Tech_Apps_,654658,654825,167,68,4,654658,654825,55,matches,0,0,0
N_Prods_In_Queue_,654825,654860,35,68,5,654825,654844,8,shorter+unresolved,0,0,1
N_Prods_In_Colony_Queue_,654860,654920,60,68,4,654860,654920,27,matches,0,0,0
N_Prods_In_Colony_Ptr_Queue_,654920,654958,38,68,4,654920,654941,9,shorter+unresolved,0,0,1
Star_N_Uncolonized_Worlds_,654958,655072,114,68,5,654958,655072,39,matches,0,1,0
qsort_building_by_name_,655072,655100,28,68,5,655072,655100,10,matches,0,0,0
Calculate_Building_Array_,655100,655257,157,68,4,655100,655111,5,shorter+unresolved,0,0,1
Build_Arrays_,655257,655262,5,68,5,655257,655262,1,matches,1,0,0
Calculate_Military_Array_,655262,656237,975,68,5,655262,655273,5,shorter+unresolved,0,0,1
Calc_Font_Off_,656237,656279,42,68,5,656237,656246,2,shorter+unresolved,0,0,1
Get_Font_Off_For_Buildings_,656279,656537,258,68,5,656279,656537,48,matches+unresolved,0,0,3
Get_Font_Off_For_Military_,656537,656637,100,68,5,656537,656637,21,matches+unresolved,0,0,1
Draw_Buildings_List_,656637,656995,358,68,4,656637,656681,12,shorter+unresolved,0,0,1
Draw_Militarys_List_,656995,657610,615,68,4,656995,657045,14,shorter+unresolved,0,0,1
Add_Buildings_Fields_,657610,657740,130,68,4,657610,657740,37,matches+unresolved,0,1,1
Add_Militarys_Fields_,657740,657870,130,68,4,657740,657870,37,matches+unresolved,0,1,1
Something_Behind_Settting_,657870,657956,86,68,5,657870,657935,13,shorter+unresolved,0,0,2
Load_Build_Anims_,657956,658076,120,68,4,657956,658076,36,matches,0,0,0
Draw_Building_Centered_In_Window_,658076,658147,71,68,5,658076,658147,23,matches,0,0,0
Draw_Building_Info_,658147,658350,203,68,4,656989,658350,57,matches,0,1,0
Build_Weapon_String_,658350,658678,328,68,4,658350,658678,118,matches,0,0,0
Build_Ship_Design_Info_Formatted_Paragraph_,658678,660042,1364,68,4,658678,658759,29,shorter+unresolved,0,0,1
Draw_Ship_Design_Info2_,660042,660140,98,68,5,660042,660140,29,matches,0,0,0
Draw_Ship_Design_Info_,660140,660384,244,68,4,660140,660384,60,matches,0,1,0
Draw_Ship_Info_,660384,660568,184,68,4,660384,660568,47,matches,0,1,0
Draw_Active_Prod_,660568,661197,629,68,4,654819,660596,15,shorter+unresolved,0,0,1
Get_First_Empty_Queue_Slot_,661197,661232,35,68,5,661197,661232,10,matches+unresolved,0,0,1
Auto_Design_Type_,661232,661269,37,68,4,661232,661269,15,matches,0,0,0
Add_To_Queue_,661269,662621,1352,68,5,661269,662621,162,matches+unresolved,0,2,9
First_Prod_Colony_Queue_Slot_,662621,662871,250,68,4,662621,662871,82,matches+unresolved,0,0,2
First_Prod_Queue_Slot_,662871,663065,194,68,4,662871,663065,61,matches+unresolved,0,0,2
Delete_From_Colony_Queue_,663065,663159,94,68,4,663065,663097,11,shorter+unresolved,0,0,1
Delete_From_Queue_,663159,663663,504,68,5,663159,663175,7,shorter+unresolved,0,0,1
Delete_Prod_From_Colony_Queue_,663663,663713,50,68,4,663155,663713,22,matches,0,0,0
Clear_Colony_Queue_,663713,663741,28,68,4,663713,663741,15,matches,0,0,0
Defragment_Queue_,663741,663789,48,68,5,663741,663758,7,shorter+unresolved,0,0,1
anon_call_000A20ED,663789,663888,99,-1,4,663789,663870,25,shorter+unresolved,0,0,1
Squish_Out_Queue_Slot_,663888,663952,64,68,5,663888,663934,13,shorter+unresolved,0,0,2
Add_Refited_Ship_To_Queue_,663952,664333,381,68,5,663952,664333,33,matches+unresolved,0,1,1
Insert_Before_Queue_Slot_,664333,664570,237,68,5,664333,664351,8,shorter+unresolved,0,0,1
Remove_Ships_,664570,664833,263,68,4,664570,664715,11,shorter+unresolved,0,0,2
Do_Exit_Screen_Cleanup_,664833,664898,65,68,4,664833,664855,7,shorter+unresolved,0,0,1
anon_call_000A2542,664898,667642,2744,-1,4,664898,664925,11,shorter+unresolved,0,0,1
Selection_Name_,667642,667759,117,68,4,667642,667759,25,matches+unresolved,0,0,1
Draw_Build_Queue_,667759,668250,491,68,5,667759,667782,9,shorter+unresolved,0,0,1
Add_Build_Queue_Fields_,668250,668340,90,68,5,668250,668328,24,shorter+unresolved,0,0,1
Draw_Centered_In_Window_,668340,668362,22,68,5,668340,668362,9,matches,0,0,0
Print_Centered_In_Window_,668362,668456,94,68,5,668362,668384,9,shorter,0,0,0
Draw_Current_Selection_,668456,670550,2094,68,4,668456,670550,503,matches,0,12,0
Draw_Cost_And_Time_Info_,670550,670967,417,68,4,670550,670815,74,shorter+unresolved,0,0,1
Draw_Build_Queue_Popup_,670967,671349,382,68,4,670967,671349,57,matches+unresolved,0,0,1
anon_call_000A3E75,671349,671354,5,-1,4,671349,671354,1,matches,1,0,0
anon_call_000A3E7A,671354,671809,455,-1,4,671354,671783,95,shorter+unresolved,0,0,2
Build_Queue_Popup_,671809,672602,793,68,4,671809,671907,23,shorter+unresolved,0,0,1
Load_Bombing_Anims_,672602,672643,41,69,5,672602,672633,10,shorter,0,0,0
Squeze_Out_Bomb_,672643,672678,35,69,5,672643,672678,13,matches,0,0,0
Add_Bomb_To_End_Of_Queue_,672678,672991,313,69,5,672678,672991,105,matches,0,0,0
Queue_Is_Empty_,672991,673003,12,69,5,672991,672998,1,shorter+unresolved,0,0,1
Replace_With_New_Bomb_,673003,673059,56,69,5,673003,673043,14,shorter,0,0,0
Decrement_Bomb_Counters_,673059,673236,177,69,5,673059,673220,26,shorter+unresolved,0,0,1
Allocate_Hit_,673236,673286,50,69,5,673236,673286,14,matches,0,0,0
Do_Bomb_,673286,673487,201,69,5,672984,673487,57,matches,0,1,0
Do_Bombs_,673487,673587,100,69,5,673487,673497,4,shorter+unresolved,0,0,1
Add_Building_To_Queue_,673587,673792,205,69,5,673587,673731,36,shorter+unresolved,0,0,1
Draw_Colony_Bombing_Screen_,673792,674027,235,69,5,673792,674009,41,shorter+unresolved,0,0,2
Blow_Up_All_Bldgs_,674027,674123,96,69,5,674027,674123,16,matches+unresolved,0,0,1
Do_Summary_String_Popup_,674123,674641,518,69,5,674123,674641,152,matches,0,0,0
anon_call_000A4B51,674641,675074,433,-1,4,674641,675074,121,matches,0,1,0
Colony_Bombing_Screen_,675074,675329,255,69,4,675074,675143,20,shorter,0,0,0
Draw_Cluster_Update_Function_,675329,675428,99,70,4,675329,675342,3,shorter+unresolved,0,0,1
Calculate_Squish_Step_,675428,675574,146,70,4,675428,675529,38,shorter+unresolved,0,0,1
Do_Colony_Info_Pop_Stuff_For_Pop_,675574,676790,1216,70,4,675574,676790,279,matches+unresolved,0,0,3
Draw_Info_Morale_,676790,676808,18,70,4,676790,676808,7,matches,0,0,0
Draw_Info_Wee_Morale_,676808,676812,4,70,4,676808,676812,2,matches,0,1,0
Draw_Info_Morale_Both_,676812,677283,471,70,4,676812,677057,60,shorter+unresolved,0,0,2
Draw_Colony_Prod_,677283,677319,36,70,4,677283,677319,16,matches,0,0,0
Draw_Colony_Wee_Prod_,677319,677327,8,70,4,677319,677327,5,matches,0,1,0
Draw_Colony_Prod_Both_,677327,679634,2307,70,4,677327,677646,57,shorter+unresolved,0,0,3
Draw_Colony_PC_Bar_,679634,679870,236,70,4,679634,679870,81,matches,0,0,0
Load_Road_List_Anims_,679870,680089,219,70,4,679870,680037,56,shorter+unresolved,0,0,2
Build_Road_List_Based_On_Bldg_List_,680089,680487,398,70,4,680089,680487,106,matches+unresolved,0,1,4
Road_Back_To_Front_,680487,680532,45,70,4,680487,680532,17,matches,1,0,0
Load_Veggie_Anims_,680532,680533,1,70,4,680532,680533,1,matches,0,0,0
Draw_Road_List_,680533,680659,126,70,4,680533,680602,22,shorter+unresolved,0,0,1
Link_Buildings_,680659,680779,120,70,4,680659,680779,37,matches,0,1,0
Draw_Simplest_Path_,680779,680786,7,70,4,680779,680786,4,matches,0,0,0
Find_Simplest_Path_Node_,680786,681432,646,70,4,680786,680839,20,shorter+unresolved,0,0,1
Veggie_Anims_,681432,681459,27,70,5,681432,681459,9,matches,0,0,0
Pick_Random_Veggie_Anim_For_Colony_CR_,681459,681543,84,70,4,681459,681543,33,matches,0,0,0
Pick_Random_Veggie_Anim_Entry_For_Colony_CR_,681543,681680,137,70,4,681543,681608,29,shorter,0,0,0
Veggie_Type_For_Colony_,681680,681956,276,70,4,681680,681956,103,matches,0,0,0
N_Roads_Around_CR_,681956,682059,103,70,4,681956,682040,29,shorter+unresolved,0,0,1
Pick_Random_Road_At_CR_,682059,682072,13,70,4,682059,682072,5,matches,0,0,0
Pick_Random_Road_Around_CR_,682072,682080,8,70,4,682072,682080,3,matches,0,1,0
Pick_Random_Road_At_And_Around_CR_,682080,682290,210,70,4,682080,682290,57,matches+unresolved,0,0,1
Clear_Veggie_Draw_Flags_,682290,682359,69,70,4,682290,682331,16,shorter+unresolved,0,0,1
Build_Veggie_List_Based_On_Bldg_List_,682359,682901,542,70,4,682359,682449,23,shorter+unresolved,0,0,1
Draw_Veggie_CR_,682901,683345,444,70,4,682901,683184,29,shorter+unresolved,0,0,1
Load_Combat_Anims_,683345,684421,1076,71,5,683345,684037,142,shorter+unresolved,0,0,1
Add_Kill_Anim_To_Queue_,684421,684448,27,71,4,684421,684448,11,matches,0,0,0
Add_Hit_Anim_To_Queue_,684448,684473,25,71,4,684448,684473,8,matches,0,1,0
Draw_Summary_,684473,684681,208,71,5,684473,684527,17,shorter+unresolved,0,0,1
Draw_Colony_Combat_Screen_,684681,685201,520,71,5,684681,685147,80,shorter+unresolved,0,0,3
Colony_Combat_Screen_,685201,685853,652,71,4,685201,685235,9,shorter+unresolved,0,0,1
N_Slots_Left_,685853,685901,48,71,5,685853,685885,12,shorter+unresolved,0,0,1
Top_Line_Y_,685901,685933,32,71,5,685901,685933,13,matches,0,0,0
Top_Line_X_,685933,685958,25,71,5,685933,685958,9,matches,0,0,0
Set_Up_Troops_,685958,685990,32,71,4,685958,685990,11,matches,0,0,0
Calc_Top_Line_,685990,686117,127,71,5,685990,686117,27,matches+unresolved,0,0,1
Spatter_Down_Starting_Troops_,686117,686270,153,71,5,686117,686147,11,shorter+unresolved,0,0,1
Find_Unshot_Target_,686270,686344,74,71,4,686270,686344,33,matches,0,0,0
Find_Lowest_Framed_Unit_,686344,686480,136,71,4,686344,686396,17,shorter+unresolved,0,0,1
Verify_Legal_Totals_,686480,686610,130,71,4,686480,686610,35,matches,0,0,0
Force_Firing_Pairs_,686610,686796,186,71,4,686610,686796,54,matches,0,1,0
Draw_Troops_,686796,686876,80,71,4,686796,686876,31,matches,0,0,0
N_Left_Of_Me_To_Process_,686876,686935,59,71,5,686876,686935,24,matches,0,0,0
N_Left_Active_To_Process_,686935,686994,59,71,5,686935,686994,21,matches,0,1,0
Resort_Units_,686994,687245,251,71,5,686994,687245,71,matches,0,0,0
Get_Firepoint_Offsets_,687245,687432,187,71,4,687245,687432,48,matches+unresolved,0,0,2
Get_Target_Offsets_,687432,687650,218,71,4,687432,687650,56,matches+unresolved,0,0,2
Pick_Target_,687650,687748,98,71,4,687650,687748,30,matches+unresolved,0,0,1
Do_Unit_Turn_,687748,688631,883,71,4,687748,688607,229,shorter+unresolved,0,0,2
Action_Anim_,688631,688780,149,71,5,688631,688756,38,shorter,0,0,0
Pick_Next_Action_,688780,689133,353,71,5,688780,689133,100,matches,0,0,0
Move_Is_Legal_,689133,689525,392,71,5,689133,689509,110,shorter,0,4,0
Do_Legal_Move_Check_,689525,689695,170,71,5,688602,689695,54,matches,0,0,0
Do_Delta_Y_,689695,689844,149,71,5,687238,689844,43,matches+unresolved,0,1,1
Reinforce_Units_,689844,689910,66,71,4,689129,689910,26,matches,0,0,0
Get_First_Unit_,689910,689970,60,71,4,689910,689970,18,matches+unresolved,0,0,1
N_Troop_Type_,689970,690045,75,71,5,689970,690014,16,shorter+unresolved,0,0,1
Get_Next_Troop_Type_,690045,690125,80,71,5,690045,690125,36,matches,0,0,0
Add_Unit_,690125,690354,229,71,5,685195,690354,69,matches,0,2,0
Add_Initial_Unit_,690354,690541,187,71,5,690354,690541,61,matches,0,0,0
anon_call_000A896D,690541,691143,602,-1,4,690541,691143,180,matches,0,0,0
Draw_Summary_Box_ATK_,691143,691334,191,71,5,691143,691334,48,matches,0,0,0
Draw_Summary_Boxes_,691334,691339,5,71,5,691334,691339,1,matches,1,0,0
Draw_Summary_Box_DEF_,691339,691530,191,71,5,691339,691530,48,matches,0,0,0
anon_call_000A8D4A,691530,691646,116,-1,4,691530,691646,37,matches,0,0,0
anon_call_000A8DBE,691646,691779,133,-1,4,691646,691779,45,matches,0,0,0
anon_call_000A8E43,691779,691963,184,-1,4,690039,691963,60,matches,0,1,0
Replace_Colgcbt_Color_With_Player_Colors_,691963,692063,100,71,5,691963,692063,32,matches,0,0,0
Draw_Unit_Beam_,692063,692410,347,71,4,692063,692410,121,matches,0,1,0
Draw_CGCBT_Beam_,692410,692900,490,71,5,692410,692900,117,matches,0,0,0
Get_CGCBT_Beam_Len_,692900,692984,84,71,4,692900,692984,36,matches,0,0,0
Play_Unit_Beam_Sound_,692984,693097,113,71,4,692984,693097,45,matches,0,0,0
Set_Ground_Combat_Screen_Help_List_,693097,693115,18,71,4,693097,693115,6,matches,0,0,0
anon_call_000A937B,693115,693160,45,-1,4,693115,693160,17,matches,0,0,0
Load_Landing_Anims_,693160,693201,41,72,5,693160,693191,10,shorter,0,0,0
Draw_Colony_Landing_Screen_,693201,693566,365,72,5,693201,693566,107,matches,0,0,0
Print_Planet_Data_,693566,694274,708,72,5,693566,694274,197,matches+unresolved,0,0,2
Colony_Landing_Screen_,694274,694924,650,72,4,694274,694568,64,shorter+unresolved,0,0,1
Clear_Cluster_,694924,694999,75,73,4,694924,694990,19,shorter+unresolved,0,0,1
Get_First_Unemployed_,694999,695055,56,73,4,694999,695055,22,matches,0,0,0
Get_Num_Unemployed_,695055,695113,58,73,4,695055,695113,26,matches,0,0,0
Draw_Cluster_,695113,695357,244,73,4,695113,695357,71,matches,0,0,0
Get_Cluster_,695357,695523,166,73,4,695357,695523,49,matches,0,2,0
Pops_Identical_,695523,695714,191,73,4,695523,695714,72,matches,0,0,0
Colony_Pop_String_,695714,695956,242,73,4,695714,695956,85,matches,0,0,0
Send_Cluster_,695956,697818,1862,73,4,695956,697818,519,matches+unresolved,0,0,1
Give_Colonist_New_Job_,697818,698446,628,73,4,697818,698107,66,shorter+unresolved,0,0,1
N_Colonies_And_Outposts_At_Star_For_Player_,698446,698559,113,74,4,698446,698559,40,matches,0,1,0
N_Colonies_And_Outposts_At_Star_,698559,698635,76,74,4,698559,698635,32,matches,0,0,0
Draw_Pop_Dark_,698635,698733,98,74,4,698635,698733,30,matches,0,0,0
N_Bldgs_,698733,698789,56,74,4,698733,698773,13,shorter+unresolved,0,0,1
Defragment_Colony_Queue_,698789,698860,71,74,5,698789,698860,28,matches,0,0,0
Squish_Out_Colony_Queue_Slot_,698860,698939,79,74,5,698860,698935,21,shorter+unresolved,0,0,1
Fix_Colony_Queue_,698939,698987,48,74,4,698939,698972,10,shorter+unresolved,0,0,1
Clean_Up_Colony_Queue_,698987,699077,90,74,5,698987,699023,12,shorter+unresolved,0,0,1
Remap_Draw_Ship_Centered_,699077,699300,223,74,4,699077,699300,60,matches,0,0,0
Remap_Draw_Ship_Seg_N_Centered_,699300,699468,168,74,4,699276,699468,53,matches,0,1,0
Remap_Draw_Ship_D_Centered_,699468,699521,53,74,4,699468,699509,11,shorter+unresolved,0,0,1
Make_Satellite_Bitm_,699521,699808,287,74,4,699521,699808,79,matches,0,0,0
Print_Sys_Disp_Scanned_String_,699808,699852,44,74,4,699808,699852,14,matches,0,0,0
Get_Effective_Pop_Player_,699852,699930,78,74,4,699852,699930,29,matches,0,0,0
Pop_Race_String_,699930,700040,110,74,4,699930,700040,37,matches,0,0,0
Reset_Field_Arrays_,700040,700158,118,74,4,700040,700061,7,shorter+unresolved,0,0,1
Set_Colony_Font_,700158,700220,62,74,4,700158,700220,16,matches,0,0,0
Set_Colony_Font_To_Player_,700220,700292,72,74,4,700220,700292,19,matches,0,1,0
Set_Colony_Font_To_Blue_,700292,700361,69,74,4,700292,700361,21,matches,0,0,0
Set_Colony_Font_To_Reg_Blue_,700361,700434,73,74,4,700361,700434,23,matches,0,1,0
Set_Colony_Font_To_Red_,700434,700494,60,74,4,700434,700494,20,matches,0,0,0
Set_Colony_Font_To_,700494,700546,52,74,4,700494,700546,16,matches,0,0,0
Colonize_Planet_,700546,700611,65,74,4,700546,700611,24,matches,1,0,0
Init_Colonies_,700611,700612,1,74,4,700611,700612,1,matches,0,0,0
anon_call_000AB0C4,700612,700656,44,-1,4,700612,700620,2,shorter+unresolved,0,0,1
Job_String_,700656,700705,49,74,4,700656,700705,13,matches,3,0,0
Conquered_String_,700705,700729,24,74,4,700705,700729,6,matches,2,0,0
Conquered_String_Abbreviated_,700729,700743,14,74,4,700719,700743,6,matches,2,0,0
Pop_State_String_,700743,700778,35,74,4,700719,700778,13,matches,2,1,0
Set_Colony_Globals_,700778,700838,60,74,4,700778,700838,16,matches,0,0,0
Col_Calc_Wrapper_,700838,700922,84,74,4,700838,700922,29,matches,0,0,0
Clear_Move_Military_,700922,700959,37,74,5,700922,700941,5,shorter+unresolved,0,0,1
Pick_Up_Colonists_,700959,701003,44,74,5,700959,701003,10,matches,0,0,0
Drop_Military_,701003,701131,128,74,5,701003,701031,6,shorter+unresolved,0,0,1
Reset_Field_Mode_,701131,701270,139,74,4,701131,701270,21,matches+unresolved,1,0,1
Load_People_,701270,701271,1,74,5,701270,701271,1,matches,0,0,0
Load_Global_Bitms_,701271,701314,43,74,4,701271,701314,11,matches,0,0,0
Spy_Anim_,701314,701343,29,74,4,701314,701343,8,matches,0,1,0
Turn_To_Rubble_CR_Bldg_,701343,701403,60,74,4,701343,701403,19,matches+unresolved,0,0,1
CR_Building_Name_,701403,701453,50,74,4,701403,701453,14,matches,3,0,0
Real_Building_Name_,701453,701464,11,74,4,701453,701464,4,matches,0,0,0
Satellite_Name_,701453,701464,11,74,4,701453,701464,4,matches,0,0,0
Draw_Building_,701464,701545,81,74,4,701464,701545,29,matches,0,1,0
Draw_Bldg_CR_,701545,701586,41,74,5,701545,701586,13,matches,2,0,0
Draw_All_Buildings_,701586,701609,23,74,4,701586,701609,9,matches,0,0,0
Colony_Pop_Anim_,701609,701758,149,74,4,701609,701758,42,matches,0,2,0
Race_Conquered_Anim_,701758,701773,15,74,4,701758,701773,5,matches,0,1,0
People_Anim_,701773,701883,110,74,4,701773,701883,37,matches,2,0,0
Military_Anims_,701883,701915,32,74,4,701883,701915,10,matches,0,0,0
Military_Anim_,701915,702064,149,74,4,701915,702064,30,matches+unresolved,0,0,2
Troop_Anim_,702064,702101,37,74,4,702064,702085,7,shorter,0,0,0
Player_Troop_Name_,702101,702243,142,74,4,702101,702227,18,shorter+unresolved,2,0,2
Player_Troop_Anim_,702243,702395,152,74,4,702243,702395,35,matches+unresolved,0,0,2
Load_Bldg_Bitm_,702395,702427,32,74,4,702395,702419,6,shorter+unresolved,0,0,1
Load_Ship_Bitm_,702427,702498,71,74,4,702427,702471,10,shorter+unresolved,0,0,1
Load_Button_Anims_,702498,702685,187,74,5,702498,702685,40,matches,0,0,0
Load_Officer_Anim_,702685,702743,58,74,5,702685,702743,18,matches,1,0,0
Load_PC_Bar_Anim_,702743,702744,1,74,4,702743,702744,1,matches,0,0,0
Load_Road_Anim_,702744,702749,5,74,4,702744,702749,1,matches,1,0,0
Load_Galaxy_Map_Anims_,702749,702804,55,74,4,702749,702804,22,matches,0,0,0
Load_Colony_Screen_Seg_,702804,702973,169,74,4,702804,702868,14,shorter+unresolved,0,0,1
Load_Local_Colony_Anims_,702973,703118,145,74,4,702973,702974,1,shorter,0,0,0
Load_Planet_Screen_,702973,703118,145,74,5,702973,702974,1,shorter,0,0,0
C_Anims_,703118,703369,251,74,4,703118,703369,54,matches+unresolved,1,0,1
Load_Colony_Info_Anims_,703369,703370,1,74,5,703369,703370,1,matches,0,0,0
Load_Colony_Popups_,703369,703370,1,74,5,703369,703370,1,matches,0,0,0
Load_Satellite_Anims_,703369,703370,1,74,4,703369,703370,1,matches,0,0,0
Govt_Anim_,703370,703391,21,74,4,703370,703391,7,matches,0,1,0
Govt_Anims_,703370,703391,21,74,4,703370,703391,7,matches,0,1,0
Satellite_Anims_,703391,703418,27,74,4,703391,703418,10,matches,0,0,0
Satellite_Bldg_N_TO_Satellite_Animation_Index_,703418,703510,92,74,4,703418,703510,41,matches,0,0,0
Load_Colony_Anims_,703510,703558,48,74,4,703510,703558,12,matches,0,0,0
Prod_Anims_,703558,703599,41,74,4,703558,703599,14,matches,1,0,0
Import_Anims_,703599,703627,28,74,4,703599,703627,12,matches,0,2,0
Short_Anims_,703627,703708,81,74,4,703627,703708,25,matches,0,0,0
Clear_Satellite_Array_,703708,703733,25,74,5,703708,703733,9,matches,0,0,0
Clear_Bldgs_Array_,703733,703749,16,74,5,703733,703749,6,matches,0,1,0
Bldg_Array_Empty_,703749,703799,50,74,4,703749,703799,22,matches,0,0,0
Get_Bldg_CR_,703799,703945,146,74,4,703799,703945,61,matches,0,0,0
Sort_Bldg_Array_Columns_,703945,704350,405,74,5,699801,704350,105,matches,0,1,0
N_Houses_In_Bldg_Array_,704350,704430,80,74,5,704350,704430,28,matches,0,1,0
Find_Replacement_Slot_For_Building_,704430,704606,176,74,5,704430,704590,52,shorter,0,0,0
Insert_Bldg_Into_Array_,704606,705051,445,74,5,704606,705051,123,matches+unresolved,0,0,5
Sat_Should_Be_Replaced_,705051,705151,100,74,5,705051,705151,17,matches+unresolved,0,0,2
Remove_Satellite_From_Array_,705151,705262,111,74,5,705151,705262,23,matches+unresolved,0,0,1
Insert_Satellite_Into_Array_,705262,705291,29,74,5,705262,705291,10,matches+unresolved,0,0,1
Make_Bldg_Array_For_Colony_,705291,706008,717,74,4,705291,705392,28,shorter+unresolved,0,0,1
CR_To_XY_,706008,706034,26,74,4,706008,706031,8,shorter+unresolved,0,0,1
Get_Bldg_Box_,706034,706213,179,74,4,706034,706213,59,matches,0,0,0
Box_To_XY_Pair_,706213,706408,195,74,4,706213,706408,69,matches,0,0,0
XY_In_Bldg_Poly_,706408,706531,123,74,5,706408,706531,47,matches,0,0,0
Box_All_Slots_,706531,706577,46,74,4,706531,706577,20,matches,0,0,0
Box_Bldg_Slot_,706577,706662,85,74,5,706577,706662,30,matches,0,0,0
Bldg_Coords_To_Centered_Screen_Coord_,706662,706707,45,74,4,706662,706707,18,matches,0,0,0
Bldg_Coords_To_Screen_Coord_,706707,706726,19,74,4,706707,706724,5,shorter+unresolved,0,0,1
Bldg_Coords_To_Effective_Frame_,706726,706783,57,74,4,706726,706767,23,shorter,0,0,0
Colony_Type_,706783,706856,73,74,5,706783,706856,21,matches,0,0,0
Reset_Step_Squish_,706856,706866,10,74,4,706856,706863,1,shorter+unresolved,0,0,1
Colony_Has_Natives_,706866,706930,64,74,4,706866,706930,29,matches,0,0,0
Sum_Colonists_,706930,707279,349,74,4,706930,706951,7,shorter+unresolved,0,0,1
Pop_To_Pop_State_,707279,707335,56,74,4,707279,707335,21,matches,0,0,0
Draw_Colony_Info_Pop_For_,707335,707403,68,74,5,707335,707403,25,matches,0,1,0
Add_Job_Field_For_,707403,707488,85,74,5,707403,707488,31,matches,0,0,0
anon_call_000ACBA0,707488,707558,70,-1,4,707488,707558,24,matches,0,1,0
anon_call_000ACBE6,707558,707645,87,-1,4,707558,707645,26,matches,0,1,0
Add_Job_Fields_,707645,707693,48,74,5,707645,707693,16,matches,0,0,0
Add_Move_Colonist_Job_Field_For_,707693,707952,259,74,5,707693,707758,21,shorter+unresolved,0,0,1
Draw_Colony_Info_Pop_,707952,707979,27,74,5,707952,707979,6,matches,1,0,0
Draw_Colony_Info_Pop_Scanned_,707979,708190,211,74,5,707764,708039,20,shorter+unresolved,0,0,2
Draw_Colony_Info_Production_,708190,708222,32,74,5,708190,708222,7,matches,1,0,0
Draw_Colony_Info_Production_For_,708222,708258,36,74,5,708141,708242,24,shorter,0,1,0
Do_Colony_Info_Military_Stuff_For_,708258,709105,847,74,5,708258,708277,7,shorter+unresolved,0,0,1
Draw_Colony_Info_Military_For_,709105,709115,10,74,5,709105,709115,5,matches,0,0,0
Draw_Colony_Info_Military_,709115,709166,51,74,5,709115,709166,23,matches,0,1,0
Add_Military_Field_For_,709166,709174,8,74,5,709166,709174,3,matches,0,1,0
Add_Military_Fields_,709174,709228,54,74,5,709174,709228,23,matches,0,1,0
Draw_Colony_Info_Officer_,709228,709569,341,74,5,709228,709569,82,matches,0,0,0
Draw_Colony_Info_Morale_,709569,709603,34,74,5,709569,709603,12,matches,0,0,0
Draw_Colony_Info_Background_,709603,709684,81,74,5,709603,709684,27,matches,0,0,0
Draw_Info_Name_And_Pop_,709684,710407,723,74,5,709684,709700,7,shorter+unresolved,0,0,1
Print_Scanned_Satellite_,710407,710439,32,74,5,709683,710439,8,matches,1,0,0
Print_Scanned_String_,710439,710544,105,74,5,710439,710544,36,matches,0,0,0
Print_Scanned_Military_,710544,710642,98,74,5,710544,710642,14,matches+unresolved,0,0,1
Draw_Colony_Info_Scanned_,710642,710720,78,74,5,710642,710720,19,matches+unresolved,0,0,1
Draw_Colony_Info_,710720,710902,182,74,5,710720,710902,43,matches,0,0,0
Actual_Build_Time_,710902,710983,81,74,4,710902,710961,18,shorter+unresolved,0,0,1
Total_Build_Time_,710983,711048,65,74,4,710983,711021,11,shorter+unresolved,0,0,1
Draw_Building_With_Bottom_Centered_,711048,711255,207,74,4,711048,711255,68,matches,0,0,0
Draw_Current_Production_Graph_,711255,711348,93,74,4,711255,711266,5,shorter+unresolved,0,0,1
Draw_Current_Building2_,711348,711522,174,74,4,711348,711522,50,matches,0,0,0
Draw_Current_Building_,711522,711545,23,74,5,711522,711545,9,matches,0,0,0
Draw_Current_Ship_,711545,711609,64,74,5,711545,711609,21,matches,0,0,0
Calculate_Colony_Turn_Count_From_Scrap_For_Prod_,711609,711704,95,74,4,711609,711651,12,shorter+unresolved,0,0,1
Calculate_Colony_Turn_Count_With_Accumulation_For_Prod_,711704,711827,123,74,4,711704,711798,24,shorter+unresolved,0,0,2
Calculate_Current_Production_Turn_Count_,711827,711896,69,74,4,711827,711866,11,shorter+unresolved,0,0,1
Draw_Turn_Count_,711896,711983,87,74,5,711896,711983,26,matches,0,0,0
Draw_Current_Production_,711983,712633,650,74,5,711983,711999,7,shorter+unresolved,0,0,1
Draw_Info_Build_,711983,712633,650,74,5,711983,711999,7,shorter+unresolved,0,0,1
Add_Satellite_Fields_,712633,712860,227,74,5,712633,712843,63,shorter+unresolved,0,0,2
Check_Satellite_Fields_,712860,713329,469,74,5,712860,712880,9,shorter+unresolved,0,0,1
Draw_Satellite_Dark_,713329,713478,149,74,5,713329,713478,45,matches,0,0,0
Satellite_Anim_,713478,713574,96,74,4,713478,713574,31,matches,0,1,0
Draw_Colony_Satellites_,713574,713802,228,74,5,699802,713802,53,matches+unresolved,0,1,1
Add_Bldg_Fields_,713802,713992,190,74,5,713802,713992,60,matches+unresolved,0,1,1
Scan_Bldg_CR_,713992,714032,40,74,5,713992,714032,11,matches+unresolved,0,0,1
Check_Bldg_Fields_,714032,714902,870,74,5,714032,714050,9,shorter+unresolved,0,0,1
Draw_Bldg_CR_Dark_,714902,715104,202,74,5,714902,714930,11,shorter+unresolved,0,0,1
Draw_Bldg_At_XY_With_Bottom_Centered_No_Glass_,715104,715315,211,74,5,715104,715315,65,matches,0,1,0
Draw_Colony_Bldg_,715315,715549,234,74,5,706656,715549,71,matches,0,3,0
Draw_Colony_Bldg_To_Bitm_,715549,715694,145,74,5,715549,715694,49,matches,0,0,0
Bldg_Back_To_Front_,715694,715739,45,74,4,715694,715739,17,matches,1,0,0
Draw_Planet_Info_,715739,715740,1,74,5,715739,715740,1,matches,0,0,0
Draw_Colony_Bldgs_,715740,715945,205,74,4,715740,715945,58,matches,0,1,0
Draw_Colony_Bldgs_to_Bitm_,715945,716060,115,74,4,715945,716060,36,matches,0,1,0
Draw_Road_Anim_,716060,716065,5,74,5,716060,716065,1,matches,1,0,0
Draw_Colony_Screen_,716065,716621,556,74,5,716065,716080,5,shorter+unresolved,0,0,1
Box_Galaxy_Map_Star_,716621,716712,91,74,5,716621,716712,31,matches,0,0,0
Colony_Can_Buy_Product_0_,716712,716827,115,74,4,716712,716827,17,matches+unresolved,0,0,1
Add_Screen_Fields_,716827,717721,894,74,5,716827,716838,5,shorter+unresolved,0,0,1
Add_Stacking_Fields_,717721,717910,189,74,5,717721,717731,4,shorter+unresolved,0,0,1
anon_call_000AF456,717910,718080,170,-1,4,717910,717926,6,shorter+unresolved,0,0,1
Clear_Sys_Disp_Fields_,718080,718127,47,74,4,718080,718096,6,shorter+unresolved,0,0,1
Clear_Galaxy_Map_Fields_,718127,718170,43,74,4,718127,718136,3,shorter+unresolved,0,0,1
Update_Colony_Palette_,718170,718209,39,74,4,718170,718209,13,matches,0,0,0
Draw_Sys_Disp_Scanned_,718209,718292,83,74,4,718209,718292,22,matches,0,0,0
Draw_Gal_Map_Last_Star_Scanned_,718292,718357,65,74,5,718292,718357,18,matches,0,0,0
Draw_Sys_Disp_Last_Scanned_,718357,718375,18,74,5,718357,718375,6,matches,0,0,0
Check_Job_Fields_,718375,718636,261,74,5,718375,718413,13,shorter+unresolved,0,0,1
Check_Military_Fields_,718636,718850,214,74,5,718636,718651,7,shorter+unresolved,0,0,1
Check_System_Display_Fields_,718850,719883,1033,74,5,718850,719883,163,matches+unresolved,0,2,4
Tested_Colony_Buys_Outright_,719883,720366,483,74,4,719883,719917,12,shorter+unresolved,0,0,1
Evaluate_Screen_Input_,720366,721404,1038,74,5,720366,721404,137,matches+unresolved,0,0,11
Get_Next_Colony_,721404,721495,91,74,4,721404,721495,38,matches,0,0,0
Set_Colony_Screen_To_New_Colony_,721495,721657,162,74,4,721495,721657,40,matches+unresolved,0,0,1
anon_call_000B02F9,721657,721758,101,-1,4,721657,721758,34,matches,0,0,0
Do_Informational_And_Decision_Popups_,721758,722313,555,74,5,721758,721778,6,shorter+unresolved,0,0,1
Allocate_Mini_Planet_Cache_,722313,722314,1,74,4,722313,722314,1,matches,0,0,0
Allocate_Planet_Cache_,722313,722314,1,74,4,722313,722314,1,matches,0,0,0
Colony_Screen_,722314,723301,987,74,4,722314,722444,30,shorter+unresolved,0,0,1
Cache_Load_Planet_,723301,723322,21,74,4,723301,723322,6,matches,0,1,0
Picture_And_Pointer_To_Mouse_,723322,723551,229,74,4,723322,723551,65,matches,0,0,0
Picture_To_Mouse_,723551,723644,93,74,4,723551,723644,26,matches,0,1,0
Clear_Mouse_Picture_,723644,723700,56,74,4,723644,723700,16,matches,0,0,0
Reset_Mouse_Picture_,723700,723721,21,74,4,723700,723721,5,matches,0,1,0
Create_Shadow_Farmer_,723721,723841,120,74,4,723721,723841,32,matches,0,0,0
Shadow_Farmer_Bitm_,723841,723847,6,74,4,723841,723847,2,matches,0,0,0
Do_Cheats_,723847,724387,540,74,5,723847,724387,133,matches+unresolved,0,0,3
Colony_GI_Fill_,724387,724412,25,74,4,724387,724412,9,matches,0,0,0
Mini_Planet_Anim_,724412,724509,97,74,5,724412,724509,27,matches,0,1,0
Draw_Planet_Summary_,724509,724692,183,74,4,724509,724692,59,matches,0,0,0
Load_Refit_Ship_Anims_,724692,724798,106,75,4,724692,724798,25,matches,0,0,0
Update_First_Ship_,724798,724925,127,75,5,724798,724925,49,matches,0,0,0
anon_call_000B0FBD,724925,725226,301,-1,4,724925,724952,9,shorter+unresolved,0,0,1
anon_call_000B10EA,725226,725513,287,-1,4,725226,725513,77,matches,0,0,0
Add_Ship_List_Fields_,725513,725675,162,75,5,725513,725675,57,matches,0,0,0
Build_Ship_List_,725675,725802,127,75,5,725675,725802,40,matches,0,0,0
Draw_Ship2_,725802,726078,276,75,5,725802,727163,86,extends,0,1,0
Scan_Ship_Info_,726078,726169,91,75,5,726078,726169,27,matches,0,0,0
Draw_Ship_List_,726169,726236,67,75,5,726169,726236,23,matches,0,0,0
Star_Has_Ship_,726236,726248,12,75,4,726236,726243,1,shorter+unresolved,0,0,1
Draw_Refit_Popup_,726248,726390,142,75,5,726248,726390,34,matches,0,0,0
anon_call_000B1576,726390,727163,773,-1,4,726390,726411,9,shorter+unresolved,0,0,1
Colony_Refit_Popup_,727163,727482,319,75,4,727163,727274,27,shorter+unresolved,0,0,1
Load_Refit2_Ship_Anims_,727482,727505,23,75,4,727482,727505,6,matches,0,1,0
Update2_Fields_,727505,727510,5,75,5,727505,727510,1,matches,1,0,0
Add2_Fields_,727510,727855,345,75,5,727510,727711,56,shorter+unresolved,0,0,2
Scan_Ship_D_Info_,727855,727912,57,75,5,727855,727912,16,matches,0,1,0
Draw_Ship_D_List_,727912,728427,515,75,5,727912,727938,10,shorter+unresolved,0,0,1
Draw_Refit2_Popup_,728427,728692,265,75,5,728427,728692,64,matches,0,0,0
Evaluate2_Input_,728692,729263,571,75,5,728692,728712,9,shorter+unresolved,0,0,1
Colony_Refit2_Popup_,729263,729689,426,75,4,729263,729631,52,shorter+unresolved,0,0,1
Load_Colsum_Strings_,729689,730250,561,76,4,729689,730250,112,matches,0,0,0
Clear_First_,730250,730289,39,76,4,730250,730258,2,shorter+unresolved,0,0,1
anon_call_000B24B1,730289,730314,25,-1,4,730289,730305,6,shorter+unresolved,0,0,1
Load_Col_Sum_Anims_,730314,730370,56,76,4,730314,730370,21,matches,0,0,0
Restore_Control_,730370,730425,55,76,5,730370,730425,13,matches,0,0,0
anon_call_000B2539,730425,730757,332,-1,4,730425,730757,90,matches,0,0,0
Update_First_,730757,730868,111,76,4,730757,730868,35,matches+unresolved,0,0,1
Draw_Empire_Info_,730868,731304,436,76,5,730868,730973,25,shorter+unresolved,0,0,1
anon_call_000B28A8,731304,731540,236,-1,4,731304,731323,9,shorter+unresolved,0,0,1
Get_Scanned_Pop_,731540,731802,262,76,5,731540,731562,9,shorter+unresolved,0,0,1
Get_Selected_Pop_,731802,732018,216,76,5,731802,731825,9,shorter+unresolved,0,0,1
Add_Fields_Pop_For_,732018,732749,731,76,5,732018,732037,9,shorter+unresolved,0,0,1
anon_call_000B2E4D,732749,733449,700,-1,4,732292,733449,178,matches+unresolved,0,1,1
Event_Good_,733449,733457,8,76,4,733449,733457,3,matches,0,0,0
anon_call_000B3111,733457,734429,972,-1,4,733457,733484,10,shorter+unresolved,0,0,1
cmp_,734429,734451,22,76,5,734429,734451,9,matches,0,0,0
cmp_Alpha_,734451,734549,98,76,5,734451,734549,38,matches,0,0,0
Prod_To_Sort_Type_,734549,734740,191,76,5,734549,734740,73,matches,0,0,0
cmp_Prod_,734740,734965,225,76,5,734740,734768,10,shorter+unresolved,0,0,1
cmp_Pop_,734965,735031,66,76,5,734965,735031,25,matches,0,0,0
cmp_Food_,735031,735101,70,76,5,735031,735055,7,shorter+unresolved,0,0,1
cmp_Industry_,735101,735171,70,76,5,735101,735125,7,shorter+unresolved,0,0,1
cmp_Science_,735171,735241,70,76,5,735171,735195,7,shorter+unresolved,0,0,1
cmp_BC_,735241,735339,98,76,5,735241,735265,7,shorter+unresolved,0,0,1
Switched_cmp_,735339,735559,220,76,5,734960,735548,57,shorter+unresolved,0,0,4
Sort_Col_List_,735559,735638,79,76,5,735559,735638,31,matches,0,0,0
Update_Col_List_,735638,735751,113,76,5,735638,735718,18,shorter+unresolved,0,0,2
Colsum_Connect_Galaxy_Map_Stars_,735751,735898,147,76,5,735751,735898,61,matches,0,0,0
Colsum_Box_Galaxy_Map_Star_,735898,736015,117,76,5,735898,736015,40,matches,0,1,0
Draw_Gal_Map_,736015,736060,45,76,5,736015,736060,20,matches,0,0,0
Draw_Colony_Scan_Info_,736060,736507,447,76,4,730750,736239,52,shorter+unresolved,0,0,1
Draw_Scan_Info_,736507,736564,57,76,4,736507,736564,17,matches,0,0,0
Draw_Colony_Summary_Screen_,736564,737072,508,76,4,736564,736771,54,shorter+unresolved,0,0,2
Evaluate_Col_List_Input_,737072,737641,569,76,5,737072,737641,123,matches+unresolved,0,0,2
Evaluate_Colony_Pop_Input_,737641,737972,331,76,5,737641,737972,79,matches+unresolved,0,0,2
Increment_First_,737972,738050,78,76,4,737972,738050,21,matches,0,0,0
Decrement_First_,738050,738115,65,76,4,738050,738115,16,matches,0,0,0
Evaluate_Input_,738115,738658,543,76,5,738115,738658,89,matches+unresolved,0,0,3
Colony_Summary_Screen_,738658,739265,607,76,4,738658,739265,129,matches+unresolved,0,0,2
Check_Galaxy_Map_Fields_,739265,739567,302,76,4,739265,739567,19,matches+unresolved,0,1,1
Pick_Best_Planet_To_Goto_At_Star_,739567,739754,187,76,5,739567,739754,60,matches,0,0,0
Planet_Anims_,739754,739784,30,77,4,739754,739784,10,matches,1,0,0
Load_Col_Sys_Disp_,739784,739785,1,77,4,739784,739785,1,matches,0,0,0
Draw_Col_Sys_Disp_,739785,740248,463,77,4,739785,740248,132,matches,0,0,0
Planet_Summary_String_,740248,741073,825,77,4,740248,741073,222,matches,0,0,0
Add_Col_Sys_Disp_Fields_,741073,741387,314,77,4,741073,741387,106,matches+unresolved,0,0,1
Draw_Col_Sys_Disp_Last_Scanned_,741387,742134,747,77,4,741387,741405,8,shorter+unresolved,0,0,1
Load_Xport_Anims_,742134,742222,88,78,4,742134,742217,20,shorter,0,0,0
anon_call_000B534E,742222,742320,98,-1,4,742222,742844,32,extends+unresolved,0,1,1
Clear_List_Col_Array_,742320,742345,25,78,5,742320,742336,6,shorter+unresolved,0,0,1
Draw_Info_Pop_For_,742345,742438,93,78,5,742345,742438,35,matches,0,0,0
Draw_Colony_Summary_For_Colony_,742438,742623,185,78,5,742438,742455,7,shorter+unresolved,0,0,1
Cheezy_Col_Count_Hack_,742623,742674,51,78,4,742623,742674,20,matches+unresolved,0,0,1
N_Colonies_And_Outposts_,742674,742752,78,78,4,742674,742752,28,matches+unresolved,0,0,1
N_Colonies_,742752,743099,347,78,4,742752,742836,31,shorter+unresolved,0,0,1
Draw_Bar_Indicator_,743099,743424,325,78,5,743099,743424,82,matches,0,2,0
Draw_Xport_Popup_,743424,743633,209,78,5,743424,743536,27,shorter+unresolved,0,0,1
Build_Global_Colony_List_,743633,743732,99,78,4,743633,743732,34,matches,0,0,0
Xport_Popup_,743732,744068,336,78,4,743732,743971,57,shorter+unresolved,0,0,1
Sint_Is_In_List_,744068,744103,35,79,4,744068,744103,20,matches,0,0,0
Get_Sint_Index_From_List_,744103,744136,33,79,4,744103,744136,16,matches,0,0,0
String_Builder2_,744136,744273,137,79,4,744136,744273,48,matches,0,0,0
Max_,744273,744280,7,79,4,744273,744280,4,matches,0,0,0
Min_,744280,744287,7,79,4,744280,744287,4,matches,0,0,0
Help_,744287,744292,5,79,4,744287,744292,1,matches,1,0,0
Set_Refresh_Mode_,744292,744325,33,79,4,744292,744325,9,matches,3,0,0
Set_Fade_Speed_Percent_,744325,744331,6,79,4,744325,744331,2,matches,0,0,0
Get_Fade_Speed_Percent_,744331,744340,9,79,4,744331,744338,1,shorter+unresolved,0,0,1
Set_Fade_Percent_,744340,744368,28,79,4,744340,744368,9,matches,0,0,0
Get_Fade_Percent_,744368,744377,9,79,4,744368,744375,1,shorter+unresolved,0,0,1
Fast_Fade_Out_,744377,744516,139,79,4,744377,744516,15,matches+unresolved,0,0,1
Fast_Fade_In_,744516,744575,59,79,4,744516,744575,8,matches+unresolved,0,0,1
Force_Fade_To_Colony_Palette_,744575,744581,6,79,4,744575,744581,2,matches,0,0,0
Fast_Fade_Out_Needed_For_Colony_Palette_,744581,744703,122,79,4,744581,744703,35,matches,0,0,0
Draw_Centered_,744703,744746,43,79,4,744703,744746,21,matches,0,0,0
Remap_Draw_Centered_,744746,744789,43,79,4,744746,744789,21,matches,0,0,0
Draw_Bottom_Centered_,744789,744821,32,79,4,744789,744821,15,matches,0,1,0
Draw_Bottom_Centered_No_Glass_,744821,744855,34,79,4,744821,744855,17,matches,0,0,0
Global_Cycler_,744855,744885,30,79,4,744855,744885,15,matches,0,0,0
Print_Clicks_,744885,744935,50,79,4,744885,744935,15,matches,0,0,0
Pulsing_Box_,744935,745005,70,79,4,744935,745005,24,matches,0,0,0
Pulsing_Rect_,745005,745119,114,79,4,745005,745119,38,matches,1,0,0
Eric_Defaults_,745119,745120,1,79,4,745119,745120,1,matches,0,0,0
Pulsing_Rect_to_Bitmap_,745120,745171,51,79,4,745120,745171,18,matches,0,0,0
Print_Paragraph_Centered_Vertically_,745171,745236,65,79,4,745171,745236,30,matches,0,0,0
Print_Paragraph_Centered_,745236,745298,62,79,4,745236,745298,29,matches,0,0,0
Eric_Init_,745298,745308,10,79,4,745298,745308,2,matches,1,0,0
Pick_Random_Colony_,745308,745392,84,79,4,745308,745392,34,matches,0,0,0
Player_Capitol_World_,745392,745463,71,79,4,745392,745463,29,matches,0,0,0
Pick_Random_Player_,745463,745533,70,79,4,745463,745533,28,matches,0,0,0
Red_If_Negative_Fmt_String_,745533,745554,21,79,4,745533,745554,6,matches,1,0,0
Player_Has_Leader_With_General_Skill_At_Star_,745554,745705,151,79,4,745554,745705,56,matches,0,0,0
Player_Has_Ship_Size_Or_Larger_At_Star_,745705,745787,82,79,4,745705,745787,35,matches,0,0,0
Player_Can_Mind_Control_Colony_With_Help_,745787,746026,239,79,4,745787,745811,7,shorter+unresolved,0,0,1
Player_Can_Mind_Control_Colony_,746026,746259,233,79,4,746026,746054,9,shorter+unresolved,0,0,1
Cinematic_Autofunction_,746259,746427,168,79,5,746259,746357,30,shorter+unresolved,0,0,1
Do_Cinematic_Popup_Setup_,746427,746584,157,79,5,746427,746521,10,shorter+unresolved,0,0,2
Do_Cinematic_Popup_Cleanup_,746584,746667,83,79,5,746584,746632,10,shorter+unresolved,0,0,1
Play_Amoeba_Flic_,746667,746771,104,79,4,746667,746735,16,shorter+unresolved,0,0,1
Play_Planetary_Destruction_Flic_,746771,746875,104,79,4,746771,746839,16,shorter+unresolved,0,0,1
Play_Dimensional_Portal_Flic_,746875,746979,104,79,4,746875,746943,16,shorter+unresolved,0,0,1
Play_Antarans_Attack_Flic_,746979,747088,109,79,4,746979,747052,17,shorter+unresolved,0,0,1
Play_Take_Orion_Flic_,747088,747197,109,79,4,747088,747161,17,shorter+unresolved,0,0,1
Play_Diplomatic_Win_Flic_,747197,747291,94,79,4,747197,747291,24,matches,0,0,0
Play_Normal_Win_Flic_,747291,747325,34,79,4,747291,747325,9,matches,0,1,0
Play_All_Flics_,747325,747362,37,79,4,747325,747362,9,matches,0,1,0
Play_Antaran_Win_Flic_,747325,747362,37,79,4,747325,747362,9,matches,0,1,0
Play_Loose_Flic_,747362,747394,32,79,4,747362,747394,8,matches,0,1,0
Draw_Fake_Buttons_,747394,747534,140,80,4,747394,747522,10,shorter+unresolved,0,0,1
Add_Fake_Button_To_List_,747534,747582,48,80,4,747534,747582,11,matches,0,0,0
Clear_Fake_Buttons_,747582,747611,29,80,4,747582,747611,10,matches,0,0,0
Add_Fake_Button_Field_,747611,747716,105,80,4,747611,747716,32,matches,0,0,0
Draw_Click_Thru_Fields_,747716,747958,242,80,4,747716,747943,8,shorter+unresolved,0,0,1
Add_Click_Thru_Field_To_List_,747958,748070,112,80,4,747958,748070,26,matches,0,0,0
Clear_Click_Thru_Fields_,748070,748099,29,80,4,748070,748099,10,matches,0,0,0
Add_Click_Thru_Field_,748099,748196,97,80,4,748099,748196,38,matches,0,0,0
Evaluate_Click_Thru_Fields_,748196,748281,85,80,4,748196,748270,9,shorter+unresolved,0,0,1
Load_FP_Data_From_LBX_,748281,748395,114,81,4,748281,748395,39,matches,0,0,0
N_Fire_Points_,748395,748496,101,81,4,748395,748496,34,matches,0,0,0
Calc_FP_Offsets_,748496,748708,212,81,4,748496,748708,69,matches,0,0,0
Allocate_Flic_Queue_And_Pointers_,748708,748718,10,82,4,748708,748715,1,shorter+unresolved,0,0,1
Deallocate_Flic_Queue_And_Pointers_,748708,748718,10,82,4,748708,748715,1,shorter+unresolved,0,0,1
Add_Flic_To_End_Of_Queue_,748718,748791,73,82,4,748718,748731,5,shorter+unresolved,0,0,1
Draw_Flic_Queue_,748791,748816,25,82,4,748791,748816,10,matches,0,0,0
Draw_Queue_Entry_,748816,749051,235,82,5,748816,749051,59,matches+unresolved,0,0,1
Squeze_Out_Queue_Entry_,749051,749182,131,82,5,749051,749086,13,shorter,0,0,0
Eric_Push_Fields_,749182,749210,28,83,4,749182,749210,6,matches,0,0,0
Eric_Pop_Fields_,749210,749247,37,83,4,749210,749217,1,shorter+unresolved,0,0,1
Player_Has_Colony_Or_Outpost_At_Star_,749247,749350,103,83,4,749247,749350,40,matches,0,0,0
Clear_Event_Slots_,749350,749381,31,83,4,749350,749357,1,shorter+unresolved,0,0,1
Clear_System_Special_Slots_,749350,749381,31,83,4,749350,749357,1,shorter+unresolved,0,0,1
Clear_New_Officer_Slots_,749381,749393,12,83,4,749381,749388,1,shorter+unresolved,0,0,1
System_Special_Anim_,749393,749496,103,83,5,749393,749496,27,matches,0,0,0
System_Special_Desc_,749496,749555,59,83,5,749496,749555,19,matches,0,0,0
Draw_System_Special_Popup_,749555,749614,59,83,4,749555,749614,22,matches,0,0,0
Do_Popup_Setup_,749614,750211,597,83,5,749614,749632,7,shorter+unresolved,0,0,1
Do_Popup_Cleanup_,750211,750360,149,83,5,750211,750218,1,shorter+unresolved,0,0,1
Draw_Special_Info_Popup_,750360,750895,535,83,4,750360,750565,65,shorter,0,0,0
Update_Random_New_Officer_Fields_,750895,750922,27,83,5,750895,750922,5,matches,1,0,0
Add_Random_New_Officer_Fields_,750922,751118,196,83,5,750922,750948,8,shorter+unresolved,0,0,1
Leader_Technology_String_,751118,751354,236,83,4,751118,751354,69,matches+unresolved,0,0,1
Draw_Random_New_Officer_Popup_,751354,751973,619,83,5,751354,751973,58,matches+unresolved,0,0,2
Load_New_Officer_Popup_,751973,752112,139,83,5,751973,752112,33,matches,0,0,0
Load_New_Officer_Popup_For_Officer_Screen_,752112,752260,148,83,5,752112,752260,35,matches,0,0,0
Set_Globals_To_Center_Popup_,752260,752312,52,83,5,752260,752312,20,matches,0,0,0
Hire_Officer_Popup_,752312,752346,34,83,4,752312,752346,7,matches,0,0,0
Random_New_Officer_Popup_,752346,753412,1066,83,4,752346,752511,40,shorter+unresolved,0,0,3
Marooned_Officer_Joins_Popup_,753412,753440,28,83,4,753412,753423,3,shorter+unresolved,0,0,1
Marooned_Officer_Fails_Popup_,753440,753455,15,83,4,753440,753451,3,shorter+unresolved,0,0,1
Add_Officer_Gains_Level_Fields_,753455,753463,8,83,5,753455,753463,4,matches,0,1,0
Update_Officer_Gains_Level_Fields_,753463,753540,77,83,5,753463,753540,23,matches,0,0,0
Mainpups_Tested_Execute_Autofunction_,753540,753696,156,83,4,753540,753547,1,shorter+unresolved,0,0,1
Draw_Officer_Gains_Level_Popup_,753696,754117,421,83,5,753696,753733,8,shorter+unresolved,0,0,2
Load_Officer_Gains_Level_Popup_,754117,754185,68,83,5,754117,754185,16,matches,0,1,0
Officer_Gains_Level_Popup_,754185,754446,261,83,4,754185,754234,16,shorter+unresolved,0,0,1
Load_System_Discovery_Popup_,754446,754510,64,83,5,754446,754510,17,matches,0,0,0
Update_Discovery_Fields_,754510,754542,32,83,5,754510,754542,6,matches,1,0,0
Add_Discovery_Fields_,754542,754629,87,83,5,754542,754629,25,matches,0,0,0
Draw_Discovery_Popup_,754629,754952,323,83,5,754629,754686,14,shorter+unresolved,0,0,2
Check_System_Display_Fields_Discovery_,754952,755030,78,83,5,754952,755030,31,matches,0,0,0
Evaluate_Discovery_Input_,754952,755030,78,83,5,754952,755030,31,matches,0,0,0
New_System_Discovery_Popup_,755030,755569,539,83,4,755030,755140,29,shorter+unresolved,0,0,1
Load_Colony_Selection_Popup_,755569,755607,38,83,5,755569,755607,12,matches,0,0,0
Update_Selection_Fields_,755607,755649,42,83,5,755607,755649,8,matches,1,0,0
Add_Selection_Fields_,755649,755678,29,83,5,755649,755662,5,shorter,0,1,0
Draw_Selection_Popup_,755678,756097,419,83,5,755678,756097,88,matches+unresolved,0,1,2
Check_System_Display_Fields_Selection_,756097,756704,607,83,5,756097,756704,124,matches+unresolved,0,0,2
Evaluate_Selection_Input_,756704,757027,323,83,5,756704,757010,40,shorter+unresolved,0,0,3
Artificial_Planet_Selection_Popup_,757027,757052,25,83,4,757027,757052,8,matches,0,0,0
Drop_Troops_Selection_Popup_,757052,757065,13,83,4,757052,757065,5,matches,0,1,0
New_Outpost_Selection_Popup_,757065,757078,13,83,4,757065,757078,5,matches,0,1,0
Set_G_Special_Value_,757078,757176,98,83,5,757078,757176,34,matches,0,0,0
New_Colony_Selection_Popup_,757176,757532,356,83,4,757176,757210,11,shorter+unresolved,0,0,1
Load_Colony_Attack_Selection_Popup_,757532,757611,79,83,5,757532,757611,19,matches,0,0,0
Update_Attack_Selection_Fields_,757611,757658,47,83,5,757611,757658,12,matches,0,1,0
Add_Attack_Selection_Fields_,757658,757703,45,83,5,757658,757703,14,matches,0,0,0
Draw_Attack_Selection_Popup_,757703,757848,145,83,5,757703,757848,39,matches+unresolved,0,0,1
Check_System_Display_Fields_Attack_Selection_,757848,758168,320,83,5,757848,758168,71,matches+unresolved,0,0,2
Evaluate_Attack_Selection_Input_,758168,758200,32,83,5,758168,758200,11,matches,0,0,0
Attack_Colony_Selection_Popup_,758200,758464,264,83,4,758200,758233,10,shorter+unresolved,0,0,1
Load_Colony_Defense_Selection_Popup_,758464,758531,67,83,5,758464,758531,17,matches,0,0,0
Update_Defense_Selection_Fields_,758531,758581,50,83,5,758531,758581,12,matches,0,1,0
Add_Defense_Selection_Fields_,758581,758594,13,83,5,758581,758594,5,matches,0,1,0
Draw_Defense_Selection_Popup_,758594,758709,115,83,5,758594,758709,28,matches+unresolved,0,1,1
Check_System_Display_Fields_Defense_Selection_,758709,759382,673,83,5,758709,758775,24,shorter+unresolved,0,0,1
Evaluate_Defense_Selection_Input_,759382,759414,32,83,5,759382,759414,11,matches,0,0,0
Defense_Colony_Selection_Popup_,759414,759771,357,83,4,759414,759447,10,shorter+unresolved,0,0,1
Player_Attacked_Popup_,759771,760283,512,83,4,759771,760283,150,matches,0,0,0
Load_SLIDER_Popup_,760283,760428,145,83,5,760283,760428,32,matches,0,0,0
Update_Slider_Fields_,760428,760484,56,83,5,760428,760484,14,matches,0,0,0
Add_Slider_Fields_,760484,760893,409,83,5,760484,760893,105,matches,0,0,0
Draw_Slider_Popup_,760893,761438,545,83,5,760893,761438,132,matches+unresolved,0,1,1
Evaluate_Slider_Input_,761438,761520,82,83,5,761438,761520,18,matches+unresolved,0,0,1
Slider_Popup_,761520,761796,276,83,4,761520,761546,5,shorter+unresolved,0,0,1
New_Colony_Confirmation_Box_,761796,762221,425,83,5,761796,762221,129,matches,0,1,0
Build_Generic_Planet_Or_Colony_Description_String_Formatted_,762221,763454,1233,83,4,759737,763454,349,matches,0,2,0
Get_Colony_Best_Shield_Bldg_,763454,763558,104,83,5,763454,763486,9,shorter+unresolved,0,0,1
Colony_Selection_Popup_,763558,763643,85,83,4,763558,763643,27,matches,0,0,0
Update_CCP_Display_Data_Invasion_,763643,763791,148,83,4,763643,763791,43,matches,0,0,0
Colony_Invasion_Popup_,763791,763855,64,83,4,763791,763855,20,matches,0,1,0
Update_CCP_Display_Data_Bombing_,763855,763930,75,83,4,763855,763930,27,matches,0,0,0
Setup_To_Apply_Bomb_Hits_,763930,763996,66,83,4,763930,763996,18,matches,0,0,0
Apply_Next_Bomb_Hit_,763996,764705,709,83,4,763996,764705,224,matches,0,0,0
Colony_Bombing_Popup_,764705,764799,94,83,4,764705,764799,28,matches,0,0,0
Load_Combat_Colony_Picture_To_Screen_Seg_,764799,764952,153,83,4,764799,764952,41,matches,0,0,0
Load_Colony_Combat_Popup_,764952,765344,392,83,5,764952,765344,80,matches,0,0,0
Update_Colony_Combat_Fields_,765344,765384,40,83,5,765344,765384,11,matches,0,0,0
Add_Colony_Combat_Fields_,765384,766524,1140,83,5,765384,766216,212,shorter+unresolved,0,0,6
Draw_Colony_Combat_Popup_,766524,768140,1616,83,5,766524,768140,377,matches+unresolved,0,1,2
Evaluate_Colony_Combat_Input_,768140,768720,580,83,5,768140,768720,147,matches,0,0,0
Colony_Combat_Popup_,768720,769723,1003,83,4,768720,768760,11,shorter+unresolved,0,0,1
Load_Tax_Rate_Popup_,769723,769946,223,83,5,769723,769946,47,matches,0,0,0
Update_Tax_Rate_Fields_,769946,769973,27,83,5,769946,769973,5,matches,1,0,0
Add_Tax_Rate_Fields_,769973,770386,413,83,5,769973,770386,103,matches,0,0,0
Draw_Tax_Rate_Popup_,770386,770456,70,83,5,770386,770456,17,matches+unresolved,0,0,1
Evaluate_Tax_Rate_Input_,770456,770571,115,83,5,770456,770560,23,shorter+unresolved,0,0,1
Tax_Rate_Popup_,770571,770905,334,83,4,770571,770650,20,shorter+unresolved,0,0,1
Load_Dragon_New_Star_Popup_,770905,771003,98,83,5,770905,771003,23,matches,0,0,0
Update_Dragon_New_Star_Fields_,771003,771035,32,83,5,771003,771035,6,matches,1,0,0
Add_Dragon_New_Star_Fields_,771035,771217,182,83,5,771035,771097,16,shorter+unresolved,0,0,1
Draw_Dragon_New_Star_Popup_,771217,771659,442,83,5,771217,771378,37,shorter+unresolved,0,0,2
Evaluate_Dragon_New_Star_Input_,771659,771893,234,83,5,771659,771681,8,shorter+unresolved,0,0,1
Dragon_New_Star_Popup_,771893,772124,231,83,4,771893,771926,10,shorter+unresolved,0,0,1
Load_New_Game_Strings_,772124,772636,512,84,4,772124,772636,112,matches+unresolved,0,0,2
Reload_Newgame_Screen_,772636,773181,545,84,4,772636,773181,154,matches,0,0,0
Draw_Pictures_,773181,773436,255,84,5,773181,773436,69,matches,0,1,0
Draw_Newgame_Screen_,773436,773678,242,84,4,773436,773668,55,shorter,0,0,0
anon_call_000BCE2E,773678,775009,1331,-1,4,773678,775009,329,matches,0,1,0
Temps_To_Globals_,775009,775100,91,84,5,775009,775060,11,shorter+unresolved,0,0,1
Globals_To_Temps_,775100,775221,121,84,5,775100,775107,1,shorter+unresolved,0,0,1
Newgame_Screen_,775221,776421,1200,84,4,775221,775514,73,shorter+unresolved,0,0,1
Load_Oc_Pol_Anims_,776421,776553,132,85,4,776421,776553,30,matches,0,0,0
Occupation_Policy_Popup_,776553,776941,388,85,4,776553,776618,14,shorter+unresolved,0,0,1
Eric_Set_Help_List_,776941,776961,20,86,4,776941,776961,8,matches,0,0,0
Set_Colony_Screen_Help_List_,776961,776984,23,86,4,776961,776984,7,matches,0,0,0
Set_Colony_Summary_Screen_Help_List_,776984,777002,18,86,4,776984,777002,5,matches,0,1,0
Set_Refit_Ship_Popup_Help_List_,777002,777020,18,86,4,777002,777020,5,matches,0,1,0
Set_Building_Queue_Screen_Help_List_,777020,777038,18,86,4,777020,777038,5,matches,0,1,0
Set_Transport_Popup_Help_List_,777038,777056,18,86,4,777038,777056,5,matches,0,1,0
Set_Occupation_Policy_Popup_Help_List_,777056,777074,18,86,4,777056,777074,5,matches,0,1,0
Set_New_Game_Screen_Help_List_,777074,777155,81,86,4,777074,777155,22,matches+unresolved,1,0,3
Set_New_System_Discovery_Popup_Help_List_,777155,777156,1,86,4,777155,777156,1,matches,0,0,0
Set_Player_Attacked_Popup_Help_List_,777156,777177,21,86,4,777156,777177,5,matches,0,1,0
Set_New_Colony_Confirmation_Box_Help_List_,777177,777198,21,86,4,777177,777198,5,matches,0,1,0
Set_Tax_Rate_Popup_Help_List_,777198,777219,21,86,4,777198,777219,5,matches,0,1,0
Set_Dragon_New_Star_Popup_Help_List_,777219,777240,21,86,4,777219,777240,5,matches,0,1,0
Set_Planet_Selection_Popup_Help_List_,777240,777261,21,86,4,777240,777261,5,matches,0,1,0
Set_Officer_Information_Popup_Help_List_,777261,777282,21,86,4,777261,777282,5,matches,0,1,0
Set_Combat_Colony_Selection_Popup_Help_List_,777282,777303,21,86,4,777282,777303,5,matches,0,1,0
Get_First_,777303,777332,29,87,4,777303,777332,14,matches,0,0,0
Update_First_Based_On_Grid_,777332,777391,59,87,4,777332,777391,26,matches,0,0,0
Draw_Scroll_Bar_Indicator_In_Base_Colony_Palette_,777391,777719,328,87,4,777391,777719,103,matches,0,0,0
Inc_Grid_Var_For_Scroll_Field_,777719,777771,52,87,4,777719,777771,21,matches,0,0,0
Dec_Grid_Var_For_Scroll_Field_,777771,777809,38,87,4,777771,777809,14,matches,0,0,0
Add_E_Scroll_Bar_Field_,777809,777939,130,87,4,777809,777939,47,matches,0,0,0
Do_Scroll_Bar_Fields_Check_,777939,778076,137,87,4,777939,778076,45,matches,0,0,0
E_Strings_,778076,778085,9,88,4,778076,778085,3,matches,0,0,0
Load_E_Strings_,778085,778469,384,88,4,778085,778469,106,matches,0,0,0
Load_H_And_Pro_File_Strings_,778469,781465,2996,88,4,778469,781465,600,matches,0,0,0
Print_Data_,781465,781590,125,89,5,781465,781590,35,matches,0,0,0
Print_Best_Summary_,781590,781723,133,89,5,781590,781723,45,matches,0,0,0
Print_Race_Summary_,781723,781904,181,89,5,781723,781904,59,matches,0,0,0
Print_Troop_Totals_,781904,782502,598,89,5,781904,782502,174,matches,1,0,0
Load_Troop_Anims_,782502,782503,1,89,4,782502,782503,1,matches,0,0,0
Update_Fields_,782503,782508,5,89,5,782503,782508,1,matches,1,0,0
Add_Fields_,782508,782553,45,89,5,782508,782553,16,matches,0,0,0
Draw_Troop_Popup_,782553,782816,263,89,5,782553,782816,64,matches,0,0,0
Troop_Popup_,782816,782958,142,89,4,782816,782958,32,matches,0,0,0
AI_Invasion_Will_Succeed_,782958,783180,222,90,4,782958,783180,70,matches,0,0,0
AI_Player_Invades_,783180,783256,76,90,4,783180,783242,21,shorter,0,0,0
Product_Name_,783256,783272,16,91,4,783256,783272,5,matches,1,0,0
Compute_Colony_Ship_Need_,783272,783293,21,91,5,783272,783293,6,matches,0,0,0
Compute_Freighter_Need_,783293,783373,80,91,5,783293,783326,10,shorter+unresolved,0,0,1
Compute_Needs_,783373,785125,1752,91,5,783373,783909,138,shorter+unresolved,0,0,1
Mean_Ship_Strength_,785125,785590,465,91,4,785125,785590,136,matches,0,1,0
Compute_Empire_Building_Needs_,785590,786091,501,91,4,785590,786091,133,matches,0,0,0
Find_Buildable_Buildings_,786091,786140,49,91,5,786091,786140,23,matches,0,0,0
Industry_Worth_,786140,786178,38,91,5,786140,786178,15,matches,0,0,0
Colony_Is_Conquered_,786178,786486,308,91,4,786178,786274,42,shorter,0,0,0
Colony_Building_Score_,786486,789256,2770,91,5,786486,789256,678,matches+unresolved,0,0,11
Assign_Colony_New_Building_,789256,789631,375,91,4,785118,789625,125,shorter+unresolved,0,1,2
colony_less_industry_cmp_,789631,789746,115,91,5,789631,789746,41,matches,0,0,0
Force_Produce_,789746,789807,61,91,5,789746,789807,23,matches,0,0,0
Empire_Buy_Outright_,789807,790534,727,91,4,789807,790534,72,matches+unresolved,0,1,2
Player_War_Level_,790534,790667,133,91,4,790534,790667,46,matches,0,0,0
Refit_Cost_,790667,790766,99,91,4,790667,790738,28,shorter,0,0,0
Assign_Empire_Building_,790766,796500,5734,91,4,790766,796500,146,matches+unresolved,0,1,2
Assign_Colony_Building_,796500,796547,47,91,4,796500,796547,16,matches,0,0,0
Player_Colony_Autobuild_,796547,796583,36,91,4,796547,796583,16,matches,0,0,0
Uncolonized_Planet_Worth_To_Player_,796583,797192,609,92,4,796583,797192,52,matches+unresolved,0,0,1
Colony_Dominant_Player_,797192,797353,161,92,5,797192,797353,63,matches,0,0,0
Star_In_Range_Of_Given_Star_,797353,797418,65,92,5,797353,797418,28,matches,0,0,0
Proximity_Worth_To_Player_,797418,797870,452,92,5,797418,797854,130,shorter,0,1,0
Colony_Worth_To_Player_,797870,798766,896,92,4,797870,798766,284,matches+unresolved,0,2,1
Compute_Base_Planet_Values_,798766,799013,247,92,5,798766,799013,66,matches,0,1,0
Compute_Contextual_Planet_Values_,799013,799512,499,92,5,799013,799512,150,matches,0,1,0
sort_ships_,799512,799697,185,92,5,799512,799697,68,matches,0,0,0
Refit_Desirability_,799697,800111,414,92,5,799697,800111,135,matches,0,1,0
airefit_cmp_,800111,800118,7,92,4,800111,800118,3,matches,0,0,0
Player_N_Turns_From_Star_To_Star_With_Intermediate_,800118,800831,713,92,4,800118,800831,213,matches,0,0,0
Ship_N_Turns_To_Star_With_Intermediate_,800831,801384,553,92,4,800831,801384,162,matches,0,0,0
Find_Players_In_Range_,801384,801696,312,92,5,801384,801696,93,matches,0,0,0
Compute_Star_Player_Range_Info_,801696,802100,404,92,5,801696,802100,119,matches,0,1,0
Compute_AI_Data_,802100,808781,6681,92,4,802100,802567,97,shorter+unresolved,0,0,1
Deallocate_AI_Data_,808781,808801,20,92,4,808781,808796,3,shorter,1,0,0
Sort_Colonies_Blockaded_,808801,808853,52,93,5,808801,808853,17,matches,0,0,0
Collect_AI_Colonies_,808853,809115,262,93,5,808853,808873,6,shorter+unresolved,0,0,1
Assign_Buildings_,809115,809172,57,93,5,809115,809172,18,matches,0,0,0
Clear_Build_Queues_If_New_Tech_,809172,810222,1050,93,5,809172,810222,145,matches+unresolved,0,0,1
Keep_Ship_Designs_Up_To_Date_,810222,810393,171,93,5,810222,810393,20,matches+unresolved,0,1,1
Freighter_Cheat_,810393,810521,128,93,5,810393,810521,35,matches+unresolved,0,0,1
Do_Ship_Upgrade_Cheats_,810521,810921,400,93,5,810521,810567,14,shorter+unresolved,0,0,1
Sort_Pops_Fixed_,810921,810977,56,93,5,810921,810977,23,matches,0,1,0
Assign_Required_Colonists_,810977,811301,324,93,5,810977,811301,97,matches+unresolved,0,1,1
FI_Worthiness_,811301,811341,40,93,5,811301,811341,20,matches,0,0,0
Sort_Pops_FI_,811341,811495,154,93,5,811341,811495,57,matches,0,0,0
Do_Blockaded_Colony_,811495,811797,302,93,5,811495,811797,80,matches,0,1,0
Sort_Pops_R_I_,811797,811942,145,93,5,811797,811942,44,matches,0,3,0
Sort_Pops_FR_I_,811942,812170,228,93,5,811942,812170,71,matches,0,2,0
Compute_Max_Min_R_I_Worthiness_,812170,812332,162,93,5,812170,812332,50,matches,0,2,0
Do_Unblockaded_Colony_,812332,812619,287,93,5,812332,812619,81,matches,0,1,0
Grab_Worker_,812619,812674,55,93,5,812619,812674,16,matches,0,0,0
Grab_Scientist_,812674,812723,49,93,5,812674,812723,13,matches,0,1,0
Assign_Additional_Research_Industry_,812723,813098,375,93,5,812723,812758,11,shorter+unresolved,0,0,1
F_IR_Worthiness_,813098,813259,161,93,5,813098,813259,56,matches,0,0,0
Sort_Pops_F_IR_,813259,813568,309,93,5,813259,813568,98,matches,0,3,0
Make_First_Unassigned_Into_Farmer_,813568,813780,212,93,5,813568,813780,58,matches,0,2,0
Assign_Additional_Unblockaded_Farmers_,813780,814464,684,93,5,813780,813804,9,shorter+unresolved,0,0,1
Industry_Sanity_Check_,814464,814621,157,93,5,814464,814621,48,matches,0,0,0
Colony_AI_Given_Tax_,814621,814804,183,93,4,814621,814778,40,shorter+unresolved,0,0,1
Colony_AI_,814804,814951,147,93,4,814804,814945,29,shorter+unresolved,0,0,1
All_Colony_AI_,814951,815066,115,93,4,814951,815066,32,matches+unresolved,0,0,1
Assign_Fleet_Officer_,815066,815224,158,94,5,815066,815224,55,matches,0,0,0
Reassign_Fleet_Officer_,815224,815473,249,94,5,815224,815473,77,matches,0,0,0
Assign_Star_Officer_,815473,816084,611,94,5,815473,815543,19,shorter+unresolved,0,0,1
Assign_Unassigned_Leaders_,816084,816185,101,94,5,816084,816185,42,matches,0,0,0
Do_AI_Leaders_,816185,816738,553,94,4,816185,816738,143,matches+unresolved,0,0,4
Sort_colonizable_,816738,816745,7,95,5,816738,816745,3,matches,0,0,0
AI_May_Attack_Player_,816745,816824,79,95,4,816745,816824,27,matches,0,0,0
Get_Colonizable_Planets_,816824,816996,172,95,4,816824,816996,54,matches,0,0,0
Delete_Already_Assigned_Planets_,816996,817443,447,95,5,816990,817443,81,matches+unresolved,0,1,1
Move_Ships_With_Possible_Intermediate_,817443,817992,549,95,5,817443,817992,147,matches,0,0,0
Get_Best_Unescorted_Colony_Ship_,817992,818180,188,95,5,817992,818180,63,matches,0,0,0
Get_Enemy_Strength_On_Turn_,818180,818515,335,95,5,818180,818515,100,matches,0,0,0
Ship_Rough_Strength_At_Star_,818515,818996,481,95,5,818515,818996,146,matches,0,1,0
Ship_Min_Strength_Versus_Players_At_Star_,818996,819191,195,95,5,818996,819191,70,matches,0,0,0
Get_Best_Escorted_Colony_Ship_,819191,821179,1988,95,5,819191,821179,356,matches+unresolved,0,0,7
I_Soonest_Enemy_Colony_Ship_,821179,821319,140,95,5,821179,821319,48,matches,0,0,0
Sort_candidate_stars_,821319,821547,228,95,5,821319,821547,68,matches,0,3,0
Star_Has_Monster_,821547,821615,68,95,5,821547,821615,25,matches,0,0,0
Assign_New_Colony_Ship_Destinations_,821615,822393,778,95,5,821615,822340,210,shorter+unresolved,0,0,2
Best_Uncolonized_Undestined_Planet_,822393,822545,152,95,4,822393,822503,25,shorter+unresolved,0,0,1
Enemy_Colony_Worth_To_Player_,822545,822753,208,95,4,822545,822662,33,shorter+unresolved,0,0,1
Player_Is_Hostile_To_Player_,822753,822866,113,95,4,822753,822866,41,matches,0,0,0
N_Enemy_Stars_Reachable_,822866,822994,128,95,4,822866,822994,46,matches,0,0,0
Compute_Attack_Worthiness_,822994,824312,1318,95,5,822994,824312,385,matches,0,0,0
Gather_Player_Ships_At_Star_,824312,824499,187,95,5,824312,824499,45,matches+unresolved,0,0,1
Find_Best_Attack_From_Star_,824499,825326,827,95,5,821169,825126,116,shorter+unresolved,0,0,2
Launch_Attacks_,825326,825407,81,95,5,825326,825407,26,matches,0,1,0
Knock_Out_Impossible_Interceptions_,825407,825816,409,95,5,825407,825784,115,shorter,0,0,0
Gather_Intercepting_Ships_,825816,825982,166,95,5,825816,825982,57,matches,0,0,0
Interceptions_,825982,827269,1287,95,5,821169,827064,80,shorter+unresolved,0,0,3
Intercept_Invaders_,827269,828549,1280,95,5,827269,827313,13,shorter+unresolved,0,0,1
Move_To_Stage_Points_,828549,829852,1303,95,5,828536,829509,161,shorter+unresolved,0,0,5
Move_Transports_,829852,831444,1592,95,5,828536,831274,151,shorter+unresolved,0,0,6
Move_To_Unexplored_Stars_,831444,832087,643,95,5,828536,832087,116,matches+unresolved,0,1,5
Launch_Sneak_Attack_,832087,832485,398,95,5,832087,832485,56,matches+unresolved,0,1,2
Mark_Flee_Stars_,832485,832638,153,95,5,832485,832638,18,matches+unresolved,0,1,1
Move_AI_,832638,833113,475,95,4,832638,833085,102,shorter+unresolved,0,0,1
Sort_npc_dests_,833113,833234,121,95,5,816990,833234,48,matches,0,1,0
NPC_Dest_,833234,833752,518,95,5,833234,833752,92,matches+unresolved,0,1,4
Move_NPCs_,833752,834345,593,95,5,833752,834345,157,matches+unresolved,0,1,1
Move_All_AI_,834345,834463,118,95,4,834345,834463,31,matches+unresolved,0,0,1
Find_Opportunity_Attack_Aux_,834463,834652,189,95,5,824269,834644,50,shorter+unresolved,0,0,1
Find_Opportunity_Attack_,834652,834760,108,95,4,834652,834760,33,matches,0,0,0
Player_Threatens_Player_,834760,835000,240,95,4,834760,834805,12,shorter+unresolved,0,0,1
Number_Of_Attacks_Underway_,835000,835204,204,95,4,835000,835204,62,matches,0,1,0
Compute_Defensive_Stage_Points_,835204,836232,1028,96,4,835204,836232,28,matches+unresolved,0,0,1
AI_Tech_Select_,836232,836339,107,97,4,836232,836253,7,shorter+unresolved,0,0,1
Player_Best_Ship_Shield_,836339,836387,48,97,4,836339,836387,16,matches+unresolved,0,0,1
Player_Best_Armor_,836387,836431,44,97,4,836387,836431,12,matches+unresolved,0,1,1
Player_Best_Computer_,836431,836475,44,97,4,836431,836475,12,matches+unresolved,0,1,1
Player_Best_Fuel_,836475,836522,47,97,4,836475,836522,12,matches+unresolved,0,1,1
Player_Best_Planetary_Shield_,836522,836579,57,97,4,836522,836579,20,matches,0,0,0
Player_Best_Drive_,836579,836630,51,97,4,836579,836630,12,matches+unresolved,0,1,1
Player_Best_Rifle_,836630,836681,51,97,4,836630,836681,12,matches+unresolved,0,1,1
Player_Best_Personal_Shield_,836681,836732,51,97,4,836681,836732,12,matches+unresolved,0,1,1
Compute_AI_Tech_Info_,836732,838249,1517,97,4,836732,838249,252,matches+unresolved,0,0,8
All_AI_Tech_Select_,838249,838382,133,97,4,838249,838374,33,shorter+unresolved,0,0,1
Get_Max_Technology_Value_,838382,838471,89,97,4,838382,838436,17,shorter+unresolved,0,0,1
System_Proximity_Count_,838471,838576,105,97,4,838471,838576,41,matches,0,0,0
Apply_Evolutionary_Upgrades_,838576,838705,129,97,4,838576,838705,34,matches,0,1,0
AI_Agrees_To_Trade_Agreement_,838705,838787,82,98,4,838705,838787,29,matches+unresolved,0,0,1
AI_Agrees_To_Research_Agreement_,838787,838860,73,98,4,838780,838860,28,matches+unresolved,0,1,1
Handle_Leader_At_Lost_Colony_,838860,839084,224,100,4,838860,839084,74,matches,0,0,0
Destroy_Colony_,839084,839357,273,100,4,839084,839357,88,matches,0,0,0
Resolve_Bomb_Hit_,839357,839998,641,100,4,839357,839504,49,shorter+unresolved,0,0,1
Resolve_Biological_Hit_,839998,840434,436,100,4,839351,840254,61,shorter+unresolved,0,0,3
Apply_Bomb_Hits_,840434,840529,95,100,4,839077,840529,42,matches,0,0,0
Receive_Chat_Msg_,840529,840632,103,101,4,840529,840632,34,matches+unresolved,0,0,1
Send_Chat_Msg_,840632,840746,114,101,4,840632,840746,43,matches,0,0,0
Send_GNN_Chat_Msg_,840746,840885,139,101,4,840746,840885,46,matches,0,1,0
_minerals_per_mine,840885,840890,5,102,4,840885,840890,2,matches,1,0,0
_climate_maintenance_modifiers,840890,840957,67,102,4,840890,840957,34,matches+unresolved,1,0,1
Load_Colcalc_Strings_,840957,842226,1269,102,4,840957,842226,608,matches,0,0,0
Colony_Officer_,842226,842294,68,102,4,842226,842294,21,matches,0,0,0
Format_Quotient_,842294,842452,158,102,4,842294,842452,58,matches,0,1,0
Mixed_Race_Morale_Penalty_,842452,842533,81,102,5,842452,842533,36,matches,0,0,0
Colony_Morale_,842533,843515,982,102,5,842533,846621,286,extends,0,2,0
Show_Morale_,843515,843564,49,102,4,843515,843564,14,matches,0,0,0
Gravity_Player_Production_Factor_,843564,843731,167,102,4,843564,843731,38,matches+unresolved,0,0,3
Colony_Pop_Prod_Produced_,843731,843838,107,102,4,843731,854863,43,extends,0,1,0
Colony_Food2_Per_Farmer_,843838,843974,136,102,4,843838,843974,38,matches+unresolved,0,0,3
Colony_Empire_Base_Food2_Produced_,843974,844332,358,102,4,843974,844332,64,matches+unresolved,0,0,3
Colony_Pop_Base_Prod_Produced_,844332,844416,84,102,5,844332,847387,27,extends,0,1,0
Colony_Job_Production_,844416,845412,996,102,5,844416,844504,25,shorter+unresolved,0,0,1
Colony_Food_Production_,845412,846621,1209,102,5,845412,846621,99,matches+unresolved,0,0,3
Show_Food_Production_,846621,846667,46,102,4,846621,846667,11,matches,0,1,0
Colony_Food_Maintenance_,846667,846997,330,102,5,846667,846948,74,shorter+unresolved,0,1,1
Colony_Industry_Per_Worker_,846997,847175,178,102,4,846997,847027,9,shorter+unresolved,0,0,1
Colony_Empire_Base_Industry_Produced_,847175,847387,212,102,4,847175,847387,55,matches+unresolved,0,0,3
Colony_Industry_Production_,847387,849176,1789,102,5,847387,849176,247,matches+unresolved,0,0,3
Show_Industry_Production_,849176,849222,46,102,4,849176,849222,11,matches,0,1,0
Colony_Industry_Maintenance_,849222,849519,297,102,5,849222,849470,52,shorter+unresolved,0,1,2
Colony_Replicators_,849519,850113,594,102,5,849519,860062,21,extends+unresolved,0,0,1
Colony_Is_Blockaded_,850113,850160,47,102,4,850113,850160,16,matches,0,0,0
Pass_Out_Imports_,850160,851398,1238,102,5,846615,851398,141,matches+unresolved,0,1,7
Colony_Research_Per_Scientist_,851398,851575,177,102,4,851398,851575,57,matches+unresolved,0,0,4
Colony_Empire_Base_Research_Produced_,851575,851828,253,102,4,851575,851822,62,shorter+unresolved,0,1,2
Colony_Research_Production_,851828,852931,1103,102,5,846615,852229,111,shorter+unresolved,0,0,3
Show_Research_Production_,852931,852977,46,102,4,852931,852977,11,matches,0,1,0
Colony_BC_Production_,852977,854216,1239,102,5,846615,854149,358,shorter+unresolved,0,0,3
Show_BC_Production_,854216,854262,46,102,4,854216,854262,11,matches,0,1,0
Colony_Industry_To_Tax_,854262,854351,89,102,5,854262,854351,25,matches+unresolved,0,0,1
Colony_BC_Maintenance_,854351,854548,197,102,5,854351,854526,53,shorter+unresolved,0,0,1
Size_Subterranean_Pop_Bonus_,854548,854552,4,102,4,854548,854552,3,matches,0,0,0
Size_And_Climate_Max_Population_,854552,854601,49,102,5,854552,854601,16,matches,0,0,0
Player_Effective_Climate_,854601,854675,74,102,5,854601,854675,12,matches+unresolved,0,0,1
Size_And_Climate_Race_Pop_Limit_,854675,854863,188,102,5,854675,854863,57,matches+unresolved,0,0,2
Planet_Max_Population_For_Player_,854863,855069,206,102,4,854863,855069,63,matches+unresolved,0,1,1
Colony_Race_Pop_Limit_,855069,855150,81,102,4,855069,855129,16,shorter+unresolved,0,0,1
Colony_N_Pops_Of_Empire_,855150,855195,45,102,4,855150,855195,23,matches,0,0,0
Room_For_Another_Dude_,855195,855448,253,102,4,855195,855448,81,matches,0,1,0
Ship_Type_Cost_For_Player_,855448,855510,62,102,4,855448,855510,19,matches,0,0,0
Colony_Product_Cost_,855510,855957,447,102,4,855510,855957,115,matches+unresolved,0,0,1
Colony_Current_Product_Cost_,855957,855972,15,102,4,855957,855972,5,matches,0,0,0
Colony_N_Turns_To_Produce_,855972,856066,94,102,4,855972,856014,14,shorter+unresolved,0,0,1
Colony_Cost_To_Buy_Given_Product_,856066,856197,131,102,4,854856,856197,53,matches,0,3,0
Colony_Cost_To_Buy_Product_,856197,856221,24,102,4,856197,856221,8,matches,0,0,0
Colony_Buy_Outright_,856221,856298,77,102,4,856221,856298,22,matches,0,0,0
Colony_Can_Afford_To_Buy_Product_,856298,856363,65,102,4,856298,856363,20,matches,0,0,0
Star_Has_Asteroid_Or_Gas_Giant_,856363,856431,68,102,4,856363,856431,31,matches,0,0,0
Delete_Obsolete_Artifical_Planets_Under_Construction_,856431,856508,77,102,4,856431,856508,31,matches,0,0,0
Colony_Can_Build_Product_,856508,858169,1661,102,4,856508,858169,79,matches+unresolved,0,1,2
Colony_Pop_Grows_,858169,859373,1204,102,5,858169,858586,137,shorter+unresolved,0,1,2
Colony_Environmental_Stuff_,859373,859481,108,102,4,859373,859481,36,matches,0,0,0
Pre_Import_Computing_,859481,859679,198,102,4,859481,859619,41,shorter+unresolved,0,0,1
Colony_Specialty_,859679,859763,84,102,5,859679,859709,12,shorter+unresolved,0,0,1
Post_Import_Computing_,859763,859780,17,102,5,859763,859780,7,matches,0,0,0
Colony_Production_Calculation_,859780,859798,18,102,5,859780,859798,7,matches,0,0,0
Player_Research_Cost_,859798,859846,48,102,4,859798,859846,15,matches+unresolved,0,0,1
Chance_For_Research_Breakthrough_Aux_,859846,859892,46,102,5,859846,859892,22,matches,0,0,0
Chance_For_Research_Breakthrough_,859892,859940,48,102,4,859892,859940,17,matches,0,0,0
Player_N_Turns_Until_Research_Complete_,859940,860062,122,102,4,859940,859965,9,shorter+unresolved,0,0,1
Leader_At_Anomaly_,860062,860103,41,102,4,860062,860103,16,matches,0,0,0
Tribute_Received_From_,860103,860160,57,102,5,860103,860140,8,shorter+unresolved,0,0,1
Compute_Player_Maintenance_,860160,861764,1604,102,4,860160,861671,413,shorter+unresolved,0,0,4
Show_Command_Points_,861764,861809,45,102,4,861764,861809,10,matches,0,1,0
Compute_Total_Building_Costs_,861809,861920,111,102,4,861809,861920,34,matches,0,1,0
Player_Owns_Officer_,861920,861968,48,102,4,861920,861968,22,matches,0,0,0
Update_Player_Stats_,861968,862832,864,102,4,861968,862526,156,shorter+unresolved,0,0,1
Colony_Calculation_,862832,862897,65,102,4,862832,862897,21,matches,0,0,0
Star_Colony_Calculation_,862897,863025,128,102,4,862897,863025,43,matches,0,0,0
All_Colony_Calculations_,863025,863497,472,102,4,863025,863497,104,matches+unresolved,0,0,2
Do_Colony_Calculations_,863025,863497,472,102,4,863025,863497,104,matches+unresolved,0,0,2
Do_Player_Colony_Post_Production_,863497,863602,105,102,4,863497,863602,29,matches,0,1,0
Do_Player_Colony_Calculations_,863602,863690,88,102,4,863602,863690,26,matches,0,0,0
Apply_Colony_Pop_Growth_,863690,865366,1676,102,5,863690,865366,192,matches+unresolved,0,1,3
Apply_Assimilation_,865366,865814,448,102,5,860055,865454,31,shorter+unresolved,0,0,1
Produce_Ground_Military_,865814,865975,161,102,5,865814,865975,38,matches,0,0,0
Housing_Is_Useless_,865975,866015,40,102,5,865975,866015,16,matches,0,0,0
Apply_Production_,866015,867994,1979,102,5,860055,866150,47,shorter+unresolved,0,0,1
Ghost_Colony_Stuff_,867994,868206,212,102,5,860055,868206,75,matches,0,1,0
Apply_Colony_Changes_,868206,868316,110,102,5,868206,868316,38,matches,0,0,0
Apply_All_Colony_Changes_,868316,868381,65,102,4,868316,868381,21,matches,0,0,0
Advance_Player_Field_,868381,868495,114,102,5,868381,868495,34,matches+unresolved,0,0,2
Ensure_Uncreative_Field_OK_,868495,868651,156,102,5,868495,868651,56,matches,0,0,0
Player_May_Get_Tech_App_,868651,868827,176,102,4,868651,868659,2,shorter+unresolved,0,0,1
Field_Is_Gray_Box_,868827,868868,41,102,4,868827,868868,19,matches,0,0,0
Player_Gets_Tech_App_,868868,869392,524,102,4,868868,868889,8,shorter+unresolved,0,0,1
Give_Player_Field_,869392,869600,208,102,4,869392,869600,76,matches+unresolved,0,0,1
Check_For_Research_Breakthrough_,869600,869685,85,102,4,869600,869685,26,matches+unresolved,0,0,1
Compute_Player_Total_Known_Tech_Cost_,869685,869887,202,102,4,869685,869708,9,shorter+unresolved,0,0,1
Eliminate_Player_,869887,870431,544,102,5,860055,870431,126,matches+unresolved,0,1,1
Do_Surrender_Colony_,870431,870714,283,102,5,870431,870714,87,matches,0,0,0
Do_Surrender_Star_,870714,870921,207,102,5,870714,870921,66,matches,0,0,0
May_Surrender_Star_,870921,871091,170,102,4,870921,871091,59,matches,0,0,0
Surrender_Star_,871091,871263,172,102,4,869595,871263,62,matches,0,0,0
Do_Surrender_Empire_,871263,871634,371,102,5,871263,871634,104,matches,0,1,0
May_Surrender_Empire_,871634,871686,52,102,4,871634,871654,4,shorter+unresolved,0,0,1
Surrender_Empire_,871686,871881,195,102,4,871686,871786,22,shorter+unresolved,0,0,2
Do_Surrenders_,871881,872020,139,102,4,871881,872020,37,matches+unresolved,0,1,1
Init_Surrenders_,872020,872115,95,102,4,872020,872115,31,matches+unresolved,0,0,1
Check_For_Eliminated_Players_,872115,872265,150,102,4,872115,872265,45,matches,0,0,0
Apply_All_Player_Changes_,872265,872490,225,102,4,872265,872490,32,matches+unresolved,0,1,1
N_Living_Players_,872490,872542,52,102,4,872490,872542,18,matches,0,0,0
N_Living_Human_Players_,872542,872599,57,102,4,872542,872599,20,matches,0,0,0
Compute_Blockades_,872599,873077,478,102,4,872599,873077,139,matches,0,1,0
Colony_Can_Build_Large_Ships_,873077,873110,33,102,4,873077,873110,10,matches,0,0,0
Compute_Star_Colony_Stuff_,873110,873421,311,102,4,873110,873421,74,matches+unresolved,0,1,1
Do_Colony_Owner_Change_Star_Colony_Stuff_,873421,873479,58,102,4,873421,873479,17,matches,1,0,0
Rebuild_WFI_List_,873479,873480,1,102,4,873479,873480,1,matches,0,0,0
Compute_All_Star_Colony_Stuff_,873480,873520,40,102,4,873480,873520,13,matches,0,0,0
Compute_Potential_Colony_Info_,873520,873918,398,102,4,873520,873550,11,shorter+unresolved,0,0,1
Twiddle_Initial_Homeworld_,873918,874448,530,102,5,860056,874448,138,matches+unresolved,0,4,2
First_Colony_Of_Player_,874448,874484,36,102,4,872261,874484,17,matches,0,0,0
Monster_At_Star_,874484,874546,62,102,5,874484,874546,23,matches,0,0,0
Twiddle_Initial_Homeworlds_,874546,875239,693,102,4,860055,875239,140,matches+unresolved,0,1,1
Colony_Planetary_Shield_,875239,875287,48,102,4,875239,875287,14,matches,0,0,0
Get_Player_Max_Population_,875287,875369,82,102,4,875287,875369,30,matches,0,0,0
Get_System_Population_,875369,875480,111,102,4,875369,875480,38,matches,0,1,0
Sort_star_weights_,875480,875491,11,102,5,875480,875491,4,matches,0,0,0
Get_Surrender_System_,875491,875732,241,102,4,875491,875732,78,matches,0,0,0
Get_Possible_Surrender_Systems_,875732,876008,276,102,4,875732,875764,11,shorter+unresolved,0,0,1
Player_Name_,876008,876041,33,102,4,876008,876041,12,matches,0,0,0
Best_Leader_Diplomat_Bonus_,876041,876211,170,102,4,876041,876211,56,matches,0,1,0
Make_New_Colony_Or_Outpost_,876211,876657,446,103,5,876211,876631,122,shorter+unresolved,0,0,2
Make_New_Colony_,876657,876671,14,103,4,876657,876671,7,matches,0,0,0
Make_New_Outpost_,876671,876683,12,103,4,876671,876683,5,matches,0,1,0
Star_N_Uncolonized_Planets_,876683,876744,61,103,4,876683,876744,27,matches,0,0,0
Star_N_Colonizable_Planets_For_Player_,876744,876850,106,103,4,876744,876850,43,matches,0,0,0
Star_N_Outpostable_Planets_For_Player_,876850,876912,62,103,4,876850,876912,26,matches,0,0,0
Find_Colonize_Players_,876912,877812,900,103,5,876912,877812,261,matches,0,0,0
Allocate_New_Colony_Slots_,877812,878072,260,103,4,877812,878072,73,matches+unresolved,0,0,1
AI_Colonize_,878072,878582,510,103,4,878072,878582,148,matches,0,1,0
All_AI_Colonize_,878582,878632,50,103,4,878582,878632,19,matches,0,0,0
Load_Combfind_Strings_,878632,878851,219,104,4,878632,878851,108,matches,0,0,0
Copy_Target_Info_,878851,878874,23,104,4,878851,878874,13,matches,0,0,0
Send_Star_Player_Presence_,878874,878969,95,104,4,878874,878969,36,matches,0,0,0
Decode_Star_Player_Presence_,878969,879070,101,104,4,878969,879070,40,matches,0,0,0
Target_Colony_To_Planet_,879070,879095,25,104,4,879070,879095,8,matches,0,0,0
Target_Planet_To_Colony_,879095,879116,21,104,4,879095,879116,8,matches,0,0,0
Get_Combat_Ships_,879116,879266,150,104,5,879116,879266,49,matches,0,0,0
Update_Player_Needs_To_Attack_,879266,879428,162,104,5,879266,879428,57,matches,0,0,0
Kill_Noncombat_Ships_,879428,879565,137,104,5,879428,879565,40,matches,0,0,0
Closest_Other_Colony_Star_,879565,879786,221,104,4,879565,879786,68,matches,0,0,0
Determine_Retreat_Ships_,879786,880210,424,104,5,879786,880210,118,matches+unresolved,0,0,1
Process_Retreating_Ships_,880210,881411,1201,104,4,880210,881411,233,matches+unresolved,0,1,6
AI_Can_Retreat_,881411,881475,64,104,5,881411,881475,27,matches,0,0,0
Russ_Combat_,881475,882296,821,104,5,881475,882296,225,matches,0,0,0
Expected_Bomb_Hits_,882296,882354,58,104,5,882296,882354,21,matches,0,0,0
Get_Ship_Strength_Info_,882354,882855,501,104,5,882354,882855,155,matches,0,0,0
Get_Best_Colony_Target_,882855,883577,722,104,5,879260,883577,35,matches+unresolved,0,1,1
Human_Confirms_Attack_,883577,883931,354,104,5,883577,883931,47,matches+unresolved,0,1,1
Get_Local_Human_Target_,883931,884170,239,104,5,883931,883980,16,shorter+unresolved,0,0,1
Get_AI_Target_,884170,884777,607,104,5,884170,884777,23,matches+unresolved,0,0,1
Get_NPC_Target_,884777,885140,363,104,5,884777,885140,19,matches+unresolved,0,0,1
Pick_Attacker_At_Star_,885140,885297,157,104,5,885140,885297,59,matches,0,1,0
Player_May_Attack_Player_,885297,885428,131,104,5,885297,885428,45,matches,0,0,0
Collect_Targets_For_Combat_,885428,885786,358,104,5,885428,885447,8,shorter+unresolved,0,0,1
Some_Star_Player_Is_Busy_,885786,885925,139,104,5,885786,885925,51,matches,0,0,0
Pick_Star_And_Attacker_,885925,886173,248,104,4,879781,886173,72,matches+unresolved,0,0,1
Strategic_Results_Popup_,886173,886263,90,104,5,886173,886217,11,shorter+unresolved,0,0,1
Bomb_Results_Popups_,886263,886432,169,104,5,886263,895178,50,extends,0,1,0
Has_Stellar_Converter_,886432,886503,71,104,5,886432,886503,32,matches,0,0,0
N_Enemy_Stars_In_Range_,886503,886585,82,104,4,886503,886585,29,matches,0,1,0
N_Enemy_Stars_,886585,886646,61,104,5,886585,886646,26,matches,0,0,0
Player_Owns_Transports_,886646,886738,92,104,5,886646,886714,25,shorter,0,0,0
Do_Attacker_Beat_Colony_Stuff_,886738,889688,2950,104,5,886738,889688,722,matches+unresolved,0,0,4
Reset_Combat_Ships_At_Current_Star_Has_Player_,889688,889740,52,104,5,889688,889740,19,matches,0,0,0
Do_1_Combat_,889740,890985,1245,104,5,889740,890985,296,matches+unresolved,0,0,5
Planet_Has_Splinter_Colony_,890985,890993,8,104,5,890985,890993,3,matches,0,0,0
Find_Planet_At_Star_Satisfying_,890993,891067,74,104,4,890993,891067,34,matches,0,0,0
Free_Colony_Slot_,891067,891122,55,104,4,891067,891122,19,matches,0,0,0
Reset_One_Shot_System_Special_,891122,891175,53,104,4,891122,891175,24,matches,0,0,0
Do_System_Discoveries_At_Star_,891175,892115,940,104,5,891175,895178,280,extends+unresolved,0,4,1
Do_Dragon_Bribe_,892115,892258,143,104,5,892115,892258,44,matches,0,0,0
Search_For_Battles_,892258,893681,1423,104,4,892258,892787,141,shorter+unresolved,0,0,1
Client_Combat_Loop_,893681,895178,1497,104,4,893681,895153,281,shorter+unresolved,0,0,5
GNN_Reports_Combat_,895178,895259,81,104,5,895178,895259,28,matches,0,0,0
Do_Nonhuman_Attack_Against_Human_,895259,895649,390,104,5,895259,895510,62,shorter+unresolved,0,1,1
Do_Net_Combat_Update_,895649,897426,1777,104,4,895166,896459,166,shorter+unresolved,0,0,4
Compute_Contacts_,897426,898241,815,105,4,897426,898241,214,matches+unresolved,0,0,3
_orbit_consts,898241,898269,28,106,5,898241,898269,9,matches,1,0,0
Points_On_Same_Side_Of_Line_,898269,898353,84,106,4,898269,898353,36,matches,0,0,0
Point_Within_D_Of_Seg_,898353,899013,660,106,4,898353,899013,223,matches,0,0,0
Collect_Black_Holes_,899013,899069,56,106,4,899013,899069,25,matches,0,0,0
Black_Hole_Blocks_Points_,899069,899197,128,106,4,899069,899197,45,matches,0,0,0
Initialize_Black_Hole_Blocks_,899197,899528,331,106,4,899197,899528,104,matches,0,0,0
Point_Is_In_Nebula_N_,899528,899642,114,106,4,899528,899642,50,matches,0,0,0
Point_Is_In_Some_Nebula_,899642,899708,66,106,4,899642,899708,20,matches+unresolved,0,0,1
Star_Is_In_Some_Nebula_,899708,899734,26,106,4,899708,899734,9,matches,0,0,0
Initialize_Star_In_Nebula_Info_,899734,899779,45,106,4,899734,899779,19,matches,0,0,0
Point_Is_In_Warp_Field_Interdictor_Of_Star_,899779,899852,73,106,4,899779,899852,32,matches,0,0,0
Move_Player_1_Turn_To_Star_,899852,900274,422,106,4,899852,900274,141,matches,0,0,0
Union_Find_,900274,900480,206,106,4,900274,900480,72,matches,0,0,0
Map_Is_Connected_,900480,900729,249,106,4,900480,900714,74,shorter+unresolved,0,0,1
Parsecs_Between_Points_,900729,900791,62,106,4,900479,900791,23,matches,0,0,0
Parsecs_Between_Stars_,900791,900843,52,106,4,900791,900843,19,matches,0,0,0
Get_Orbit_Display_X_Y_,900843,901067,224,106,4,900843,900914,23,shorter+unresolved,0,0,1
Get_Orbit_From_X_Y_,901067,901342,275,106,4,901067,901342,87,matches,0,1,0
Actual_Expected_Damage_,901342,901468,126,106,4,901342,901468,48,matches,0,1,0
Compute_Player_Ground_Combat_Bonuses_,901468,901807,339,107,4,901468,901807,94,matches,0,0,0
Compute_Colony_Officer_Bonus_,901807,901885,78,107,5,901807,901885,30,matches,0,0,0
Compute_Attacker_Officer_Bonus_,901885,902048,163,107,5,901885,902048,57,matches,0,0,0
Find_Troops_,902048,902094,46,107,5,902048,902078,11,shorter,0,0,0
Compute_Ground_Combat_Info_,902094,902398,304,107,5,902094,902398,91,matches,0,0,0
Ground_Combat_Round_,902398,902657,259,107,4,902398,902657,85,matches,0,0,0
Resolve_Ground_Combat_,902657,902686,29,107,4,902654,902686,15,matches,0,0,0
Colony_N_Militia_,902686,902746,60,107,5,902686,902746,28,matches,0,0,0
Get_Rebellion_Info_,902746,903015,269,107,5,902746,903015,76,matches,0,0,0
Get_Boarding_Info_,903015,903217,202,107,4,903015,903217,60,matches,0,0,0
Get_Invasion_Info_,903217,903548,331,107,4,903217,903548,95,matches,0,1,0
Enforce_Population_Limits_At_Colony_,903548,904037,489,107,4,903548,904037,157,matches,0,0,0
Assign_New_Home_Planet_,904037,904183,146,107,4,904037,904183,46,matches,0,0,0
Change_Pop_Ownership_,904183,904709,526,107,5,904183,904377,50,shorter+unresolved,0,0,1
Resolve_Invasion_Troops_,904709,904906,197,107,5,904709,904765,18,shorter+unresolved,0,0,1
Resolve_Rebellion_Troops_,904906,905025,119,107,5,904906,905025,33,matches+unresolved,0,0,1
Change_Colony_Ownership_,905025,905824,799,107,4,905025,905066,14,shorter+unresolved,0,0,1
Check_Rebellion_,905824,906314,490,107,5,905824,906314,156,matches+unresolved,0,1,1
Check_All_Rebellions_,906314,906379,65,107,4,906314,906379,21,matches,0,0,0
Invade_,906379,906653,274,107,4,906379,906483,32,shorter+unresolved,0,0,1
Colony_Infantry_Limit_,906653,906727,74,107,4,906653,906701,11,shorter+unresolved,0,0,1
Colony_Infantry_Barracks_Limit_,906727,906781,54,107,4,906727,906755,7,shorter+unresolved,0,0,1
Colony_Tank_Limit_,906781,906868,87,107,4,906781,906829,11,shorter+unresolved,0,0,1
Colony_Tank_Barracks_Limit_,906868,906935,67,107,4,906868,906896,7,shorter+unresolved,0,0,1
Unload_Transports_,906935,907027,92,107,4,906935,907027,34,matches+unresolved,0,0,1
Compute_Colony_Ground_Combat_Info_,907027,907171,144,107,4,907027,907171,45,matches,0,0,0
Compute_Stars_In_Range_Of_Player_,907171,907311,140,108,5,907171,907206,11,shorter+unresolved,0,0,1
Player_Lose_Out_Of_Range_Ships_,907311,907455,144,108,5,907311,907455,46,matches,0,0,0
Lose_Out_Of_Range_Ships_,907455,907528,73,108,4,907455,907524,26,shorter,0,0,0
Kill_Research_Buildings_,907528,907756,228,109,5,907528,907756,39,matches+unresolved,0,0,1
Building_Worth_,907756,908002,246,109,5,907756,908002,55,matches+unresolved,0,0,2
Phase1_Building_,908002,908061,59,109,5,908002,908016,5,shorter+unresolved,0,0,1
Phase2_Building_,908061,908077,16,109,5,908061,908072,3,shorter+unresolved,0,0,1
Phase3_Building_,908077,908085,8,109,5,908077,908085,3,matches,0,0,0
Kill_Buildings_,908085,908479,394,109,5,908085,908479,124,matches,0,0,0
Kill_Spy_,908479,908659,180,109,5,907749,908659,64,matches,0,1,0
Ship_Is_At_Colony_,908659,908760,101,109,5,908659,908760,40,matches,0,0,0
Ship_Scrap_Value_,908760,908791,31,109,4,908760,908791,15,matches,0,0,0
Kill_Ships_,908791,909202,411,109,5,908791,909202,125,matches,0,0,0
Make_Scrap_Ships_Dead_,909202,909280,78,109,4,909202,909280,26,matches,0,0,0
Kill_Leaders_,909280,909488,208,109,5,907749,909488,72,matches,0,0,0
Player_Maintenance_,909488,910497,1009,109,4,907749,910489,301,shorter+unresolved,0,0,1
Load_Msg_Strings_,910497,912186,1689,110,4,910497,912186,808,matches,0,0,0
Allocate_Msg_Slots_,912186,912376,190,110,4,912186,912376,64,matches,0,0,0
First_Msg_For_Player_,912376,912386,10,110,4,912376,912384,2,shorter+unresolved,0,0,1
N_Msgs_For_Player_,912386,912536,150,110,4,912386,912394,2,shorter+unresolved,0,0,1
sprintf_msg_,912536,914985,2449,110,4,912536,914985,702,matches,0,0,0
Add_Msg_,914985,915134,149,110,4,914985,915134,55,matches,0,0,0
Add_Msg_All_,915134,915184,50,110,4,915134,915184,26,matches,0,0,0
Goto_Msg_Colony_,915184,915302,118,110,4,915184,915302,29,matches+unresolved,0,0,1
Add_Diplomacy_Msg_,915302,915453,151,110,5,915302,915453,50,matches+unresolved,0,0,1
Add_War_Msg_,915453,915463,10,110,4,915453,915463,5,matches,0,0,0
Add_Peace_Msg_,915463,915471,8,110,4,915463,915471,3,matches,0,1,0
Add_Alliance_Msg_,915471,915479,8,110,4,915471,915479,3,matches,0,1,0
Add_Nonaggression_Msg_,915479,915487,8,110,4,915479,915487,3,matches,0,1,0
Add_Peace_Ended_Msg_,915487,915495,8,110,4,915487,915495,3,matches,0,1,0
Add_Ongoing_Event_Msgs_,915495,916154,659,110,4,915495,915950,152,shorter+unresolved,0,0,1
Add_Banner_Field_,916154,916304,150,111,5,916154,916298,42,shorter+unresolved,0,0,1
Add_Choose_Net_Plyrs_Fields_,916304,916714,410,111,5,916304,916346,14,shorter+unresolved,0,0,1
Add_Net_Next_Turn_Fields_,916714,917114,400,111,4,916714,917114,110,matches,0,1,0
Add_Load_MP_Game_Screen_Fields_,917114,917383,269,111,5,917114,917383,45,matches+unresolved,0,1,1
Add_Choose_Multi_Net_Game_Fields_,917383,917658,275,111,5,917383,917438,19,shorter+unresolved,0,0,1
Add_MP_Setup_Screen_Fields_,917658,918514,856,111,5,917658,918044,102,shorter+unresolved,0,0,1
Add_Modem_Setup_Fields_,918514,919160,646,111,5,918514,918536,9,shorter+unresolved,0,0,1
Add_Modem_String_Fields_,919160,919553,393,111,5,919160,919553,109,matches,0,1,0
Add_Waiting_For_Joiners_Field_,919553,919631,78,111,4,919553,919631,22,matches,0,0,0
Print_Modem_Strings_,919631,919875,244,111,5,919631,919875,66,matches,0,1,0
Add_NullModem_Setup_Fields_,919875,920429,554,111,5,919875,919910,10,shorter+unresolved,0,0,1
Valid_Net_Games_,920429,920460,31,111,5,920429,920460,11,matches,0,0,0
Check_Modem_Init_Help_Fields_,920460,920718,258,111,5,920460,920718,77,matches,0,0,0
Choose_Multi_Network_Game_Screen_,920718,921111,393,111,4,920718,921111,100,matches+unresolved,0,1,1
Choose_Network_Plyrs_Screen_,921111,921702,591,111,4,921111,921265,40,shorter+unresolved,0,0,1
Confirmation_Of_Opponent_Joining_,921702,921717,15,111,5,921702,921717,3,matches,1,0,0
Draw_Net_Next_Turn_Screen_,921717,923246,1529,111,4,921717,921787,17,shorter+unresolved,0,0,1
Draw_Choose_Net_Plyrs_Screen_,923246,924103,857,111,4,923246,923446,41,shorter+unresolved,0,0,1
Draw_Generic_Net_Info_Screen_,924103,924404,301,111,4,924103,924378,62,shorter+unresolved,0,0,1
Draw_Join_Net_Screen_,924103,924404,301,111,4,924103,924378,62,shorter+unresolved,0,0,1
Draw_Choose_Multi_Net_Game_Screen_,924404,924902,498,111,5,924404,924902,67,matches+unresolved,0,1,1
Draw_Load_MP_Game_Screen_,924902,925826,924,111,5,924902,924967,16,shorter+unresolved,0,0,2
Draw_MP_Setup_Screen_,925826,926130,304,111,5,925826,926130,69,matches,0,0,0
Draw_MP_Buttons_Down_,926130,926421,291,111,5,926130,926421,73,matches,0,0,0
Draw_Modem_Setup_Screen_,926421,927554,1133,111,5,926421,926895,132,shorter+unresolved,0,0,1
Draw_Fill_Seg_,927554,927671,117,111,5,927554,927671,39,matches,0,0,0
Draw_Multi_Player_Banner_,927671,927924,253,111,4,927671,927924,77,matches,0,0,0
Draw_NullModem_Setup_Screen_,927924,928907,983,111,5,927924,928229,85,shorter+unresolved,0,0,1
Draw_SendGet_Net_Info_Screen_,928907,929253,346,111,4,928907,929075,36,shorter+unresolved,0,0,1
Draw_Wait_For_New_Joiners_Screen_,929253,929614,361,111,4,929253,929426,37,shorter+unresolved,0,0,1
Draw_Wait_For_Race_Info_Screen_,929614,929977,363,111,4,929614,929835,49,shorter+unresolved,0,0,1
Get_Main_Palette_Base_Colors_,929977,930073,96,111,5,929977,930073,34,matches,0,0,0
Get_Player_Colors_,930073,930235,162,111,5,930073,930235,54,matches,0,0,0
Get_Net_Next_Turn_Player_Colors_,930235,930734,499,111,5,930235,930734,20,matches+unresolved,0,1,1
Get_Valid_MP_Save_Games_,930734,930798,64,111,5,930734,930798,29,matches,0,0,0
Hotseat_Add_Next_Player_Fields_,930798,931050,252,111,5,930798,931050,63,matches+unresolved,0,1,1
Hotseat_Draw_Next_Player_,931050,931836,786,111,5,931050,931091,11,shorter+unresolved,0,0,1
Hotseat_Get_Colors_,931836,932060,224,111,5,931836,932060,68,matches,0,1,0
Hotseat_Get_N_Valid_Players_,932060,932110,50,111,5,932060,932110,21,matches,0,0,0
Hotseat_Load_Next_Player_,932110,932391,281,111,5,932110,932143,10,shorter+unresolved,0,0,1
Hotseat_Print_Player_Data_,932391,932552,161,111,5,932391,932552,57,matches,0,0,0
Fade_In_Function_,932552,932580,28,111,5,932552,932580,13,matches,0,0,0
Hotseat_Select_Player_,932580,933223,643,111,4,932580,932693,28,shorter+unresolved,0,0,1
Hotseat_Set_Next_Player_Status_,933223,933385,162,111,5,933223,933385,37,matches+unresolved,0,1,1
Hotseat_Player_Status_,933385,933442,57,111,4,933385,933442,23,matches,0,0,0
Load_Net_Next_Turn_Screen_,933442,933830,388,111,4,933442,933472,10,shorter+unresolved,0,0,1
Load_Choose_Net_Plyrs_Screen_,933830,934099,269,111,5,933830,933858,9,shorter+unresolved,0,0,1
Load_Choose_Multi_Net_Game_Screen_,934099,934317,218,111,5,934099,934115,6,shorter+unresolved,0,0,1
Load_Load_MP_Game_Screen_,934317,934602,285,111,5,934317,934333,6,shorter+unresolved,0,0,1
Load_MP_Setup_Pictures_,934602,935099,497,111,5,934602,934618,6,shorter+unresolved,0,0,1
Load_Modem_Setup_Screen_,935099,935387,288,111,5,935099,935110,5,shorter+unresolved,0,0,1
Copy_Modem_Defaults_To_Net_Struct_,935387,935655,268,111,5,935387,935463,21,shorter+unresolved,0,0,2
Set_Default_Modem_Settings_,935655,935776,121,111,4,935655,935664,3,shorter+unresolved,0,0,1
Load_Multi_Player_Game_Screen_,935776,936321,545,111,4,935776,936321,99,matches+unresolved,0,2,2
Load_NullModem_Setup_Screen_,936321,936648,327,111,5,936321,936333,6,shorter+unresolved,0,0,1
Modem_Setup_Screen_,936648,937369,721,111,5,936648,937369,167,matches+unresolved,0,1,5
Multi_Player_Screen_,937369,938506,1137,111,4,937369,938486,189,shorter+unresolved,0,0,10
NullModem_Setup_Screen_,938506,938955,449,111,5,938506,938955,81,matches+unresolved,0,1,5
Reload_Generating_Map_Info_,938955,938967,12,111,4,938955,938967,2,matches,1,0,0
Reload_Generic_Net_Info_,938967,939168,201,111,4,938967,939000,11,shorter+unresolved,0,0,1
Reload_Getting_Data_Info_,939168,939198,30,111,4,939168,939198,6,matches,0,0,0
Reload_Initializing_Net_Info_,939198,939215,17,111,4,939198,939215,3,matches,1,0,0
Reload_Join_Net_Screen_,939215,939225,10,111,4,939215,939225,2,matches,0,1,0
Reload_Sending_Data_Info_,939225,939291,66,111,4,939225,939291,18,matches,0,0,0
Reload_Wait_For_Race_Info_,939291,939306,15,111,4,939291,939306,3,matches,0,1,0
Reload_Waiting_For_Joiners_Screen_,939306,939379,73,111,4,939306,939379,18,matches,0,0,0
N_Net_Players_Chosen_Positions_,939379,939428,49,111,4,939379,939428,20,matches,0,0,0
Chat_Box_Input_Loop_,939428,939665,237,111,4,939428,939449,6,shorter+unresolved,0,0,1
Set_Multi_Player_Game_Type_,939665,939895,230,111,5,939665,939851,14,shorter+unresolved,0,0,4
Change_MP_Game_Name_,939895,940163,268,111,5,939895,940163,84,matches,0,1,0
Load_Netmox_Strings_,940163,940340,177,112,4,940163,940340,88,matches,0,0,0
Net_Exit_With_Message_,940340,940345,5,112,5,940340,940345,1,matches,1,0,0
Basic_Update_,940345,940703,358,112,5,940339,940364,5,shorter,1,0,0
Main_Receive_Message_,940703,944065,3362,112,5,940703,944065,691,matches+unresolved,0,0,10
Receive_Message_,944065,944150,85,112,4,944065,944150,27,matches,0,0,0
Mox_Send_Message_,944150,944638,488,112,4,944150,944638,126,matches,0,0,0
Mox_Net_Update_,944638,946064,1426,112,4,944638,959375,28,extends+unresolved,0,1,1
fseek_modem_file_,946064,946137,73,112,5,946064,946137,40,matches,0,0,0
fgetc_modem_file_,946137,946211,74,112,5,946137,946211,37,matches,0,0,0
fread_modem_file_,946211,946301,90,112,5,946211,946301,47,matches,0,0,0
fwrite_modem_file_,946301,946411,110,112,5,946301,946391,47,shorter,0,0,0
Make_Difference_Buffer_,946411,946897,486,112,4,946411,946897,165,matches,0,0,0
Decode_Difference_Buffer_,946897,947138,241,112,5,946897,947138,79,matches,0,2,0
Open_Modem_File_,947138,947276,138,112,4,947138,947276,36,matches,0,0,0
Close_Modem_File_,947276,947323,47,112,4,947276,947323,15,matches,0,0,0
Write_Modem_File_,947323,947405,82,112,4,947323,947405,29,matches,0,0,0
Broadcast_Game_Data_Differential_,947405,948726,1321,112,4,947405,948726,405,matches,0,1,0
Decode_Broadcast_Game_Data_Differential_,948726,949909,1183,112,4,948726,949909,370,matches,0,0,0
Send_Game_Orders_,949909,951223,1314,112,4,949909,951223,262,matches+unresolved,0,1,1
Ditch_Leader_,951223,951256,33,112,5,951223,951256,9,matches,0,0,0
Decode_Game_Orders_,951256,952536,1280,112,4,951256,952536,248,matches+unresolved,0,0,1
Send_Pick_Target_Info_,952536,953486,950,112,4,952536,953486,281,matches,0,0,0
Decode_Pick_Target_Info_,953486,954264,778,112,4,953486,954264,227,matches,0,1,0
Send_You_Are_Target_Info_,954264,955363,1099,112,4,954264,955363,320,matches,0,1,0
Decode_You_Are_Target_Info_,955363,956177,814,112,4,955363,956177,245,matches,0,1,0
Russ_Event_Monster_Update_,956177,956252,75,112,4,956177,956252,24,matches,0,0,0
Russ_Change_Relations_,956252,956365,113,112,4,956252,956365,34,matches,0,0,0
Send_Battle_Results_,956365,957528,1163,112,4,956365,957528,342,matches,0,0,0
Decode_Battle_Results_,957528,958557,1029,112,4,957528,958557,308,matches,0,1,0
Send_Pick_Your_Position_,958557,958675,118,112,4,958557,958675,37,matches,0,1,0
Decode_Pick_Your_Position_,958675,958724,49,112,5,958675,958724,20,matches,0,0,0
Send_Dragon_Info_,958724,958786,62,112,4,958724,958786,21,matches,0,0,0
Decode_Dragon_Info_,958786,958828,42,112,5,958786,958828,10,matches,0,0,0
Net_Id_To_Player_Id_,958828,958883,55,112,4,958828,958883,20,matches,0,0,0
Get_Next_AI_Talker_,958883,959088,205,112,5,958883,959088,60,matches,0,1,0
Net_Request_AI_Diplomacy_,959088,959145,57,112,4,959088,959145,19,matches,0,0,0
Net_May_Begin_AI_Diplomacy_,959145,959173,28,112,4,959145,959173,12,matches,0,0,0
Net_End_AI_Diplomacy_,959173,959375,202,112,4,959173,959375,54,matches,0,0,0
Net_Cancel_AI_Diplomacy_Request_,959375,959441,66,112,4,959375,959441,21,matches,0,0,0
Net_Cancel_AI_Diplomacy_Confirmed_,959441,959452,11,112,4,959441,959452,3,matches,0,0,0
No_AI_Diplomacy_Allowed_,959452,959478,26,112,4,959452,959478,9,matches,0,0,0
Net_Request_Human_Diplomacy_,959478,959777,299,112,4,959368,959777,80,matches,0,2,0
Net_May_Begin_Human_Diplomacy_,959777,959819,42,112,4,959777,959819,21,matches,0,0,0
Allowed_To_Cancel_Human_Diplomacy_,959819,959830,11,112,4,959819,959830,3,matches,0,0,0
Net_Cancel_Human_Diplomacy_Request_,959830,959907,77,112,4,959830,959907,24,matches,0,0,0
Human_Hit_Next_Turn_,959907,959914,7,112,4,959907,959914,2,matches,0,0,0
Net_End_Human_Diplomacy_,959914,959929,15,112,4,959914,959929,3,matches,0,0,0
Human_Diplomat_Says_Wait_,959929,959942,13,112,4,959929,959942,3,matches,0,0,0
Net_Diplomacy_With_,959942,959950,8,112,4,959942,959950,2,matches,0,0,0
Human_Requesting_Diplomacy_,959950,960035,85,112,4,959950,960035,35,matches,0,0,0
Accept_Diplomacy_Request_,960035,960296,261,112,4,960035,960296,78,matches,0,0,0
Refuse_Diplomacy_Request_,960296,960372,76,112,4,960296,960372,20,matches,0,1,0
Tell_Diplomacy_Requester_To_Wait_,960372,960405,33,112,4,960372,960405,10,matches,0,1,0
Humans_Requesting_Diplomacy_,960405,960411,6,112,4,960405,960411,2,matches,0,0,0
Net_Human_Rejected_Diplomacy_,960411,960432,21,112,4,960411,960432,6,matches,0,0,0
Send_Drop_Out_Info_,960432,960674,242,112,5,960432,960674,63,matches,0,1,0
Decode_Drop_Out_Info_,960674,960892,218,112,5,952530,960866,55,shorter+unresolved,0,0,2
Human_Abdicates_,960892,960905,13,112,4,960892,960905,5,matches,0,0,0
Human_Surrenders_,960905,960913,8,112,4,960905,960913,3,matches,0,1,0
Load_Netstart_Strings_,960913,961111,198,113,4,960913,961111,98,matches,0,0,0
Russ_Net_Init_,961111,961137,26,113,5,961111,961137,10,matches,0,0,0
Russ_Net_Create_Game_,961137,961172,35,113,5,961137,961172,14,matches,0,0,0
Mox_Net_Uninit_,961172,961219,47,113,4,961172,961219,10,matches+unresolved,0,0,1
Dump_Users_,961219,961240,21,113,4,961219,961240,9,matches,0,0,0
Net_Select_Race_,961240,961669,429,113,5,961240,961357,26,shorter+unresolved,0,0,1
Net_Pick_Position_,961669,962176,507,113,5,961669,961914,61,shorter+unresolved,0,1,2
Do_Answer_,962176,962267,91,113,5,962176,962267,30,matches,0,0,0
Join_Net_Screen_,962267,963058,791,113,4,962267,963058,132,matches+unresolved,0,0,7
Do_Dial_,963058,963195,137,113,5,963058,963195,52,matches,0,0,0
Load_Net_Screen_,963195,964581,1386,113,4,963195,963800,120,shorter+unresolved,0,0,5
Start_Net_Screen_,964581,966261,1680,113,4,964581,965221,131,shorter+unresolved,0,0,4
Request_Banner_Color_,966261,966369,108,113,4,966261,966369,35,matches,0,0,0
Request_Race_,966369,966518,149,113,4,966369,966518,43,matches,0,0,0
Unrequest_Race_,966518,966575,57,113,4,966518,966575,18,matches,0,0,0
Load_Netturn_Strings_,966575,966626,51,114,4,966575,966626,28,matches,0,0,0
Host_Next_Turn_,966626,967321,695,114,5,966626,966727,29,shorter+unresolved,0,0,1
Must_Broadcast_AI_Player_Data_,967321,967378,57,114,5,967321,967378,27,matches,0,0,0
Client_Next_Turn_,967378,967792,414,114,5,967378,967478,27,shorter+unresolved,0,0,1
Net_Next_Turn_,967792,968357,565,114,4,967792,967827,10,shorter+unresolved,0,0,1
Net_Init_Host_Election_,968357,968500,143,114,4,968357,968424,16,shorter+unresolved,0,0,1
Choose_Hyper_Advanced_Tech_,968500,968620,120,115,5,968500,968620,49,matches,0,0,0
Get_Competition_Player_Tech_Value_,968620,968773,153,115,5,968620,968646,11,shorter+unresolved,0,0,1
Calc_Tech_Value_,968773,971161,2388,115,4,968773,971161,23,matches+unresolved,0,1,1
Get_Competition_Tech_Values_,971161,971289,128,115,5,971161,971289,25,matches+unresolved,0,1,1
Set_Competition_Tech_Values_,971289,971513,224,115,4,971289,971513,54,matches,0,0,0
All_Gray_Boxes_Researched_,971513,971573,60,115,4,971513,971573,16,matches,0,0,0
Choose_Tech_Application_,971573,972270,697,115,4,971573,972270,119,matches+unresolved,0,0,5
Load_Report_Strings_,972270,972447,177,116,4,972270,972447,88,matches,0,0,0
sprintf_report_,972447,972778,331,116,4,972447,972778,107,matches,0,0,0
Client_Initialize_Reports_,972778,972828,50,116,4,972778,972828,13,matches,0,0,0
Initialize_Reports_,972828,972870,42,116,4,972828,972866,10,shorter+unresolved,0,0,1
Add_Report_,972870,972917,47,116,4,972870,972879,3,shorter+unresolved,0,0,1
Draw_Special_,972917,973037,120,116,4,972917,973037,60,matches,0,0,0
Star_Has_Special_For_Player_,973037,973073,36,116,5,973031,973073,22,matches,0,1,0
Set_Initial_Tech_,973073,973146,73,116,5,973073,973085,4,shorter+unresolved,0,0,1
Explored_New_Star_,973146,973375,229,116,5,973146,973274,42,shorter+unresolved,0,1,1
Player_Colony_Base_At_Star_,973375,973479,104,116,4,973375,973479,38,matches,0,0,0
Player_Ship_Type_At_Star_,973479,973569,90,116,4,973479,973569,29,matches,0,0,0
Colonization_,973569,974739,1170,116,5,973569,974739,318,matches+unresolved,0,0,1
Empty_Colony_Queue_,974739,974892,153,116,5,974739,974892,33,matches+unresolved,0,0,1
Need_To_Set_Occupation_Policy_,974892,975082,190,116,5,974892,975082,51,matches+unresolved,0,0,1
Has_Msg_,975082,975441,359,116,5,975082,975441,102,matches+unresolved,0,1,1
Has_Officer_For_Hire_,975441,975592,151,116,5,975441,975592,50,matches+unresolved,0,0,1
Has_Research_Breakthrough_,975592,975647,55,116,5,975592,975647,18,matches,0,0,0
Has_Evolutionary_Upgrade_,975647,975705,58,116,5,975647,975705,21,matches,0,0,0
Has_Report_,975705,975880,175,116,5,975705,975880,51,matches+unresolved,0,1,1
Has_Diplomacy_Messages_,975880,976148,268,116,5,975880,976148,32,matches+unresolved,0,1,1
Has_GNN_,976148,976210,62,116,5,976148,976210,25,matches,0,0,0
Antarans_,976210,976446,236,116,5,976210,976446,62,matches+unresolved,0,0,1
Display_Report_Aux_,976446,976773,327,116,4,976446,976496,18,shorter+unresolved,0,0,1
Display_Report_,976773,976787,14,116,4,976773,976787,6,matches,0,0,0
Redirect_Newly_Built_Ships_,976787,977003,216,116,5,976787,977003,66,matches,0,0,0
Must_Display_Reports_,977003,977085,82,116,4,977003,977085,32,matches,0,0,0
Assert_Settings_,977085,977086,1,117,4,977085,977086,1,matches,0,0,0
Mox_Update_,977086,977096,10,117,4,977086,977096,2,matches,1,0,0
Release_All_Blocks_,977096,977108,12,117,4,977096,977108,4,matches,1,0,0
Null_Autofunction_,977108,977109,1,117,4,977108,977109,1,matches,0,0,0
PFMT_,977109,977114,5,117,4,977109,977114,4,matches,0,0,0
Get_Weighted_Choice_Char_,977114,977197,83,117,4,977114,977197,42,matches,0,0,0
Get_Weighted_Choice_Short_,977197,977263,66,117,4,977193,977263,35,matches,0,0,0
Get_Weighted_Choice_Int_,977263,977333,70,117,4,977263,977333,36,matches,0,0,0
Shuffle_Char_,977333,977397,64,117,4,977333,977397,31,matches,0,0,0
Shuffle_Sint_,977397,977468,71,117,4,977397,977468,28,matches,0,1,0
Shuffle_Int_,977468,977538,70,117,4,977468,977538,28,matches,0,1,0
Shuffle_,977538,977728,190,117,4,977538,977728,74,matches,0,0,0
Star_To_Monster_,977728,977745,17,117,4,977728,977745,10,matches,0,0,0
Star_Name_,977745,977776,31,117,4,977745,977776,12,matches,0,0,0
Compare_Ratios_,977776,977952,176,117,4,977776,977952,72,matches,0,0,0
Make_Player_Into_AI_,977952,978073,121,117,4,977952,978073,38,matches,0,0,0
Make_All_AI_Game_,978073,978138,65,117,4,978073,978138,19,matches,0,0,0
Load_Russ_Strings_,978138,978239,101,117,4,978138,978239,31,matches,0,0,0
Settler_ETA_,978239,978295,56,118,5,978239,978295,21,matches,0,0,0
Room_For_Another_,978295,978508,213,118,5,978295,978508,80,matches,0,0,0
Pop_Tries_To_Settle_,978508,978965,457,118,4,978508,978965,171,matches,0,0,0
Add_Settler_To_Colony_,978965,979222,257,118,5,978965,979222,90,matches,0,0,0
Settle_Pop_,979222,979474,252,118,4,979222,979474,80,matches,0,0,0
Move_Settlers_,979474,980087,613,118,4,979474,980087,133,matches+unresolved,0,0,1
N_Freighters_Player_Can_Scrap_,980087,980118,31,118,4,980087,980118,11,matches,0,0,0
Ship_Range_,980118,980201,83,119,4,980118,980166,15,shorter+unresolved,0,0,1
Star_In_Range_Of_Player_Aux1_,980201,980371,170,119,5,980201,980371,59,matches,0,0,0
Star_In_Range_Of_Player_Aux2_,980371,980472,101,119,5,980362,980472,45,matches,0,1,0
Star_In_Range_Of_Player_,980472,980582,110,119,4,980472,980582,33,matches+unresolved,0,0,1
Star_In_Normal_Range_Of_Player_,980582,980618,36,119,4,980582,980607,7,shorter+unresolved,0,0,1
Star_In_Extended_Range_Of_Player_,980618,980670,52,119,4,980618,980645,8,shorter+unresolved,0,0,1
Can_Order_Ship_,980670,980889,219,119,4,980670,980889,68,matches,0,0,0
Ships_Try_To_Move_To_,980889,981974,1085,119,4,980889,981974,326,matches+unresolved,0,0,2
Player_N_Turns_From_Star_To_Star_,981974,982280,306,119,4,981974,982280,44,matches+unresolved,0,0,1
Make_Ships_Move_To_,982280,982473,193,119,4,982280,982473,64,matches,0,0,0
Ship_Is_Moving_,982473,982490,17,119,4,982473,982490,9,matches,0,0,0
Make_Ship_Arrive_At_Star_,982490,982762,272,119,5,982490,982762,85,matches,0,0,0
Move_All_Ships_Toward_Stars_,982762,983056,294,119,4,982762,983056,93,matches,0,1,0
Create_Nonplayer_Ship_,983056,983323,267,119,4,983056,983323,73,matches,0,0,0
Allocate_New_Ship_Slots_,983323,983885,562,119,4,980882,983885,151,matches+unresolved,0,0,3
Update_Player_Ship_Range_,983885,983948,63,119,5,983885,983943,10,shorter+unresolved,0,0,2
Update_All_Ship_Ranges_,983948,984050,102,119,4,983948,984050,32,matches,0,0,0
Ship_Destination_Star_,984050,984092,42,119,4,984050,984092,19,matches,0,0,0
Update_Ship_ETAs_,984092,984345,253,119,4,984092,984345,76,matches,0,1,0
Do_Wormhole_Event_,984345,984600,255,119,4,984345,984600,77,matches,0,1,0
Do_Hyperspace_Beast_,984600,985128,528,119,4,984600,985128,91,matches+unresolved,0,1,1
Unmark_Just_Built_AI_Ships_,985128,985213,85,119,4,985128,985213,24,matches,0,0,0
Reset_Needless_Ignore_Combat_Ships_Flags_,985213,985539,326,119,4,985213,985539,102,matches,0,1,0
Player_Has_Ships_Pestering_Other_Player_,985539,985662,123,119,4,985539,985654,44,shorter,0,0,0
Tech_Spy_Bonus_,985662,985731,69,120,5,985662,985731,20,matches,0,0,0
Compute_Spy_Bonuses_,985731,986053,322,120,4,985731,986033,89,shorter+unresolved,0,0,1
Frame_Another_,986053,986393,340,120,5,986053,986393,75,matches+unresolved,0,0,1
Allocate_AI_Spies_,986393,987548,1155,120,4,986393,987548,83,matches+unresolved,0,0,2
Steal_App_,987548,987914,366,120,5,987548,987627,23,shorter+unresolved,0,0,1
Destroy_Random_Building_,987914,988291,377,120,5,987914,988291,113,matches,0,0,0
N_Spies_Bonus_,988291,988324,33,120,5,988291,988324,18,matches,0,0,0
Resolve_Player_Spies_,988324,989032,708,120,5,987541,989032,225,matches,0,1,0
Leader_Assassinates_,989032,989347,315,120,5,987541,989347,113,matches,0,1,0
Resolve_Assassins_,989347,989483,136,120,5,989347,989483,49,matches,0,0,0
Resolve_Spies_,989483,989680,197,120,4,989483,989680,60,matches,0,0,0
Bring_Home_Spies_Vs_,989680,989762,82,120,4,989680,989762,35,matches,0,0,0
Compute_N_Trade_And_Research_Pops_,989762,990012,250,121,5,989762,990012,66,matches+unresolved,0,0,2
Base_Trade_Agreement_Goal_,990012,990116,104,121,4,990012,990047,10,shorter+unresolved,0,0,1
Trade_Agreement_Goal_,990116,990355,239,121,5,990116,990355,74,matches,0,1,0
Base_Research_Agreement_Goal_,990355,990405,50,121,4,990355,990387,7,shorter+unresolved,0,0,1
Research_Agreement_Goal_,990405,990547,142,121,5,990405,990439,9,shorter+unresolved,0,0,1
Process_Trade_Agreement_,990547,990693,146,121,5,990547,990576,11,shorter+unresolved,0,0,1
Process_Research_Agreement_,990693,990839,146,121,5,990693,990722,11,shorter+unresolved,0,0,1
Process_Trade_And_Research_Agreements_,990839,990947,108,121,4,990839,990947,25,matches+unresolved,0,0,1
Start_Trade_Agreement_,990947,991106,159,121,4,990947,991004,19,shorter+unresolved,0,0,1
Start_Research_Agreement_,991106,991287,181,121,4,991106,991146,12,shorter+unresolved,0,0,1
Bill_Init_,991287,991342,55,122,4,991287,991294,1,shorter+unresolved,0,0,1
Bill_Default_,991342,991370,28,122,4,991342,991370,5,matches,2,0,0
Record_History_,991370,992296,926,122,4,991370,991394,9,shorter+unresolved,0,0,1
Is_Ignoring_,992296,992333,37,122,4,992296,992326,9,shorter+unresolved,0,0,1
Stop_Ignoring_,992333,992366,33,122,4,992333,992366,13,matches,0,0,0
Concatenate_Percent_,992366,992395,29,122,4,992366,992395,9,matches,0,0,0
Get_Active_Players_,992395,992583,188,122,4,992395,992583,52,matches+unresolved,0,0,1
Get_Players_Dead_Or_Alive_,992583,992663,80,122,4,992583,992663,22,matches,0,0,0
Get_Players_Dead_Or_Alive_Or_Omniscient_,992663,992819,156,122,4,992663,992819,39,matches+unresolved,0,0,1
Get_Players_Alive_Or_Omniscient_,992819,992975,156,122,4,992819,992975,39,matches+unresolved,0,0,1
Get_Their_Spy_Number_,992975,993009,34,122,4,992975,993009,11,matches,0,0,0
Get_Their_Spy_Mission_,993009,993041,32,122,4,993009,993035,7,shorter+unresolved,0,0,1
Get_My_Spy_Number_,993041,993081,40,122,4,993041,993081,13,matches,0,0,0
Get_My_Spy_Mission_,993081,993119,38,122,4,993081,993112,8,shorter+unresolved,0,0,1
Get_My_Agent_Number_,993119,993142,23,122,4,993119,993142,6,matches,0,1,0
Get_My_Agent_Mission_,993142,993165,23,122,4,993142,993165,6,matches,0,1,0
Set_Their_Spy_Number_,993165,993205,40,122,4,993165,993192,8,shorter+unresolved,0,0,1
Set_Their_Spy_Mission_,993205,993241,36,122,4,993205,993235,9,shorter+unresolved,0,0,1
Set_My_Spy_Number_,993241,993293,52,122,4,993241,993293,17,matches,0,0,0
Set_My_Spy_Mission_,993293,993341,48,122,4,993293,993341,15,matches,0,1,0
Set_My_Agent_Number_,993341,993394,53,122,4,993341,993394,18,matches,0,0,0
Set_My_Agent_Mission_,993394,993442,48,122,4,993394,993442,15,matches,0,1,0
Take_Their_Spy_,993442,993493,51,122,4,993442,993493,18,matches,0,0,0
Take_My_Spy_,993493,993554,61,122,4,993493,993554,22,matches,0,0,0
Take_My_Agent_,993554,993611,57,122,4,993554,993611,21,matches,0,0,0
Add_Their_Spy_,993611,993666,55,122,4,993611,993666,20,matches,0,0,0
Add_My_Spy_,993666,993684,18,122,4,993666,993684,6,matches,0,0,0
Add_My_Agent_,993684,993745,61,122,4,993684,993745,22,matches,0,0,0
Get_History_Params_,993745,993786,41,122,4,993745,993786,13,matches,0,0,0
Update_List_Window_Data_,993786,994527,741,122,4,992289,994527,255,matches,0,1,0
Turn_Off_Palettes_,994527,994549,22,122,4,994527,994549,5,matches,1,0,0
Turn_On_Palettes_,994549,994553,4,122,4,994549,994553,2,matches,0,1,0
Disable_Draw_Current_Fields_,994553,994587,34,122,4,994553,994587,15,matches,0,0,0
Enable_Draw_Current_Fields_,994587,994621,34,122,4,994587,994621,15,matches,0,0,0
Draw_Prior_Fields_,994621,994685,64,122,4,994621,994685,26,matches,0,0,0
Disable_Draw_Selected_Fields_,994685,994708,23,122,4,994685,994708,11,matches,0,0,0
Enable_Draw_Selected_Fields_,994708,994731,23,122,4,994708,994731,11,matches,0,0,0
_Squeeze_Print_,994731,995088,357,122,4,994731,995088,82,matches+unresolved,0,0,2
Squeeze_Print_,995088,995107,19,122,4,995088,995107,8,matches,0,0,0
Squeeze_Print_To_Bitmap_,995107,995133,26,122,4,995107,995133,11,matches,0,0,0
Squeeze_Print_Right_,995133,995139,6,122,4,995133,995139,3,matches,0,1,0
Squeeze_Print_Right_To_Bitmap_,995139,995151,12,122,4,995139,995151,6,matches,0,1,0
Squeeze_Print_Centered_,995151,995192,41,122,4,995151,995192,20,matches,0,0,0
Squeeze_Print_Centered_To_Bitmap_,995192,995240,48,122,4,995192,995240,23,matches,0,0,0
Squeeze_Centered_Print_,995240,995249,9,122,4,995240,995249,3,matches,0,1,0
Squeeze_Centered_Print_To_Bitmap_,995249,995264,15,122,4,995249,995264,6,matches,0,1,0
Squeeze_Print_Full_,995264,995273,9,122,4,995264,995273,3,matches,0,1,0
Squeeze_Print_Full_To_Bitmap_,995273,995288,15,122,4,995273,995288,6,matches,0,1,0
_Squeeze_Print_Paragraph_,995288,995677,389,122,4,995288,995677,100,matches+unresolved,0,0,2
Squeeze_Print_Paragraph_,995677,995715,38,122,4,995677,995715,17,matches,0,0,0
Squeeze_Print_Paragraph_To_Bitmap_,995715,995754,39,122,4,995715,995754,17,matches,0,0,0
Squeeze_Print_Formatted_Paragraph_,995754,995768,14,122,4,995754,995768,7,matches,0,1,0
Squeeze_Print_Formatted_Paragraph_To_Bitmap_,995768,995782,14,122,4,995768,995782,7,matches,0,1,0
Squeeze_Paragraph_Centered_,995782,995840,58,122,4,995782,995840,27,matches,0,0,0
Squeeze_Paragraph_Centered_To_Bitmap_,995840,995899,59,122,4,995840,995899,27,matches,0,0,0
Squeeze_Formatted_Paragraph_Centered_,995899,995914,15,122,4,995899,995914,9,matches,0,1,0
Squeeze_Formatted_Paragraph_Centered_To_Bitmap_,995914,995929,15,122,4,995914,995929,9,matches,0,1,0
_Print_1_Or_More_Lines_Centered_,995929,996041,112,122,4,995929,996041,44,matches,0,0,0
Print_1_Or_More_Lines_Centered_,996041,996056,15,122,4,996041,996056,6,matches,0,0,0
Print_1_Or_More_Lines_Centered_To_Bitmap_,996056,996078,22,122,4,996056,996078,9,matches,0,0,0
Pseudo_App_Index_To_Hyper_Field_,996078,996091,13,122,4,996078,996091,4,matches,0,0,0
Hyper_Field_To_Pseudo_App_Index_,996091,996103,12,122,4,996091,996103,4,matches,0,0,0
Singular_Or_Plural_String_,996103,996115,12,122,4,996103,996115,6,matches,0,0,0
Copy_File_To_File_,996115,996385,270,122,4,996115,996385,78,matches,0,0,0
Cache_Player_Scientist_Anim_,996385,996392,7,122,4,996385,996392,1,matches,1,0,0
Cache_Other_Scientist_Anim_,996392,996555,163,122,4,996392,996555,58,matches,0,0,0
Cache_Player_Spy_Anim_,996555,996641,86,122,4,996539,996641,29,matches,0,1,0
Cache_Player_Trooper_Anim_,996641,996783,142,122,4,996539,996731,29,shorter,0,1,0
_Print_String_Bill_,996783,997130,347,122,4,995082,997130,105,matches,0,1,0
_Print_Paragraph_Bill_,997130,997653,523,122,4,997130,997653,25,matches+unresolved,0,1,1
_Print_Paragraph_,997653,997683,30,122,4,997653,997683,14,matches,0,0,0
_Print_Paragraph_To_Bitmap_,997683,997714,31,122,4,997683,997714,14,matches,0,0,0
_Get_Paragraph_Max_Height_,997714,997745,31,122,4,997714,997745,14,matches,0,0,0
_Get_Paragraph_Max_Width_,997745,997776,31,122,4,997745,997776,13,matches,0,0,0
Reference_Help_,997776,997817,41,123,4,997776,997817,16,matches,0,0,0
Ref_Category_Help_,997817,997832,15,123,4,997817,997832,6,matches,0,1,0
Ref_How_To_Help_,997832,997847,15,123,4,997832,997847,6,matches,0,1,0
Turn_Summary_Popup_Help_,997847,997870,23,123,4,997847,997870,7,matches,0,0,0
Turn_Summary_Help_,997870,997885,15,123,4,997870,997885,6,matches,0,1,0
Race_Statistics_Help_,997885,997900,15,123,4,997885,997900,6,matches,0,1,0
Tech_Review_Help_,997900,997915,15,123,4,997900,997915,6,matches,0,1,0
History_Graph_Help_,997915,997933,18,123,4,997915,997933,6,matches,0,1,0
Technology_Select_Help_,997933,997951,18,123,4,997933,997951,5,matches,0,1,0
Technology_Change_Help_,997951,997969,18,123,4,997951,997969,5,matches,0,1,0
Tech_Select_List_Right_Help_,997969,997987,18,123,4,997969,997987,5,matches,0,1,0
Tech_Select_List_Left_Help_,997987,998008,21,123,4,997987,998008,5,matches,0,1,0
Tech_Change_List_Right_Help_,998008,998029,21,123,4,998008,998029,5,matches,0,1,0
Tech_Change_List_Left_Help_,998029,998050,21,123,4,998029,998050,5,matches,0,1,0
Races_Help_,998050,998071,21,123,4,998050,998071,5,matches,0,1,0
Report_Help_,998071,998092,21,123,4,998071,998092,5,matches,0,1,0
Audience_Menu_Help_,998092,998113,21,123,4,998092,998113,5,matches,0,1,0
Treaties_Menu_Help_,998113,998134,21,123,4,998113,998134,5,matches,0,1,0
Treaties_Race_Help_,998134,998155,21,123,4,998134,998155,5,matches,0,1,0
War_Race_Help_,998155,998176,21,123,4,998155,998176,5,matches,0,1,0
Trade_Menu_Help_,998176,998197,21,123,4,998176,998197,5,matches,0,1,0
Trade_Cash_Help_,998197,998218,21,123,4,998197,998218,5,matches,0,1,0
Trade_Tech_Help_,998218,998239,21,123,4,998218,998239,5,matches,0,1,0
Tech_Swap_Help_,998239,998260,21,123,4,998239,998260,5,matches,0,1,0
Tribute_Menu_Help_,998260,998281,21,123,4,998260,998281,5,matches,0,1,0
Tribute_Cash_Help_,998281,998302,21,123,4,998281,998302,5,matches,0,1,0
Tribute_Tech_Help_,998302,998323,21,123,4,998302,998323,5,matches,0,1,0
My_Set_Help_List_,998323,998340,17,123,5,998323,998340,7,matches,0,0,0
Print_Formatted_Paragraph_,998340,998370,30,124,4,998340,998370,14,matches,0,0,0
Print_Formatted_Paragraph_To_Bitmap_,998370,998401,31,124,4,998370,998401,14,matches,0,0,0
Set_Paragraph_User_Call_,998401,998407,6,124,4,998401,998407,2,matches,0,0,0
Set_Paragraph_String_Pointer_,998407,998435,28,124,4,998407,998435,9,matches,0,0,0
Set_Paragraph_Integer_Pointer_,998435,998463,28,124,4,998435,998463,9,matches,0,0,0
Set_Paragraph_Uint_Pointer_,998463,998491,28,124,4,998463,998491,9,matches,0,0,0
Set_Paragraph_Sint_Pointer_,998491,998519,28,124,4,998491,998519,9,matches,0,0,0
Set_Paragraph_Char_Pointer_,998519,998547,28,124,4,998519,998547,9,matches,0,0,0
Set_Paragraph_Schar_Pointer_,998547,998575,28,124,4,998547,998575,9,matches,0,0,0
Get_Formatted_Paragraph_Max_Height_,998575,998614,39,124,4,998575,998614,16,matches,0,0,0
Get_Formatted_Paragraph_Max_Width_,998614,998653,39,124,4,998614,998653,15,matches,0,0,0
Get_Last_Formatted_Paragraph_Max_Height_,998653,998668,15,124,4,998653,998668,4,matches,0,0,0
Get_Last_Formatted_Paragraph_Max_Width_,998668,998683,15,124,4,998668,998683,4,matches,0,0,0
Initialize_Formatted_Paragraph_System_,998683,998739,56,124,4,998683,998739,19,matches,0,0,0
_Print_Formatted_Paragraph_,998739,999261,522,124,5,998739,999261,69,matches+unresolved,0,0,1
Process_Paragraph_Text_,999261,999745,484,124,5,999261,999745,109,matches+unresolved,0,0,2
Add_Character_To_Line_,999745,999867,122,124,5,999745,999867,37,matches,0,0,0
Return_To_Last_Break_,999867,1000082,215,124,5,999867,1000082,60,matches,0,2,0
Record_Break_Position_,1000082,1000368,286,124,5,1000082,1000332,78,shorter,0,0,0
Process_Command_,1000368,1001050,682,124,5,1000368,1001050,165,matches+unresolved,0,0,2
Quit_Context_,1001050,1001166,116,124,5,1001050,1001166,46,matches,0,0,0
Quit_Paragraph_,1001166,1001215,49,124,5,1001166,1001215,18,matches,0,0,0
Set_Justification_,1001215,1001356,141,124,5,1001215,1001356,37,matches,0,0,0
Complete_Line_,1001356,1001429,73,124,5,1001356,1001429,24,matches,0,0,0
Complete_Line_Data_,1001429,1001599,170,124,5,1001429,1001599,47,matches,0,0,0
Paragraph_HT_,1001599,1001644,45,124,5,1001596,1001624,11,shorter+unresolved,0,0,1
Paragraph_CRFF_,1001644,1001727,83,124,5,1001644,1001727,34,matches,0,0,0
Paragraph_VT_,1001727,1001806,79,124,5,1001727,1001806,33,matches,0,0,0
Vertical_Move_,1001806,1001883,77,124,5,1001806,1001883,33,matches,0,0,0
Reset_Font_Spacing_,1001883,1001947,64,124,5,1001883,1001906,6,shorter+unresolved,0,0,1
Reset_Font_Spacing_Width_,1001947,1001973,26,124,5,1001947,1001966,5,shorter+unresolved,0,0,1
Reset_Font_LF_,1001973,1002020,47,124,5,1001973,1001989,4,shorter+unresolved,0,0,1
Reset_Paramaters_,1002020,1002287,267,124,5,1002020,1002287,61,matches+unresolved,0,0,4
Reset_Paragraph_Variables_,1002287,1002347,60,124,5,1002287,1002347,20,matches+unresolved,0,0,1
Reset_A_Paragraph_Variable_,1002347,1002396,49,124,5,1002347,1002396,14,matches+unresolved,0,0,1
Set_Paragraph_Variable_Pointer_,1002396,1002423,27,124,5,1002396,1002423,9,matches,0,0,0
Set_Current_Colors_,1002423,1002455,32,124,5,1002423,1002455,12,matches,0,0,0
Set_Current_Style_,1002455,1002540,85,124,5,1002455,1002540,30,matches,0,0,0
Test_Item_,1002540,1002983,443,124,5,1002540,1002983,143,matches,0,0,0
Set_Value_,1002983,1003289,306,124,5,1002983,1003289,85,matches+unresolved,0,0,2
Get_Next_Item_Value_,1003289,1003320,31,124,5,1003289,1003320,12,matches,0,0,0
Get_Item_Value_Set_Plural_,1003320,1003370,50,124,5,1003320,1003346,10,shorter,0,0,0
Get_Item_Value_,1003370,1003499,129,124,5,1003370,1003475,40,shorter,0,0,0
Set_Item_Value_,1003499,1003657,158,124,5,1003499,1003577,29,shorter,0,0,0
Insert_Item_,1003657,1004506,849,124,5,1003657,1003689,12,shorter+unresolved,0,0,1
Insert_Next_Argument_String_,1004506,1004571,65,124,5,1004506,1004571,26,matches,0,0,0
Insert_Argument_String_,1004571,1004619,48,124,5,1004571,1004619,17,matches,0,0,0
Get_Insert_Argument_Next_,1004619,1004727,108,124,5,1004619,1004727,45,matches,0,0,0
Skip_Arg_Insert_A_String_,1004727,1004769,42,124,5,1004727,1004769,17,matches,0,0,0
Insert_A_String_,1004769,1004808,39,124,5,1004769,1004808,16,matches,0,0,0
Previous_Nesting_Level_,1004808,1004851,43,124,5,1004808,1004851,17,matches,0,0,0
Process_Function_,1004851,1005982,1131,124,4,1000325,1005943,343,shorter+unresolved,0,0,2
Get_Function_Argument_,1005982,1006124,142,124,4,1005982,1006124,57,matches,0,0,0
FN_Set_Font_,1006124,1006372,248,124,5,1006124,1006372,17,matches+unresolved,0,0,1
FN_Superscript_,1006372,1006496,124,124,5,1006372,1006496,41,matches+unresolved,0,0,1
FN_Set_Variable_,1006496,1006587,91,124,5,1006496,1006587,20,matches+unresolved,0,0,1
FN_Set_Tabs_,1006587,1006691,104,124,5,1006587,1006601,3,shorter+unresolved,0,0,1
FN_Set_X_Pos_,1006691,1006756,65,124,5,1006691,1006756,22,matches,0,0,0
FN_Set_Y_Pos_,1006756,1006855,99,124,5,1006756,1006855,35,matches,0,0,0
FN_Set_H_Spacing_,1006855,1006903,48,124,5,1006855,1006903,18,matches,0,0,0
FN_Set_Space_Size_,1006903,1006964,61,124,5,1006849,1006964,23,matches,0,1,0
FN_Set_V_Spacing_,1006964,1007020,56,124,5,1006964,1007020,23,matches,0,0,0
FN_Set_FF_Size_,1007020,1007087,67,124,5,1007020,1007087,26,matches,0,0,0
FN_Set_Margins_,1007087,1007257,170,124,5,1007087,1007257,56,matches,0,0,0
FN_Set_Indent_,1007257,1007324,67,124,5,1007080,1007324,25,matches,0,1,0
FN_Set_Origin_,1007324,1007497,173,124,5,1007324,1007497,50,matches,0,0,0
FN_User_Call_,1007497,1007593,96,124,5,1006899,1007593,29,matches+unresolved,0,0,1
Justify_Line_,1007593,1007699,106,124,5,1007593,1007699,46,matches,0,0,0
_Justify_Line_Fully_,1007699,1007985,286,124,5,1000325,1007970,89,shorter+unresolved,0,0,1
Print_Line_,1007985,1009595,1610,124,5,1000325,1008448,132,shorter+unresolved,0,0,2
_Comp_Tabs_,1009595,1009604,9,124,5,1009595,1009604,4,matches,0,0,0
Sort_Tabs_,1009604,1009648,44,124,5,1009604,1009614,4,shorter+unresolved,0,0,1
Get_Current_Color_Set_,1009648,1009727,79,124,5,1009648,1009727,41,matches,0,0,0
Initialize_Line_Start_,1009727,1009774,47,124,5,1009727,1009774,9,matches,0,0,0
Pick_Font_Color_,1009774,1009804,30,124,5,1009774,1009804,10,matches,3,0,0
Pick_Font_Number_,1009804,1009905,101,124,5,1009804,1009905,41,matches,0,0,0
Update_Max_Min_Values_,1009905,1010158,253,124,5,1009905,1010158,60,matches+unresolved,0,0,2
Set_Max_Min_X_,1010158,1010231,73,124,5,1010158,1010231,20,matches+unresolved,0,0,1
Set_Max_Min_Y_,1010231,1010286,55,124,5,1010231,1010267,9,shorter+unresolved,0,0,1
Reset_Max_Min_Values_,1010286,1010333,47,124,5,1010286,1010299,3,shorter+unresolved,0,0,1
Set_Para_Y2_,1010333,1010359,26,124,5,1010333,1010359,8,matches,0,0,0
Skip_Spaces_,1010359,1010384,25,124,5,1010359,1010384,13,matches,0,0,0
Legalize_Paragraph_Y_,1010384,1010419,35,124,5,1010384,1010419,15,matches,0,0,0
Set_Line_Limits_,1010419,1010860,441,124,5,1010419,1010523,25,shorter+unresolved,0,0,1
Info_Screen_,1010860,1011866,1006,125,4,1010860,1010949,21,shorter+unresolved,0,0,1
Draw_Maint_Income_Chart_,1011866,1012244,378,125,5,1011866,1012220,100,shorter,0,0,0
Build_Maint_Chart_Bitmaps_,1012244,1013163,919,125,5,1012244,1013163,250,matches,0,0,0
Initialize_Maintenance_Values_,1013163,1013358,195,125,5,1013163,1013358,50,matches+unresolved,0,0,1
Draw_The_History_Graph_,1013358,1013929,571,125,4,1013358,1013384,10,shorter+unresolved,0,0,1
Get_Plyr_Hist_Btns_,1013929,1013997,68,125,5,1013929,1013968,11,shorter+unresolved,0,0,1
Set_Plyr_Hist_Btns_,1013997,1014092,95,125,5,1013997,1014092,31,matches,0,0,0
Draw_Histories_,1014092,1015131,1039,125,5,1014092,1014135,14,shorter+unresolved,0,0,1
Smooth_History_Data_,1015131,1015274,143,125,4,1015131,1015274,64,matches,0,0,0
Display_Graphed_Players_Names_,1015274,1015445,171,125,4,1015274,1015300,9,shorter+unresolved,0,0,1
History_Subscreen_,1015445,1015848,403,125,5,1015445,1015559,29,shorter+unresolved,0,0,1
Draw_History_Subscreen_,1015848,1015849,1,125,5,1015848,1015849,1,matches,0,0,0
Print_Tech_Review_Item_,1015849,1015895,46,125,4,1015849,1015895,17,matches,0,0,0
Tech_Review_Subscreen_,1015895,1015923,28,125,5,1015895,1015923,8,matches,0,0,0
_Tech_Review_Subscreen_,1015923,1017130,1207,125,4,1015923,1015978,19,shorter+unresolved,0,0,1
Draw_Tech_Review_Subscreen_,1017130,1017361,231,125,5,1017130,1017361,57,matches,0,0,0
Init_Tech_Review_List_,1017361,1017558,197,125,4,1017361,1017558,47,matches+unresolved,0,1,1
Print_Player_Specials_To_Bitmap_,1017558,1018016,458,125,5,1013153,1018016,161,matches,0,1,0
Race_Statistics_Specials_Help_,1018016,1018310,294,125,4,1018016,1018310,79,matches+unresolved,0,0,2
Race_Stats_Subscreen_,1018310,1019490,1180,125,5,1018310,1018844,96,shorter+unresolved,0,0,2
Draw_Race_Stats_Subscreen_,1019490,1019491,1,125,5,1019490,1019491,1,matches,0,0,0
Print_Turn_Summary_Message_,1019491,1019587,96,125,5,1019491,1019587,30,matches,0,0,0
Init_Turn_Summary_List_,1019587,1019777,190,125,4,1019587,1019777,45,matches+unresolved,0,0,1
Init_Info_Turn_Summary_List_,1019777,1019799,22,125,4,1019777,1019799,8,matches,1,0,0
Draw_Dummy_Turn_Summary_Subscreen_,1019799,1019800,1,125,4,1019799,1019800,1,matches,0,0,0
Draw_Reference_How_To_Subscreen_,1019799,1019800,1,125,5,1019799,1019800,1,matches,0,0,0
Turn_Summary_Subscreen_,1019800,1020605,805,125,5,1019800,1020391,125,shorter+unresolved,0,0,2
Draw_Turn_Summary_Subscreen_,1020605,1020721,116,125,5,1020605,1020615,4,shorter+unresolved,0,0,1
Reference_Subscreen_,1020721,1020877,156,125,5,1015790,1020877,45,matches,0,5,0
Reference_Main_Subscreen_,1020877,1021657,780,125,5,1020877,1021514,158,shorter+unresolved,0,0,1
Draw_Reference_Main_Subscreen_,1021657,1021794,137,125,5,1021657,1021794,37,matches,0,1,0
Reference_How_To_Subscreen_,1021794,1022094,300,125,5,1015841,1022080,85,shorter+unresolved,1,0,1
Reference_Category_Subscreen_,1022094,1023269,1175,125,5,1022094,1022370,78,shorter+unresolved,0,0,1
Draw_Reference_Category_Subscreen_,1023269,1023413,144,125,5,1023269,1023413,33,matches,0,1,0
Introduce_Subscreen_,1023413,1023489,76,125,5,1023413,1023489,28,matches,0,0,0
Draw_Drop_Area_,1023489,1023902,413,125,5,1023489,1023902,163,matches,0,0,0
Draw_Multiple_Drop_Areas_,1023902,1023930,28,125,5,1023900,1023930,13,matches,0,0,0
Set_Up_Player_Colors_,1023930,1024017,87,125,5,1023930,1024017,28,matches,0,0,0
Get_Plyr_Info_Btns_,1024017,1024054,37,125,5,1024017,1024054,10,matches,0,0,0
Set_Plyr_Info_Btns_,1024054,1024100,46,125,4,1024054,1024089,9,shorter+unresolved,0,0,1
Colorize_Bitmap_,1024100,1024167,67,125,4,1024100,1024167,30,matches,0,0,0
Init_List_Data_,1024167,1024392,225,126,4,1024167,1024392,71,matches,0,0,0
Add_Fields_To_List_Page_,1024392,1024541,149,126,4,1024392,1024541,47,matches,0,1,0
Display_Selected_List_Text_,1024541,1024837,296,126,4,1024541,1024837,95,matches,0,0,0
Display_Selected_List_Text_For_Tech_List_,1024837,1024941,104,126,4,1024837,1024941,38,matches,0,0,0
Display_List_Text_,1024941,1025191,250,126,4,1024831,1025053,39,shorter+unresolved,0,0,1
Display_List_Page_,1025191,1025250,59,126,4,1025191,1025250,24,matches,0,0,0
Set_List_Page_Pointer_,1025250,1025319,69,126,4,1025250,1025319,28,matches,0,0,0
Next_List_Page_,1025319,1025344,25,126,4,1025319,1025344,12,matches,0,0,0
Previous_List_Page_,1025344,1025364,20,126,4,1025344,1025364,8,matches,0,0,0
Goto_Page_With_Entry_,1025364,1025443,79,126,4,1025364,1025443,30,matches,0,2,0
Select_And_Page_By_Head_ID_,1025443,1025507,64,126,4,1025443,1025507,29,matches,0,0,0
Set_Selected_List_Entry_,1025507,1025625,118,126,4,1025507,1025625,41,matches,0,1,0
Get_Selected_List_Entry_,1025625,1025673,48,126,4,1025625,1025673,19,matches,0,0,0
Set_List_Up_Down_Field_Drawing_,1025673,1025728,55,126,4,1025673,1025728,20,matches,0,0,0
Race_Report_Screen_,1025728,1027258,1530,127,4,1025728,1026531,178,shorter+unresolved,0,0,2
Race_Screen_,1027258,1030717,3459,128,4,1027258,1030162,184,shorter+unresolved,0,0,1
Init_Race_Display_Data_,1030717,1031504,787,128,5,1030717,1031504,80,matches+unresolved,0,1,1
Draw_Relations_Sliders_,1031504,1031661,157,128,5,1031504,1031661,48,matches,0,0,0
Draw_Race_Photos_,1031661,1032125,464,128,5,1031654,1032105,103,shorter,0,0,0
Draw_Race_Text_,1032125,1033449,1324,128,5,1032125,1032148,9,shorter+unresolved,0,0,1
Setup_Main_Fields_,1033449,1033840,391,128,5,1033449,1033563,30,shorter+unresolved,0,0,1
Setup_Race_Display_Fields_,1033840,1034230,390,128,5,1033840,1033857,7,shorter+unresolved,0,0,1
Setup_Race_Who_Fields_,1034230,1034381,151,128,5,1034230,1034247,7,shorter+unresolved,0,0,1
Update_Spy_Stuff_,1034381,1034464,83,128,5,1034381,1034464,28,matches,0,0,0
Draw_Race_Screen_,1034464,1035231,767,128,5,1031654,1035231,190,matches+unresolved,0,2,3
Get_Spy_Group_For_Field_,1035231,1035299,68,128,5,1035231,1035299,27,matches,0,0,0
Adjust_Spy_Mission_Data_,1035299,1035341,42,128,5,1035299,1035341,14,matches,0,0,0
Redraw_Spy_Mouse_,1035341,1035461,120,128,5,1035341,1035387,13,shorter+unresolved,0,0,1
Move_Spy_Group_From_Mouse_,1035461,1035621,160,128,5,1035461,1035621,53,matches,0,0,0
Move_Spy_Group_To_Mouse_,1035621,1035713,92,128,5,1035621,1035713,32,matches,0,0,0
Erase_Mouse_Spies_,1035713,1035736,23,128,5,1035713,1035736,9,matches,0,0,0
Calculate_Icon_Group_Data_,1035736,1035876,140,128,4,1035736,1035876,54,matches,0,0,0
Setup_Icon_Group_Data_,1035876,1035966,90,128,4,1035876,1035966,29,matches,0,0,0
Move_Icon_Group_Icons_,1035966,1036022,56,128,4,1035966,1036022,19,matches,0,0,0
Draw_Icon_Group_Cursor_,1036022,1036247,225,128,4,1036022,1036247,84,matches,0,0,0
Draw_Icon_Group_,1036247,1036353,106,128,4,1031654,1036353,40,matches,0,1,0
Show_Off_Stolen_Tech_,1036353,1036506,153,129,4,1036353,1036506,40,matches,0,0,0
Show_Off_Captured_Tech_,1036506,1036647,141,129,4,1036506,1036647,37,matches,0,0,0
Scientist_With_Tech_,1036647,1036796,149,129,4,1036647,1036796,38,matches,0,0,0
Show_Off_Researched_Tech_,1036796,1037084,288,129,4,1036796,1037084,83,matches,0,0,0
Science_Room_,1037084,1039000,1916,129,5,1037084,1037934,208,shorter+unresolved,0,0,1
Update_Science_Anims_,1039000,1039126,126,129,4,1039000,1039126,34,matches,1,0,0
Draw_Science_Room_,1039126,1039127,1,129,4,1039126,1039127,1,matches,0,0,0
Print_Tech_Indent_Item_,1039127,1039209,82,130,4,1039127,1039209,34,matches,0,0,0
Tech_Select_,1039209,1039310,101,130,4,1039209,1039310,24,matches,0,0,0
Tech_Change_,1039310,1039365,55,130,4,1039310,1039365,13,matches,0,0,0
_Tech_Finished_,1039365,1039378,13,130,4,1039365,1039378,4,matches,0,1,0
_Tech_Select_,1039378,1041586,2208,130,4,1039378,1039568,47,shorter+unresolved,0,0,1
Draw_Tech_Select_,1041586,1041763,177,130,5,1041586,1041763,50,matches+unresolved,0,0,1
Draw_Little_Arrow_,1041763,1042119,356,130,4,1041763,1042119,28,matches+unresolved,0,0,1
_Tech_List_,1042119,1043606,1487,130,4,1042119,1043005,203,shorter+unresolved,0,0,1
Draw_Tech_List_,1043606,1043682,76,130,5,1043606,1043682,22,matches,0,1,0
Display_All_Entry_Text_,1043682,1043712,30,130,5,1043682,1043712,12,matches,0,0,0
Display_Entry_Text_,1043712,1044079,367,130,5,1042112,1044043,95,shorter+unresolved,0,0,1
Display_Selected_Entry_Text_,1044079,1044293,214,130,5,1044079,1044293,61,matches+unresolved,0,0,1
Set_Selected_Entry_,1044293,1044393,100,130,5,1044293,1044393,31,matches+unresolved,0,0,1
Get_Selected_Entry_,1044393,1044419,26,130,5,1044393,1044419,10,matches,0,0,0
Init_Entry_Positions_,1044419,1044617,198,130,5,1044419,1044436,8,shorter+unresolved,0,0,1
Init_Entry_Data_,1044617,1045513,896,130,5,1044617,1044711,27,shorter+unresolved,0,0,1
Setup_Entry_Buttons_,1045513,1045659,146,130,5,1045513,1045659,24,matches+unresolved,0,1,1
Get_Group_List_,1045659,1046063,404,130,5,1045659,1045686,11,shorter+unresolved,0,0,1
Draw_Application_Description_,1046063,1046386,323,130,5,1046063,1046386,99,matches,0,1,0
Technology_Fields_Name_,1046386,1046433,47,130,4,1046386,1046433,23,matches,0,0,0
Technology_Applications_Name_,1046433,1046621,188,130,4,1046433,1046487,21,shorter+unresolved,0,0,1
New_Get_Tech_Cost_,1046621,1046660,39,130,4,1046621,1046660,11,matches,1,0,0
Save_Hyper_Tech_Values_,1046660,1046711,51,130,4,1046660,1046711,19,matches,0,0,0
Restore_Hyper_Tech_Values_,1046711,1046765,54,130,4,1046711,1046765,22,matches,0,0,0
Promote_Hyper_Field_Values_,1046765,1046809,44,130,4,1046765,1046809,18,matches,0,0,0
Promote_A_Hyper_Value_By_Field_,1046809,1046843,34,130,4,1046809,1046843,11,matches,0,0,0
Get_Tech_Cost_,1046843,1046859,16,130,4,1046636,1046859,9,matches,1,1,0
Sort_Tech_List_By_Cost_,1046859,1047008,149,130,4,1046859,1047008,56,matches,0,0,0
Get_Parent_Index_,1047008,1047046,38,130,4,1046841,1047046,15,matches,0,0,0
Crack_Tech_Select_List_Entry_,1047046,1047093,47,130,4,1047046,1047093,17,matches,0,0,0
Print_Turn_Summary_Popup_Message_,1047093,1047189,96,131,5,1047093,1047189,30,matches,0,0,0
Init_Turn_Summary_Popup_List_,1047189,1047212,23,131,4,1047189,1047212,9,matches,0,0,0
Draw_Turn_Summary_Popup_,1047212,1047298,86,131,4,1047212,1047220,2,shorter+unresolved,0,0,1
Turn_Summary_Popup_,1047298,1048129,831,131,4,1047298,1047321,8,shorter+unresolved,0,0,1
Save_Field_Stats_,1048129,1048257,128,132,4,1048129,1048257,27,matches,0,0,0
Restore_Field_Stats_,1048257,1048344,87,132,4,1048257,1048344,19,matches,0,0,0
_cstart_,1048344,1048999,655,133,4,1048344,1048346,1,shorter+unresolved,0,0,1
__exit_,1048999,1049001,2,133,4,1048999,1049001,1,matches,0,1,0
__do_exit_with_msg__,1049001,1049060,59,133,4,1049001,1049060,26,matches,1,0,0
__GETDS,1049060,1049071,11,133,4,1049060,1049067,1,shorter+unresolved,0,0,1
___GETDSStart_,1049060,1049071,11,133,4,1049060,1049067,1,shorter+unresolved,0,0,1
___GETDSEnd_,1049071,1049072,1,133,4,1049071,1049071,0,no_entry_decode,0,0,1
Screen_Flic_Capture_,1049072,1051388,2316,135,4,1049072,1051388,93,matches+unresolved,0,0,1
B_Key_,1051388,1051444,56,135,5,1051388,1051444,22,matches,0,0,0
Release_Version_,1051444,1051484,40,135,4,1051444,1051475,11,shorter+unresolved,0,0,1
Check_Release_Version_,1051484,1051529,45,135,4,1051484,1051529,21,matches,0,0,0
Allocate_Space_,1051529,1051689,160,136,4,1051529,1051689,55,matches,0,0,0
Get_Max_Block_Space_,1051689,1051746,57,136,4,1051689,1051746,26,matches,0,0,0
Allocate_Dos_Space_,1051746,1051886,140,136,4,1051746,1051886,49,matches,0,0,0
Allocate_First_Block_,1051886,1051964,78,136,4,1051886,1051964,30,matches,0,0,0
Allocate_Next_Block_,1051964,1052158,194,136,4,1051964,1052158,68,matches,0,0,0
Allocate_Far_Space_,1052158,1052214,56,136,4,1052158,1052214,25,matches,0,0,0
Allocate_Dos_Data_Space_,1052214,1052355,141,136,4,1052214,1052355,48,matches,0,0,0
Allocation_Error_,1052355,1052474,119,136,4,1052355,1052474,42,matches,0,0,0
Reallocation_Error_,1052474,1052553,79,136,4,1052474,1052553,30,matches,0,0,0
Linear_Free_,1052553,1052647,94,136,4,1052553,1052647,34,matches,0,0,0
Check_Free_,1052647,1052816,169,136,4,1052647,1052816,53,matches,0,0,0
Dos_Free_,1052816,1052977,161,136,4,1052816,1052977,54,matches,0,0,0
Allocate_Space_No_Header_,1052977,1053064,87,136,4,1052977,1053064,34,matches,0,0,0
Allocate_First_Block_No_Header_,1053064,1053142,78,136,4,1053064,1053142,30,matches,0,0,0
Allocate_Next_Block_No_Header_,1053142,1053308,166,136,4,1053142,1053308,58,matches,0,0,0
Mark_Block_,1053308,1053364,56,136,4,1053308,1053364,26,matches,0,0,0
Release_Block_,1053364,1053420,56,136,4,1053364,1053420,26,matches,0,0,0
Push_Block_,1053420,1053528,108,136,4,1053420,1053528,36,matches,0,0,0
Save_Pushed_Blocks_,1053528,1053586,58,136,4,1053528,1053586,24,matches,0,0,0
Restore_Pushed_Blocks_,1053586,1053644,58,136,4,1053586,1053644,24,matches,0,0,0
Pop_Block_,1053644,1053744,100,136,4,1053644,1053744,34,matches,0,0,0
Check_For_Pushed_Block_,1053744,1053849,105,136,4,1053744,1053849,37,matches,0,0,0
Get_Remaining_Block_Space_,1053849,1053911,62,136,4,1053849,1053911,28,matches,0,0,0
DIR_,1053911,1054033,122,137,4,1053911,1054033,41,matches,0,0,0
DIR_DIR_,1054033,1054224,191,137,4,1054033,1054224,55,matches,0,0,0
LOF_,1054224,1054304,80,137,4,1054224,1054304,31,matches,0,0,0
Time_Stamp_,1054304,1054563,259,137,4,1054304,1054563,60,matches+unresolved,0,0,1
Disk_Free_,1054563,1054655,92,137,4,1054563,1054655,37,matches,0,0,0
Delete_File_,1054655,1054699,44,137,4,1054655,1054699,21,matches,0,0,0
Current_Dir_,1054699,1054748,49,137,4,1054699,1054748,22,matches,0,0,0
File_Exists_,1054748,1054826,78,137,4,1054748,1054826,31,matches,0,0,0
Get_Open_File_Count_,1054826,1054987,161,137,4,1054826,1054987,51,matches,0,0,0
Set_Sound_File_,1054987,1055026,39,138,4,1054987,1055026,20,matches,0,0,0
Set_Music_File_,1055026,1055065,39,138,4,1055026,1055065,20,matches,0,0,0
Set_Audio_Buffer_,1055065,1055166,101,138,4,1055065,1055166,31,matches+unresolved,0,0,2
_sampleCallback,1055166,1055362,196,138,4,1055166,1055362,55,matches+unresolved,0,0,1
_xmiCallback,1055362,1055437,75,138,4,1055362,1055437,27,matches+unresolved,0,0,1
_Ail_Timer,1055437,1055458,21,138,4,1055437,1055458,10,matches,0,0,0
getFreeSampleHandle_,1055458,1055607,149,138,4,1055458,1055607,54,matches,0,0,0
getFreeSoundIndex_,1055607,1055702,95,138,4,1055607,1055702,37,matches,0,0,0
mergeFreeBlocks_,1055702,1055907,205,138,4,1055702,1055907,65,matches,0,0,0
mergeDoneBlocks_,1055907,1056112,205,138,4,1055907,1056112,65,matches,0,0,0
allocateSoundBlock_,1056112,1056574,462,138,4,1056112,1056574,101,matches+unresolved,0,0,1
Audio_Init_,1056574,1057115,541,138,4,1056574,1057115,19,matches+unresolved,0,0,1
Audio_Uninit_,1057115,1057210,95,138,4,1057115,1057210,18,matches+unresolved,0,0,1
Audio_Clear_Cache_,1057210,1057385,175,138,4,1057210,1057333,27,shorter+unresolved,0,0,2
Sound_On_,1057385,1057436,51,138,4,1057385,1057436,21,matches+unresolved,0,0,1
Sound_Off_,1057436,1057472,36,138,4,1057436,1057462,10,shorter+unresolved,0,0,1
Play_Sound_Buffer_,1057472,1057689,217,138,4,1057472,1057689,68,matches,0,0,0
Play_Sound_,1057689,1058390,701,138,4,1057689,1058390,186,matches+unresolved,0,0,1
Get_Sound_Max_Volume_,1058390,1058438,48,138,4,1058390,1058438,23,matches,0,0,0
Set_Sound_Max_Volume_,1058438,1058654,216,138,4,1058438,1058654,74,matches,0,0,0
Restart_Sound_,1058654,1058723,69,138,4,1058654,1058723,29,matches,0,0,0
Stop_Sound_,1058723,1058838,115,138,4,1058723,1058838,42,matches,0,0,0
Stop_All_Sounds_,1058838,1058903,65,138,4,1058838,1058903,28,matches,0,0,0
Resume_Sound_,1058903,1058985,82,138,4,1058903,1058985,33,matches,0,0,0
Resume_All_Sounds_,1058985,1059050,65,138,4,1058985,1059050,28,matches,0,0,0
Is_Sound_Playing_,1059050,1059229,179,138,4,1059050,1059229,56,matches,0,0,0
Get_Sound_Volume_,1059229,1059322,93,138,4,1059229,1059322,35,matches,0,0,0
Set_Sound_Volume_,1059322,1059420,98,138,4,1059322,1059420,38,matches,0,0,0
Set_Sound_Volume_All_,1059420,1059590,170,138,4,1059420,1059590,56,matches,0,0,0
Get_Sound_Pan_,1059590,1059676,86,138,4,1059590,1059676,34,matches,0,0,0
Set_Sound_Pan_,1059676,1059774,98,138,4,1059676,1059774,38,matches,0,0,0
Set_Sound_Pan_All_,1059774,1059881,107,138,4,1059774,1059881,39,matches,0,0,0
Loop_Sound_,1059881,1059990,109,138,4,1059881,1059990,41,matches,0,0,0
Fadeout_Sound_,1059990,1060057,67,138,4,1059990,1060057,28,matches,0,0,0
Pitch_Bend_Sound_,1060057,1060175,118,138,4,1060057,1060175,42,matches,0,0,0
Music_On_,1060175,1060226,51,138,4,1060175,1060226,21,matches+unresolved,0,0,1
Music_Off_,1060226,1060262,36,138,4,1060226,1060252,10,shorter+unresolved,0,0,1
Play_Music_Buffer_,1060262,1060367,105,138,4,1060262,1060367,38,matches,0,0,0
Play_Music_,1060367,1060820,453,138,4,1060367,1060820,120,matches+unresolved,0,0,1
Stop_Music_,1060820,1060864,44,138,4,1060820,1060864,20,matches,0,0,0
Resume_Music_,1060864,1060908,44,138,4,1060864,1060908,20,matches,0,0,0
Set_Music_Volume_,1060908,1060990,82,138,4,1060908,1060990,33,matches,0,0,0
Get_Music_Volume_,1060990,1061051,61,138,4,1060990,1061051,25,matches,0,0,0
Loop_Music_,1061051,1061104,53,138,4,1061051,1061104,24,matches,0,0,0
Fade_Music_Down_,1061104,1061163,59,138,4,1061104,1061163,25,matches,0,0,0
Fade_Music_Up_,1061163,1061222,59,138,4,1061163,1061222,25,matches,0,0,0
Is_Music_Playing_,1061222,1061307,85,138,4,1061222,1061307,31,matches,0,0,0
Register_Music_Callback_,1061307,1061360,53,138,4,1061307,1061360,24,matches,0,0,0
Sound_Update_,1061360,1062005,645,138,4,1061360,1062005,143,matches+unresolved,0,0,3
Play_Sound_File_,1062005,1062602,597,138,4,1062005,1062602,65,matches+unresolved,0,0,2
Loop_Sound_File_,1062602,1062636,34,138,4,1062602,1062636,19,matches,0,0,0
Set_Stream_Filename_,1062636,1062757,121,138,4,1062636,1062757,46,matches,0,0,0
Play_Stream_Vol_,1062757,1063456,699,138,4,1062757,1063456,46,matches+unresolved,0,0,2
Play_Stream_,1063456,1063502,46,138,4,1063456,1063502,22,matches,0,0,0
Stop_Stream_,1063502,1063666,164,138,4,1063502,1063666,25,matches+unresolved,0,0,1
Set_Stream_Volume_,1063666,1063766,100,138,4,1063666,1063766,37,matches,0,0,0
Get_Stream_Volume_,1063766,1063852,86,138,4,1063766,1063852,33,matches,0,0,0
Loop_Stream_,1063852,1063886,34,138,4,1063852,1063886,19,matches,0,0,0
Is_Stream_Playing_,1063886,1063976,90,138,4,1063886,1063976,32,matches,0,0,0
Fade_Stream_Down_,1063976,1064043,67,138,4,1063976,1064043,22,matches+unresolved,0,0,1
Set_Stream_Max_Volume_,1064043,1064091,48,138,4,1064043,1064091,24,matches,0,0,0
Get_Stream_Max_Volume_,1064091,1064125,34,138,4,1064091,1064125,19,matches,0,0,0
Fade_Stream_Up_,1064125,1064187,62,138,4,1064125,1064157,12,shorter+unresolved,0,0,1
Stream_On_,1064187,1064227,40,138,4,1064187,1064227,18,matches+unresolved,0,0,1
Stream_Off_,1064227,1064263,36,138,4,1064227,1064253,10,shorter+unresolved,0,0,1
Init_Drivers_,1064263,1064381,118,139,4,1064263,1064381,37,matches,0,0,0
Reset_System_,1064381,1064456,75,139,4,1064381,1064446,18,shorter+unresolved,0,0,1
Create_IO_Buffer_,1064456,1064549,93,139,4,1064456,1064549,31,matches,0,0,0
Get_Field_Counter_,1064549,1064594,45,140,4,1064549,1064594,21,matches,0,0,0
Disable_Cancel_,1064594,1064634,40,140,4,1064594,1064625,11,shorter+unresolved,0,0,1
Enable_Cancel_,1064634,1064674,40,140,4,1064634,1064665,11,shorter+unresolved,0,0,1
Disable_Mouse_Wait_,1064674,1064714,40,140,4,1064674,1064705,11,shorter+unresolved,0,0,1
Enable_Mouse_Wait_,1064714,1064754,40,140,4,1064714,1064745,11,shorter+unresolved,0,0,1
Pressed_Mouse_X_,1064754,1064799,45,140,4,1064754,1064799,21,matches,0,0,0
Pressed_Mouse_Y_,1064799,1064844,45,140,4,1064799,1064844,21,matches,0,0,0
Auto_Input_,1064844,1064889,45,140,4,1064844,1064889,21,matches,0,0,0
Scan_Field_,1064889,1065335,446,140,4,1064889,1065335,136,matches,0,0,0
Scan_Input_,1065335,1065814,479,140,4,1065335,1065814,146,matches,0,0,0
Read_Character_,1065814,1065867,53,140,4,1065814,1065867,24,matches,0,0,0
Add_Hidden_Field_,1065867,1066275,408,140,4,1065867,1066275,115,matches,0,0,0
Add_Circle_Field_,1066275,1066749,474,140,4,1066275,1066749,134,matches,0,0,0
Add_Clipped_Circle_Field_,1066749,1067520,771,140,4,1066749,1067520,215,matches,0,0,0
Add_Clipped_Hidden_Field_,1067520,1068146,626,140,4,1067520,1068146,167,matches,0,0,0
Add_Hot_Key_,1068146,1068490,344,140,4,1068146,1068490,99,matches,0,0,0
Add_Grid_Field_,1068490,1068986,496,140,4,1068490,1068986,141,matches,0,0,0
Add_Button_Info_,1068986,1069488,502,140,4,1068986,1069488,144,matches,0,0,0
Add_Button_Field_,1069488,1069627,139,140,4,1069488,1069627,41,matches,0,0,0
Add_Radio_Button_Field_,1069627,1069791,164,140,4,1069627,1069791,48,matches,0,0,0
Add_Locked_Button_Field_,1069791,1069955,164,140,4,1069791,1069955,48,matches,0,0,0
Add_Multi_Button_Field_,1069955,1070145,190,140,4,1069955,1070145,55,matches,0,0,0
Set_Button_Down_Offsets_,1070145,1070200,55,140,4,1070145,1070200,22,matches,0,0,0
Add_Scroll_Field_,1070200,1070818,618,140,4,1070200,1070818,170,matches,0,0,0
Find_Bar_Position_,1070818,1071508,690,140,4,1070818,1071508,211,matches,0,0,0
Increment_Scroll_Bar_,1071508,1071808,300,140,4,1071508,1071808,97,matches,0,0,0
Decrement_Scroll_Bar_,1071808,1072106,298,140,4,1071808,1072106,96,matches,0,0,0
Add_Continuous_String_Input_Field_,1072106,1072699,593,140,4,1072106,1072699,161,matches,0,0,0
Add_Input_Field_,1072699,1073326,627,140,4,1072699,1073326,176,matches,0,0,0
Input_String_,1073326,1074933,1607,140,4,1073326,1073384,18,shorter+unresolved,0,0,1
Display_Input_Field_,1074933,1076051,1118,140,4,1074933,1076051,220,matches+unresolved,0,0,4
Get_Input_String_,1076051,1077620,1569,140,4,1076051,1076230,49,shorter+unresolved,0,0,1
Set_Input_Delay_,1077620,1077675,55,140,4,1077620,1077675,23,matches,0,0,0
Get_Input_,1077675,1077858,183,140,4,1077675,1077706,11,shorter+unresolved,0,0,1
Init_Mouse_Keyboard_,1077858,1077936,78,140,4,1077858,1077904,14,shorter+unresolved,0,0,1
F11_Key_,1077936,1077972,36,140,4,1077936,1077972,18,matches,0,0,0
Disable_Draw_All_Fields_,1077972,1078012,40,140,4,1077972,1078003,11,shorter+unresolved,0,0,1
Enable_Draw_All_Fields_,1078012,1078052,40,140,4,1078012,1078043,11,shorter+unresolved,0,0,1
Disable_Draw_Field_,1078052,1078236,184,140,4,1078052,1078081,12,shorter+unresolved,0,0,1
Enable_Draw_Field_,1078236,1078419,183,140,4,1078236,1078419,59,matches,0,0,0
Draw_All_Fields_,1078419,1078475,56,140,4,1078419,1078450,11,shorter+unresolved,0,0,1
Draw_Visible_Fields_Back_,1078475,1085396,6921,140,4,1078475,1078552,21,shorter+unresolved,0,0,1
Push_Field_Down_,1085396,1085854,458,140,4,1085396,1085854,131,matches,0,0,0
Assign_Update_Function_,1085854,1085898,44,140,4,1085854,1085898,21,matches,0,0,0
Assign_Auto_Function_,1085898,1085990,92,140,4,1085898,1085942,14,shorter+unresolved,0,0,1
Save_Auto_Function_,1085990,1086031,41,140,4,1085990,1086031,19,matches,0,0,0
Restore_Auto_Function_,1086031,1086081,50,140,4,1086031,1086072,13,shorter+unresolved,0,0,1
Deactivate_Auto_Function_,1086081,1086121,40,140,4,1086081,1086112,11,shorter+unresolved,0,0,1
Activate_Auto_Function_,1086121,1086161,40,140,4,1086121,1086152,11,shorter+unresolved,0,0,1
Invoke_Auto_Function_,1086161,1086208,47,140,4,1086161,1086192,11,shorter+unresolved,0,0,1
Invoke_Saved_Auto_Function_,1086208,1086245,37,140,4,1086208,1086245,18,matches,0,0,0
Quick_Call_Auto_Function_,1086245,1086368,123,140,4,1086245,1086276,11,shorter+unresolved,0,0,1
Call_Auto_Function_,1086368,1086464,96,140,4,1086368,1086399,11,shorter+unresolved,0,0,1
Clear_Fields_Above_,1086464,1086529,65,140,4,1086464,1086509,16,shorter+unresolved,0,0,1
Clear_Mouse_Buffer_,1086529,1086570,41,140,4,1086529,1086570,19,matches,0,0,0
Set_Field_Outline_Color_,1086570,1086615,45,140,4,1086570,1086615,21,matches,0,0,0
Set_Help_Field_Outline_Color_,1086615,1086660,45,140,4,1086615,1086660,21,matches,0,0,0
Enable_Mouse_Pressed_Field_Update_,1086660,1086710,50,140,4,1086660,1086691,11,shorter+unresolved,0,0,1
Disable_Mouse_Pressed_Field_Update_,1086710,1086750,40,140,4,1086710,1086741,11,shorter+unresolved,0,0,1
Reset_Wait_For_Input_,1086750,1086833,83,140,4,1086750,1086781,11,shorter+unresolved,0,0,1
Wait_For_Input_,1086833,1087160,327,140,4,1086833,1086895,16,shorter+unresolved,0,0,1
Set_Help_List_,1087160,1087223,63,140,4,1087160,1087204,14,shorter+unresolved,0,0,1
Deactivate_Help_List_,1087223,1087282,59,140,4,1087223,1087254,11,shorter+unresolved,0,0,1
Check_Help_List_,1087282,1087585,303,140,4,1087282,1087336,16,shorter+unresolved,0,0,1
Mark_Fields_,1087585,1087737,152,140,4,1087585,1087737,44,matches,0,0,0
Release_Fields_,1087737,1087859,122,140,4,1087737,1087850,25,shorter+unresolved,0,0,1
Restore_,1087859,1087890,31,140,4,1087859,1087890,17,matches,0,0,0
Save_Back_,1087890,1087927,37,140,4,1087890,1087927,18,matches,0,0,0
Put_Mouse_,1087927,1087964,37,140,4,1087927,1087964,18,matches,0,0,0
Mouse_Setup_,1087964,1087995,31,140,4,1087964,1087995,17,matches,0,0,0
Save_Back_Always_,1087995,1088026,31,140,4,1087995,1088026,17,matches,0,0,0
Add_String_Field_,1088026,1088448,422,140,4,1088026,1088448,123,matches,0,0,0
Clear_String_Fields_,1088448,1088543,95,140,4,1088448,1088494,14,shorter+unresolved,0,0,1
Disable_All_String_Fields_,1088543,1088626,83,140,4,1088543,1088626,33,matches,0,0,0
Disable_String_Field_,1088626,1088704,78,140,4,1088626,1088704,32,matches,0,0,0
Enable_All_String_Fields_,1088704,1088787,83,140,4,1088704,1088787,33,matches,0,0,0
Enable_String_Field_,1088787,1088865,78,140,4,1088787,1088865,32,matches,0,0,0
Draw_Cursor_Pos_,1088865,1089005,140,140,4,1088865,1089005,48,matches,0,0,0
Handle_String_Fields_,1089005,1090248,1243,140,4,1089005,1089047,13,shorter+unresolved,0,0,1
Print_String_Fields_,1090248,1090904,656,140,4,1090248,1090904,184,matches+unresolved,0,0,1
Read_Character_And_Scan_Mb_,1090904,1091024,120,140,4,1090904,1091024,43,matches,0,0,0
Scan_All_Fields_,1091024,1091268,244,140,4,1091024,1091268,76,matches,0,0,0
Scan_Only_String_Fields_,1091268,1091513,245,140,4,1091268,1091513,77,matches,0,0,0
Set_String_Font_Colors_,1091513,1091710,197,140,4,1091513,1091710,25,matches+unresolved,0,0,1
Fill_Edited_String_Field_,1091710,1091886,176,140,4,1091710,1091886,57,matches,0,0,0
Add_Irregular_Button_Field_,1091886,1092490,604,140,4,1091886,1092490,168,matches,0,0,0
Get_Alt_Alpha_Key_,1092490,1093044,554,140,4,1092490,1093044,98,matches,0,0,0
Add_Multi_Hot_Key_Field_,1093044,1093367,323,140,4,1093044,1093336,76,shorter+unresolved,0,0,1
Clear_Multi_Hot_Key_Offsets_,1093367,1093476,109,140,4,1093367,1093476,40,matches,0,0,0
Check_Multi_Hot_Key_Fields_,1093476,1093722,246,140,4,1093476,1093722,78,matches,0,0,0
Draw_Field_,1093722,1098480,4758,140,4,1093722,1093758,12,shorter+unresolved,0,0,1
Clear_Fields_,1098480,1098584,104,140,4,1098480,1098511,11,shorter+unresolved,0,0,1
Clipped_Dot_,1098584,1098693,109,140,4,1098584,1098693,36,matches,0,0,0
Add_Clipped_Button_Field_,1098693,1098945,252,140,4,1098693,1098945,75,matches,0,0,0
Get_List_Field_,1098945,1099799,854,140,4,1098945,1098992,13,shorter+unresolved,0,0,1
Exit_List_Field_,1099799,1099837,38,140,4,1099799,1099837,18,matches,0,0,0
Add_String_List_Field_,1099837,1100494,657,140,4,1099837,1100494,180,matches,0,0,0
Interpret_Keyboard_Input_,1100494,1101557,1063,140,4,1100494,1101557,90,matches+unresolved,0,0,2
Interpret_Mouse_Input_,1101557,1107736,6179,140,4,1101557,1101614,16,shorter+unresolved,0,0,1
Draw_Visible_Fields_,1107736,1115108,7372,140,4,1107736,1107813,21,shorter+unresolved,0,0,1
Copy_Continuous_String_,1115108,1115270,162,140,5,1115108,1115270,51,matches,0,0,0
Timed_Wait_For_Input_,1115270,1115430,160,140,4,1115270,1115430,56,matches,0,0,0
Load_Font_File_,1115430,1115622,192,141,4,1115430,1115622,49,matches+unresolved,0,0,1
Load_Palette_,1115622,1115759,137,141,4,1115622,1115759,44,matches,0,0,0
Get_String_Width_,1115759,1115909,150,141,4,1115759,1115909,53,matches,0,0,0
Set_Font_,1115909,1116207,298,141,4,1115909,1116046,38,shorter+unresolved,0,0,1
Set_Font_Solid_,1116207,1116480,273,141,4,1116207,1116480,76,matches,0,0,0
Set_Remap_Font_Style_,1116480,1116819,339,141,4,1116480,1116670,51,shorter+unresolved,0,0,1
Set_Remap_Font_Style_Shadow_Down_,1116819,1116877,58,141,4,1116819,1116867,15,shorter+unresolved,0,0,1
Set_Remap_Font_Style_Shadow_Up_,1116877,1116935,58,141,4,1116877,1116925,15,shorter+unresolved,0,0,1
Set_Remap_Font_Style_Shadow_Heavy_,1116935,1116993,58,141,4,1116935,1116983,15,shorter+unresolved,0,0,1
Set_Remap_Font_Style_Outline_,1116993,1117051,58,141,4,1116993,1117041,15,shorter+unresolved,0,0,1
Set_Remap_Font_Style_Outline_Heavy_,1117051,1117109,58,141,4,1117051,1117099,15,shorter+unresolved,0,0,1
Set_Font_Style_,1117109,1117387,278,141,4,1117109,1117266,45,shorter+unresolved,0,0,1
Set_Font_Style_Shadow_Down_,1117387,1117445,58,141,4,1117387,1117435,15,shorter+unresolved,0,0,1
Set_Font_Style_Shadow_Up_,1117445,1117503,58,141,4,1117445,1117493,15,shorter+unresolved,0,0,1
Set_Font_Style_Shadow_Heavy_,1117503,1117561,58,141,4,1117503,1117551,15,shorter+unresolved,0,0,1
Set_Font_Style_Outline_,1117561,1117619,58,141,4,1117561,1117609,15,shorter+unresolved,0,0,1
Set_Font_Style_Outline_Heavy_,1117619,1117677,58,141,4,1117619,1117667,15,shorter+unresolved,0,0,1
Set_Outline_Color_,1117677,1117732,55,141,4,1117677,1117732,22,matches,0,0,0
Set_Font_LF_,1117732,1117792,60,141,4,1117732,1117792,24,matches,0,0,0
Set_Font_Spacing_Width_,1117792,1117836,44,141,4,1117792,1117836,21,matches,0,0,0
Set_Font_Spacing_,1117836,1117881,45,141,4,1117836,1117881,21,matches,0,0,0
Set_Font_Highlight_Colors_,1117881,1117959,78,141,4,1117881,1117959,32,matches,0,0,0
Set_Font_Special_Colors_,1117959,1118037,78,141,4,1117959,1118037,32,matches,0,0,0
Set_Alias_Color_,1118037,1118105,68,141,4,1118037,1118105,27,matches,0,0,0
Save_Alias_Colors_,1118105,1118178,73,141,4,1118105,1118178,26,matches,0,0,0
Restore_Alias_Colors_,1118178,1118251,73,141,4,1118178,1118251,26,matches,0,0,0
Print_Integer_,1118251,1118321,70,141,4,1118251,1118321,25,matches,0,0,0
Print_Unsigned_,1118321,1118391,70,141,4,1118321,1118391,25,matches,0,0,0
Print_Right_,1118391,1118461,70,141,4,1118391,1118461,28,matches,0,0,0
Print_Centered_,1118461,1118547,86,141,4,1118461,1118547,34,matches,0,0,0
Print_Integer_Right_,1118547,1118617,70,141,4,1118547,1118617,25,matches,0,0,0
Print_Integer_Centered_,1118617,1118687,70,141,4,1118617,1118687,25,matches,0,0,0
Print_Unsigned_Centered_,1118687,1118757,70,141,4,1118687,1118757,25,matches,0,0,0
Print_Unsigned_Right_,1118757,1118827,70,141,4,1118757,1118827,25,matches,0,0,0
Print_Full_,1118827,1118899,72,141,4,1118827,1118899,24,matches,0,0,0
Print_,1118899,1118955,56,141,4,1118899,1118955,22,matches,0,0,0
Print_Display_,1118955,1120276,1321,141,4,1118955,1120017,32,shorter+unresolved,0,0,2
Print_String_,1120276,1121048,772,141,4,1120276,1121048,177,matches+unresolved,0,0,1
No_Print_Alias_,1121048,1121088,40,141,4,1121048,1121079,11,shorter+unresolved,0,0,1
Set_Normal_Colors_On_,1121088,1121164,76,141,4,1121088,1121164,30,matches,0,0,0
Set_Highlight_Colors_On_,1121164,1121240,76,141,4,1121164,1121240,30,matches,0,0,0
Set_Special_Colors_On_,1121240,1121316,76,141,4,1121240,1121316,30,matches,0,0,0
PSTRM_,1121316,1121509,193,141,4,1121316,1121509,60,matches,0,0,0
PSTRS_,1121509,1121561,52,141,4,1121509,1121561,21,matches,0,0,0
PSTR_,1121561,1121629,68,141,4,1121561,1121629,25,matches,0,0,0
PSTRL_,1121629,1121697,68,141,4,1121629,1121697,25,matches,0,0,0
PSTRU_,1121697,1121771,74,141,4,1121697,1121771,27,matches,0,0,0
Print_Character_,1121771,1121925,154,141,4,1121771,1121925,48,matches,0,0,0
Print_Character_No_Alias_,1121925,1122079,154,141,4,1121925,1122079,48,matches,0,0,0
Set_Background_Color_,1122079,1122124,45,141,4,1122079,1122124,21,matches,0,0,0
Set_Foreground_Color_,1122124,1122171,47,141,4,1122124,1122171,22,matches,0,0,0
Disp_PSTR_,1122171,1122585,414,141,4,1122171,1122585,24,matches+unresolved,0,0,1
Find_Closest_PSTR_Color_,1122585,1122772,187,141,4,1122585,1122772,61,matches,0,0,0
Set_PSTR_Color_,1122772,1122817,45,141,4,1122772,1122817,21,matches,0,0,0
Get_Current_Font_Style_,1122817,1122862,45,141,4,1122817,1122862,21,matches,0,0,0
Get_Current_Font_Color_,1122862,1122905,43,141,4,1122862,1122905,20,matches,0,0,0
Get_Font_Height_,1122905,1122950,45,141,4,1122905,1122950,21,matches,0,0,0
Get_Font_Vertical_Spacing_,1122950,1122995,45,141,4,1122950,1122995,21,matches,0,0,0
Get_Current_Highlight_Color_,1122995,1123038,43,141,4,1122995,1123038,20,matches,0,0,0
Get_Current_Special_Color_,1123038,1123081,43,141,4,1123038,1123081,20,matches,0,0,0
Clipped_Print_String_,1123081,1123855,774,141,4,1123081,1123855,211,matches,0,0,0
Print_Clipped_Character_,1123855,1124332,477,141,4,1123855,1124332,147,matches,0,0,0
Print_Clipped_Letter_,1124332,1124731,399,141,4,1124332,1124731,125,matches,0,0,0
Print_Right_To_Bitmap_,1124731,1124805,74,141,4,1124731,1124805,28,matches,0,0,0
Print_Centered_To_Bitmap_,1124805,1124895,90,141,4,1124805,1124895,34,matches,0,0,0
Print_Full_To_Bitmap_,1124895,1124974,79,141,4,1124895,1124974,26,matches,0,0,0
Print_To_Bitmap_,1124974,1125035,61,141,4,1124974,1125035,23,matches,0,0,0
Print_Display_To_Bitmap_,1125035,1125770,735,141,4,1125035,1125730,42,shorter+unresolved,0,0,2
Print_String_To_Bitmap_,1125770,1126512,742,141,4,1125770,1126512,212,matches,0,0,0
Print_Character_To_Bitmap_,1126512,1126833,321,141,4,1126512,1126833,103,matches,0,0,0
Print_Clipped_Letter_To_Bitmap_,1126833,1127303,470,141,4,1126833,1127303,147,matches,0,0,0
Set_PSTR_Style_,1127303,1127348,45,141,4,1127303,1127348,21,matches,0,0,0
Get_Mouse_Sensitivity_,1127348,1127479,131,142,4,1127348,1127379,11,shorter+unresolved,0,0,1
Set_Old_Mouse_Sensitivity_,1127479,1127569,90,142,4,1127479,1127510,11,shorter+unresolved,0,0,1
Init_Mouse_Driver_,1127569,1128145,576,142,4,1127569,1127600,11,shorter+unresolved,0,0,1
User_Mouse_Handler_,1128145,1128435,290,142,4,1128145,1128435,20,matches+unresolved,0,0,1
Set_User_Mouse_Handler_,1128435,1128556,121,142,4,1128435,1128481,14,shorter+unresolved,0,0,1
Mouse_Button_Handler_,1128556,1128742,186,142,4,1128556,1128602,14,shorter+unresolved,0,0,1
Mouse_Movement_Handler_,1128742,1128928,186,142,4,1128742,1128788,14,shorter+unresolved,0,0,1
Enable_Mouse_,1128928,1128968,40,142,4,1128928,1128959,11,shorter+unresolved,0,0,1
Disable_Mouse_,1128968,1129008,40,142,4,1128968,1128999,11,shorter+unresolved,0,0,1
Save_Mouse_State_,1129008,1129060,52,142,4,1129008,1129051,13,shorter+unresolved,0,0,1
Restore_Mouse_State_,1129060,1129103,43,142,4,1129060,1129103,19,matches,0,0,0
Mouse_Active_,1129103,1129146,43,142,4,1129103,1129146,20,matches,0,0,0
Pointer_X_,1129146,1129191,45,142,4,1129146,1129191,21,matches,0,0,0
Pointer_Y_,1129191,1129236,45,142,4,1129191,1129236,21,matches,0,0,0
Set_Pointer_Position_,1129236,1129304,68,142,4,1129236,1129304,25,matches,0,0,0
Set_Mouse_Position_,1129304,1129409,105,142,4,1129304,1129340,12,shorter+unresolved,0,0,1
Mouse_Buffer_X_,1129409,1129454,45,142,4,1129409,1129454,21,matches,0,0,0
Mouse_Buffer_Y_,1129454,1129499,45,142,4,1129454,1129499,21,matches,0,0,0
Mouse_Buffer_Button_,1129499,1129544,45,142,4,1129499,1129544,21,matches,0,0,0
Mouse_Buffer_,1129544,1129604,60,142,4,1129544,1129584,13,shorter+unresolved,0,0,1
Mouse_Buffer2_,1129604,1129664,60,142,4,1129604,1129644,13,shorter+unresolved,0,0,1
Set_Buffer_2_,1129664,1129728,64,142,4,1129664,1129700,12,shorter+unresolved,0,0,1
Set_Mouse_Buffer_,1129728,1129811,83,142,4,1129728,1129766,12,shorter+unresolved,0,0,1
Check_Mouse_Buffer_,1129811,1129945,134,142,4,1129811,1129945,32,matches+unresolved,0,0,1
Reset_System_Mouse_,1129945,1130092,147,142,4,1129945,1129981,12,shorter+unresolved,0,0,1
Set_Mouse_List_,1130092,1130151,59,142,4,1130092,1130151,23,matches,0,0,0
Check_Mouse_Shape_,1130151,1130491,340,142,4,1130151,1130173,10,shorter+unresolved,0,0,1
Get_Pointer_Offset_,1130491,1130553,62,142,4,1130491,1130553,27,matches,0,0,0
Get_Pointer_Image_Number_,1130553,1130613,60,142,4,1130553,1130613,26,matches,0,0,0
Mouse_Button_,1130613,1130757,144,142,4,1130613,1130644,11,shorter+unresolved,0,0,1
Mouse_Wait_,1130757,1130909,152,142,4,1130757,1130788,11,shorter+unresolved,0,0,1
Save_Mouse_From_Off_Page_,1130909,1131063,154,142,4,1130909,1131063,51,matches,0,0,0
Save_Correct_Mouse_Hi_Res_,1131063,1131094,31,142,4,1131063,1131094,17,matches,0,0,0
Restore_Mouse_From_Off_Page_,1131094,1131356,262,142,4,1131094,1131356,81,matches,0,0,0
Draw_Mouse_Off_Page_,1131356,1131421,65,142,4,1131356,1131377,9,shorter+unresolved,0,0,1
Draw_Mouse_Hi_Res_,1131421,1131486,65,142,4,1131421,1131442,9,shorter+unresolved,0,0,1
Draw_Mouse_To_Off_Page_,1131486,1131818,332,142,4,1131486,1131818,102,matches,0,0,0
Say_Hello_,1131818,1131872,54,142,4,1131818,1131872,21,matches,0,0,0
S_Mouse_,1131872,1132083,211,142,4,1131872,1132083,70,matches,0,0,0
Set_Mouse_Overide_Input_,1132083,1132123,40,142,4,1132083,1132114,11,shorter+unresolved,0,0,1
Clear_Mouse_Overide_Input_,1132123,1132163,40,142,4,1132123,1132154,11,shorter+unresolved,0,0,1
Set_Mouse_X_,1132163,1132226,63,142,4,1132163,1132226,25,matches,0,0,0
Set_Mouse_Y_,1132226,1132288,62,142,4,1132226,1132288,25,matches,0,0,0
Set_Mouse_Right_Down_,1132288,1132328,40,142,4,1132288,1132319,11,shorter+unresolved,0,0,1
Set_Mouse_Left_Down_,1132328,1132368,40,142,4,1132328,1132359,11,shorter+unresolved,0,0,1
Set_Mouse_Right_Up_,1132368,1132408,40,142,4,1132368,1132399,11,shorter+unresolved,0,0,1
Set_Mouse_Left_Up_,1132408,1132448,40,142,4,1132408,1132439,11,shorter+unresolved,0,0,1
Random_,1132448,1132576,128,143,4,1132448,1132576,33,matches+unresolved,0,0,1
Set_Random_Seed_,1132576,1132620,44,143,4,1132576,1132620,21,matches,0,0,0
Get_Random_Seed_,1132620,1132664,44,143,4,1132620,1132664,21,matches,0,0,0
Randomize_,1132664,1132715,51,143,4,1132664,1132715,23,matches,0,0,0
Init_Video_Drivers_,1132715,1133218,503,144,4,1132715,1132774,13,shorter+unresolved,0,0,1
Get_Current_Video_Page_Flag_,1133218,1133262,44,144,4,1133218,1133262,21,matches,0,0,0
Reset_Video_,1133262,1133318,56,144,4,1133262,1133318,23,matches,0,0,0
Cls_,1133318,1133367,49,144,4,1133318,1133367,21,matches,0,0,0
New_Screen_,1133367,1133413,46,144,4,1133367,1133398,11,shorter+unresolved,0,0,1
Set_Refresh_Full_,1133413,1133464,51,144,4,1133413,1133444,11,shorter+unresolved,0,0,1
Save_Refresh_,1133464,1133519,55,144,4,1133464,1133519,21,matches,0,0,0
Restore_Refresh_,1133519,1133576,57,144,4,1133519,1133576,23,matches,0,0,0
Set_Refresh_Stencil_,1133576,1133627,51,144,4,1133576,1133607,11,shorter+unresolved,0,0,1
Get_Refresh_Mode_,1133627,1133672,45,144,4,1133627,1133672,21,matches,0,0,0
Set_Refresh_Stencil_No_Full_,1133672,1133723,51,144,4,1133672,1133703,11,shorter+unresolved,0,0,1
Set_Refresh_Differential_,1133723,1133774,51,144,4,1133723,1133754,11,shorter+unresolved,0,0,1
Set_Refresh_Differential_No_Full_,1133774,1133825,51,144,4,1133774,1133805,11,shorter+unresolved,0,0,1
Set_Refresh_Masked_,1133825,1133889,64,144,4,1133825,1133859,12,shorter+unresolved,0,0,1
Set_Page_Off_,1133889,1133946,57,144,4,1133889,1133937,14,shorter+unresolved,0,0,1
Set_Page_Back_,1133946,1134003,57,144,4,1133946,1133994,14,shorter+unresolved,0,0,1
Set_Page_On_,1134003,1134060,57,144,4,1134003,1134051,14,shorter+unresolved,0,0,1
Copy_Off_To_Back_,1134060,1134134,74,144,4,1134060,1134134,28,matches,0,0,0
Copy_Back_To_Off_,1134134,1134208,74,144,4,1134134,1134208,28,matches,0,0,0
Copy_Off_To_On_,1134208,1134283,75,144,4,1134208,1134283,23,matches,0,0,0
Toggle_Pages_,1134283,1134692,409,144,4,1134283,1134692,96,matches+unresolved,0,0,2
Assign_Video_Function_Pointers_,1134692,1135298,606,144,4,1134692,1135298,32,matches+unresolved,0,0,5
Get_Video_Card_,1135298,1135360,62,144,4,1135298,1135360,25,matches,0,0,0
Set_Video_Mode_,1135360,1135485,125,144,4,1135360,1135485,36,matches,0,0,0
Create_Screen_Buffers_,1135485,1135658,173,144,4,1135485,1135658,52,matches,0,0,0
Get_Video_Total_Memory_,1135658,1135808,150,144,4,1135658,1135684,11,shorter+unresolved,0,0,1
Get_Video_Granularity_,1135808,1135956,148,144,4,1135808,1135956,40,matches,0,0,0
Cls_On_,1135956,1136095,139,144,4,1135956,1136095,45,matches,0,0,0
Full_Screen_Dump_Hi_Res_,1136095,1136255,160,144,4,1136095,1136255,48,matches,0,0,0
Masked_Screen_Dump_Hi_Res_,1136255,1136660,405,144,4,1136255,1136660,121,matches,0,0,0
Partial_Screen_Dump_Hi_Res_,1136660,1137889,1229,144,4,1136660,1137889,354,matches,0,0,0
Clear_Scan_List_,1137889,1137944,55,144,4,1137889,1137944,22,matches,0,0,0
Clear_Stencil_List_,1137944,1137999,55,144,4,1137944,1137999,22,matches,0,0,0
Stencil_Out_Background_,1137999,1138195,196,144,4,1137999,1138195,66,matches,0,0,0
Add_Dot_To_Scan_List_,1138195,1138683,488,144,4,1138195,1138683,160,matches,0,0,0
Add_Line_To_Scan_List_,1138683,1139236,553,144,4,1138683,1139236,175,matches,0,0,0
Copy_Off_To_On_Hi_Res_,1139236,1139711,475,144,4,1139236,1139711,143,matches,0,0,0
Save_Video_State_Hi_Res_,1139711,1139738,27,144,4,1139711,1139738,16,matches,0,0,0
Restore_Video_State_Hi_Res_,1139738,1139773,35,144,4,1139738,1139773,18,matches,0,0,0
Exit_With_Size_,1139773,1139847,74,145,4,1139773,1139847,29,matches,0,0,0
Exit_With_Message_,1139847,1139916,69,145,4,1139847,1139916,28,matches,0,0,0
Exit_With_Value_,1139916,1140001,85,145,4,1139916,1140001,32,matches,0,0,0
strstr_,1140001,1140210,209,146,4,1140001,1140191,98,shorter+unresolved,0,0,4
sprintf_,1140210,1140258,48,147,4,1140210,1140258,18,matches,0,0,0
atol_,1140258,1140367,109,148,4,1140258,1140367,44,matches,0,0,0
__open_flags_,1140367,1140576,209,149,4,1140367,1140576,77,matches+unresolved,0,0,2
__doopen_,1140576,1140772,196,149,5,1140576,1140772,65,matches,0,0,0
_fsopen_,1140772,1140829,57,149,4,1140772,1140829,26,matches,0,0,0
fopen_,1140829,1140839,10,149,4,1140829,1140839,5,matches,0,0,0
close_file_,1140839,1140943,104,149,5,1140839,1140943,43,matches,0,0,0
freopen_,1140943,1141009,66,149,4,1140943,1141009,28,matches,0,0,0
fgets_,1141009,1141114,105,150,4,1141009,1141114,46,matches,0,0,0
fclose_,1141114,1141159,45,151,4,1141114,1141159,20,matches,0,0,0
__shutdown_stream_,1141159,1141180,21,151,4,1141159,1141180,9,matches,0,0,0
__hex_,1141180,1141192,12,151,5,1141180,1141192,5,matches,0,0,0
__MkTmpFile_,1141192,1141293,101,151,4,1141192,1141293,39,matches,0,0,0
__doclose_,1141293,1141437,144,151,4,1141293,1141437,54,matches,0,0,0
Farload_,1141437,1141501,64,152,4,1141437,1141501,27,matches,0,0,0
Far_Reload_,1141501,1141570,69,152,4,1141501,1141570,26,matches,0,0,0
Far_Reload_Next_,1141570,1141639,69,152,4,1141570,1141639,26,matches,0,0,0
Farload_Data_,1141639,1141725,86,152,4,1141639,1141725,33,matches,0,0,0
Far_Reload_Data_,1141725,1141815,90,152,4,1141725,1141815,33,matches,0,0,0
Far_Reload_Next_Data_,1141815,1141905,90,152,4,1141815,1141905,33,matches,0,0,0
Farload_Data_Static_,1141905,1141995,90,152,4,1141905,1141995,33,matches,0,0,0
Farload_Library_,1141995,1142587,592,152,4,1141995,1142331,82,shorter+unresolved,0,0,3
Farload_Library_Data_,1142587,1143347,760,152,4,1142587,1143106,129,shorter+unresolved,0,0,3
Get_Farload_Data_Record_Count_,1143347,1143772,425,152,4,1143347,1143772,111,matches+unresolved,0,0,1
Error_Handler_,1143772,1144211,439,152,4,1143772,1144211,104,matches,0,0,0
Set_Alternate_Path_,1144211,1144331,120,152,4,1144211,1144331,41,matches,0,0,0
atoi_,1144331,1144440,109,153,4,1144331,1144440,44,matches,0,0,0
Set_Memory_,1144440,1144494,54,154,4,1144440,1144494,24,matches,0,0,0
Copy_Structure_Aligned_,1144494,1144509,15,154,4,1144494,1144509,9,matches,0,0,0
Copy_Structure_DW_,1144509,1144521,12,154,4,1144509,1144521,8,matches,0,0,0
Store_Memory_Differences_,1144521,1144554,33,154,4,1144521,1144554,18,matches,0,0,0
Clear_Direction_Flag_,1144554,1144560,6,154,4,1144554,1144556,2,shorter,0,0,0
Test_Bit_Field_,1144560,1144594,34,154,4,1144560,1144594,14,matches,0,0,0
Set_Bit_Field_,1144594,1144618,24,154,4,1144594,1144618,11,matches,0,0,0
Clear_Bit_Field_,1144618,1144644,26,154,4,1144618,1144644,12,matches,0,0,0
Set_Structure_,1144644,1144694,50,154,4,1144644,1144694,24,matches,0,0,0
Clear_Structure_,1144694,1144734,40,154,4,1144694,1144734,19,matches,0,0,0
Copy_Structure_,1144734,1144798,64,154,4,1144734,1144798,33,matches,0,0,0
Swap_Structure_,1144798,1144920,122,154,4,1144798,1144919,68,shorter,0,0,0
Drive_Test_,1144920,1144960,40,155,4,1144920,1144960,23,matches,0,0,0
Windows_Check_,1144960,1144995,35,155,4,1144960,1144995,13,matches,0,0,0
Flush_Buffer_Space_,1144995,1145131,136,156,4,1144995,1145109,34,shorter+unresolved,0,0,1
Get_Remaining_Buffer_Space_,1145131,1145193,62,156,4,1145131,1145193,28,matches,0,0,0
Free_Buffer_Space_,1145193,1145263,70,156,4,1145193,1145263,24,matches+unresolved,0,0,1
Allocate_Buffer_Space_,1145263,1145667,404,156,4,1145263,1145454,53,shorter+unresolved,0,0,1
Clear_Buffer_Reload_,1145667,1145895,228,156,4,1145667,1145883,45,shorter+unresolved,0,0,2
Buffer_Reload_,1145895,1147244,1349,156,4,1145895,1147244,270,matches+unresolved,0,0,1
Farload_Buffer_Library_,1147244,1148284,1040,156,4,1147244,1148284,270,matches+unresolved,0,0,1
Get_Next_Buffer_Address_,1148284,1148603,319,156,4,1148284,1148603,93,matches,0,0,0
Get_Lowest_Priority_,1148603,1148875,272,156,4,1148603,1148875,80,matches,0,0,0
Check_For_Valid_Segs_,1148875,1149046,171,156,4,1148875,1149009,45,shorter,0,0,0
utoa_,1149046,1149120,74,157,4,1149046,1149120,35,matches,0,0,0
_itoa_,1149120,1149147,27,157,4,1149120,1149147,13,matches,0,0,0
itoa_,1149120,1149147,27,157,4,1149120,1149147,13,matches,0,0,0
fread_,1149147,1149622,475,158,4,1149147,1149622,161,matches,0,0,0
Set_Window_,1149622,1149769,147,159,4,1149622,1149769,42,matches,0,0,0
Save_Window_,1149769,1149848,79,159,4,1149769,1149848,25,matches,0,0,0
Restore_Window_,1149848,1149927,79,159,4,1149848,1149927,25,matches,0,0,0
Reset_Window_,1149927,1150002,75,159,4,1149927,1149958,11,shorter+unresolved,0,0,1
Fill_,1150002,1150686,684,159,4,1150002,1150686,198,matches,0,0,0
Interlaced_Fill_,1150686,1151280,594,159,4,1150686,1151280,175,matches,0,0,0
Tri_Interlaced_Fill_,1151280,1151897,617,159,4,1151280,1151897,184,matches,0,0,0
Gray_Scale_Fill_,1151897,1152276,379,159,4,1151897,1152112,57,shorter+unresolved,0,0,1
Interlaced_Gray_Scale_Fill_,1152276,1152813,537,159,4,1152276,1152483,55,shorter+unresolved,0,0,1
Dot_,1152813,1152963,150,159,4,1152813,1152963,46,matches,0,0,0
Box_,1152963,1153246,283,159,4,1152963,1153246,101,matches,0,0,0
Darken_Fill_,1153246,1153309,63,159,4,1153246,1153309,23,matches,0,0,0
Tint_Fill_,1153309,1153924,615,159,4,1153309,1153924,182,matches,0,0,0
Gradient_Fill_,1153924,1154160,236,159,4,1153924,1154159,75,shorter,0,0,0
memset_,1154160,1154184,24,160,4,1154160,1154184,12,matches,0,0,0
__get_errno_ptr_,1154184,1154190,6,161,4,1154184,1154190,2,matches,0,0,0
__get_doserrno_ptr_,1154190,1154196,6,161,4,1154190,1154196,2,matches,0,0,0
strerror_,1154196,1154219,23,162,4,1154196,1154219,8,matches,0,0,0
fwrite_,1154219,1154667,448,163,4,1154219,1154667,159,matches,0,0,0
_access_,1154667,1154726,59,164,4,1154667,1154726,27,matches,0,0,0
access_,1154667,1154726,59,164,4,1154667,1154726,27,matches,0,0,0
__update_buffer_,1154726,1154792,66,165,5,1154726,1154792,32,matches,0,0,0
fseek_,1154792,1155044,252,165,4,1154792,1155044,101,matches,0,0,0
clock_,1155044,1155049,5,166,4,1155044,1155049,1,matches,1,0,0
fflush_,1155049,1155065,16,167,4,1155049,1155065,5,matches,1,0,0
Draw_No_Glass_,1155065,1156216,1151,168,4,1155065,1155218,46,shorter+unresolved,0,0,1
Draw_,1156216,1157396,1180,168,4,1156216,1156369,46,shorter+unresolved,0,0,1
Draw_Animated_Sprite_Back_Diff_,1157396,1157793,397,168,4,1157396,1157793,125,matches,0,0,0
Draw_No_Glassed_Animated_Sprite_,1157793,1158092,299,168,4,1157793,1158092,98,matches,0,0,0
Draw_No_Glassed_Bitmap_Sprite_,1158092,1158308,216,168,4,1158092,1158308,70,matches,0,0,0
Draw_Glassed_Animated_Sprite_,1158308,1158656,348,168,4,1158308,1158656,113,matches,0,0,0
Set_Animation_Palette_,1158656,1158848,192,168,4,1158656,1158848,67,matches,0,0,0
Draw_Glassed_Bitmap_Sprite_,1158848,1159116,268,168,4,1158848,1159116,85,matches,0,0,0
Draw_Screen_Background_Off_,1159116,1159351,235,168,4,1159116,1159351,82,matches,0,0,0
Draw_Animated_Sprite_On_Page_,1159351,1159897,546,168,4,1159351,1159897,172,matches,0,0,0
Draw_Screen_Background_On_,1159897,1160160,263,168,4,1159897,1160160,87,matches,0,0,0
Draw_Glassed_Screen_Background_Off_,1160160,1160449,289,168,4,1160160,1160449,98,matches,0,0,0
Draw_Glassed_Screen_Background_On_,1160449,1160756,307,168,4,1160449,1160756,101,matches,0,0,0
Clip_On_,1160756,1160796,40,168,4,1160756,1160787,11,shorter+unresolved,0,0,1
Clip_Off_,1160796,1160836,40,168,4,1160796,1160827,11,shorter+unresolved,0,0,1
Dot_Stencil_On_,1160836,1160876,40,168,4,1160836,1160867,11,shorter+unresolved,0,0,1
Dot_Stencil_Off_,1160876,1160916,40,168,4,1160876,1160907,11,shorter+unresolved,0,0,1
Get_Full_Store_Flag_,1160916,1160998,82,168,4,1160916,1160998,31,matches,0,0,0
Reset_Animation_Frame_,1160998,1161043,45,168,4,1160998,1161043,21,matches,0,0,0
Set_Animation_Frame_,1161043,1161117,74,168,4,1161043,1161117,31,matches,0,0,0
Draw_Palette_,1161117,1161185,68,168,4,1161117,1161185,28,matches,0,0,0
Remap_Draw_,1161185,1161963,778,168,4,1161185,1161963,94,matches+unresolved,0,0,3
Remap_Draw_Animated_Sprite_,1161963,1162251,288,168,4,1161963,1162251,94,matches,0,0,0
Remap_Clipped_Draw_Animated_Sprite_,1162251,1163066,815,168,4,1162251,1163066,257,matches,0,0,0
Draw_Gray_Scaled_,1163066,1163543,477,168,4,1163066,1163543,135,matches,0,0,0
Draw_Screen_Background_Off_Gray_Scale_,1163543,1163936,393,168,4,1163543,1163598,15,shorter+unresolved,0,0,1
Mark_Time_,1163936,1163950,14,169,4,1163936,1163950,6,matches,0,0,0
Time_Passed_,1163950,1163965,15,169,4,1163950,1163965,6,matches,0,0,0
Timer_Value_,1163965,1163974,9,169,4,1163965,1163974,5,matches,0,0,0
Release_Time_,1163974,1164001,27,169,4,1163974,1164001,13,matches,0,0,0
Read_Key_,1164001,1164123,122,170,4,1164001,1164123,40,matches,0,0,0
Check_Key_,1164123,1164178,55,170,4,1164123,1164178,24,matches,0,0,0
Keyboard_Status_,1164178,1164243,65,170,4,1164178,1164243,27,matches,0,0,0
Key_Waiting_,1164243,1164320,77,170,4,1164243,1164320,31,matches,0,0,0
Init_Keyboard_,1164320,1164435,115,170,4,1164320,1164410,27,shorter+unresolved,0,0,1
Disable_Keyboard_,1164435,1164504,69,170,4,1164435,1164504,26,matches,0,0,0
New09_Handler_,1164504,1164660,156,170,4,1164504,1164660,46,matches,0,0,0
getch_,1164660,1164718,58,170,4,1164660,1164718,25,matches,0,0,0
Scan_Key_,1164718,1164807,89,170,4,1164718,1164807,32,matches,0,0,0
Open_File_Animation_,1164807,1165260,453,171,4,1164807,1165040,55,shorter+unresolved,0,0,2
Draw_File_Animation_,1165260,1166038,778,171,4,1165260,1166038,213,matches,0,0,0
Draw_Multi_File_Animation_Stencil_,1166038,1166637,599,171,4,1166038,1166637,167,matches,0,0,0
Draw_File_Animation_Stencil_,1166637,1167213,576,171,4,1166637,1166676,13,shorter+unresolved,0,0,1
Draw_File_Animation_On_,1167213,1167813,600,171,4,1167213,1167252,13,shorter+unresolved,0,0,1
Open_Multi_File_Animation_,1167813,1168392,579,171,4,1167813,1168126,76,shorter+unresolved,0,0,1
Draw_Multi_File_Animation_,1168392,1169074,682,171,4,1168392,1168732,95,shorter+unresolved,0,0,2
Set_File_Animation_Frame_,1169074,1169163,89,171,4,1169074,1169163,32,matches,0,0,0
Get_File_Animation_Frame_,1169163,1169221,58,171,4,1169163,1169221,24,matches,0,0,0
Get_Multi_File_Animation_Frame_,1169221,1169294,73,171,4,1169221,1169294,28,matches,0,0,0
Reset_File_Animation_Buffer_,1169294,1169335,41,171,4,1169294,1169335,19,matches,0,0,0
Set_File_Animation_Buffer_,1169335,1169379,44,171,4,1169335,1169379,21,matches,0,0,0
Draw_Multi_File_Animation_Palette_,1169379,1169486,107,171,4,1169379,1169486,37,matches,0,0,0
Draw_File_Animation_Palette_,1169486,1169551,65,171,4,1169486,1169551,26,matches,0,0,0
Set_Multi_File_Animation_Frame_,1169551,1169653,102,171,4,1169551,1169653,34,matches,0,0,0
Create_Blank_Bitmap_,1169653,1169731,78,172,4,1169653,1169731,28,matches,0,0,0
Create_Bitmap_Header_,1169731,1169872,141,172,4,1169731,1169872,39,matches,0,0,0
Create_Multi_Frame_Blank_Bitmap_,1169872,1169942,70,172,4,1169872,1169942,25,matches,0,0,0
Create_Multi_Frame_Bitmap_Header_,1169942,1170084,142,172,4,1169942,1170084,38,matches,0,0,0
Get_Bitmap_Size_,1170084,1170172,88,172,4,1170084,1170172,35,matches,0,0,0
Set_Picture_Glassed_,1170172,1170235,63,172,4,1170172,1170235,26,matches,0,0,0
Shear_Bitmap_Y_,1170235,1170581,346,172,4,1170235,1170581,106,matches,0,0,0
Shear_Array_Bitmap_Y_,1170581,1170800,219,172,4,1170581,1170800,69,matches,0,0,0
Shear_Bitmap_X_,1170800,1171154,354,172,4,1170800,1171154,109,matches,0,0,0
Shear_Array_Bitmap_X_,1171154,1171378,224,172,4,1171154,1171378,70,matches,0,0,0
Flip_Bitmap_,1171378,1171634,256,172,4,1171378,1171634,79,matches,0,0,0
Copy_Bitmap_To_Bitmap_,1171634,1171784,150,172,4,1171634,1171784,49,matches,0,0,0
Screen_Bitmap_Capture_,1171784,1171936,152,172,4,1171784,1171936,48,matches,0,0,0
Draw_Bitmap_To_Mouse_,1171936,1172274,338,172,4,1171936,1172274,105,matches,0,0,0
Clear_Mouse_Image_,1172274,1172340,66,172,4,1172274,1172340,26,matches,0,0,0
Scale_Bitmap_,1172340,1172816,476,172,4,1172340,1172816,147,matches,0,0,0
Vanish_Bitmap_,1172816,1173071,255,172,4,1172816,1173071,83,matches,0,0,0
Outline_Bitmap_,1173071,1173303,232,172,4,1173071,1173303,75,matches,0,0,0
Bitmap_Aura_,1173303,1173507,204,172,4,1173303,1173507,65,matches,0,0,0
Transpose_Bitmap_,1173507,1173716,209,172,4,1173507,1173716,69,matches,0,0,0
Tint_Bitmap_,1173716,1173921,205,172,4,1173716,1173921,67,matches,0,0,0
Create_Brighten_Bitmap_Palettes_,1173921,1174307,386,172,4,1173921,1174307,116,matches,0,0,0
Mask_Brighten_Bitmap_,1174307,1175076,769,172,4,1174307,1175076,250,matches,0,0,0
Darken_Bitmap_,1175076,1175271,195,172,4,1175076,1175271,65,matches,0,0,0
Jumble_Bitmap_,1175271,1175485,214,172,4,1175271,1175485,67,matches,0,0,0
Mask_Out_Bitmap_With_Bitmap_,1175485,1176226,741,172,4,1175485,1176226,244,matches,0,0,0
Mask_Out_Colors_,1176226,1176370,144,172,4,1176226,1176370,48,matches,0,0,0
Interlace_Gray_Scale_Bitmap_,1176370,1176728,358,172,4,1176370,1176488,34,shorter+unresolved,0,0,1
Gray_Scale_Bitmap_,1176728,1176952,224,172,4,1176728,1176846,34,shorter+unresolved,0,0,1
Draw_Picture_To_Bitmap_,1176952,1177574,622,172,4,1176952,1177574,180,matches,0,0,0
Add_Picture_To_Bitmap_,1177574,1178959,1385,172,4,1177574,1178959,351,matches+unresolved,0,0,2
Draw_Bitmap_Rotated_,1178959,1179135,176,172,4,1178959,1179135,63,matches,0,0,0
Get_Rotated_Pixels_,1179135,1179800,665,172,4,1179135,1179800,220,matches,0,0,0
Draw_Bitmap_Line_,1179800,1181857,2057,172,4,1179800,1181857,690,matches,0,0,0
Draw_Bitmap_Animation_Block_,1181857,1183283,1426,172,4,1181857,1183283,445,matches,0,0,0
Form_Texture_Map_Edge_List_,1183283,1184213,930,172,4,1183283,1184213,300,matches,0,0,0
Texture_Map_Block_,1184213,1185064,851,172,4,1184213,1184353,37,shorter+unresolved,0,0,1
Get_Bitmap_Actual_Size_,1185064,1185372,308,172,4,1185064,1185372,97,matches,0,0,0
Line_Texture_Map_,1185372,1185708,336,172,4,1185372,1185708,118,matches,0,0,0
Get_Bitmap_Pixel_,1185708,1185834,126,172,4,1185708,1185834,43,matches,0,0,0
Set_Palette_Colors_,1185834,1186004,170,173,4,1185834,1186004,55,matches,0,0,0
Set_Palette_Changes_,1186004,1186082,78,173,4,1186004,1186082,31,matches,0,0,0
Clear_Palette_Changes_,1186082,1186160,78,173,4,1186082,1186160,31,matches,0,0,0
Save_Palette_,1186160,1186211,51,173,4,1186160,1186211,21,matches,0,0,0
Restore_Palette_,1186211,1186276,65,173,4,1186211,1186276,25,matches,0,0,0
Set_Palette_Gradient_,1186276,1186507,231,173,4,1186276,1186507,77,matches,0,0,0
Set_Glass_Remap_Color_,1186507,1186612,105,173,4,1186507,1186612,32,matches,0,0,0
Reset_Cycle_Palette_Color_,1186612,1186653,41,173,4,1186612,1186645,12,shorter+unresolved,0,0,1
Cycle_Palette_Color_,1186653,1187435,782,173,4,1186653,1187435,222,matches+unresolved,0,0,1
Update_Cycle_,1187435,1187707,272,173,4,1187435,1187707,77,matches+unresolved,0,0,4
Refresh_Palette_,1187707,1187941,234,173,4,1187707,1187941,70,matches,0,0,0
Allocate_Glass_Remap_Next_Block_,1187941,1187996,55,173,4,1187941,1187996,24,matches,0,0,0
Save_Glass_Remap_Block_,1187996,1188073,77,173,4,1187996,1188073,28,matches,0,0,0
Restore_Glass_Remap_Block_,1188073,1188151,78,173,4,1188073,1188151,28,matches,0,0,0
RGB_To_HLS_,1188151,1188686,535,173,4,1188151,1188686,179,matches,0,0,0
HLS_To_RGB_,1188686,1188961,275,173,4,1188686,1188961,96,matches,0,0,0
Value_,1188961,1189279,318,173,4,1188961,1189279,100,matches,0,0,0
RADMALLOC,1189279,1189396,117,174,4,1189279,1189396,40,matches,0,0,0
RADFREE,1189396,1189446,50,174,4,1189396,1189446,18,matches,0,0,0
Open_Smacker_Animation_,1189446,1189694,248,174,4,1189446,1189694,76,matches,0,0,0
Set_Smacker_Animation_Frame_,1189694,1189730,36,174,4,1189694,1189730,19,matches,0,0,0
Get_Smacker_Animation_Height_,1189730,1189795,65,174,4,1189730,1189795,26,matches,0,0,0
Get_Smacker_Animation_Width_,1189795,1189860,65,174,4,1189795,1189860,26,matches,0,0,0
Get_Smacker_Animation_Total_Frames_,1189860,1189925,65,174,4,1189860,1189925,26,matches,0,0,0
Get_Smacker_Animation_Frame_,1189925,1189993,68,174,4,1189925,1189993,26,matches,0,0,0
Draw_Smacker_Animation_,1189993,1190356,363,174,4,1189993,1190356,93,matches,0,0,0
Close_Smacker_Animation_,1190356,1190417,61,174,4,1190356,1190417,22,matches+unresolved,0,0,1
Set_Smacker_Palette_,1190417,1190564,147,174,4,1190417,1190564,50,matches,0,0,0
Vsync_Speed_Test_,1190564,1190648,84,175,4,1190564,1190626,21,shorter+unresolved,0,0,1
Store_Palette_Block_,1190648,1190695,47,175,4,1190648,1190695,26,matches,0,0,0
Wait_For_Vsync_,1190695,1190721,26,175,4,1190695,1190721,12,matches,0,0,0
Forced_Wait_For_Vsync_,1190721,1190738,17,175,4,1190721,1190738,10,matches,0,0,0
Tint_Palette_,1190738,1191040,302,175,4,1190738,1191040,95,matches,0,0,0
Darken_Palette_,1191040,1191222,182,175,4,1191040,1191222,74,matches,0,0,0
Cycle_Palette_,1191222,1191529,307,175,4,1191222,1191529,88,matches,0,0,0
Dual_Cycle_Palette_,1191529,1191719,190,175,4,1191529,1191719,60,matches,0,0,0
Store_Single_Palette_Color_,1191719,1191772,53,175,4,1191719,1191772,14,matches,0,0,0
String_To_Upper_,1191772,1191885,113,176,4,1191772,1191885,45,matches,0,0,0
String_To_Lower_,1191885,1191998,113,176,4,1191885,1191998,45,matches,0,0,0
Trim_,1191998,1192146,148,176,4,1191998,1192146,54,matches,0,0,0
Swap_,1192146,1192209,63,176,4,1192146,1192209,28,matches,0,0,0
Swap_Short_,1192209,1192276,67,176,4,1192209,1192276,28,matches,0,0,0
Swap_Char_,1192276,1192339,63,176,4,1192276,1192339,28,matches,0,0,0
Swap_Long_,1192339,1192402,63,176,4,1192339,1192402,28,matches,0,0,0
Delete_Structure_,1192402,1192503,101,176,4,1192402,1192503,37,matches,0,0,0
Update_Glass_Remap_Colors_,1192503,1193147,644,177,4,1192503,1193147,184,matches,0,0,0
Update_Glass_Remap_Color_Range_,1193147,1193770,623,177,4,1193147,1193770,180,matches,0,0,0
Sort_Palette_List_,1193770,1194185,415,177,4,1193770,1194001,69,shorter+unresolved,0,0,1
Find_Closest_Color_,1194185,1194926,741,177,4,1194185,1194926,214,matches,0,0,0
Get_Palette_Animation_Color_,1194926,1195164,238,177,4,1194926,1195164,76,matches,0,0,0
Calculate_Picture_Remap_Colors_,1195164,1195286,122,177,4,1195164,1195286,42,matches,0,0,0
Create_Picture_Remap_Palette_,1195286,1195489,203,177,4,1195286,1195489,72,matches,0,0,0
Get_Remap_Palette_Color_,1195489,1195542,53,177,4,1195489,1195542,24,matches,0,0,0
Get_Palette_RGB_,1195542,1195638,96,177,4,1195542,1195638,34,matches,0,0,0
byteswap_,1195638,1195676,38,178,5,1195638,1195676,22,matches,0,0,0
med3_,1195676,1195764,88,178,5,1195676,1195764,44,matches,0,0,0
qsort_,1195764,1196845,1081,178,4,1195755,1196845,345,matches,0,0,0
Interpolate_Line_,1196845,1197232,387,179,4,1196845,1197232,125,matches,0,0,0
Absolute_Interpolate_Line_,1197232,1197623,391,179,4,1197232,1197623,130,matches,0,0,0
Range_,1197623,1197764,141,179,4,1197623,1197764,51,matches,0,0,0
Delta_XY_With_Wrap_,1197764,1197929,165,179,4,1197764,1197929,57,matches,0,0,0
Path_,1197929,1198478,549,179,4,1197929,1198478,171,matches,0,0,0
Path_Wrap_,1198478,1199250,772,179,4,1198478,1199250,246,matches,0,0,0
isqrt_,1199250,1199405,155,179,4,1199250,1199405,53,matches,0,0,0
Line_,1199405,1200983,1578,180,4,1199405,1200983,473,matches,0,0,0
Clip_Line_,1200983,1202076,1093,180,4,1200983,1202076,327,matches,0,0,0
Draw_Horizontal_Run_,1202076,1202182,106,180,4,1202076,1202182,38,matches,0,0,0
Draw_Vertical_Run_,1202182,1202288,106,180,4,1202182,1202288,38,matches,0,0,0
Multi_Colored_Line_,1202288,1203933,1645,180,4,1202288,1203933,500,matches,0,0,0
Draw_Horizontal_Run_Multi_,1203933,1204061,128,180,4,1203933,1204061,45,matches,0,0,0
Draw_Vertical_Run_Multi_,1204061,1204189,128,180,4,1204061,1204189,45,matches,0,0,0
Anti_Alias_Line_,1204189,1205809,1620,180,4,1204189,1205809,488,matches,0,0,0
Draw_Horizontal_Run_Alias_,1205809,1205932,123,180,4,1205809,1205932,43,matches,0,0,0
Draw_Vertical_Run_Alias_,1205932,1206056,124,180,4,1205932,1206056,43,matches,0,0,0
Plasma_Box_,1206056,1206488,432,180,4,1206056,1206488,137,matches,0,0,0
Create_Plasma_Line_,1206488,1206831,343,180,4,1206488,1206831,101,matches,0,0,0
Plasma_Line_,1206831,1208483,1652,180,4,1206831,1208483,502,matches,0,0,0
Draw_Horizontal_Run_Plasma_,1208483,1208609,126,180,4,1208483,1208609,45,matches,0,0,0
Draw_Vertical_Run_Plasma_,1208609,1208735,126,180,4,1208609,1208735,45,matches,0,0,0
Replace_Color_,1208735,1209406,671,181,4,1208735,1209406,25,matches+unresolved,0,0,1
Replace_Color_All_,1209406,1210063,657,181,4,1209406,1210063,26,matches+unresolved,0,0,1
No_Replace_Mask_Msg_,1210063,1210104,41,181,4,1210063,1210104,19,matches,0,0,0
Replace_Color_Gradient_,1210104,1210883,779,181,4,1210104,1210883,27,matches+unresolved,0,0,1
Replace_Gradient_Range_,1210883,1211782,899,181,4,1210883,1211782,167,matches+unresolved,0,0,2
Replace_Color_Range_,1211782,1212640,858,181,4,1211782,1212640,244,matches,0,0,0
Establish_Color_Gradient_,1212640,1212853,213,181,4,1212640,1212676,12,shorter+unresolved,0,0,1
Shift_Palette_Range_,1212853,1212969,116,181,4,1212853,1212969,39,matches,0,0,0
Gray_Scale_Off_Page_,1212969,1213119,150,181,4,1212969,1213007,12,shorter+unresolved,0,0,1
Interlaced_Gray_Scale_Off_Page_,1213119,1213445,326,181,4,1213119,1213159,12,shorter+unresolved,0,0,1
_angle_to_sin,1213445,1213625,180,182,5,1213445,1213460,8,shorter,0,0,0
Get_Angle_,1213625,1213973,348,182,4,1213625,1213973,106,matches,0,0,0
Sin_,1213973,1214326,353,182,4,1213973,1214326,104,matches,0,0,0
Cos_,1214326,1214386,60,182,4,1214326,1214386,25,matches,0,0,0
Rotate_Coordinates_,1214386,1215376,990,182,4,1214386,1215364,299,shorter,0,0,0
strcmp_,1215376,1215540,164,183,4,1215376,1215537,67,shorter,0,0,0
Set_Bank_Write_Vesa_,1215540,1215576,36,184,4,1215540,1215576,12,matches,0,0,0
Set_Bank_Read_Vesa_,1215576,1215623,47,184,4,1215576,1215623,13,matches,0,0,0
Switch_Video_Pages_Vesa_,1215623,1215664,41,184,4,1215623,1215638,5,shorter+unresolved,0,0,1
Get_Bank_Write_Vesa_,1215664,1215712,48,184,4,1215664,1215712,13,matches,0,0,0
Fast_Screen_Block_Copy_,1215712,1215726,14,184,4,1215712,1215726,8,matches,0,0,0
Add_Square_To_Scan_List_,1215726,1216018,292,184,4,1215726,1215869,42,shorter+unresolved,0,0,1
cget_file_,1216018,1216102,84,185,5,1216018,1216102,35,matches,0,0,0
uncget_file_,1216102,1216110,8,185,5,1216102,1216110,2,matches,1,0,0
vfscanf_,1216110,1216149,39,185,4,1216110,1216149,14,matches,0,0,0
fscanf_,1216149,1216182,33,185,4,1216149,1216182,13,matches,0,0,0
fputs_,1216182,1216305,123,186,4,1216182,1216305,56,matches,0,0,0
_netLobby,1216305,1216315,10,187,4,1216305,1216314,6,shorter+unresolved,0,0,1
Net_Init_,1216315,1216610,295,187,4,1216315,1216610,47,matches+unresolved,0,0,1
Net_Uninit_,1216610,1216699,89,187,4,1216610,1216699,29,matches+unresolved,0,0,1
Net_Update_,1216699,1216807,108,187,4,1216699,1216807,20,matches+unresolved,0,0,1
Net_Is_Sending_,1216807,1216851,44,187,4,1216807,1216851,21,matches,0,0,0
Net_Send_Message_,1216851,1217036,185,187,4,1216851,1217036,53,matches,0,0,0
Net_Status_,1217036,1217172,136,187,4,1217036,1217172,43,matches,0,0,0
Net_Get_Users_,1217172,1217368,196,187,4,1217172,1217368,64,matches,0,0,0
Set_Null_Modem_Slave_,1217368,1217415,47,187,4,1217368,1217399,11,shorter+unresolved,0,0,1
Set_Null_Modem_Host_,1217415,1217462,47,187,4,1217415,1217446,11,shorter+unresolved,0,0,1
Net_Is_User_Valid_,1217462,1217607,145,187,4,1217462,1217607,49,matches,0,0,0
Net_Host_ID_,1217607,1217654,47,187,4,1217607,1217654,22,matches,0,0,0
Net_Update_Game_List_,1217654,1218137,483,187,4,1217654,1217693,13,shorter+unresolved,0,0,1
Net_Get_Game_Count_,1218137,1218186,49,187,4,1218137,1218186,22,matches,0,0,0
Net_Get_Game_Name_,1218186,1218296,110,187,4,1218186,1218296,38,matches,0,0,0
Net_Get_Game_Status_,1218296,1218383,87,187,4,1218296,1218383,33,matches,0,0,0
Net_Join_Game_,1218383,1218605,222,187,4,1218383,1218605,68,matches,0,0,0
Net_Create_Game_,1218605,1218794,189,187,4,1218605,1218794,59,matches,0,0,0
Net_Get_Player_Count_,1218794,1218894,100,187,4,1218794,1218894,38,matches,0,0,0
Net_Enable_New_Players_,1218894,1218959,65,187,4,1218894,1218959,24,matches,0,0,0
Net_Disable_New_Players_,1218959,1219024,65,187,4,1218959,1219024,24,matches,0,0,0
Net_New_Players_Enabled_,1219024,1219071,47,187,4,1219024,1219071,22,matches,0,0,0
memmove_,1219071,1219148,77,188,4,1219071,1219148,47,matches,0,0,0
_dos_findfirst_,1219148,1219177,29,189,4,1219148,1219177,15,matches,0,0,0
_dos_findnext_,1219177,1219205,28,189,4,1219177,1219205,11,matches,0,0,0
_dos_findclose_,1219205,1219208,3,189,4,1219205,1219208,2,matches,0,0,0
anon_call_00129A88,1219208,1219243,35,-1,4,1219208,1219243,19,matches,0,0,0
anon_call_00129AAB,1219243,1219278,35,-1,4,1219243,1219278,19,matches,0,0,0
strncpy_,1219278,1219315,37,190,4,1219278,1219315,23,matches,0,0,0
Reduce_Palette_,1219315,1219966,651,191,4,1219315,1219966,192,matches,0,0,0
Split_Cube_,1219966,1221801,1835,191,4,1219966,1221801,521,matches,0,0,0
Sort_Cube_Points_,1221801,1222417,616,191,4,1221801,1222417,185,matches,0,0,0
Find_Longest_Axis_,1222417,1222604,187,191,4,1222417,1222604,60,matches,0,0,0
Initial_Cube_,1222604,1222735,131,191,4,1222604,1222684,25,shorter+unresolved,0,0,1
Find_Next_Lowest_Cube_Level_,1222735,1223059,324,191,4,1222735,1223059,95,matches,0,0,0
Shrink_Cube_,1223059,1223361,302,191,4,1223059,1223361,103,matches,0,0,0
Clear_Reduced_Palette_Groups_,1223361,1223401,40,191,4,1223361,1223392,11,shorter+unresolved,0,0,1
Add_Reduced_Palette_Group_,1223401,1223681,280,191,4,1223401,1223681,82,matches,0,0,0
Compress_Reduced_Palette_Groups_,1223681,1223902,221,191,4,1223681,1223902,65,matches,0,0,0
strncmp_,1223902,1223943,41,192,4,1223902,1223943,24,matches,0,0,0
LBX_create_,1223943,1223987,44,193,4,1223943,1223987,21,matches,0,0,0
LBX_init_,1223987,1224308,321,193,4,1223987,1224308,98,matches,0,0,0
LBX_uninit_,1224308,1224379,71,193,4,1224308,1224379,29,matches,0,0,0
LBX_readRecord_,1224379,1224534,155,193,4,1224379,1224534,56,matches,0,0,0
LBX_readPartialRecord_,1224534,1224658,124,193,4,1224534,1224658,44,matches,0,0,0
LBX_getRecordLength_,1224658,1224713,55,193,4,1224658,1224713,24,matches,0,0,0
LBX_getRecordLocation_,1224713,1224768,55,193,4,1224713,1224768,24,matches,0,0,0
LBX_writeRecord_,1224768,1225607,839,193,4,1224768,1225607,233,matches,0,0,0
LBX_appendRecord_,1225607,1226399,792,193,4,1225607,1226399,220,matches,0,0,0
LBX_deleteRecord_,1226399,1227197,798,193,4,1226399,1227197,226,matches,0,0,0
Save_Block_To_Drive_,1227197,1227398,201,194,4,1227197,1227398,60,matches,0,0,0
Restore_Block_From_Drive_,1227398,1227515,117,194,4,1227398,1227515,39,matches,0,0,0
Bolt_Line_,1227515,1228484,969,195,4,1227515,1228484,324,matches,0,0,0
Bolt_Segment_,1228484,1229356,872,195,4,1228484,1229356,263,matches,0,0,0
Wide_Bolt_Line_,1229356,1230998,1642,195,4,1229356,1230998,518,matches,0,0,0
_stricmp_,1230998,1231069,71,196,4,1230998,1231069,35,matches,0,0,0
strcmpi_,1230998,1231069,71,196,4,1230998,1231069,35,matches,0,0,0
stricmp_,1230998,1231069,71,196,4,1230998,1231069,35,matches,0,0,0
mem_putc_,1231069,1231088,19,197,5,1231069,1231088,11,matches,0,0,0
vsprintf_,1231088,1231109,21,197,4,1231088,1231109,9,matches,0,0,0
time_,1231109,1231156,47,198,4,1231109,1231156,20,matches,0,0,0
_localtime_,1231156,1231237,81,199,4,1231156,1231237,30,matches,0,0,0
localtime_,1231237,1231250,13,199,4,1231237,1231250,5,matches,0,0,0
fgetc_,1231250,1231387,137,200,4,1231250,1231387,55,matches,0,0,0
__filbuf_,1231387,1231434,47,200,4,1231387,1231434,24,matches,0,0,0
__fill_buffer_,1231434,1231606,172,200,4,1231434,1231606,61,matches,0,0,0
_nfree_,1231606,1231736,130,201,4,1231606,1231736,48,matches,0,0,0
free_,1231606,1231736,130,201,4,1231606,1231736,48,matches,0,0,0
_nmalloc_,1231736,1231963,227,202,4,1231736,1231963,84,matches,0,0,0
malloc_,1231736,1231963,227,202,4,1231736,1231963,84,matches,0,0,0
Init_Modem_,1231963,1232069,106,203,4,1231963,1232069,35,matches,0,0,0
Uninit_Modem_,1232069,1232119,50,203,4,1232069,1232119,21,matches,0,0,0
Modem_Output_,1232119,1232212,93,203,4,1232119,1232212,32,matches,0,0,0
Modem_Read_Char_,1232212,1232293,81,203,4,1232212,1232293,30,matches,0,0,0
Modem_Answer_,1232293,1232385,92,203,4,1232293,1232385,23,matches+unresolved,0,0,1
Modem_Dial_Number_,1232385,1232600,215,203,4,1232385,1232419,12,shorter+unresolved,0,0,1
Get_Modem_Error_,1232600,1232861,261,203,4,1232600,1232861,78,matches,0,0,0
Modem_Connected_,1232861,1232936,75,203,4,1232861,1232936,28,matches,0,0,0
Modem_Hang_Up_,1232936,1233137,201,203,4,1232936,1233137,56,matches,0,0,0
Modem_Reset_,1233137,1233296,159,203,4,1233137,1233296,47,matches,0,0,0
Modem_Write_Char_,1233296,1233351,55,203,4,1233296,1233351,24,matches,0,0,0
Modem_Open_Port_,1233351,1233510,159,203,4,1233351,1233510,47,matches+unresolved,0,0,1
Modem_Close_Port_,1233510,1233574,64,203,4,1233510,1233574,23,matches+unresolved,0,0,1
InitTransportLayer_,1233574,1233732,158,204,4,1233574,1233732,39,matches+unresolved,0,0,1
UninitTransportLayer_,1233732,1233820,88,204,4,1233732,1233801,19,shorter+unresolved,0,0,1
PacketAcked_,1233820,1233999,179,204,4,1233820,1233999,61,matches,0,0,0
UserIsValid_,1233999,1234379,380,204,4,1233999,1234379,112,matches,0,0,0
SendPacketBurst_,1234379,1234648,269,204,4,1234379,1234648,71,matches+unresolved,0,0,3
UpdateTransportLayer_,1234648,1234779,131,204,4,1234648,1234779,33,matches+unresolved,0,0,1
ResetSending_,1234779,1234949,170,204,4,1234779,1234810,11,shorter+unresolved,0,0,1
ResetReceiving_,1234949,1235047,98,204,4,1234949,1234980,11,shorter+unresolved,0,0,1
SendAck_,1235047,1235225,178,204,4,1235047,1235225,53,matches,0,0,0
NumUsers_,1235225,1235325,100,204,4,1235225,1235325,38,matches,0,0,0
AllAcknowledged_,1235325,1235643,318,204,4,1235325,1235371,14,shorter+unresolved,0,0,1
ReceiveLargeUserMessage_,1235643,1236606,963,204,4,1235643,1236606,231,matches+unresolved,0,0,3
SendPacket_,1236606,1236927,321,204,4,1236606,1236927,93,matches,0,0,0
SendLargeUserMessage_,1236927,1237382,455,204,4,1236927,1237382,56,matches+unresolved,0,0,2
OutputDebugString_,1237382,1237546,164,204,4,1237382,1237546,48,matches,0,0,0
_toupper_,1237546,1237560,14,206,4,1237546,1237560,6,matches,0,0,0
toupper_,1237546,1237560,14,206,4,1237546,1237560,6,matches,0,0,0
_tolower_,1237560,1237574,14,207,4,1237560,1237574,6,matches,0,0,0
tolower_,1237560,1237574,14,207,4,1237560,1237574,6,matches,0,0,0
Print_Paragraph_,1237574,1238143,569,208,4,1237574,1238133,40,shorter+unresolved,0,0,2
Mark_Paragraph_,1238143,1239167,1024,208,4,1238143,1238190,13,shorter+unresolved,0,0,1
Get_Paragraph_Max_Height_,1239167,1239290,123,208,4,1239167,1239290,42,matches,0,0,0
Get_Paragraph_Max_Width_,1239290,1239710,420,208,4,1239290,1239710,123,matches,0,0,0
Reset_Paragraph_Exclusions_,1239710,1239750,40,208,4,1239710,1239741,11,shorter+unresolved,0,0,1
Set_Paragraph_Exclusion_Area_,1239750,1239893,143,208,4,1239750,1239893,41,matches,0,0,0
Set_Paragraph_Exclusion_Picture_,1239893,1240062,169,208,4,1239893,1240062,52,matches,0,0,0
Remove_Paragraph_Marks_,1240062,1240148,86,208,4,1240062,1240148,35,matches,0,0,0
Print_Paragraph_To_Bitmap_,1240148,1240665,517,208,4,1240148,1240655,140,shorter+unresolved,0,0,1
_strupr_,1240665,1240702,37,209,4,1240665,1240702,22,matches,0,0,0
strupr_,1240665,1240702,37,209,4,1240665,1240702,22,matches,0,0,0
Blinds_Fade_,1240702,1240860,158,210,4,1240702,1240860,49,matches,0,0,0
__CMain,1240860,1240940,80,211,4,1240860,1240939,26,shorter,0,0,0
__InitRtns,1240940,1241015,75,212,4,1240940,1241015,38,matches,0,0,0
__FiniRtns,1241015,1241094,79,212,4,1241015,1241094,39,matches,0,0,0
__null_FPE_rtn,1241094,1241095,1,214,5,1241094,1241095,1,matches,0,0,0
__Init_Argv_,1241095,1241288,193,215,4,1241095,1241288,69,matches,0,0,0
_SplitParms_,1241288,1241560,272,215,5,1241288,1241559,114,shorter,0,0,0
anon_runtime_0012F1D8,1241560,1241568,8,-1,4,1241560,1241560,0,no_entry_decode,0,0,1
__CHK,1241568,1241584,16,216,4,1241568,1241584,4,matches,0,0,0
__GRO,1241584,1241587,3,216,4,1241584,1241587,1,matches,0,0,0
__STK,1241587,1241617,30,216,4,1241587,1241617,11,matches,1,0,0
__STKOVERFLOW_,1241617,1241632,15,216,4,1241617,1241632,3,matches,1,0,0
strcat_,1241632,1241683,51,217,4,1241632,1241683,31,matches,0,0,0
int386_,1241683,1241712,29,218,4,1241683,1241712,13,matches,0,0,0
sound_,1241712,1241786,74,219,4,1241712,1241786,31,matches,0,0,0
nosound_,1241786,1241804,18,219,4,1241786,1241803,8,shorter,0,0,0
delay_,1241804,1241809,5,220,4,1241804,1241809,1,matches,1,0,0
printf_,1241809,1241843,34,221,4,1241809,1241843,13,matches,0,0,0
__null_int23_exit_,1241843,1241844,1,222,4,1241843,1241844,1,matches,0,0,0
_null_exit_rtn_,1241843,1241844,1,222,5,1241843,1241844,1,matches,0,0,0
exit_,1241844,1241868,24,222,4,1241844,1241868,8,matches,0,0,0
_exit_,1241868,1241890,22,222,4,1241868,1241890,6,matches,1,0,0
_memavl_,1241890,1241946,56,223,4,1241890,1241946,28,matches,0,0,0
memcpy_,1241946,1241983,37,224,4,1241946,1241983,23,matches,0,0,0
strcpy_,1241983,1242014,31,225,4,1241983,1242014,15,matches,0,0,0
_dos_getfileattr_,1242014,1242041,27,226,4,1242014,1242041,13,matches,0,0,0
_dos_setfileattr_,1242041,1242060,19,226,4,1242041,1242059,8,shorter,0,0,0
_dos_getdiskfree_,1242060,1242105,45,227,4,1242060,1242105,20,matches,0,0,0
remove_,1242105,1242110,5,228,4,1242105,1242110,1,matches,1,0,0
getcwd_,1242110,1242246,136,229,4,1242110,1242246,60,matches,0,0,0
AILDEBUG_start_,1242246,1242414,168,230,4,1242246,1242414,46,matches+unresolved,0,0,1
_TIME_callback,1242414,1242522,108,230,4,1242414,1242522,26,matches,0,0,0
TIME_write_,1242522,1242688,166,230,4,1242522,1242688,56,matches,0,0,0
_AIL_startup,1242688,1243068,380,230,4,1242688,1243068,99,matches+unresolved,0,0,1
_AIL_shutdown,1243068,1243215,147,230,4,1243068,1243215,41,matches,0,0,0
_AIL_set_preference,1243215,1243465,250,230,4,1243215,1244382,79,extends,0,1,0
_AIL_lock,1243465,1243470,5,230,4,1243465,1243470,1,matches,1,0,0
_AIL_unlock,1243470,1243475,5,230,4,1243470,1243475,1,matches,1,0,0
_AIL_get_real_vect,1243475,1243710,235,230,4,1243475,1244382,73,extends,0,1,0
_AIL_set_real_vect,1243710,1243831,121,230,4,1243710,1243831,38,matches,0,1,0
_AIL_set_USE16_ISR,1243831,1243969,138,230,4,1243831,1243969,47,matches,0,0,0
_AIL_restore_USE16_ISR,1243969,1244085,116,230,4,1243969,1244085,37,matches,0,0,0
_AIL_disable_interrupts,1244085,1244090,5,230,4,1244085,1244090,1,matches,1,0,0
_AIL_restore_interrupts,1244090,1244104,14,230,4,1244090,1244104,5,matches,0,0,0
_AIL_call_driver,1244104,1244382,278,230,4,1244104,1244382,88,matches,0,0,0
_AIL_delay,1244382,1244491,109,230,4,1244382,1244491,33,matches,0,1,0
_AIL_background,1244491,1244496,5,230,4,1244491,1244496,1,matches,1,0,0
_AIL_read_INI,1244496,1245353,857,230,4,1244496,1245353,250,matches,0,0,0
_AIL_register_timer,1245353,1245588,235,230,4,1244370,1245588,73,matches,0,1,0
_AIL_set_timer_user,1245588,1245831,243,230,4,1244370,1245831,77,matches,0,1,0
_AIL_set_timer_period,1245831,1245949,118,230,4,1245831,1245949,37,matches,0,1,0
_AIL_set_timer_frequency,1245949,1246067,118,230,4,1245949,1246067,37,matches,0,1,0
_AIL_set_timer_divisor,1246067,1246185,118,230,4,1246067,1246185,37,matches,0,1,0
_AIL_interrupt_divisor,1246185,1246407,222,230,4,1244370,1246407,68,matches,0,1,0
_AIL_start_timer,1246407,1246516,109,230,4,1246407,1246516,33,matches,0,1,0
_AIL_start_all_timers,1246516,1246614,98,230,4,1246516,1246614,28,matches,0,1,0
_AIL_stop_timer,1246614,1246723,109,230,4,1246614,1246723,33,matches,0,1,0
_AIL_stop_all_timers,1246723,1246821,98,230,4,1246723,1246821,28,matches,0,1,0
_AIL_release_timer_handle,1246821,1246930,109,230,4,1246821,1246930,33,matches,0,1,0
_AIL_release_all_timers,1246930,1247028,98,230,4,1246930,1247028,28,matches,0,1,0
_AIL_get_IO_environment,1247028,1247257,229,230,4,1244370,1247257,71,matches,0,1,0
_AIL_install_driver,1247257,1247500,243,230,4,1244370,1247500,77,matches,0,1,0
_AIL_uninstall_driver,1247500,1247609,109,230,4,1247500,1247609,33,matches,0,1,0
_AIL_install_DIG_INI,1247609,1247831,222,230,4,1244370,1247831,68,matches,0,1,0
_AIL_install_DIG_driver_file,1247831,1248068,237,230,4,1244370,1248068,75,matches,0,1,0
_AIL_uninstall_DIG_driver,1248068,1248177,109,230,4,1248068,1248177,33,matches,0,1,0
_AIL_allocate_sample_handle,1248177,1248406,229,230,4,1244370,1248406,71,matches,0,1,0
_AIL_allocate_file_sample,1248406,1248655,249,230,4,1244370,1248655,79,matches,0,1,0
_AIL_release_sample_handle,1248655,1248764,109,230,4,1248655,1248764,33,matches,0,1,0
_AIL_init_sample,1248764,1248873,109,230,4,1248764,1248873,33,matches,0,1,0
_AIL_set_sample_file,1248873,1249135,262,230,4,1244370,1249135,83,matches,0,1,0
_AIL_set_sample_address,1249135,1249265,130,230,4,1249135,1249265,42,matches,0,1,0
_AIL_set_sample_type,1249265,1249395,130,230,4,1249265,1249395,42,matches,0,1,0
_AIL_start_sample,1249395,1249504,109,230,4,1249395,1249504,33,matches,0,1,0
_AIL_stop_sample,1249504,1249613,109,230,4,1249504,1249613,33,matches,0,1,0
_AIL_resume_sample,1249613,1249722,109,230,4,1249613,1249722,33,matches,0,1,0
_AIL_end_sample,1249722,1249831,109,230,4,1249722,1249831,33,matches,0,1,0
_AIL_set_sample_playback_rate,1249831,1249949,118,230,4,1249831,1249949,37,matches,0,1,0
_AIL_set_sample_volume,1249949,1250067,118,230,4,1249949,1250067,37,matches,0,1,0
_AIL_set_sample_pan,1250067,1250185,118,230,4,1250067,1250185,37,matches,0,1,0
_AIL_set_sample_loop_count,1250185,1250303,118,230,4,1250185,1250303,37,matches,0,1,0
_AIL_sample_status,1250303,1250532,229,230,4,1244370,1250532,71,matches,0,1,0
_AIL_sample_playback_rate,1250532,1250773,241,230,4,1244370,1250773,75,matches,0,1,0
_AIL_sample_volume,1250773,1251002,229,230,4,1244370,1251002,71,matches,0,1,0
_AIL_sample_pan,1251002,1251231,229,230,4,1244370,1251231,71,matches,0,1,0
_AIL_sample_loop_count,1251231,1251460,229,230,4,1244370,1251460,71,matches,0,1,0
_AIL_install_DIG_driver_image,1251460,1251709,249,230,4,1244370,1251709,79,matches,0,1,0
_AIL_minimum_sample_buffer_size,1251709,1251958,249,230,4,1244370,1251958,79,matches,0,1,0
_AIL_sample_buffer_ready,1251958,1252187,229,230,4,1244370,1252187,71,matches,0,1,0
_AIL_load_sample_buffer,1252187,1252330,143,230,4,1252187,1252330,47,matches,0,1,0
_AIL_set_sample_position,1252330,1252448,118,230,4,1252330,1252448,37,matches,0,1,0
_AIL_sample_position,1252448,1252677,229,230,4,1244370,1252677,71,matches,0,1,0
_AIL_register_SOB_callback,1252677,1252914,237,230,4,1244370,1252914,75,matches,0,1,0
_AIL_register_EOB_callback,1252914,1253151,237,230,4,1244370,1253151,75,matches,0,1,0
_AIL_register_EOS_callback,1253151,1253388,237,230,4,1244370,1253388,75,matches,0,1,0
_AIL_register_EOF_callback,1253388,1253625,237,230,4,1244370,1253625,75,matches,0,1,0
_AIL_set_sample_user_data,1253625,1253755,130,230,4,1253625,1253755,42,matches,0,1,0
_AIL_sample_user_data,1253755,1253992,237,230,4,1244370,1253992,75,matches,0,1,0
_AIL_active_sample_count,1253992,1254221,229,230,4,1244370,1254221,71,matches,0,1,0
_AIL_install_MDI_INI,1254221,1254437,216,230,4,1244370,1254437,66,matches,0,1,0
_AIL_install_MDI_driver_file,1254437,1254674,237,230,4,1244370,1254674,75,matches,0,1,0
_AIL_uninstall_MDI_driver,1254674,1254783,109,230,4,1254674,1254783,33,matches,0,1,0
_AIL_allocate_sequence_handle,1254783,1255012,229,230,4,1244370,1255012,71,matches,0,1,0
_AIL_release_sequence_handle,1255012,1255121,109,230,4,1255012,1255121,33,matches,0,1,0
_AIL_init_sequence,1255121,1255370,249,230,4,1244370,1255370,79,matches,0,1,0
_AIL_start_sequence,1255370,1255479,109,230,4,1255370,1255479,33,matches,0,1,0
_AIL_stop_sequence,1255479,1255588,109,230,4,1255479,1255588,33,matches,0,1,0
_AIL_resume_sequence,1255588,1255697,109,230,4,1255588,1255697,33,matches,0,1,0
_AIL_end_sequence,1255697,1255806,109,230,4,1255697,1255806,33,matches,0,1,0
_AIL_set_sequence_tempo,1255806,1255936,130,230,4,1255806,1255936,42,matches,0,1,0
_AIL_set_sequence_volume,1255936,1256066,130,230,4,1255936,1256066,42,matches,0,1,0
_AIL_set_sequence_loop_count,1256066,1256184,118,230,4,1256066,1256184,37,matches,0,1,0
_AIL_sequence_status,1256184,1256413,229,230,4,1244370,1256413,71,matches,0,1,0
_AIL_sequence_tempo,1256413,1256642,229,230,4,1244370,1256642,71,matches,0,1,0
_AIL_sequence_volume,1256642,1256871,229,230,4,1244370,1256871,71,matches,0,1,0
_AIL_sequence_loop_count,1256871,1257100,229,230,4,1244370,1257100,71,matches,0,1,0
_AIL_install_MDI_driver_image,1257100,1257349,249,230,4,1244370,1257349,79,matches,0,1,0
_AIL_set_GTL_filename_prefix,1257349,1257458,109,230,4,1257349,1257458,33,matches,0,1,0
_AIL_timbre_status,1257458,1257707,249,230,4,1244370,1257707,79,matches,0,1,0
_AIL_install_timbre,1257707,1257956,249,230,4,1244370,1257956,79,matches,0,1,0
_AIL_protect_timbre,1257956,1258086,130,230,4,1257956,1258086,42,matches,0,1,0
_AIL_unprotect_timbre,1258086,1258216,130,230,4,1258086,1258216,42,matches,0,1,0
_AIL_active_sequence_count,1258216,1258445,229,230,4,1244370,1258445,71,matches,0,1,0
_AIL_controller_value,1258445,1258694,249,230,4,1244370,1258694,79,matches,0,1,0
_AIL_channel_notes,1258694,1258931,237,230,4,1244370,1258931,75,matches,0,1,0
_AIL_sequence_position,1258931,1259195,264,230,4,1243959,1259195,85,matches,0,1,0
_AIL_branch_index,1259195,1259313,118,230,4,1259195,1259313,37,matches,0,1,0
_AIL_register_prefix_callback,1259313,1259550,237,230,4,1244370,1259550,75,matches,0,1,0
_AIL_register_trigger_callback,1259550,1259787,237,230,4,1244370,1259787,75,matches,0,1,0
_AIL_register_sequence_callback,1259787,1260024,237,230,4,1244370,1260024,75,matches,0,1,0
_AIL_register_event_callback,1260024,1260261,237,230,4,1244370,1260261,75,matches,0,1,0
_AIL_register_timbre_callback,1260261,1260498,237,230,4,1244370,1260498,75,matches,0,1,0
_AIL_set_sequence_user_data,1260498,1260628,130,230,4,1260498,1260628,42,matches,0,1,0
_AIL_sequence_user_data,1260628,1260865,237,230,4,1244370,1260865,75,matches,0,1,0
_AIL_register_ICA_array,1260865,1260983,118,230,4,1260865,1260983,37,matches,0,1,0
_AIL_lock_channel,1260983,1261212,229,230,4,1244370,1261212,71,matches,0,1,0
_AIL_release_channel,1261212,1261330,118,230,4,1261212,1261330,37,matches,0,1,0
_AIL_map_sequence_channel,1261330,1261460,130,230,4,1261330,1261460,42,matches,0,1,0
_AIL_true_sequence_channel,1261460,1261697,237,230,4,1244370,1261697,75,matches,0,1,0
_AIL_send_channel_voice_message,1261697,1261850,153,230,4,1261697,1261850,51,matches,0,1,0
_AIL_send_sysex_message,1261850,1261968,118,230,4,1261850,1261968,37,matches,0,1,0
_AIL_create_wave_synthesizer,1261968,1262232,264,230,4,1244370,1262232,85,matches,0,1,0
_AIL_destroy_wave_synthesizer,1262232,1262341,109,230,4,1262232,1262341,33,matches,0,1,0
AILDEBUG_end_,1262341,1262383,42,230,4,1262341,1262383,15,matches,0,0,0
strlen_,1262383,1262408,25,231,4,1262383,1262408,17,matches,0,0,0
Load_System_Font_,1262408,1263452,1044,232,4,1262408,1262439,11,shorter+unresolved,0,0,1
Load_System_Mouse_,1263452,1263819,367,232,4,1263452,1263819,111,matches,0,0,0
_Full_at_exit_rtn_,1263819,1263878,59,233,4,1263819,1263878,11,matches+unresolved,0,0,1
atexit_,1263878,1263938,60,233,4,1263878,1263938,23,matches,0,0,0
_Alphabet,1263938,1263975,37,234,5,1263938,1264134,42,extends+unresolved,2,1,4
ultoa_,1263975,1264049,74,234,4,1263975,1264049,35,matches,0,0,0
_ltoa_,1264049,1264076,27,234,4,1264049,1264076,13,matches,0,0,0
ltoa_,1264049,1264076,27,234,4,1264049,1264076,13,matches,0,0,0
Print_Character_ASM_,1264076,1264134,58,235,4,1264076,1264134,29,matches,0,0,0
Print_Character_No_Alias_ASM_,1264134,1264198,64,235,4,1264134,1264198,33,matches,0,0,0
_disable_,1264198,1264200,2,236,4,1264198,1264200,2,matches,0,0,0
_enable_,1264200,1264202,2,237,4,1264200,1264202,2,matches,0,0,0
int386x_,1264202,1264228,26,238,4,1264202,1264227,14,shorter,0,0,0
Count_It_,1264228,1264261,33,239,4,1264228,1264261,11,matches,0,0,0
Get_ES_,1264261,1264267,6,239,4,1264261,1264267,3,matches,0,0,0
Get_DS_,1264267,1264273,6,239,4,1264267,1264273,3,matches,0,0,0
Save_Mouse_Hi_Res_,1264273,1265324,1051,239,4,1264273,1264284,5,shorter+unresolved,0,0,1
Restore_Mouse_Hi_Res_,1265324,1266333,1009,239,4,1265324,1265335,5,shorter+unresolved,0,0,1
Draw_Mouse_Buffer_,1266333,1267481,1148,239,4,1266333,1266351,6,shorter+unresolved,0,0,1
Save_Mouse_Off_Page_,1267481,1267792,311,239,4,1267481,1267492,5,shorter+unresolved,0,0,1
Restore_Mouse_Off_Page_,1267792,1268063,271,239,4,1267792,1267803,5,shorter+unresolved,0,0,1
Draw_Mouse_Off_Page_Buffer_,1268063,1268442,379,239,4,1268063,1268074,5,shorter+unresolved,0,0,1
Set_Video_Mode_Lo_Res_,1268442,1268473,31,240,4,1268442,1268473,17,matches,0,0,0
Set_Video_Mode_Mode_X_,1268473,1268504,31,240,4,1268473,1268504,17,matches,0,0,0
Set_Video_Mode_Mode_X240_,1268504,1268535,31,240,4,1268504,1268535,17,matches,0,0,0
Set_Video_Mode_Mode_Y_,1268535,1268566,31,240,4,1268535,1268566,17,matches,0,0,0
Full_Screen_Dump_Lo_Res_,1268566,1268597,31,240,4,1268566,1268597,17,matches,0,0,0
Full_Screen_Dump_Mode_X_,1268597,1268628,31,240,4,1268597,1268628,17,matches,0,0,0
Full_Screen_Dump_Mode_X240_,1268628,1268659,31,240,4,1268628,1268659,17,matches,0,0,0
Full_Screen_Dump_Mode_Y_,1268659,1268690,31,240,4,1268659,1268690,17,matches,0,0,0
Partial_Screen_Dump_Lo_Res_,1268690,1268721,31,240,4,1268690,1268721,17,matches,0,0,0
Partial_Screen_Dump_Mode_X_,1268721,1268752,31,240,4,1268721,1268752,17,matches,0,0,0
Partial_Screen_Dump_Mode_X240_,1268752,1268783,31,240,4,1268752,1268783,17,matches,0,0,0
Partial_Screen_Dump_Mode_Y_,1268783,1268814,31,240,4,1268783,1268814,17,matches,0,0,0
Masked_Screen_Dump_Lo_Res_,1268814,1268845,31,240,4,1268814,1268845,17,matches,0,0,0
Masked_Screen_Dump_Mode_X_,1268845,1268876,31,240,4,1268845,1268876,17,matches,0,0,0
Masked_Screen_Dump_Mode_X240_,1268876,1268907,31,240,4,1268876,1268907,17,matches,0,0,0
Masked_Screen_Dump_Mode_Y_,1268907,1268938,31,240,4,1268907,1268938,17,matches,0,0,0
Copy_Off_To_On_Lo_Res_,1268938,1268977,39,240,4,1268938,1268977,16,matches,0,0,0
Copy_Off_To_On_Mode_X_,1268977,1269016,39,240,4,1268977,1269016,16,matches,0,0,0
Copy_Off_To_On_Mode_X240_,1269016,1269055,39,240,4,1269016,1269055,16,matches,0,0,0
Copy_Off_To_On_Mode_Y_,1269055,1269094,39,240,4,1269055,1269094,16,matches,0,0,0
Save_Mouse_Lo_Res_,1269094,1269125,31,240,4,1269094,1269125,17,matches,0,0,0
Save_Mouse_Mode_X_,1269125,1269156,31,240,4,1269125,1269156,17,matches,0,0,0
Save_Mouse_Mode_X240_,1269156,1269187,31,240,4,1269156,1269187,17,matches,0,0,0
Save_Mouse_Mode_Y_,1269187,1269218,31,240,4,1269187,1269218,17,matches,0,0,0
Restore_Mouse_Lo_Res_,1269218,1269249,31,240,4,1269218,1269249,17,matches,0,0,0
Restore_Mouse_Mode_X_,1269249,1269280,31,240,4,1269249,1269280,17,matches,0,0,0
Restore_Mouse_Mode_X240_,1269280,1269311,31,240,4,1269280,1269311,17,matches,0,0,0
Restore_Mouse_Mode_Y_,1269311,1269342,31,240,4,1269311,1269342,17,matches,0,0,0
Draw_Mouse_Lo_Res_,1269342,1269373,31,240,4,1269342,1269373,17,matches,0,0,0
Draw_Mouse_Mode_X_,1269373,1269404,31,240,4,1269373,1269404,17,matches,0,0,0
Draw_Mouse_Mode_X240_,1269404,1269435,31,240,4,1269404,1269435,17,matches,0,0,0
Draw_Mouse_Mode_Y_,1269435,1269466,31,240,4,1269435,1269466,17,matches,0,0,0
Save_Video_State_Lo_Res_,1269466,1269497,31,240,4,1269466,1269497,17,matches,0,0,0
Save_Video_State_Mode_X_,1269497,1269528,31,240,4,1269497,1269528,17,matches,0,0,0
Save_Video_State_Mode_X240_,1269528,1269559,31,240,4,1269528,1269559,17,matches,0,0,0
Save_Video_State_Mode_Y_,1269559,1269590,31,240,4,1269559,1269590,17,matches,0,0,0
Restore_Video_State_Lo_Res_,1269590,1269621,31,240,4,1269590,1269621,17,matches,0,0,0
Restore_Video_State_Mode_X_,1269621,1269652,31,240,4,1269621,1269652,17,matches,0,0,0
Restore_Video_State_Mode_X240_,1269652,1269683,31,240,4,1269652,1269683,17,matches,0,0,0
Restore_Video_State_Mode_Y_,1269683,1269714,31,240,4,1269683,1269714,17,matches,0,0,0
Test_For_Vesa_,1269714,1269953,239,241,4,1269714,1269841,33,shorter+unresolved,0,0,1
Get_Vesa_Total_Memory_,1269953,1270256,303,241,4,1269953,1270080,33,shorter+unresolved,0,0,1
Get_Vesa_Granularity_,1270256,1270600,344,241,4,1270256,1270390,34,shorter+unresolved,0,0,1
Set_Video_Mode_Vesa_,1270600,1270711,111,241,4,1270600,1270679,21,shorter+unresolved,0,0,1
__prtf_,1270711,1271638,927,242,4,1270711,1271638,239,matches+unresolved,0,0,1
getprintspecs_,1271638,1271956,318,242,5,1271638,1271956,137,matches,0,0,0
evalflags_,1271956,1272051,95,242,5,1271956,1272051,39,matches,0,0,0
far_strlen_,1272051,1272087,36,242,5,1272051,1272087,23,matches,0,0,0
far_other_strlen_,1272087,1272122,35,242,5,1272082,1272122,23,matches,0,0,0
fmt4hex_,1272122,1272216,94,242,5,1272122,1272216,48,matches,0,0,0
FixedPoint_Format_,1272216,1272461,245,242,5,1272216,1272461,99,matches,0,0,0
float_format_,1272461,1272468,7,242,5,1272461,1272468,2,matches,0,0,0
formstring_,1272468,1273725,1257,242,5,1272468,1273725,410,matches,0,0,0
zupstr_,1273725,1273749,24,242,5,1273725,1273749,12,matches,0,0,0
__set_EDOM_,1273749,1273754,5,243,4,1273749,1273754,1,matches,1,0,0
__set_errno_,1273754,1273766,12,243,4,1273754,1273766,6,matches,0,0,0
__set_ERANGE_,1273766,1273773,7,243,4,1273766,1273773,2,matches,1,0,0
__set_EINVAL_,1273773,1273789,16,243,4,1273773,1273789,4,matches,0,0,0
__set_doserrno_,1273789,1273801,12,243,4,1273789,1273801,6,matches,0,0,0
open_,1273801,1273837,36,245,4,1273801,1273837,16,matches,0,0,0
sopen_,1273837,1274326,489,245,4,1273837,1274326,170,matches+unresolved,0,0,1
__set_binary_,1274326,1274427,101,245,4,1274326,1274427,46,matches,0,0,0
__allocfp_,1274427,1274593,166,246,4,1274427,1274593,56,matches,0,0,0
__freefp_,1274593,1274650,57,246,4,1274593,1274650,25,matches,0,0,0
__purgefp_,1274650,1274680,30,246,4,1274650,1274680,11,matches,0,0,0
__chktty_,1274680,1274730,50,247,4,1274680,1274729,22,shorter,0,0,0
getpid_,1274730,1274736,6,249,4,1274730,1274736,2,matches,0,0,0
__flush_,1274736,1274953,217,250,4,1274736,1274953,79,matches,0,0,0
ftell_,1274953,1275019,66,251,4,1274953,1275019,28,matches,0,0,0
_lseek_,1275019,1275086,67,252,4,1275019,1275086,28,matches,0,0,0
lseek_,1275019,1275086,67,252,4,1275019,1275086,28,matches,0,0,0
__close_,1275086,1275139,53,253,4,1275086,1275139,26,matches,0,0,0
__ioalloc_,1275139,1275258,119,254,4,1275139,1275258,38,matches,0,0,0
__qread_,1275258,1275292,34,255,4,1275258,1275289,15,shorter,0,0,0
Fill_Column_,1275292,1275323,31,256,4,1275292,1275323,15,matches,0,0,0
Fill_Region_,1275323,1275371,48,256,4,1275323,1275371,21,matches,0,0,0
Interlaced_Fill_Column_,1275371,1275404,33,256,4,1275371,1275404,16,matches,0,0,0
Interlaced_Fill_Region_,1275404,1275486,82,256,4,1275404,1275486,29,matches,0,0,0
Tri_Interlaced_Fill_Column_,1275486,1275544,58,256,4,1275486,1275544,28,matches,0,0,0
Tri_Interlaced_Fill_Region_,1275544,1275683,139,256,4,1275544,1275683,49,matches,0,0,0
Tint_Fill_Column_,1275683,1275744,61,256,4,1275683,1275744,22,matches,0,0,0
Tint_Fill_Region_,1275744,1275828,84,256,4,1275744,1275826,33,shorter,0,0,0
Shear_X_Negative_,1275828,1275855,27,257,4,1275828,1275855,17,matches,0,0,0
Shear_X_Positive_,1275855,1275885,30,257,4,1275855,1275885,20,matches,0,0,0
Shear_Y_Negative_,1275885,1275942,57,257,4,1275885,1275942,30,matches,0,0,0
Shear_Y_Positive_,1275942,1276030,88,257,4,1275942,1276030,42,matches,0,0,0
Flip_Bitmap_Left_Same_,1276030,1276070,40,257,4,1276030,1276070,26,matches,0,0,0
Flip_Bitmap_Left_Different_,1276070,1276099,29,257,4,1276070,1276099,19,matches,0,0,0
Flip_Bitmap_Down_Same_,1276099,1276143,44,257,4,1276099,1276143,29,matches,0,0,0
Flip_Bitmap_Down_Different_,1276143,1276187,44,257,4,1276143,1276187,26,matches,0,0,0
Capture_Screen_Block_,1276187,1276213,26,257,4,1276187,1276213,15,matches,0,0,0
Enlarge_Bitmap_,1276213,1276434,221,257,4,1276213,1276350,38,shorter+unresolved,0,0,1
Reduce_Bitmap_,1276434,1276604,170,257,4,1276434,1276523,22,shorter+unresolved,0,0,1
Vanish_Bitmap_Pixels_,1276604,1276809,205,257,4,1276604,1276809,65,matches,0,0,0
Outline_Bitmap_Pixels_,1276809,1277034,225,257,4,1276809,1276846,14,shorter+unresolved,0,0,1
Outline_Bitmap_Pixels_No_Glass_,1277034,1277267,233,257,4,1277034,1277071,14,shorter+unresolved,0,0,1
Bitmap_Aura_Pixels_,1277267,1277360,93,257,4,1277267,1277360,35,matches,0,0,0
Transpose_Bitmap_Clockwise_,1277360,1277415,55,257,4,1277360,1277415,28,matches,0,0,0
Transpose_Bitmap_Counter_,1277415,1277475,60,257,4,1277415,1277475,28,matches,0,0,0
Tint_Bitmap_Pixels_,1277475,1277537,62,257,4,1277475,1277537,25,matches,0,0,0
Gray_Scale_Fill_Pixels_,1277537,1277599,62,257,4,1277537,1277599,23,matches,0,0,0
Jumble_Bitmap_Pixels_,1277599,1277758,159,257,4,1277599,1277758,51,matches,0,0,0
Mask_Bitmap_Pixels_,1277758,1277819,61,257,4,1277758,1277819,27,matches,0,0,0
Mask_Brighten_Bitmap_Pixels_,1277819,1277919,100,257,4,1277819,1277919,43,matches,0,0,0
Mask_Bitmap_Pixels_Inverse_,1277919,1277980,61,257,4,1277919,1277980,27,matches,0,0,0
Mask_Bitmap_Colors_Pixels_,1277980,1278086,106,257,4,1277980,1278086,46,matches,0,0,0
Texture_Map_Pixels_PUPV_,1278086,1278152,66,257,4,1278086,1278152,31,matches,0,0,0
Texture_Map_Pixels_NUPV_,1278152,1278218,66,257,4,1278152,1278218,31,matches,0,0,0
Texture_Map_Pixels_PUNV_,1278218,1278284,66,257,4,1278218,1278284,31,matches,0,0,0
Texture_Map_Pixels_NUNV_,1278284,1278350,66,257,4,1278284,1278350,31,matches,0,0,0
Gray_Scale_Off_Page_ASM_,1278350,1278402,52,257,4,1278350,1278402,23,matches,0,0,0
Interlace_Scale_Off_Page_ASM_,1278402,1278496,94,257,4,1278402,1278421,6,shorter+unresolved,0,0,1
__STOSB,1278496,1278551,55,258,4,1278496,1278545,24,shorter,0,0,0
__STOSD,1278551,1278659,108,258,4,1278551,1278659,48,matches,0,0,0
__qwrite_,1278659,1278775,116,259,4,1278659,1278775,51,matches,0,0,0
fputc_,1278775,1278939,164,260,4,1278775,1278939,66,matches,0,0,0
_dosret0_,1278939,1278946,7,261,4,1278939,1278946,4,matches,1,0,0
_dosretax_,1278946,1278950,4,261,4,1278945,1278950,3,matches,1,0,0
__set_errno_dos_,1278950,1279063,113,261,4,1278950,1279063,44,matches,0,0,0
tell_,1279063,1279080,17,262,4,1279063,1279080,8,matches,0,0,0
clock_value_,1279080,1279171,91,263,5,1279080,1279171,36,matches,0,0,0
__clock_init_,1279171,1279182,11,263,4,1279171,1279182,3,matches,0,0,0
__clock_,1279182,1279222,40,263,4,1279182,1279222,16,matches,0,0,0
flushall_,1279222,1279227,5,264,4,1279222,1279227,1,matches,1,0,0
__flushall_,1279227,1279276,49,264,4,1279227,1279274,22,shorter,0,0,0
Draw_Animated_Sprite_,1279276,1279411,135,265,4,1279276,1279411,56,matches,0,0,0
Draw_Bitmap_Sprite_,1279411,1279493,82,265,4,1279411,1279493,34,matches,0,0,0
Color_Stream_Copy_,1279493,1279517,24,265,4,1279493,1279517,15,matches,0,0,0
Clipped_Draw_Bitmap_Sprite_,1279517,1279968,451,266,4,1279517,1279968,141,matches,0,0,0
Clipped_Draw_Glassed_Bitmap_Sprite_,1279968,1280500,532,266,4,1279968,1280500,169,matches,0,0,0
Clipped_Draw_Animated_Sprite_,1280500,1281075,575,266,4,1280500,1281075,183,matches,0,0,0
Clipped_Draw_Glassed_Animated_Sprite_,1281075,1281879,804,266,4,1281075,1281879,256,matches,0,0,0
Clipped_Draw_Stenciled_Animated_Sprite_,1281879,1282936,1057,266,4,1281879,1282936,291,matches,0,0,0
AClipped_Draw_Stenciled_Animated_Sprite_,1282936,1284057,1121,266,4,1282936,1283315,106,shorter+unresolved,0,0,1
_dos_getvect_,1284057,1284107,50,267,4,1284057,1284107,22,matches,0,0,0
_dos_setvect_,1284107,1284160,53,268,4,1284107,1284152,24,shorter,0,0,0
SMACKSOUNDMSSLITEDONE,1284160,1284192,32,269,4,1284160,1284189,8,shorter,0,0,0
SMACKSOUNDMSSLITEINITWITHSTART,1284192,1284240,48,269,4,1284192,1284226,10,shorter,0,0,0
SMACKSOUNDUSEMSS,1284240,1284432,192,269,4,1284240,1284428,46,shorter,0,0,0
MSSLOWSOUNDVOLPAN,1284432,1284544,112,269,5,1284432,1284541,34,shorter,0,0,0
MSSSMACKTIMERDONE,1284544,1284640,96,269,5,1284544,1284632,25,shorter,0,0,0
MSSSMACKTIMERSETUP,1284640,1284880,240,269,5,1284640,1284879,20,shorter+unresolved,0,0,1
MSSWINSMACKTIMERREAD,1284880,1284912,32,269,5,1284880,1284910,9,shorter,0,0,0
MSSSMACKTIMERREAD,1284912,1285040,128,269,5,1284912,1285029,44,shorter,0,0,0
MSS_INT,1285040,1285056,16,269,5,1285040,1285054,3,shorter,0,0,0
MSSLOWSOUNDCLOSE,1285056,1285184,128,269,5,1285056,1285178,45,shorter,0,0,0
MSSLOWSOUNDPURGE,1285184,1285248,64,269,5,1285184,1285233,13,shorter,0,0,0
MSSLOWSOUNDOPEN,1285248,1285696,448,269,5,1285248,1285694,145,shorter,0,0,0
doinit_,1285696,1285840,144,269,5,1285696,1285832,56,shorter,0,0,0
MSSLOWSOUNDPLAYED,1285840,1285920,80,269,5,1285840,1285916,27,shorter,0,0,0
MSSLOWSOUNDCHECK,1285920,1286160,240,269,5,1285920,1286147,80,shorter,0,0,0
SMACKWRAPCOPY,1286160,1286288,128,270,4,1286160,1286277,48,shorter,0,0,0
SMACKWAIT,1286288,1286576,288,270,4,1286288,1286564,79,shorter+unresolved,0,0,2
SMACKSOUNDCHECK,1286576,1286592,16,270,4,1286576,1286592,4,matches,0,0,0
SMACKVOLUMEPAN,1286592,1286752,160,270,4,1286592,1286750,21,shorter+unresolved,0,0,1
SMACKSOUNDINTRACK,1286752,1286864,112,270,4,1286752,1286856,10,shorter+unresolved,0,0,1
SMACKTOBUFFERRECT,1286864,1287504,640,270,4,1286864,1287503,152,shorter+unresolved,0,0,4
SMACKGOTO,1287504,1287552,48,270,4,1287504,1287552,15,matches,0,0,0
SMACKGETTRACKDATA,1287552,1287868,316,270,4,1287552,1287827,105,shorter,0,0,0
SMACKCOLORREMAP,1287868,1288736,868,270,4,1287868,1287891,6,shorter+unresolved,0,0,1
SMACKCOLORTRANS,1288736,1288768,32,270,4,1288736,1288767,10,shorter,0,0,0
SMACKTOBUFFER,1288768,1289312,544,270,4,1288768,1289312,166,matches+unresolved,0,0,1
SMACKTOSCREEN,1289312,1290688,1376,270,4,1289312,1290680,404,shorter,0,0,0
PutWidths_,1290688,1290752,64,270,5,1290688,1290747,20,shorter,0,0,0
SMACKNEXTFRAME,1290752,1290928,176,270,4,1290752,1290913,40,shorter,0,0,0
SMACKSUMMARY,1290928,1291184,256,270,4,1290928,1291183,66,shorter,0,0,0
timeframe_,1291184,1291472,288,270,5,1291184,1291458,43,shorter+unresolved,0,0,3
SMACKDOFRAME,1291472,1291696,224,270,4,1291472,1291685,56,shorter+unresolved,0,0,1
doskip_,1291696,1291808,112,270,5,1291696,1291800,38,shorter,0,0,0
soundnext_,1291808,1292464,656,270,5,1291808,1292452,229,shorter+unresolved,0,0,1
SMACKCLOSE,1292464,1292800,336,270,4,1292464,1292786,97,shorter+unresolved,0,0,2
SMACKSOUNDONOFF,1292800,1293328,528,270,4,1292800,1293326,28,shorter+unresolved,0,0,2
SMACKFRAMERATE,1293328,1293360,32,270,4,1293328,1293360,11,matches,0,0,0
SMACKSIMULATE,1293360,1293376,16,270,4,1293360,1293372,3,shorter,0,0,0
SMACKOPEN,1293376,1295504,2128,270,4,1293376,1295503,76,shorter+unresolved,0,0,1
GetFirstTrack_,1295504,1295552,48,270,5,1295504,1295551,29,shorter,0,0,0
soundopen_,1295552,1296192,640,270,5,1295552,1296191,207,shorter,0,0,0
setuptheframe_,1296192,1297056,864,270,5,1296192,1296227,11,shorter+unresolved,0,0,1
gotoframe_,1297056,1297680,624,270,5,1297056,1297668,149,shorter+unresolved,0,0,1
readframe_,1297680,1297744,64,270,5,1297680,1297737,18,shorter,0,0,0
blockread_,1297744,1298432,688,270,5,1297744,1298432,194,matches,0,0,0
backgroundload_,1298432,1298704,272,270,5,1298432,1298703,79,shorter,0,0,0
smkmalloc_,1298704,1298745,41,270,5,1298704,1298745,14,matches,0,0,0
abs_,1298745,1298752,7,271,4,1298745,1298752,4,matches,0,0,0
ungetc_,1298752,1298882,130,272,4,1298752,1298882,49,matches,0,0,0
cget_,1298882,1298889,7,273,5,1298882,1298889,5,matches,0,0,0
uncget_,1298889,1298897,8,273,5,1298889,1298897,5,matches,0,0,0
__scnf_,1298897,1299480,583,273,4,1298897,1299480,184,matches,0,0,0
get_opt_,1299480,1299725,245,273,5,1299480,1299725,94,matches,0,0,0
scan_white_,1299725,1299788,63,273,5,1299725,1299788,25,matches,0,0,0
scan_char_,1299788,1299937,149,273,5,1299788,1299937,67,matches,0,0,0
scan_string_,1299937,1300228,291,273,5,1299937,1300228,105,matches,0,1,0
report_scan_,1300228,1300322,94,273,5,1300228,1300322,46,matches,0,0,0
makelist_,1300322,1300389,67,273,5,1300322,1300389,31,matches,0,0,0
scan_arb_,1300389,1300639,250,273,5,1300389,1300639,98,matches,0,0,0
scan_float_,1300639,1301430,791,273,5,1300639,1301430,254,matches+unresolved,0,1,1
scan_int_,1301430,1301926,496,273,5,1301430,1301926,176,matches,0,0,0
radix_value_,1301926,1301965,39,273,5,1301926,1301965,15,matches,0,0,0
cgetw_,1301965,1302003,38,273,5,1301965,1302003,16,matches,0,0,0
ComInit_,1302003,1302394,391,274,4,1302003,1302394,28,matches+unresolved,0,0,1
ComEnd_,1302394,1302570,176,274,4,1302394,1302425,11,shorter+unresolved,0,0,1
ComDoComms_,1302570,1302633,63,274,4,1302570,1302633,24,matches,0,0,0
ComSendUserMessage_,1302633,1303026,393,274,4,1302633,1303026,58,matches+unresolved,0,0,1
GetMessages_,1303026,1303311,285,274,4,1303026,1303311,84,matches,0,0,0
HandleUserMessage_,1303311,1303593,282,274,4,1303311,1303593,88,matches,0,0,0
ComReleaseComms_,1303593,1303659,66,274,4,1303593,1303659,24,matches,0,0,0
SendKeepAlive_,1303659,1303929,270,274,4,1303659,1303929,58,matches+unresolved,0,0,1
HandleKeepAlive_,1303929,1304264,335,274,4,1303929,1304264,101,matches,0,0,0
CheckKeepAlive_,1304264,1304410,146,274,4,1304264,1304410,51,matches,0,0,0
SendPDU_,1304410,1304563,153,274,4,1304410,1304563,46,matches,0,0,0
hostInDescStation_,1304563,1304659,96,274,4,1304563,1304659,39,matches,0,0,0
setHostLastKeepAlive_,1304659,1304752,93,274,4,1304659,1304752,39,matches,0,0,0
InitModemTransportLayer_,1304752,1304929,177,275,4,1304752,1304929,46,matches+unresolved,0,0,1
UninitModemTransportLayer_,1304929,1305006,77,275,4,1304929,1304979,15,shorter+unresolved,0,0,1
Send_Receive_Ack_,1305006,1305102,96,275,4,1305006,1305102,31,matches,0,0,0
Send_Receive_Nack_,1305102,1305198,96,275,4,1305102,1305198,31,matches,0,0,0
Modem_Send_Message_,1305198,1305266,68,275,4,1305198,1305266,24,matches,0,0,0
Modem_Status_,1305266,1305332,66,275,4,1305266,1305332,26,matches,0,0,0
Send_Modem_Message_,1305332,1305927,595,275,4,1305332,1305927,49,matches+unresolved,0,0,1
Get_Received_Ack_,1305927,1306018,91,275,4,1305927,1306018,32,matches,0,0,0
Modem_Clear_,1306018,1306073,55,275,4,1306018,1306073,22,matches,0,0,0
Modem_Update_,1306073,1306229,156,275,4,1306073,1306229,44,matches+unresolved,0,0,1
Receive_Modem_Packet_,1306229,1307039,810,275,4,1306229,1307039,200,matches+unresolved,0,0,2
StartNovellConnection_,1307039,1307287,248,276,5,1307039,1307237,45,shorter+unresolved,0,0,2
NetOpen_,1307287,1307379,92,276,4,1307287,1307379,34,matches,0,0,0
NetSend_,1307379,1307701,322,276,4,1307379,1307701,29,matches+unresolved,0,0,1
NetPoll_,1307701,1307854,153,276,4,1307701,1307854,49,matches,0,0,0
NetEnd_,1307854,1308049,195,276,4,1307854,1308027,28,shorter+unresolved,0,0,2
EnterNet_,1308049,1308807,758,276,5,1308049,1308807,212,matches,0,0,0
SendAssertStationPDU_,1308807,1308986,179,276,5,1308807,1308875,20,shorter+unresolved,0,0,1
AddHostToDescStation_,1308986,1309511,525,276,4,1308986,1309511,156,matches+unresolved,0,0,1
AddThisHostToDescStation_,1309511,1309872,361,276,4,1309511,1309872,109,matches,0,0,0
RemoveHostFromDescStation_,1309872,1310011,139,276,4,1309872,1310011,51,matches,0,0,0
GetTempStationID_,1310011,1310149,138,276,4,1310011,1310149,52,matches,0,0,0
Get_Network_Address_,1310149,1310438,289,276,4,1310149,1310284,33,shorter+unresolved,0,0,1
Load_Kernel_,1310438,1310732,294,276,4,1310438,1310732,87,matches,0,0,0
__doserror_,1310732,1310751,19,277,4,1310732,1310751,8,matches,0,0,0
LBX_Open_File_,1310751,1311087,336,278,4,1310751,1311036,68,shorter+unresolved,0,0,2
LBX_Add_File_,1311087,1311636,549,278,4,1311087,1311636,153,matches,0,0,0
LBX_Add_Data_File_,1311636,1312181,545,278,4,1311636,1312181,141,matches,0,0,0
LBX_Extract_File_,1312181,1312660,479,278,4,1312181,1312660,128,matches,0,0,0
Read_LBX_File_Type_,1312660,1312765,105,278,4,1312660,1312765,37,matches,0,0,0
Read_LBX_File_Entry_Count_,1312765,1312867,102,278,4,1312765,1312867,37,matches,0,0,0
Repeat_LBX_File_,1312867,1313067,200,278,4,1312867,1313067,59,matches,0,0,0
File_Size_,1313067,1313162,95,279,4,1313067,1313162,36,matches,0,0,0
fileExists_,1313162,1313240,78,279,4,1313162,1313240,31,matches,0,0,0
unlink_,1313240,1313273,33,280,4,1313240,1313273,17,matches,0,0,0
rename_,1313273,1313319,46,281,4,1313273,1313319,27,matches,0,0,0
__getctime_,1313319,1313514,195,282,4,1313319,1313514,74,matches,0,0,0
mktime_,1313514,1313854,340,283,4,1313514,1313854,124,matches,0,0,0
__CacheOSTZ_,1313854,1313938,84,284,4,1313854,1313938,27,matches,0,0,0
tryOSTimeZone_,1313938,1313962,24,284,5,1313938,1313962,7,matches,0,0,0
tzset_,1313962,1313976,14,284,4,1313962,1313976,4,matches,2,0,0
__parse_tz_,1313976,1314031,55,284,4,1313976,1314830,81,extends,0,1,0
parse_time_,1314031,1314067,36,284,5,1314031,1314067,19,matches,0,0,0
parse_offset_,1314067,1314364,297,284,5,1314067,1314364,119,matches+unresolved,0,0,1
parse_rule_,1314364,1314830,466,284,5,1314364,1314624,96,shorter,0,0,0
__brktime_,1314830,1315107,277,285,4,1314830,1315107,108,matches,0,0,0
_gmtime_,1315107,1315137,30,285,4,1315107,1315137,12,matches,0,0,0
gmtime_,1315137,1315150,13,285,4,1315137,1315150,5,matches,0,0,0
__leapyear_,1315150,1315209,59,286,4,1315150,1315209,29,matches,0,0,0
calc_yday_,1315209,1315438,229,286,5,1315209,1315438,81,matches,0,0,0
check_order_,1315438,1315490,52,286,5,1315438,1315490,24,matches,0,0,0
__isindst_,1315490,1316197,707,286,4,1315490,1316197,194,matches+unresolved,0,0,1
time_less_,1316197,1316245,48,286,5,1316197,1316245,25,matches,0,0,0
getche_,1316245,1316274,29,287,4,1316245,1316274,11,matches,0,0,0
__MemAllocator,1316274,1316442,168,288,4,1316274,1316437,73,shorter,0,0,0
__MemFree,1316442,1316709,267,288,4,1316437,1316709,120,matches,0,0,0
__unlink_,1316709,1316790,81,290,5,1316709,1316790,29,matches,0,0,0
__FreeDPMIBlocks_,1316790,1316882,92,290,4,1316790,1317542,46,extends,0,0,0
__ReAllocDPMIBlock_,1316882,1317137,255,290,4,1316882,1317137,90,matches,0,0,0
__LinkUpNewMHeap_,1317137,1317253,116,290,5,1317137,1317253,39,matches,0,0,0
__LastFree_,1317253,1317333,80,290,4,1317253,1317333,32,matches,0,0,0
RationalAlloc_,1317333,1317542,209,290,5,1317333,1317542,39,matches+unresolved,0,0,1
__CreateNewNHeap_,1317542,1317718,176,290,5,1317533,1317718,71,matches,0,2,0
__ExpandDGROUP_,1317718,1318050,332,290,4,1317718,1318050,116,matches,0,0,0
__AdjustAmount_,1318050,1318175,125,290,5,1318050,1318175,51,matches,0,0,0
__nmemneed_,1318175,1318178,3,291,4,1318175,1318178,2,matches,0,0,0
putch_,1318178,1318208,30,292,4,1318178,1318193,10,shorter,0,0,0
HMReset_,1318208,1318228,20,293,4,1318208,1318227,8,shorter,0,0,0
_icat_,1318228,1318312,84,293,5,1318228,1318312,40,matches,0,0,0
HMSetRegister_,1318312,1318572,260,293,4,1318312,1318572,102,matches,0,0,0
HMSetAutoAnswerRingCount_,1318572,1318584,12,293,4,1318572,1318584,6,matches,0,0,0
HMGetIncomingRingCount_,1318584,1318600,16,293,4,1318584,1318597,5,shorter,0,0,0
HMSetEscapeCode_,1318600,1318620,20,293,4,1318600,1318617,7,shorter,0,0,0
HMSetEndOfLineCharacter_,1318620,1318640,20,293,4,1318620,1318637,7,shorter,0,0,0
HMSetLineFeedCharacter_,1318640,1318660,20,293,4,1318640,1318657,7,shorter,0,0,0
HMSetBackspaceCharacter_,1318660,1318680,20,293,4,1318660,1318677,7,shorter,0,0,0
HMSetWaitForDialToneTime_,1318680,1318696,16,293,4,1318680,1318695,6,shorter,0,0,0
HMSetWaitTimeForCarrier_,1318696,1318712,16,293,4,1318696,1318711,6,shorter,0,0,0
HMSetPauseTimeForComma_,1318712,1318728,16,293,4,1318712,1318727,6,shorter,0,0,0
HMSetCDResponseTime_,1318728,1318744,16,293,4,1318728,1318743,6,shorter,0,0,0
HMSetCarrierDisconnectTime_,1318744,1318760,16,293,4,1318744,1318759,6,shorter,0,0,0
HMSetTouchToneDuration_,1318760,1318776,16,293,4,1318760,1318775,6,shorter,0,0,0
HMSetEscapeCodeGuardTime_,1318776,1318792,16,293,4,1318776,1318791,6,shorter,0,0,0
HMGetUARTStatus_,1318792,1318808,16,293,4,1318792,1318805,5,shorter,0,0,0
HMGetOptionRegister_,1318808,1318824,16,293,4,1318808,1318821,5,shorter,0,0,0
HMGetFlagRegister_,1318824,1318840,16,293,4,1318824,1318837,5,shorter,0,0,0
HMGoOnline_,1318840,1318868,28,293,4,1318840,1318866,11,shorter,0,0,0
HMSetDialingMethod_,1318868,1318904,36,293,4,1318868,1318904,14,matches,0,0,0
HMDial_,1318904,1319048,144,293,4,1318904,1319048,64,matches,0,0,0
HMRepeatLastCommand_,1319048,1319076,28,293,4,1319048,1319074,11,shorter,0,0,0
HMDialInAnswerMode_,1319076,1319260,184,293,4,1319076,1319259,82,shorter,0,0,0
HMDialAndReturnToCommandMode_,1319260,1319444,184,293,4,1319260,1319443,82,shorter,0,0,0
HMAnswer_,1319444,1319472,28,293,4,1319444,1319470,11,shorter,0,0,0
_hm3_,1319472,1319640,168,293,5,1319472,1319637,68,shorter,0,0,0
HMSetCarrier_,1319640,1319672,32,293,4,1319640,1319671,13,shorter,0,0,0
HMSetEchoMode_,1319672,1319704,32,293,4,1319672,1319703,13,shorter,0,0,0
HMSetFullDuplexMode_,1319704,1319736,32,293,4,1319704,1319735,13,shorter,0,0,0
HMSetHookSwitch_,1319736,1319768,32,293,4,1319736,1319767,13,shorter,0,0,0
HMSetSpeaker_,1319768,1319800,32,293,4,1319768,1319799,13,shorter,0,0,0
HMReturnNoResultCodes_,1319800,1319832,32,293,4,1319800,1319831,13,shorter,0,0,0
HMSelectExtendedResultCodes_,1319832,1319864,32,293,4,1319832,1319863,13,shorter,0,0,0
HMSetVerboseMode_,1319864,1319896,32,293,4,1319864,1319895,13,shorter,0,0,0
HMWaitForOK_,1319896,1319908,12,293,4,1319896,1319908,4,matches,1,0,0
HMFixedDelay_,1319908,1319916,8,293,4,1319908,1319914,2,shorter,0,0,0
HMSetUpEchoRoutine_,1319916,1319924,8,293,4,1319916,1319922,2,shorter,0,0,0
HMSetUpAbortKey_,1319924,1319932,8,293,4,1319924,1319930,2,shorter,0,0,0
HMSendString_,1319932,1320144,212,293,4,1319932,1320144,90,matches,0,0,0
HMSendStringNoWait_,1320144,1320188,44,293,4,1320144,1320187,20,shorter,0,0,0
HMGetRegister_,1320188,1320592,404,293,4,1320188,1320590,165,shorter,0,0,0
HMInputLine_,1320592,1320788,196,293,4,1320592,1320786,78,shorter,0,0,0
HMSetBackspaceCharacterVB_,1320788,1320808,20,293,4,1320788,1320805,7,shorter,0,0,0
HMSetEndOfLineCharacterVB_,1320808,1320828,20,293,4,1320808,1320825,7,shorter,0,0,0
HMSetEscapeCodeVB_,1320828,1320848,20,293,4,1320828,1320845,7,shorter,0,0,0
HMSetLineFeedCharacterVB_,1320848,1320880,32,293,4,1320848,1320865,7,shorter,0,0,0
ClearRXBuffer_,1320880,1320928,48,294,4,1320880,1320924,21,shorter,0,0,0
GetDsr_,1320928,1320948,20,295,4,1320928,1320947,10,shorter,0,0,0
GetCd_,1320948,1320972,24,295,4,1320948,1320970,10,shorter,0,0,0
GetRi_,1320972,1320992,20,295,4,1320972,1320991,10,shorter,0,0,0
GetCts_,1320992,1321024,32,295,4,1320992,1321011,10,shorter,0,0,0
SetDefaultBufferSize_,1321024,1321040,16,296,4,1321024,1321036,3,shorter,0,0,0
_GetModemStatusGreenleafFast_,1321040,1321108,68,297,5,1321040,1321108,31,matches,0,0,0
_GetLineStatusGreenleafFast_,1321108,1321268,160,297,5,1321108,1321268,62,matches,0,0,0
_ClearLineStatusGreenleafFast_,1321268,1321400,132,297,5,1321268,1321398,53,shorter,0,0,0
_SendBreakGreenleafFast_,1321400,1321564,164,297,5,1321400,1321562,62,shorter,0,0,0
_ReadBufferGreenleafFast_,1321564,1321932,368,297,5,1321564,1321932,123,matches,0,0,0
_SetDTRGreenleafFast_,1321932,1322044,112,297,5,1321932,1322041,46,shorter,0,0,0
_SetRTSGreenleafFast_,1322044,1322156,112,297,5,1322044,1322153,46,shorter,0,0,0
_CloseGreenleafFast_,1322156,1322688,532,297,5,1322156,1322688,51,matches+unresolved,0,0,1
_PortCloseGreenleafFast_,1322688,1322752,64,297,5,1322688,1322749,30,shorter,0,0,0
_PutcGreenleafFast_,1322752,1322956,204,297,5,1322752,1322955,75,shorter,0,0,0
_WriteBufferGreenleafFast_,1322956,1323288,332,297,5,1322956,1323286,116,shorter,0,0,0
_ClearTXBufferGreenleafFast_,1323288,1323448,160,297,5,1323288,1323446,62,shorter,0,0,0
_GetTXSpaceFreeGreenleafFast_,1323448,1323612,164,297,5,1323448,1323609,61,shorter,0,0,0
_GetTXSpaceUsedGreenleafFast_,1323612,1323776,164,297,5,1323612,1323773,61,shorter,0,0,0
_GetRXSpaceFreeGreenleafFast_,1323776,1323848,72,297,5,1323776,1323847,29,shorter,0,0,0
_GetRXSpaceUsedGreenleafFast_,1323848,1323912,64,297,5,1323848,1323910,26,shorter,0,0,0
_RtsCtsGreenleafFast_,1323912,1324064,152,297,5,1323912,1324061,57,shorter,0,0,0
_DtrDsrGreenleafFast_,1324064,1324216,152,297,5,1324064,1324213,57,shorter,0,0,0
_GetcGreenleafFast_,1324216,1324440,224,297,5,1324216,1324438,78,shorter,0,0,0
_PeekcGreenleafFast_,1324440,1324560,120,297,5,1324440,1324558,45,shorter,0,0,0
_BlockGreenleafFast_,1324560,1324728,168,297,5,1324560,1324727,62,shorter,0,0,0
_PortSetGreenleafFast_,1324728,1325056,328,297,5,1324728,1325055,122,shorter,0,0,0
LinkToInterrupt_,1325056,1325420,364,297,5,1325056,1325419,127,shorter,0,0,0
_OpenGreenleafFast_,1325420,1326040,620,297,5,1325420,1326039,181,shorter+unresolved,0,0,1
PortOpenGreenleafFast_,1326040,1326336,296,297,4,1326040,1326334,70,shorter,0,0,0
FastSetPortHardware_,1326336,1326420,84,297,4,1326336,1326417,26,shorter,0,0,0
FastGetPortHardware_,1326420,1326544,124,297,4,1326420,1326543,49,shorter,0,0,0
FastSet16550TriggerLevel_,1326544,1326580,36,297,4,1326544,1326580,16,matches,0,0,0
FastSet16550UseTXFifos_,1326580,1326586,6,297,4,1326580,1326586,2,matches,0,0,0
fprintf_,1326586,1326619,33,298,4,1326586,1326619,13,matches,0,0,0
stackavail_,1326619,1326628,9,299,4,1326619,1326628,3,matches,0,0,0
__CommonInit_,1326628,1326733,105,300,4,1326628,1326733,39,matches,0,0,0
__exit_with_msg_,1326733,1326738,5,303,4,1326733,1326738,1,matches,1,0,0
__fatal_runtime_error_,1326738,1326767,29,303,4,1326738,1326767,14,matches,0,0,0
segread_,1326767,1326807,40,304,4,1326767,1326807,16,matches,0,0,0
__delay_init_,1326807,1326857,50,305,4,1326807,1326857,28,matches,0,0,0
__delay_,1326857,1326911,54,305,4,1326857,1326911,27,matches,0,0,0
file_putc_,1326911,1326928,17,306,5,1326911,1326928,8,matches,0,0,0
__fprtf_,1326928,1327063,135,306,4,1326928,1327055,50,shorter,0,0,0
_DLL_read,1327063,1327166,103,307,5,1327063,1327166,35,matches,0,0,0
_MEM_use_malloc,1327166,1327218,52,307,4,1327166,1327218,19,matches,0,0,0
_MEM_use_free,1327218,1327270,52,307,4,1327218,1327270,19,matches,0,0,0
_MEM_alloc_lock,1327270,1327340,70,307,4,1327270,1327340,26,matches,0,0,0
_MEM_free_lock,1327340,1327396,56,307,4,1327340,1327396,21,matches,0,0,0
_MEM_alloc_DOS,1327396,1327570,174,307,4,1327396,1327570,57,matches,0,0,0
_MEM_free_DOS,1327570,1327645,75,307,4,1327570,1327645,22,matches,0,0,0
_VMM_lock_range,1327645,1327839,194,307,4,1327645,1327839,62,matches,0,0,0
_VMM_unlock_range,1327839,1328033,194,307,4,1327839,1328033,62,matches,0,0,0
_VMM_lock,1328033,1328085,52,307,4,1328033,1328085,21,matches,0,0,0
_VMM_unlock,1328085,1328137,52,307,4,1328085,1328137,21,matches,0,0,0
_DLL_size,1328137,1328475,338,307,4,1328137,1328475,109,matches,0,0,0
_DLL_load,1328475,1329780,1305,307,4,1328475,1329780,414,matches,0,0,0
_FILE_error,1329780,1329818,38,307,4,1329780,1329818,15,matches,0,0,0
_FILE_size,1329818,1329944,126,307,4,1329818,1329846,8,shorter+unresolved,0,0,1
_FILE_read,1329944,1330214,270,307,4,1329944,1329972,8,shorter+unresolved,0,0,1
_FILE_write,1330214,1330388,174,307,4,1330214,1330242,8,shorter+unresolved,0,0,1
_FILE_append,1330388,1330560,172,307,4,1330388,1330416,8,shorter+unresolved,0,0,1
_AIL_API_lock,1330560,1330573,13,308,4,1330560,1330573,8,matches,0,0,0
_AIL_API_unlock,1330573,1330586,13,308,4,1330573,1330586,8,matches,0,0,0
_API_timer,1330586,1330880,294,308,4,1330586,1330593,1,shorter+unresolved,0,0,1
_set_PIT_divisor,1330880,1330928,48,308,4,1330880,1330928,29,matches,0,0,0
_set_PIT_period,1330928,1330979,51,308,4,1330928,1330979,21,matches,0,0,0
_program_timers,1330979,1331080,101,308,4,1330979,1331080,35,matches,0,0,0
_AILA_startup,1331080,1331318,238,308,4,1331080,1331115,13,shorter+unresolved,0,0,1
_AILA_shutdown,1331318,1331377,59,308,4,1331318,1331377,28,matches,0,0,0
_AIL_API_get_real_vect,1331377,1331421,44,308,4,1331377,1331421,26,matches,0,0,0
_AIL_API_set_real_vect,1331421,1331460,39,308,4,1331421,1331460,19,matches,0,0,0
_thunk_proc,1331460,1331545,85,308,4,1331460,1331534,23,shorter,0,0,0
_AIL_API_set_USE16_ISR,1331545,1332079,534,308,4,1331545,1332079,155,matches,0,0,0
_AIL_API_restore_USE16_ISR,1332079,1332148,69,308,4,1332079,1332148,27,matches+unresolved,0,0,1
_AIL_API_disable_interrupts,1332148,1332152,4,308,4,1332148,1332152,4,matches,0,0,0
_AIL_API_restore_interrupts,1332152,1332173,21,308,4,1332152,1332173,13,matches,0,0,0
_AIL_switch_stack,1332173,1332227,54,308,4,1332173,1332227,20,matches,0,0,0
_AIL_restore_stack,1332227,1332255,28,308,4,1332227,1332255,11,matches,0,0,0
_AIL_API_call_driver,1332255,1332473,218,308,4,1332255,1332473,74,matches,0,0,0
_AIL_API_delay,1332473,1332534,61,308,4,1332473,1332534,28,matches,0,0,0
_AIL_API_background,1332534,1332546,12,308,4,1332534,1332546,8,matches,0,0,0
_AIL_API_register_timer,1332546,1332617,71,308,4,1332546,1332617,23,matches+unresolved,0,0,1
_AIL_API_set_timer_user,1332617,1332657,40,308,4,1332617,1332657,19,matches,0,0,0
_AIL_API_release_timer_handle,1332657,1332696,39,308,4,1332657,1332696,16,matches+unresolved,0,0,1
_AIL_API_release_all_timers,1332696,1332732,36,308,4,1332696,1332732,15,matches,0,0,0
_AIL_API_start_timer,1332732,1332780,48,308,4,1332732,1332780,18,matches+unresolved,0,0,1
_AIL_API_start_all_timers,1332780,1332816,36,308,4,1332780,1332816,15,matches,0,0,0
_AIL_API_stop_timer,1332816,1332864,48,308,4,1332816,1332864,18,matches+unresolved,0,0,1
_AIL_API_stop_all_timers,1332864,1332900,36,308,4,1332864,1332900,15,matches,0,0,0
_AIL_API_set_timer_period,1332900,1332948,48,308,4,1332900,1332930,10,shorter+unresolved,0,0,1
_AIL_API_set_timer_frequency,1332948,1332996,48,308,4,1332948,1332996,20,matches,0,0,0
_AIL_API_set_timer_divisor,1332996,1333062,66,308,4,1332996,1333062,25,matches,0,0,0
_AIL_API_interrupt_divisor,1333062,1333074,12,308,4,1333062,1333074,8,matches,0,0,0
_AILA_VMM_lock,1333074,1333111,37,308,4,1333074,1333111,9,matches,0,0,0
getenv_,1333111,1333208,97,309,4,1333111,1333208,50,matches,0,0,0
AIL_start_,1333208,1333345,137,310,4,1333208,1333345,38,matches+unresolved,0,0,1
_AIL_driver_server,1333345,1333424,79,310,5,1333345,1333424,8,matches+unresolved,0,0,1
_ASC_val,1333424,1333585,161,310,5,1333424,1333449,8,shorter+unresolved,0,0,1
_AIL_API_read_INI,1333585,1334297,712,310,4,1333585,1334297,191,matches+unresolved,0,0,4
_AIL_API_set_preference,1334297,1334322,25,310,4,1334297,1334322,6,matches,0,0,0
_AIL_API_install_driver,1334322,1334882,560,310,4,1334322,1334882,191,matches,0,0,0
_AIL_API_uninstall_driver,1334882,1335045,163,310,4,1334882,1335045,63,matches,0,0,0
_AIL_API_get_IO_environment,1335045,1335158,113,310,4,1335045,1335158,41,matches,0,0,0
_AIL_API_startup,1335158,1335420,262,310,4,1335158,1335420,83,matches,1,0,0
_AIL_API_shutdown,1335420,1335465,45,310,4,1335420,1335465,16,matches,0,0,0
AIL_end_,1335465,1335600,135,310,4,1335465,1335600,39,matches,0,0,0
isatty_,1335600,1335639,39,311,4,1335600,1335639,20,matches,0,0,0
setbuf_,1335639,1335668,29,312,4,1335639,1335668,11,matches,0,0,0
convDec_,1335668,1335719,51,313,5,1335668,1335719,23,matches,0,0,0
_asctime_,1335719,1335956,237,313,4,1335719,1335956,73,matches,0,0,0
_ctime_,1335956,1335981,25,313,4,1335956,1335981,10,matches,0,0,0
ctime_,1335981,1335986,5,313,4,1335981,1335986,1,matches,1,0,0
asctime_,1335986,1336000,14,313,4,1335986,1335999,5,shorter,0,0,0
AILSS_start_,1336000,1336192,192,314,4,1336000,1336191,51,shorter+unresolved,0,0,1
_SS_start_DIG_driver_playback,1336192,1336272,80,314,5,1336192,1336259,22,shorter,0,0,0
_SS_stop_DIG_driver_playback,1336272,1336320,48,314,5,1336272,1336312,14,shorter,0,0,0
_SS_build_amplitude_tables,1336320,1336960,640,314,5,1336320,1336946,189,shorter,0,0,0
_SS_serve,1336960,1337456,496,314,5,1336960,1337412,126,shorter,0,0,0
_SS_configure_buffers,1337456,1338608,1152,314,5,1337456,1338605,343,shorter+unresolved,0,0,1
_SS_attempt_DIG_detection,1338608,1338864,256,314,5,1338608,1338857,80,shorter,0,0,0
_SS_destroy_DIG_driver,1338864,1339040,176,314,5,1338864,1339034,62,shorter,0,0,0
_SS_construct_DIG_driver,1339040,1340592,1552,314,5,1339040,1340590,502,shorter+unresolved,0,0,1
_AIL_API_install_DIG_driver_file,1340592,1340720,128,314,4,1340592,1340710,50,shorter,0,0,0
_AIL_API_install_DIG_driver_image,1340720,1340784,64,314,4,1340720,1340780,26,shorter,0,0,0
_AIL_API_install_DIG_INI,1340784,1340880,96,314,4,1340784,1340867,26,shorter,0,0,0
_AIL_API_uninstall_DIG_driver,1340880,1340896,16,314,4,1340880,1340896,6,matches,0,0,0
_AIL_API_active_sample_count,1340896,1340944,48,314,4,1340896,1340940,19,shorter,0,0,0
_AIL_API_allocate_sample_handle,1340944,1341056,112,314,4,1340944,1341052,40,shorter,0,0,0
_AIL_API_release_sample_handle,1341056,1341072,16,314,4,1341056,1341072,5,matches,0,0,0
_AIL_API_init_sample,1341072,1341248,176,314,4,1341072,1341245,21,shorter+unresolved,0,0,1
_AIL_API_sample_status,1341248,1341264,16,314,4,1341248,1341261,6,shorter,0,0,0
_AIL_API_set_sample_address,1341264,1341312,48,314,4,1341264,1341301,10,shorter,0,0,0
_AIL_API_set_sample_type,1341312,1341360,48,314,4,1341312,1341354,15,shorter,0,0,0
_AIL_API_sample_playback_rate,1341360,1341376,16,314,4,1341360,1341373,6,shorter,0,0,0
_AIL_API_set_sample_playback_rate,1341376,1341392,16,314,4,1341376,1341392,6,matches,0,0,0
_AIL_API_sample_volume,1341392,1341408,16,314,4,1341392,1341405,6,shorter,0,0,0
_AIL_API_set_sample_volume,1341408,1341440,32,314,4,1341408,1341438,11,shorter,0,0,0
_AIL_API_sample_pan,1341440,1341456,16,314,4,1341440,1341453,6,shorter,0,0,0
_AIL_API_set_sample_pan,1341456,1341488,32,314,4,1341456,1341486,11,shorter,0,0,0
_AIL_API_sample_position,1341488,1341520,32,314,4,1341488,1341507,8,shorter,0,0,0
_AIL_API_set_sample_position,1341520,1341552,32,314,4,1341520,1341548,9,shorter,0,0,0
_AIL_API_sample_loop_count,1341552,1341584,32,314,4,1341552,1341570,7,shorter,0,0,0
_AIL_API_set_sample_loop_count,1341584,1341600,16,314,4,1341584,1341600,6,matches,0,0,0
_AIL_API_start_sample,1341600,1341728,128,314,4,1341600,1341721,40,shorter,0,0,0
_AIL_API_stop_sample,1341728,1341760,32,314,4,1341728,1341750,7,shorter,0,0,0
_AIL_API_resume_sample,1341760,1341792,32,314,4,1341760,1341782,7,shorter,0,0,0
_AIL_API_end_sample,1341792,1341872,80,314,4,1341792,1341862,23,shorter,0,0,0
_AIL_API_register_SOB_callback,1341872,1341904,32,314,4,1341872,1341900,9,shorter,0,0,0
_AIL_API_register_EOB_callback,1341904,1341936,32,314,4,1341904,1341932,9,shorter,0,0,0
_AIL_API_register_EOS_callback,1341936,1341968,32,314,4,1341936,1341964,9,shorter,0,0,0
_AIL_API_set_sample_user_data,1341968,1342000,32,314,4,1341968,1342000,9,matches,0,0,0
_AIL_API_sample_user_data,1342000,1342048,48,314,4,1342000,1342023,8,shorter,0,0,0
_AIL_API_minimum_sample_buffer_size,1342048,1342208,160,314,4,1342048,1342200,52,shorter,0,0,0
_AIL_API_load_sample_buffer,1342208,1342352,144,314,4,1342208,1342340,15,shorter+unresolved,0,0,1
_AIL_API_sample_buffer_ready,1342352,1342448,96,314,4,1342352,1342436,30,shorter,0,0,0
AILSS_end_,1342448,1342632,184,314,4,1342448,1342632,51,matches,0,0,0
AILSFILE_start_,1342632,1342676,44,315,4,1342632,1342676,14,matches+unresolved,0,0,1
_AIL_VOC_block_len,1342676,1342686,10,315,5,1342676,1342686,4,matches,0,0,0
_AIL_VOC_terminate,1342686,1342780,94,315,5,1342686,1342737,14,shorter+unresolved,0,0,1
_AIL_WAV_EOS,1342686,1342780,94,315,5,1342686,1342737,14,shorter+unresolved,0,0,1
_AIL_process_VOC_block,1342780,1343401,621,315,5,1342780,1343401,196,matches+unresolved,0,0,1
_AIL_VOC_EOS,1343401,1343417,16,315,5,1343401,1343417,6,matches,0,0,0
_AIL_process_WAV_image,1343417,1343651,234,315,5,1343417,1343651,86,matches,0,0,0
_AIL_API_allocate_file_sample,1343651,1343950,299,315,4,1343651,1343950,46,matches+unresolved,0,0,1
_AIL_API_set_sample_file,1343950,1344166,216,315,4,1343950,1344166,56,matches+unresolved,0,0,2
_AIL_API_register_EOF_callback,1344166,1344194,28,315,4,1344166,1344194,9,matches,0,0,0
AILSFILE_end_,1344194,1344240,46,315,4,1344194,1344236,15,shorter,0,0,0
AILXMIDI_start_,1344240,1344496,256,316,4,1344240,1344487,67,shorter,0,0,0
_XMI_message_size,1344496,1344592,96,316,5,1344496,1344584,31,shorter,0,0,0
_XMI_flush_buffer,1344592,1344672,80,316,5,1344592,1344669,18,shorter+unresolved,0,0,1
_XMI_MIDI_message,1344672,1344960,288,316,5,1344672,1344952,73,shorter+unresolved,0,0,1
_XMI_sysex_message,1344960,1345152,192,316,5,1344960,1345149,45,shorter+unresolved,0,0,2
_XMI_read_VLN,1345152,1345200,48,316,5,1345152,1345197,22,shorter,0,0,0
_XMI_swap,1345200,1345264,64,316,5,1345200,1345252,16,shorter,0,0,0
_XMI_find_sequence,1345264,1345552,288,316,5,1345264,1345540,97,shorter,0,0,0
_XMI_read_log,1345552,1345936,384,316,5,1345552,1345928,124,shorter,0,0,0
anon_call_00148990,1345936,1346384,448,-1,4,1345936,1346371,173,shorter,0,0,0
_XMI_send_channel_voice_message,1346384,1347488,1104,316,5,1346384,1346501,34,shorter+unresolved,0,0,1
_XMI_flush_note_queue,1347488,1347696,208,316,5,1347488,1347589,32,shorter+unresolved,0,0,2
_XMI_flush_channel_notes,1347696,1347872,176,316,5,1347696,1347872,46,matches+unresolved,0,0,2
_XMI_refresh_channel,1347872,1348400,528,316,5,1347872,1348400,191,matches,0,0,0
_XMI_init_sequence_state,1348400,1348576,176,316,5,1348400,1348492,26,shorter+unresolved,0,0,1
_XMI_rewind_sequence,1348576,1348608,32,316,5,1348576,1348601,10,shorter,0,0,0
_XMI_update_volume,1348608,1348672,64,316,5,1348608,1348669,29,shorter,0,0,0
_XMI_serve,1348672,1350512,1840,316,5,1348672,1350511,413,shorter+unresolved,0,0,3
_XMI_attempt_MDI_detection,1350512,1350720,208,316,5,1350512,1350718,65,shorter,0,0,0
_XMI_destroy_MDI_driver,1350720,1350816,96,316,5,1350720,1350816,37,matches,0,0,0
_XMI_construct_MDI_driver,1350816,1352512,1696,316,5,1350816,1352498,343,shorter+unresolved,0,0,2
_AIL_API_install_MDI_driver_file,1352512,1352640,128,316,4,1352512,1352630,50,shorter,0,0,0
_AIL_API_install_MDI_driver_image,1352640,1352704,64,316,4,1352640,1352700,26,shorter,0,0,0
_AIL_API_install_MDI_INI,1352704,1352800,96,316,4,1352704,1352787,26,shorter,0,0,0
_AIL_API_uninstall_MDI_driver,1352800,1352816,16,316,4,1352800,1352816,6,matches,0,0,0
_AIL_API_set_GTL_filename_prefix,1352816,1352944,128,316,4,1352816,1352936,56,shorter,0,0,0
_AIL_API_allocate_sequence_handle,1352944,1353072,128,316,4,1352944,1353057,40,shorter,0,0,0
_AIL_API_release_sequence_handle,1353072,1353104,32,316,4,1353072,1353099,10,shorter,0,0,0
_AIL_API_init_sequence,1353104,1354048,944,316,4,1353104,1354043,281,shorter+unresolved,0,0,1
_AIL_API_start_sequence,1354048,1354112,64,316,4,1354048,1354099,18,shorter,0,0,0
_AIL_API_stop_sequence,1354112,1354320,208,316,4,1354112,1354305,63,shorter+unresolved,0,0,1
_AIL_API_resume_sequence,1354320,1354464,144,316,4,1354320,1354462,49,shorter,0,0,0
_AIL_API_end_sequence,1354464,1354512,48,316,4,1354464,1354497,12,shorter,0,0,0
_AIL_API_set_sequence_loop_count,1354512,1354528,16,316,4,1354512,1354528,6,matches,0,0,0
_AIL_API_set_sequence_tempo,1354528,1354640,112,316,4,1354528,1354633,39,shorter,0,0,0
_AIL_API_set_sequence_volume,1354640,1354768,128,316,4,1354640,1354768,51,matches,0,0,0
_AIL_API_sequence_status,1354768,1354784,16,316,4,1354768,1354781,6,shorter,0,0,0
_AIL_API_sequence_loop_count,1354784,1354816,32,316,4,1354784,1354802,7,shorter,0,0,0
_AIL_API_sequence_tempo,1354816,1354832,16,316,4,1354816,1354829,6,shorter,0,0,0
_AIL_API_sequence_volume,1354832,1354848,16,316,4,1354832,1354845,6,shorter,0,0,0
_AIL_API_timbre_status,1354848,1354912,64,316,4,1354848,1354900,17,shorter,0,0,0
_AIL_API_install_timbre,1354912,1355168,256,316,4,1354912,1355163,73,shorter+unresolved,0,0,1
_AIL_API_protect_timbre,1355168,1355232,64,316,4,1355168,1355230,19,shorter,0,0,0
_AIL_API_unprotect_timbre,1355232,1355296,64,316,4,1355232,1355291,19,shorter,0,0,0
_AIL_API_active_sequence_count,1355296,1355344,48,316,4,1355296,1355340,19,shorter,0,0,0
_AIL_API_controller_value,1355344,1355392,48,316,4,1355344,1355387,16,shorter,0,0,0
_AIL_API_channel_notes,1355392,1355456,64,316,4,1355392,1355450,22,shorter,0,0,0
_AIL_API_sequence_position,1355456,1355568,112,316,4,1355456,1355566,49,shorter,0,0,0
_AIL_API_branch_index,1355568,1355712,144,316,4,1355568,1355705,51,shorter,0,0,0
_AIL_API_register_prefix_callback,1355712,1355744,32,316,4,1355712,1355734,9,shorter,0,0,0
_AIL_API_register_trigger_callback,1355744,1355776,32,316,4,1355744,1355766,9,shorter,0,0,0
_AIL_API_register_sequence_callback,1355776,1355808,32,316,4,1355776,1355798,9,shorter,0,0,0
_AIL_API_register_event_callback,1355808,1355840,32,316,4,1355808,1355829,5,shorter,0,0,0
_AIL_API_register_timbre_callback,1355840,1355872,32,316,4,1355840,1355861,5,shorter,0,0,0
_AIL_API_set_sequence_user_data,1355872,1355904,32,316,4,1355872,1355904,9,matches,0,0,0
_AIL_API_sequence_user_data,1355904,1355936,32,316,4,1355904,1355927,8,shorter,0,0,0
_AIL_API_register_ICA_array,1355936,1355952,16,316,4,1355936,1355952,6,matches,0,0,0
_AIL_API_lock_channel,1355952,1356368,416,316,4,1355952,1356367,130,shorter+unresolved,0,0,1
_AIL_API_release_channel,1356368,1356672,304,316,4,1356368,1356663,94,shorter+unresolved,0,0,1
_AIL_API_map_sequence_channel,1356672,1356736,64,316,4,1356672,1356724,16,shorter,0,0,0
_AIL_API_true_sequence_channel,1356736,1356768,32,316,4,1356736,1356760,9,shorter,0,0,0
_AIL_API_send_channel_voice_message,1356768,1356944,176,316,4,1356768,1356939,57,shorter+unresolved,0,0,1
_AIL_API_send_sysex_message,1356944,1357088,144,316,4,1356944,1357076,47,shorter,0,0,0
AILXMIDI_end_,1357088,1357844,756,316,4,1357088,1357332,67,shorter,0,0,0
AILXDIG_start_,1357844,1357888,44,317,4,1357844,1357888,14,matches+unresolved,0,0,1
_XMI_write_log,1357888,1358325,437,317,5,1357888,1358325,174,matches,0,0,0
WVL_search_,1358325,1358366,41,317,4,1358325,1358366,20,matches,0,0,0
XDIG_set_volume_,1358366,1358474,108,317,4,1358366,1358474,38,matches,0,0,0
XDIG_set_pitch_,1358474,1358740,266,317,4,1358474,1358599,36,shorter+unresolved,0,0,1
_XDIG_TIMB_trap,1358740,1358777,37,317,4,1358740,1358777,10,matches,0,0,0
_XDIG_MIDI_trap,1358777,1359789,1012,317,4,1358777,1359789,199,matches+unresolved,0,0,1
_AIL_API_create_wave_synthesizer,1359789,1360165,376,317,4,1359789,1360021,48,shorter+unresolved,0,0,2
_AIL_API_destroy_wave_synthesizer,1360165,1360249,84,317,4,1360165,1360249,30,matches,0,1,0
AILXDIG_end_,1360249,1360292,43,317,4,1360249,1360291,15,shorter,0,0,0
__int386x_,1360292,1360348,56,318,4,1360292,1360348,28,matches,0,0,0
anon_call_0014C1DC,1360348,1360385,37,-1,4,1360348,1360385,13,matches,0,0,0
_DoINTR_,1360385,1360462,77,318,4,1360385,1360462,34,matches,0,0,0
anon_call_0014C24E,1360462,1361282,820,-1,4,1360462,1360514,18,shorter,0,0,0
_no_support_loaded_,1361282,1361300,18,319,5,1361282,1361300,6,matches,0,0,0
__IOMode_,1361300,1361385,85,321,4,1361300,1361385,35,matches,0,0,0
__SetIOMode_,1361385,1361406,21,321,4,1361385,1361406,9,matches,0,0,0
__InitFiles_,1361406,1361525,119,322,4,1361406,1361525,37,matches,0,0,0
__full_io_exit_,1361525,1361537,12,323,4,1361525,1361537,3,matches,1,0,0
fcloseall_,1361537,1361542,5,323,4,1361537,1361542,1,matches,1,0,0
docloseall_,1361542,1361630,88,323,5,1361542,1361630,38,matches,0,0,0
intdos_,1361630,1361712,82,324,4,1361630,1361708,39,shorter,0,0,0
DEFSMACKTIMERSETUP,1361712,1361888,176,325,5,1361712,1361880,10,shorter+unresolved,0,0,1
DEFSMACKTIMERDONE,1361888,1361904,16,325,5,1361888,1361889,1,shorter,0,0,0
DEFWINSMACKTIMERREAD,1361904,1361936,32,325,5,1361904,1361934,9,shorter,0,0,0
DEFSMACKTIMERREAD,1361936,1362000,64,325,5,1361936,1361997,17,shorter,0,0,0
_radopen,1362000,1362033,33,326,4,1362000,1362033,18,matches,0,0,0
_raderase,1362033,1362057,24,326,4,1362033,1362057,15,matches,0,0,0
_radcreate,1362057,1362089,32,326,4,1362057,1362089,18,matches,0,0,0
_radread,1362089,1362165,76,326,4,1362089,1362165,37,matches,0,0,0
_radwrite,1362165,1362241,76,326,4,1362165,1362241,37,matches,0,0,0
_radseekbegin,1362241,1362277,36,326,4,1362241,1362277,18,matches,0,0,0
_radseekcur,1362277,1362283,6,326,4,1362277,1362283,2,matches,0,1,0
_radseekend,1362283,1362289,6,326,4,1362283,1362289,2,matches,0,1,0
_radclose,1362289,1362303,14,326,4,1362289,1362303,9,matches,0,0,0
_IsRemote,1362303,1362333,30,326,4,1362303,1362333,15,matches,0,0,0
_radgetfiletime,1362333,1362360,27,326,4,1362333,1362360,14,matches,0,0,0
_radsetfiletime,1362360,1362394,34,326,4,1362360,1362394,17,matches,0,0,0
__FDFS,1362394,1362470,76,328,4,1362394,1362470,30,matches,0,0,0
Compress_Data_,1362470,1362704,234,329,4,1362470,1362704,69,matches,0,0,0
Uncompress_Data_,1362704,1362926,222,329,4,1362704,1362926,66,matches,0,0,0
buffer_remove_symbol_from_stream_,1362926,1363246,320,329,4,1362926,1363246,89,matches,0,0,0
buffer_initialize_arithmetic_decoder_,1363246,1363356,110,329,4,1363246,1363280,12,shorter+unresolved,0,0,1
buffer_encode_symbol_,1363356,1363718,362,329,4,1363356,1363718,103,matches,0,0,0
buffer_flush_arithmetic_encoder_,1363718,1363841,123,329,4,1363718,1363841,42,matches,0,0,0
CompressFile_,1363841,1364266,425,329,4,1363841,1364266,127,matches,0,0,0
ExpandFile_,1364266,1364709,443,329,4,1364266,1364709,134,matches,0,0,0
initialize_model_,1364709,1364889,180,329,4,1364709,1364889,59,matches,0,0,0
uninit_model_,1364889,1364967,78,329,4,1364889,1364967,30,matches,0,0,0
update_model_,1364967,1365217,250,329,4,1364967,1365065,32,shorter+unresolved,0,0,1
convert_int_to_symbol_,1365217,1365426,209,329,4,1365217,1365426,62,matches,0,0,0
get_symbol_scale_,1365426,1365489,63,329,4,1365426,1365489,24,matches,0,0,0
convert_symbol_to_int_,1365489,1365643,154,329,4,1365489,1365643,53,matches,0,0,0
initialize_arithmetic_encoder_,1365643,1365702,59,329,4,1365643,1365674,11,shorter+unresolved,0,0,1
flush_arithmetic_encoder_,1365702,1365825,123,329,4,1365702,1365825,42,matches,0,0,0
encode_symbol_,1365825,1366187,362,329,4,1365825,1366187,103,matches,0,0,0
get_current_count_,1366187,1366304,117,329,4,1366187,1366304,45,matches,0,0,0
initialize_arithmetic_decoder_,1366304,1366414,110,329,4,1366304,1366338,12,shorter+unresolved,0,0,1
remove_symbol_from_stream_,1366414,1366734,320,329,4,1366414,1366734,89,matches,0,0,0
LoadKernel_,1366734,1366986,252,330,4,1366734,1366986,77,matches,0,0,0
CallKernel_,1366986,1367155,169,330,4,1366986,1367083,25,shorter+unresolved,0,0,1
DeleteKernel_,1367155,1367226,71,330,4,1367155,1367162,1,shorter+unresolved,0,0,1
SetSocket_,1367226,1367246,20,330,4,1367226,1367246,8,matches,0,0,0
IPX_Present_,1367246,1367278,32,330,4,1367246,1367278,13,matches,0,0,0
LoadTxStart_,1367278,1367322,44,330,4,1367278,1367322,12,matches,0,0,0
LoadRxStart_,1367322,1367381,59,330,4,1367322,1367381,15,matches,0,0,0
XferPDU_,1367381,1367521,140,330,4,1367381,1367521,39,matches,0,0,0
NCheck_,1367521,1367561,40,330,4,1367521,1367561,15,matches,0,0,0
GetPDU_,1367561,1367844,283,330,4,1367561,1367844,78,matches,0,0,0
__assert_,1367844,1367875,31,331,4,1367844,1367875,11,matches,1,0,0
_heapenable_,1367875,1367891,16,333,4,1367875,1367891,6,matches,0,0,0
sbrk_,1367891,1368091,200,334,4,1367891,1368091,74,matches,0,0,0
__brk_,1368091,1368304,213,334,4,1368091,1368294,79,shorter,0,0,0
AllocateGreenleafPortStructure_,1368304,1368328,24,336,4,1368304,1368326,8,shorter,1,0,0
FreeGreenleafPortStructure_,1368328,1368356,28,336,4,1368328,1368353,12,shorter,0,0,0
AllocateDriverStructure_,1368356,1368372,16,336,4,1368356,1368371,6,shorter,0,0,0
AllocateGenericStructure_,1368356,1368372,16,336,4,1368356,1368371,6,shorter,0,0,0
AllocateXferBuffer_,1368356,1368372,16,336,4,1368356,1368371,6,shorter,0,0,0
FreeDriverStructure_,1368372,1368380,8,336,4,1368372,1368377,1,shorter,1,0,0
FreeGenericStructure_,1368372,1368380,8,336,4,1368372,1368377,1,shorter,1,0,0
FreeXferBuffer_,1368372,1368380,8,336,4,1368372,1368377,1,shorter,1,0,0
AllocateTXBuffer_,1368380,1368404,24,336,4,1368380,1368402,8,shorter,1,0,0
FreeTXBuffer_,1368404,1368428,24,336,4,1368404,1368425,10,shorter,0,0,0
AllocateRXBuffer_,1368428,1368452,24,336,4,1368428,1368450,8,shorter,1,0,0
FreeRXBuffer_,1368452,1368480,28,336,4,1368452,1368473,10,shorter,0,0,0
timer_,1368480,1368532,52,337,4,1368480,1368530,21,shorter,0,0,0
PortKillTime_,1368532,1368576,44,337,4,1368532,1368569,16,shorter,0,0,0
WriteString_,1368576,1368688,112,338,4,1368576,1368687,50,shorter,0,0,0
ElapsedTime_,1368688,1368816,128,339,4,1368688,1368816,42,matches+unresolved,0,0,1
_DOSDefaultAbortModemFunction_,1368816,1368868,52,340,5,1368816,1368826,4,shorter+unresolved,0,0,1
SetAbortModemFunctionPtr_,1368868,1368880,12,340,4,1368868,1368874,2,shorter,0,0,0
_DOSDefaultIdleFunction_,1368880,1368896,16,341,5,1368880,1368893,4,shorter,0,0,0
SetPortIdleFunctionPtr_,1368896,1368912,16,341,4,1368896,1368902,2,shorter,0,0,0
_FarMemSet_,1368912,1368956,44,342,4,1368912,1368955,18,shorter,0,0,0
_CopyToFarMem_,1368956,1369000,44,342,4,1368949,1368997,21,shorter,0,0,0
_CopyFromFarMem_,1369000,1369048,48,342,4,1369000,1369046,21,shorter,0,0,0
_GetCs_,1369048,1369060,12,342,4,1369048,1369060,6,matches,0,0,0
_GetDs_,1369060,1369072,12,342,4,1369060,1369072,6,matches,0,0,0
HookInterrupt_,1369072,1369680,608,344,4,1369072,1369679,177,shorter+unresolved,0,0,1
CalcRR16Address_,1369680,1369740,60,344,4,1369680,1369739,24,shorter,0,0,0
RelocateIsrData_,1369740,1370056,316,344,4,1369740,1370054,97,shorter,0,0,0
_unhook_everything_,1370056,1370132,76,344,5,1370056,1370129,28,shorter,0,0,0
UnHookInterrupt_,1370132,1370392,260,344,4,1370132,1370390,96,shorter,0,0,0
_GetInterruptData_,1370392,1370512,120,344,4,1370392,1370504,46,shorter,0,0,0
_GetCSAlias_,1370512,1370740,228,345,4,1370512,1370526,6,shorter+unresolved,0,0,1
_AllocateDosMemory_,1370740,1370884,144,345,4,1370740,1370884,57,matches,0,0,0
_FreeDosMemory_,1370884,1370948,64,345,4,1370884,1370946,21,shorter,0,0,0
_GetDosSelector_,1370948,1371120,172,345,4,1370948,1370963,7,shorter+unresolved,0,0,1
_GetRealAddress_,1371120,1371248,128,345,4,1371120,1371247,40,shorter,0,0,0
_GetOldProtHandler_,1371248,1371336,88,345,4,1371248,1371333,34,shorter,0,0,0
_GetOldRealHandler_,1371336,1371416,80,345,4,1371336,1371416,25,matches,0,0,0
_SetHandlers_,1371416,1371572,156,345,4,1371416,1371572,49,matches,0,0,0
_LockRegion_,1371572,1371776,204,345,4,1371572,1371763,60,shorter,0,0,0
_GenericNotSupportedA_,1371776,1371788,12,346,5,1371776,1371787,3,shorter,0,0,0
_GenericNotSupportedB_,1371776,1371788,12,346,5,1371776,1371787,3,shorter,0,0,0
_GenericNotSupportedD_,1371776,1371788,12,346,5,1371776,1371787,3,shorter,0,0,0
_GenericNotSupportedE_,1371776,1371788,12,346,5,1371776,1371787,3,shorter,0,0,0
_GenericNotSupportedC_,1371788,1371804,16,346,5,1371788,1371801,3,shorter,0,0,0
_GenericNotSupportedG_,1371804,1371844,40,346,5,1371804,1371844,13,matches,0,0,0
_GenericPortClose_,1371844,1371900,56,346,5,1371844,1371897,23,shorter,0,0,0
_DefaultClearError_,1371900,1371908,8,346,5,1371900,1371908,2,matches,0,0,0
_close_all_ports_,1371908,1371940,32,346,4,1371908,1371940,10,matches,0,0,0
_InitializeDriverFunctions_,1371940,1372180,240,346,4,1371940,1372179,42,shorter,0,0,0
_FreePort_,1372180,1372232,52,346,4,1372180,1372231,22,shorter,0,0,0
_OutOfMemoryPort_,1372232,1372304,72,346,4,1372232,1372301,20,shorter,0,0,0
IsMicroChannel_,1372304,1372640,336,347,4,1372304,1372637,84,shorter+unresolved,0,0,1
WindowsEnhancedMode_,1372640,1372744,104,350,4,1372640,1372742,35,shorter+unresolved,0,0,1
DESQViewRunning_,1372744,1372928,184,350,4,1372744,1372925,56,shorter+unresolved,0,0,2
YieldWindowsTimeSlice_,1372928,1372972,44,350,4,1372928,1372970,16,shorter,0,0,0
YieldDESQViewTimeSlice_,1372972,1373024,52,350,4,1372972,1373014,16,shorter,0,0,0
_DumpChipData_,1373024,1373256,232,351,5,1373024,1373256,88,matches,0,0,0
_DumpAddresses_,1373256,1373396,140,351,5,1373256,1373394,58,shorter,0,0,0
_DumpBuffer_,1373396,1373544,148,351,5,1373396,1373543,57,shorter,0,0,0
_DumpStatusBits_,1373544,1373716,172,351,5,1373544,1373715,62,shorter,0,0,0
_DumpHandshaking_,1373716,1373856,140,351,5,1373716,1373853,48,shorter,0,0,0
_DumpLinks_,1373856,1373940,84,351,5,1373856,1373938,33,shorter,0,0,0
_DumpBufferSpace_,1373940,1374008,68,351,5,1373940,1374007,27,shorter,0,0,0
_DumpIRQData_,1374008,1374340,332,351,5,1374008,1374337,99,shorter,0,0,0
_DumpPortStatusGreenleafFast_,1374340,1374502,162,351,4,1374340,1374502,52,matches,0,0,0
__int23_handler_,1374502,1374651,149,352,5,1374502,1374651,52,matches,0,0,0
__int_ctrl_break_handler_,1374651,1374771,120,352,5,1374651,1374771,37,matches,0,2,0
__DPMI_hosted_,1374771,1374919,148,352,4,1374771,1374919,51,matches+unresolved,0,0,2
__restore_int23_,1374919,1375352,433,352,4,1374919,1375162,65,shorter+unresolved,0,0,3
__restore_int_,1375352,1375357,5,352,5,1375352,1375357,1,matches,1,0,0
__restore_int_ctrl_break_,1375357,1375413,56,352,4,1375162,1375405,65,shorter+unresolved,0,2,3
__grab_int23_,1375413,1375696,283,352,4,1375413,1375696,10,matches+unresolved,0,0,1
__grab_int_ctrl_break_,1375696,1375979,283,352,4,1375696,1375979,10,matches+unresolved,0,0,1
__EnterWVIDEO_,1375979,1376017,38,353,4,1375979,1376017,12,matches,0,0,0
read_,1376017,1376268,251,354,4,1376017,1376268,98,matches,0,0,0
close_,1376268,1376300,32,355,4,1376268,1376300,8,matches,1,0,0
filelength_,1376300,1376361,61,356,4,1376300,1376361,28,matches,0,0,0
write_,1376361,1376830,469,357,4,1376361,1376830,171,matches,0,0,0
_strnicmp_,1376830,1376913,83,359,4,1376830,1376913,43,matches,0,0,0
strnicmp_,1376830,1376913,83,359,4,1376830,1376913,43,matches,0,0,0
setvbuf_,1376913,1378040,1127,360,4,1376913,1377016,38,shorter,0,0,0
_DC_0,1378040,1378057,17,361,4,1378040,1378057,8,matches,0,0,0
_DC_1,1378057,1378069,12,361,4,1378057,1378069,7,matches,0,0,0
_DC_16,1378069,1378100,31,361,4,1378069,1378100,11,matches,0,0,0
_DC_17,1378100,1378120,20,361,4,1378100,1378120,9,matches,0,0,0
_DC_18,1378120,1378151,31,361,4,1378120,1378151,11,matches,0,0,0
_DC_19,1378151,1378171,20,361,4,1378151,1378171,9,matches,0,0,0
_DC_24,1378171,1378200,29,361,4,1378171,1378200,12,matches,0,0,0
_DC_25,1378200,1378218,18,361,4,1378200,1378218,10,matches,0,0,0
_DC_26,1378218,1378247,29,361,4,1378218,1378247,12,matches,0,0,0
_DC_27,1378247,1378265,18,361,4,1378247,1378265,10,matches,0,0,0
_DC_32,1378265,1378285,20,361,4,1378265,1378285,8,matches,0,0,0
_DC_33,1378285,1378300,15,361,4,1378285,1378300,7,matches,0,0,0
_DC_36,1378300,1378322,22,361,4,1378300,1378322,9,matches,0,0,0
_DC_37,1378322,1378339,17,361,4,1378322,1378339,8,matches,0,0,0
_DC_48,1378339,1378372,33,361,4,1378339,1378372,11,matches,0,0,0
_DC_49,1378372,1378394,22,361,4,1378372,1378394,9,matches,0,0,0
_DC_50,1378394,1378427,33,361,4,1378394,1378427,11,matches,0,0,0
_DC_51,1378427,1378449,22,361,4,1378427,1378449,9,matches,0,0,0
_DC_52,1378449,1378486,37,361,4,1378449,1378486,13,matches,0,0,0
_DC_53,1378486,1378512,26,361,4,1378486,1378512,11,matches,0,0,0
_DC_54,1378512,1378549,37,361,4,1378512,1378549,13,matches,0,0,0
_DC_55,1378549,1378575,26,361,4,1378549,1378575,11,matches,0,0,0
_DC_56,1378575,1378610,35,361,4,1378575,1378610,12,matches,0,0,0
_DC_57,1378610,1378634,24,361,4,1378610,1378634,10,matches,0,0,0
_DC_58,1378634,1378669,35,361,4,1378634,1378669,12,matches,0,0,0
_DC_59,1378669,1378693,24,361,4,1378669,1378693,10,matches,0,0,0
_DC_60,1378693,1378732,39,361,4,1378693,1378732,14,matches,0,0,0
_DC_61,1378732,1378760,28,361,4,1378732,1378760,12,matches,0,0,0
_DC_62,1378760,1378799,39,361,4,1378760,1378799,14,matches,0,0,0
_DC_63,1378799,1378827,28,361,4,1378799,1378827,12,matches,0,0,0
_DC_64,1378827,1378872,45,361,4,1378827,1378872,16,matches,0,0,0
_DC_65,1378872,1378912,40,361,4,1378872,1378912,15,matches,0,0,0
_DC_80,1378912,1379001,89,361,4,1378912,1379001,27,matches,0,0,0
_DC_81,1379001,1379079,78,361,4,1379001,1379079,25,matches,0,0,0
_DC_82,1379079,1379168,89,361,4,1379079,1379168,27,matches,0,0,0
_DC_83,1379168,1379246,78,361,4,1379168,1379246,25,matches,0,0,0
_DC_88,1379246,1379333,87,361,4,1379246,1379333,28,matches,0,0,0
_DC_89,1379333,1379409,76,361,4,1379333,1379409,26,matches,0,0,0
_DC_90,1379409,1379496,87,361,4,1379409,1379496,28,matches,0,0,0
_DC_91,1379496,1379572,76,361,4,1379496,1379572,26,matches,0,0,0
_DC_96,1379572,1379620,48,361,4,1379572,1379620,16,matches,0,0,0
_DC_97,1379620,1379663,43,361,4,1379620,1379663,15,matches,0,0,0
_DC_100,1379663,1379713,50,361,4,1379663,1379713,17,matches,0,0,0
_DC_101,1379713,1379758,45,361,4,1379713,1379758,16,matches,0,0,0
_DC_112,1379758,1379849,91,361,4,1379758,1379849,27,matches,0,0,0
_DC_113,1379849,1379929,80,361,4,1379849,1379929,25,matches,0,0,0
_DC_114,1379929,1380020,91,361,4,1379929,1380020,27,matches,0,0,0
_DC_115,1380020,1380100,80,361,4,1380020,1380100,25,matches,0,0,0
_DC_116,1380100,1380195,95,361,4,1380100,1380195,29,matches,0,0,0
_DC_117,1380195,1380279,84,361,4,1380195,1380279,27,matches,0,0,0
_DC_118,1380279,1380374,95,361,4,1380279,1380374,29,matches,0,0,0
_DC_119,1380374,1380458,84,361,4,1380374,1380458,27,matches,0,0,0
_DC_120,1380458,1380551,93,361,4,1380458,1380551,28,matches,0,0,0
_DC_121,1380551,1380633,82,361,4,1380551,1380633,26,matches,0,0,0
_DC_122,1380633,1380726,93,361,4,1380633,1380726,28,matches,0,0,0
_DC_123,1380726,1380808,82,361,4,1380726,1380808,26,matches,0,0,0
_DC_124,1380808,1380905,97,361,4,1380808,1380905,30,matches,0,0,0
_DC_125,1380905,1380991,86,361,4,1380905,1380991,28,matches,0,0,0
_DC_126,1380991,1381088,97,361,4,1380991,1381088,30,matches,0,0,0
_DC_127,1381088,1381174,86,361,4,1381088,1381174,28,matches,0,0,0
_M_0,1381174,1381207,33,361,4,1381174,1381207,11,matches,0,0,0
_M_1,1381207,1381243,36,361,4,1381207,1381243,12,matches,0,0,0
_M_2,1381243,1381287,44,361,4,1381243,1381287,13,matches,0,0,0
_M_3,1381287,1381337,50,361,4,1381287,1381337,15,matches,0,0,0
_M_6,1381337,1381381,44,361,4,1381337,1381381,13,matches,0,0,0
_M_7,1381381,1381431,50,361,4,1381381,1381431,15,matches,0,0,0
_M_8,1381431,1381467,36,361,4,1381431,1381467,11,matches,0,0,0
_M_9,1381467,1381506,39,361,4,1381467,1381506,12,matches,0,0,0
_M_10,1381506,1381552,46,361,4,1381506,1381552,13,matches,0,0,0
_M_11,1381552,1381604,52,361,4,1381552,1381604,15,matches,0,0,0
_M_14,1381604,1381650,46,361,4,1381604,1381650,13,matches,0,0,0
_M_15,1381650,1381702,52,361,4,1381650,1381702,15,matches,0,0,0
_M_16,1381702,1381730,28,361,4,1381702,1381730,10,matches,0,0,0
_M_17,1381730,1381761,31,361,4,1381730,1381761,11,matches,0,0,0
_M_18,1381761,1381794,33,361,4,1381761,1381794,11,matches,0,0,0
_M_19,1381794,1381833,39,361,4,1381794,1381833,13,matches,0,0,0
_M_22,1381833,1381866,33,361,4,1381833,1381866,11,matches,0,0,0
_M_23,1381866,1381905,39,361,4,1381866,1381905,13,matches,0,0,0
_M_24,1381905,1381936,31,361,4,1381905,1381936,10,matches,0,0,0
_M_25,1381936,1381970,34,361,4,1381936,1381970,11,matches,0,0,0
_M_26,1381970,1382005,35,361,4,1381970,1382005,11,matches,0,0,0
_M_27,1382005,1382046,41,361,4,1382005,1382046,13,matches,0,0,0
_M_30,1382046,1382081,35,361,4,1382046,1382081,11,matches,0,0,0
_M_31,1382081,1382122,41,361,4,1382081,1382122,13,matches,0,0,0
_M_32,1382122,1382166,44,361,4,1382122,1382166,12,matches,0,0,0
_M_33,1382166,1382213,47,361,4,1382166,1382213,13,matches,0,0,0
_M_34,1382213,1382271,58,361,4,1382213,1382271,16,matches,0,0,0
_M_35,1382271,1382335,64,361,4,1382271,1382335,18,matches,0,0,0
_M_38,1382335,1382393,58,361,4,1382335,1382393,16,matches,0,0,0
_M_39,1382393,1382457,64,361,4,1382393,1382457,18,matches,0,0,0
_M_40,1382457,1382507,50,361,4,1382457,1382507,14,matches,0,0,0
_M_41,1382507,1382560,53,361,4,1382507,1382560,15,matches,0,0,0
_M_42,1382560,1382620,60,361,4,1382560,1382620,16,matches,0,0,0
_M_43,1382620,1382686,66,361,4,1382620,1382686,18,matches,0,0,0
_M_46,1382686,1382746,60,361,4,1382686,1382746,16,matches,0,0,0
_M_47,1382746,1382812,66,361,4,1382746,1382812,18,matches,0,0,0
_M_48,1382812,1382851,39,361,4,1382812,1382851,11,matches,0,0,0
_M_49,1382851,1382893,42,361,4,1382851,1382893,12,matches,0,0,0
_M_50,1382893,1382940,47,361,4,1382893,1382940,14,matches,0,0,0
_M_51,1382940,1382993,53,361,4,1382940,1382993,16,matches,0,0,0
_M_54,1382993,1383040,47,361,4,1382993,1383040,14,matches,0,0,0
_M_55,1383040,1383093,53,361,4,1383040,1383093,16,matches,0,0,0
_M_56,1383093,1383138,45,361,4,1383093,1383138,13,matches,0,0,0
_M_57,1383138,1383186,48,361,4,1383138,1383186,14,matches,0,0,0
_M_58,1383186,1383235,49,361,4,1383186,1383235,14,matches,0,0,0
_M_59,1383235,1383290,55,361,4,1383235,1383290,16,matches,0,0,0
_M_62,1383290,1383339,49,361,4,1383290,1383339,14,matches,0,0,0
_M_63,1383339,1383394,55,361,4,1383339,1383394,16,matches,0,0,0
_M_64,1383394,1383422,28,361,4,1383394,1383422,10,matches,0,0,0
_M_65,1383422,1383460,38,361,4,1383422,1383460,12,matches,0,0,0
_M_66,1383460,1383493,33,361,4,1383460,1383493,11,matches,0,0,0
_M_67,1383493,1383536,43,361,4,1383493,1383536,13,matches,0,0,0
_M_70,1383536,1383569,33,361,4,1383536,1383569,11,matches,0,0,0
_M_71,1383569,1383612,43,361,4,1383569,1383612,13,matches,0,0,0
_M_72,1383612,1383643,31,361,4,1383612,1383643,10,matches,0,0,0
_M_73,1383643,1383684,41,361,4,1383643,1383684,12,matches,0,0,0
_M_74,1383684,1383718,34,361,4,1383684,1383718,11,matches,0,0,0
_M_75,1383718,1383762,44,361,4,1383718,1383762,13,matches,0,0,0
_M_78,1383762,1383796,34,361,4,1383762,1383796,11,matches,0,0,0
_M_79,1383796,1383840,44,361,4,1383796,1383840,13,matches,0,0,0
_M_96,1383840,1383879,39,361,4,1383840,1383879,11,matches,0,0,0
_M_97,1383879,1383928,49,361,4,1383879,1383928,13,matches,0,0,0
_M_98,1383928,1383975,47,361,4,1383928,1383975,14,matches,0,0,0
_M_99,1383975,1384032,57,361,4,1383975,1384032,16,matches,0,0,0
_M_102,1384032,1384079,47,361,4,1384032,1384079,14,matches,0,0,0
_M_103,1384079,1384136,57,361,4,1384079,1384136,16,matches,0,0,0
_M_104,1384136,1384181,45,361,4,1384136,1384181,13,matches,0,0,0
_M_105,1384181,1384236,55,361,4,1384181,1384236,15,matches,0,0,0
_M_106,1384236,1384284,48,361,4,1384236,1384284,14,matches,0,0,0
_M_107,1384284,1384342,58,361,4,1384284,1384342,16,matches,0,0,0
_M_110,1384342,1384390,48,361,4,1384342,1384390,14,matches,0,0,0
_M_111,1384390,1384448,58,361,4,1384390,1384448,16,matches,0,0,0
_AILSSA_merge,1384448,1384961,513,361,4,1384448,1384961,142,matches+unresolved,0,0,2
_AILSSA_DMA_copy,1384961,1385107,146,361,4,1384961,1385107,53,matches,0,0,0
_AILSSA_flush_buffer,1385107,1385151,44,361,4,1385107,1385151,27,matches,0,0,0
_AILSSA_VMM_lock,1385151,1385198,47,361,4,1385151,1385198,19,matches,0,0,0
OpenOutputBitBuffer_,1385198,1385305,107,362,4,1385198,1385305,39,matches,0,0,0
OpenInputBitBuffer_,1385305,1385412,107,362,4,1385305,1385412,39,matches,0,0,0
CloseOutputBitBuffer_,1385412,1385517,105,362,4,1385412,1385517,41,matches,0,0,0
CloseInputBitBuffer_,1385517,1385561,44,362,4,1385517,1385561,21,matches,0,0,0
BufferOutputBit_,1385561,1385817,256,362,4,1385561,1385817,77,matches,0,0,0
BufferOutputBits_,1385817,1386108,291,362,4,1385817,1386108,86,matches,0,0,0
BufferInputBit_,1386108,1386405,297,362,4,1386108,1386405,91,matches,0,0,0
BufferInputBits_,1386405,1386723,318,362,4,1386405,1386723,96,matches,0,0,0
OpenOutputBitFile_,1386723,1386847,124,362,4,1386723,1386847,43,matches,0,0,0
OpenInputBitFile_,1386847,1386971,124,362,4,1386847,1386971,43,matches,0,0,0
CloseOutputBitFile_,1386971,1387216,245,362,4,1386971,1387216,89,matches,0,0,0
CloseInputBitFile_,1387216,1387270,54,362,4,1387216,1387270,24,matches,0,0,0
OutputBit_,1387270,1387683,413,362,4,1387270,1387683,132,matches,0,0,0
OutputBits_,1387683,1388131,448,362,4,1387683,1388131,141,matches,0,0,0
InputBit_,1388131,1388547,416,362,4,1388131,1388547,134,matches,0,0,0
InputBits_,1388547,1388984,437,362,4,1388547,1388984,139,matches,0,0,0
FilePrintBinary_,1388984,1389083,99,362,4,1388984,1389083,36,matches,0,0,0
calloc_,1389083,1389107,24,363,4,1389083,1389107,10,matches,0,0,0
fatal_error_,1389107,1389193,86,364,4,1389107,1389193,33,matches,0,0,0
abort_,1389193,1389199,6,365,4,1389193,1389199,1,matches,1,0,0
__terminate_,1389199,1389232,33,365,4,1389199,1389217,6,shorter,0,0,0
exit_function_,1389232,1389288,56,366,5,1389232,1389285,17,shorter,0,0,0
hook_break_,1389288,1389508,220,366,5,1389288,1389507,66,shorter,0,0,0
_enhkbd,1389508,1389568,60,366,4,1389508,1389565,17,shorter,0,0,0
keyboard_initialize_,1389568,1389700,132,366,5,1389568,1389700,40,matches,0,0,0
let_dos_break_,1389700,1389740,40,366,5,1389700,1389740,15,matches,0,0,0
_getkey,1389740,1389932,192,366,4,1389740,1389932,51,matches,0,0,0
_gfkbhit,1389932,1390088,156,366,4,1389932,1390086,43,shorter,0,0,0
_kbfetch,1390088,1390240,152,366,4,1390088,1390238,37,shorter,0,0,0
_kbshift,1390240,1390364,124,366,4,1390240,1390362,30,shorter,0,0,0
_breakchk,1390364,1390576,212,366,4,1390364,1390576,60,matches,0,0,0
__disenk,1390576,1390592,16,366,4,1390576,1390585,3,shorter,0,0,0
_asgetdivisor_,1390592,1390742,150,369,4,1390592,1390742,61,matches,0,0,0
__sigabort_,1390742,1390752,10,370,4,1390742,1390752,2,matches,1,0,0
__sigfpe_handler_,1390752,1390805,53,370,4,1390752,1390805,20,matches,0,0,0
signal_,1390805,1390986,181,370,4,1390805,1390842,12,shorter+unresolved,0,0,1
raise_,1390986,1391180,194,370,4,1390986,1391180,58,matches+unresolved,0,0,2
_chain_intr_,1391180,1391205,25,371,4,1391180,1391205,16,matches,0,0,0
__setenvp_,1391205,1391420,215,372,4,1391205,1391417,81,shorter,0,0,0
_gf_kbd_status,1391420,1391449,29,373,4,1391420,1391449,13,matches,0,0,0
_kbd_int_handler,1391449,1391464,15,373,4,1391449,1391464,9,matches,0,0,0
__grab_fpe_,1391464,1391469,5,374,4,1391464,1391469,1,matches,1,0,0
__GrabFP87_,1391469,1391518,49,375,4,1391469,1391478,3,shorter+unresolved,0,0,1
__Init_FPE_handler_,1391518,1391611,93,376,4,1391518,1391525,1,shorter+unresolved,0,0,1
__Fini_FPE_handler_,1391611,1391704,93,376,4,1391611,1391618,1,shorter+unresolved,0,0,1
__Enable_FPE_,1391704,1391725,21,377,4,1391704,1391725,8,matches,0,0,0
__FPEHandler_,1391725,1391738,13,377,4,1391725,1391738,7,matches,1,0,0
__FPE2Handler_,1391738,1392000,262,377,4,1391738,1392000,96,matches+unresolved,0,0,1
anon_call_00153D80,1392000,1392141,141,-1,4,1392000,1392141,50,matches,0,0,0
anon_call_00153E0D,1392141,1392223,82,-1,4,1392141,1392223,26,matches,0,0,0
anon_call_00153E5F,1392223,1392261,38,-1,4,1392223,1392261,12,matches,0,0,0
anon_call_00153E85,1392261,1392298,37,-1,4,1392261,1392298,19,matches,0,0,0
anon_call_00153EAA,1392298,1392312,14,-1,4,1392298,1392312,6,matches,0,0,0
__Phar_hook_init_,1392312,1392507,195,378,4,1392312,1392507,61,matches,0,0,0
__Phar_hook_fini_,1392507,1392552,45,378,4,1392507,1392552,13,matches,0,0,0
__DOS4G_hook_init_,1392552,1392597,45,379,4,1392552,1392597,14,matches,0,0,0
__DOS4G_hook_fini_,1392597,1392622,25,379,4,1392597,1392622,8,matches,0,0,0
__Ergo_hook_init_,1392622,1392684,62,380,4,1392622,1392684,18,matches,0,0,0
__Ergo_hook_fini_,1392684,1392710,26,380,4,1392684,1392709,8,shorter,0,0,0
__Intel_hook_init_,1392710,1392798,88,381,4,1392710,1392798,21,matches,0,0,0
__Intel_hook_fini_,1392798,1392800,2,381,4,1392798,1392799,1,shorter,0,0,0
__save_8087_,1392800,1392805,5,384,5,1392800,1392805,3,matches,0,0,0
__rest_8087_,1392805,1392809,4,384,5,1392805,1392809,3,matches,0,0,0
__init_8087_,1392809,1392858,49,384,4,1392809,1392858,14,matches,0,0,0
_fpreset_,1392858,1392868,10,384,4,1392858,1392868,3,matches,1,0,0
__chk8087_,1392868,1392942,74,384,4,1392868,1392942,25,matches,0,0,0
_do_nothing_,1392942,1392944,2,385,5,1392942,1392943,1,shorter,0,0,0
__init_80x87,1392944,1393312,368,387,4,1392944,1392983,18,shorter,0,0,0
anon_call_001542A0,1393312,1394064,752,-1,4,1393312,1394052,233,shorter,0,0,0
anon_call_00154590,1394064,1394176,112,-1,4,1394064,1394172,34,shorter,0,0,0
anon_call_00154600,1394176,1394320,144,-1,4,1394176,1394309,41,shorter,0,0,0
_SmackGetSizeTables,1394320,1394336,16,327,4,1394320,1394326,2,shorter,0,0,0
_SmackDoTables,1394336,1395168,832,327,4,1394336,1394445,31,shorter+unresolved,0,0,1
anon_call_001549E0,1395168,1395216,48,-1,4,1395168,1395216,19,matches,0,0,0
anon_call_00154A10,1395216,1405728,10512,-1,4,1395216,1395264,18,shorter,0,0,0
_Unsmack,1405728,1406704,976,327,4,1405728,1405988,54,shorter+unresolved,0,0,2
_SmackDoPCM,1406704,1408800,2096,327,4,1406704,1408792,574,shorter,0,0,0
_SmackGetSizeDeltas,1408800,1408832,32,327,4,1408800,1408823,13,shorter,0,0,0
_SmackGetRect,1408832,1409120,288,327,4,1408832,1409105,95,shorter,0,0,0
_SmackRemapTables,1409120,1409328,208,327,4,1409120,1409327,80,shorter,0,0,0
__SegmentStartRR16,1409328,1409329,1,348,4,1409328,1409328,0,no_entry_decode,0,0,1
__IrqDataArrayRR16,1409329,1409949,620,348,4,1409329,1409329,0,no_entry_decode,0,0,1
__VideoBasePD16,1409949,1410137,188,348,4,1409949,1409949,0,no_entry_decode,0,0,1
__asi_kill_time_real,1410137,1410138,1,348,4,1410137,1410138,1,matches,0,0,0
__GreenleafFastRealIsr,1410138,1410242,104,348,4,1410138,1410205,26,shorter+unresolved,0,0,3
__irq_real_stub_0_RR16,1410242,1410248,6,348,4,1410242,1410248,2,matches,1,0,0
__irq_real_stub_1_RR16,1410248,1410254,6,348,4,1410248,1410254,2,matches,1,0,0
__irq_real_stub_2_RR16,1410254,1410260,6,348,4,1410254,1410260,2,matches,1,0,0
__irq_real_stub_3_RR16,1410260,1410266,6,348,4,1410260,1410266,2,matches,1,0,0
__irq_real_stub_4_RR16,1410266,1410272,6,348,4,1410266,1410272,2,matches,1,0,0
__irq_real_stub_5_RR16,1410272,1410278,6,348,4,1410272,1410278,2,matches,1,0,0
__irq_real_stub_6_RR16,1410278,1410284,6,348,4,1410278,1410284,2,matches,1,0,0
__irq_real_stub_7_RR16,1410284,1410290,6,348,4,1410284,1410290,2,matches,1,0,0
__irq_real_stub_8_RR16,1410290,1410296,6,348,4,1410290,1410296,2,matches,1,0,0
__irq_real_stub_9_RR16,1410296,1410302,6,348,4,1410296,1410302,2,matches,1,0,0
__RealDispatcherRR16,1410302,1410363,61,348,4,1410302,1410363,34,matches+unresolved,0,0,1
__RealIret,1410363,1410364,1,348,4,1410363,1410364,1,matches,0,0,0
__SegmentEndRR16,1410364,1410368,4,348,4,1410364,1410366,1,shorter+unresolved,0,0,1
__SegmentStartPC32,1410368,1410369,1,349,4,1410368,1410368,0,no_entry_decode,0,0,1
__assti,1410369,1410373,4,343,4,1410369,1410373,3,matches,0,0,0
__ascli,1410373,1410377,4,343,4,1410373,1410377,3,matches,0,0,0
__asinb,1410377,1410400,23,343,4,1410377,1410400,8,matches,0,0,0
__asoutb,1410400,1410423,23,343,4,1410400,1410423,8,matches,0,0,0
__GreenleafFastIsr,1410423,1410537,114,349,4,1410423,1410537,42,matches,0,0,0
__prot_dispatcher,1410537,1410614,77,349,4,1410537,1410614,40,matches,0,0,0
__prot_irq_stub_0_PC32,1410614,1410622,8,349,4,1410614,1410622,3,matches,1,0,0
__prot_irq_stub_1_PC32,1410622,1410630,8,349,4,1410622,1410630,3,matches,1,0,0
__prot_irq_stub_2_PC32,1410630,1410638,8,349,4,1410630,1410638,3,matches,1,0,0
__prot_irq_stub_3_PC32,1410638,1410646,8,349,4,1410638,1410646,3,matches,1,0,0
__prot_irq_stub_4_PC32,1410646,1410654,8,349,4,1410646,1410654,3,matches,1,0,0
__prot_irq_stub_5_PC32,1410654,1410662,8,349,4,1410654,1410662,3,matches,1,0,0
__prot_irq_stub_6_PC32,1410662,1410673,11,349,4,1410662,1410673,3,matches,1,0,0
__prot_irq_stub_7_PC32,1410673,1410684,11,349,4,1410673,1410684,3,matches,1,0,0
__prot_irq_stub_8_PC32,1410684,1410695,11,349,4,1410684,1410695,3,matches,1,0,0
__prot_irq_stub_9_PC32,1410695,1410706,11,349,4,1410695,1410706,3,matches,1,0,0
__asi_kill_time,1410706,1410707,1,367,4,1410706,1410707,1,matches,0,0,0
__foo,1410707,1410708,1,368,4,1410707,1410708,1,matches,0,0,0
__SegmentEndPC32,1410708,1410709,1,349,4,1410708,1410708,0,no_entry_decode,0,0,1
