name,offset,inferred_end,inferred_size,module_index,kind
___begtext,3,16,13,133,4
_main_palette_player_colors,16,24,8,0,4
main_,24,87,63,0,4
main2_,87,1179,1092,1,4
Screen_Control_,1179,1917,738,1,4
_TOGGLE_PAGES_,1917,1927,10,1,4
Set_Refresh_,1927,1967,40,1,4
Get_Auto_Function_,1967,1978,11,1,4
Put_Auto_Function_,1978,1986,8,1,4
Execute_Auto_Function_,1986,1994,8,1,4
Set_Game_Random_Seed_,1994,2022,28,1,4
Check_Command_Line_Parameters_,2022,2574,552,1,4
Get_Value_From_String_,2574,2674,100,1,5
Set_Mox_Alt_Path_,2674,3119,445,1,4
Set_Mox_Language_,3119,3238,119,1,4
Load_Mox_Global_Strings_,3238,3253,15,1,4
Allocate_Data_Space_,3253,3631,378,2,4
Load_Game_,3631,5643,2012,3,4
Save_Game_,5643,7140,1497,3,4
Save_Game_Settings_,7140,7225,85,3,4
Load_Game_Settings_,7225,7299,74,3,4
Get_Saved_Game_Descriptions_,7299,7684,385,3,4
Check_Magic_Number_,7684,7766,82,3,4
Get_Star_Date_From_Save_File_,7766,7845,79,3,4
Magic_Number_Ok_,7845,7854,9,3,4
Read_Settings_From_Save_File_,7854,7952,98,3,4
Save_Moo_Custom_Player_Data_,7952,7953,1,3,4
Save_Out_Settings_To_Temp_File_,7953,8140,187,3,4
Get_Game_Type_From_Saved_Game_,8140,8237,97,3,4
Read_Moo_Custom_Player_Data_,8237,8240,3,3,4
Save_Session_Related_Settings_,8240,8442,202,3,4
Copy_Over_Game_Universe_Settings_,8442,8565,123,3,5
Make_Autosave_File_Name_,8565,8688,123,3,4
Get_Multi_Player_N_Humans_,8688,8743,55,3,5
Update_Game_Settings_Version_Number_,8743,8808,65,3,4
Init_Ships_Array_,8808,8908,100,4,5
Make_System_Monsters_Into_Ships_,8908,9166,258,4,5
Set_Initial_Colony_Auto_Selects_,9166,9242,76,4,5
Init_Colonies_Array_,9242,9337,95,4,5
Init_New_Game_,9337,10138,801,4,4
Init_New_Session_,10138,10143,5,4,4
Set_Defaults_,10143,10209,66,4,4
Set_Default_Game_Settings_,10209,10551,342,4,4
Write_Game_Settings_,10551,10627,76,4,4
Init_Players_,10627,11637,1010,4,4
Init_Colony_,11637,11784,147,4,4
Test_Create_Ship_,11784,12414,630,4,4
Init_Officers_,12414,12415,1,4,4
Init_Leaders_,12415,12660,245,4,4
Load_Pictures_,12660,12738,78,5,4
Load_Main_Screen_Pictures_,12738,13906,1168,5,5
Load_Player_Special_Names_,13906,14003,97,5,4
Next_Turn_Calc_,14003,14370,367,6,4
Do_Autosave_,14370,14448,78,6,4
Next_Turn_,14448,14824,376,6,4
Get_Winner_,14824,14909,85,6,5
Init_Homeworld_Colony2_,14909,16295,1386,7,4
Init_Homeworld_Colony_,16295,16311,16,7,4
Init_Advanced_Civilization_Fleet_,16311,16312,1,7,4
Init_Non_Homeworld_Colony_,16312,16345,33,7,4
Add_Building_,16345,17898,1553,7,4
Remove_Building_,17898,18391,493,7,4
Mox_Play_Sound_,18391,18407,16,7,4
Calc_Ship_Level_,18407,18554,147,7,4
Do_Academy_At_Location_Check_,18554,18709,155,7,4
Best_Instructor_Bonus_,18709,18901,192,7,4
Do_XP_For_Ship_,18901,18983,82,7,4
Do_All_Ships_XP_Check_,18983,19080,97,7,4
_rifles,19080,19098,18,8,4
_personal_shields,19098,19104,6,8,4
_planetary_shields,19104,19116,12,8,4
Main_Antaran_Room_Screen_,19116,19453,337,9,4
Draw_Main_Antaran_Room_Screen_,19453,19587,134,9,4
Reload_Main_Antaran_Room_Screen_,19587,19836,249,9,4
Get_Antaran_Room_Message_,19836,19937,101,9,4
Check_Show_Main_Antaran_Room_Screen_,19937,19959,22,9,4
Play_Cinematic_,19959,20613,654,10,4
Smack_Fade_,20613,20709,96,10,4
Draw_Smack_Screen_,20709,20731,22,10,4
Race_Customization_,20731,21049,318,11,4
Main_Council_Screen_,21049,21408,359,12,4
Control_Main_Council_Screen_,21408,21537,129,12,4
Draw_Main_Council_Screen_,21537,22228,691,12,4
Reload_Main_Council_Screen_,22228,23440,1212,12,4
Calc_Council_Vote_,23440,23529,89,12,4
Get_Council_Message_,23529,23984,455,12,4
Next_Council_State_,23984,24056,72,12,4
Council_Finished_Voting_,24056,24252,196,12,4
Council_Votes_,24252,24609,357,12,4
Vote_Check_,24609,25060,451,12,4
Council_Vote_Result_,25060,25404,344,12,4
Council_Player_Vote_,25404,26123,719,12,4
Council_Accept_Ruling_,26123,26799,676,12,4
Check_For_Council_Meeting_,26799,26970,171,12,4
Load_Council_Text_Messages_,26970,27081,111,12,4
Council_Player_Voted_Winner_,27081,27199,118,12,4
Drive_Council_Player_Voted_Winner_,27199,27346,147,12,4
Draw_Council_Player_Voted_Winner_,27346,27644,298,12,4
Get_Player_Voted_Winner_Message_,27644,27726,82,12,4
Diplomacy_Screen_,27726,28416,690,14,4
Draw_Diplomacy_Screen_,28416,29223,807,14,4
Draw_Diplomacy_Synch_Mode_,28416,29223,807,14,4
Get_Main_Repulsive_Diplomacy_Choices_,29223,30092,869,14,4
Get_Main_Diplomacy_Choices_,30092,30791,699,14,4
Diplomacy_Set_Main_Options_,30791,31220,429,14,4
Diplomacy_Declare_War_Resolution_,31220,31569,349,14,4
Setup_Back_Page_,31569,31666,97,14,4
Setup_Ambassador_Pic_,31666,31751,85,14,4
Diplomacy_Fade_In_,31751,32029,278,14,4
Draw_Diplomacy_Fade_In_Screen_,32029,32091,62,14,4
Diplomacy_Propose_Treaty_,32091,32980,889,14,4
Diplomacy_Break_Treaty_,32980,33545,565,14,4
Diplomacy_Break_Treaty_Resolution_,33545,34144,599,14,4
Get_Human_Surrender_Message_,34144,34198,54,14,4
Get_Human_Declare_War_Message_,34198,34237,39,14,4
Get_Human_Offer_Gift_Message_,34237,34515,278,14,4
Get_Human_Demand_Message_,34515,34874,359,14,4
Get_Human_Break_Treaty_Message_,34874,35040,166,14,4
Get_Human_Form_Treaty_Message_,35040,35308,268,14,4
Get_Human_Propose_Treaty_Message_,35308,35479,171,14,4
Get_Human_Tech_Exchange_Message_,35479,35554,75,14,4
Get_Human_Tech_Exchange_First_Message_,35554,35623,69,14,4
Get_Human_Tech_Exchange_Accept_Message_,35623,35646,23,14,4
Get_Human_Tech_Exchange_Decline_Message_,35646,35705,59,14,4
Diplomacy_Demand_,35705,38085,2380,14,4
Diplomacy_Offer_Gift_,38085,39193,1108,14,4
Diplomacy_Display_Response_,39193,39319,126,14,4
Diplomacy_Determine_Treaty_Proposal_,39319,39800,481,14,4
Diplomacy_Need_Better_Offer_,39800,40287,487,14,4
Get_Diplomacy_Tech_List_,40287,40424,137,14,4
Diplomacy_Generic_List_,40424,40742,318,14,4
Diplomacy_Generic_Exchange_Tech_List_,40742,41469,727,14,4
Diplomacy_Generic_System_List_,41469,42029,560,14,4
Draw_Diplomacy_Generic_System_List_,42029,42061,32,14,4
Get_Diplomacy_Demand_Treaty_List_,42061,42247,186,14,4
Npc_Display_Diplomacy_Messages_,42247,43966,1719,14,4
Accepted_Npc_Demand_Resolution_,43966,44050,84,14,4
Get_Non_Player_Proposals_,44050,44725,675,14,4
Npc_Give_Gift_,44725,44960,235,14,4
Show_Sneak_Attack_Message_,44960,44966,6,14,4
Npc_Diplomacy_Screen_,44966,45163,197,14,4
Check_Human_Treaty_Proposal_,45163,45479,316,14,4
Get_Human_Treaty_Choice_,45479,45914,435,14,4
Check_Better_Offer_Available_,45914,46005,91,14,4
Get_Human_Demand_Choice_,46005,46215,210,14,4
Diplomacy_Give_In_To_Demand_,46215,46520,305,14,4
Get_Human_Demand_Response_,46520,46884,364,14,4
Get_Human_Gift_Response_,46884,47099,215,14,4
Get_Human_Tech_Exchange_Choice_,47099,47233,134,14,4
Diplomacy_Load_New_Ambassador_,47233,47406,173,14,4
Diplomacy_Mouse_Init_,47406,48475,1069,14,4
Diplomacy_Human_Need_Better_Offer_,48475,50199,1724,14,4
Check_Surrender_System_,50199,50297,98,14,4
Diplomacy_System_Display_,50297,51176,879,14,4
Draw_Diplomacy_System_Display_,51176,51315,139,14,4
Draw_Diplomacy_System_,51315,51417,102,14,4
Draw_Diplomacy_System_Text_,51417,51836,419,14,4
Diplomacy_System_Scan_,51836,52045,209,14,4
Diplomacy_Exchange_Technology_,52045,53169,1124,14,4
Get_Diplomacy_Tech_Exchange_Lists_,53169,53461,292,14,4
Start_Diplomacy_Music_,53461,53496,35,14,4
Diplomacy_Surrender_,53496,53815,319,14,4
Diplomacy_Offer_Money_,53815,54629,814,14,4
Get_Diplomacy_Statement_,54629,56855,2226,14,4
An_,56855,57080,225,14,4
Get_Net_Diplomacy_Choices_,57080,60695,3615,14,4
Diplomacy_Net_Switcheroo_,60695,60828,133,14,4
Diplomacy_Initial_Synch_Up_,60828,60905,77,14,4
Diplomacy_Listen_Mode_,60905,61275,370,14,4
Diplomacy_Chat_,61275,61628,353,14,4
Draw_Diplomacy_Listen_Mode_,61628,61743,115,14,4
Diplomacy_Synch_Mode_,61743,61821,78,14,4
Start_Net_Treaty_,61821,62000,179,14,4
Diplomacy_Receive_Message_,62000,62283,283,14,4
Get_Listen_Mode_Message_,62283,62332,49,14,4
Load_Diplomacy_Text_Messages_,62332,64531,2199,14,4
Setup_Diplomacy_Help_,64531,64774,243,14,4
Setup_Full_Screen_Diplomacy_Help_,64774,64896,122,14,4
Set_Opportunity_Attacks_,64896,65269,373,14,4
Add_Diplomacy_Turn_Summary_Messages_,65269,65517,248,14,4
Resolve_Delayed_Diplomacy_Orders_,65517,65731,214,14,4
Diplomacy_Main_Net_Chat_,65731,65890,159,14,4
Diplomacy_Message_Is_Interactive_,65890,65956,66,14,4
Init_Events_,65956,66041,85,15,4
Reset_Events_,66041,66111,70,15,4
Check_For_Event_Message_,66111,66174,63,15,4
Check_For_Event_,66174,66333,159,15,4
Start_Main_Event_,66333,66507,174,15,4
Load_Event_Picture_,66507,66560,53,15,4
Drive_Event_Screen_,66560,66656,96,15,4
Draw_Event_Screen_,66656,66872,216,15,4
Event_Fade_In_,66872,67234,362,15,4
Event_Twiddle_,67234,70513,3279,15,4
Setup_Next_Event_,70513,72557,2044,15,4
Get_Event_Message_,72557,74301,1744,15,4
Event_Get_Fleet_Strength_,74301,74506,205,15,4
Determine_Event_,74506,77143,2637,15,4
Get_Event_Victim_,77143,77660,517,15,4
Get_Antaran_Victim_,77660,78006,346,15,4
Player_Has_Bad_Event_,78006,78092,86,15,4
Get_Event_Climate_Change_Colony_,78092,78260,168,15,4
Get_Event_Industrial_Accident_Colony_,78260,78430,170,15,4
Get_Event_Mineral_Depletion_Colony_,78430,78523,93,15,4
Get_Event_Mineral_Deposit_Colony_,78523,78636,113,15,4
Event_Monster_Update_,78636,78763,127,15,4
Event_Race_Eliminated_,78763,78776,13,15,4
Event_Orion_Discovered_,78776,78789,13,15,4
Event_Defeat_Antarans_,78789,78802,13,15,4
Event_Surrender_,78802,78822,20,15,4
Event_Rebel_Assimilation_,78822,78842,20,15,4
Event_Check_Hyperspace_Flux_,78842,78878,36,15,4
Event_Check_Space_Anomaly_,78878,78958,80,15,4
Event_Check_Pirate_Activity_,78958,79032,74,15,4
Event_Check_Plague_,79032,79077,45,15,4
Event_Check_Warp_Beast_,79077,79113,36,15,4
Event_Check_Population_Boom_,79113,79158,45,15,4
Event_Check_Comet_,79158,79203,45,15,4
Event_Check_Planet_Warning_,79203,79679,476,15,4
Event_Check_General_Status_,79679,79744,65,15,4
Allocate_Comet_Hit_,79744,79923,179,15,4
Allocate_Industrial_Accident_Hit_,79923,80040,117,15,4
Allocate_Earthquake_Hit_,80040,80264,224,15,4
Find_Nearest_Player_Colony_to_Ship_,80264,80360,96,15,4
Colony_To_Ship_Dist2_,80360,80479,119,15,4
Pick_Completely_Random_Star_,80479,80680,201,15,4
Ship_Size_Points_At_Star_,80680,80740,60,15,4
Colony_Research_Points_,80740,80765,25,15,4
Pick_Random_Player_In_Contact_,80765,80876,111,15,4
Pick_Random_Star_,80876,81057,181,15,4
Pick_Random_Officer_,81057,81133,76,15,4
Pick_Random_Ship_,81133,81220,87,15,4
Pick_Random_Colony_No_Outpost_,81220,81312,92,15,4
Pick_Random_Colony_No_Capitol_,81312,81406,94,15,4
Event_Check_Colony_Researching_,81406,81504,98,15,4
Colony_Has_Event_,81504,81951,447,15,4
Kill_All_Events_At_Colony_,81951,82639,688,15,4
Event_Check_Space_Anomaly_At_Star_,82639,82684,45,15,4
Star_Has_Event_,82684,83087,403,15,4
Event_Pirate_Activity_Strength_,83087,83217,130,15,4
Determine_Lucky_Players_Events_,83217,83396,179,15,4
Update_Lucky_Players_Events_,83396,83453,57,15,4
Jim_Hot_Key_,83453,83575,122,16,4
Play_Streaming_Music_,83575,84017,442,16,4
Stop_Background_Music_,84017,84047,30,16,4
Play_Background_Music_,84047,84237,190,16,4
Fade_Down_Background_Music_,84237,84332,95,16,4
Play_Combat_Music_,84332,84473,141,16,4
Get_Text_Message_,84473,84682,209,16,4
Decode_Text_Message_,84682,85296,614,16,4
Decode_Text_Name_,85296,85324,28,16,4
Decode_Text_Race_,85296,85324,28,16,4
Decode_Text_Race_And_Name_,85296,85324,28,16,4
Decode_Text_Name_And_Stat_,85324,85354,30,16,4
Decode_Text_Name_And_System_,85354,85379,25,16,4
Decode_Text_Name_And_Tech_,85379,85404,25,16,4
Decode_Text_Name_And_Other_Tech_,85404,85445,41,16,4
Decode_Text_Name_Tech_And_Other_Tech_,85445,85488,43,16,4
Decode_Text_Name_And_Name_,85488,85512,24,16,4
Decode_Text_Stat_,85512,85543,31,16,4
Decode_Text_System_,85543,85566,23,16,4
Decode_Text_Field_,85566,85588,22,16,4
Decode_Text_Year_,85588,85619,31,16,4
Decode_Text_Tech_And_Other_Name_,85619,85654,35,16,4
Bill_Picture_To_Mouse_,85654,85715,61,16,4
Draw_Logos_,85715,86415,700,16,4
Logo_Fade_Out_,86415,86511,96,16,4
Slow_Fade_In_,86511,86617,106,16,4
Check_For_Simtex_Logo_,86617,86695,78,16,4
NPC_Diplomacy_,86695,86725,30,17,4
NPC_Tech_Exchange_,86725,86741,16,17,4
NPC_Threats_,86741,87341,600,17,4
NPC_To_NPC_Treaty_Negotiations_,87341,88786,1445,17,4
Honor_Alliances_,88786,89030,244,17,4
Eliminate_NPC_Treaty_Conflicts_,89030,89212,182,17,4
NPC_Diplomacy_Buildup_Penalties_,89212,89585,373,17,4
NPC_Declarations_Of_War_,89585,91914,2329,17,4
NPC_Peace_Negotiations_,91914,92317,403,17,4
NPC_Required_Alliances_,92317,92560,243,17,4
NPC_To_Human_Diplomacy_,92560,93117,557,17,4
Get_Tech_Exchange_Reaction_,93117,93453,336,17,4
compare_tech_,93453,93458,5,17,4
reverse_compare_tech_,93458,93465,7,17,4
Get_Exchange_Tech_List_,93465,94138,673,17,4
Get_Tech_Exchange_Expectation_,94138,94356,218,17,4
Get_Differential_Tech_List_,94356,94735,379,17,4
NPC_Tech_Exchange_Check_,94735,95086,351,17,4
NPC_Good_Proposal_Check_,95086,95495,409,17,4
Clear_Last_Proposal_Turn_,95495,95583,88,17,4
NPC_Message_Rejection_Check_,95583,95974,391,17,4
NPC_Proposal_Rejection_Accept_,95974,96207,233,17,4
NPC_Treaty_Hatred_,96207,96829,622,17,4
NPC_Surrender_Check_,96829,98086,1257,17,4
Does_Ship_Have_Missiles_Incoming_,98086,98207,121,18,4
Safe_To_Fire_Sphere_Weapon_,98207,98664,457,18,4
Ai_Self_Destruct_Check_,98664,99782,1118,18,4
Release_Smallest_Ship_From_Stasis_,99782,99914,132,18,4
Ai_Stasis_Check_,99914,100072,158,18,4
Range_To_XY_,100072,100406,334,18,4
Range_To_Missile_,100406,100442,36,18,4
Range_To_Ship_,100442,100804,362,18,4
Expected_Weapon_Damage_,100804,102062,1258,18,4
Expected_Missile_Damage_,102062,102618,556,18,4
Expected_Beam_Bomb_Damage_,102618,103384,766,18,4
Missile_Overkill_Check_,103384,103552,168,18,4
Check_For_Launched_Fighters_,103552,103647,95,18,4
Is_Ship_Out_Of_Ammo_,103647,103888,241,18,4
Is_Ship_Targeted_By_Missile_,103888,103958,70,18,4
Toggle_Auto_Combat_Flags_,103958,104336,378,18,4
Crystal_Control_,104336,104503,167,18,4
Do_Auto_Ship_Turn_,104503,106267,1764,18,4
Target_Missile_Value_,106267,106821,554,18,4
Select_Missile_To_Target_,106821,107065,244,18,4
Target_Ship_Value_,107065,107626,561,18,4
Select_Ship_To_Target_,107626,107752,126,18,4
Choose_Target_,107752,107845,93,18,4
Combat_Ship_Class_,107845,108413,568,18,4
Evaluate_Possible_Move_,108413,108560,147,18,4
Bring_Weapons_To_Bear_,108560,108965,405,18,4
Auto_Move_Ship_,108965,109817,852,18,4
Get_Current_Ship_Target_,109817,110290,473,18,4
Will_Missile_Do_Damage_,110290,110505,215,18,4
Get_Current_Missile_Target_,110505,110750,245,18,4
Get_Current_Target_,110750,110993,243,18,4
Convert_Ordinal_To_Msl_Type_,110993,111101,108,18,5
Get_Effective_Missile_Strength_,111101,112588,1487,18,4
Average_Missile_Kills_,112588,113123,535,18,4
Get_Effective_Weapon_Damage_,113123,113246,123,18,4
Get_Effective_Beam_Strength_,113246,113414,168,18,4
Get_Total_Hits_,113414,113569,155,18,4
Retreat_Check_,113569,114213,644,18,4
Get_Long_Range_Beam_Strength_,114213,114547,334,18,4
Resolve_Ai_Boarding_,114547,114985,438,18,4
Boarding_Action_Type_,114985,115770,785,18,4
Get_Player_Mode_,115770,116053,283,18,4
Draw_Super_Fast_Screen_,116053,116225,172,19,4
Refresh_Combat_Screen_Full_,116225,116410,185,19,4
Full_Draw_Combat_Screen_,116410,117708,1298,19,4
Draw_Grey_Damage_Bars_,117708,119277,1569,19,4
Draw_Ship_Status_,119277,123597,4320,19,4
Draw_Weapon_Status_Display_,123597,125325,1728,19,4
Draw_Special_Status_Display_,125325,125711,386,19,4
Draw_Blip2_,125711,125826,115,19,4
Draw_Blip3_,125826,126037,211,19,4
Draw_Blip4_,126037,126344,307,19,4
Draw_Blip5_,126344,126801,457,19,4
Draw_Reduced_Map_Box_,126801,127346,545,19,4
Draw_Reduced_Combat_Map_,127346,127874,528,19,4
Draw_Option_Panel_Lights_,127874,128069,195,19,4
Draw_Crew_Level_Stars_,128069,128238,169,19,4
Draw_Main_Combat_Screen_,128238,131170,2932,19,4
Draw_Ship_,131170,132657,1487,19,4
Combat_Draw_View_Ship_,132657,139045,6388,19,4
Detailed_View_Ship_,139045,139843,798,19,4
Draw_Shield_Arcs_,139843,141109,1266,19,4
Draw_Weapon_Arcs_,141109,141732,623,19,4
Relative_Bearing_XY_,141732,141856,124,19,4
Relative_Bearing_,141856,142033,177,19,4
Get_Weapon_Arc_,142033,142118,85,19,4
Draw_Ship_To_Bitmap_,142118,142740,622,19,4
Draw_Retreating_Ship_,142740,143702,962,19,4
Get_Ship_Anim_Dimensions_,143702,143769,67,19,4
Remap_Draw_Ship_Status_,143769,144707,938,19,4
Scroll_Draw_Combat_Screen_,144707,145831,1124,19,4
Ship_Completely_On_Screen_,145831,146201,370,19,4
Ship_On_Screen_,146201,146437,236,19,4
Display_Combat_View_Ship_,146437,146682,245,19,4
Crew_Quality_String_,146682,146883,201,19,4
Plasma_Darken_,146883,147296,413,19,4
Draw_Bombs_,147296,148102,806,19,4
Create_Ship_Darken_Map_,148102,148564,462,19,4
Get_Draw_Ship_Offsets_,148564,148803,239,19,4
Get_Ship_Center_Draw_XY_,148803,148894,91,19,4
Draw_Internals_Display_,148894,149793,899,19,4
Draw_Fake_Combat_Buttons_,149793,150198,405,19,4
Draw_Legal_Boxes_,150198,150594,396,19,4
Move_Options_Background_,150594,151240,646,19,4
Draw_Board_Popup_,151240,151491,251,19,5
Board_Popup_,151491,152145,654,19,4
Apply_Internal_Damage_,152145,153633,1488,20,4
Repair_Combat_Ship_,153633,154682,1049,20,4
Clear_Internal_Space_,154682,154710,28,20,4
Combat_Bonus_,154710,154751,41,20,4
Computer_Bonus_,154751,154797,46,20,4
Crew_Boarding_Combat_Bonus_,154797,154829,32,20,4
Crew_Defensive_Combat_Bonus_,154829,154861,32,20,4
Crew_Offensive_Combat_Bonus_,154861,154893,32,20,4
Defensive_Combat_Bonus_,154893,155148,255,20,4
Get_Fleet_Engineer_Bonus_,155148,155242,94,20,4
Fighter_Pilot_Bonus_,155242,155310,68,20,4
Get_Fleet_Pilot_Bonus_,155310,155402,92,20,4
Set_Combat_Ordnance_Values_,155402,155469,67,20,4
Leader_Ordnance_Bonus_,155469,155518,49,20,4
Get_Fleet_Ordnance_Bonus_,155518,155610,92,20,4
Get_Fleet_Commando_Bonus_,155610,155702,92,20,4
Commando_Bonus_,155702,155770,68,20,4
Engineer_Bonus_,155770,155818,48,20,4
Get_Fleet_Security_Bonus_,155818,155910,92,20,4
Security_Bonus_,155910,155961,51,20,4
Fleet_Defensive_Bonus_,155961,156262,301,20,4
Fleet_Offensive_Bonus_,156262,156561,299,20,4
Heal_System_,156561,156784,223,20,4
Init_Internal_Space_,156784,157359,575,20,4
Kill_Crew_,157359,157405,46,20,4
Offensive_Combat_Bonus_,157405,157565,160,20,4
Helmsman_Bonus_,157565,157614,49,20,4
Weaponry_Bonus_,157614,157663,49,20,4
Galactic_Lore_Bonus_,157663,157712,49,20,4
Select_Internal_,157712,158307,595,20,4
Ship_Specials_Defensive_Bonus_,158307,158534,227,20,4
Ship_Specials_Offensive_Bonus_,158534,158564,30,20,4
Total_Internal_Space_,158564,158690,126,20,4
Max_Total_Internal_Space_,158690,158816,126,20,4
Weapons_Left_,158816,158876,60,20,4
Final_Fire_,158876,159441,565,20,4
Defensive_Fire_Check_,159441,160115,674,20,4
Max_Defensive_Fire_Range_,160115,160340,225,20,4
Get_Combat_Ship_Special_Id_,160340,160445,105,20,4
Init_Boarding_Action_,160445,160520,75,20,4
Resolve_Raid_,160520,163240,2720,20,4
Resolve_Capture_,163240,164626,1386,20,4
Capture_Ship_,164626,165032,406,20,4
Select_Raid_Internal_,165032,165462,430,20,4
Damage_From_Ship_Exploding_,165462,165519,57,20,4
Apply_Combat_Artemis_Net_,165519,165946,427,20,4
Combat_Ship_Done_,165946,165976,30,20,4
Set_Combat_Ship_Done_,165976,166006,30,20,4
Used_Teleporter_,166006,166028,22,20,4
Set_Teleporter_Used_,166028,166050,22,20,4
Already_Boarded_,166050,166072,22,20,4
Set_Boarded_Flag_,166072,166094,22,20,4
Being_Captured_,166094,166119,25,20,4
Set_Capturing_Flag_,166119,166144,25,20,4
Clear_Capturing_Flag_,166144,166174,30,20,4
Retarget_Missiles_Aimed_At_,166174,166266,92,21,4
Is_Combat_Ship_Dead_,166266,166376,110,21,4
Target_Is_Legal_For_Weapon_,166376,166750,374,21,4
Fire_Ship_,166750,168966,2216,21,4
Get_Beam_Range_To_Hit_Bonus_,168966,169012,46,21,4
Get_Beam_Weapon_Modifiers_,169012,169207,195,21,4
Fire_Beam_Weapon_,169207,170373,1166,21,4
Apply_Ship_Damage_,170373,171488,1115,21,4
Facing_Shield_,171488,171541,53,21,4
Destroy_Ship_,171541,171805,264,21,4
Weapon_In_Range_,171805,172217,412,21,4
Apply_Damage_To_Missile_,172217,172354,137,21,4
Does_Combat_Planet_Have_Defenses_,172354,172446,92,21,4
Destroy_Colony_Defense_,172446,172995,549,21,4
Apply_Damage_To_Planet_,172995,173770,775,21,4
Fire_Bomb_,173770,173994,224,21,4
Weapon_Can_Fire_At_Missiles_,173994,174098,104,21,4
Place_Ship_In_Stasis_,174098,174127,29,21,4
Fire_Special_Weapon_,174127,175136,1009,21,4
Fire_Fighter_Bomb_,175136,175447,311,21,4
Fire_Fighter_Beam_,175447,176051,604,21,4
Remove_Stasis_Beam_,176051,176101,50,21,4
Special_Is_On_,176101,176132,31,21,4
Special_Is_Turned_On_,176132,176247,115,21,4
Energy_Absorber_Attack_,176247,176946,699,21,4
Pre_Weapon_Specials_,176946,177133,187,21,4
Draw_Energy_Absorber_,177133,177344,211,21,4
Draw_BHG_,177344,177703,359,21,4
BHG_,177703,178237,534,21,4
_missile_group_offset,178237,178749,512,22,5
_torpedo_group_offset,178749,179005,256,22,5
Missile_Owner_,179005,179024,19,22,4
Missile_Type_,179024,179190,166,22,4
Coord_Movement_,179190,179328,138,22,4
Kill_Missile_,179328,179405,77,22,4
Did_Missile_Hit_,179405,179500,95,22,4
Picture_Count_,179500,179674,174,22,5
Get_Multiple_Torpedo_Coords_,179674,180082,408,22,5
Get_Multiple_Missile_Coords_,180082,180956,874,22,5
Draw_Missile_,180956,181561,605,22,4
Draw_Missile_Status_,181561,182324,763,22,4
Draw_Missiles_,182324,182418,94,22,4
Fire_Missile_,182418,183332,914,22,4
Missile_Coord_Movement_,183332,183410,78,22,4
Missile_Facing_To_XY_,183410,183452,42,22,4
Missile_Facing_,183452,183585,133,22,4
Missile_Speed_,183585,183887,302,22,4
Missile_On_Combat_Screen_,183887,183991,104,22,4
Move_Missile_,183991,184861,870,22,4
Next_Missile_Id_,184861,184921,60,22,4
On_Combat_Screen_,184921,184985,64,22,4
Is_Missile_Target_Alive_,184985,185055,70,22,4
Resolve_Missile_,185055,187279,2224,22,4
Find_Weakest_Shield_,187279,187345,66,22,4
Draw_Fighter_,187345,187864,519,22,4
Retarget_Missile_,187864,188301,437,22,4
Fighter_Ocv_,188301,188384,83,22,4
Missile_Dcv_,188384,188565,181,22,4
Get_Missile_Hits_,188565,188836,271,22,4
Fighter_Combat_SFX_,188836,189795,959,22,4
Ship_Is_In_Stasis_,189795,189820,25,23,4
Ship_In_Black_Hole_,189820,189848,28,23,4
Draw_Teleporting_Ship_,189848,190377,529,23,4
Rotate_Ship_Until_Impact_,190377,190985,608,23,4
Ship_In_Legal_Square_,190985,191141,156,23,4
Test_Move_Until_Impact_,191141,192015,874,23,4
Move_Ship_,192015,194033,2018,23,4
Get_Facing_,194033,194088,55,23,4
Rotate_Ship_,194088,194851,763,23,4
Turn_Cost_,194851,194911,60,23,4
Move_Cost_,194911,195169,258,23,4
Turn_To_Face_,195169,195582,413,23,4
Wait_Until_Net_Opponent_Finished_,195582,195800,218,23,4
Tactical_Combat_Receive_Message_,195800,196010,210,23,4
Message_Box_Titled_,196010,196020,10,24,4
QLoad_Combat_Antaran_Ship_,196020,196338,318,24,4
QLoad_Antaran_Defense_Fleet_,196338,196660,322,24,4
Get_Leader_Combat_Bonuses_,196660,196936,276,24,4
Strategic_Combat_,196936,199722,2786,24,4
Apply_Damage_To_Qship_,199722,199875,153,24,4
Get_Non_Player_Name_,199875,200000,125,24,4
Build_End_Of_Combat_Message_,200000,202447,2447,24,4
Qload_Ships_,202447,204322,1875,24,4
QGet_Hits_Bonus_,204322,204424,102,24,4
QGet_Target_,204424,204576,152,24,4
QGet_Target_SC_,204576,204672,96,24,4
Missile_Attack_,204672,204992,320,24,4
Strat_Bomb_Attack_,204992,205115,123,24,4
Stellar_Converter_Attack_,205115,205147,32,24,4
Draw_Qcombat_,205147,205148,1,24,4
Strat_Special_Attack_,205148,205343,195,24,4
Beam_Attack_,205343,205644,301,24,4
Combat_Satelite_Check_,205644,205681,37,24,4
Get_Colony_Hits_,205681,205814,133,24,4
Resolve_Strat_Colony_Damage_,205814,206206,392,24,4
Strategic_Bombardment_,206206,206459,253,24,4
Bombardment_,206459,206721,262,24,4
Tactical_Bombardment_,206721,207342,621,24,4
Get_Number_Of_Ships_In_Stasis_,207342,207399,57,25,4
Combat_Ship_Is_Functional_,207399,207457,58,25,4
Enemy_Dissipator_Exists_,207457,207551,94,25,4
Ship_Controlled_By_Computer_,207551,207631,80,25,4
Send_Tactical_Combat_Message_,207631,207728,97,25,4
Init_Ship_For_Start_Of_Turn_,207728,208360,632,25,4
Set_Ocv_Dcv_For_All_,208360,208486,126,25,4
Ship_Initiative_Value_,208486,208540,54,25,5
qsort_ship_initiative_,208540,208767,227,25,5
Do_Combat_Turn_,208767,216740,7973,25,4
Seeking_Missiles_,216740,217743,1003,25,4
Calc_Current_Speed_,217743,218203,460,25,4
Check_For_Winner_,218203,218375,172,25,4
Set_Cur_Ship_To_,218375,218532,157,25,4
Next_Ship_,218532,219212,680,25,4
Weapon_Is_On_,219212,219244,32,25,4
Weapon_Is_Off_,219244,219276,32,25,4
Remove_Continuing_Effect_Specials_,219276,219405,129,25,4
Ship_Done_Check_,219405,219492,87,25,4
Retreat_Ship_,219492,219623,131,25,4
Initiate_Boarding_Action_,219623,220839,1216,25,4
Add_Missile_Fields_,220839,221226,387,25,4
Set_Combat_Help_Fields_,221226,222672,1446,25,4
Add_Tactical_Combat_Fields_,222672,224456,1784,25,4
Assign_Combat_Grids_,224456,225090,634,25,4
Assign_Mouse_Images_,225090,226607,1517,25,4
Set_Legal_Moves_,226607,227490,883,25,4
Combat_Screen_,227490,227491,1,26,4
Colony_Has_Defenses_,227491,227580,89,26,4
qsort_ship_array_by_size_,227580,227641,61,26,5
Tactical_Combat_,227641,233183,5542,26,4
qsort_combat_data_by_size_,233183,233212,29,26,5
Ship_Size_In_Squares_,233212,233289,77,26,4
Ship_Can_Deploy_At_,233289,233539,250,26,4
Deploy_Ships_,233539,234664,1125,26,4
Calc_Combat_Shield_Max_,234664,234826,162,26,4
Load_Combat_Ship_,234826,236097,1271,26,4
Scroll_Combat_Screen_,236097,236809,712,26,4
Snap_Center_Combat_Screen_,236809,237265,456,26,4
Ship_Center_Offsets_,237265,237465,200,26,4
Load_Combat_Ship_Palette_,237465,237866,401,26,5
Load_Individual_Ship_Pictures_,237866,238820,954,26,5
Increment_Bhg_,238820,238965,145,26,4
End_Of_Turn_Bookeeping_,238965,239054,89,26,4
Plasma_Web_Damage_,239054,239504,450,26,4
Recharge_Shields_,239504,239748,244,26,4
Type_Of_Space_Station_,239748,239827,79,26,4
Load_Antaran_Planet_,239827,240105,278,26,4
Load_Colony_Defense_,240105,240182,77,26,4
Load_Tactical_Colony_,240182,241690,1508,26,4
Load_Combat_Colony_Picture_,241690,241875,185,26,4
Does_Combat_Ship_Have_Special_,241875,241950,75,26,4
Apply_Bio_Weapon_Penalty_,241950,242052,102,26,4
End_Of_Combat_,242052,244193,2141,26,4
Unload_Combat_Ship_,244193,244693,500,26,4
Load_Combat_Satelite_,244693,248310,3617,26,4
Init_Special_Devices_,248310,248606,296,26,4
Load_Display_Combat_Ship_,248606,249831,1225,26,4
Repair_All_Combat_Ships_,249831,250126,295,26,4
Load_Combat_Antaran_Ship_,250126,250177,51,26,4
Load_Antaran_Defense_Fleet_,250177,250254,77,26,4
Load_Antaran_Star_Fortress_,250254,251790,1536,26,4
Init_Diplomatic_Relations_,251790,252594,804,27,4
End_Of_Turn_Diplomacy_Adjustments_,252594,253291,697,27,4
Diplomacy_Growth_,253291,254901,1610,27,4
Change_Relations_,254901,256515,1614,27,4
Reward_Check_,256515,256774,259,27,4
Determine_Diplomacy_Messages_,256774,258268,1494,27,4
Determine_Bad_Message_,258268,259483,1215,27,4
Sneak_Attack_Or_Declare_War_,259483,259732,249,27,4
Peace_Proposal_,259732,260411,679,27,4
Get_Demands_,260411,261424,1013,27,4
Required_Alliances_,261424,261669,245,27,4
Determine_Good_Message_,261669,262184,515,27,4
Get_War_Count_,262184,262283,99,27,4
Get_Player_Contact_Count_,262283,262351,68,27,4
Fleet_Strength_Comparison_,262351,262500,149,27,4
Tech_Strength_Comparison_,262500,262558,58,27,4
Maintenance_Strength_Comparison_,262558,262602,44,27,4
Unprovoked_Good_Messages_,262602,264231,1629,27,4
Sneak_Attack_War_Check_,264231,264460,229,27,4
Clear_Diplomacy_Messages_,264460,264913,453,27,4
Limit_Treaty_Modifiers_,264913,265046,133,27,4
Save_Last_Diplomacy_Messages_,265046,265047,1,27,4
Determine_First_Contacts_,265047,265644,597,27,4
Modifier_Diplomacy_Adjustments_,265644,266207,563,27,4
Find_Worst_Modifier_,266207,266360,153,27,4
Declare_War_,266360,267150,790,27,4
Break_Treaties_,267150,268123,973,27,4
Break_Research_,268123,268716,593,27,4
Break_Trade_,268716,269314,598,27,4
Break_Tribute_,269314,269774,460,27,4
Fleet_Comparison_,269774,269883,109,27,4
Tech_Comparison_,269883,269976,93,27,4
Population_Comparison_,269976,270095,119,27,4
Total_War_Loss_Comparison_,270095,270309,214,27,4
War_Loss_Comparison_,270309,270409,100,27,4
Start_Tribute_Treaty_,270409,270672,263,27,4
Start_Research_Treaty_,270672,270911,239,27,4
Start_Trade_Treaty_,270911,271150,239,27,4
Start_Treaty_,271150,271555,405,27,4
Adjust_Diplomat_Modifiers_,271555,271611,56,27,4
Declare_Peace_,271611,271874,263,27,4
Diplomacy_Broken_Contacts_,271874,271966,92,27,4
Valid_Treaty_Proposal_,271966,272173,207,27,4
Check_Treaty_Proposal_,272173,274758,2585,27,4
Diplomacy_Test_,274758,275444,686,27,4
Get_Break_Treaty_Message_,275444,275657,213,27,4
Get_Break_Research_Message_,275657,275820,163,27,4
Get_Break_Trade_Message_,275820,275983,163,27,4
Get_Break_Tribute_Treaty_Message_,275983,276156,173,27,4
Get_Declare_War_Message_,276156,276259,103,27,4
Get_Gift_Response_,276259,276953,694,27,4
Get_Demand_Response_,276953,278166,1213,27,4
Get_Player_Diplomacy_Personality_,278166,278235,69,27,4
NPC_Sneak_Attacks_,278235,279713,1478,27,4
Sneak_Attack_Evaluations_,279713,281792,2079,27,4
Set_Demands_,281792,281933,141,27,4
Clear_Threat_Turn_,281933,281984,51,27,4
Get_Design_Combat_Bonuses_,281984,282203,219,28,4
Get_Ship_Combat_Bonuses_,282203,282559,356,28,4
Init_Ship_Designs_,282559,282956,397,28,4
Load_Antaran_Ship_Design_,282956,282977,21,28,4
Load_Small_Antaran_Combat_Ship_,282977,283492,515,28,4
Load_Small_Antaran_Design_,283492,283692,200,28,4
Load_Medium_Antaran_Combat_Ship_,283692,284253,561,28,4
Load_Medium_Antaran_Design_,284253,284472,219,28,4
Load_Large_Antaran_Combat_Ship_,284472,285148,676,28,4
Load_Large_Antaran_Design_,285148,285458,310,28,4
Load_Huge_Antaran_Combat_Ship_,285458,286230,772,28,4
Load_Huge_Antaran_Design_,286230,286567,337,28,4
Load_Titan_Antaran_Combat_Ship_,286567,287446,879,28,4
Load_Titan_Antaran_Design_,287446,287840,394,28,4
Load_Doom_Star_Ship_Design_,287840,287876,36,28,4
Update_Ship_Names_To_New_Language_,287876,287949,73,28,4
Load_Colony_Ship_Design_,287949,288134,185,28,4
Load_Outpost_Ship_Design_,288134,288318,184,28,4
Load_Transport_Ship_Design_,288318,288550,232,28,4
Best_Warp_Drive_,288550,288670,120,28,4
Best_Ship_Shield_,288670,288781,111,28,4
Best_Computer_,288781,288863,82,28,4
Best_Armor_,288863,289003,140,28,4
Best_Beam_Weapon_,289003,289180,177,28,4
Best_Point_Defense_Weapon_,289180,289338,158,28,4
Point_Defense_Damage_Per_Space_,289338,289400,62,28,4
Best_Point_Defense_Weapon_By_Size_,289400,289574,174,28,4
Best_Missile_Weapon_,289574,289786,212,28,4
Best_Missile_Weapon_NT_,289786,289954,168,28,4
Best_Bomb_Weapon_,289954,290106,152,28,4
Best_Strat_Special_Weapon_,290106,290308,202,28,4
Best_Beam_To_Hit_Special_,290308,290418,110,28,4
Best_Beam_Damage_Special_,290418,290544,126,28,4
Best_Beam_Defense_Special_,290544,290670,126,28,4
Best_Missile_Defense_Special_,290670,290796,126,28,4
Best_Missile_Damage_Special_,290796,290930,134,28,4
Best_Shield_Special_,290930,290975,45,28,4
Best_Ship_Fuel_,290975,291090,115,28,4
Update_Player_Ship_Designs_,291090,291223,133,28,4
Update_Equipment_On_Ships_Being_Built_,291223,291499,276,28,4
Update_Automatic_Design_Equipment_,291499,291783,284,28,4
Update_Strategic_Ship_Designs_,291783,292001,218,28,4
Update_Player_Strategic_Ship_Designs_,292001,292198,197,28,4
Cost_Of_Strategic_Design_,292198,292247,49,28,4
Calc_Player_FTL_Speed_,292247,292310,63,28,4
Get_FTL_Speed_,292310,292375,65,28,4
Strat_Beam_Weapon_Count_,292375,292433,58,28,4
Strat_Missile_Weapon_Count_,292433,292445,12,28,4
Strat_Special_Weapon_Count_,292445,292457,12,28,4
Strat_Bomb_Weapon_Count_,292457,292469,12,28,4
Update_Strategic_Design_Weapons_Specials_,292469,292977,508,28,4
Auto_Strategic_Design_Ship_,292977,293195,218,28,4
Update_Strategic_Ship_,293195,293378,183,28,4
Load_Dragon_Ship_Design_,293378,293660,282,28,4
Load_Hydra_Ship_Design_,293660,293899,239,28,4
Load_Amoeba_Ship_Design_,293899,294164,265,28,4
Load_Eel_Ship_Design_,294164,294427,263,28,4
Load_Crystal_Ship_Design_,294427,294700,273,28,4
Load_Guardian_Ship_Design_,294700,295048,348,28,4
Check_For_Auto_Refit_,295048,295157,109,28,4
Repair_Ships_At_Colonies_,295157,295411,254,28,4
Repair_Ship_Full_,295411,295536,125,28,4
Ship_Has_Weapon_,295536,295615,79,28,4
Get_Design_Structure_,295615,295728,113,28,4
Get_Structure_,295728,295815,87,28,4
Get_Ship_Structure_,295815,295973,158,28,4
Get_Ship_Armor_Hits_,295973,296071,98,28,4
Load_Loknar_Ship_Design_,296071,296416,345,28,4
Load_Player_Ship_Palette_,296416,296568,152,29,4
Get_Ship_Id_Picture_Seg_,296568,296599,31,29,4
Get_Ship_Picture_Seg_,296599,296603,4,29,4
Get_Ship_Picture_Segk_,296603,296659,56,29,4
Ken_Defaults_,296659,296660,1,29,4
Ken_Init_,296659,296660,1,29,4
Get_Weighted_Choice_,296660,296779,119,29,4
Get_Weighted_Choice_Long_,296779,296883,104,29,4
Get_Weighted_Best_Choice_,296883,296967,84,29,4
Get_Weighted_Choice_Best_Long_,296967,297043,76,29,4
Get_Derelict_Applications_,297043,297430,387,29,4
Init_NPC_Personalities_Objectives_Themes_,297430,298782,1352,29,4
Ken_Get_Text_Message_,298782,298826,44,29,4
Player_Score_Modifier_,298826,298947,121,30,4
Reload_Racial_Option_Screen_,298947,299091,144,30,4
Calculate_Picks_,299091,299269,178,30,4
Draw_Race_Option_Background_,299269,300709,1440,30,4
Draw_Racial_Option_Screen_,300709,303009,2300,30,4
Set_Race_Option_Help_List_,303009,304060,1051,30,4
Racial_Option_Screen_,304060,305876,1816,30,4
Add_Race_Options_Fields_,305876,306583,707,30,4
Convert_Player_To_Flags_,306583,306744,161,30,4
Convert_Flags_To_Player_,306744,306932,188,30,4
Reload_Option_Strings_,306932,307049,117,30,4
Real_Ability_Cost_,307049,307370,321,30,4
Setup_Evolutionary_Upgrade_,307370,307530,160,30,4
Add_Race_Options_Fields_EM_,307530,308415,885,30,4
Calculate_EM_Picks_,308415,308429,14,30,4
Convert_Player_To_Flags_EM_,308429,308645,216,30,4
Convert_Flags_To_Player_EM_,308645,308809,164,30,4
Evolutionary_Mutation_Screen_,308809,310308,1499,30,4
Convert_Custom_Race_Flags_,310308,310388,80,31,4
Reload_Race_Selection_Screen_,310388,310679,291,31,4
Draw_Race_Selection_Screen_,310679,311822,1143,31,4
Message_Build_,311822,311899,77,31,4
Set_Race_Select_Help_,311899,312592,693,31,4
Race_Selection_Screen_,312592,315191,2599,31,4
Draw_Flag_Screen_,315191,315391,200,31,4
Set_Flag_Screen_Help_,315391,315452,61,31,4
Flag_Screen_,315452,316019,567,31,4
Draw_Naming_Popup_,316019,316091,72,31,4
Naming_Popup_,316091,316307,216,31,4
Ship_Has_Special_,316307,316379,72,32,4
Ship_Has_Stealth_Device_,316379,316446,67,32,4
Find_Ship_Stacks_,316446,316952,506,32,4
Ken_Test_,316952,317065,113,32,4
Split_Stack_,317065,317564,499,32,4
Set_Stack_Location_,317564,317623,59,32,4
Set_Stack_XY_,317623,317698,75,32,4
Update_Ship_Stack_,317698,317779,81,32,4
Remove_Non_Detected_Ships_,317779,318852,1073,32,4
Delete_Ship_Stack_,318852,318889,37,32,4
Delete_Ship_Node_,318889,318944,55,32,4
Sort_Ships_In_Stack_,318944,319049,105,32,5
Build_Ship_Type_Array_,319049,319229,180,32,5
qsort_ships_by_type_,319229,319242,13,32,5
Load_Tech_Names_,319242,319971,729,33,4
Init_Tech_,319971,320511,540,33,4
At_Least_One_App_Researchable_,320511,320641,130,33,4
Tech_Is_Legal_For_Player_,320641,320863,222,33,4
Init_Player_Tech_,320863,322281,1418,33,4
Base_Generic_Dcv_,322281,322361,80,34,4
Base_Generic_Ocv_,322361,322418,57,34,4
Satelite_Strength_Vs_Ships_,322418,323111,693,34,4
Modified_Weapon_Strength_,323111,323284,173,34,4
Strength_Hits_Modifier_,323284,323337,53,34,4
Ship_Strength_Vs_Ships_In_Nebula_,323337,323351,14,34,4
Ship_Strength_Vs_Ships_,323351,323403,52,34,4
Ship_Strength_Vs_Shield_,323403,324291,888,34,4
Current_Ship_Hits_,324291,324342,51,34,4
Max_Ship_Hits_,324342,324473,131,34,4
Ship_Strength_Vs_Planetary_Shield_,324473,324900,427,34,4
Missile_Base_Strength_,324900,325027,127,34,4
Phasor_Base_Strength_,325027,325196,169,34,4
Fighter_Garrison_Strength_,325196,325447,251,34,4
Colony_Ground_Strength_Vs_Player_,325447,325636,189,34,4
Colony_Space_Strength_Vs_Player_,325636,325745,109,34,4
Get_Best_Ship_Shield_Value_,325745,325841,96,34,4
Get_Competition_Player_Tech_Values_,325841,325927,86,35,4
Human_Player_Best_Weapons_Are_Beams_,325927,325992,65,35,4
Fighters_Available_,325992,326048,56,35,4
Special_Weapons_Available_,326048,326122,74,35,4
Special_Devices_Available_,326122,326279,157,35,4
Get_Ship_Class_,326279,327052,773,35,4
Special_Legal_For_Design_,327052,327188,136,35,4
Add_Specials_To_Design_,327188,327871,683,35,4
Add_Theme_Special_To_Design_,327871,328108,237,35,4
Add_Fighters_To_Design_,328108,328546,438,35,4
Determine_Missile_Weapon_Modifications_,328546,329593,1047,35,4
Add_Missile_Weapon_To_Design_,329593,329903,310,35,4
Determine_Bomb_Weapon_,329903,330333,430,35,4
Add_Bomb_Weapon_To_Design_,330333,330585,252,35,4
Determine_Beam_Weapon_Modifications_,330585,332927,2342,35,4
Add_Beam_Weapon_To_Design_,332927,333477,550,35,4
Auto_Design_Ship_,333477,337354,3877,35,4
Reload_Hotseat_Screen_,337354,337486,132,36,4
Fade_Into_Hotseat_Screen_,337486,337622,136,36,5
Draw_Hotseat_Screen_,337622,337885,263,36,4
Init_Hotseat_Screen_,337885,338146,261,36,5
Hotseat_Screen_,338146,338871,725,36,4
Num_Adv_Civ_Planets_,338871,338913,42,37,5
qsort_planet_worth_,338913,338922,9,37,5
Build_Parsec_Star_Distances_,338922,339056,134,37,5
Advanced_Civilization_Colonies_,339056,339608,552,37,4
Build_Adv_Civ_Star_List_,339608,340021,413,37,5
Build_Adv_Civ_Planet_List_,340021,340310,289,37,5
Get_Worth_For_All_Planets_,340310,340569,259,37,5
Get_Adv_Civ_Planet_Worthiness_,340569,340754,185,37,5
Proximity_Bonus_,340754,340990,236,37,5
Player_Has_Colony_At_Star_,340990,341020,30,37,5
Get_Next_Adv_Civ_Planet_,341020,341367,347,37,5
Choose_Adv_Civ_Planets_,341367,342088,721,37,5
Assign_Advanced_Civilization_Starting_Ships_,342088,342112,24,37,4
List_Of_Other_Players_With_Same_Planet_,342112,342113,1,37,5
Get_Saved_Planet_Worth_,342113,342185,72,37,5
Twiddle_Selected_Adv_Civ_Planets_,342185,342874,689,37,5
Init_Adv_Civ_Homeworlds_,342874,342927,53,37,5
Twiddle_Planet_,342927,343200,273,37,5
Get_Players_Planet_Worthiness_Average_,343200,343306,106,37,5
Write_Adv_Civ_Planet_Info_,343306,343442,136,37,5
Antaran_Invasion_Check_,343442,343514,72,38,4
Antaran_Defensive_Force_,343514,343558,44,38,5
Antaran_Defensive_Resource_Bonus_,343558,343593,35,38,5
Antaran_Offensive_Resource_Bonus_,343593,343628,35,38,5
Antaran_Delay_,343628,343667,39,38,5
Antaran_Offensive_Force_,343667,343710,43,38,5
Antaran_Total_Resources_,343710,343773,63,38,5
Antarans_Should_Attack_,343773,343964,191,38,5
Build_Antaran_Defensive_Ships_,343964,344011,47,38,5
Build_Antaran_Offensive_Ships_,344011,344048,37,38,5
Build_Antaran_Ships_,344048,344849,801,38,5
Build_List_Of_Stars_By_Player_,344849,344981,132,38,5
Delta_Stardate_,344981,344992,11,38,4
Deploy_Antaran_Ships_,344992,345508,516,38,5
Get_Antaran_Target_Star_,345508,345580,72,38,5
Increment_Antaran_Resource_Level_,345580,345789,209,38,5
Antaran_Defensive_Force_At_Maximum_,345789,345849,60,38,5
Kill_Antaran_Defensive_Ship_,345849,345931,82,38,4
Kill_Antaran_Offensive_Ship_,345931,345996,65,38,4
Modify_Antaran_Resource_Level_,345996,345997,1,38,4
Next_Antaran_Ship_Size_,345997,346071,74,38,5
No_Small_Ships_After_N_Turns_,346071,346139,68,38,5
No_Medium_Ships_After_N_Turns_,346139,346207,68,38,5
Restock_Antaran_Ship_,346207,346243,36,38,4
__assertha_,346243,346492,249,39,4
hgetch_,346492,346626,134,39,4
Add_Generic_Replacement_Fields_,346626,347028,402,40,5
Add_Replacement_Weapon_Fields_,347028,348808,1780,40,5
Add_Special_System_Fields_,348808,349405,597,40,5
Application_Type_,349405,349418,13,40,4
Clear_Weapon_Replacement_Fields_,349418,349497,79,40,5
Draw_Darkened_Design_Screen_,349497,349580,83,40,5
Draw_Generic_Replacement_Box_Help_,349580,350040,460,40,5
Draw_Generic_Replacement_Box_,350040,350291,251,40,5
Draw_Special_Systems_Replacement_Box_,350291,350499,208,40,5
Draw_Special_Systems_Scroll_Bar_,350499,350763,264,40,4
Draw_Weapons_Arc_Box_,350763,351013,250,40,5
Draw_Weapons_Mod_Box_,351013,351282,269,40,5
Draw_Weapons_Rack_Box_,351282,351482,200,40,5
Draw_Weapons_Replacement_Box_,351482,352051,569,40,5
Draw_Weapons_Scroll_Bar_,352051,352318,267,40,4
Generic_Replacement_Box_,352318,352878,560,40,4
Generic_Replacement_Box_Choices_,352878,353208,330,40,5
Generic_Replacement_Box_Dimensions_,353208,353437,229,40,5
Get_Weapon_Mod_Field_XYs_,353437,353916,479,40,5
Get_Weapons_Box_Base_Dimensions_,353916,354037,121,40,5
Have_Tractor_Beam_Weapon_,354037,354114,77,40,5
Items_Selected_,354114,354188,74,40,5
Mod_Allowed_On_Weapon_Type_,354188,354320,132,40,5
New_Arc_Space_,354320,354416,96,40,5
New_Mod_Space_,354416,354557,141,40,5
Print_Computer_Data_,354557,355564,1007,40,5
Print_Main_Weapon_Box_,355564,357138,1574,40,5
Print_Shield_Data_,357138,358015,877,40,5
Print_Special_System_Data_,358015,359367,1352,40,5
Print_Weapon_Mod_Help_Description_,359367,359631,264,40,5
Print_Weapon_Modification_Message_,359631,360016,385,40,5
Redraw_Main_Design_Screen_To_Background_,360016,360092,76,40,5
Scan_Replacement_Fields_,360092,360284,192,40,5
Set_New_Weapon_Modifications_,360284,360351,67,40,5
Set_Up_Special_System_Scroll_Bar_,360351,360444,93,40,5
Set_Up_Weapon_Display_,360444,360823,379,40,5
Set_Up_Weapon_Scroll_Bar_,360823,361055,232,40,5
Should_Add_Mod_,361055,361101,46,40,5
Space_With_Weapons_,361101,361247,146,40,5
Space_With_Weapon_,361247,361491,244,40,4
Special_System_Choices_,361491,362003,512,40,4
Special_System_Exclusion_,362003,362187,184,40,5
Special_System_Replacement_Box_Dimensions_,362187,362325,138,40,5
Special_Systems_Box_,362325,363837,1512,40,4
System_Added_Cost_And_Space_,363837,364003,166,40,5
Update_Field_Item_Chosen_,364003,364096,93,40,5
Update_Weapon_Modification_Data_,364096,364152,56,40,5
Update_Weapon_Replacement_,364152,364682,530,40,5
Valid_Modifications_,364682,364963,281,40,5
Weapon_Choice_Valid_,364963,365083,120,40,5
Weapon_Choices_,365083,365865,782,40,5
Weapon_Index_,365865,365883,18,40,5
Weapon_Replacement_Help_,365883,365955,72,40,5
Weapons_Replacement_Box_,365955,368175,2220,40,4
Window_Box_,368175,368217,42,40,4
qsort_by_research_cost_,368217,368226,9,40,5
Add_Design_Buttons_,368226,369637,1411,41,4
Add_Size_Button_,369637,369651,14,41,5
Assert_Template_,369651,369670,19,41,4
Bonus_For_Regular_Mods_,369670,370230,560,41,5
Bonus_For_Special_Mods_,370230,370304,74,41,5
Bonus_For_Weapon_Arcs_,370304,370337,33,41,5
Build_Design_Template_,370337,370632,295,41,5
Build_Initial_Design_Template_,370632,371483,851,41,4
Update_N_Weapons_In_Design_,371483,371534,51,41,5
Update_N_Spec_Systems_In_Design_,371534,371610,76,41,5
Check_For_Auto_Repeat_,371610,372030,420,41,5
Has_Damper_Field_,372030,372092,62,41,5
Check_Generic_Replacement_Fields_,372092,372374,282,41,4
Check_Plus_Minus_Buttons_,372374,372635,261,41,4
Check_Special_System_Fields_,372635,372975,340,41,4
Check_Weapon_Fields_,372975,373319,344,41,4
Clear_Design_,373319,373570,251,41,4
Clear_Design_For_Colony_Builds_,373570,373684,114,41,4
Clear_Special_System_Slot_,373684,373800,116,41,4
Clear_Weapon_Slot_,373800,373975,175,41,4
Computer_Cost_,373975,374041,66,41,4
Cost_Given_M_Level_,374041,374135,94,41,4
Cost_Of_Design_,374135,374651,516,41,4
Current_Design_Armor_Absorption_,374651,374735,84,41,5
Current_Design_Combat_Speed_,374735,374783,48,41,5
Current_Design_Has_Special_System_,374783,374826,43,41,5
Current_Design_Min_Combat_Speed_,374826,374858,32,41,5
Current_Design_Max_Combat_Speed_,374858,374890,32,41,5
Current_Design_Base_Combat_Speed_,374890,374994,104,41,5
Current_Design_Shield_,374994,375003,9,41,4
Current_Design_Shield_Cost_,375003,375013,10,41,4
Current_Design_Shield_Space_,375013,375023,10,41,4
Current_Design_Shield_Absorption_,375023,375066,43,41,5
Current_Design_Structural_Points_,375066,375113,47,41,5
Printed_Design_Cost_,375113,375197,84,41,5
Design_Cost_For_Player_,375197,375218,21,41,4
Design_Screen_,375218,376967,1749,41,4
Design_Template_Costs_,376967,377479,512,41,4
Design_Template_Space_Requirements_,377479,377982,503,41,4
Design_Weapon_Damage_String_,377982,378573,591,41,4
Draw_Design_Screen_,378573,378628,55,41,4
Draw_Down_Buttons_,378628,378993,365,41,4
Get_Colony_Handle_,378993,379031,38,41,4
Get_Ship_Design_Name_,379031,379129,98,41,4
Get_Ship_Size_Button_Field_XY_,379129,379277,148,41,5
Load_Design_Screen_Pictures_,379277,380971,1694,41,4
Max_Recharge_Rate_,380971,381000,29,41,4
Miniaturization_Level_,381000,381150,150,41,4
Modify_Weapon_By_Arcs_,381150,381199,49,41,4
N_Weapon_Arcs_,381199,381234,35,41,4
N_Replacements_For_Generic_Item_,381234,381287,53,41,4
Number_Of_Special_Systems_,381287,381329,42,41,4
Number_Of_Weapons_Loaded_,381329,381364,35,41,4
One_Weapon_Space_Without_M_Level_,381364,381596,232,41,4
Print_Current_Design_,381596,385169,3573,41,4
Print_Ship_Size_Error_Message_,385169,385440,271,41,5
Cost_Reduction_For_Govt_Type_,385440,385500,60,41,4
Replacement_Exists_,385500,385600,100,41,4
Set_Flashing_Colors_,385600,385768,168,41,5
Shield_Cost_,385768,385814,46,41,4
Shield_Cost_Given_M_Level_,385814,385897,83,41,4
Shield_Space_,385897,385934,37,41,4
Shield_Space_Given_M_Level_,385934,386003,69,41,4
Shield_Strength_,386003,386094,91,41,5
Space_For_System_Replacement_,386094,386417,323,41,5
Space_For_Weapon_Replacement_,386417,386574,157,41,5
Space_Given_M_Level_,386574,386718,144,41,4
Tech_App_To_Tech_Id_,386718,386826,108,41,4
Tech_Level_,386826,386935,109,41,4
Total_Design_Cost_,386935,387103,168,41,4
Total_Design_Space_,387103,387170,67,41,4
Total_Space_Used_,387170,387290,120,41,4
Update_Calculated_Design_Data_,387290,387656,366,41,4
Update_Player_Design_,387656,388212,556,41,5
Weapon_Cost_,388212,388526,314,41,4
Weapon_Needs_Racks_,388526,388550,24,41,4
One_Weapon_Space_,388550,388750,200,41,4
Weapon_Space_,388750,389099,349,41,4
Weapon_Type_,389099,389112,13,41,4
Weapon_Arc_String_,389112,389247,135,41,4
Weapon_Mod_String_,389247,389404,157,41,4
Miniaturization_Category_,389404,389580,176,41,4
Weapon_Rack_Size_To_Value_,389580,389692,112,41,4
Get_Tech_Description_Lbx_Name_,389692,389760,68,41,5
Set_Main_Screen_Help_List_,389760,390445,685,42,4
Set_PlntSum_Screen_Help_List_,390445,390468,23,42,4
Set_Design_Screen_Help_List_,390468,390593,125,42,4
Set_Weapon_Replacement_Screen_Help_List_,390593,391206,613,42,4
Set_Main_Game_Screen_Help_List_,391206,391227,21,42,4
Set_Scrap_Freighters_Help_List_,391227,391248,21,42,4
Set_Load_Game_Screen_Help_List_,391248,391269,21,42,4
Set_Save_Game_Screen_Help_List_,391269,391290,21,42,4
Set_Options_Game_Screen_Help_List_,391290,391311,21,42,4
Set_Fleet_Screen_Help_List_,391311,391519,208,42,4
Set_ColOff_Screen_Help_List_,391519,391613,94,42,4
Set_ShipOff_Screen_Help_List_,391613,391872,259,42,4
Set_Main_Menu_Screen_Help_List_,391872,391893,21,42,4
Set_Multi_Player_Setup_Screen_Help_List_,391893,391914,21,42,4
Set_Modem_Setup_Screen_Help_List_,391914,391967,53,42,4
Set_Null_Modem_Setup_Screen_Help_List_,391967,392030,63,42,4
Set_Input_Box_Help_List_,392030,392051,21,42,4
Set_Diplomacy_Request_Help_List_,392051,392072,21,42,4
Set_Hotseat_Setup_Screen_Help_List_,392072,392093,21,42,4
Append_Help_List_,392093,392170,77,42,4
Get_Application_Description_,392170,392281,111,42,4
Get_Help_LBX_Message_,392281,392318,37,42,4
Offset_Help_Field_XYs_,392318,392363,45,42,5
Save_Help_List_,392363,392398,35,42,4
Restore_Help_List_,392398,392484,86,42,4
Add_Added_Buttons_,392484,392968,484,43,5
Add_Fleet_Movement_Box_Fields_,392968,393738,770,43,4
At_Least_One_Ship_Of_Type_Selected_,393738,393773,35,43,4
Can_Build_Outpost_,393773,393833,60,43,5
Check_For_Attack_Antares_Button_,393833,393849,16,43,5
Check_For_Build_Outpost_Button_,393849,393868,19,43,5
Check_For_Colonization_Button_,393868,393887,19,43,5
Check_For_Engage_Enemy_Forces_Button_,393887,393906,19,43,5
Check_For_Transport_Troops_Button_,393906,393925,19,43,5
Clear_Ship_Node_Selection_Flags_,393925,393957,32,43,4
Clear_Fleet_Selection_Status_Flags_,393957,393962,5,43,4
Draw_Damage_Bars_,393962,394406,444,43,4
Draw_Large_Fleet_Box_Frame_,394406,394754,348,43,5
Draw_Small_Fleet_Box_Frame_,394754,395147,393,43,5
Draw_Fltpop_Scroll_Bar_,395147,395381,234,43,4
Draw_Fleet_Movement_Box_,395381,397058,1677,43,4
Draw_Fleet_Pop_Added_Buttons_,397058,397467,409,43,5
First_Unselected_Icon_,397467,397720,253,43,4
Fleet_Box_Grid_Height_,397720,397798,78,43,5
Fleet_Box_Height_,397798,398040,242,43,4
Fleet_Box_Width_,398040,398049,9,43,4
Fleet_Buttons_Chosen_,398049,398101,52,43,4
Get_Absolute_Location_Scan_Info_,398101,398239,138,43,5
Get_Fleet_Icon_Button_XY_,398239,398286,47,43,4
Get_Fleetpop_Scanned_Ship_Info_,398286,398437,151,43,4
N_Fleet_Icons_,398437,398497,60,43,4
Planet_Is_Colonizable_,398497,398598,101,43,5
Print_Fleet_Box_Info_,398598,399895,1297,43,5
Reload_Fleet_Box_Data_,399895,399927,32,43,4
Fleet_Box_Data_,399927,400142,215,43,4
Reload_Fleet_Box_Palette_,400142,400156,14,43,4
Reload_Ship_Selection_Status_,400156,400273,117,43,4
Save_Ship_Selection_Status_,400273,400385,112,43,4
Set_Added_Button_Stuff_,400385,400615,230,43,5
Set_Attack_Antares_Button_Flag_,400615,400856,241,43,5
Set_Build_Outpost_Button_Flag_,400856,401205,349,43,5
Set_Colonize_Button_Flag_,401205,401565,360,43,5
Set_Engage_Enemy_Forces_Flag_,401565,401899,334,43,5
Set_Fleet_Box_Data_Dimensions_,401899,402026,127,43,5
Set_Fleet_Movement_Box_Dimensions_,402026,402078,52,43,4
Set_Fleet_Movement_Icon_Selections_,402078,402246,168,43,4
Set_Transport_Troops_Flag_,402246,402639,393,43,5
Ship_Should_Be_Auto_Selected_,402639,402735,96,43,5
Icon_Selection_Status_,402735,402832,97,43,4
Buffer_Reload_Fleetpop_Frame_,402832,402967,135,43,5
Some_Icon_Selected_,402967,403025,58,43,4
Can_Select_Fleet_Box_Ship_,403025,403069,44,43,4
Add_Fleet_Screen_Fields_,403069,404069,1000,44,5
Allocate_Fltscrn_Next_Screen_Seg_,404069,404196,127,44,4
Build_Scrap_List_,404196,404275,79,44,4
Get_Technology_From_Scrapped_Ship_,404275,405089,814,44,4
Get_Scrap_Ship_Value_,405089,405215,126,44,5
Cant_Order_Ship_Message_,405215,405273,58,44,5
Draw_Flashing_Small_Ship_Icon_,405273,405394,121,44,4
Draw_Fleet_Screen_,405394,406230,836,44,4
Draw_Fltscrn_Big_Ship_Icons_,406230,406697,467,44,4
Draw_Box_Around_Scanned_Ship_,406697,406769,72,44,5
Draw_Fltscrn_Ship_Destination_Lines_,406769,407458,689,44,4
Draw_Fltscrn_Small_Ship_Icons_,407458,407667,209,44,4
Fill_FltScrn_Scroll_Bar_,407667,407936,269,44,4
Fleet_Screen_,407936,410829,2893,44,4
Load_Fltscrn_Officer_Picture_,410829,410882,53,44,5
Next_Ship_Icon_,410882,411045,163,44,4
Previous_Ship_Icon_,411045,411210,165,44,4
Reload_Fleet_Screen_,411210,411904,694,44,4
Reload_Fleet_Screen_Galaxy_Stars_,411904,411959,55,44,4
Reload_Small_Ship_Icons_,411959,412144,185,44,4
Scan_Small_Ship_Icons_,412144,412340,196,44,4
Plunder_Ships_For_Tech_,412340,412414,74,44,5
Scrap_Ships_,412414,413188,774,44,4
Set_Fltscrn_Big_Icons_,413188,413258,70,44,4
Update_Selection_Flags_,413258,413400,142,44,4
First_Selected_Ship_,413400,413460,60,44,5
At_Least_One_Officer_,413460,413521,61,44,5
F_Ship_Icon_From_Node_Ptr_,413521,413578,57,44,5
Okay_To_Set_Relocate_From_Star_,413578,413610,32,44,5
Okay_To_Set_Relocate_To_Star_,413610,413749,139,44,5
Okay_To_Set_Relocate_Star_,413749,414080,331,44,5
Star_Relocation_,414080,414251,171,44,5
Cancel_Star_Relocation_,414251,414330,79,44,5
Draw_Fltscrn_Relocation_Lines_,414330,414616,286,44,5
N_Fltscrn_Ships_Selected_,414616,414706,90,44,5
Crew_Description_String_,414706,414812,106,45,4
Add_Fltscrn_Big_Icon_Fields_,414812,415186,374,45,4
Add_Fltscrn_Small_Icon_Fields_,415186,415295,109,45,4
Build_Fltscrn_Big_Icon_Fields_,415295,415746,451,45,4
Move_Ship_To_Front_Of_List_,415746,415837,91,45,5
Build_Fltscrn_Ship_List_,415837,415961,124,45,4
Button_Underneath_,415961,416067,106,45,4
Create_Blank_Fleet_Icon_,416067,416112,45,45,4
Crew_Efficiency_,416112,416153,41,45,4
Crew_Quality_,416153,416211,58,45,4
Defensive_Bonus_,416211,416217,6,45,4
Draw_Captains_Picture_,416217,416607,390,45,4
Fix_Palette_,416607,416640,33,45,4
Fleet_Screen_Big_Icon_Fields_,416640,417096,456,45,4
Fltscrn_Move_Ships_,417096,417512,416,45,4
Fltscrn_Ships_To_Be_Displayed_,417512,417657,145,45,4
Get_2_Selected_Fields_,417657,417762,105,45,4
Get_Filter_Button_Status_,417762,417832,70,45,4
Get_Fltscrn_Big_Icon_XY_,417832,417930,98,45,4
Is_Other_Players_Stack_,417930,417972,42,45,4
Max_Crew_,417972,418001,29,45,4
Max_Marines_,418001,418087,86,45,4
Ok_To_Add_Ship_,418087,418213,126,45,5
Print_Fltscrn_Scanned_Star_Name_,418213,419598,1385,45,4
Print_Scanned_Ship_Data_,419598,421666,2068,45,4
Scan_Fltscrn_Big_Icons_,421666,421908,242,45,4
Set_Fleet_Screen_Stack_Owner_,421908,421960,52,45,4
Set_Fltscrn_Small_Ship_Icon_XYs_,421960,422591,631,45,4
Set_Initial_Stack_Pointer_,422591,422596,5,45,4
Set_Small_Ship_Stack_Pointer_,422596,422802,206,45,4
Write_Fltscrn_Big_Icon_Data_,422802,422803,1,45,4
Clear_All_Selection_Status_,422803,422839,36,45,4
Get_Small_Icon_Animation_Size_,422839,422947,108,45,5
Message_Box_,422947,422963,16,46,4
Warning_Box_,422963,422970,7,46,4
Do_Message_Box_,422970,423512,542,46,5
Message_Box_Exploding_,422970,423512,542,46,4
Confirmation_Box_,423512,424032,520,46,4
Confirmation_Box_Exploding_,423512,424032,520,46,4
Do_Confirmation_Box_,423512,424032,520,46,5
Draw_Animating_Message_Box_,424032,424164,132,46,5
Draw_Confirm_Box_,424164,424289,125,46,5
Message_Box_Startup_,424289,424444,155,46,5
Message_Box_Cleanup_,424444,424564,120,46,5
_Print_1_Or_More_Formatted_Lines_Centered_,424564,424663,99,46,4
Print_1_Or_More_Formatted_Lines_Centered_,424663,424678,15,46,4
Design_Name_,424678,424744,66,47,4
Get_Planet_Name_,424744,424770,26,47,4
Get_Planet_Name_No_Prime_,424770,424782,12,47,4
Build_Saved_Ship_Array_,424782,424869,87,47,4
Button_Ship_Node_Ptr_,424869,424881,12,47,4
Clear_All_Star_Relocations_,424881,424945,64,47,4
Clear_Fleet_Box_Selected_Ship_Status_,424945,424967,22,47,4
Clear_Star_Relocation_,424967,424991,24,47,4
Colony_Player_Color_,424991,425014,23,47,4
Colony_Player_Palette_Color_,425014,425049,35,47,4
Design_Armor_,425049,425080,31,47,4
Design_Computer_,425080,425111,31,47,4
Design_Cost_,425111,425142,31,47,4
Design_Drive_,425142,425173,31,47,4
Design_Picture_Num_,425173,425204,31,47,4
Design_Shield_,425204,425235,31,47,4
Current_Design_Size_,425235,425266,31,47,4
Design_Structural_Points_,425266,425321,55,47,4
Design_Weapon_,425321,425358,37,47,4
Design_Weapon_Ammo_,425358,425394,36,47,4
Design_Weapon_Count_,425394,425430,36,47,4
Design_Weapon_Firing_Arc_,425430,425466,36,47,4
Design_Weapon_Specials_,425466,425503,37,47,4
Do_Get_Planet_Name_,425503,425709,206,47,5
Enemy_Ship_Going_To_My_Colony_,425709,425821,112,47,4
Fleet_Movement_Icon_Selected_,425821,425843,22,47,4
Fleet_Movement_Icon_Ship_Stack_,425843,425950,107,47,4
Fleet_Movement_Owner_,425950,425961,11,47,4
Ship_Stack_Owner_,425961,425973,12,47,4
Ship_Owner_,425973,426003,30,47,4
Fleet_Movement_Ship_Id_,426003,426026,23,47,4
Get_Fleet_Box_Selected_Ship_Ids_,426026,426195,169,47,4
Get_Stack_Start_From_Saved_Ship_Array_,426195,426370,175,47,4
Is_Combat_Ship_,426370,426398,28,47,4
Last_Colony_Selected_,426398,426602,204,47,4
N_Colonies_At_Star_,426602,426733,131,47,4
N_Star_Relocations_,426733,426795,62,47,4
Node_Ptr_From_Ship_Id_,426795,426858,63,47,4
Node_Ptr_From_Ship_Stack_,426858,426904,46,47,4
Orion_Owner_,426904,426989,85,47,4
Planet_Orbit_,426989,427009,20,47,4
Planet_Player_Color_,427009,427030,21,47,4
Planet_Player_Palette_Color_,427030,427069,39,47,4
Player_Can_Order_Ship_,427069,427095,26,47,4
Player_Has_Tech_,427095,427127,32,47,4
Race_Name_String_,427127,427168,41,47,4
Race_Name_,427168,427248,80,47,4
Relocation_,427248,427271,23,47,4
Set_All_Colony_Auto_Select_Flags_,427271,427500,229,47,4
Set_All_Star_Relocations_,427500,427563,63,47,4
Set_Colony_Auto_Select_For_Star_,427563,427753,190,47,4
Set_Last_Colony_Selected_,427753,427822,69,47,4
Save_Hotseat_Fleet_Box_Ship_,427822,427888,66,47,4
Set_Hotseat_Fleet_Box_To_Last_Stack_,427888,428010,122,47,4
Set_Relocation_,428010,428032,22,47,4
Ship_Icon_Id_From_Node_Ptr_,428032,428153,121,47,4
Ship_Icon_Owner_,428153,428169,16,47,4
Ship_Icon_Ship_Id_,428169,428194,25,47,4
System_Ship_Scanned_To_Ship_Id_,428194,428206,12,47,4
Ship_Icon_Star_Id_,428206,428247,41,47,4
Ship_Icon_X_,428247,428290,43,47,4
Ship_Icon_Y_,428290,428487,197,47,4
Ship_Player_Palette_Color_,428487,428500,13,47,4
Ship_Stack_From_Saved_Array_,428500,428730,230,47,4
Ship_Stack_From_Ship_Icon_,428730,428814,84,47,4
Ship_Stack_From_Ship_Id_,428814,428947,133,47,4
Ship_Stack_Location_,428947,428978,31,47,4
Ship_Stack_Star_Id_,428947,428978,31,47,4
Ship_Stack_X_,428978,429007,29,47,4
Ship_Stack_Y_,429007,429036,29,47,4
Ship_Status_,429036,429147,111,47,4
Special_Is_Planet_Special_,429147,429183,36,47,4
Stack_Ship_Orbiting_Planet_,429183,429204,21,47,4
Star_Has_Relocation_,429204,429232,28,47,4
Star_Player_Color_,429232,429275,43,47,4
Star_Player_Palette_Color_,429232,429275,43,47,4
System_Planet_Scanned_To_Planet_Id_,429275,429298,23,47,4
System_Ship_Chosen_To_Ship_Icon_Id_,429298,429374,76,47,4
Weapons_Index_From_Tech_App_,429374,429425,51,47,4
Player_Has_Colony_In_System_,429425,429434,9,47,4
Owner_Of_First_Ship_In_Fleet_Box_,429434,429446,12,47,4
Nearest_Star_To_XY_,429446,429575,129,47,4
Absolute_Location_,429575,429613,38,48,4
Actual_Star_Id_,429613,429671,58,48,4
Confirm_Planet_And_Star_Index_Link_,429671,429899,228,48,4
Contact_With_One_Colony_,429899,430008,109,48,4
Contact_With_Player_,430008,430054,46,48,4
Decrement_Zoom_Count_,430054,430081,27,48,4
Empty_System_,430081,430135,54,48,4
Enemy_Has_Colony_At_Star_,430135,430244,109,48,4
Get_Map_Scale_,430244,430392,148,48,4
Get_Player_Font_Colors_,430392,430700,308,48,4
Get_Scaled_Value_,430700,430719,19,48,4
Get_Up_Scaled_Value_,430719,430739,20,48,4
Get_Zoom_Ratio_Value_,430739,430761,22,48,4
Habitable_Spectral_Class_,430761,430787,26,48,4
Harold_Defaults_,430787,431660,873,48,4
Harold_Init_,431660,431726,66,48,4
Has_Colony_,431726,431807,81,48,4
Increment_Zoom_Count_,431807,431842,35,48,4
Increment_Zoom_Count_With_Limit_,431842,431903,61,48,4
Init_Fleet_Movement_Box_,431903,431958,55,48,4
Init_Moving_Boxes_,431958,432093,135,48,4
Init_System_Display_Box_,432093,432189,96,48,4
Inverse_Map_Scale_Ratio_,432189,432250,61,48,4
Is_Colony_Star_,432250,432324,74,48,4
Is_Home_Star_,432324,432338,14,48,4
Galaxy_Size_From_N_Stars_,432338,432407,69,48,4
Map_Scale_To_Zoom_Level_,432407,432505,98,48,4
N_Colony_Owners_,432505,432631,126,48,4
Colony_Owners_,432631,432872,241,48,4
N_Food_Planets_In_System_,432872,432941,69,48,4
N_Planets_In_System_,432941,433011,70,48,4
N_Player_Ships_,433011,433070,59,48,4
N_Satellites_,433070,433119,49,48,4
No_Planets_In_System_,433119,433131,12,48,4
N_Turns_To_Star_,433131,433180,49,48,4
Planet_Data_Screen_,433180,433181,1,48,4
Planet_Has_Outpost_,433181,433236,55,48,4
Planet_Index_,433236,433259,23,48,4
Planet_Number_,433259,433362,103,48,4
Planet_Type_,433362,433401,39,48,4
Player_Has_Artemis_Net_,433401,433436,35,48,4
Player_Has_Colony_,433436,433472,36,48,4
Star_Has_Dimensional_Portal_,433472,433480,8,48,4
Star_Has_Artemis_Net_,433480,433488,8,48,4
Player_Has_Dimensional_Portal_,433488,433512,24,48,4
Player_Has_Jumpgate_,433512,433542,30,48,4
Player_Has_Outpost_,433542,433642,100,48,4
Player_Has_Stargate_,433642,433670,28,48,4
Player_Is_Omniscient_,433670,433714,44,48,4
Player_Has_Visited_,433714,433741,27,48,4
Player_Sighted_Monster_,433741,433805,64,48,4
Players_Home_Star_,433805,433925,120,48,4
Random_With_Restore_,433925,433958,33,48,4
Randomize_List_,433958,434086,128,48,4
Read_Random_Seed_,434086,434139,53,48,4
Set_All_Visited_Flags_,434139,434186,47,48,4
Set_Player_Font_Style_,434186,434284,98,48,4
Set_Sound_Volume_To_Settings_,434284,434393,109,48,4
Star_Id_From_Colony_Id_,434393,434453,60,48,4
Star_Is_Orion_,434453,434483,30,48,4
Star_Is_Outpost_Star_,434483,434600,117,48,4
Star_Owner_,434600,434783,183,48,4
User_Box_,434783,435026,243,48,4
First_Ship_Orbiting_Star_,435026,435057,31,48,4
Star_XY_To_Ship_Id_,435057,435171,114,48,4
XY_To_Star_Id_,435171,435264,93,48,4
Zoom_Level_Font_Style_,435264,435322,58,48,4
Star_Guarded_By_Monster_,435322,435491,169,48,4
At_Least_One_Ship_At_Location_,435491,435535,44,48,4
Get_N_Remaining_Humans_,435535,435590,55,48,4
Get_Picture_Actual_Size_,435590,435703,113,48,4
Draw_Multi_Colored_Box_,435703,436117,414,48,4
Save_Mouse_List_,436117,436175,58,48,4
Restore_Mouse_List_,436175,436204,29,48,4
Clear_Saved_Mouse_List_,436204,436214,10,48,4
Was_Mouse_List_Saved_,436214,436225,11,48,4
Read_Windows_Cmdline_File_,436225,436246,21,48,4
Load_H_Strings_,436246,436624,378,48,4
H_Message_,436624,436657,33,48,4
Reload_Language_Strings_,436657,436741,84,48,4
Load_Language_Fonts_,436741,436787,46,48,4
Get_Font_File_,436787,436857,70,48,4
Write_Language_Setting_File_,436857,436947,90,48,4
Get_Officer_Data_LBX_Name_,436947,437011,64,48,4
Load_Leader_Titles_,437011,437158,147,48,4
Get_Monetary_Unit_String_,437158,437207,49,48,4
Set_Language_Race_Names_,437207,437296,89,48,5
Add_Non_Food_Planets_To_List_,437296,437361,65,49,5
Assign_Home_Star_Names_,437361,437523,162,49,4
Build_Home_Star_List_,437523,438304,781,49,5
Build_Min_Star_Distances_,438304,438452,148,49,5
Dist_Between_Stars_,438452,438523,71,49,4
Dist_Between_Points_,438523,438554,31,49,4
Enforce_3_Planet_Minimum_,438554,438802,248,49,4
Enforce_Abundant_Minerals_,438802,438827,25,49,4
Enforce_Climate_,438827,439388,561,49,4
Enforce_Gravity_,439388,439476,88,49,4
Enforce_Medium_Planet_Size_,439476,439514,38,49,4
Enforce_Mineral_Richness_,439514,439730,216,49,4
Enforce_Artifacts_Special_,439730,439763,33,49,5
Enforce_Planet_Size_,439763,439780,17,49,5
Enforce_Planet_Type_,439780,439857,77,49,4
Ensure_At_Least_1_Food_Planet_,439857,440525,668,49,5
Generate_Home_Worlds_,440525,441270,745,49,4
Generate_Home_Worlds_1_,441270,441276,6,49,4
Generate_Orion_,441276,441735,459,49,5
Get_Orion_Star_Id_,441735,442205,470,49,5
Get_Starmap_Regions_,442205,442631,426,49,4
Guarantee_A_Planet_At_Min_Dist_,442631,443286,655,49,5
Is_Added_Food_World_,443286,443332,46,49,5
Make_One_Planet_,443332,443567,235,49,5
Modify_Home_Worlds_,443567,444143,576,49,4
Randomize_Home_Worlds_,444143,444221,78,49,4
Remove_Specials_,444221,444302,81,49,4
Set_Up_Home_Gen_Msg_,444302,444646,344,49,5
Star_Has_Planet_,444646,444750,104,49,4
Random_Planet_,444750,444910,160,49,4
Upgrade_Planet_Guarded_By_Monster_,444910,445308,398,49,4
Set_Special_For_Star_Guarded_By_Monster_,445308,445621,313,49,4
Usable_Orbit_,445621,445859,238,49,4
qsort_star_dist_list_,445859,445888,29,49,5
qsort_1_,445888,445893,5,49,5
Make_System_Monsters_,445893,446518,625,49,4
Active_Save_Slot_Invalid_,446518,446561,43,50,5
Add_Game_Popup_Fields_,446561,448658,2097,50,5
Allocate_Data_Space_For_Game_Popup_,448658,448755,97,50,5
Bad_Game_File_Message_,448755,448852,97,50,5
Check_For_Saved_Games_,448852,449043,191,50,4
Darken_Main_Screen_Background_,449043,449142,99,50,4
Do_Load_Game_Popup_,449142,449857,715,50,4
Do_Main_Game_Popup_,449857,450575,718,50,5
Do_Options_Game_Popup_,450575,450900,325,50,5
Do_Save_Game_Popup_,450900,451857,957,50,5
Fiz_Game_Popup_,451857,451859,2,50,5
Fiz_Game_Popup_Autofuction_,451859,451860,1,50,5
Restore_Game_Popup_,451860,451964,104,50,5
Restore_Main_Screen_,451964,451994,30,50,5
Game_Popup_User_Box_,451994,452105,111,50,5
Get_File_Date_String_,452105,452289,184,50,4
Get_Game_Popup_Colors_,452289,452434,145,50,5
Get_Save_Game_Date_Strings_,452434,452607,173,50,4
Get_Star_Date_Strings_,452607,452883,276,50,4
Load_Month_Names_,452883,453212,329,50,5
Load_Game_Popup_Pictures_,453212,453965,753,50,5
Print_Load_Save_To_Bitmap_,453965,453990,25,50,5
Print_Main_Game_To_Bitmap_,453990,454065,75,50,5
Print_Options_To_Bitmap_,454065,454084,19,50,5
Pull_Down_Game_Popup_,454084,454105,21,50,5
Push_Up_Game_Popup_,454105,454130,25,50,5
Animate_Game_Popup_,454130,454639,509,50,5
Set_Current_Game_Option_Flags_,454639,454988,349,50,5
Update_Game_Settings_,454988,455174,186,50,5
_Draw_Load_Save_Game_Popup_,455174,456449,1275,50,5
_Draw_Main_Game_Popup_,456449,457256,807,50,5
_Draw_Options_Game_Popup_,457256,459055,1799,50,5
_Game_Popup_,459055,459728,673,50,4
qsort_debug_,459728,459737,9,50,5
Load_Mainmenu_Load_Game_Popup_,459737,459959,222,50,5
Mainmenu_Load_Game_Popup_,459959,460118,159,50,4
Set_Up_Load_Save_Popup_,460118,460376,258,50,5
Remove_Embedded_Special_Codes_,460376,460450,74,50,4
Embed_Special_Color_Codes_,460450,460565,115,50,4
Auto_Save_Last_Saved_Game_,460565,460710,145,50,4
Auto_Load_Last_Saved_Game_,460710,460865,155,50,4
Draw_Darkened_Load_Button_,460865,460909,44,50,5
Draw_Darkened_New_Game_Button_,460909,460946,37,50,5
Set_Music_For_Game_Popup_,460946,461080,134,50,5
Set_Sound_For_Game_Popup_,461080,461230,150,50,5
Add_Fields_For_Language_,461230,461540,310,50,5
Add_Main_Menu_Fields_,461540,461935,395,51,5
Change_Font_Color_Values_,461935,461962,27,51,5
Copy_Credit_String_To_Bitmap_,461962,462260,298,51,5
Do_Main_Menu_File_Animation_,462260,463047,787,51,5
Do_Mainmenu_Load_Screen_,463047,463175,128,51,5
Draw_Credits_,463175,463745,570,51,5
Main_Menu_Fade_Function_,463745,463765,20,51,5
Main_Menu_Fade_Function2_,463765,463775,10,51,5
Draw_Main_Menu_File_Animation_,463775,463780,5,51,5
Draw_Main_Menu_Screen_,463780,464171,391,51,5
Get_File_Animation_Block_Space_,464171,464199,28,51,4
Get_File_Animation_Total_Frames_,464199,464235,36,51,4
Load_Credits_,464235,464626,391,51,5
Main_Menu_Screen_,464626,465598,972,51,4
Reload_Main_Menu_Screen_,465598,465788,190,51,5
Init_Credits_,465788,466100,312,51,5
Buffer_Reload_Star_Bg_,466100,466131,31,52,4
Get_Star_Picture_Seg_,466131,466197,66,52,4
Add_Cheats_,466197,466291,94,52,5
Add_Map_Fields_,466291,467366,1075,52,4
Add_Reply_To_Diplomacy_Request_Fields_,467366,467631,265,52,5
Add_Star_Fields_,467631,467784,153,52,4
Allocate_First_Screen_Seg_,467784,467851,67,52,4
Center_Map_,467851,468124,273,52,4
Change_Home_Star_Name_,468124,468236,112,52,5
Check_For_Diplomacy_Request_,468236,468392,156,52,5
Check_Function_Keys_,468392,469001,609,52,5
Check_Hot_Keys_,469001,469697,696,52,5
Check_Mouse_XY_Fields_,469697,469992,295,52,5
Check_Ships_XY_,469992,470199,207,52,5
Check_Stars_XY_,470199,470402,203,52,5
Clear_Mox_Mouse_Field_,470402,470427,25,52,5
Clear_Twinkling_Star_Data_,470427,470472,45,52,4
Convert_Coords_,470472,470527,55,52,4
Cycle_Ship_Icons_,470527,471084,557,52,4
Cycle_Star_Icons_,471084,471310,226,52,4
Do_Colony_Screen_,471310,471473,163,52,5
Do_Fleet_Popup_,471473,472081,608,52,5
Do_Next_Turn_,472081,472398,317,52,4
Do_Reply_To_Diplomacy_Request_,472398,472681,283,52,5
Do_System_Popup_,472681,472897,216,52,4
Draw_A_Gate_Icon_,472897,473858,961,52,5
Draw_A_Star_,473858,474105,247,52,5
Draw_Black_Holes_,474105,474374,269,52,4
Draw_Diplomacy_Request_Lights_,474374,474602,228,52,5
Draw_ETA_Destination_Line_,474602,474877,275,52,5
Draw_Exploding_Plasma_Box_,474877,475991,1114,52,4
Draw_Game_Turn_Buttons_,475991,476083,92,52,4
Draw_Fleet_Box_Selected_Ship_Seg_,476083,476174,91,52,5
Draw_Main_Main_Screen_,476174,476501,327,52,4
Draw_Main_Screen_,476501,477644,1143,52,4
Draw_Main_Screen_Before_Stencil_,477644,477845,201,52,4
Draw_Main_Screen_Filled_,477845,478158,313,52,4
Draw_Main_Screen_For_Zooming_,478158,478642,484,52,5
Draw_Main_Screen_While_Moving_Boxes_,478642,478877,235,52,5
Draw_Mini_Main_Screen_,478877,479119,242,52,4
Draw_Nebulae_,479119,479247,128,52,4
Draw_Paralax_,479247,479756,509,52,5
Draw_Player_Done_Lights_,479756,480032,276,52,5
Draw_Relocation_Links_,480032,480211,179,52,5
Draw_Reply_To_Diplomacy_Request_Popup_,480211,480448,237,52,5
Draw_Scanned_Ship_Seg_,480448,480592,144,52,5
Draw_Stars_,480592,480659,67,52,4
Draw_Wormhole_Links_,480659,480854,195,52,4
Filled_Box_,480854,481015,161,52,4
Set_Popup_Draw_XY_,481015,481102,87,52,5
Popup_XY_,481102,481272,170,52,5
Get_Mouse_Field_,481272,481546,274,52,5
Get_New_Paralax_XYs_,481546,481983,437,52,5
Get_PointXY_Draw_Coords_,481983,482028,45,52,4
Get_Ship_Stack_For_Officers_Screen_,482028,482161,133,52,4
Get_Star_Anim_Dimension_,482161,482195,34,52,4
Get_Star_Draw_Coords_,482195,482269,74,52,4
Get_Star_Id_For_Officers_Screen_,482269,483119,850,52,4
Get_Twinkling_Star_,483119,483314,195,52,5
Give_Me_All_Tech_Advances_,483314,483446,132,52,5
Highlight_Star_,483446,483523,77,52,4
Is_Main_Screen_Palette_,483523,483601,78,52,4
Load_Reply_To_Diplomacy_Request_Popup_,483601,483720,119,52,5
Main_Screen_,483720,489028,5308,52,4
Main_Screen_Text_Box_,489028,489112,84,52,4
Mini_Main_Screen_Text_Box_,489112,489179,67,52,4
Next_Star_,489179,489248,69,52,5
Previous_Star_,489248,489320,72,52,5
Print_A_Star_Name_,489320,489916,596,52,5
Print_Galaxy_Map_Scanned_Star_,489916,490233,317,52,5
Print_Highlighted_Star_Name_,490233,490414,181,52,5
Print_Main_Screen_Data_,490414,494346,3932,52,4
Set_Post_Fitted_Font_Style_,494346,494427,81,52,5
Print_Star_Name_To_Bitmap_,494427,494775,348,52,5
Print_Star_Names_,494775,494905,130,52,5
Redraw_Main_Screen_,494905,495169,264,52,4
Redraw_Main_Screen_Without_Boxes_,495169,495194,25,52,4
Restore_Hotseat_Map_Info_,495194,495453,259,52,4
Save_Hotseat_Map_Info_,495453,495581,128,52,4
Scan_Fleet_Movement_Box_Fields_,495581,495855,274,52,5
Scan_Galaxy_Map_Fields_,495855,496003,148,52,4
Scan_Moveable_Box_Fields_,496003,497319,1316,52,5
Scan_Ships_XY_,497319,497612,293,52,5
Scan_Stars_XY_,497612,498091,479,52,5
Scan_System_Display_Fields_,498091,499193,1102,52,4
Scroll_Map_,499193,499594,401,52,5
Clear_Main_Screen_Fields_,499594,499895,301,52,4
Set_Main_Screen_Fields_To_Null_,499594,499895,301,52,5
Set_Painted_Fleet_Fields_,499895,500057,162,52,5
Set_Reload_Fleet_Box_Palette_Flag_,500057,500074,17,52,4
Ship_Can_Be_Selected_,500074,500104,30,52,4
Star_On_Screen_,500104,500164,60,52,4
Exit_Zooming_Mode_,500164,500246,82,52,5
Toggle_Game_Option_,500246,500711,465,52,5
Get_Star_Name_Info_,500711,500932,221,52,4
Update_Ship_Icons_In_Between_Turns_,500932,500995,63,52,4
Update_Star_Owners_,500995,501048,53,52,4
Zoom_Box_Height_,501048,501064,16,52,4
Zoom_Box_Width_,501064,501074,10,52,4
Set_Player_Cheated_Flag_,501074,501105,31,52,4
Warn_About_Cheating_Players_,501105,501442,337,52,5
Fade_Into_Main_Screen_,501442,501756,314,52,4
Get_Research_Unit_String_,501756,501835,79,52,5
Begin_Of_Turn_,501835,502138,303,53,5
Building_Outposts_In_Main_Screen_,502138,502595,457,53,4
Check_Fleet_Movement_Box_Status_,502595,502637,42,53,5
Distance_Between_Stars_Screen_,502637,503170,533,53,4
Do_Begin_Of_Turn_,503170,503630,460,53,5
Draw_Main_Screen_For_Star_Distances_,503630,504187,557,53,5
Main_Screen_Report_Handler_,504187,504542,355,53,5
Planet_Colonization_In_Main_Screen_,504542,505036,494,53,4
Redraw_Main_Screen_After_Popups_,505036,505061,25,53,5
Restore_Fleet_Box_Palette_,505061,505113,52,53,5
Scrap_Freighters_,505113,505765,652,53,4
Unloading_Transports_In_Main_Screen_,505765,506198,433,53,4
Reports_Screen_,506198,506553,355,53,4
Show_Command_Points_Screen_,506553,506704,151,53,4
Assert_Class_To_Group_,506704,506705,1,54,4
Assign_Marooned_Heroes_,506705,506882,177,54,4
Write_Map_Gen_Data_,506882,506883,1,54,4
Clear_Planets_In_Star_Structure_,506883,506937,54,54,4
Enforce_Planet_Max_,506937,507469,532,54,4
Gas_Giants_,507469,507563,94,54,4
Generate_Climate_,507563,507811,248,54,4
Generate_Food_Per_Farmer_,507811,507872,61,54,4
Generate_Gravity_Class_,507872,507934,62,54,4
Generate_Max_Farms_,507934,507995,61,54,4
Generate_Mineral_Class_,507995,508057,62,54,4
Generate_Nebulas_,508057,509139,1082,54,4
Generate_Number_Of_Nebulas_,509139,509223,84,54,4
Generate_Number_Of_Satellites_,509223,509287,64,54,4
Generate_Orbit_,509287,509399,112,54,4
Generate_Satellite_,509399,509632,233,54,4
Set_Secondary_Planet_Data_,509632,509694,62,54,4
Generate_Satellite_Type_,509694,509905,211,54,4
Generate_Size_,509905,509959,54,54,5
Generate_Spectral_Class_,509959,510016,57,54,4
Get_A_Planet_Or_Star_Special_,510016,510867,851,54,4
Generate_Star_Special_,510867,510997,130,54,4
Generate_Wormhole_Links_,510997,511234,237,54,4
Get_Climate_Modifier_,511234,511296,62,54,4
Get_Minerals_Extracted_,511296,511317,21,54,4
Get_Planet_Group_,511317,511401,84,54,4
Get_Random_Orbit_,511401,511506,105,54,4
Get_Valid_Orbit_,511506,511660,154,54,4
Home_Planet_,511660,511753,93,54,4
Init_Main_Screen_,511753,511833,80,54,4
Nebula_Data_Test_,511833,511999,166,54,4
Set_Star_XYs_,511999,513085,1086,54,5
Star_XY_Invalid_,513085,513538,453,54,5
Randomize_Star_Names_,513538,513629,91,54,4
Set_Black_Hole_Visited_Flags_,513629,513671,42,54,4
Set_Default_Nebula_Data_,513671,513750,79,54,4
Set_Wormhole_Id_,513750,514209,459,54,4
Black_Hole_Fix_,514209,514567,358,54,5
Load_Nebula_Pictures_,514567,514792,225,54,4
Universe_Generation_,514792,516735,1943,54,4
Write_Other_Mapgen_Stuff_,516735,516736,1,54,4
Planet_Generation_,516736,516868,132,54,5
N_Empty_Stars_,516868,516929,61,54,4
Build_Min_Point_Distances_,516929,517265,336,54,5
Get_Star_Name_,517265,517344,79,54,5
Font_Colors_,517344,517573,229,55,4
Font_Colors2_,517573,517854,281,55,4
Get_Comma_String_,517854,518178,324,55,4
Min_Font_Colors_,518178,518477,299,55,4
Bit_Value_To_Num_,518477,518541,64,55,4
Box_Clipping_Window_,518541,518635,94,55,4
CHECK_PARAM_DRAW_,518635,518768,133,55,4
CHECK_PARAM_PRINT_,518768,518920,152,55,4
CHECK_PARAM_PRINT_INTEGER_,518920,519099,179,55,4
Change_Font_Style_,519099,519166,67,55,4
Decrease_Font_Color_Range_,519166,519280,114,55,4
Diagonal_Line_Fill_,519280,520161,881,55,4
Draw_Advancing_Fill_Message_,520161,520277,116,55,4
Draw_Darkened_Box_,520277,520381,104,55,4
Draw_Highlight_Box_,520381,520644,263,55,4
Fade_Into_Screen_,520644,520814,170,55,4
Fade_To_Black_,520814,520857,43,55,4
Fade_To_Palette_,520857,520924,67,55,4
Fill_Bitmap_,520924,521000,76,55,4
Fill_Bitmap_Unbounded_,521000,521113,113,55,4
Get_Advancing_Bitmap_String_Range_,521113,521402,289,55,5
Get_Bitmap_Dimensions_,521402,521418,16,55,4
Get_Bitmap_String_Range_,521418,521544,126,55,4
Get_File_Name_,521544,521765,221,55,4
Get_Font_Colors_,521765,521797,32,55,4
Get_Font_Spacing_,521797,521804,7,55,4
Get_Font_Style_,521804,521811,7,55,4
Get_Furthest_Endpoint_,521811,521951,140,55,4
Get_LBX_Message_,521951,521976,25,55,4
Get_Mox_Font_Colors_,521976,522006,30,55,4
Get_Mox_Min_Font_Colors_,522006,522029,23,55,4
Get_Time_Stamp_,522029,522093,64,55,4
Get_Time_Stamp_Int_,522093,522199,106,55,4
HCLS_,522199,522207,8,55,4
Increase_Font_Color_Range_,522207,522325,118,55,4
Increment_Mouse_Clock_Image_,522325,522385,60,55,4
Is_First_Letter_A_Vowel_,522385,522460,75,55,4
Is_Vowel_,522460,522576,116,55,4
Move_Range_,522576,522650,74,55,4
Next_File_Name_,522650,522959,309,55,4
Next_Multiple_,522959,522998,39,55,4
Occluded_,522998,523109,111,55,4
Ratio_Value_,523109,523129,20,55,4
Read_Data_File_,523129,523247,118,55,4
Remove_Chars_,523247,523394,147,55,4
Replace_Bitmap_Colors_,523394,523553,159,55,4
Replace_Char_,523553,523606,53,55,4
Restore_Window_Status_,523606,523633,27,55,4
Save_Window_Status_,523633,523652,19,55,4
Scale_,523652,523681,29,55,4
Set_Fitted_Font_Style_,523681,523786,105,55,4
Set_Font_Colors_,523786,523822,36,55,4
Set_Font_Default_Spacing_,523822,523844,22,55,4
Stat_Pct_,523844,523877,33,55,4
Substring_,523877,523912,35,55,4
Swap_Bitmap_Colors_,523912,524040,128,55,4
Tint_Bitmap_Colors_,524040,524158,118,55,4
Tint_Bitmap_Colors_In_Range_,524158,524280,122,55,4
Valid_Star_Index_,524280,524294,14,55,4
_Darken_Fill_,524294,524385,91,55,4
_Print_Centered_,524385,524425,40,55,4
_Print_Centered_Shadow_Down_,524425,524466,41,55,4
_Print_Right_Shadow_Down_,524466,524494,28,55,4
_Print_Shadow_Down_,524494,524676,182,55,4
_Tri_Interlaced_Fill_,524676,524859,183,55,4
Add_Galaxy_Map_Fields_2_,524859,525169,310,56,4
Add_Galaxy_Map_Fields_,525169,525360,191,56,4
Add_Moveable_Box_Fields_,525360,525565,205,56,4
Add_Resource_Box_Fields_,525565,525752,187,56,4
Add_Whole_Window_Field_,525752,525829,77,56,4
Box_Field_Selected_,525829,525912,83,56,4
Box_Fleet_Screen_Scanned_Ship_,525912,525967,55,56,5
Box_Fleet_Screen_Scanned_Star_,525967,526090,123,56,4
Box_Officer_Screen_Chosen_Star_,526090,526286,196,56,5
Box_Officer_Screen_Scanned_Star_,526286,526387,101,56,5
Box_Order_,526387,526443,56,56,4
Clear_Moveable_Box_Fields_,526443,526661,218,56,4
Display_Moveable_Box_Info_,526661,526767,106,56,4
Do_Fleet_Screen_Stuff_,526767,526842,75,56,5
Do_Officer_Screen_Stuff_,526842,527439,597,56,5
Draw_Galaxy_Map_Box_,527439,528537,1098,56,4
Draw_Moveable_Box_,528537,528721,184,56,4
Get_Galaxy_Map_Space_XY_,528721,528853,132,56,4
Get_Galaxy_Map_Star_XY_,528853,529036,183,56,4
Move_Box_To_Top_,529036,529225,189,56,4
Move_Moveable_Box_,529225,530294,1069,56,4
Moveable_Box_Dimensions_,530294,530397,103,56,4
Moveable_Box_Occluded_,530397,530645,248,56,4
Moveable_Box_Selected_,530645,530676,31,56,4
N_Moveable_Boxes_Selected_,530676,530717,41,56,4
Restore_Boxes_,530717,530841,124,56,4
Box_Was_Open_,530841,530851,10,56,4
Remove_Box_Check_,530851,530852,1,56,4
Save_And_Remove_Boxes_,530852,531008,156,56,4
Vanish_Fleet_Movement_Box_,531008,531132,124,56,4
Vanish_System_Display_Box_,531132,531211,79,56,4
Mouse_Within_Fleet_Box_,531211,531337,126,56,4
Draw_Input_Box_Popup_,531337,531380,43,57,5
Remapped_Input_Box_Popup_,531380,531412,32,57,4
Setup_Input_Box_Popup_,531412,532244,832,57,5
Input_Box_Popup_,532244,533034,790,57,4
Can_Change_Star_Name_,533034,533121,87,57,4
Change_Star_Name_Popup_,533121,533154,33,57,4
Change_Home_Star_Name_Popup_,533154,533186,32,57,4
Do_Change_Star_Name_,533186,533438,252,57,5
Star_Name_Popup_Screen_Center_X_,533438,533444,6,57,4
Star_Name_Popup_Screen_Center_Y_,533444,533450,6,57,4
Star_Name_Popup_Map_Center_X_,533450,533456,6,57,4
Star_Name_Popup_Map_Center_Y_,533456,533462,6,57,4
Star_Name_Popup_Main_X_,533462,533533,71,57,4
Star_Name_Popup_Main_Y_,533533,533591,58,57,4
Max_Pixel_Width_Star_Name_Can_Be_,533591,533934,343,57,4
Load_Officer_Picture_,533934,534041,107,58,4
Load_Darkened_Officer_Picture_,534041,534094,53,58,5
Add_Officer_Screen_Fields_,534094,535186,1092,58,5
Add_Skill_Description_Help_Fields_,535186,535589,403,58,5
Already_Hired_Message_,535589,535687,98,58,5
Assert_Marooned_Leaders_,535687,535800,113,58,4
Not_Enough_BCs_Message_,535800,535922,122,58,5
Ask_For_Hire_,535922,536178,256,58,5
Build_Captain_Id_List_,536178,536401,223,58,4
Captain_And_Ship_Icon_Selected_,536401,536458,57,58,4
Check_For_Colony_Calculation_Update_,536458,536538,80,58,5
Check_For_Officer_Level_,536538,536606,68,58,4
Check_Officer_Fields_,536606,537586,980,58,5
Deassign_Officer_,537586,537807,221,58,4
Decrement_Officer_ETA_,537807,537896,89,58,4
Deselect_Offpop_Icons_,537896,537936,40,58,4
Draw_Officer_Screen_,537936,539166,1230,58,4
Draw_Officer_Screen_To_Back_,539166,539493,327,58,5
Draw_Offscrn_Colony_Window_,539493,539519,26,58,5
Draw_Offscrn_Fleet_Ship_Window_,539519,539539,20,58,5
Draw_Skill_Icon_,539539,539568,29,58,5
Fade_Into_Leaders_Screen_,539568,539753,185,58,5
Fleet_Screen_Icon_Ship_Id_,539753,539827,74,58,4
Get_Advanced_Government_Tech_,539827,539914,87,58,4
Get_Advanced_Government_Type_,539914,539979,65,58,4
Get_Officer_Base_Level_,539979,540046,67,58,5
Get_Officer_Costs_,540046,540151,105,58,4
Get_Officer_Pictures_,540151,540338,187,58,5
Get_Random_Skills_,540338,540683,345,58,4
Get_Research_Cost_Skill_Value_,540683,540715,32,58,5
Get_Skill_Data_Max_Pixel_Width_,540715,540971,256,58,5
Hire_Officer_,540971,541115,144,58,5
Is_Fleet_Officer_Screen_,541115,541126,11,58,4
Kill_Officer_,541126,541268,142,58,4
Leader_Can_Be_Assigned_,541268,541307,39,58,5
Leaders_In_Hiring_Pool_,541307,541437,130,58,5
Load_Officer_Skill_Name_Descriptions_,541437,541558,121,58,5
Move_From_Limbo_To_Pool_,541558,541600,42,58,4
Move_Officer_To_Limbo_,541600,541859,259,58,5
Move_Officer_To_Pool_,541859,542012,153,58,4
Change_Screen_Type_,542012,542316,304,58,5
Officer_Exp_,542316,542333,17,58,4
Officer_Has_General_Skill_,542333,542366,33,58,4
Officer_Has_Special_Skill_,542366,542391,25,58,4
Officer_Skill_Value_,542391,542839,448,58,4
One_Leader_With_Galactic_Lore_,542839,542863,24,58,4
Bonus_For_Famous_Heroes_,542863,543017,154,58,5
Officer_Level_,543017,543057,40,58,4
Owned_Officer_Level_,543057,543143,86,58,4
Officer_Made_Level_Report_,543143,543389,246,58,4
Officer_Maintenance_,543389,543510,121,58,4
Officer_Screen_Text_Box_,543510,543546,36,58,5
Officer_Screen_User_Box_,543546,543666,120,58,5
Officer_Skill_Bonus_,543666,543773,107,58,4
Officers_Screen_,543773,546530,2757,58,4
Print_ETA_On_Officer_Picture_,546530,546787,257,58,4
Print_Galmap_Scanned_Ship_,546787,547754,967,58,4
Print_Officer_Data_,547754,549741,1987,58,4
Print_Officer_Skill_Help_,549741,550075,334,58,4
Print_Scanned_Ship_Name_,550075,550350,275,58,5
Random_Skill_,550350,550711,361,58,4
Random_Skill2_,550711,551121,410,58,4
Reload_Officer_Screen_Pictures_,551121,552165,1044,58,5
Reload_Officer_Skill_Icons_,552165,552219,54,58,4
Reload_Offscrn_Galaxy_Stars_,552219,552274,55,58,5
Reload_Offscrn_Small_Ship_Icons_,552274,552459,185,58,5
Restore_Officer_Structure_,552459,552487,28,58,4
Save_Officer_Structure_,552487,552509,22,58,4
Save_Officers_Original_Colony_Id_,552509,552553,44,58,5
Save_Officers_Original_Ship_Id_,552553,552597,44,58,5
Scan_Officer_Fields_,552597,553025,428,58,5
Scan_Offscrn_Big_Icon_Fields_,553025,553302,277,58,4
Initialize_Scroll_Bar_,553302,553359,57,58,5
Set_Officer_To_Player_,553359,553607,248,58,4
Ships_In_Same_Place_,553607,553668,61,58,4
Skill_Bonus_,553668,553710,42,58,4
Wrapper_For_Colony_Officer_Popup_Data_,553710,553790,80,58,4
Wrapper_For_Officer_Popup_Help_Fields_,553790,553932,142,58,4
Wrapper_For_Offscrn_Data_,553932,553984,52,58,5
Wrapper_For_Offscrn_Help_Fields_,553984,554104,120,58,5
Wrapper_For_Offscrn_System_Fields_,554104,554150,46,58,5
Wrapper_For_Offscrn_System_Popup_,554150,554281,131,58,5
Wrapper_To_Add_Officer_Popup_Help_Fields_,554281,554341,60,58,4
Officer_Name_,554341,554376,35,58,4
Leader_Name_,554376,554815,439,58,4
Officer_Status_Ok_,554815,554860,45,58,4
N_Fleet_Officers_Owned_By_Player_,554860,554927,67,58,4
N_Star_Officers_Owned_By_Player_,554927,555001,74,58,4
Hero_Slot_Open_,555001,555037,36,58,4
Chance_To_Hire_Hero_,555037,555424,387,58,4
Increase_Officer_Level_By_One_,555424,555561,137,58,4
Calculate_Officer_Cost_,555561,555565,4,58,4
Officer_Cost_,555565,555622,57,58,4
Random_Officer_Check_,555622,555732,110,58,4
Generate_Random_Officer_,555732,555821,89,58,4
Select_Leader_For_Hire_,555821,556077,256,58,5
Leader_Available_For_Hire_,556077,556132,55,58,4
Give_Officer_XP_,556132,556377,245,58,4
Find_Selected_Leader_,556377,556941,564,58,5
Marooned_Hero_At_Star_Can_Join_,556941,557154,213,58,4
Do_Hire_Officer_,557154,557275,121,58,5
Give_Player_Loknar_Special_,557275,557521,246,58,4
Make_Loknar_Message_,557521,557698,177,58,5
Rescued_Loknar_Popup_,557698,557750,52,58,4
Get_Random_Antaran_Tech_,557750,557923,173,58,5
Get_Available_Antaran_Tech_,557923,558008,85,58,5
Assign_Loknar_Ship_To_Player_,558008,558217,209,58,5
Allocate_Adv_Civ_Game_Officers_,558217,558643,426,58,4
Get_N_Skills_Per_Officer_Displayed_,558643,558892,249,58,5
Set_Officer_Screen_Help_,558892,558961,69,58,5
Dismiss_Officer_,558961,559099,138,58,5
Assign_Captain_,559099,560163,1064,58,5
Ai_Assign_Leader_To_Ship_,560163,560263,100,58,4
Ai_Assign_Leader_To_Star_,560263,560363,100,58,4
Assign_Leader_To_Star_,560363,560557,194,58,5
Assign_Leader_To_Ship_,560557,560715,158,58,5
Get_Ship_Leader_ETA_,560715,560962,247,58,5
Get_Star_Leader_ETA_,560962,561134,172,58,5
Leader_Cheat_Popup_,561134,561699,565,58,4
Give_Leader_Specials_To_Player_,561699,562011,312,58,5
Best_Diplomat_Skill_Bonus_,562011,562179,168,58,4
Get_Skill_Description_LBX_Name_,562179,562243,64,58,5
Officer_Is_Female_,562243,562285,42,58,5
Get_Italian_The_,562285,562433,148,58,5
_max_planet_flags,562433,562466,33,59,5
Set_Auto_Colonize_Flag_,562466,562477,11,59,5
Colony_Ship_Auto_Colonization_,562477,562495,18,59,4
Add_Colony_Ship_Icon_Field_,562495,562571,76,59,5
Add_Outpost_Ship_Icon_Field_,562571,562641,70,59,5
Add_Plntsum_Fields_,562641,563547,906,59,5
Absolute_Distance_,563547,563585,38,59,4
Add_Planet_Summary_Bar_Field_,563585,563647,62,59,5
Add_PlntSum_Galaxy_Map_Fields_,563647,563823,176,59,5
Allocate_Space_For_Summary_Screen_,563823,563962,139,59,5
Build_Ship_Summary_,563962,564743,781,59,5
Check_For_Colony_And_Outpost_Ships_,564743,565026,283,59,5
Clear_Planet_Explored_Flags_,565026,565048,22,59,5
Player_Colors_,565048,565323,275,59,5
Colony_Owner_Colors_,565323,565371,48,59,5
Determine_Button_Status_,565371,565541,170,59,5
Draw_Rotating_Planets_,565541,565744,203,59,5
Fill_Summary_Screen_Scroll_Bar_,565744,565946,202,59,4
Filter_Explored_Planets_,565946,566513,567,59,5
Get_Colony_Outpost_Marker_XY_,566513,566760,247,59,5
Get_ETA_To_Star_,566760,566891,131,59,5
Load_Planet_Segment_,566891,566944,53,59,5
Load_Planet_Pictures_,566944,566985,41,59,5
Load_Planet_Summary_Ship_Icon_,566985,567049,64,59,5
Load_Planet_Summary_Pictures_,567049,567690,641,59,5
Planet_Has_Adverse_Gravity_,567690,567724,34,59,5
Planet_Has_Been_Visited_,567724,567778,54,59,5
Planet_Has_Hostile_Environment_,567778,567800,22,59,5
Planet_Has_Players_Colony_,567800,567854,54,59,5
First_Planet_In_Summary_List_,567854,567939,85,59,5
Planet_Summary_List_Id_,567939,568001,62,59,5
Planet_In_Range_Of_A_Colony_,568001,568045,44,59,5
Planet_Is_Enemy_Controlled_,568045,568300,255,59,5
Planet_Is_Mineral_Scarce_,568300,568333,33,59,5
Planet_Is_Outpost_Planet_,568333,568375,42,59,5
Planet_Summary_Id_,568375,568441,66,59,5
Print_Colony_Outpost_Marker_,568441,569095,654,59,5
Productivity_Penalty_,569095,569202,107,59,5
Reset_Ship_To_Star_Distances_,569202,569421,219,59,5
Scan_Summary_Box_Fields_,569421,569985,564,59,5
Send_Colony_Button_Selectable_,569985,569991,6,59,5
Nearest_Ship_Id_,569991,570055,64,59,5
Send_Nearest_Ship_,570055,571371,1316,59,5
Send_Outpost_Button_Selectable_,571371,571377,6,59,5
Set_Colony_Ship_To_Star_Distances_,571377,571800,423,59,5
Set_Outpost_Ship_To_Star_Distances_,571800,572224,424,59,5
Set_Planet_Explored_Flags_,572224,572309,85,59,5
Ship_Is_Not_Colonizing_,572309,572397,88,59,5
Sort_Planet_Summary_,572397,572486,89,59,5
Draw_Nearest_Ship_Directional_Line_,572486,573141,655,59,5
Summary_Found_Colony_Ship_,573141,573176,35,59,5
Summary_Found_Outpost_Ship_,573176,573212,36,59,5
Summary_Planet_Index_,573212,573296,84,59,5
Summary_Screen_Print_Data_,573296,574976,1680,59,5
Summary_Screen_Print_Scanned_,574976,575986,1010,59,5
Summary_Ship_Index_,575986,576052,66,59,4
Draw_Colony_Ship_Icon_,576052,576111,59,59,5
Draw_Outpost_Ship_Icon_,576111,576160,49,59,5
Wrapper_For_Planet_Summary_Galaxy_Map_,576160,576767,607,59,5
qsort_by_climate_,576767,576780,13,59,5
qsort_by_max_population_,576780,576791,11,59,5
qsort_by_minerals_,576791,576804,13,59,5
Undo_Send_Order_,576804,577448,644,59,5
Update_Ship_Etas_,577448,577734,286,59,5
Draw_Mini_Planet_Summary_Screen_,577734,578130,396,59,4
Draw_Planet_Summary_Screen_,577734,578130,396,59,5
Planet_Summary_Screen_,578130,579562,1432,59,4
Add_Hi_Score_Screen_Fields_,579562,579606,44,60,5
Build_Captured_Colonists_Array_,579606,579916,310,60,5
Build_Pop_Array_,579916,579959,43,60,5
Calculate_Hi_Scores_,579959,580385,426,60,5
Captured_Antares_,580385,580409,24,60,5
Captured_Orion_,580409,580433,24,60,5
Do_Calculate_Hi_Score_,580433,580502,69,60,4
Draw_Antares_Score_,580502,580539,37,60,5
Draw_Cap_Pop_,580539,580571,32,60,5
Draw_Captured_Colonies_Score_,580571,580671,100,60,5
Draw_Council_Score_,580671,580726,55,60,5
Draw_Total_Score_,580726,581367,641,60,5
Draw_Eliminated_Race_Pictures_,581367,582012,645,60,5
Draw_Elimination_Score_,582012,582151,139,60,5
Draw_Generic_Score_,582151,582266,115,60,5
Draw_Hi_Score_Screen_,582266,582573,307,60,5
Draw_Orion_Score_,582573,582609,36,60,5
Draw_Pop_,582609,583169,560,60,5
Draw_Population_Score_,583169,583242,73,60,5
Draw_Reg_Pop_,583242,583268,26,60,5
Draw_Technology_Score_,583268,583307,39,60,5
Draw_Time_Score_,583307,583441,134,60,5
Get_Antares_Score_,583441,583477,36,60,5
Get_Captured_Colonist_Score_,583477,583533,56,60,5
Get_Hall_Of_Fame_Colors_,583533,583616,83,60,5
Get_Hi_Score_Colors_,583616,583756,140,60,5
Get_Elimination_Score_,583756,583843,87,60,5
Get_Orion_Score_,583843,583879,36,60,5
Get_Population_Score_,583879,583947,68,60,5
Get_Technology_,583947,584051,104,60,5
Get_Technology_Score_,584051,584083,32,60,5
Get_Time_Score_,584083,584154,71,60,5
Get_Total_Population_,584154,584215,61,60,5
Get_Won_Council_Score_,584215,584251,36,60,5
Hi_Score_Screen_,584251,584514,263,60,4
Load_Hi_Score_Screen_,584514,584754,240,60,5
Won_Council_Vote_,584754,584778,24,60,5
Print_Score_String_,584778,585096,318,60,5
Player_Score_,585096,585185,89,60,4
Load_Hall_Of_Fame_Screen_,585185,585283,98,60,5
Draw_Hall_Of_Fame_Screen_,585283,586374,1091,60,5
Hall_Of_Fame_Screen_,586374,586823,449,60,4
qsort_hof_scores_descending_,586823,586874,51,60,5
qsort_hof_scores_ascending_,586874,586925,51,60,5
Read_HOF_File_,586925,587013,88,60,5
Write_HOF_File_,587013,587071,58,60,5
Write_Score_To_File_,587071,587072,1,60,4
Create_Default_HOF_File_,587072,587538,466,60,5
End_Of_Game_Hi_Score_,587538,588161,623,60,4
Init_Hall_Of_Fame_Screen_,588161,588758,597,60,5
HOF_Version_Number_,588758,588777,19,60,5
Sort_HOF_Scores_,588777,588839,62,60,5
Move_Sorted_HOF_Data_,588839,589040,201,60,5
Set_Hi_Score_Pop_Icon_Ids_,589040,589622,582,60,5
Get_From_Tmp_Pop_,589622,589804,182,60,5
ascending_qsort_uchar_,589804,589813,9,60,5
Handle_Vertical_Scroll_Field_,589813,589888,75,61,4
Get_Vertical_Scroll_Bar_First_Item_,589888,590065,177,61,4
Get_Vertical_Scroll_Bar_Height_,590065,590117,52,61,4
Set_Vertical_Scroll_Bar_Maxima_,590117,590173,56,61,4
Scroll_Down_One_Item_,590173,590278,105,61,4
Scroll_Up_One_Item_,590278,590374,96,61,4
Draw_Generic_Vertical_Scroll_Bar_,590374,590597,223,61,4
Build_Ship_Icons_,590597,591631,1034,62,4
Draw_Ship_Icons_,591631,591816,185,62,4
Set_Ship_Icon_XYs_,591816,591885,69,62,4
Do_Ship_Destination_Lines_,591885,592344,459,62,4
Add_Ship_Icon_Fields_,592344,592476,132,62,4
Get_Ship_Icon_Coords_,592476,592816,340,62,4
Get_XYs_For_Orbiting_Ships_,592816,593109,293,62,5
Get_Ship_Icon_Coords_In_Space_,593109,593272,163,62,4
Get_Ship_Icon_Pict_Seg_,593272,593706,434,62,4
Get_Stack_Orbiting_Star_,593706,593832,126,62,4
Overlapped_Ship_Icon_Button_,593832,594263,431,62,4
Build_Ship_Id_List_,594263,594368,105,62,4
Draw_Directional_Multi_Colored_Line_,594368,594585,217,62,4
Draw_Ship_Destination_Line_,594585,594753,168,62,4
Enemy_Ship_Heading_Toward_Our_Colony_,594753,594864,111,62,4
Print_Eta_On_Ship_Icon_,594864,595029,165,62,4
Load_Highlighted_Ship_Icon_Picture_,595029,595501,472,62,4
qsort_ship_icon_,595501,595514,13,62,5
Kill_Ship_,595514,595647,133,62,4
Build_Nonplayer_Ship_,595647,595810,163,62,4
Set_Nonplayer_Ship_XY_,595810,596515,705,62,4
Set_Nonplayer_Ship_Destination_,596515,596730,215,62,4
Deploy_Ships_To_Attack_Antares_,596730,596878,148,62,4
Reset_Ships_Attacking_Antares_,596878,596937,59,62,4
Get_Ship_Icon_Dimensions_,596937,596980,43,62,4
Clear_Auto_Colonization_Flag_,596980,597005,25,62,4
Clear_All_Ships_Auto_Colonization_Flag_,597005,597070,65,62,4
_flag_replacement_colors,597070,597108,38,63,5
Add_System_Display_Popup_Fields_,597108,598030,922,63,4
Build_System_Popup_Ships_,598030,598221,191,63,5
Clear_System_Display_Loaded_Flag_,598221,598252,31,63,4
Clear_System_Display_Ship_Fields_,598252,598307,55,63,4
Do_Print_Planet_Info_,598307,599779,1472,63,5
Do_Print_System_Ship_Data_,599779,601105,1326,63,5
Draw_Colony_Marker_,601105,601190,85,63,5
Draw_Gate_Icons_,601190,601389,199,63,5
Draw_Outpost_Marker_,601389,601468,79,63,5
Draw_Planet_With_Pierced_Ring_,601468,602149,681,63,5
Draw_Sun_Seg_,602149,602309,160,63,4
Draw_System_Display_Border_,602309,602365,56,63,5
Draw_System_Display_Planets_,602365,602586,221,63,5
Draw_System_Display_Popup_,602586,604693,2107,63,4
Draw_System_Highlight_,604693,605124,431,63,5
Draw_System_Ship_Icons_,605124,605482,358,63,5
Get_Gate_Icon_XY_,605482,605544,62,63,5
Get_Planet_Info_Box_Dimensions_,605544,605572,28,63,5
Get_Rotating_Planet_Segment_,605572,605757,185,63,4
Get_System_Display_Ship_Icon_XY_,605757,605948,191,63,5
Get_System_Ship_Info_Box_Dimensions_,605948,605985,37,63,5
Hide_System_Display_,605985,606182,197,63,5
Init_System_Display_,606182,606286,104,63,4
Load_New_System_Display_,606286,607023,737,63,5
N_Ships_By_Type_At_Location_,607023,607270,247,63,4
Need_To_Reload_System_Display_,607270,607386,116,63,5
Global_Data_Seg_Ok_,607386,607484,98,63,5
Ok_To_View_System_,607484,607551,67,63,4
Potential_Colony_Info_Popup_,607551,608649,1098,63,4
Print_Gate_Info_,608649,609295,646,63,5
Print_Planet_Info_,609295,609345,50,63,5
Print_System_Display_Box_Title_,609345,609713,368,63,5
Print_System_Ship_Data_,609713,609753,40,63,4
Restore_Planet_Palette_Colors_,609753,609819,66,63,4
Set_System_Display_Loaded_Flag_,609819,609939,120,63,5
Ships_At_Location_String_,609939,610057,118,63,4
Space_Monster_Here_,610057,610079,22,63,4
Wrapper_For_Informational_System_Fields_,610079,610136,57,63,4
Wrapper_For_Normal_System_Fields_,610136,610238,102,63,4
Wrapper_For_Normal_System_Popup_,610238,610373,135,63,4
qsort_sys_disp_,610373,610384,11,63,5
Calculate_Remap_Gray_Palettes_,610384,610606,222,63,5
Remap_Draw_With_Mask_,610606,611292,686,63,5
Remap_Draw_Animated_Sprite_Mask_,611292,611570,278,63,5
Remap_Clipped_Draw_Animated_Sprite_Mask_,611570,612155,585,63,5
Print_Empty_System_Data_,612155,612420,265,63,5
Buffer_Reload_System_Ships_,612420,612558,138,63,5
Print_Special_Building_Data_,612558,612769,211,63,5
Draw_Help_Entry_,612769,614066,1297,64,4
Text_Box_,614066,614076,10,64,4
Timed_Text_Box_,614076,614079,3,64,4
Do_Text_Box_,614079,614758,679,64,4
Box_Centered_On_XY_,614758,615136,378,64,5
Text_Box_Startup_,615136,615389,253,64,5
Text_Box_Cleanup_,615389,615501,112,64,5
Text_Box_Get_Input_,615501,615595,94,64,5
Get_Mox_Text_Box_Base_Colors_,615595,615751,156,64,4
Get_Help_Lbx_Name_,615751,616974,1223,64,4
Clear_Beam_SFX_Handles_,616974,617006,32,65,5
Rob_Interpolate_Line_,617006,617365,359,65,4
N_Frames_For_Last_Weapon_Fired_,617365,617372,7,65,5
Draw_Generic_Beam_,617372,619330,1958,65,4
Get_Ship_Range_,619330,619364,34,65,4
Draw_Ship_Burst_,619364,619447,83,65,4
Draw_Ship_Explosion_,619447,619563,116,65,4
Load_Beam_Sfx_,619563,619594,31,65,5
Load_Ship_Burst_,619594,619717,123,65,5
Load_Ship_Explosion_,619717,619800,83,65,5
Load_Combat_Beam_Stuff_,619800,619906,106,65,4
Load_Pallette_Fragments_,619906,619952,46,65,4
Reset_Beam_Swapping_Colors_,619952,619971,19,65,4
Add_Weapon_Palette_Fragment_To_Current_Palette_,619971,620060,89,65,4
Fire_Weapon_,620060,622999,2939,65,5
Beam_SFX_,622999,626739,3740,65,4
Draw_Fighter_Beam_,626739,627055,316,65,4
Reset_Damage_Message_Queue_,627055,627065,10,65,5
Add_Damage_Message_To_Queue_,627065,627176,111,65,4
Squish_Out_Msg_Queue_Slot_,627176,627235,59,65,4
Draw_Damage_Message_Queue_,627235,627354,119,65,4
Done_Drawing_Damage_Message_Queue_,627354,627366,12,65,4
Draw_Damage_Indicator_,627366,627626,260,65,4
Add_Damage_Indicator_For_Ship_,627626,627730,104,65,4
Add_Damage_Indicator_For_Missile_,627730,627770,40,65,4
Add_Damage_Indicator_For_Biological_,627770,627808,38,65,4
Draw_Damage_Indicator_Right_,627808,627839,31,65,4
Draw_Damage_Indicator_Right2_,627839,627873,34,65,4
Draw_Damage_Message_Queue_Until_Done_,627873,627964,91,65,4
Get_SFX_Draw_Shield_Facing_,627964,628076,112,65,4
Get_SFX_Draw_Shield_Facing2_,628076,628248,172,65,5
Adjust_Shield_Display_Status_,628248,628423,175,65,5
XY_In_Shield_Radius_,628423,628514,91,65,5
Load_Shield_Hit_,628514,628642,128,65,5
Draw_All_Shields_,628642,628727,85,65,4
Shield_Anims_,628727,628839,112,65,4
Draw_Shield_Hit_Once_Through_,628839,629151,312,65,4
Draw_Shield_Hit_Next_Frame_,629151,629421,270,65,4
Ship_Size_To_Shield_Size_,629421,629448,27,65,4
Planet_Size_To_Shield_Size_,629448,629485,37,65,4
Draw_Shield_Hit_,629485,630686,1201,65,5
Rot_To_Base_Rot_,630686,630731,45,65,5
Rot_To_Rot_Method_,630731,630780,49,65,5
Adjust_Reflection_Field_Display_Status_,630780,631009,229,65,5
Load_Reflection_Field_Hit_,631009,631049,40,65,5
Reflection_Field_Anims_,631049,631079,30,65,4
Draw_Reflection_Field_Hit_Once_Through_,631079,631425,346,65,4
Draw_Reflection_Field_Hit_Next_Frame_,631425,631693,268,65,4
Draw_Reflection_Field_Hit_,631693,632155,462,65,5
XY_In_Reflection_Field_Radius_,632155,632246,91,65,5
Get_Beam_Frames_,632246,632407,161,65,4
Draw_Beam_,632407,633911,1504,65,4
Set_Beam_Colors_,633911,635164,1253,65,4
Build_Steve_Stuff_Struct_For_Weapon_,635164,636140,976,65,4
Weapon_Has_Steve_Stuff_,636140,636206,66,65,4
Draw_Beam2_,636206,637008,802,65,4
Draw_Anti_Missile_Rocket_Picture_,637008,637119,111,66,5
Draw_Anti_Missile_Rockets_,637119,637449,330,66,5
Anti_Missile_Rockets_,637449,638045,596,66,4
Draw_Gyro_Special_Effect_,638045,638963,918,66,5
Teleport_Enemy_Ship_,638963,639286,323,66,4
Gyro_Destablizer_,639286,640114,828,66,4
Lightning_Field_,640114,640537,423,66,4
Draw_Stasis_Ball_,640537,641146,609,66,4
Draw_Stasis_Beam_,641146,641866,720,66,4
Draw_Cloak_,641866,642267,401,66,4
Draw_Continuing_Tractor_,642267,642568,301,66,4
Draw_Moving_Tractor_,642568,642947,379,66,4
Plasma_Web_,642947,644042,1095,66,4
Tractor_Beam_,644042,644480,438,66,4
Draw_Plasma_Web_,644480,645109,629,66,4
Draw_Transporter_Bomb_Beam_,645109,645514,405,66,4
Stellar_Converter_,645514,646399,885,66,4
Start_Ship_Engine_SFX_,646399,646436,37,66,4
End_Ship_Engine_SFX_,646436,646464,28,66,4
Draw_Ship_Collapsing_,646464,646680,216,66,4
Do_Spherical_SFX_,646680,650251,3571,66,4
Play_Ship_Explosion_SFX_,650251,650363,112,66,4
Destroy_Ship_FX_,650363,652158,1795,66,4
Missile_Launch_FX_,652158,652610,452,66,4
Allocate_Bldg_Cache_,652610,652718,108,67,4
Deallocate_Bldg_Cache_,652718,652790,72,67,4
Bldg_In_Cache_,652790,652878,88,67,5
Oldest_Slot_In_Bldg_Cache_,652878,652922,44,67,5
Touch_Slot_,652922,652946,24,67,5
Touch_Bldg_,652946,653020,74,67,4
Cache_Load_Bldg_,653020,653135,115,67,4
Allocate_Help_Buffer_,653135,653167,32,68,4
Colbldg_Create_Ship_,653167,653236,69,68,5
Create_Ship_,653236,653803,567,68,4
Colbldg_Scrap_Ship_,653803,653804,1,68,5
Delete_Ship_,653804,653832,28,68,5
Ship_N_Anim_,653832,653878,46,68,4
Is_In_Queue_,653878,653916,38,68,4
Print_Setting_Description_,653916,654009,93,68,5
Get_Setting_Description_String_,654009,654093,84,68,4
Print_App_Description_,654093,654273,180,68,5
Clear_Last_App_Description_String_,654273,654283,10,68,4
Get_App_Description_String_,654283,654445,162,68,4
Option_String_,654445,654658,213,68,4
Trace_Tech_Apps_,654658,654825,167,68,4
N_Prods_In_Queue_,654825,654860,35,68,5
N_Prods_In_Colony_Queue_,654860,654920,60,68,4
N_Prods_In_Colony_Ptr_Queue_,654920,654958,38,68,4
Star_N_Uncolonized_Worlds_,654958,655072,114,68,5
qsort_building_by_name_,655072,655100,28,68,5
Calculate_Building_Array_,655100,655257,157,68,4
Build_Arrays_,655257,655262,5,68,5
Calculate_Military_Array_,655262,656237,975,68,5
Calc_Font_Off_,656237,656279,42,68,5
Get_Font_Off_For_Buildings_,656279,656537,258,68,5
Get_Font_Off_For_Military_,656537,656637,100,68,5
Draw_Buildings_List_,656637,656995,358,68,4
Draw_Militarys_List_,656995,657610,615,68,4
Add_Buildings_Fields_,657610,657740,130,68,4
Add_Militarys_Fields_,657740,657870,130,68,4
Something_Behind_Settting_,657870,657956,86,68,5
Load_Build_Anims_,657956,658076,120,68,4
Draw_Building_Centered_In_Window_,658076,658147,71,68,5
Draw_Building_Info_,658147,658350,203,68,4
Build_Weapon_String_,658350,658678,328,68,4
Build_Ship_Design_Info_Formatted_Paragraph_,658678,660042,1364,68,4
Draw_Ship_Design_Info2_,660042,660140,98,68,5
Draw_Ship_Design_Info_,660140,660384,244,68,4
Draw_Ship_Info_,660384,660568,184,68,4
Draw_Active_Prod_,660568,661197,629,68,4
Get_First_Empty_Queue_Slot_,661197,661232,35,68,5
Auto_Design_Type_,661232,661269,37,68,4
Add_To_Queue_,661269,662621,1352,68,5
First_Prod_Colony_Queue_Slot_,662621,662871,250,68,4
First_Prod_Queue_Slot_,662871,663065,194,68,4
Delete_From_Colony_Queue_,663065,663159,94,68,4
Delete_From_Queue_,663159,663663,504,68,5
Delete_Prod_From_Colony_Queue_,663663,663713,50,68,4
Clear_Colony_Queue_,663713,663741,28,68,4
Defragment_Queue_,663741,663888,147,68,5
Squish_Out_Queue_Slot_,663888,663952,64,68,5
Add_Refited_Ship_To_Queue_,663952,664333,381,68,5
Insert_Before_Queue_Slot_,664333,664570,237,68,5
Remove_Ships_,664570,664833,263,68,4
Do_Exit_Screen_Cleanup_,664833,667642,2809,68,4
Selection_Name_,667642,667759,117,68,4
Draw_Build_Queue_,667759,668250,491,68,5
Add_Build_Queue_Fields_,668250,668340,90,68,5
Draw_Centered_In_Window_,668340,668362,22,68,5
Print_Centered_In_Window_,668362,668456,94,68,5
Draw_Current_Selection_,668456,670550,2094,68,4
Draw_Cost_And_Time_Info_,670550,670967,417,68,4
Draw_Build_Queue_Popup_,670967,671809,842,68,4
Build_Queue_Popup_,671809,672602,793,68,4
Load_Bombing_Anims_,672602,672643,41,69,5
Squeze_Out_Bomb_,672643,672678,35,69,5
Add_Bomb_To_End_Of_Queue_,672678,672991,313,69,5
Queue_Is_Empty_,672991,673003,12,69,5
Replace_With_New_Bomb_,673003,673059,56,69,5
Decrement_Bomb_Counters_,673059,673236,177,69,5
Allocate_Hit_,673236,673286,50,69,5
Do_Bomb_,673286,673487,201,69,5
Do_Bombs_,673487,673587,100,69,5
Add_Building_To_Queue_,673587,673792,205,69,5
Draw_Colony_Bombing_Screen_,673792,674027,235,69,5
Blow_Up_All_Bldgs_,674027,674123,96,69,5
Do_Summary_String_Popup_,674123,675074,951,69,5
Colony_Bombing_Screen_,675074,675329,255,69,4
Draw_Cluster_Update_Function_,675329,675428,99,70,4
Calculate_Squish_Step_,675428,675574,146,70,4
Do_Colony_Info_Pop_Stuff_For_Pop_,675574,676790,1216,70,4
Draw_Info_Morale_,676790,676808,18,70,4
Draw_Info_Wee_Morale_,676808,676812,4,70,4
Draw_Info_Morale_Both_,676812,677283,471,70,4
Draw_Colony_Prod_,677283,677319,36,70,4
Draw_Colony_Wee_Prod_,677319,677327,8,70,4
Draw_Colony_Prod_Both_,677327,679634,2307,70,4
Draw_Colony_PC_Bar_,679634,679870,236,70,4
Load_Road_List_Anims_,679870,680089,219,70,4
Build_Road_List_Based_On_Bldg_List_,680089,680487,398,70,4
Road_Back_To_Front_,680487,680532,45,70,4
Load_Veggie_Anims_,680532,680533,1,70,4
Draw_Road_List_,680533,680659,126,70,4
Link_Buildings_,680659,680779,120,70,4
Draw_Simplest_Path_,680779,680786,7,70,4
Find_Simplest_Path_Node_,680786,681432,646,70,4
Veggie_Anims_,681432,681459,27,70,5
Pick_Random_Veggie_Anim_For_Colony_CR_,681459,681543,84,70,4
Pick_Random_Veggie_Anim_Entry_For_Colony_CR_,681543,681680,137,70,4
Veggie_Type_For_Colony_,681680,681956,276,70,4
N_Roads_Around_CR_,681956,682059,103,70,4
Pick_Random_Road_At_CR_,682059,682072,13,70,4
Pick_Random_Road_Around_CR_,682072,682080,8,70,4
Pick_Random_Road_At_And_Around_CR_,682080,682290,210,70,4
Clear_Veggie_Draw_Flags_,682290,682359,69,70,4
Build_Veggie_List_Based_On_Bldg_List_,682359,682901,542,70,4
Draw_Veggie_CR_,682901,683345,444,70,4
Load_Combat_Anims_,683345,684421,1076,71,5
Add_Kill_Anim_To_Queue_,684421,684448,27,71,4
Add_Hit_Anim_To_Queue_,684448,684473,25,71,4
Draw_Summary_,684473,684681,208,71,5
Draw_Colony_Combat_Screen_,684681,685201,520,71,5
Colony_Combat_Screen_,685201,685853,652,71,4
N_Slots_Left_,685853,685901,48,71,5
Top_Line_Y_,685901,685933,32,71,5
Top_Line_X_,685933,685958,25,71,5
Set_Up_Troops_,685958,685990,32,71,4
Calc_Top_Line_,685990,686117,127,71,5
Spatter_Down_Starting_Troops_,686117,686270,153,71,5
Find_Unshot_Target_,686270,686344,74,71,4
Find_Lowest_Framed_Unit_,686344,686480,136,71,4
Verify_Legal_Totals_,686480,686610,130,71,4
Force_Firing_Pairs_,686610,686796,186,71,4
Draw_Troops_,686796,686876,80,71,4
N_Left_Of_Me_To_Process_,686876,686935,59,71,5
N_Left_Active_To_Process_,686935,686994,59,71,5
Resort_Units_,686994,687245,251,71,5
Get_Firepoint_Offsets_,687245,687432,187,71,4
Get_Target_Offsets_,687432,687650,218,71,4
Pick_Target_,687650,687748,98,71,4
Do_Unit_Turn_,687748,688631,883,71,4
Action_Anim_,688631,688780,149,71,5
Pick_Next_Action_,688780,689133,353,71,5
Move_Is_Legal_,689133,689525,392,71,5
Do_Legal_Move_Check_,689525,689695,170,71,5
Do_Delta_Y_,689695,689844,149,71,5
Reinforce_Units_,689844,689910,66,71,4
Get_First_Unit_,689910,689970,60,71,4
N_Troop_Type_,689970,690045,75,71,5
Get_Next_Troop_Type_,690045,690125,80,71,5
Add_Unit_,690125,690354,229,71,5
Add_Initial_Unit_,690354,691143,789,71,5
Draw_Summary_Box_ATK_,691143,691334,191,71,5
Draw_Summary_Boxes_,691334,691339,5,71,5
Draw_Summary_Box_DEF_,691339,691963,624,71,5
Replace_Colgcbt_Color_With_Player_Colors_,691963,692063,100,71,5
Draw_Unit_Beam_,692063,692410,347,71,4
Draw_CGCBT_Beam_,692410,692900,490,71,5
Get_CGCBT_Beam_Len_,692900,692984,84,71,4
Play_Unit_Beam_Sound_,692984,693097,113,71,4
Set_Ground_Combat_Screen_Help_List_,693097,693160,63,71,4
Load_Landing_Anims_,693160,693201,41,72,5
Draw_Colony_Landing_Screen_,693201,693566,365,72,5
Print_Planet_Data_,693566,694274,708,72,5
Colony_Landing_Screen_,694274,694924,650,72,4
Clear_Cluster_,694924,694999,75,73,4
Get_First_Unemployed_,694999,695055,56,73,4
Get_Num_Unemployed_,695055,695113,58,73,4
Draw_Cluster_,695113,695357,244,73,4
Get_Cluster_,695357,695523,166,73,4
Pops_Identical_,695523,695714,191,73,4
Colony_Pop_String_,695714,695956,242,73,4
Send_Cluster_,695956,697818,1862,73,4
Give_Colonist_New_Job_,697818,698446,628,73,4
N_Colonies_And_Outposts_At_Star_For_Player_,698446,698559,113,74,4
N_Colonies_And_Outposts_At_Star_,698559,698635,76,74,4
Draw_Pop_Dark_,698635,698733,98,74,4
N_Bldgs_,698733,698789,56,74,4
Defragment_Colony_Queue_,698789,698860,71,74,5
Squish_Out_Colony_Queue_Slot_,698860,698939,79,74,5
Fix_Colony_Queue_,698939,698987,48,74,4
Clean_Up_Colony_Queue_,698987,699077,90,74,5
Remap_Draw_Ship_Centered_,699077,699300,223,74,4
Remap_Draw_Ship_Seg_N_Centered_,699300,699468,168,74,4
Remap_Draw_Ship_D_Centered_,699468,699521,53,74,4
Make_Satellite_Bitm_,699521,699808,287,74,4
Print_Sys_Disp_Scanned_String_,699808,699852,44,74,4
Get_Effective_Pop_Player_,699852,699930,78,74,4
Pop_Race_String_,699930,700040,110,74,4
Reset_Field_Arrays_,700040,700158,118,74,4
Set_Colony_Font_,700158,700220,62,74,4
Set_Colony_Font_To_Player_,700220,700292,72,74,4
Set_Colony_Font_To_Blue_,700292,700361,69,74,4
Set_Colony_Font_To_Reg_Blue_,700361,700434,73,74,4
Set_Colony_Font_To_Red_,700434,700494,60,74,4
Set_Colony_Font_To_,700494,700546,52,74,4
Colonize_Planet_,700546,700611,65,74,4
Init_Colonies_,700611,700656,45,74,4
Job_String_,700656,700705,49,74,4
Conquered_String_,700705,700729,24,74,4
Conquered_String_Abbreviated_,700729,700743,14,74,4
Pop_State_String_,700743,700778,35,74,4
Set_Colony_Globals_,700778,700838,60,74,4
Col_Calc_Wrapper_,700838,700922,84,74,4
Clear_Move_Military_,700922,700959,37,74,5
Pick_Up_Colonists_,700959,701003,44,74,5
Drop_Military_,701003,701131,128,74,5
Reset_Field_Mode_,701131,701270,139,74,4
Load_People_,701270,701271,1,74,5
Load_Global_Bitms_,701271,701314,43,74,4
Spy_Anim_,701314,701343,29,74,4
Turn_To_Rubble_CR_Bldg_,701343,701403,60,74,4
CR_Building_Name_,701403,701453,50,74,4
Real_Building_Name_,701453,701464,11,74,4
Satellite_Name_,701453,701464,11,74,4
Draw_Building_,701464,701545,81,74,4
Draw_Bldg_CR_,701545,701586,41,74,5
Draw_All_Buildings_,701586,701609,23,74,4
Colony_Pop_Anim_,701609,701758,149,74,4
Race_Conquered_Anim_,701758,701773,15,74,4
People_Anim_,701773,701883,110,74,4
Military_Anims_,701883,701915,32,74,4
Military_Anim_,701915,702064,149,74,4
Troop_Anim_,702064,702101,37,74,4
Player_Troop_Name_,702101,702243,142,74,4
Player_Troop_Anim_,702243,702395,152,74,4
Load_Bldg_Bitm_,702395,702427,32,74,4
Load_Ship_Bitm_,702427,702498,71,74,4
Load_Button_Anims_,702498,702685,187,74,5
Load_Officer_Anim_,702685,702743,58,74,5
Load_PC_Bar_Anim_,702743,702744,1,74,4
Load_Road_Anim_,702744,702749,5,74,4
Load_Galaxy_Map_Anims_,702749,702804,55,74,4
Load_Colony_Screen_Seg_,702804,702973,169,74,4
Load_Local_Colony_Anims_,702973,703118,145,74,4
Load_Planet_Screen_,702973,703118,145,74,5
C_Anims_,703118,703369,251,74,4
Load_Colony_Info_Anims_,703369,703370,1,74,5
Load_Colony_Popups_,703369,703370,1,74,5
Load_Satellite_Anims_,703369,703370,1,74,4
Govt_Anim_,703370,703391,21,74,4
Govt_Anims_,703370,703391,21,74,4
Satellite_Anims_,703391,703418,27,74,4
Satellite_Bldg_N_TO_Satellite_Animation_Index_,703418,703510,92,74,4
Load_Colony_Anims_,703510,703558,48,74,4
Prod_Anims_,703558,703599,41,74,4
Import_Anims_,703599,703627,28,74,4
Short_Anims_,703627,703708,81,74,4
Clear_Satellite_Array_,703708,703733,25,74,5
Clear_Bldgs_Array_,703733,703749,16,74,5
Bldg_Array_Empty_,703749,703799,50,74,4
Get_Bldg_CR_,703799,703945,146,74,4
Sort_Bldg_Array_Columns_,703945,704350,405,74,5
N_Houses_In_Bldg_Array_,704350,704430,80,74,5
Find_Replacement_Slot_For_Building_,704430,704606,176,74,5
Insert_Bldg_Into_Array_,704606,705051,445,74,5
Sat_Should_Be_Replaced_,705051,705151,100,74,5
Remove_Satellite_From_Array_,705151,705262,111,74,5
Insert_Satellite_Into_Array_,705262,705291,29,74,5
Make_Bldg_Array_For_Colony_,705291,706008,717,74,4
CR_To_XY_,706008,706034,26,74,4
Get_Bldg_Box_,706034,706213,179,74,4
Box_To_XY_Pair_,706213,706408,195,74,4
XY_In_Bldg_Poly_,706408,706531,123,74,5
Box_All_Slots_,706531,706577,46,74,4
Box_Bldg_Slot_,706577,706662,85,74,5
Bldg_Coords_To_Centered_Screen_Coord_,706662,706707,45,74,4
Bldg_Coords_To_Screen_Coord_,706707,706726,19,74,4
Bldg_Coords_To_Effective_Frame_,706726,706783,57,74,4
Colony_Type_,706783,706856,73,74,5
Reset_Step_Squish_,706856,706866,10,74,4
Colony_Has_Natives_,706866,706930,64,74,4
Sum_Colonists_,706930,707279,349,74,4
Pop_To_Pop_State_,707279,707335,56,74,4
Draw_Colony_Info_Pop_For_,707335,707403,68,74,5
Add_Job_Field_For_,707403,707645,242,74,5
Add_Job_Fields_,707645,707693,48,74,5
Add_Move_Colonist_Job_Field_For_,707693,707952,259,74,5
Draw_Colony_Info_Pop_,707952,707979,27,74,5
Draw_Colony_Info_Pop_Scanned_,707979,708190,211,74,5
Draw_Colony_Info_Production_,708190,708222,32,74,5
Draw_Colony_Info_Production_For_,708222,708258,36,74,5
Do_Colony_Info_Military_Stuff_For_,708258,709105,847,74,5
Draw_Colony_Info_Military_For_,709105,709115,10,74,5
Draw_Colony_Info_Military_,709115,709166,51,74,5
Add_Military_Field_For_,709166,709174,8,74,5
Add_Military_Fields_,709174,709228,54,74,5
Draw_Colony_Info_Officer_,709228,709569,341,74,5
Draw_Colony_Info_Morale_,709569,709603,34,74,5
Draw_Colony_Info_Background_,709603,709684,81,74,5
Draw_Info_Name_And_Pop_,709684,710407,723,74,5
Print_Scanned_Satellite_,710407,710439,32,74,5
Print_Scanned_String_,710439,710544,105,74,5
Print_Scanned_Military_,710544,710642,98,74,5
Draw_Colony_Info_Scanned_,710642,710720,78,74,5
Draw_Colony_Info_,710720,710902,182,74,5
Actual_Build_Time_,710902,710983,81,74,4
Total_Build_Time_,710983,711048,65,74,4
Draw_Building_With_Bottom_Centered_,711048,711255,207,74,4
Draw_Current_Production_Graph_,711255,711348,93,74,4
Draw_Current_Building2_,711348,711522,174,74,4
Draw_Current_Building_,711522,711545,23,74,5
Draw_Current_Ship_,711545,711609,64,74,5
Calculate_Colony_Turn_Count_From_Scrap_For_Prod_,711609,711704,95,74,4
Calculate_Colony_Turn_Count_With_Accumulation_For_Prod_,711704,711827,123,74,4
Calculate_Current_Production_Turn_Count_,711827,711896,69,74,4
Draw_Turn_Count_,711896,711983,87,74,5
Draw_Current_Production_,711983,712633,650,74,5
Draw_Info_Build_,711983,712633,650,74,5
Add_Satellite_Fields_,712633,712860,227,74,5
Check_Satellite_Fields_,712860,713329,469,74,5
Draw_Satellite_Dark_,713329,713478,149,74,5
Satellite_Anim_,713478,713574,96,74,4
Draw_Colony_Satellites_,713574,713802,228,74,5
Add_Bldg_Fields_,713802,713992,190,74,5
Scan_Bldg_CR_,713992,714032,40,74,5
Check_Bldg_Fields_,714032,714902,870,74,5
Draw_Bldg_CR_Dark_,714902,715104,202,74,5
Draw_Bldg_At_XY_With_Bottom_Centered_No_Glass_,715104,715315,211,74,5
Draw_Colony_Bldg_,715315,715549,234,74,5
Draw_Colony_Bldg_To_Bitm_,715549,715694,145,74,5
Bldg_Back_To_Front_,715694,715739,45,74,4
Draw_Planet_Info_,715739,715740,1,74,5
Draw_Colony_Bldgs_,715740,715945,205,74,4
Draw_Colony_Bldgs_to_Bitm_,715945,716060,115,74,4
Draw_Road_Anim_,716060,716065,5,74,5
Draw_Colony_Screen_,716065,716621,556,74,5
Box_Galaxy_Map_Star_,716621,716712,91,74,5
Colony_Can_Buy_Product_0_,716712,716827,115,74,4
Add_Screen_Fields_,716827,717721,894,74,5
Add_Stacking_Fields_,717721,718080,359,74,5
Clear_Sys_Disp_Fields_,718080,718127,47,74,4
Clear_Galaxy_Map_Fields_,718127,718170,43,74,4
Update_Colony_Palette_,718170,718209,39,74,4
Draw_Sys_Disp_Scanned_,718209,718292,83,74,4
Draw_Gal_Map_Last_Star_Scanned_,718292,718357,65,74,5
Draw_Sys_Disp_Last_Scanned_,718357,718375,18,74,5
Check_Job_Fields_,718375,718636,261,74,5
Check_Military_Fields_,718636,718850,214,74,5
Check_System_Display_Fields_,718850,719883,1033,74,5
Tested_Colony_Buys_Outright_,719883,720366,483,74,4
Evaluate_Screen_Input_,720366,721404,1038,74,5
Get_Next_Colony_,721404,721495,91,74,4
Set_Colony_Screen_To_New_Colony_,721495,721758,263,74,4
Do_Informational_And_Decision_Popups_,721758,722313,555,74,5
Allocate_Mini_Planet_Cache_,722313,722314,1,74,4
Allocate_Planet_Cache_,722313,722314,1,74,4
Colony_Screen_,722314,723301,987,74,4
Cache_Load_Planet_,723301,723322,21,74,4
Picture_And_Pointer_To_Mouse_,723322,723551,229,74,4
Picture_To_Mouse_,723551,723644,93,74,4
Clear_Mouse_Picture_,723644,723700,56,74,4
Reset_Mouse_Picture_,723700,723721,21,74,4
Create_Shadow_Farmer_,723721,723841,120,74,4
Shadow_Farmer_Bitm_,723841,723847,6,74,4
Do_Cheats_,723847,724387,540,74,5
Colony_GI_Fill_,724387,724412,25,74,4
Mini_Planet_Anim_,724412,724509,97,74,5
Draw_Planet_Summary_,724509,724692,183,74,4
Load_Refit_Ship_Anims_,724692,724798,106,75,4
Update_First_Ship_,724798,725513,715,75,5
Add_Ship_List_Fields_,725513,725675,162,75,5
Build_Ship_List_,725675,725802,127,75,5
Draw_Ship2_,725802,726078,276,75,5
Scan_Ship_Info_,726078,726169,91,75,5
Draw_Ship_List_,726169,726236,67,75,5
Star_Has_Ship_,726236,726248,12,75,4
Draw_Refit_Popup_,726248,727163,915,75,5
Colony_Refit_Popup_,727163,727482,319,75,4
Load_Refit2_Ship_Anims_,727482,727505,23,75,4
Update2_Fields_,727505,727510,5,75,5
Add2_Fields_,727510,727855,345,75,5
Scan_Ship_D_Info_,727855,727912,57,75,5
Draw_Ship_D_List_,727912,728427,515,75,5
Draw_Refit2_Popup_,728427,728692,265,75,5
Evaluate2_Input_,728692,729263,571,75,5
Colony_Refit2_Popup_,729263,729689,426,75,4
Load_Colsum_Strings_,729689,730250,561,76,4
Clear_First_,730250,730314,64,76,4
Load_Col_Sum_Anims_,730314,730370,56,76,4
Restore_Control_,730370,730757,387,76,5
Update_First_,730757,730868,111,76,4
Draw_Empire_Info_,730868,731540,672,76,5
Get_Scanned_Pop_,731540,731802,262,76,5
Get_Selected_Pop_,731802,732018,216,76,5
Add_Fields_Pop_For_,732018,733449,1431,76,5
Event_Good_,733449,734429,980,76,4
cmp_,734429,734451,22,76,5
cmp_Alpha_,734451,734549,98,76,5
Prod_To_Sort_Type_,734549,734740,191,76,5
cmp_Prod_,734740,734965,225,76,5
cmp_Pop_,734965,735031,66,76,5
cmp_Food_,735031,735101,70,76,5
cmp_Industry_,735101,735171,70,76,5
cmp_Science_,735171,735241,70,76,5
cmp_BC_,735241,735339,98,76,5
Switched_cmp_,735339,735559,220,76,5
Sort_Col_List_,735559,735638,79,76,5
Update_Col_List_,735638,735751,113,76,5
Colsum_Connect_Galaxy_Map_Stars_,735751,735898,147,76,5
Colsum_Box_Galaxy_Map_Star_,735898,736015,117,76,5
Draw_Gal_Map_,736015,736060,45,76,5
Draw_Colony_Scan_Info_,736060,736507,447,76,4
Draw_Scan_Info_,736507,736564,57,76,4
Draw_Colony_Summary_Screen_,736564,737072,508,76,4
Evaluate_Col_List_Input_,737072,737641,569,76,5
Evaluate_Colony_Pop_Input_,737641,737972,331,76,5
Increment_First_,737972,738050,78,76,4
Decrement_First_,738050,738115,65,76,4
Evaluate_Input_,738115,738658,543,76,5
Colony_Summary_Screen_,738658,739265,607,76,4
Check_Galaxy_Map_Fields_,739265,739567,302,76,4
Pick_Best_Planet_To_Goto_At_Star_,739567,739754,187,76,5
Planet_Anims_,739754,739784,30,77,4
Load_Col_Sys_Disp_,739784,739785,1,77,4
Draw_Col_Sys_Disp_,739785,740248,463,77,4
Planet_Summary_String_,740248,741073,825,77,4
Add_Col_Sys_Disp_Fields_,741073,741387,314,77,4
Draw_Col_Sys_Disp_Last_Scanned_,741387,742134,747,77,4
Load_Xport_Anims_,742134,742320,186,78,4
Clear_List_Col_Array_,742320,742345,25,78,5
Draw_Info_Pop_For_,742345,742438,93,78,5
Draw_Colony_Summary_For_Colony_,742438,742623,185,78,5
Cheezy_Col_Count_Hack_,742623,742674,51,78,4
N_Colonies_And_Outposts_,742674,742752,78,78,4
N_Colonies_,742752,743099,347,78,4
Draw_Bar_Indicator_,743099,743424,325,78,5
Draw_Xport_Popup_,743424,743633,209,78,5
Build_Global_Colony_List_,743633,743732,99,78,4
Xport_Popup_,743732,744068,336,78,4
Sint_Is_In_List_,744068,744103,35,79,4
Get_Sint_Index_From_List_,744103,744136,33,79,4
String_Builder2_,744136,744273,137,79,4
Max_,744273,744280,7,79,4
Min_,744280,744287,7,79,4
Help_,744287,744292,5,79,4
Set_Refresh_Mode_,744292,744325,33,79,4
Set_Fade_Speed_Percent_,744325,744331,6,79,4
Get_Fade_Speed_Percent_,744331,744340,9,79,4
Set_Fade_Percent_,744340,744368,28,79,4
Get_Fade_Percent_,744368,744377,9,79,4
Fast_Fade_Out_,744377,744516,139,79,4
Fast_Fade_In_,744516,744575,59,79,4
Force_Fade_To_Colony_Palette_,744575,744581,6,79,4
Fast_Fade_Out_Needed_For_Colony_Palette_,744581,744703,122,79,4
Draw_Centered_,744703,744746,43,79,4
Remap_Draw_Centered_,744746,744789,43,79,4
Draw_Bottom_Centered_,744789,744821,32,79,4
Draw_Bottom_Centered_No_Glass_,744821,744855,34,79,4
Global_Cycler_,744855,744885,30,79,4
Print_Clicks_,744885,744935,50,79,4
Pulsing_Box_,744935,745005,70,79,4
Pulsing_Rect_,745005,745119,114,79,4
Eric_Defaults_,745119,745120,1,79,4
Pulsing_Rect_to_Bitmap_,745120,745171,51,79,4
Print_Paragraph_Centered_Vertically_,745171,745236,65,79,4
Print_Paragraph_Centered_,745236,745298,62,79,4
Eric_Init_,745298,745308,10,79,4
Pick_Random_Colony_,745308,745392,84,79,4
Player_Capitol_World_,745392,745463,71,79,4
Pick_Random_Player_,745463,745533,70,79,4
Red_If_Negative_Fmt_String_,745533,745554,21,79,4
Player_Has_Leader_With_General_Skill_At_Star_,745554,745705,151,79,4
Player_Has_Ship_Size_Or_Larger_At_Star_,745705,745787,82,79,4
Player_Can_Mind_Control_Colony_With_Help_,745787,746026,239,79,4
Player_Can_Mind_Control_Colony_,746026,746259,233,79,4
Cinematic_Autofunction_,746259,746427,168,79,5
Do_Cinematic_Popup_Setup_,746427,746584,157,79,5
Do_Cinematic_Popup_Cleanup_,746584,746667,83,79,5
Play_Amoeba_Flic_,746667,746771,104,79,4
Play_Planetary_Destruction_Flic_,746771,746875,104,79,4
Play_Dimensional_Portal_Flic_,746875,746979,104,79,4
Play_Antarans_Attack_Flic_,746979,747088,109,79,4
Play_Take_Orion_Flic_,747088,747197,109,79,4
Play_Diplomatic_Win_Flic_,747197,747291,94,79,4
Play_Normal_Win_Flic_,747291,747325,34,79,4
Play_All_Flics_,747325,747362,37,79,4
Play_Antaran_Win_Flic_,747325,747362,37,79,4
Play_Loose_Flic_,747362,747394,32,79,4
Draw_Fake_Buttons_,747394,747534,140,80,4
Add_Fake_Button_To_List_,747534,747582,48,80,4
Clear_Fake_Buttons_,747582,747611,29,80,4
Add_Fake_Button_Field_,747611,747716,105,80,4
Draw_Click_Thru_Fields_,747716,747958,242,80,4
Add_Click_Thru_Field_To_List_,747958,748070,112,80,4
Clear_Click_Thru_Fields_,748070,748099,29,80,4
Add_Click_Thru_Field_,748099,748196,97,80,4
Evaluate_Click_Thru_Fields_,748196,748281,85,80,4
Load_FP_Data_From_LBX_,748281,748395,114,81,4
N_Fire_Points_,748395,748496,101,81,4
Calc_FP_Offsets_,748496,748708,212,81,4
Allocate_Flic_Queue_And_Pointers_,748708,748718,10,82,4
Deallocate_Flic_Queue_And_Pointers_,748708,748718,10,82,4
Add_Flic_To_End_Of_Queue_,748718,748791,73,82,4
Draw_Flic_Queue_,748791,748816,25,82,4
Draw_Queue_Entry_,748816,749051,235,82,5
Squeze_Out_Queue_Entry_,749051,749182,131,82,5
Eric_Push_Fields_,749182,749210,28,83,4
Eric_Pop_Fields_,749210,749247,37,83,4
Player_Has_Colony_Or_Outpost_At_Star_,749247,749350,103,83,4
Clear_Event_Slots_,749350,749381,31,83,4
Clear_System_Special_Slots_,749350,749381,31,83,4
Clear_New_Officer_Slots_,749381,749393,12,83,4
System_Special_Anim_,749393,749496,103,83,5
System_Special_Desc_,749496,749555,59,83,5
Draw_System_Special_Popup_,749555,749614,59,83,4
Do_Popup_Setup_,749614,750211,597,83,5
Do_Popup_Cleanup_,750211,750360,149,83,5
Draw_Special_Info_Popup_,750360,750895,535,83,4
Update_Random_New_Officer_Fields_,750895,750922,27,83,5
Add_Random_New_Officer_Fields_,750922,751118,196,83,5
Leader_Technology_String_,751118,751354,236,83,4
Draw_Random_New_Officer_Popup_,751354,751973,619,83,5
Load_New_Officer_Popup_,751973,752112,139,83,5
Load_New_Officer_Popup_For_Officer_Screen_,752112,752260,148,83,5
Set_Globals_To_Center_Popup_,752260,752312,52,83,5
Hire_Officer_Popup_,752312,752346,34,83,4
Random_New_Officer_Popup_,752346,753412,1066,83,4
Marooned_Officer_Joins_Popup_,753412,753440,28,83,4
Marooned_Officer_Fails_Popup_,753440,753455,15,83,4
Add_Officer_Gains_Level_Fields_,753455,753463,8,83,5
Update_Officer_Gains_Level_Fields_,753463,753540,77,83,5
Mainpups_Tested_Execute_Autofunction_,753540,753696,156,83,4
Draw_Officer_Gains_Level_Popup_,753696,754117,421,83,5
Load_Officer_Gains_Level_Popup_,754117,754185,68,83,5
Officer_Gains_Level_Popup_,754185,754446,261,83,4
Load_System_Discovery_Popup_,754446,754510,64,83,5
Update_Discovery_Fields_,754510,754542,32,83,5
Add_Discovery_Fields_,754542,754629,87,83,5
Draw_Discovery_Popup_,754629,754952,323,83,5
Check_System_Display_Fields_Discovery_,754952,755030,78,83,5
Evaluate_Discovery_Input_,754952,755030,78,83,5
New_System_Discovery_Popup_,755030,755569,539,83,4
Load_Colony_Selection_Popup_,755569,755607,38,83,5
Update_Selection_Fields_,755607,755649,42,83,5
Add_Selection_Fields_,755649,755678,29,83,5
Draw_Selection_Popup_,755678,756097,419,83,5
Check_System_Display_Fields_Selection_,756097,756704,607,83,5
Evaluate_Selection_Input_,756704,757027,323,83,5
Artificial_Planet_Selection_Popup_,757027,757052,25,83,4
Drop_Troops_Selection_Popup_,757052,757065,13,83,4
New_Outpost_Selection_Popup_,757065,757078,13,83,4
Set_G_Special_Value_,757078,757176,98,83,5
New_Colony_Selection_Popup_,757176,757532,356,83,4
Load_Colony_Attack_Selection_Popup_,757532,757611,79,83,5
Update_Attack_Selection_Fields_,757611,757658,47,83,5
Add_Attack_Selection_Fields_,757658,757703,45,83,5
Draw_Attack_Selection_Popup_,757703,757848,145,83,5
Check_System_Display_Fields_Attack_Selection_,757848,758168,320,83,5
Evaluate_Attack_Selection_Input_,758168,758200,32,83,5
Attack_Colony_Selection_Popup_,758200,758464,264,83,4
Load_Colony_Defense_Selection_Popup_,758464,758531,67,83,5
Update_Defense_Selection_Fields_,758531,758581,50,83,5
Add_Defense_Selection_Fields_,758581,758594,13,83,5
Draw_Defense_Selection_Popup_,758594,758709,115,83,5
Check_System_Display_Fields_Defense_Selection_,758709,759382,673,83,5
Evaluate_Defense_Selection_Input_,759382,759414,32,83,5
Defense_Colony_Selection_Popup_,759414,759771,357,83,4
Player_Attacked_Popup_,759771,760283,512,83,4
Load_SLIDER_Popup_,760283,760428,145,83,5
Update_Slider_Fields_,760428,760484,56,83,5
Add_Slider_Fields_,760484,760893,409,83,5
Draw_Slider_Popup_,760893,761438,545,83,5
Evaluate_Slider_Input_,761438,761520,82,83,5
Slider_Popup_,761520,761796,276,83,4
New_Colony_Confirmation_Box_,761796,762221,425,83,5
Build_Generic_Planet_Or_Colony_Description_String_Formatted_,762221,763454,1233,83,4
Get_Colony_Best_Shield_Bldg_,763454,763558,104,83,5
Colony_Selection_Popup_,763558,763643,85,83,4
Update_CCP_Display_Data_Invasion_,763643,763791,148,83,4
Colony_Invasion_Popup_,763791,763855,64,83,4
Update_CCP_Display_Data_Bombing_,763855,763930,75,83,4
Setup_To_Apply_Bomb_Hits_,763930,763996,66,83,4
Apply_Next_Bomb_Hit_,763996,764705,709,83,4
Colony_Bombing_Popup_,764705,764799,94,83,4
Load_Combat_Colony_Picture_To_Screen_Seg_,764799,764952,153,83,4
Load_Colony_Combat_Popup_,764952,765344,392,83,5
Update_Colony_Combat_Fields_,765344,765384,40,83,5
Add_Colony_Combat_Fields_,765384,766524,1140,83,5
Draw_Colony_Combat_Popup_,766524,768140,1616,83,5
Evaluate_Colony_Combat_Input_,768140,768720,580,83,5
Colony_Combat_Popup_,768720,769723,1003,83,4
Load_Tax_Rate_Popup_,769723,769946,223,83,5
Update_Tax_Rate_Fields_,769946,769973,27,83,5
Add_Tax_Rate_Fields_,769973,770386,413,83,5
Draw_Tax_Rate_Popup_,770386,770456,70,83,5
Evaluate_Tax_Rate_Input_,770456,770571,115,83,5
Tax_Rate_Popup_,770571,770905,334,83,4
Load_Dragon_New_Star_Popup_,770905,771003,98,83,5
Update_Dragon_New_Star_Fields_,771003,771035,32,83,5
Add_Dragon_New_Star_Fields_,771035,771217,182,83,5
Draw_Dragon_New_Star_Popup_,771217,771659,442,83,5
Evaluate_Dragon_New_Star_Input_,771659,771893,234,83,5
Dragon_New_Star_Popup_,771893,772124,231,83,4
Load_New_Game_Strings_,772124,772636,512,84,4
Reload_Newgame_Screen_,772636,773181,545,84,4
Draw_Pictures_,773181,773436,255,84,5
Draw_Newgame_Screen_,773436,775009,1573,84,4
Temps_To_Globals_,775009,775100,91,84,5
Globals_To_Temps_,775100,775221,121,84,5
Newgame_Screen_,775221,776421,1200,84,4
Load_Oc_Pol_Anims_,776421,776553,132,85,4
Occupation_Policy_Popup_,776553,776941,388,85,4
Eric_Set_Help_List_,776941,776961,20,86,4
Set_Colony_Screen_Help_List_,776961,776984,23,86,4
Set_Colony_Summary_Screen_Help_List_,776984,777002,18,86,4
Set_Refit_Ship_Popup_Help_List_,777002,777020,18,86,4
Set_Building_Queue_Screen_Help_List_,777020,777038,18,86,4
Set_Transport_Popup_Help_List_,777038,777056,18,86,4
Set_Occupation_Policy_Popup_Help_List_,777056,777074,18,86,4
Set_New_Game_Screen_Help_List_,777074,777155,81,86,4
Set_New_System_Discovery_Popup_Help_List_,777155,777156,1,86,4
Set_Player_Attacked_Popup_Help_List_,777156,777177,21,86,4
Set_New_Colony_Confirmation_Box_Help_List_,777177,777198,21,86,4
Set_Tax_Rate_Popup_Help_List_,777198,777219,21,86,4
Set_Dragon_New_Star_Popup_Help_List_,777219,777240,21,86,4
Set_Planet_Selection_Popup_Help_List_,777240,777261,21,86,4
Set_Officer_Information_Popup_Help_List_,777261,777282,21,86,4
Set_Combat_Colony_Selection_Popup_Help_List_,777282,777303,21,86,4
Get_First_,777303,777332,29,87,4
Update_First_Based_On_Grid_,777332,777391,59,87,4
Draw_Scroll_Bar_Indicator_In_Base_Colony_Palette_,777391,777719,328,87,4
Inc_Grid_Var_For_Scroll_Field_,777719,777771,52,87,4
Dec_Grid_Var_For_Scroll_Field_,777771,777809,38,87,4
Add_E_Scroll_Bar_Field_,777809,777939,130,87,4
Do_Scroll_Bar_Fields_Check_,777939,778076,137,87,4
E_Strings_,778076,778085,9,88,4
Load_E_Strings_,778085,778469,384,88,4
Load_H_And_Pro_File_Strings_,778469,781465,2996,88,4
Print_Data_,781465,781590,125,89,5
Print_Best_Summary_,781590,781723,133,89,5
Print_Race_Summary_,781723,781904,181,89,5
Print_Troop_Totals_,781904,782502,598,89,5
Load_Troop_Anims_,782502,782503,1,89,4
Update_Fields_,782503,782508,5,89,5
Add_Fields_,782508,782553,45,89,5
Draw_Troop_Popup_,782553,782816,263,89,5
Troop_Popup_,782816,782958,142,89,4
AI_Invasion_Will_Succeed_,782958,783180,222,90,4
AI_Player_Invades_,783180,783256,76,90,4
Product_Name_,783256,783272,16,91,4
Compute_Colony_Ship_Need_,783272,783293,21,91,5
Compute_Freighter_Need_,783293,783373,80,91,5
Compute_Needs_,783373,785125,1752,91,5
Mean_Ship_Strength_,785125,785590,465,91,4
Compute_Empire_Building_Needs_,785590,786091,501,91,4
Find_Buildable_Buildings_,786091,786140,49,91,5
Industry_Worth_,786140,786178,38,91,5
Colony_Is_Conquered_,786178,786486,308,91,4
Colony_Building_Score_,786486,789256,2770,91,5
Assign_Colony_New_Building_,789256,789631,375,91,4
colony_less_industry_cmp_,789631,789746,115,91,5
Force_Produce_,789746,789807,61,91,5
Empire_Buy_Outright_,789807,790534,727,91,4
Player_War_Level_,790534,790667,133,91,4
Refit_Cost_,790667,790766,99,91,4
Assign_Empire_Building_,790766,796500,5734,91,4
Assign_Colony_Building_,796500,796547,47,91,4
Player_Colony_Autobuild_,796547,796583,36,91,4
Uncolonized_Planet_Worth_To_Player_,796583,797192,609,92,4
Colony_Dominant_Player_,797192,797353,161,92,5
Star_In_Range_Of_Given_Star_,797353,797418,65,92,5
Proximity_Worth_To_Player_,797418,797870,452,92,5
Colony_Worth_To_Player_,797870,798766,896,92,4
Compute_Base_Planet_Values_,798766,799013,247,92,5
Compute_Contextual_Planet_Values_,799013,799512,499,92,5
sort_ships_,799512,799697,185,92,5
Refit_Desirability_,799697,800111,414,92,5
airefit_cmp_,800111,800118,7,92,4
Player_N_Turns_From_Star_To_Star_With_Intermediate_,800118,800831,713,92,4
Ship_N_Turns_To_Star_With_Intermediate_,800831,801384,553,92,4
Find_Players_In_Range_,801384,801696,312,92,5
Compute_Star_Player_Range_Info_,801696,802100,404,92,5
Compute_AI_Data_,802100,808781,6681,92,4
Deallocate_AI_Data_,808781,808801,20,92,4
Sort_Colonies_Blockaded_,808801,808853,52,93,5
Collect_AI_Colonies_,808853,809115,262,93,5
Assign_Buildings_,809115,809172,57,93,5
Clear_Build_Queues_If_New_Tech_,809172,810222,1050,93,5
Keep_Ship_Designs_Up_To_Date_,810222,810393,171,93,5
Freighter_Cheat_,810393,810521,128,93,5
Do_Ship_Upgrade_Cheats_,810521,810921,400,93,5
Sort_Pops_Fixed_,810921,810977,56,93,5
Assign_Required_Colonists_,810977,811301,324,93,5
FI_Worthiness_,811301,811341,40,93,5
Sort_Pops_FI_,811341,811495,154,93,5
Do_Blockaded_Colony_,811495,811797,302,93,5
Sort_Pops_R_I_,811797,811942,145,93,5
Sort_Pops_FR_I_,811942,812170,228,93,5
Compute_Max_Min_R_I_Worthiness_,812170,812332,162,93,5
Do_Unblockaded_Colony_,812332,812619,287,93,5
Grab_Worker_,812619,812674,55,93,5
Grab_Scientist_,812674,812723,49,93,5
Assign_Additional_Research_Industry_,812723,813098,375,93,5
F_IR_Worthiness_,813098,813259,161,93,5
Sort_Pops_F_IR_,813259,813568,309,93,5
Make_First_Unassigned_Into_Farmer_,813568,813780,212,93,5
Assign_Additional_Unblockaded_Farmers_,813780,814464,684,93,5
Industry_Sanity_Check_,814464,814621,157,93,5
Colony_AI_Given_Tax_,814621,814804,183,93,4
Colony_AI_,814804,814951,147,93,4
All_Colony_AI_,814951,815066,115,93,4
Assign_Fleet_Officer_,815066,815224,158,94,5
Reassign_Fleet_Officer_,815224,815473,249,94,5
Assign_Star_Officer_,815473,816084,611,94,5
Assign_Unassigned_Leaders_,816084,816185,101,94,5
Do_AI_Leaders_,816185,816738,553,94,4
Sort_colonizable_,816738,816745,7,95,5
AI_May_Attack_Player_,816745,816824,79,95,4
Get_Colonizable_Planets_,816824,816996,172,95,4
Delete_Already_Assigned_Planets_,816996,817443,447,95,5
Move_Ships_With_Possible_Intermediate_,817443,817992,549,95,5
Get_Best_Unescorted_Colony_Ship_,817992,818180,188,95,5
Get_Enemy_Strength_On_Turn_,818180,818515,335,95,5
Ship_Rough_Strength_At_Star_,818515,818996,481,95,5
Ship_Min_Strength_Versus_Players_At_Star_,818996,819191,195,95,5
Get_Best_Escorted_Colony_Ship_,819191,821179,1988,95,5
I_Soonest_Enemy_Colony_Ship_,821179,821319,140,95,5
Sort_candidate_stars_,821319,821547,228,95,5
Star_Has_Monster_,821547,821615,68,95,5
Assign_New_Colony_Ship_Destinations_,821615,822393,778,95,5
Best_Uncolonized_Undestined_Planet_,822393,822545,152,95,4
Enemy_Colony_Worth_To_Player_,822545,822753,208,95,4
Player_Is_Hostile_To_Player_,822753,822866,113,95,4
N_Enemy_Stars_Reachable_,822866,822994,128,95,4
Compute_Attack_Worthiness_,822994,824312,1318,95,5
Gather_Player_Ships_At_Star_,824312,824499,187,95,5
Find_Best_Attack_From_Star_,824499,825326,827,95,5
Launch_Attacks_,825326,825407,81,95,5
Knock_Out_Impossible_Interceptions_,825407,825816,409,95,5
Gather_Intercepting_Ships_,825816,825982,166,95,5
Interceptions_,825982,827269,1287,95,5
Intercept_Invaders_,827269,828549,1280,95,5
Move_To_Stage_Points_,828549,829852,1303,95,5
Move_Transports_,829852,831444,1592,95,5
Move_To_Unexplored_Stars_,831444,832087,643,95,5
Launch_Sneak_Attack_,832087,832485,398,95,5
Mark_Flee_Stars_,832485,832638,153,95,5
Move_AI_,832638,833113,475,95,4
Sort_npc_dests_,833113,833234,121,95,5
NPC_Dest_,833234,833752,518,95,5
Move_NPCs_,833752,834345,593,95,5
Move_All_AI_,834345,834463,118,95,4
Find_Opportunity_Attack_Aux_,834463,834652,189,95,5
Find_Opportunity_Attack_,834652,834760,108,95,4
Player_Threatens_Player_,834760,835000,240,95,4
Number_Of_Attacks_Underway_,835000,835204,204,95,4
Compute_Defensive_Stage_Points_,835204,836232,1028,96,4
AI_Tech_Select_,836232,836339,107,97,4
Player_Best_Ship_Shield_,836339,836387,48,97,4
Player_Best_Armor_,836387,836431,44,97,4
Player_Best_Computer_,836431,836475,44,97,4
Player_Best_Fuel_,836475,836522,47,97,4
Player_Best_Planetary_Shield_,836522,836579,57,97,4
Player_Best_Drive_,836579,836630,51,97,4
Player_Best_Rifle_,836630,836681,51,97,4
Player_Best_Personal_Shield_,836681,836732,51,97,4
Compute_AI_Tech_Info_,836732,838249,1517,97,4
All_AI_Tech_Select_,838249,838382,133,97,4
Get_Max_Technology_Value_,838382,838471,89,97,4
System_Proximity_Count_,838471,838576,105,97,4
Apply_Evolutionary_Upgrades_,838576,838705,129,97,4
AI_Agrees_To_Trade_Agreement_,838705,838787,82,98,4
AI_Agrees_To_Research_Agreement_,838787,838860,73,98,4
Handle_Leader_At_Lost_Colony_,838860,839084,224,100,4
Destroy_Colony_,839084,839357,273,100,4
Resolve_Bomb_Hit_,839357,839998,641,100,4
Resolve_Biological_Hit_,839998,840434,436,100,4
Apply_Bomb_Hits_,840434,840529,95,100,4
Receive_Chat_Msg_,840529,840632,103,101,4
Send_Chat_Msg_,840632,840746,114,101,4
Send_GNN_Chat_Msg_,840746,840885,139,101,4
_minerals_per_mine,840885,840890,5,102,4
_climate_maintenance_modifiers,840890,840957,67,102,4
Load_Colcalc_Strings_,840957,842226,1269,102,4
Colony_Officer_,842226,842294,68,102,4
Format_Quotient_,842294,842452,158,102,4
Mixed_Race_Morale_Penalty_,842452,842533,81,102,5
Colony_Morale_,842533,843515,982,102,5
Show_Morale_,843515,843564,49,102,4
Gravity_Player_Production_Factor_,843564,843731,167,102,4
Colony_Pop_Prod_Produced_,843731,843838,107,102,4
Colony_Food2_Per_Farmer_,843838,843974,136,102,4
Colony_Empire_Base_Food2_Produced_,843974,844332,358,102,4
Colony_Pop_Base_Prod_Produced_,844332,844416,84,102,5
Colony_Job_Production_,844416,845412,996,102,5
Colony_Food_Production_,845412,846621,1209,102,5
Show_Food_Production_,846621,846667,46,102,4
Colony_Food_Maintenance_,846667,846997,330,102,5
Colony_Industry_Per_Worker_,846997,847175,178,102,4
Colony_Empire_Base_Industry_Produced_,847175,847387,212,102,4
Colony_Industry_Production_,847387,849176,1789,102,5
Show_Industry_Production_,849176,849222,46,102,4
Colony_Industry_Maintenance_,849222,849519,297,102,5
Colony_Replicators_,849519,850113,594,102,5
Colony_Is_Blockaded_,850113,850160,47,102,4
Pass_Out_Imports_,850160,851398,1238,102,5
Colony_Research_Per_Scientist_,851398,851575,177,102,4
Colony_Empire_Base_Research_Produced_,851575,851828,253,102,4
Colony_Research_Production_,851828,852931,1103,102,5
Show_Research_Production_,852931,852977,46,102,4
Colony_BC_Production_,852977,854216,1239,102,5
Show_BC_Production_,854216,854262,46,102,4
Colony_Industry_To_Tax_,854262,854351,89,102,5
Colony_BC_Maintenance_,854351,854548,197,102,5
Size_Subterranean_Pop_Bonus_,854548,854552,4,102,4
Size_And_Climate_Max_Population_,854552,854601,49,102,5
Player_Effective_Climate_,854601,854675,74,102,5
Size_And_Climate_Race_Pop_Limit_,854675,854863,188,102,5
Planet_Max_Population_For_Player_,854863,855069,206,102,4
Colony_Race_Pop_Limit_,855069,855150,81,102,4
Colony_N_Pops_Of_Empire_,855150,855195,45,102,4
Room_For_Another_Dude_,855195,855448,253,102,4
Ship_Type_Cost_For_Player_,855448,855510,62,102,4
Colony_Product_Cost_,855510,855957,447,102,4
Colony_Current_Product_Cost_,855957,855972,15,102,4
Colony_N_Turns_To_Produce_,855972,856066,94,102,4
Colony_Cost_To_Buy_Given_Product_,856066,856197,131,102,4
Colony_Cost_To_Buy_Product_,856197,856221,24,102,4
Colony_Buy_Outright_,856221,856298,77,102,4
Colony_Can_Afford_To_Buy_Product_,856298,856363,65,102,4
Star_Has_Asteroid_Or_Gas_Giant_,856363,856431,68,102,4
Delete_Obsolete_Artifical_Planets_Under_Construction_,856431,856508,77,102,4
Colony_Can_Build_Product_,856508,858169,1661,102,4
Colony_Pop_Grows_,858169,859373,1204,102,5
Colony_Environmental_Stuff_,859373,859481,108,102,4
Pre_Import_Computing_,859481,859679,198,102,4
Colony_Specialty_,859679,859763,84,102,5
Post_Import_Computing_,859763,859780,17,102,5
Colony_Production_Calculation_,859780,859798,18,102,5
Player_Research_Cost_,859798,859846,48,102,4
Chance_For_Research_Breakthrough_Aux_,859846,859892,46,102,5
Chance_For_Research_Breakthrough_,859892,859940,48,102,4
Player_N_Turns_Until_Research_Complete_,859940,860062,122,102,4
Leader_At_Anomaly_,860062,860103,41,102,4
Tribute_Received_From_,860103,860160,57,102,5
Compute_Player_Maintenance_,860160,861764,1604,102,4
Show_Command_Points_,861764,861809,45,102,4
Compute_Total_Building_Costs_,861809,861920,111,102,4
Player_Owns_Officer_,861920,861968,48,102,4
Update_Player_Stats_,861968,862832,864,102,4
Colony_Calculation_,862832,862897,65,102,4
Star_Colony_Calculation_,862897,863025,128,102,4
All_Colony_Calculations_,863025,863497,472,102,4
Do_Colony_Calculations_,863025,863497,472,102,4
Do_Player_Colony_Post_Production_,863497,863602,105,102,4
Do_Player_Colony_Calculations_,863602,863690,88,102,4
Apply_Colony_Pop_Growth_,863690,865366,1676,102,5
Apply_Assimilation_,865366,865814,448,102,5
Produce_Ground_Military_,865814,865975,161,102,5
Housing_Is_Useless_,865975,866015,40,102,5
Apply_Production_,866015,867994,1979,102,5
Ghost_Colony_Stuff_,867994,868206,212,102,5
Apply_Colony_Changes_,868206,868316,110,102,5
Apply_All_Colony_Changes_,868316,868381,65,102,4
Advance_Player_Field_,868381,868495,114,102,5
Ensure_Uncreative_Field_OK_,868495,868651,156,102,5
Player_May_Get_Tech_App_,868651,868827,176,102,4
Field_Is_Gray_Box_,868827,868868,41,102,4
Player_Gets_Tech_App_,868868,869392,524,102,4
Give_Player_Field_,869392,869600,208,102,4
Check_For_Research_Breakthrough_,869600,869685,85,102,4
Compute_Player_Total_Known_Tech_Cost_,869685,869887,202,102,4
Eliminate_Player_,869887,870431,544,102,5
Do_Surrender_Colony_,870431,870714,283,102,5
Do_Surrender_Star_,870714,870921,207,102,5
May_Surrender_Star_,870921,871091,170,102,4
Surrender_Star_,871091,871263,172,102,4
Do_Surrender_Empire_,871263,871634,371,102,5
May_Surrender_Empire_,871634,871686,52,102,4
Surrender_Empire_,871686,871881,195,102,4
Do_Surrenders_,871881,872020,139,102,4
Init_Surrenders_,872020,872115,95,102,4
Check_For_Eliminated_Players_,872115,872265,150,102,4
Apply_All_Player_Changes_,872265,872490,225,102,4
N_Living_Players_,872490,872542,52,102,4
N_Living_Human_Players_,872542,872599,57,102,4
Compute_Blockades_,872599,873077,478,102,4
Colony_Can_Build_Large_Ships_,873077,873110,33,102,4
Compute_Star_Colony_Stuff_,873110,873421,311,102,4
Do_Colony_Owner_Change_Star_Colony_Stuff_,873421,873479,58,102,4
Rebuild_WFI_List_,873479,873480,1,102,4
Compute_All_Star_Colony_Stuff_,873480,873520,40,102,4
Compute_Potential_Colony_Info_,873520,873918,398,102,4
Twiddle_Initial_Homeworld_,873918,874448,530,102,5
First_Colony_Of_Player_,874448,874484,36,102,4
Monster_At_Star_,874484,874546,62,102,5
Twiddle_Initial_Homeworlds_,874546,875239,693,102,4
Colony_Planetary_Shield_,875239,875287,48,102,4
Get_Player_Max_Population_,875287,875369,82,102,4
Get_System_Population_,875369,875480,111,102,4
Sort_star_weights_,875480,875491,11,102,5
Get_Surrender_System_,875491,875732,241,102,4
Get_Possible_Surrender_Systems_,875732,876008,276,102,4
Player_Name_,876008,876041,33,102,4
Best_Leader_Diplomat_Bonus_,876041,876211,170,102,4
Make_New_Colony_Or_Outpost_,876211,876657,446,103,5
Make_New_Colony_,876657,876671,14,103,4
Make_New_Outpost_,876671,876683,12,103,4
Star_N_Uncolonized_Planets_,876683,876744,61,103,4
Star_N_Colonizable_Planets_For_Player_,876744,876850,106,103,4
Star_N_Outpostable_Planets_For_Player_,876850,876912,62,103,4
Find_Colonize_Players_,876912,877812,900,103,5
Allocate_New_Colony_Slots_,877812,878072,260,103,4
AI_Colonize_,878072,878582,510,103,4
All_AI_Colonize_,878582,878632,50,103,4
Load_Combfind_Strings_,878632,878851,219,104,4
Copy_Target_Info_,878851,878874,23,104,4
Send_Star_Player_Presence_,878874,878969,95,104,4
Decode_Star_Player_Presence_,878969,879070,101,104,4
Target_Colony_To_Planet_,879070,879095,25,104,4
Target_Planet_To_Colony_,879095,879116,21,104,4
Get_Combat_Ships_,879116,879266,150,104,5
Update_Player_Needs_To_Attack_,879266,879428,162,104,5
Kill_Noncombat_Ships_,879428,879565,137,104,5
Closest_Other_Colony_Star_,879565,879786,221,104,4
Determine_Retreat_Ships_,879786,880210,424,104,5
Process_Retreating_Ships_,880210,881411,1201,104,4
AI_Can_Retreat_,881411,881475,64,104,5
Russ_Combat_,881475,882296,821,104,5
Expected_Bomb_Hits_,882296,882354,58,104,5
Get_Ship_Strength_Info_,882354,882855,501,104,5
Get_Best_Colony_Target_,882855,883577,722,104,5
Human_Confirms_Attack_,883577,883931,354,104,5
Get_Local_Human_Target_,883931,884170,239,104,5
Get_AI_Target_,884170,884777,607,104,5
Get_NPC_Target_,884777,885140,363,104,5
Pick_Attacker_At_Star_,885140,885297,157,104,5
Player_May_Attack_Player_,885297,885428,131,104,5
Collect_Targets_For_Combat_,885428,885786,358,104,5
Some_Star_Player_Is_Busy_,885786,885925,139,104,5
Pick_Star_And_Attacker_,885925,886173,248,104,4
Strategic_Results_Popup_,886173,886263,90,104,5
Bomb_Results_Popups_,886263,886432,169,104,5
Has_Stellar_Converter_,886432,886503,71,104,5
N_Enemy_Stars_In_Range_,886503,886585,82,104,4
N_Enemy_Stars_,886585,886646,61,104,5
Player_Owns_Transports_,886646,886738,92,104,5
Do_Attacker_Beat_Colony_Stuff_,886738,889688,2950,104,5
Reset_Combat_Ships_At_Current_Star_Has_Player_,889688,889740,52,104,5
Do_1_Combat_,889740,890985,1245,104,5
Planet_Has_Splinter_Colony_,890985,890993,8,104,5
Find_Planet_At_Star_Satisfying_,890993,891067,74,104,4
Free_Colony_Slot_,891067,891122,55,104,4
Reset_One_Shot_System_Special_,891122,891175,53,104,4
Do_System_Discoveries_At_Star_,891175,892115,940,104,5
Do_Dragon_Bribe_,892115,892258,143,104,5
Search_For_Battles_,892258,893681,1423,104,4
Client_Combat_Loop_,893681,895178,1497,104,4
GNN_Reports_Combat_,895178,895259,81,104,5
Do_Nonhuman_Attack_Against_Human_,895259,895649,390,104,5
Do_Net_Combat_Update_,895649,897426,1777,104,4
Compute_Contacts_,897426,898241,815,105,4
_orbit_consts,898241,898269,28,106,5
Points_On_Same_Side_Of_Line_,898269,898353,84,106,4
Point_Within_D_Of_Seg_,898353,899013,660,106,4
Collect_Black_Holes_,899013,899069,56,106,4
Black_Hole_Blocks_Points_,899069,899197,128,106,4
Initialize_Black_Hole_Blocks_,899197,899528,331,106,4
Point_Is_In_Nebula_N_,899528,899642,114,106,4
Point_Is_In_Some_Nebula_,899642,899708,66,106,4
Star_Is_In_Some_Nebula_,899708,899734,26,106,4
Initialize_Star_In_Nebula_Info_,899734,899779,45,106,4
Point_Is_In_Warp_Field_Interdictor_Of_Star_,899779,899852,73,106,4
Move_Player_1_Turn_To_Star_,899852,900274,422,106,4
Union_Find_,900274,900480,206,106,4
Map_Is_Connected_,900480,900729,249,106,4
Parsecs_Between_Points_,900729,900791,62,106,4
Parsecs_Between_Stars_,900791,900843,52,106,4
Get_Orbit_Display_X_Y_,900843,901067,224,106,4
Get_Orbit_From_X_Y_,901067,901342,275,106,4
Actual_Expected_Damage_,901342,901468,126,106,4
Compute_Player_Ground_Combat_Bonuses_,901468,901807,339,107,4
Compute_Colony_Officer_Bonus_,901807,901885,78,107,5
Compute_Attacker_Officer_Bonus_,901885,902048,163,107,5
Find_Troops_,902048,902094,46,107,5
Compute_Ground_Combat_Info_,902094,902398,304,107,5
Ground_Combat_Round_,902398,902657,259,107,4
Resolve_Ground_Combat_,902657,902686,29,107,4
Colony_N_Militia_,902686,902746,60,107,5
Get_Rebellion_Info_,902746,903015,269,107,5
Get_Boarding_Info_,903015,903217,202,107,4
Get_Invasion_Info_,903217,903548,331,107,4
Enforce_Population_Limits_At_Colony_,903548,904037,489,107,4
Assign_New_Home_Planet_,904037,904183,146,107,4
Change_Pop_Ownership_,904183,904709,526,107,5
Resolve_Invasion_Troops_,904709,904906,197,107,5
Resolve_Rebellion_Troops_,904906,905025,119,107,5
Change_Colony_Ownership_,905025,905824,799,107,4
Check_Rebellion_,905824,906314,490,107,5
Check_All_Rebellions_,906314,906379,65,107,4
Invade_,906379,906653,274,107,4
Colony_Infantry_Limit_,906653,906727,74,107,4
Colony_Infantry_Barracks_Limit_,906727,906781,54,107,4
Colony_Tank_Limit_,906781,906868,87,107,4
Colony_Tank_Barracks_Limit_,906868,906935,67,107,4
Unload_Transports_,906935,907027,92,107,4
Compute_Colony_Ground_Combat_Info_,907027,907171,144,107,4
Compute_Stars_In_Range_Of_Player_,907171,907311,140,108,5
Player_Lose_Out_Of_Range_Ships_,907311,907455,144,108,5
Lose_Out_Of_Range_Ships_,907455,907528,73,108,4
Kill_Research_Buildings_,907528,907756,228,109,5
Building_Worth_,907756,908002,246,109,5
Phase1_Building_,908002,908061,59,109,5
Phase2_Building_,908061,908077,16,109,5
Phase3_Building_,908077,908085,8,109,5
Kill_Buildings_,908085,908479,394,109,5
Kill_Spy_,908479,908659,180,109,5
Ship_Is_At_Colony_,908659,908760,101,109,5
Ship_Scrap_Value_,908760,908791,31,109,4
Kill_Ships_,908791,909202,411,109,5
Make_Scrap_Ships_Dead_,909202,909280,78,109,4
Kill_Leaders_,909280,909488,208,109,5
Player_Maintenance_,909488,910497,1009,109,4
Load_Msg_Strings_,910497,912186,1689,110,4
Allocate_Msg_Slots_,912186,912376,190,110,4
First_Msg_For_Player_,912376,912386,10,110,4
N_Msgs_For_Player_,912386,912536,150,110,4
sprintf_msg_,912536,914985,2449,110,4
Add_Msg_,914985,915134,149,110,4
Add_Msg_All_,915134,915184,50,110,4
Goto_Msg_Colony_,915184,915302,118,110,4
Add_Diplomacy_Msg_,915302,915453,151,110,5
Add_War_Msg_,915453,915463,10,110,4
Add_Peace_Msg_,915463,915471,8,110,4
Add_Alliance_Msg_,915471,915479,8,110,4
Add_Nonaggression_Msg_,915479,915487,8,110,4
Add_Peace_Ended_Msg_,915487,915495,8,110,4
Add_Ongoing_Event_Msgs_,915495,916154,659,110,4
Add_Banner_Field_,916154,916304,150,111,5
Add_Choose_Net_Plyrs_Fields_,916304,916714,410,111,5
Add_Net_Next_Turn_Fields_,916714,917114,400,111,4
Add_Load_MP_Game_Screen_Fields_,917114,917383,269,111,5
Add_Choose_Multi_Net_Game_Fields_,917383,917658,275,111,5
Add_MP_Setup_Screen_Fields_,917658,918514,856,111,5
Add_Modem_Setup_Fields_,918514,919160,646,111,5
Add_Modem_String_Fields_,919160,919553,393,111,5
Add_Waiting_For_Joiners_Field_,919553,919631,78,111,4
Print_Modem_Strings_,919631,919875,244,111,5
Add_NullModem_Setup_Fields_,919875,920429,554,111,5
Valid_Net_Games_,920429,920460,31,111,5
Check_Modem_Init_Help_Fields_,920460,920718,258,111,5
Choose_Multi_Network_Game_Screen_,920718,921111,393,111,4
Choose_Network_Plyrs_Screen_,921111,921702,591,111,4
Confirmation_Of_Opponent_Joining_,921702,921717,15,111,5
Draw_Net_Next_Turn_Screen_,921717,923246,1529,111,4
Draw_Choose_Net_Plyrs_Screen_,923246,924103,857,111,4
Draw_Generic_Net_Info_Screen_,924103,924404,301,111,4
Draw_Join_Net_Screen_,924103,924404,301,111,4
Draw_Choose_Multi_Net_Game_Screen_,924404,924902,498,111,5
Draw_Load_MP_Game_Screen_,924902,925826,924,111,5
Draw_MP_Setup_Screen_,925826,926130,304,111,5
Draw_MP_Buttons_Down_,926130,926421,291,111,5
Draw_Modem_Setup_Screen_,926421,927554,1133,111,5
Draw_Fill_Seg_,927554,927671,117,111,5
Draw_Multi_Player_Banner_,927671,927924,253,111,4
Draw_NullModem_Setup_Screen_,927924,928907,983,111,5
Draw_SendGet_Net_Info_Screen_,928907,929253,346,111,4
Draw_Wait_For_New_Joiners_Screen_,929253,929614,361,111,4
Draw_Wait_For_Race_Info_Screen_,929614,929977,363,111,4
Get_Main_Palette_Base_Colors_,929977,930073,96,111,5
Get_Player_Colors_,930073,930235,162,111,5
Get_Net_Next_Turn_Player_Colors_,930235,930734,499,111,5
Get_Valid_MP_Save_Games_,930734,930798,64,111,5
Hotseat_Add_Next_Player_Fields_,930798,931050,252,111,5
Hotseat_Draw_Next_Player_,931050,931836,786,111,5
Hotseat_Get_Colors_,931836,932060,224,111,5
Hotseat_Get_N_Valid_Players_,932060,932110,50,111,5
Hotseat_Load_Next_Player_,932110,932391,281,111,5
Hotseat_Print_Player_Data_,932391,932552,161,111,5
Fade_In_Function_,932552,932580,28,111,5
Hotseat_Select_Player_,932580,933223,643,111,4
Hotseat_Set_Next_Player_Status_,933223,933385,162,111,5
Hotseat_Player_Status_,933385,933442,57,111,4
Load_Net_Next_Turn_Screen_,933442,933830,388,111,4
Load_Choose_Net_Plyrs_Screen_,933830,934099,269,111,5
Load_Choose_Multi_Net_Game_Screen_,934099,934317,218,111,5
Load_Load_MP_Game_Screen_,934317,934602,285,111,5
Load_MP_Setup_Pictures_,934602,935099,497,111,5
Load_Modem_Setup_Screen_,935099,935387,288,111,5
Copy_Modem_Defaults_To_Net_Struct_,935387,935655,268,111,5
Set_Default_Modem_Settings_,935655,935776,121,111,4
Load_Multi_Player_Game_Screen_,935776,936321,545,111,4
Load_NullModem_Setup_Screen_,936321,936648,327,111,5
Modem_Setup_Screen_,936648,937369,721,111,5
Multi_Player_Screen_,937369,938506,1137,111,4
NullModem_Setup_Screen_,938506,938955,449,111,5
Reload_Generating_Map_Info_,938955,938967,12,111,4
Reload_Generic_Net_Info_,938967,939168,201,111,4
Reload_Getting_Data_Info_,939168,939198,30,111,4
Reload_Initializing_Net_Info_,939198,939215,17,111,4
Reload_Join_Net_Screen_,939215,939225,10,111,4
Reload_Sending_Data_Info_,939225,939291,66,111,4
Reload_Wait_For_Race_Info_,939291,939306,15,111,4
Reload_Waiting_For_Joiners_Screen_,939306,939379,73,111,4
N_Net_Players_Chosen_Positions_,939379,939428,49,111,4
Chat_Box_Input_Loop_,939428,939665,237,111,4
Set_Multi_Player_Game_Type_,939665,939895,230,111,5
Change_MP_Game_Name_,939895,940163,268,111,5
Load_Netmox_Strings_,940163,940340,177,112,4
Net_Exit_With_Message_,940340,940345,5,112,5
Basic_Update_,940345,940703,358,112,5
Main_Receive_Message_,940703,944065,3362,112,5
Receive_Message_,944065,944150,85,112,4
Mox_Send_Message_,944150,944638,488,112,4
Mox_Net_Update_,944638,946064,1426,112,4
fseek_modem_file_,946064,946137,73,112,5
fgetc_modem_file_,946137,946211,74,112,5
fread_modem_file_,946211,946301,90,112,5
fwrite_modem_file_,946301,946411,110,112,5
Make_Difference_Buffer_,946411,946897,486,112,4
Decode_Difference_Buffer_,946897,947138,241,112,5
Open_Modem_File_,947138,947276,138,112,4
Close_Modem_File_,947276,947323,47,112,4
Write_Modem_File_,947323,947405,82,112,4
Broadcast_Game_Data_Differential_,947405,948726,1321,112,4
Decode_Broadcast_Game_Data_Differential_,948726,949909,1183,112,4
Send_Game_Orders_,949909,951223,1314,112,4
Ditch_Leader_,951223,951256,33,112,5
Decode_Game_Orders_,951256,952536,1280,112,4
Send_Pick_Target_Info_,952536,953486,950,112,4
Decode_Pick_Target_Info_,953486,954264,778,112,4
Send_You_Are_Target_Info_,954264,955363,1099,112,4
Decode_You_Are_Target_Info_,955363,956177,814,112,4
Russ_Event_Monster_Update_,956177,956252,75,112,4
Russ_Change_Relations_,956252,956365,113,112,4
Send_Battle_Results_,956365,957528,1163,112,4
Decode_Battle_Results_,957528,958557,1029,112,4
Send_Pick_Your_Position_,958557,958675,118,112,4
Decode_Pick_Your_Position_,958675,958724,49,112,5
Send_Dragon_Info_,958724,958786,62,112,4
Decode_Dragon_Info_,958786,958828,42,112,5
Net_Id_To_Player_Id_,958828,958883,55,112,4
Get_Next_AI_Talker_,958883,959088,205,112,5
Net_Request_AI_Diplomacy_,959088,959145,57,112,4
Net_May_Begin_AI_Diplomacy_,959145,959173,28,112,4
Net_End_AI_Diplomacy_,959173,959375,202,112,4
Net_Cancel_AI_Diplomacy_Request_,959375,959441,66,112,4
Net_Cancel_AI_Diplomacy_Confirmed_,959441,959452,11,112,4
No_AI_Diplomacy_Allowed_,959452,959478,26,112,4
Net_Request_Human_Diplomacy_,959478,959777,299,112,4
Net_May_Begin_Human_Diplomacy_,959777,959819,42,112,4
Allowed_To_Cancel_Human_Diplomacy_,959819,959830,11,112,4
Net_Cancel_Human_Diplomacy_Request_,959830,959907,77,112,4
Human_Hit_Next_Turn_,959907,959914,7,112,4
Net_End_Human_Diplomacy_,959914,959929,15,112,4
Human_Diplomat_Says_Wait_,959929,959942,13,112,4
Net_Diplomacy_With_,959942,959950,8,112,4
Human_Requesting_Diplomacy_,959950,960035,85,112,4
Accept_Diplomacy_Request_,960035,960296,261,112,4
Refuse_Diplomacy_Request_,960296,960372,76,112,4
Tell_Diplomacy_Requester_To_Wait_,960372,960405,33,112,4
Humans_Requesting_Diplomacy_,960405,960411,6,112,4
Net_Human_Rejected_Diplomacy_,960411,960432,21,112,4
Send_Drop_Out_Info_,960432,960674,242,112,5
Decode_Drop_Out_Info_,960674,960892,218,112,5
Human_Abdicates_,960892,960905,13,112,4
Human_Surrenders_,960905,960913,8,112,4
Load_Netstart_Strings_,960913,961111,198,113,4
Russ_Net_Init_,961111,961137,26,113,5
Russ_Net_Create_Game_,961137,961172,35,113,5
Mox_Net_Uninit_,961172,961219,47,113,4
Dump_Users_,961219,961240,21,113,4
Net_Select_Race_,961240,961669,429,113,5
Net_Pick_Position_,961669,962176,507,113,5
Do_Answer_,962176,962267,91,113,5
Join_Net_Screen_,962267,963058,791,113,4
Do_Dial_,963058,963195,137,113,5
Load_Net_Screen_,963195,964581,1386,113,4
Start_Net_Screen_,964581,966261,1680,113,4
Request_Banner_Color_,966261,966369,108,113,4
Request_Race_,966369,966518,149,113,4
Unrequest_Race_,966518,966575,57,113,4
Load_Netturn_Strings_,966575,966626,51,114,4
Host_Next_Turn_,966626,967321,695,114,5
Must_Broadcast_AI_Player_Data_,967321,967378,57,114,5
Client_Next_Turn_,967378,967792,414,114,5
Net_Next_Turn_,967792,968357,565,114,4
Net_Init_Host_Election_,968357,968500,143,114,4
Choose_Hyper_Advanced_Tech_,968500,968620,120,115,5
Get_Competition_Player_Tech_Value_,968620,968773,153,115,5
Calc_Tech_Value_,968773,971161,2388,115,4
Get_Competition_Tech_Values_,971161,971289,128,115,5
Set_Competition_Tech_Values_,971289,971513,224,115,4
All_Gray_Boxes_Researched_,971513,971573,60,115,4
Choose_Tech_Application_,971573,972270,697,115,4
Load_Report_Strings_,972270,972447,177,116,4
sprintf_report_,972447,972778,331,116,4
Client_Initialize_Reports_,972778,972828,50,116,4
Initialize_Reports_,972828,972870,42,116,4
Add_Report_,972870,972917,47,116,4
Draw_Special_,972917,973037,120,116,4
Star_Has_Special_For_Player_,973037,973073,36,116,5
Set_Initial_Tech_,973073,973146,73,116,5
Explored_New_Star_,973146,973375,229,116,5
Player_Colony_Base_At_Star_,973375,973479,104,116,4
Player_Ship_Type_At_Star_,973479,973569,90,116,4
Colonization_,973569,974739,1170,116,5
Empty_Colony_Queue_,974739,974892,153,116,5
Need_To_Set_Occupation_Policy_,974892,975082,190,116,5
Has_Msg_,975082,975441,359,116,5
Has_Officer_For_Hire_,975441,975592,151,116,5
Has_Research_Breakthrough_,975592,975647,55,116,5
Has_Evolutionary_Upgrade_,975647,975705,58,116,5
Has_Report_,975705,975880,175,116,5
Has_Diplomacy_Messages_,975880,976148,268,116,5
Has_GNN_,976148,976210,62,116,5
Antarans_,976210,976446,236,116,5
Display_Report_Aux_,976446,976773,327,116,4
Display_Report_,976773,976787,14,116,4
Redirect_Newly_Built_Ships_,976787,977003,216,116,5
Must_Display_Reports_,977003,977085,82,116,4
Assert_Settings_,977085,977086,1,117,4
Mox_Update_,977086,977096,10,117,4
Release_All_Blocks_,977096,977108,12,117,4
Null_Autofunction_,977108,977109,1,117,4
PFMT_,977109,977114,5,117,4
Get_Weighted_Choice_Char_,977114,977197,83,117,4
Get_Weighted_Choice_Short_,977197,977263,66,117,4
Get_Weighted_Choice_Int_,977263,977333,70,117,4
Shuffle_Char_,977333,977397,64,117,4
Shuffle_Sint_,977397,977468,71,117,4
Shuffle_Int_,977468,977538,70,117,4
Shuffle_,977538,977728,190,117,4
Star_To_Monster_,977728,977745,17,117,4
Star_Name_,977745,977776,31,117,4
Compare_Ratios_,977776,977952,176,117,4
Make_Player_Into_AI_,977952,978073,121,117,4
Make_All_AI_Game_,978073,978138,65,117,4
Load_Russ_Strings_,978138,978239,101,117,4
Settler_ETA_,978239,978295,56,118,5
Room_For_Another_,978295,978508,213,118,5
Pop_Tries_To_Settle_,978508,978965,457,118,4
Add_Settler_To_Colony_,978965,979222,257,118,5
Settle_Pop_,979222,979474,252,118,4
Move_Settlers_,979474,980087,613,118,4
N_Freighters_Player_Can_Scrap_,980087,980118,31,118,4
Ship_Range_,980118,980201,83,119,4
Star_In_Range_Of_Player_Aux1_,980201,980371,170,119,5
Star_In_Range_Of_Player_Aux2_,980371,980472,101,119,5
Star_In_Range_Of_Player_,980472,980582,110,119,4
Star_In_Normal_Range_Of_Player_,980582,980618,36,119,4
Star_In_Extended_Range_Of_Player_,980618,980670,52,119,4
Can_Order_Ship_,980670,980889,219,119,4
Ships_Try_To_Move_To_,980889,981974,1085,119,4
Player_N_Turns_From_Star_To_Star_,981974,982280,306,119,4
Make_Ships_Move_To_,982280,982473,193,119,4
Ship_Is_Moving_,982473,982490,17,119,4
Make_Ship_Arrive_At_Star_,982490,982762,272,119,5
Move_All_Ships_Toward_Stars_,982762,983056,294,119,4
Create_Nonplayer_Ship_,983056,983323,267,119,4
Allocate_New_Ship_Slots_,983323,983885,562,119,4
Update_Player_Ship_Range_,983885,983948,63,119,5
Update_All_Ship_Ranges_,983948,984050,102,119,4
Ship_Destination_Star_,984050,984092,42,119,4
Update_Ship_ETAs_,984092,984345,253,119,4
Do_Wormhole_Event_,984345,984600,255,119,4
Do_Hyperspace_Beast_,984600,985128,528,119,4
Unmark_Just_Built_AI_Ships_,985128,985213,85,119,4
Reset_Needless_Ignore_Combat_Ships_Flags_,985213,985539,326,119,4
Player_Has_Ships_Pestering_Other_Player_,985539,985662,123,119,4
Tech_Spy_Bonus_,985662,985731,69,120,5
Compute_Spy_Bonuses_,985731,986053,322,120,4
Frame_Another_,986053,986393,340,120,5
Allocate_AI_Spies_,986393,987548,1155,120,4
Steal_App_,987548,987914,366,120,5
Destroy_Random_Building_,987914,988291,377,120,5
N_Spies_Bonus_,988291,988324,33,120,5
Resolve_Player_Spies_,988324,989032,708,120,5
Leader_Assassinates_,989032,989347,315,120,5
Resolve_Assassins_,989347,989483,136,120,5
Resolve_Spies_,989483,989680,197,120,4
Bring_Home_Spies_Vs_,989680,989762,82,120,4
Compute_N_Trade_And_Research_Pops_,989762,990012,250,121,5
Base_Trade_Agreement_Goal_,990012,990116,104,121,4
Trade_Agreement_Goal_,990116,990355,239,121,5
Base_Research_Agreement_Goal_,990355,990405,50,121,4
Research_Agreement_Goal_,990405,990547,142,121,5
Process_Trade_Agreement_,990547,990693,146,121,5
Process_Research_Agreement_,990693,990839,146,121,5
Process_Trade_And_Research_Agreements_,990839,990947,108,121,4
Start_Trade_Agreement_,990947,991106,159,121,4
Start_Research_Agreement_,991106,991287,181,121,4
Bill_Init_,991287,991342,55,122,4
Bill_Default_,991342,991370,28,122,4
Record_History_,991370,992296,926,122,4
Is_Ignoring_,992296,992333,37,122,4
Stop_Ignoring_,992333,992366,33,122,4
Concatenate_Percent_,992366,992395,29,122,4
Get_Active_Players_,992395,992583,188,122,4
Get_Players_Dead_Or_Alive_,992583,992663,80,122,4
Get_Players_Dead_Or_Alive_Or_Omniscient_,992663,992819,156,122,4
Get_Players_Alive_Or_Omniscient_,992819,992975,156,122,4
Get_Their_Spy_Number_,992975,993009,34,122,4
Get_Their_Spy_Mission_,993009,993041,32,122,4
Get_My_Spy_Number_,993041,993081,40,122,4
Get_My_Spy_Mission_,993081,993119,38,122,4
Get_My_Agent_Number_,993119,993142,23,122,4
Get_My_Agent_Mission_,993142,993165,23,122,4
Set_Their_Spy_Number_,993165,993205,40,122,4
Set_Their_Spy_Mission_,993205,993241,36,122,4
Set_My_Spy_Number_,993241,993293,52,122,4
Set_My_Spy_Mission_,993293,993341,48,122,4
Set_My_Agent_Number_,993341,993394,53,122,4
Set_My_Agent_Mission_,993394,993442,48,122,4
Take_Their_Spy_,993442,993493,51,122,4
Take_My_Spy_,993493,993554,61,122,4
Take_My_Agent_,993554,993611,57,122,4
Add_Their_Spy_,993611,993666,55,122,4
Add_My_Spy_,993666,993684,18,122,4
Add_My_Agent_,993684,993745,61,122,4
Get_History_Params_,993745,993786,41,122,4
Update_List_Window_Data_,993786,994527,741,122,4
Turn_Off_Palettes_,994527,994549,22,122,4
Turn_On_Palettes_,994549,994553,4,122,4
Disable_Draw_Current_Fields_,994553,994587,34,122,4
Enable_Draw_Current_Fields_,994587,994621,34,122,4
Draw_Prior_Fields_,994621,994685,64,122,4
Disable_Draw_Selected_Fields_,994685,994708,23,122,4
Enable_Draw_Selected_Fields_,994708,994731,23,122,4
_Squeeze_Print_,994731,995088,357,122,4
Squeeze_Print_,995088,995107,19,122,4
Squeeze_Print_To_Bitmap_,995107,995133,26,122,4
Squeeze_Print_Right_,995133,995139,6,122,4
Squeeze_Print_Right_To_Bitmap_,995139,995151,12,122,4
Squeeze_Print_Centered_,995151,995192,41,122,4
Squeeze_Print_Centered_To_Bitmap_,995192,995240,48,122,4
Squeeze_Centered_Print_,995240,995249,9,122,4
Squeeze_Centered_Print_To_Bitmap_,995249,995264,15,122,4
Squeeze_Print_Full_,995264,995273,9,122,4
Squeeze_Print_Full_To_Bitmap_,995273,995288,15,122,4
_Squeeze_Print_Paragraph_,995288,995677,389,122,4
Squeeze_Print_Paragraph_,995677,995715,38,122,4
Squeeze_Print_Paragraph_To_Bitmap_,995715,995754,39,122,4
Squeeze_Print_Formatted_Paragraph_,995754,995768,14,122,4
Squeeze_Print_Formatted_Paragraph_To_Bitmap_,995768,995782,14,122,4
Squeeze_Paragraph_Centered_,995782,995840,58,122,4
Squeeze_Paragraph_Centered_To_Bitmap_,995840,995899,59,122,4
Squeeze_Formatted_Paragraph_Centered_,995899,995914,15,122,4
Squeeze_Formatted_Paragraph_Centered_To_Bitmap_,995914,995929,15,122,4
_Print_1_Or_More_Lines_Centered_,995929,996041,112,122,4
Print_1_Or_More_Lines_Centered_,996041,996056,15,122,4
Print_1_Or_More_Lines_Centered_To_Bitmap_,996056,996078,22,122,4
Pseudo_App_Index_To_Hyper_Field_,996078,996091,13,122,4
Hyper_Field_To_Pseudo_App_Index_,996091,996103,12,122,4
Singular_Or_Plural_String_,996103,996115,12,122,4
Copy_File_To_File_,996115,996385,270,122,4
Cache_Player_Scientist_Anim_,996385,996392,7,122,4
Cache_Other_Scientist_Anim_,996392,996555,163,122,4
Cache_Player_Spy_Anim_,996555,996641,86,122,4
Cache_Player_Trooper_Anim_,996641,996783,142,122,4
_Print_String_Bill_,996783,997130,347,122,4
_Print_Paragraph_Bill_,997130,997653,523,122,4
_Print_Paragraph_,997653,997683,30,122,4
_Print_Paragraph_To_Bitmap_,997683,997714,31,122,4
_Get_Paragraph_Max_Height_,997714,997745,31,122,4
_Get_Paragraph_Max_Width_,997745,997776,31,122,4
Reference_Help_,997776,997817,41,123,4
Ref_Category_Help_,997817,997832,15,123,4
Ref_How_To_Help_,997832,997847,15,123,4
Turn_Summary_Popup_Help_,997847,997870,23,123,4
Turn_Summary_Help_,997870,997885,15,123,4
Race_Statistics_Help_,997885,997900,15,123,4
Tech_Review_Help_,997900,997915,15,123,4
History_Graph_Help_,997915,997933,18,123,4
Technology_Select_Help_,997933,997951,18,123,4
Technology_Change_Help_,997951,997969,18,123,4
Tech_Select_List_Right_Help_,997969,997987,18,123,4
Tech_Select_List_Left_Help_,997987,998008,21,123,4
Tech_Change_List_Right_Help_,998008,998029,21,123,4
Tech_Change_List_Left_Help_,998029,998050,21,123,4
Races_Help_,998050,998071,21,123,4
Report_Help_,998071,998092,21,123,4
Audience_Menu_Help_,998092,998113,21,123,4
Treaties_Menu_Help_,998113,998134,21,123,4
Treaties_Race_Help_,998134,998155,21,123,4
War_Race_Help_,998155,998176,21,123,4
Trade_Menu_Help_,998176,998197,21,123,4
Trade_Cash_Help_,998197,998218,21,123,4
Trade_Tech_Help_,998218,998239,21,123,4
Tech_Swap_Help_,998239,998260,21,123,4
Tribute_Menu_Help_,998260,998281,21,123,4
Tribute_Cash_Help_,998281,998302,21,123,4
Tribute_Tech_Help_,998302,998323,21,123,4
My_Set_Help_List_,998323,998340,17,123,5
Print_Formatted_Paragraph_,998340,998370,30,124,4
Print_Formatted_Paragraph_To_Bitmap_,998370,998401,31,124,4
Set_Paragraph_User_Call_,998401,998407,6,124,4
Set_Paragraph_String_Pointer_,998407,998435,28,124,4
Set_Paragraph_Integer_Pointer_,998435,998463,28,124,4
Set_Paragraph_Uint_Pointer_,998463,998491,28,124,4
Set_Paragraph_Sint_Pointer_,998491,998519,28,124,4
Set_Paragraph_Char_Pointer_,998519,998547,28,124,4
Set_Paragraph_Schar_Pointer_,998547,998575,28,124,4
Get_Formatted_Paragraph_Max_Height_,998575,998614,39,124,4
Get_Formatted_Paragraph_Max_Width_,998614,998653,39,124,4
Get_Last_Formatted_Paragraph_Max_Height_,998653,998668,15,124,4
Get_Last_Formatted_Paragraph_Max_Width_,998668,998683,15,124,4
Initialize_Formatted_Paragraph_System_,998683,998739,56,124,4
_Print_Formatted_Paragraph_,998739,999261,522,124,5
Process_Paragraph_Text_,999261,999745,484,124,5
Add_Character_To_Line_,999745,999867,122,124,5
Return_To_Last_Break_,999867,1000082,215,124,5
Record_Break_Position_,1000082,1000368,286,124,5
Process_Command_,1000368,1001050,682,124,5
Quit_Context_,1001050,1001166,116,124,5
Quit_Paragraph_,1001166,1001215,49,124,5
Set_Justification_,1001215,1001356,141,124,5
Complete_Line_,1001356,1001429,73,124,5
Complete_Line_Data_,1001429,1001599,170,124,5
Paragraph_HT_,1001599,1001644,45,124,5
Paragraph_CRFF_,1001644,1001727,83,124,5
Paragraph_VT_,1001727,1001806,79,124,5
Vertical_Move_,1001806,1001883,77,124,5
Reset_Font_Spacing_,1001883,1001947,64,124,5
Reset_Font_Spacing_Width_,1001947,1001973,26,124,5
Reset_Font_LF_,1001973,1002020,47,124,5
Reset_Paramaters_,1002020,1002287,267,124,5
Reset_Paragraph_Variables_,1002287,1002347,60,124,5
Reset_A_Paragraph_Variable_,1002347,1002396,49,124,5
Set_Paragraph_Variable_Pointer_,1002396,1002423,27,124,5
Set_Current_Colors_,1002423,1002455,32,124,5
Set_Current_Style_,1002455,1002540,85,124,5
Test_Item_,1002540,1002983,443,124,5
Set_Value_,1002983,1003289,306,124,5
Get_Next_Item_Value_,1003289,1003320,31,124,5
Get_Item_Value_Set_Plural_,1003320,1003370,50,124,5
Get_Item_Value_,1003370,1003499,129,124,5
Set_Item_Value_,1003499,1003657,158,124,5
Insert_Item_,1003657,1004506,849,124,5
Insert_Next_Argument_String_,1004506,1004571,65,124,5
Insert_Argument_String_,1004571,1004619,48,124,5
Get_Insert_Argument_Next_,1004619,1004727,108,124,5
Skip_Arg_Insert_A_String_,1004727,1004769,42,124,5
Insert_A_String_,1004769,1004808,39,124,5
Previous_Nesting_Level_,1004808,1004851,43,124,5
Process_Function_,1004851,1005982,1131,124,4
Get_Function_Argument_,1005982,1006124,142,124,4
FN_Set_Font_,1006124,1006372,248,124,5
FN_Superscript_,1006372,1006496,124,124,5
FN_Set_Variable_,1006496,1006587,91,124,5
FN_Set_Tabs_,1006587,1006691,104,124,5
FN_Set_X_Pos_,1006691,1006756,65,124,5
FN_Set_Y_Pos_,1006756,1006855,99,124,5
FN_Set_H_Spacing_,1006855,1006903,48,124,5
FN_Set_Space_Size_,1006903,1006964,61,124,5
FN_Set_V_Spacing_,1006964,1007020,56,124,5
FN_Set_FF_Size_,1007020,1007087,67,124,5
FN_Set_Margins_,1007087,1007257,170,124,5
FN_Set_Indent_,1007257,1007324,67,124,5
FN_Set_Origin_,1007324,1007497,173,124,5
FN_User_Call_,1007497,1007593,96,124,5
Justify_Line_,1007593,1007699,106,124,5
_Justify_Line_Fully_,1007699,1007985,286,124,5
Print_Line_,1007985,1009595,1610,124,5
_Comp_Tabs_,1009595,1009604,9,124,5
Sort_Tabs_,1009604,1009648,44,124,5
Get_Current_Color_Set_,1009648,1009727,79,124,5
Initialize_Line_Start_,1009727,1009774,47,124,5
Pick_Font_Color_,1009774,1009804,30,124,5
Pick_Font_Number_,1009804,1009905,101,124,5
Update_Max_Min_Values_,1009905,1010158,253,124,5
Set_Max_Min_X_,1010158,1010231,73,124,5
Set_Max_Min_Y_,1010231,1010286,55,124,5
Reset_Max_Min_Values_,1010286,1010333,47,124,5
Set_Para_Y2_,1010333,1010359,26,124,5
Skip_Spaces_,1010359,1010384,25,124,5
Legalize_Paragraph_Y_,1010384,1010419,35,124,5
Set_Line_Limits_,1010419,1010860,441,124,5
Info_Screen_,1010860,1011866,1006,125,4
Draw_Maint_Income_Chart_,1011866,1012244,378,125,5
Build_Maint_Chart_Bitmaps_,1012244,1013163,919,125,5
Initialize_Maintenance_Values_,1013163,1013358,195,125,5
Draw_The_History_Graph_,1013358,1013929,571,125,4
Get_Plyr_Hist_Btns_,1013929,1013997,68,125,5
Set_Plyr_Hist_Btns_,1013997,1014092,95,125,5
Draw_Histories_,1014092,1015131,1039,125,5
Smooth_History_Data_,1015131,1015274,143,125,4
Display_Graphed_Players_Names_,1015274,1015445,171,125,4
History_Subscreen_,1015445,1015848,403,125,5
Draw_History_Subscreen_,1015848,1015849,1,125,5
Print_Tech_Review_Item_,1015849,1015895,46,125,4
Tech_Review_Subscreen_,1015895,1015923,28,125,5
_Tech_Review_Subscreen_,1015923,1017130,1207,125,4
Draw_Tech_Review_Subscreen_,1017130,1017361,231,125,5
Init_Tech_Review_List_,1017361,1017558,197,125,4
Print_Player_Specials_To_Bitmap_,1017558,1018016,458,125,5
Race_Statistics_Specials_Help_,1018016,1018310,294,125,4
Race_Stats_Subscreen_,1018310,1019490,1180,125,5
Draw_Race_Stats_Subscreen_,1019490,1019491,1,125,5
Print_Turn_Summary_Message_,1019491,1019587,96,125,5
Init_Turn_Summary_List_,1019587,1019777,190,125,4
Init_Info_Turn_Summary_List_,1019777,1019799,22,125,4
Draw_Dummy_Turn_Summary_Subscreen_,1019799,1019800,1,125,4
Draw_Reference_How_To_Subscreen_,1019799,1019800,1,125,5
Turn_Summary_Subscreen_,1019800,1020605,805,125,5
Draw_Turn_Summary_Subscreen_,1020605,1020721,116,125,5
Reference_Subscreen_,1020721,1020877,156,125,5
Reference_Main_Subscreen_,1020877,1021657,780,125,5
Draw_Reference_Main_Subscreen_,1021657,1021794,137,125,5
Reference_How_To_Subscreen_,1021794,1022094,300,125,5
Reference_Category_Subscreen_,1022094,1023269,1175,125,5
Draw_Reference_Category_Subscreen_,1023269,1023413,144,125,5
Introduce_Subscreen_,1023413,1023489,76,125,5
Draw_Drop_Area_,1023489,1023902,413,125,5
Draw_Multiple_Drop_Areas_,1023902,1023930,28,125,5
Set_Up_Player_Colors_,1023930,1024017,87,125,5
Get_Plyr_Info_Btns_,1024017,1024054,37,125,5
Set_Plyr_Info_Btns_,1024054,1024100,46,125,4
Colorize_Bitmap_,1024100,1024167,67,125,4
Init_List_Data_,1024167,1024392,225,126,4
Add_Fields_To_List_Page_,1024392,1024541,149,126,4
Display_Selected_List_Text_,1024541,1024837,296,126,4
Display_Selected_List_Text_For_Tech_List_,1024837,1024941,104,126,4
Display_List_Text_,1024941,1025191,250,126,4
Display_List_Page_,1025191,1025250,59,126,4
Set_List_Page_Pointer_,1025250,1025319,69,126,4
Next_List_Page_,1025319,1025344,25,126,4
Previous_List_Page_,1025344,1025364,20,126,4
Goto_Page_With_Entry_,1025364,1025443,79,126,4
Select_And_Page_By_Head_ID_,1025443,1025507,64,126,4
Set_Selected_List_Entry_,1025507,1025625,118,126,4
Get_Selected_List_Entry_,1025625,1025673,48,126,4
Set_List_Up_Down_Field_Drawing_,1025673,1025728,55,126,4
Race_Report_Screen_,1025728,1027258,1530,127,4
Race_Screen_,1027258,1030717,3459,128,4
Init_Race_Display_Data_,1030717,1031504,787,128,5
Draw_Relations_Sliders_,1031504,1031661,157,128,5
Draw_Race_Photos_,1031661,1032125,464,128,5
Draw_Race_Text_,1032125,1033449,1324,128,5
Setup_Main_Fields_,1033449,1033840,391,128,5
Setup_Race_Display_Fields_,1033840,1034230,390,128,5
Setup_Race_Who_Fields_,1034230,1034381,151,128,5
Update_Spy_Stuff_,1034381,1034464,83,128,5
Draw_Race_Screen_,1034464,1035231,767,128,5
Get_Spy_Group_For_Field_,1035231,1035299,68,128,5
Adjust_Spy_Mission_Data_,1035299,1035341,42,128,5
Redraw_Spy_Mouse_,1035341,1035461,120,128,5
Move_Spy_Group_From_Mouse_,1035461,1035621,160,128,5
Move_Spy_Group_To_Mouse_,1035621,1035713,92,128,5
Erase_Mouse_Spies_,1035713,1035736,23,128,5
Calculate_Icon_Group_Data_,1035736,1035876,140,128,4
Setup_Icon_Group_Data_,1035876,1035966,90,128,4
Move_Icon_Group_Icons_,1035966,1036022,56,128,4
Draw_Icon_Group_Cursor_,1036022,1036247,225,128,4
Draw_Icon_Group_,1036247,1036353,106,128,4
Show_Off_Stolen_Tech_,1036353,1036506,153,129,4
Show_Off_Captured_Tech_,1036506,1036647,141,129,4
Scientist_With_Tech_,1036647,1036796,149,129,4
Show_Off_Researched_Tech_,1036796,1037084,288,129,4
Science_Room_,1037084,1039000,1916,129,5
Update_Science_Anims_,1039000,1039126,126,129,4
Draw_Science_Room_,1039126,1039127,1,129,4
Print_Tech_Indent_Item_,1039127,1039209,82,130,4
Tech_Select_,1039209,1039310,101,130,4
Tech_Change_,1039310,1039365,55,130,4
_Tech_Finished_,1039365,1039378,13,130,4
_Tech_Select_,1039378,1041586,2208,130,4
Draw_Tech_Select_,1041586,1041763,177,130,5
Draw_Little_Arrow_,1041763,1042119,356,130,4
_Tech_List_,1042119,1043606,1487,130,4
Draw_Tech_List_,1043606,1043682,76,130,5
Display_All_Entry_Text_,1043682,1043712,30,130,5
Display_Entry_Text_,1043712,1044079,367,130,5
Display_Selected_Entry_Text_,1044079,1044293,214,130,5
Set_Selected_Entry_,1044293,1044393,100,130,5
Get_Selected_Entry_,1044393,1044419,26,130,5
Init_Entry_Positions_,1044419,1044617,198,130,5
Init_Entry_Data_,1044617,1045513,896,130,5
Setup_Entry_Buttons_,1045513,1045659,146,130,5
Get_Group_List_,1045659,1046063,404,130,5
Draw_Application_Description_,1046063,1046386,323,130,5
Technology_Fields_Name_,1046386,1046433,47,130,4
Technology_Applications_Name_,1046433,1046621,188,130,4
New_Get_Tech_Cost_,1046621,1046660,39,130,4
Save_Hyper_Tech_Values_,1046660,1046711,51,130,4
Restore_Hyper_Tech_Values_,1046711,1046765,54,130,4
Promote_Hyper_Field_Values_,1046765,1046809,44,130,4
Promote_A_Hyper_Value_By_Field_,1046809,1046843,34,130,4
Get_Tech_Cost_,1046843,1046859,16,130,4
Sort_Tech_List_By_Cost_,1046859,1047008,149,130,4
Get_Parent_Index_,1047008,1047046,38,130,4
Crack_Tech_Select_List_Entry_,1047046,1047093,47,130,4
Print_Turn_Summary_Popup_Message_,1047093,1047189,96,131,5
Init_Turn_Summary_Popup_List_,1047189,1047212,23,131,4
Draw_Turn_Summary_Popup_,1047212,1047298,86,131,4
Turn_Summary_Popup_,1047298,1048129,831,131,4
Save_Field_Stats_,1048129,1048257,128,132,4
Restore_Field_Stats_,1048257,1048344,87,132,4
_cstart_,1048344,1048999,655,133,4
__exit_,1048999,1049001,2,133,4
__do_exit_with_msg__,1049001,1049060,59,133,4
__GETDS,1049060,1049071,11,133,4
___GETDSStart_,1049060,1049071,11,133,4
___GETDSEnd_,1049071,1049072,1,133,4
Screen_Flic_Capture_,1049072,1051388,2316,135,4
B_Key_,1051388,1051444,56,135,5
Release_Version_,1051444,1051484,40,135,4
Check_Release_Version_,1051484,1051529,45,135,4
Allocate_Space_,1051529,1051689,160,136,4
Get_Max_Block_Space_,1051689,1051746,57,136,4
Allocate_Dos_Space_,1051746,1051886,140,136,4
Allocate_First_Block_,1051886,1051964,78,136,4
Allocate_Next_Block_,1051964,1052158,194,136,4
Allocate_Far_Space_,1052158,1052214,56,136,4
Allocate_Dos_Data_Space_,1052214,1052355,141,136,4
Allocation_Error_,1052355,1052474,119,136,4
Reallocation_Error_,1052474,1052553,79,136,4
Linear_Free_,1052553,1052647,94,136,4
Check_Free_,1052647,1052816,169,136,4
Dos_Free_,1052816,1052977,161,136,4
Allocate_Space_No_Header_,1052977,1053064,87,136,4
Allocate_First_Block_No_Header_,1053064,1053142,78,136,4
Allocate_Next_Block_No_Header_,1053142,1053308,166,136,4
Mark_Block_,1053308,1053364,56,136,4
Release_Block_,1053364,1053420,56,136,4
Push_Block_,1053420,1053528,108,136,4
Save_Pushed_Blocks_,1053528,1053586,58,136,4
Restore_Pushed_Blocks_,1053586,1053644,58,136,4
Pop_Block_,1053644,1053744,100,136,4
Check_For_Pushed_Block_,1053744,1053849,105,136,4
Get_Remaining_Block_Space_,1053849,1053911,62,136,4
DIR_,1053911,1054033,122,137,4
DIR_DIR_,1054033,1054224,191,137,4
LOF_,1054224,1054304,80,137,4
Time_Stamp_,1054304,1054563,259,137,4
Disk_Free_,1054563,1054655,92,137,4
Delete_File_,1054655,1054699,44,137,4
Current_Dir_,1054699,1054748,49,137,4
File_Exists_,1054748,1054826,78,137,4
Get_Open_File_Count_,1054826,1054987,161,137,4
Set_Sound_File_,1054987,1055026,39,138,4
Set_Music_File_,1055026,1055065,39,138,4
Set_Audio_Buffer_,1055065,1055166,101,138,4
_sampleCallback,1055166,1055362,196,138,4
_xmiCallback,1055362,1055437,75,138,4
_Ail_Timer,1055437,1055458,21,138,4
getFreeSampleHandle_,1055458,1055607,149,138,4
getFreeSoundIndex_,1055607,1055702,95,138,4
mergeFreeBlocks_,1055702,1055907,205,138,4
mergeDoneBlocks_,1055907,1056112,205,138,4
allocateSoundBlock_,1056112,1056574,462,138,4
Audio_Init_,1056574,1057115,541,138,4
Audio_Uninit_,1057115,1057210,95,138,4
Audio_Clear_Cache_,1057210,1057385,175,138,4
Sound_On_,1057385,1057436,51,138,4
Sound_Off_,1057436,1057472,36,138,4
Play_Sound_Buffer_,1057472,1057689,217,138,4
Play_Sound_,1057689,1058390,701,138,4
Get_Sound_Max_Volume_,1058390,1058438,48,138,4
Set_Sound_Max_Volume_,1058438,1058654,216,138,4
Restart_Sound_,1058654,1058723,69,138,4
Stop_Sound_,1058723,1058838,115,138,4
Stop_All_Sounds_,1058838,1058903,65,138,4
Resume_Sound_,1058903,1058985,82,138,4
Resume_All_Sounds_,1058985,1059050,65,138,4
Is_Sound_Playing_,1059050,1059229,179,138,4
Get_Sound_Volume_,1059229,1059322,93,138,4
Set_Sound_Volume_,1059322,1059420,98,138,4
Set_Sound_Volume_All_,1059420,1059590,170,138,4
Get_Sound_Pan_,1059590,1059676,86,138,4
Set_Sound_Pan_,1059676,1059774,98,138,4
Set_Sound_Pan_All_,1059774,1059881,107,138,4
Loop_Sound_,1059881,1059990,109,138,4
Fadeout_Sound_,1059990,1060057,67,138,4
Pitch_Bend_Sound_,1060057,1060175,118,138,4
Music_On_,1060175,1060226,51,138,4
Music_Off_,1060226,1060262,36,138,4
Play_Music_Buffer_,1060262,1060367,105,138,4
Play_Music_,1060367,1060820,453,138,4
Stop_Music_,1060820,1060864,44,138,4
Resume_Music_,1060864,1060908,44,138,4
Set_Music_Volume_,1060908,1060990,82,138,4
Get_Music_Volume_,1060990,1061051,61,138,4
Loop_Music_,1061051,1061104,53,138,4
Fade_Music_Down_,1061104,1061163,59,138,4
Fade_Music_Up_,1061163,1061222,59,138,4
Is_Music_Playing_,1061222,1061307,85,138,4
Register_Music_Callback_,1061307,1061360,53,138,4
Sound_Update_,1061360,1062005,645,138,4
Play_Sound_File_,1062005,1062602,597,138,4
Loop_Sound_File_,1062602,1062636,34,138,4
Set_Stream_Filename_,1062636,1062757,121,138,4
Play_Stream_Vol_,1062757,1063456,699,138,4
Play_Stream_,1063456,1063502,46,138,4
Stop_Stream_,1063502,1063666,164,138,4
Set_Stream_Volume_,1063666,1063766,100,138,4
Get_Stream_Volume_,1063766,1063852,86,138,4
Loop_Stream_,1063852,1063886,34,138,4
Is_Stream_Playing_,1063886,1063976,90,138,4
Fade_Stream_Down_,1063976,1064043,67,138,4
Set_Stream_Max_Volume_,1064043,1064091,48,138,4
Get_Stream_Max_Volume_,1064091,1064125,34,138,4
Fade_Stream_Up_,1064125,1064187,62,138,4
Stream_On_,1064187,1064227,40,138,4
Stream_Off_,1064227,1064263,36,138,4
Init_Drivers_,1064263,1064381,118,139,4
Reset_System_,1064381,1064456,75,139,4
Create_IO_Buffer_,1064456,1064549,93,139,4
Get_Field_Counter_,1064549,1064594,45,140,4
Disable_Cancel_,1064594,1064634,40,140,4
Enable_Cancel_,1064634,1064674,40,140,4
Disable_Mouse_Wait_,1064674,1064714,40,140,4
Enable_Mouse_Wait_,1064714,1064754,40,140,4
Pressed_Mouse_X_,1064754,1064799,45,140,4
Pressed_Mouse_Y_,1064799,1064844,45,140,4
Auto_Input_,1064844,1064889,45,140,4
Scan_Field_,1064889,1065335,446,140,4
Scan_Input_,1065335,1065814,479,140,4
Read_Character_,1065814,1065867,53,140,4
Add_Hidden_Field_,1065867,1066275,408,140,4
Add_Circle_Field_,1066275,1066749,474,140,4
Add_Clipped_Circle_Field_,1066749,1067520,771,140,4
Add_Clipped_Hidden_Field_,1067520,1068146,626,140,4
Add_Hot_Key_,1068146,1068490,344,140,4
Add_Grid_Field_,1068490,1068986,496,140,4
Add_Button_Info_,1068986,1069488,502,140,4
Add_Button_Field_,1069488,1069627,139,140,4
Add_Radio_Button_Field_,1069627,1069791,164,140,4
Add_Locked_Button_Field_,1069791,1069955,164,140,4
Add_Multi_Button_Field_,1069955,1070145,190,140,4
Set_Button_Down_Offsets_,1070145,1070200,55,140,4
Add_Scroll_Field_,1070200,1070818,618,140,4
Find_Bar_Position_,1070818,1071508,690,140,4
Increment_Scroll_Bar_,1071508,1071808,300,140,4
Decrement_Scroll_Bar_,1071808,1072106,298,140,4
Add_Continuous_String_Input_Field_,1072106,1072699,593,140,4
Add_Input_Field_,1072699,1073326,627,140,4
Input_String_,1073326,1074933,1607,140,4
Display_Input_Field_,1074933,1076051,1118,140,4
Get_Input_String_,1076051,1077620,1569,140,4
Set_Input_Delay_,1077620,1077675,55,140,4
Get_Input_,1077675,1077858,183,140,4
Init_Mouse_Keyboard_,1077858,1077936,78,140,4
F11_Key_,1077936,1077972,36,140,4
Disable_Draw_All_Fields_,1077972,1078012,40,140,4
Enable_Draw_All_Fields_,1078012,1078052,40,140,4
Disable_Draw_Field_,1078052,1078236,184,140,4
Enable_Draw_Field_,1078236,1078419,183,140,4
Draw_All_Fields_,1078419,1078475,56,140,4
Draw_Visible_Fields_Back_,1078475,1085396,6921,140,4
Push_Field_Down_,1085396,1085854,458,140,4
Assign_Update_Function_,1085854,1085898,44,140,4
Assign_Auto_Function_,1085898,1085990,92,140,4
Save_Auto_Function_,1085990,1086031,41,140,4
Restore_Auto_Function_,1086031,1086081,50,140,4
Deactivate_Auto_Function_,1086081,1086121,40,140,4
Activate_Auto_Function_,1086121,1086161,40,140,4
Invoke_Auto_Function_,1086161,1086208,47,140,4
Invoke_Saved_Auto_Function_,1086208,1086245,37,140,4
Quick_Call_Auto_Function_,1086245,1086368,123,140,4
Call_Auto_Function_,1086368,1086464,96,140,4
Clear_Fields_Above_,1086464,1086529,65,140,4
Clear_Mouse_Buffer_,1086529,1086570,41,140,4
Set_Field_Outline_Color_,1086570,1086615,45,140,4
Set_Help_Field_Outline_Color_,1086615,1086660,45,140,4
Enable_Mouse_Pressed_Field_Update_,1086660,1086710,50,140,4
Disable_Mouse_Pressed_Field_Update_,1086710,1086750,40,140,4
Reset_Wait_For_Input_,1086750,1086833,83,140,4
Wait_For_Input_,1086833,1087160,327,140,4
Set_Help_List_,1087160,1087223,63,140,4
Deactivate_Help_List_,1087223,1087282,59,140,4
Check_Help_List_,1087282,1087585,303,140,4
Mark_Fields_,1087585,1087737,152,140,4
Release_Fields_,1087737,1087859,122,140,4
Restore_,1087859,1087890,31,140,4
Save_Back_,1087890,1087927,37,140,4
Put_Mouse_,1087927,1087964,37,140,4
Mouse_Setup_,1087964,1087995,31,140,4
Save_Back_Always_,1087995,1088026,31,140,4
Add_String_Field_,1088026,1088448,422,140,4
Clear_String_Fields_,1088448,1088543,95,140,4
Disable_All_String_Fields_,1088543,1088626,83,140,4
Disable_String_Field_,1088626,1088704,78,140,4
Enable_All_String_Fields_,1088704,1088787,83,140,4
Enable_String_Field_,1088787,1088865,78,140,4
Draw_Cursor_Pos_,1088865,1089005,140,140,4
Handle_String_Fields_,1089005,1090248,1243,140,4
Print_String_Fields_,1090248,1090904,656,140,4
Read_Character_And_Scan_Mb_,1090904,1091024,120,140,4
Scan_All_Fields_,1091024,1091268,244,140,4
Scan_Only_String_Fields_,1091268,1091513,245,140,4
Set_String_Font_Colors_,1091513,1091710,197,140,4
Fill_Edited_String_Field_,1091710,1091886,176,140,4
Add_Irregular_Button_Field_,1091886,1092490,604,140,4
Get_Alt_Alpha_Key_,1092490,1093044,554,140,4
Add_Multi_Hot_Key_Field_,1093044,1093367,323,140,4
Clear_Multi_Hot_Key_Offsets_,1093367,1093476,109,140,4
Check_Multi_Hot_Key_Fields_,1093476,1093722,246,140,4
Draw_Field_,1093722,1098480,4758,140,4
Clear_Fields_,1098480,1098584,104,140,4
Clipped_Dot_,1098584,1098693,109,140,4
Add_Clipped_Button_Field_,1098693,1098945,252,140,4
Get_List_Field_,1098945,1099799,854,140,4
Exit_List_Field_,1099799,1099837,38,140,4
Add_String_List_Field_,1099837,1100494,657,140,4
Interpret_Keyboard_Input_,1100494,1101557,1063,140,4
Interpret_Mouse_Input_,1101557,1107736,6179,140,4
Draw_Visible_Fields_,1107736,1115108,7372,140,4
Copy_Continuous_String_,1115108,1115270,162,140,5
Timed_Wait_For_Input_,1115270,1115430,160,140,4
Load_Font_File_,1115430,1115622,192,141,4
Load_Palette_,1115622,1115759,137,141,4
Get_String_Width_,1115759,1115909,150,141,4
Set_Font_,1115909,1116207,298,141,4
Set_Font_Solid_,1116207,1116480,273,141,4
Set_Remap_Font_Style_,1116480,1116819,339,141,4
Set_Remap_Font_Style_Shadow_Down_,1116819,1116877,58,141,4
Set_Remap_Font_Style_Shadow_Up_,1116877,1116935,58,141,4
Set_Remap_Font_Style_Shadow_Heavy_,1116935,1116993,58,141,4
Set_Remap_Font_Style_Outline_,1116993,1117051,58,141,4
Set_Remap_Font_Style_Outline_Heavy_,1117051,1117109,58,141,4
Set_Font_Style_,1117109,1117387,278,141,4
Set_Font_Style_Shadow_Down_,1117387,1117445,58,141,4
Set_Font_Style_Shadow_Up_,1117445,1117503,58,141,4
Set_Font_Style_Shadow_Heavy_,1117503,1117561,58,141,4
Set_Font_Style_Outline_,1117561,1117619,58,141,4
Set_Font_Style_Outline_Heavy_,1117619,1117677,58,141,4
Set_Outline_Color_,1117677,1117732,55,141,4
Set_Font_LF_,1117732,1117792,60,141,4
Set_Font_Spacing_Width_,1117792,1117836,44,141,4
Set_Font_Spacing_,1117836,1117881,45,141,4
Set_Font_Highlight_Colors_,1117881,1117959,78,141,4
Set_Font_Special_Colors_,1117959,1118037,78,141,4
Set_Alias_Color_,1118037,1118105,68,141,4
Save_Alias_Colors_,1118105,1118178,73,141,4
Restore_Alias_Colors_,1118178,1118251,73,141,4
Print_Integer_,1118251,1118321,70,141,4
Print_Unsigned_,1118321,1118391,70,141,4
Print_Right_,1118391,1118461,70,141,4
Print_Centered_,1118461,1118547,86,141,4
Print_Integer_Right_,1118547,1118617,70,141,4
Print_Integer_Centered_,1118617,1118687,70,141,4
Print_Unsigned_Centered_,1118687,1118757,70,141,4
Print_Unsigned_Right_,1118757,1118827,70,141,4
Print_Full_,1118827,1118899,72,141,4
Print_,1118899,1118955,56,141,4
Print_Display_,1118955,1120276,1321,141,4
Print_String_,1120276,1121048,772,141,4
No_Print_Alias_,1121048,1121088,40,141,4
Set_Normal_Colors_On_,1121088,1121164,76,141,4
Set_Highlight_Colors_On_,1121164,1121240,76,141,4
Set_Special_Colors_On_,1121240,1121316,76,141,4
PSTRM_,1121316,1121509,193,141,4
PSTRS_,1121509,1121561,52,141,4
PSTR_,1121561,1121629,68,141,4
PSTRL_,1121629,1121697,68,141,4
PSTRU_,1121697,1121771,74,141,4
Print_Character_,1121771,1121925,154,141,4
Print_Character_No_Alias_,1121925,1122079,154,141,4
Set_Background_Color_,1122079,1122124,45,141,4
Set_Foreground_Color_,1122124,1122171,47,141,4
Disp_PSTR_,1122171,1122585,414,141,4
Find_Closest_PSTR_Color_,1122585,1122772,187,141,4
Set_PSTR_Color_,1122772,1122817,45,141,4
Get_Current_Font_Style_,1122817,1122862,45,141,4
Get_Current_Font_Color_,1122862,1122905,43,141,4
Get_Font_Height_,1122905,1122950,45,141,4
Get_Font_Vertical_Spacing_,1122950,1122995,45,141,4
Get_Current_Highlight_Color_,1122995,1123038,43,141,4
Get_Current_Special_Color_,1123038,1123081,43,141,4
Clipped_Print_String_,1123081,1123855,774,141,4
Print_Clipped_Character_,1123855,1124332,477,141,4
Print_Clipped_Letter_,1124332,1124731,399,141,4
Print_Right_To_Bitmap_,1124731,1124805,74,141,4
Print_Centered_To_Bitmap_,1124805,1124895,90,141,4
Print_Full_To_Bitmap_,1124895,1124974,79,141,4
Print_To_Bitmap_,1124974,1125035,61,141,4
Print_Display_To_Bitmap_,1125035,1125770,735,141,4
Print_String_To_Bitmap_,1125770,1126512,742,141,4
Print_Character_To_Bitmap_,1126512,1126833,321,141,4
Print_Clipped_Letter_To_Bitmap_,1126833,1127303,470,141,4
Set_PSTR_Style_,1127303,1127348,45,141,4
Get_Mouse_Sensitivity_,1127348,1127479,131,142,4
Set_Old_Mouse_Sensitivity_,1127479,1127569,90,142,4
Init_Mouse_Driver_,1127569,1128145,576,142,4
User_Mouse_Handler_,1128145,1128435,290,142,4
Set_User_Mouse_Handler_,1128435,1128556,121,142,4
Mouse_Button_Handler_,1128556,1128742,186,142,4
Mouse_Movement_Handler_,1128742,1128928,186,142,4
Enable_Mouse_,1128928,1128968,40,142,4
Disable_Mouse_,1128968,1129008,40,142,4
Save_Mouse_State_,1129008,1129060,52,142,4
Restore_Mouse_State_,1129060,1129103,43,142,4
Mouse_Active_,1129103,1129146,43,142,4
Pointer_X_,1129146,1129191,45,142,4
Pointer_Y_,1129191,1129236,45,142,4
Set_Pointer_Position_,1129236,1129304,68,142,4
Set_Mouse_Position_,1129304,1129409,105,142,4
Mouse_Buffer_X_,1129409,1129454,45,142,4
Mouse_Buffer_Y_,1129454,1129499,45,142,4
Mouse_Buffer_Button_,1129499,1129544,45,142,4
Mouse_Buffer_,1129544,1129604,60,142,4
Mouse_Buffer2_,1129604,1129664,60,142,4
Set_Buffer_2_,1129664,1129728,64,142,4
Set_Mouse_Buffer_,1129728,1129811,83,142,4
Check_Mouse_Buffer_,1129811,1129945,134,142,4
Reset_System_Mouse_,1129945,1130092,147,142,4
Set_Mouse_List_,1130092,1130151,59,142,4
Check_Mouse_Shape_,1130151,1130491,340,142,4
Get_Pointer_Offset_,1130491,1130553,62,142,4
Get_Pointer_Image_Number_,1130553,1130613,60,142,4
Mouse_Button_,1130613,1130757,144,142,4
Mouse_Wait_,1130757,1130909,152,142,4
Save_Mouse_From_Off_Page_,1130909,1131063,154,142,4
Save_Correct_Mouse_Hi_Res_,1131063,1131094,31,142,4
Restore_Mouse_From_Off_Page_,1131094,1131356,262,142,4
Draw_Mouse_Off_Page_,1131356,1131421,65,142,4
Draw_Mouse_Hi_Res_,1131421,1131486,65,142,4
Draw_Mouse_To_Off_Page_,1131486,1131818,332,142,4
Say_Hello_,1131818,1131872,54,142,4
S_Mouse_,1131872,1132083,211,142,4
Set_Mouse_Overide_Input_,1132083,1132123,40,142,4
Clear_Mouse_Overide_Input_,1132123,1132163,40,142,4
Set_Mouse_X_,1132163,1132226,63,142,4
Set_Mouse_Y_,1132226,1132288,62,142,4
Set_Mouse_Right_Down_,1132288,1132328,40,142,4
Set_Mouse_Left_Down_,1132328,1132368,40,142,4
Set_Mouse_Right_Up_,1132368,1132408,40,142,4
Set_Mouse_Left_Up_,1132408,1132448,40,142,4
Random_,1132448,1132576,128,143,4
Set_Random_Seed_,1132576,1132620,44,143,4
Get_Random_Seed_,1132620,1132664,44,143,4
Randomize_,1132664,1132715,51,143,4
Init_Video_Drivers_,1132715,1133218,503,144,4
Get_Current_Video_Page_Flag_,1133218,1133262,44,144,4
Reset_Video_,1133262,1133318,56,144,4
Cls_,1133318,1133367,49,144,4
New_Screen_,1133367,1133413,46,144,4
Set_Refresh_Full_,1133413,1133464,51,144,4
Save_Refresh_,1133464,1133519,55,144,4
Restore_Refresh_,1133519,1133576,57,144,4
Set_Refresh_Stencil_,1133576,1133627,51,144,4
Get_Refresh_Mode_,1133627,1133672,45,144,4
Set_Refresh_Stencil_No_Full_,1133672,1133723,51,144,4
Set_Refresh_Differential_,1133723,1133774,51,144,4
Set_Refresh_Differential_No_Full_,1133774,1133825,51,144,4
Set_Refresh_Masked_,1133825,1133889,64,144,4
Set_Page_Off_,1133889,1133946,57,144,4
Set_Page_Back_,1133946,1134003,57,144,4
Set_Page_On_,1134003,1134060,57,144,4
Copy_Off_To_Back_,1134060,1134134,74,144,4
Copy_Back_To_Off_,1134134,1134208,74,144,4
Copy_Off_To_On_,1134208,1134283,75,144,4
Toggle_Pages_,1134283,1134692,409,144,4
Assign_Video_Function_Pointers_,1134692,1135298,606,144,4
Get_Video_Card_,1135298,1135360,62,144,4
Set_Video_Mode_,1135360,1135485,125,144,4
Create_Screen_Buffers_,1135485,1135658,173,144,4
Get_Video_Total_Memory_,1135658,1135808,150,144,4
Get_Video_Granularity_,1135808,1135956,148,144,4
Cls_On_,1135956,1136095,139,144,4
Full_Screen_Dump_Hi_Res_,1136095,1136255,160,144,4
Masked_Screen_Dump_Hi_Res_,1136255,1136660,405,144,4
Partial_Screen_Dump_Hi_Res_,1136660,1137889,1229,144,4
Clear_Scan_List_,1137889,1137944,55,144,4
Clear_Stencil_List_,1137944,1137999,55,144,4
Stencil_Out_Background_,1137999,1138195,196,144,4
Add_Dot_To_Scan_List_,1138195,1138683,488,144,4
Add_Line_To_Scan_List_,1138683,1139236,553,144,4
Copy_Off_To_On_Hi_Res_,1139236,1139711,475,144,4
Save_Video_State_Hi_Res_,1139711,1139738,27,144,4
Restore_Video_State_Hi_Res_,1139738,1139773,35,144,4
Exit_With_Size_,1139773,1139847,74,145,4
Exit_With_Message_,1139847,1139916,69,145,4
Exit_With_Value_,1139916,1140001,85,145,4
strstr_,1140001,1140210,209,146,4
sprintf_,1140210,1140258,48,147,4
atol_,1140258,1140367,109,148,4
__open_flags_,1140367,1140576,209,149,4
__doopen_,1140576,1140772,196,149,5
_fsopen_,1140772,1140829,57,149,4
fopen_,1140829,1140839,10,149,4
close_file_,1140839,1140943,104,149,5
freopen_,1140943,1141009,66,149,4
fgets_,1141009,1141114,105,150,4
fclose_,1141114,1141159,45,151,4
__shutdown_stream_,1141159,1141180,21,151,4
__hex_,1141180,1141192,12,151,5
__MkTmpFile_,1141192,1141293,101,151,4
__doclose_,1141293,1141437,144,151,4
Farload_,1141437,1141501,64,152,4
Far_Reload_,1141501,1141570,69,152,4
Far_Reload_Next_,1141570,1141639,69,152,4
Farload_Data_,1141639,1141725,86,152,4
Far_Reload_Data_,1141725,1141815,90,152,4
Far_Reload_Next_Data_,1141815,1141905,90,152,4
Farload_Data_Static_,1141905,1141995,90,152,4
Farload_Library_,1141995,1142587,592,152,4
Farload_Library_Data_,1142587,1143347,760,152,4
Get_Farload_Data_Record_Count_,1143347,1143772,425,152,4
Error_Handler_,1143772,1144211,439,152,4
Set_Alternate_Path_,1144211,1144331,120,152,4
atoi_,1144331,1144440,109,153,4
Set_Memory_,1144440,1144494,54,154,4
Copy_Structure_Aligned_,1144494,1144509,15,154,4
Copy_Structure_DW_,1144509,1144521,12,154,4
Store_Memory_Differences_,1144521,1144554,33,154,4
Clear_Direction_Flag_,1144554,1144560,6,154,4
Test_Bit_Field_,1144560,1144594,34,154,4
Set_Bit_Field_,1144594,1144618,24,154,4
Clear_Bit_Field_,1144618,1144644,26,154,4
Set_Structure_,1144644,1144694,50,154,4
Clear_Structure_,1144694,1144734,40,154,4
Copy_Structure_,1144734,1144798,64,154,4
Swap_Structure_,1144798,1144920,122,154,4
Drive_Test_,1144920,1144960,40,155,4
Windows_Check_,1144960,1144995,35,155,4
Flush_Buffer_Space_,1144995,1145131,136,156,4
Get_Remaining_Buffer_Space_,1145131,1145193,62,156,4
Free_Buffer_Space_,1145193,1145263,70,156,4
Allocate_Buffer_Space_,1145263,1145667,404,156,4
Clear_Buffer_Reload_,1145667,1145895,228,156,4
Buffer_Reload_,1145895,1147244,1349,156,4
Farload_Buffer_Library_,1147244,1148284,1040,156,4
Get_Next_Buffer_Address_,1148284,1148603,319,156,4
Get_Lowest_Priority_,1148603,1148875,272,156,4
Check_For_Valid_Segs_,1148875,1149046,171,156,4
utoa_,1149046,1149120,74,157,4
_itoa_,1149120,1149147,27,157,4
itoa_,1149120,1149147,27,157,4
fread_,1149147,1149622,475,158,4
Set_Window_,1149622,1149769,147,159,4
Save_Window_,1149769,1149848,79,159,4
Restore_Window_,1149848,1149927,79,159,4
Reset_Window_,1149927,1150002,75,159,4
Fill_,1150002,1150686,684,159,4
Interlaced_Fill_,1150686,1151280,594,159,4
Tri_Interlaced_Fill_,1151280,1151897,617,159,4
Gray_Scale_Fill_,1151897,1152276,379,159,4
Interlaced_Gray_Scale_Fill_,1152276,1152813,537,159,4
Dot_,1152813,1152963,150,159,4
Box_,1152963,1153246,283,159,4
Darken_Fill_,1153246,1153309,63,159,4
Tint_Fill_,1153309,1153924,615,159,4
Gradient_Fill_,1153924,1154160,236,159,4
memset_,1154160,1154184,24,160,4
__get_errno_ptr_,1154184,1154190,6,161,4
__get_doserrno_ptr_,1154190,1154196,6,161,4
strerror_,1154196,1154219,23,162,4
fwrite_,1154219,1154667,448,163,4
_access_,1154667,1154726,59,164,4
access_,1154667,1154726,59,164,4
__update_buffer_,1154726,1154792,66,165,5
fseek_,1154792,1155044,252,165,4
clock_,1155044,1155049,5,166,4
fflush_,1155049,1155065,16,167,4
Draw_No_Glass_,1155065,1156216,1151,168,4
Draw_,1156216,1157396,1180,168,4
Draw_Animated_Sprite_Back_Diff_,1157396,1157793,397,168,4
Draw_No_Glassed_Animated_Sprite_,1157793,1158092,299,168,4
Draw_No_Glassed_Bitmap_Sprite_,1158092,1158308,216,168,4
Draw_Glassed_Animated_Sprite_,1158308,1158656,348,168,4
Set_Animation_Palette_,1158656,1158848,192,168,4
Draw_Glassed_Bitmap_Sprite_,1158848,1159116,268,168,4
Draw_Screen_Background_Off_,1159116,1159351,235,168,4
Draw_Animated_Sprite_On_Page_,1159351,1159897,546,168,4
Draw_Screen_Background_On_,1159897,1160160,263,168,4
Draw_Glassed_Screen_Background_Off_,1160160,1160449,289,168,4
Draw_Glassed_Screen_Background_On_,1160449,1160756,307,168,4
Clip_On_,1160756,1160796,40,168,4
Clip_Off_,1160796,1160836,40,168,4
Dot_Stencil_On_,1160836,1160876,40,168,4
Dot_Stencil_Off_,1160876,1160916,40,168,4
Get_Full_Store_Flag_,1160916,1160998,82,168,4
Reset_Animation_Frame_,1160998,1161043,45,168,4
Set_Animation_Frame_,1161043,1161117,74,168,4
Draw_Palette_,1161117,1161185,68,168,4
Remap_Draw_,1161185,1161963,778,168,4
Remap_Draw_Animated_Sprite_,1161963,1162251,288,168,4
Remap_Clipped_Draw_Animated_Sprite_,1162251,1163066,815,168,4
Draw_Gray_Scaled_,1163066,1163543,477,168,4
Draw_Screen_Background_Off_Gray_Scale_,1163543,1163936,393,168,4
Mark_Time_,1163936,1163950,14,169,4
Time_Passed_,1163950,1163965,15,169,4
Timer_Value_,1163965,1163974,9,169,4
Release_Time_,1163974,1164001,27,169,4
Read_Key_,1164001,1164123,122,170,4
Check_Key_,1164123,1164178,55,170,4
Keyboard_Status_,1164178,1164243,65,170,4
Key_Waiting_,1164243,1164320,77,170,4
Init_Keyboard_,1164320,1164435,115,170,4
Disable_Keyboard_,1164435,1164504,69,170,4
New09_Handler_,1164504,1164660,156,170,4
getch_,1164660,1164718,58,170,4
Scan_Key_,1164718,1164807,89,170,4
Open_File_Animation_,1164807,1165260,453,171,4
Draw_File_Animation_,1165260,1166038,778,171,4
Draw_Multi_File_Animation_Stencil_,1166038,1166637,599,171,4
Draw_File_Animation_Stencil_,1166637,1167213,576,171,4
Draw_File_Animation_On_,1167213,1167813,600,171,4
Open_Multi_File_Animation_,1167813,1168392,579,171,4
Draw_Multi_File_Animation_,1168392,1169074,682,171,4
Set_File_Animation_Frame_,1169074,1169163,89,171,4
Get_File_Animation_Frame_,1169163,1169221,58,171,4
Get_Multi_File_Animation_Frame_,1169221,1169294,73,171,4
Reset_File_Animation_Buffer_,1169294,1169335,41,171,4
Set_File_Animation_Buffer_,1169335,1169379,44,171,4
Draw_Multi_File_Animation_Palette_,1169379,1169486,107,171,4
Draw_File_Animation_Palette_,1169486,1169551,65,171,4
Set_Multi_File_Animation_Frame_,1169551,1169653,102,171,4
Create_Blank_Bitmap_,1169653,1169731,78,172,4
Create_Bitmap_Header_,1169731,1169872,141,172,4
Create_Multi_Frame_Blank_Bitmap_,1169872,1169942,70,172,4
Create_Multi_Frame_Bitmap_Header_,1169942,1170084,142,172,4
Get_Bitmap_Size_,1170084,1170172,88,172,4
Set_Picture_Glassed_,1170172,1170235,63,172,4
Shear_Bitmap_Y_,1170235,1170581,346,172,4
Shear_Array_Bitmap_Y_,1170581,1170800,219,172,4
Shear_Bitmap_X_,1170800,1171154,354,172,4
Shear_Array_Bitmap_X_,1171154,1171378,224,172,4
Flip_Bitmap_,1171378,1171634,256,172,4
Copy_Bitmap_To_Bitmap_,1171634,1171784,150,172,4
Screen_Bitmap_Capture_,1171784,1171936,152,172,4
Draw_Bitmap_To_Mouse_,1171936,1172274,338,172,4
Clear_Mouse_Image_,1172274,1172340,66,172,4
Scale_Bitmap_,1172340,1172816,476,172,4
Vanish_Bitmap_,1172816,1173071,255,172,4
Outline_Bitmap_,1173071,1173303,232,172,4
Bitmap_Aura_,1173303,1173507,204,172,4
Transpose_Bitmap_,1173507,1173716,209,172,4
Tint_Bitmap_,1173716,1173921,205,172,4
Create_Brighten_Bitmap_Palettes_,1173921,1174307,386,172,4
Mask_Brighten_Bitmap_,1174307,1175076,769,172,4
Darken_Bitmap_,1175076,1175271,195,172,4
Jumble_Bitmap_,1175271,1175485,214,172,4
Mask_Out_Bitmap_With_Bitmap_,1175485,1176226,741,172,4
Mask_Out_Colors_,1176226,1176370,144,172,4
Interlace_Gray_Scale_Bitmap_,1176370,1176728,358,172,4
Gray_Scale_Bitmap_,1176728,1176952,224,172,4
Draw_Picture_To_Bitmap_,1176952,1177574,622,172,4
Add_Picture_To_Bitmap_,1177574,1178959,1385,172,4
Draw_Bitmap_Rotated_,1178959,1179135,176,172,4
Get_Rotated_Pixels_,1179135,1179800,665,172,4
Draw_Bitmap_Line_,1179800,1181857,2057,172,4
Draw_Bitmap_Animation_Block_,1181857,1183283,1426,172,4
Form_Texture_Map_Edge_List_,1183283,1184213,930,172,4
Texture_Map_Block_,1184213,1185064,851,172,4
Get_Bitmap_Actual_Size_,1185064,1185372,308,172,4
Line_Texture_Map_,1185372,1185708,336,172,4
Get_Bitmap_Pixel_,1185708,1185834,126,172,4
Set_Palette_Colors_,1185834,1186004,170,173,4
Set_Palette_Changes_,1186004,1186082,78,173,4
Clear_Palette_Changes_,1186082,1186160,78,173,4
Save_Palette_,1186160,1186211,51,173,4
Restore_Palette_,1186211,1186276,65,173,4
Set_Palette_Gradient_,1186276,1186507,231,173,4
Set_Glass_Remap_Color_,1186507,1186612,105,173,4
Reset_Cycle_Palette_Color_,1186612,1186653,41,173,4
Cycle_Palette_Color_,1186653,1187435,782,173,4
Update_Cycle_,1187435,1187707,272,173,4
Refresh_Palette_,1187707,1187941,234,173,4
Allocate_Glass_Remap_Next_Block_,1187941,1187996,55,173,4
Save_Glass_Remap_Block_,1187996,1188073,77,173,4
Restore_Glass_Remap_Block_,1188073,1188151,78,173,4
RGB_To_HLS_,1188151,1188686,535,173,4
HLS_To_RGB_,1188686,1188961,275,173,4
Value_,1188961,1189279,318,173,4
RADMALLOC,1189279,1189396,117,174,4
RADFREE,1189396,1189446,50,174,4
Open_Smacker_Animation_,1189446,1189694,248,174,4
Set_Smacker_Animation_Frame_,1189694,1189730,36,174,4
Get_Smacker_Animation_Height_,1189730,1189795,65,174,4
Get_Smacker_Animation_Width_,1189795,1189860,65,174,4
Get_Smacker_Animation_Total_Frames_,1189860,1189925,65,174,4
Get_Smacker_Animation_Frame_,1189925,1189993,68,174,4
Draw_Smacker_Animation_,1189993,1190356,363,174,4
Close_Smacker_Animation_,1190356,1190417,61,174,4
Set_Smacker_Palette_,1190417,1190564,147,174,4
Vsync_Speed_Test_,1190564,1190648,84,175,4
Store_Palette_Block_,1190648,1190695,47,175,4
Wait_For_Vsync_,1190695,1190721,26,175,4
Forced_Wait_For_Vsync_,1190721,1190738,17,175,4
Tint_Palette_,1190738,1191040,302,175,4
Darken_Palette_,1191040,1191222,182,175,4
Cycle_Palette_,1191222,1191529,307,175,4
Dual_Cycle_Palette_,1191529,1191719,190,175,4
Store_Single_Palette_Color_,1191719,1191772,53,175,4
String_To_Upper_,1191772,1191885,113,176,4
String_To_Lower_,1191885,1191998,113,176,4
Trim_,1191998,1192146,148,176,4
Swap_,1192146,1192209,63,176,4
Swap_Short_,1192209,1192276,67,176,4
Swap_Char_,1192276,1192339,63,176,4
Swap_Long_,1192339,1192402,63,176,4
Delete_Structure_,1192402,1192503,101,176,4
Update_Glass_Remap_Colors_,1192503,1193147,644,177,4
Update_Glass_Remap_Color_Range_,1193147,1193770,623,177,4
Sort_Palette_List_,1193770,1194185,415,177,4
Find_Closest_Color_,1194185,1194926,741,177,4
Get_Palette_Animation_Color_,1194926,1195164,238,177,4
Calculate_Picture_Remap_Colors_,1195164,1195286,122,177,4
Create_Picture_Remap_Palette_,1195286,1195489,203,177,4
Get_Remap_Palette_Color_,1195489,1195542,53,177,4
Get_Palette_RGB_,1195542,1195638,96,177,4
byteswap_,1195638,1195676,38,178,5
med3_,1195676,1195764,88,178,5
qsort_,1195764,1196845,1081,178,4
Interpolate_Line_,1196845,1197232,387,179,4
Absolute_Interpolate_Line_,1197232,1197623,391,179,4
Range_,1197623,1197764,141,179,4
Delta_XY_With_Wrap_,1197764,1197929,165,179,4
Path_,1197929,1198478,549,179,4
Path_Wrap_,1198478,1199250,772,179,4
isqrt_,1199250,1199405,155,179,4
Line_,1199405,1200983,1578,180,4
Clip_Line_,1200983,1202076,1093,180,4
Draw_Horizontal_Run_,1202076,1202182,106,180,4
Draw_Vertical_Run_,1202182,1202288,106,180,4
Multi_Colored_Line_,1202288,1203933,1645,180,4
Draw_Horizontal_Run_Multi_,1203933,1204061,128,180,4
Draw_Vertical_Run_Multi_,1204061,1204189,128,180,4
Anti_Alias_Line_,1204189,1205809,1620,180,4
Draw_Horizontal_Run_Alias_,1205809,1205932,123,180,4
Draw_Vertical_Run_Alias_,1205932,1206056,124,180,4
Plasma_Box_,1206056,1206488,432,180,4
Create_Plasma_Line_,1206488,1206831,343,180,4
Plasma_Line_,1206831,1208483,1652,180,4
Draw_Horizontal_Run_Plasma_,1208483,1208609,126,180,4
Draw_Vertical_Run_Plasma_,1208609,1208735,126,180,4
Replace_Color_,1208735,1209406,671,181,4
Replace_Color_All_,1209406,1210063,657,181,4
No_Replace_Mask_Msg_,1210063,1210104,41,181,4
Replace_Color_Gradient_,1210104,1210883,779,181,4
Replace_Gradient_Range_,1210883,1211782,899,181,4
Replace_Color_Range_,1211782,1212640,858,181,4
Establish_Color_Gradient_,1212640,1212853,213,181,4
Shift_Palette_Range_,1212853,1212969,116,181,4
Gray_Scale_Off_Page_,1212969,1213119,150,181,4
Interlaced_Gray_Scale_Off_Page_,1213119,1213445,326,181,4
_angle_to_sin,1213445,1213625,180,182,5
Get_Angle_,1213625,1213973,348,182,4
Sin_,1213973,1214326,353,182,4
Cos_,1214326,1214386,60,182,4
Rotate_Coordinates_,1214386,1215376,990,182,4
strcmp_,1215376,1215540,164,183,4
Set_Bank_Write_Vesa_,1215540,1215576,36,184,4
Set_Bank_Read_Vesa_,1215576,1215623,47,184,4
Switch_Video_Pages_Vesa_,1215623,1215664,41,184,4
Get_Bank_Write_Vesa_,1215664,1215712,48,184,4
Fast_Screen_Block_Copy_,1215712,1215726,14,184,4
Add_Square_To_Scan_List_,1215726,1216018,292,184,4
cget_file_,1216018,1216102,84,185,5
uncget_file_,1216102,1216110,8,185,5
vfscanf_,1216110,1216149,39,185,4
fscanf_,1216149,1216182,33,185,4
fputs_,1216182,1216305,123,186,4
_netLobby,1216305,1216315,10,187,4
Net_Init_,1216315,1216610,295,187,4
Net_Uninit_,1216610,1216699,89,187,4
Net_Update_,1216699,1216807,108,187,4
Net_Is_Sending_,1216807,1216851,44,187,4
Net_Send_Message_,1216851,1217036,185,187,4
Net_Status_,1217036,1217172,136,187,4
Net_Get_Users_,1217172,1217368,196,187,4
Set_Null_Modem_Slave_,1217368,1217415,47,187,4
Set_Null_Modem_Host_,1217415,1217462,47,187,4
Net_Is_User_Valid_,1217462,1217607,145,187,4
Net_Host_ID_,1217607,1217654,47,187,4
Net_Update_Game_List_,1217654,1218137,483,187,4
Net_Get_Game_Count_,1218137,1218186,49,187,4
Net_Get_Game_Name_,1218186,1218296,110,187,4
Net_Get_Game_Status_,1218296,1218383,87,187,4
Net_Join_Game_,1218383,1218605,222,187,4
Net_Create_Game_,1218605,1218794,189,187,4
Net_Get_Player_Count_,1218794,1218894,100,187,4
Net_Enable_New_Players_,1218894,1218959,65,187,4
Net_Disable_New_Players_,1218959,1219024,65,187,4
Net_New_Players_Enabled_,1219024,1219071,47,187,4
memmove_,1219071,1219148,77,188,4
_dos_findfirst_,1219148,1219177,29,189,4
_dos_findnext_,1219177,1219205,28,189,4
_dos_findclose_,1219205,1219278,73,189,4
strncpy_,1219278,1219315,37,190,4
Reduce_Palette_,1219315,1219966,651,191,4
Split_Cube_,1219966,1221801,1835,191,4
Sort_Cube_Points_,1221801,1222417,616,191,4
Find_Longest_Axis_,1222417,1222604,187,191,4
Initial_Cube_,1222604,1222735,131,191,4
Find_Next_Lowest_Cube_Level_,1222735,1223059,324,191,4
Shrink_Cube_,1223059,1223361,302,191,4
Clear_Reduced_Palette_Groups_,1223361,1223401,40,191,4
Add_Reduced_Palette_Group_,1223401,1223681,280,191,4
Compress_Reduced_Palette_Groups_,1223681,1223902,221,191,4
strncmp_,1223902,1223943,41,192,4
LBX_create_,1223943,1223987,44,193,4
LBX_init_,1223987,1224308,321,193,4
LBX_uninit_,1224308,1224379,71,193,4
LBX_readRecord_,1224379,1224534,155,193,4
LBX_readPartialRecord_,1224534,1224658,124,193,4
LBX_getRecordLength_,1224658,1224713,55,193,4
LBX_getRecordLocation_,1224713,1224768,55,193,4
LBX_writeRecord_,1224768,1225607,839,193,4
LBX_appendRecord_,1225607,1226399,792,193,4
LBX_deleteRecord_,1226399,1227197,798,193,4
Save_Block_To_Drive_,1227197,1227398,201,194,4
Restore_Block_From_Drive_,1227398,1227515,117,194,4
Bolt_Line_,1227515,1228484,969,195,4
Bolt_Segment_,1228484,1229356,872,195,4
Wide_Bolt_Line_,1229356,1230998,1642,195,4
_stricmp_,1230998,1231069,71,196,4
strcmpi_,1230998,1231069,71,196,4
stricmp_,1230998,1231069,71,196,4
mem_putc_,1231069,1231088,19,197,5
vsprintf_,1231088,1231109,21,197,4
time_,1231109,1231156,47,198,4
_localtime_,1231156,1231237,81,199,4
localtime_,1231237,1231250,13,199,4
fgetc_,1231250,1231387,137,200,4
__filbuf_,1231387,1231434,47,200,4
__fill_buffer_,1231434,1231606,172,200,4
_nfree_,1231606,1231736,130,201,4
free_,1231606,1231736,130,201,4
_nmalloc_,1231736,1231963,227,202,4
malloc_,1231736,1231963,227,202,4
Init_Modem_,1231963,1232069,106,203,4
Uninit_Modem_,1232069,1232119,50,203,4
Modem_Output_,1232119,1232212,93,203,4
Modem_Read_Char_,1232212,1232293,81,203,4
Modem_Answer_,1232293,1232385,92,203,4
Modem_Dial_Number_,1232385,1232600,215,203,4
Get_Modem_Error_,1232600,1232861,261,203,4
Modem_Connected_,1232861,1232936,75,203,4
Modem_Hang_Up_,1232936,1233137,201,203,4
Modem_Reset_,1233137,1233296,159,203,4
Modem_Write_Char_,1233296,1233351,55,203,4
Modem_Open_Port_,1233351,1233510,159,203,4
Modem_Close_Port_,1233510,1233574,64,203,4
InitTransportLayer_,1233574,1233732,158,204,4
UninitTransportLayer_,1233732,1233820,88,204,4
PacketAcked_,1233820,1233999,179,204,4
UserIsValid_,1233999,1234379,380,204,4
SendPacketBurst_,1234379,1234648,269,204,4
UpdateTransportLayer_,1234648,1234779,131,204,4
ResetSending_,1234779,1234949,170,204,4
ResetReceiving_,1234949,1235047,98,204,4
SendAck_,1235047,1235225,178,204,4
NumUsers_,1235225,1235325,100,204,4
AllAcknowledged_,1235325,1235643,318,204,4
ReceiveLargeUserMessage_,1235643,1236606,963,204,4
SendPacket_,1236606,1236927,321,204,4
SendLargeUserMessage_,1236927,1237382,455,204,4
OutputDebugString_,1237382,1237546,164,204,4
_toupper_,1237546,1237560,14,206,4
toupper_,1237546,1237560,14,206,4
_tolower_,1237560,1237574,14,207,4
tolower_,1237560,1237574,14,207,4
Print_Paragraph_,1237574,1238143,569,208,4
Mark_Paragraph_,1238143,1239167,1024,208,4
Get_Paragraph_Max_Height_,1239167,1239290,123,208,4
Get_Paragraph_Max_Width_,1239290,1239710,420,208,4
Reset_Paragraph_Exclusions_,1239710,1239750,40,208,4
Set_Paragraph_Exclusion_Area_,1239750,1239893,143,208,4
Set_Paragraph_Exclusion_Picture_,1239893,1240062,169,208,4
Remove_Paragraph_Marks_,1240062,1240148,86,208,4
Print_Paragraph_To_Bitmap_,1240148,1240665,517,208,4
_strupr_,1240665,1240702,37,209,4
strupr_,1240665,1240702,37,209,4
Blinds_Fade_,1240702,1240860,158,210,4
__CMain,1240860,1240940,80,211,4
__InitRtns,1240940,1241015,75,212,4
__FiniRtns,1241015,1241094,79,212,4
__null_FPE_rtn,1241094,1241095,1,214,5
__Init_Argv_,1241095,1241288,193,215,4
_SplitParms_,1241288,1241568,280,215,5
__CHK,1241568,1241584,16,216,4
__GRO,1241584,1241587,3,216,4
__STK,1241587,1241617,30,216,4
__STKOVERFLOW_,1241617,1241632,15,216,4
strcat_,1241632,1241683,51,217,4
int386_,1241683,1241712,29,218,4
sound_,1241712,1241786,74,219,4
nosound_,1241786,1241804,18,219,4
delay_,1241804,1241809,5,220,4
printf_,1241809,1241843,34,221,4
__null_int23_exit_,1241843,1241844,1,222,4
_null_exit_rtn_,1241843,1241844,1,222,5
exit_,1241844,1241868,24,222,4
_exit_,1241868,1241890,22,222,4
_memavl_,1241890,1241946,56,223,4
memcpy_,1241946,1241983,37,224,4
strcpy_,1241983,1242014,31,225,4
_dos_getfileattr_,1242014,1242041,27,226,4
_dos_setfileattr_,1242041,1242060,19,226,4
_dos_getdiskfree_,1242060,1242105,45,227,4
remove_,1242105,1242110,5,228,4
getcwd_,1242110,1242246,136,229,4
AILDEBUG_start_,1242246,1242414,168,230,4
_TIME_callback,1242414,1242522,108,230,4
TIME_write_,1242522,1242688,166,230,4
_AIL_startup,1242688,1243068,380,230,4
_AIL_shutdown,1243068,1243215,147,230,4
_AIL_set_preference,1243215,1243465,250,230,4
_AIL_lock,1243465,1243470,5,230,4
_AIL_unlock,1243470,1243475,5,230,4
_AIL_get_real_vect,1243475,1243710,235,230,4
_AIL_set_real_vect,1243710,1243831,121,230,4
_AIL_set_USE16_ISR,1243831,1243969,138,230,4
_AIL_restore_USE16_ISR,1243969,1244085,116,230,4
_AIL_disable_interrupts,1244085,1244090,5,230,4
_AIL_restore_interrupts,1244090,1244104,14,230,4
_AIL_call_driver,1244104,1244382,278,230,4
_AIL_delay,1244382,1244491,109,230,4
_AIL_background,1244491,1244496,5,230,4
_AIL_read_INI,1244496,1245353,857,230,4
_AIL_register_timer,1245353,1245588,235,230,4
_AIL_set_timer_user,1245588,1245831,243,230,4
_AIL_set_timer_period,1245831,1245949,118,230,4
_AIL_set_timer_frequency,1245949,1246067,118,230,4
_AIL_set_timer_divisor,1246067,1246185,118,230,4
_AIL_interrupt_divisor,1246185,1246407,222,230,4
_AIL_start_timer,1246407,1246516,109,230,4
_AIL_start_all_timers,1246516,1246614,98,230,4
_AIL_stop_timer,1246614,1246723,109,230,4
_AIL_stop_all_timers,1246723,1246821,98,230,4
_AIL_release_timer_handle,1246821,1246930,109,230,4
_AIL_release_all_timers,1246930,1247028,98,230,4
_AIL_get_IO_environment,1247028,1247257,229,230,4
_AIL_install_driver,1247257,1247500,243,230,4
_AIL_uninstall_driver,1247500,1247609,109,230,4
_AIL_install_DIG_INI,1247609,1247831,222,230,4
_AIL_install_DIG_driver_file,1247831,1248068,237,230,4
_AIL_uninstall_DIG_driver,1248068,1248177,109,230,4
_AIL_allocate_sample_handle,1248177,1248406,229,230,4
_AIL_allocate_file_sample,1248406,1248655,249,230,4
_AIL_release_sample_handle,1248655,1248764,109,230,4
_AIL_init_sample,1248764,1248873,109,230,4
_AIL_set_sample_file,1248873,1249135,262,230,4
_AIL_set_sample_address,1249135,1249265,130,230,4
_AIL_set_sample_type,1249265,1249395,130,230,4
_AIL_start_sample,1249395,1249504,109,230,4
_AIL_stop_sample,1249504,1249613,109,230,4
_AIL_resume_sample,1249613,1249722,109,230,4
_AIL_end_sample,1249722,1249831,109,230,4
_AIL_set_sample_playback_rate,1249831,1249949,118,230,4
_AIL_set_sample_volume,1249949,1250067,118,230,4
_AIL_set_sample_pan,1250067,1250185,118,230,4
_AIL_set_sample_loop_count,1250185,1250303,118,230,4
_AIL_sample_status,1250303,1250532,229,230,4
_AIL_sample_playback_rate,1250532,1250773,241,230,4
_AIL_sample_volume,1250773,1251002,229,230,4
_AIL_sample_pan,1251002,1251231,229,230,4
_AIL_sample_loop_count,1251231,1251460,229,230,4
_AIL_install_DIG_driver_image,1251460,1251709,249,230,4
_AIL_minimum_sample_buffer_size,1251709,1251958,249,230,4
_AIL_sample_buffer_ready,1251958,1252187,229,230,4
_AIL_load_sample_buffer,1252187,1252330,143,230,4
_AIL_set_sample_position,1252330,1252448,118,230,4
_AIL_sample_position,1252448,1252677,229,230,4
_AIL_register_SOB_callback,1252677,1252914,237,230,4
_AIL_register_EOB_callback,1252914,1253151,237,230,4
_AIL_register_EOS_callback,1253151,1253388,237,230,4
_AIL_register_EOF_callback,1253388,1253625,237,230,4
_AIL_set_sample_user_data,1253625,1253755,130,230,4
_AIL_sample_user_data,1253755,1253992,237,230,4
_AIL_active_sample_count,1253992,1254221,229,230,4
_AIL_install_MDI_INI,1254221,1254437,216,230,4
_AIL_install_MDI_driver_file,1254437,1254674,237,230,4
_AIL_uninstall_MDI_driver,1254674,1254783,109,230,4
_AIL_allocate_sequence_handle,1254783,1255012,229,230,4
_AIL_release_sequence_handle,1255012,1255121,109,230,4
_AIL_init_sequence,1255121,1255370,249,230,4
_AIL_start_sequence,1255370,1255479,109,230,4
_AIL_stop_sequence,1255479,1255588,109,230,4
_AIL_resume_sequence,1255588,1255697,109,230,4
_AIL_end_sequence,1255697,1255806,109,230,4
_AIL_set_sequence_tempo,1255806,1255936,130,230,4
_AIL_set_sequence_volume,1255936,1256066,130,230,4
_AIL_set_sequence_loop_count,1256066,1256184,118,230,4
_AIL_sequence_status,1256184,1256413,229,230,4
_AIL_sequence_tempo,1256413,1256642,229,230,4
_AIL_sequence_volume,1256642,1256871,229,230,4
_AIL_sequence_loop_count,1256871,1257100,229,230,4
_AIL_install_MDI_driver_image,1257100,1257349,249,230,4
_AIL_set_GTL_filename_prefix,1257349,1257458,109,230,4
_AIL_timbre_status,1257458,1257707,249,230,4
_AIL_install_timbre,1257707,1257956,249,230,4
_AIL_protect_timbre,1257956,1258086,130,230,4
_AIL_unprotect_timbre,1258086,1258216,130,230,4
_AIL_active_sequence_count,1258216,1258445,229,230,4
_AIL_controller_value,1258445,1258694,249,230,4
_AIL_channel_notes,1258694,1258931,237,230,4
_AIL_sequence_position,1258931,1259195,264,230,4
_AIL_branch_index,1259195,1259313,118,230,4
_AIL_register_prefix_callback,1259313,1259550,237,230,4
_AIL_register_trigger_callback,1259550,1259787,237,230,4
_AIL_register_sequence_callback,1259787,1260024,237,230,4
_AIL_register_event_callback,1260024,1260261,237,230,4
_AIL_register_timbre_callback,1260261,1260498,237,230,4
_AIL_set_sequence_user_data,1260498,1260628,130,230,4
_AIL_sequence_user_data,1260628,1260865,237,230,4
_AIL_register_ICA_array,1260865,1260983,118,230,4
_AIL_lock_channel,1260983,1261212,229,230,4
_AIL_release_channel,1261212,1261330,118,230,4
_AIL_map_sequence_channel,1261330,1261460,130,230,4
_AIL_true_sequence_channel,1261460,1261697,237,230,4
_AIL_send_channel_voice_message,1261697,1261850,153,230,4
_AIL_send_sysex_message,1261850,1261968,118,230,4
_AIL_create_wave_synthesizer,1261968,1262232,264,230,4
_AIL_destroy_wave_synthesizer,1262232,1262341,109,230,4
AILDEBUG_end_,1262341,1262383,42,230,4
strlen_,1262383,1262408,25,231,4
Load_System_Font_,1262408,1263452,1044,232,4
Load_System_Mouse_,1263452,1263819,367,232,4
_Full_at_exit_rtn_,1263819,1263878,59,233,4
atexit_,1263878,1263938,60,233,4
_Alphabet,1263938,1263975,37,234,5
ultoa_,1263975,1264049,74,234,4
_ltoa_,1264049,1264076,27,234,4
ltoa_,1264049,1264076,27,234,4
Print_Character_ASM_,1264076,1264134,58,235,4
Print_Character_No_Alias_ASM_,1264134,1264198,64,235,4
_disable_,1264198,1264200,2,236,4
_enable_,1264200,1264202,2,237,4
int386x_,1264202,1264228,26,238,4
Count_It_,1264228,1264261,33,239,4
Get_ES_,1264261,1264267,6,239,4
Get_DS_,1264267,1264273,6,239,4
Save_Mouse_Hi_Res_,1264273,1265324,1051,239,4
Restore_Mouse_Hi_Res_,1265324,1266333,1009,239,4
Draw_Mouse_Buffer_,1266333,1267481,1148,239,4
Save_Mouse_Off_Page_,1267481,1267792,311,239,4
Restore_Mouse_Off_Page_,1267792,1268063,271,239,4
Draw_Mouse_Off_Page_Buffer_,1268063,1268442,379,239,4
Set_Video_Mode_Lo_Res_,1268442,1268473,31,240,4
Set_Video_Mode_Mode_X_,1268473,1268504,31,240,4
Set_Video_Mode_Mode_X240_,1268504,1268535,31,240,4
Set_Video_Mode_Mode_Y_,1268535,1268566,31,240,4
Full_Screen_Dump_Lo_Res_,1268566,1268597,31,240,4
Full_Screen_Dump_Mode_X_,1268597,1268628,31,240,4
Full_Screen_Dump_Mode_X240_,1268628,1268659,31,240,4
Full_Screen_Dump_Mode_Y_,1268659,1268690,31,240,4
Partial_Screen_Dump_Lo_Res_,1268690,1268721,31,240,4
Partial_Screen_Dump_Mode_X_,1268721,1268752,31,240,4
Partial_Screen_Dump_Mode_X240_,1268752,1268783,31,240,4
Partial_Screen_Dump_Mode_Y_,1268783,1268814,31,240,4
Masked_Screen_Dump_Lo_Res_,1268814,1268845,31,240,4
Masked_Screen_Dump_Mode_X_,1268845,1268876,31,240,4
Masked_Screen_Dump_Mode_X240_,1268876,1268907,31,240,4
Masked_Screen_Dump_Mode_Y_,1268907,1268938,31,240,4
Copy_Off_To_On_Lo_Res_,1268938,1268977,39,240,4
Copy_Off_To_On_Mode_X_,1268977,1269016,39,240,4
Copy_Off_To_On_Mode_X240_,1269016,1269055,39,240,4
Copy_Off_To_On_Mode_Y_,1269055,1269094,39,240,4
Save_Mouse_Lo_Res_,1269094,1269125,31,240,4
Save_Mouse_Mode_X_,1269125,1269156,31,240,4
Save_Mouse_Mode_X240_,1269156,1269187,31,240,4
Save_Mouse_Mode_Y_,1269187,1269218,31,240,4
Restore_Mouse_Lo_Res_,1269218,1269249,31,240,4
Restore_Mouse_Mode_X_,1269249,1269280,31,240,4
Restore_Mouse_Mode_X240_,1269280,1269311,31,240,4
Restore_Mouse_Mode_Y_,1269311,1269342,31,240,4
Draw_Mouse_Lo_Res_,1269342,1269373,31,240,4
Draw_Mouse_Mode_X_,1269373,1269404,31,240,4
Draw_Mouse_Mode_X240_,1269404,1269435,31,240,4
Draw_Mouse_Mode_Y_,1269435,1269466,31,240,4
Save_Video_State_Lo_Res_,1269466,1269497,31,240,4
Save_Video_State_Mode_X_,1269497,1269528,31,240,4
Save_Video_State_Mode_X240_,1269528,1269559,31,240,4
Save_Video_State_Mode_Y_,1269559,1269590,31,240,4
Restore_Video_State_Lo_Res_,1269590,1269621,31,240,4
Restore_Video_State_Mode_X_,1269621,1269652,31,240,4
Restore_Video_State_Mode_X240_,1269652,1269683,31,240,4
Restore_Video_State_Mode_Y_,1269683,1269714,31,240,4
Test_For_Vesa_,1269714,1269953,239,241,4
Get_Vesa_Total_Memory_,1269953,1270256,303,241,4
Get_Vesa_Granularity_,1270256,1270600,344,241,4
Set_Video_Mode_Vesa_,1270600,1270711,111,241,4
__prtf_,1270711,1271638,927,242,4
getprintspecs_,1271638,1271956,318,242,5
evalflags_,1271956,1272051,95,242,5
far_strlen_,1272051,1272087,36,242,5
far_other_strlen_,1272087,1272122,35,242,5
fmt4hex_,1272122,1272216,94,242,5
FixedPoint_Format_,1272216,1272461,245,242,5
float_format_,1272461,1272468,7,242,5
formstring_,1272468,1273725,1257,242,5
zupstr_,1273725,1273749,24,242,5
__set_EDOM_,1273749,1273754,5,243,4
__set_errno_,1273754,1273766,12,243,4
__set_ERANGE_,1273766,1273773,7,243,4
__set_EINVAL_,1273773,1273789,16,243,4
__set_doserrno_,1273789,1273801,12,243,4
open_,1273801,1273837,36,245,4
sopen_,1273837,1274326,489,245,4
__set_binary_,1274326,1274427,101,245,4
__allocfp_,1274427,1274593,166,246,4
__freefp_,1274593,1274650,57,246,4
__purgefp_,1274650,1274680,30,246,4
__chktty_,1274680,1274730,50,247,4
getpid_,1274730,1274736,6,249,4
__flush_,1274736,1274953,217,250,4
ftell_,1274953,1275019,66,251,4
_lseek_,1275019,1275086,67,252,4
lseek_,1275019,1275086,67,252,4
__close_,1275086,1275139,53,253,4
__ioalloc_,1275139,1275258,119,254,4
__qread_,1275258,1275292,34,255,4
Fill_Column_,1275292,1275323,31,256,4
Fill_Region_,1275323,1275371,48,256,4
Interlaced_Fill_Column_,1275371,1275404,33,256,4
Interlaced_Fill_Region_,1275404,1275486,82,256,4
Tri_Interlaced_Fill_Column_,1275486,1275544,58,256,4
Tri_Interlaced_Fill_Region_,1275544,1275683,139,256,4
Tint_Fill_Column_,1275683,1275744,61,256,4
Tint_Fill_Region_,1275744,1275828,84,256,4
Shear_X_Negative_,1275828,1275855,27,257,4
Shear_X_Positive_,1275855,1275885,30,257,4
Shear_Y_Negative_,1275885,1275942,57,257,4
Shear_Y_Positive_,1275942,1276030,88,257,4
Flip_Bitmap_Left_Same_,1276030,1276070,40,257,4
Flip_Bitmap_Left_Different_,1276070,1276099,29,257,4
Flip_Bitmap_Down_Same_,1276099,1276143,44,257,4
Flip_Bitmap_Down_Different_,1276143,1276187,44,257,4
Capture_Screen_Block_,1276187,1276213,26,257,4
Enlarge_Bitmap_,1276213,1276434,221,257,4
Reduce_Bitmap_,1276434,1276604,170,257,4
Vanish_Bitmap_Pixels_,1276604,1276809,205,257,4
Outline_Bitmap_Pixels_,1276809,1277034,225,257,4
Outline_Bitmap_Pixels_No_Glass_,1277034,1277267,233,257,4
Bitmap_Aura_Pixels_,1277267,1277360,93,257,4
Transpose_Bitmap_Clockwise_,1277360,1277415,55,257,4
Transpose_Bitmap_Counter_,1277415,1277475,60,257,4
Tint_Bitmap_Pixels_,1277475,1277537,62,257,4
Gray_Scale_Fill_Pixels_,1277537,1277599,62,257,4
Jumble_Bitmap_Pixels_,1277599,1277758,159,257,4
Mask_Bitmap_Pixels_,1277758,1277819,61,257,4
Mask_Brighten_Bitmap_Pixels_,1277819,1277919,100,257,4
Mask_Bitmap_Pixels_Inverse_,1277919,1277980,61,257,4
Mask_Bitmap_Colors_Pixels_,1277980,1278086,106,257,4
Texture_Map_Pixels_PUPV_,1278086,1278152,66,257,4
Texture_Map_Pixels_NUPV_,1278152,1278218,66,257,4
Texture_Map_Pixels_PUNV_,1278218,1278284,66,257,4
Texture_Map_Pixels_NUNV_,1278284,1278350,66,257,4
Gray_Scale_Off_Page_ASM_,1278350,1278402,52,257,4
Interlace_Scale_Off_Page_ASM_,1278402,1278496,94,257,4
__STOSB,1278496,1278551,55,258,4
__STOSD,1278551,1278659,108,258,4
__qwrite_,1278659,1278775,116,259,4
fputc_,1278775,1278939,164,260,4
_dosret0_,1278939,1278946,7,261,4
_dosretax_,1278946,1278950,4,261,4
__set_errno_dos_,1278950,1279063,113,261,4
tell_,1279063,1279080,17,262,4
clock_value_,1279080,1279171,91,263,5
__clock_init_,1279171,1279182,11,263,4
__clock_,1279182,1279222,40,263,4
flushall_,1279222,1279227,5,264,4
__flushall_,1279227,1279276,49,264,4
Draw_Animated_Sprite_,1279276,1279411,135,265,4
Draw_Bitmap_Sprite_,1279411,1279493,82,265,4
Color_Stream_Copy_,1279493,1279517,24,265,4
Clipped_Draw_Bitmap_Sprite_,1279517,1279968,451,266,4
Clipped_Draw_Glassed_Bitmap_Sprite_,1279968,1280500,532,266,4
Clipped_Draw_Animated_Sprite_,1280500,1281075,575,266,4
Clipped_Draw_Glassed_Animated_Sprite_,1281075,1281879,804,266,4
Clipped_Draw_Stenciled_Animated_Sprite_,1281879,1282936,1057,266,4
AClipped_Draw_Stenciled_Animated_Sprite_,1282936,1284057,1121,266,4
_dos_getvect_,1284057,1284107,50,267,4
_dos_setvect_,1284107,1284160,53,268,4
SMACKSOUNDMSSLITEDONE,1284160,1284192,32,269,4
SMACKSOUNDMSSLITEINITWITHSTART,1284192,1284240,48,269,4
SMACKSOUNDUSEMSS,1284240,1284432,192,269,4
MSSLOWSOUNDVOLPAN,1284432,1284544,112,269,5
MSSSMACKTIMERDONE,1284544,1284640,96,269,5
MSSSMACKTIMERSETUP,1284640,1284880,240,269,5
MSSWINSMACKTIMERREAD,1284880,1284912,32,269,5
MSSSMACKTIMERREAD,1284912,1285040,128,269,5
MSS_INT,1285040,1285056,16,269,5
MSSLOWSOUNDCLOSE,1285056,1285184,128,269,5
MSSLOWSOUNDPURGE,1285184,1285248,64,269,5
MSSLOWSOUNDOPEN,1285248,1285696,448,269,5
doinit_,1285696,1285840,144,269,5
MSSLOWSOUNDPLAYED,1285840,1285920,80,269,5
MSSLOWSOUNDCHECK,1285920,1286160,240,269,5
SMACKWRAPCOPY,1286160,1286288,128,270,4
SMACKWAIT,1286288,1286576,288,270,4
SMACKSOUNDCHECK,1286576,1286592,16,270,4
SMACKVOLUMEPAN,1286592,1286752,160,270,4
SMACKSOUNDINTRACK,1286752,1286864,112,270,4
SMACKTOBUFFERRECT,1286864,1287504,640,270,4
SMACKGOTO,1287504,1287552,48,270,4
SMACKGETTRACKDATA,1287552,1287868,316,270,4
SMACKCOLORREMAP,1287868,1288736,868,270,4
SMACKCOLORTRANS,1288736,1288768,32,270,4
SMACKTOBUFFER,1288768,1289312,544,270,4
SMACKTOSCREEN,1289312,1290688,1376,270,4
PutWidths_,1290688,1290752,64,270,5
SMACKNEXTFRAME,1290752,1290928,176,270,4
SMACKSUMMARY,1290928,1291184,256,270,4
timeframe_,1291184,1291472,288,270,5
SMACKDOFRAME,1291472,1291696,224,270,4
doskip_,1291696,1291808,112,270,5
soundnext_,1291808,1292464,656,270,5
SMACKCLOSE,1292464,1292800,336,270,4
SMACKSOUNDONOFF,1292800,1293328,528,270,4
SMACKFRAMERATE,1293328,1293360,32,270,4
SMACKSIMULATE,1293360,1293376,16,270,4
SMACKOPEN,1293376,1295504,2128,270,4
GetFirstTrack_,1295504,1295552,48,270,5
soundopen_,1295552,1296192,640,270,5
setuptheframe_,1296192,1297056,864,270,5
gotoframe_,1297056,1297680,624,270,5
readframe_,1297680,1297744,64,270,5
blockread_,1297744,1298432,688,270,5
backgroundload_,1298432,1298704,272,270,5
smkmalloc_,1298704,1298745,41,270,5
abs_,1298745,1298752,7,271,4
ungetc_,1298752,1298882,130,272,4
cget_,1298882,1298889,7,273,5
uncget_,1298889,1298897,8,273,5
__scnf_,1298897,1299480,583,273,4
get_opt_,1299480,1299725,245,273,5
scan_white_,1299725,1299788,63,273,5
scan_char_,1299788,1299937,149,273,5
scan_string_,1299937,1300228,291,273,5
report_scan_,1300228,1300322,94,273,5
makelist_,1300322,1300389,67,273,5
scan_arb_,1300389,1300639,250,273,5
scan_float_,1300639,1301430,791,273,5
scan_int_,1301430,1301926,496,273,5
radix_value_,1301926,1301965,39,273,5
cgetw_,1301965,1302003,38,273,5
ComInit_,1302003,1302394,391,274,4
ComEnd_,1302394,1302570,176,274,4
ComDoComms_,1302570,1302633,63,274,4
ComSendUserMessage_,1302633,1303026,393,274,4
GetMessages_,1303026,1303311,285,274,4
HandleUserMessage_,1303311,1303593,282,274,4
ComReleaseComms_,1303593,1303659,66,274,4
SendKeepAlive_,1303659,1303929,270,274,4
HandleKeepAlive_,1303929,1304264,335,274,4
CheckKeepAlive_,1304264,1304410,146,274,4
SendPDU_,1304410,1304563,153,274,4
hostInDescStation_,1304563,1304659,96,274,4
setHostLastKeepAlive_,1304659,1304752,93,274,4
InitModemTransportLayer_,1304752,1304929,177,275,4
UninitModemTransportLayer_,1304929,1305006,77,275,4
Send_Receive_Ack_,1305006,1305102,96,275,4
Send_Receive_Nack_,1305102,1305198,96,275,4
Modem_Send_Message_,1305198,1305266,68,275,4
Modem_Status_,1305266,1305332,66,275,4
Send_Modem_Message_,1305332,1305927,595,275,4
Get_Received_Ack_,1305927,1306018,91,275,4
Modem_Clear_,1306018,1306073,55,275,4
Modem_Update_,1306073,1306229,156,275,4
Receive_Modem_Packet_,1306229,1307039,810,275,4
StartNovellConnection_,1307039,1307287,248,276,5
NetOpen_,1307287,1307379,92,276,4
NetSend_,1307379,1307701,322,276,4
NetPoll_,1307701,1307854,153,276,4
NetEnd_,1307854,1308049,195,276,4
EnterNet_,1308049,1308807,758,276,5
SendAssertStationPDU_,1308807,1308986,179,276,5
AddHostToDescStation_,1308986,1309511,525,276,4
AddThisHostToDescStation_,1309511,1309872,361,276,4
RemoveHostFromDescStation_,1309872,1310011,139,276,4
GetTempStationID_,1310011,1310149,138,276,4
Get_Network_Address_,1310149,1310438,289,276,4
Load_Kernel_,1310438,1310732,294,276,4
__doserror_,1310732,1310751,19,277,4
LBX_Open_File_,1310751,1311087,336,278,4
LBX_Add_File_,1311087,1311636,549,278,4
LBX_Add_Data_File_,1311636,1312181,545,278,4
LBX_Extract_File_,1312181,1312660,479,278,4
Read_LBX_File_Type_,1312660,1312765,105,278,4
Read_LBX_File_Entry_Count_,1312765,1312867,102,278,4
Repeat_LBX_File_,1312867,1313067,200,278,4
File_Size_,1313067,1313162,95,279,4
fileExists_,1313162,1313240,78,279,4
unlink_,1313240,1313273,33,280,4
rename_,1313273,1313319,46,281,4
__getctime_,1313319,1313514,195,282,4
mktime_,1313514,1313854,340,283,4
__CacheOSTZ_,1313854,1313938,84,284,4
tryOSTimeZone_,1313938,1313962,24,284,5
tzset_,1313962,1313976,14,284,4
__parse_tz_,1313976,1314031,55,284,4
parse_time_,1314031,1314067,36,284,5
parse_offset_,1314067,1314364,297,284,5
parse_rule_,1314364,1314830,466,284,5
__brktime_,1314830,1315107,277,285,4
_gmtime_,1315107,1315137,30,285,4
gmtime_,1315137,1315150,13,285,4
__leapyear_,1315150,1315209,59,286,4
calc_yday_,1315209,1315438,229,286,5
check_order_,1315438,1315490,52,286,5
__isindst_,1315490,1316197,707,286,4
time_less_,1316197,1316245,48,286,5
getche_,1316245,1316274,29,287,4
__MemAllocator,1316274,1316442,168,288,4
__MemFree,1316442,1316709,267,288,4
__unlink_,1316709,1316790,81,290,5
__FreeDPMIBlocks_,1316790,1316882,92,290,4
__ReAllocDPMIBlock_,1316882,1317137,255,290,4
__LinkUpNewMHeap_,1317137,1317253,116,290,5
__LastFree_,1317253,1317333,80,290,4
RationalAlloc_,1317333,1317542,209,290,5
__CreateNewNHeap_,1317542,1317718,176,290,5
__ExpandDGROUP_,1317718,1318050,332,290,4
__AdjustAmount_,1318050,1318175,125,290,5
__nmemneed_,1318175,1318178,3,291,4
putch_,1318178,1318208,30,292,4
HMReset_,1318208,1318228,20,293,4
_icat_,1318228,1318312,84,293,5
HMSetRegister_,1318312,1318572,260,293,4
HMSetAutoAnswerRingCount_,1318572,1318584,12,293,4
HMGetIncomingRingCount_,1318584,1318600,16,293,4
HMSetEscapeCode_,1318600,1318620,20,293,4
HMSetEndOfLineCharacter_,1318620,1318640,20,293,4
HMSetLineFeedCharacter_,1318640,1318660,20,293,4
HMSetBackspaceCharacter_,1318660,1318680,20,293,4
HMSetWaitForDialToneTime_,1318680,1318696,16,293,4
HMSetWaitTimeForCarrier_,1318696,1318712,16,293,4
HMSetPauseTimeForComma_,1318712,1318728,16,293,4
HMSetCDResponseTime_,1318728,1318744,16,293,4
HMSetCarrierDisconnectTime_,1318744,1318760,16,293,4
HMSetTouchToneDuration_,1318760,1318776,16,293,4
HMSetEscapeCodeGuardTime_,1318776,1318792,16,293,4
HMGetUARTStatus_,1318792,1318808,16,293,4
HMGetOptionRegister_,1318808,1318824,16,293,4
HMGetFlagRegister_,1318824,1318840,16,293,4
HMGoOnline_,1318840,1318868,28,293,4
HMSetDialingMethod_,1318868,1318904,36,293,4
HMDial_,1318904,1319048,144,293,4
HMRepeatLastCommand_,1319048,1319076,28,293,4
HMDialInAnswerMode_,1319076,1319260,184,293,4
HMDialAndReturnToCommandMode_,1319260,1319444,184,293,4
HMAnswer_,1319444,1319472,28,293,4
_hm3_,1319472,1319640,168,293,5
HMSetCarrier_,1319640,1319672,32,293,4
HMSetEchoMode_,1319672,1319704,32,293,4
HMSetFullDuplexMode_,1319704,1319736,32,293,4
HMSetHookSwitch_,1319736,1319768,32,293,4
HMSetSpeaker_,1319768,1319800,32,293,4
HMReturnNoResultCodes_,1319800,1319832,32,293,4
HMSelectExtendedResultCodes_,1319832,1319864,32,293,4
HMSetVerboseMode_,1319864,1319896,32,293,4
HMWaitForOK_,1319896,1319908,12,293,4
HMFixedDelay_,1319908,1319916,8,293,4
HMSetUpEchoRoutine_,1319916,1319924,8,293,4
HMSetUpAbortKey_,1319924,1319932,8,293,4
HMSendString_,1319932,1320144,212,293,4
HMSendStringNoWait_,1320144,1320188,44,293,4
HMGetRegister_,1320188,1320592,404,293,4
HMInputLine_,1320592,1320788,196,293,4
HMSetBackspaceCharacterVB_,1320788,1320808,20,293,4
HMSetEndOfLineCharacterVB_,1320808,1320828,20,293,4
HMSetEscapeCodeVB_,1320828,1320848,20,293,4
HMSetLineFeedCharacterVB_,1320848,1320880,32,293,4
ClearRXBuffer_,1320880,1320928,48,294,4
GetDsr_,1320928,1320948,20,295,4
GetCd_,1320948,1320972,24,295,4
GetRi_,1320972,1320992,20,295,4
GetCts_,1320992,1321024,32,295,4
SetDefaultBufferSize_,1321024,1321040,16,296,4
_GetModemStatusGreenleafFast_,1321040,1321108,68,297,5
_GetLineStatusGreenleafFast_,1321108,1321268,160,297,5
_ClearLineStatusGreenleafFast_,1321268,1321400,132,297,5
_SendBreakGreenleafFast_,1321400,1321564,164,297,5
_ReadBufferGreenleafFast_,1321564,1321932,368,297,5
_SetDTRGreenleafFast_,1321932,1322044,112,297,5
_SetRTSGreenleafFast_,1322044,1322156,112,297,5
_CloseGreenleafFast_,1322156,1322688,532,297,5
_PortCloseGreenleafFast_,1322688,1322752,64,297,5
_PutcGreenleafFast_,1322752,1322956,204,297,5
_WriteBufferGreenleafFast_,1322956,1323288,332,297,5
_ClearTXBufferGreenleafFast_,1323288,1323448,160,297,5
_GetTXSpaceFreeGreenleafFast_,1323448,1323612,164,297,5
_GetTXSpaceUsedGreenleafFast_,1323612,1323776,164,297,5
_GetRXSpaceFreeGreenleafFast_,1323776,1323848,72,297,5
_GetRXSpaceUsedGreenleafFast_,1323848,1323912,64,297,5
_RtsCtsGreenleafFast_,1323912,1324064,152,297,5
_DtrDsrGreenleafFast_,1324064,1324216,152,297,5
_GetcGreenleafFast_,1324216,1324440,224,297,5
_PeekcGreenleafFast_,1324440,1324560,120,297,5
_BlockGreenleafFast_,1324560,1324728,168,297,5
_PortSetGreenleafFast_,1324728,1325056,328,297,5
LinkToInterrupt_,1325056,1325420,364,297,5
_OpenGreenleafFast_,1325420,1326040,620,297,5
PortOpenGreenleafFast_,1326040,1326336,296,297,4
FastSetPortHardware_,1326336,1326420,84,297,4
FastGetPortHardware_,1326420,1326544,124,297,4
FastSet16550TriggerLevel_,1326544,1326580,36,297,4
FastSet16550UseTXFifos_,1326580,1326586,6,297,4
fprintf_,1326586,1326619,33,298,4
stackavail_,1326619,1326628,9,299,4
__CommonInit_,1326628,1326733,105,300,4
__exit_with_msg_,1326733,1326738,5,303,4
__fatal_runtime_error_,1326738,1326767,29,303,4
segread_,1326767,1326807,40,304,4
__delay_init_,1326807,1326857,50,305,4
__delay_,1326857,1326911,54,305,4
file_putc_,1326911,1326928,17,306,5
__fprtf_,1326928,1327063,135,306,4
_DLL_read,1327063,1327166,103,307,5
_MEM_use_malloc,1327166,1327218,52,307,4
_MEM_use_free,1327218,1327270,52,307,4
_MEM_alloc_lock,1327270,1327340,70,307,4
_MEM_free_lock,1327340,1327396,56,307,4
_MEM_alloc_DOS,1327396,1327570,174,307,4
_MEM_free_DOS,1327570,1327645,75,307,4
_VMM_lock_range,1327645,1327839,194,307,4
_VMM_unlock_range,1327839,1328033,194,307,4
_VMM_lock,1328033,1328085,52,307,4
_VMM_unlock,1328085,1328137,52,307,4
_DLL_size,1328137,1328475,338,307,4
_DLL_load,1328475,1329780,1305,307,4
_FILE_error,1329780,1329818,38,307,4
_FILE_size,1329818,1329944,126,307,4
_FILE_read,1329944,1330214,270,307,4
_FILE_write,1330214,1330388,174,307,4
_FILE_append,1330388,1330560,172,307,4
_AIL_API_lock,1330560,1330573,13,308,4
_AIL_API_unlock,1330573,1330586,13,308,4
_API_timer,1330586,1330880,294,308,4
_set_PIT_divisor,1330880,1330928,48,308,4
_set_PIT_period,1330928,1330979,51,308,4
_program_timers,1330979,1331080,101,308,4
_AILA_startup,1331080,1331318,238,308,4
_AILA_shutdown,1331318,1331377,59,308,4
_AIL_API_get_real_vect,1331377,1331421,44,308,4
_AIL_API_set_real_vect,1331421,1331460,39,308,4
_thunk_proc,1331460,1331545,85,308,4
_AIL_API_set_USE16_ISR,1331545,1332079,534,308,4
_AIL_API_restore_USE16_ISR,1332079,1332148,69,308,4
_AIL_API_disable_interrupts,1332148,1332152,4,308,4
_AIL_API_restore_interrupts,1332152,1332173,21,308,4
_AIL_switch_stack,1332173,1332227,54,308,4
_AIL_restore_stack,1332227,1332255,28,308,4
_AIL_API_call_driver,1332255,1332473,218,308,4
_AIL_API_delay,1332473,1332534,61,308,4
_AIL_API_background,1332534,1332546,12,308,4
_AIL_API_register_timer,1332546,1332617,71,308,4
_AIL_API_set_timer_user,1332617,1332657,40,308,4
_AIL_API_release_timer_handle,1332657,1332696,39,308,4
_AIL_API_release_all_timers,1332696,1332732,36,308,4
_AIL_API_start_timer,1332732,1332780,48,308,4
_AIL_API_start_all_timers,1332780,1332816,36,308,4
_AIL_API_stop_timer,1332816,1332864,48,308,4
_AIL_API_stop_all_timers,1332864,1332900,36,308,4
_AIL_API_set_timer_period,1332900,1332948,48,308,4
_AIL_API_set_timer_frequency,1332948,1332996,48,308,4
_AIL_API_set_timer_divisor,1332996,1333062,66,308,4
_AIL_API_interrupt_divisor,1333062,1333074,12,308,4
_AILA_VMM_lock,1333074,1333111,37,308,4
getenv_,1333111,1333208,97,309,4
AIL_start_,1333208,1333345,137,310,4
_AIL_driver_server,1333345,1333424,79,310,5
_ASC_val,1333424,1333585,161,310,5
_AIL_API_read_INI,1333585,1334297,712,310,4
_AIL_API_set_preference,1334297,1334322,25,310,4
_AIL_API_install_driver,1334322,1334882,560,310,4
_AIL_API_uninstall_driver,1334882,1335045,163,310,4
_AIL_API_get_IO_environment,1335045,1335158,113,310,4
_AIL_API_startup,1335158,1335420,262,310,4
_AIL_API_shutdown,1335420,1335465,45,310,4
AIL_end_,1335465,1335600,135,310,4
isatty_,1335600,1335639,39,311,4
setbuf_,1335639,1335668,29,312,4
convDec_,1335668,1335719,51,313,5
_asctime_,1335719,1335956,237,313,4
_ctime_,1335956,1335981,25,313,4
ctime_,1335981,1335986,5,313,4
asctime_,1335986,1336000,14,313,4
AILSS_start_,1336000,1336192,192,314,4
_SS_start_DIG_driver_playback,1336192,1336272,80,314,5
_SS_stop_DIG_driver_playback,1336272,1336320,48,314,5
_SS_build_amplitude_tables,1336320,1336960,640,314,5
_SS_serve,1336960,1337456,496,314,5
_SS_configure_buffers,1337456,1338608,1152,314,5
_SS_attempt_DIG_detection,1338608,1338864,256,314,5
_SS_destroy_DIG_driver,1338864,1339040,176,314,5
_SS_construct_DIG_driver,1339040,1340592,1552,314,5
_AIL_API_install_DIG_driver_file,1340592,1340720,128,314,4
_AIL_API_install_DIG_driver_image,1340720,1340784,64,314,4
_AIL_API_install_DIG_INI,1340784,1340880,96,314,4
_AIL_API_uninstall_DIG_driver,1340880,1340896,16,314,4
_AIL_API_active_sample_count,1340896,1340944,48,314,4
_AIL_API_allocate_sample_handle,1340944,1341056,112,314,4
_AIL_API_release_sample_handle,1341056,1341072,16,314,4
_AIL_API_init_sample,1341072,1341248,176,314,4
_AIL_API_sample_status,1341248,1341264,16,314,4
_AIL_API_set_sample_address,1341264,1341312,48,314,4
_AIL_API_set_sample_type,1341312,1341360,48,314,4
_AIL_API_sample_playback_rate,1341360,1341376,16,314,4
_AIL_API_set_sample_playback_rate,1341376,1341392,16,314,4
_AIL_API_sample_volume,1341392,1341408,16,314,4
_AIL_API_set_sample_volume,1341408,1341440,32,314,4
_AIL_API_sample_pan,1341440,1341456,16,314,4
_AIL_API_set_sample_pan,1341456,1341488,32,314,4
_AIL_API_sample_position,1341488,1341520,32,314,4
_AIL_API_set_sample_position,1341520,1341552,32,314,4
_AIL_API_sample_loop_count,1341552,1341584,32,314,4
_AIL_API_set_sample_loop_count,1341584,1341600,16,314,4
_AIL_API_start_sample,1341600,1341728,128,314,4
_AIL_API_stop_sample,1341728,1341760,32,314,4
_AIL_API_resume_sample,1341760,1341792,32,314,4
_AIL_API_end_sample,1341792,1341872,80,314,4
_AIL_API_register_SOB_callback,1341872,1341904,32,314,4
_AIL_API_register_EOB_callback,1341904,1341936,32,314,4
_AIL_API_register_EOS_callback,1341936,1341968,32,314,4
_AIL_API_set_sample_user_data,1341968,1342000,32,314,4
_AIL_API_sample_user_data,1342000,1342048,48,314,4
_AIL_API_minimum_sample_buffer_size,1342048,1342208,160,314,4
_AIL_API_load_sample_buffer,1342208,1342352,144,314,4
_AIL_API_sample_buffer_ready,1342352,1342448,96,314,4
AILSS_end_,1342448,1342632,184,314,4
AILSFILE_start_,1342632,1342676,44,315,4
_AIL_VOC_block_len,1342676,1342686,10,315,5
_AIL_VOC_terminate,1342686,1342780,94,315,5
_AIL_WAV_EOS,1342686,1342780,94,315,5
_AIL_process_VOC_block,1342780,1343401,621,315,5
_AIL_VOC_EOS,1343401,1343417,16,315,5
_AIL_process_WAV_image,1343417,1343651,234,315,5
_AIL_API_allocate_file_sample,1343651,1343950,299,315,4
_AIL_API_set_sample_file,1343950,1344166,216,315,4
_AIL_API_register_EOF_callback,1344166,1344194,28,315,4
AILSFILE_end_,1344194,1344240,46,315,4
AILXMIDI_start_,1344240,1344496,256,316,4
_XMI_message_size,1344496,1344592,96,316,5
_XMI_flush_buffer,1344592,1344672,80,316,5
_XMI_MIDI_message,1344672,1344960,288,316,5
_XMI_sysex_message,1344960,1345152,192,316,5
_XMI_read_VLN,1345152,1345200,48,316,5
_XMI_swap,1345200,1345264,64,316,5
_XMI_find_sequence,1345264,1345552,288,316,5
_XMI_read_log,1345552,1346384,832,316,5
_XMI_send_channel_voice_message,1346384,1347488,1104,316,5
_XMI_flush_note_queue,1347488,1347696,208,316,5
_XMI_flush_channel_notes,1347696,1347872,176,316,5
_XMI_refresh_channel,1347872,1348400,528,316,5
_XMI_init_sequence_state,1348400,1348576,176,316,5
_XMI_rewind_sequence,1348576,1348608,32,316,5
_XMI_update_volume,1348608,1348672,64,316,5
_XMI_serve,1348672,1350512,1840,316,5
_XMI_attempt_MDI_detection,1350512,1350720,208,316,5
_XMI_destroy_MDI_driver,1350720,1350816,96,316,5
_XMI_construct_MDI_driver,1350816,1352512,1696,316,5
_AIL_API_install_MDI_driver_file,1352512,1352640,128,316,4
_AIL_API_install_MDI_driver_image,1352640,1352704,64,316,4
_AIL_API_install_MDI_INI,1352704,1352800,96,316,4
_AIL_API_uninstall_MDI_driver,1352800,1352816,16,316,4
_AIL_API_set_GTL_filename_prefix,1352816,1352944,128,316,4
_AIL_API_allocate_sequence_handle,1352944,1353072,128,316,4
_AIL_API_release_sequence_handle,1353072,1353104,32,316,4
_AIL_API_init_sequence,1353104,1354048,944,316,4
_AIL_API_start_sequence,1354048,1354112,64,316,4
_AIL_API_stop_sequence,1354112,1354320,208,316,4
_AIL_API_resume_sequence,1354320,1354464,144,316,4
_AIL_API_end_sequence,1354464,1354512,48,316,4
_AIL_API_set_sequence_loop_count,1354512,1354528,16,316,4
_AIL_API_set_sequence_tempo,1354528,1354640,112,316,4
_AIL_API_set_sequence_volume,1354640,1354768,128,316,4
_AIL_API_sequence_status,1354768,1354784,16,316,4
_AIL_API_sequence_loop_count,1354784,1354816,32,316,4
_AIL_API_sequence_tempo,1354816,1354832,16,316,4
_AIL_API_sequence_volume,1354832,1354848,16,316,4
_AIL_API_timbre_status,1354848,1354912,64,316,4
_AIL_API_install_timbre,1354912,1355168,256,316,4
_AIL_API_protect_timbre,1355168,1355232,64,316,4
_AIL_API_unprotect_timbre,1355232,1355296,64,316,4
_AIL_API_active_sequence_count,1355296,1355344,48,316,4
_AIL_API_controller_value,1355344,1355392,48,316,4
_AIL_API_channel_notes,1355392,1355456,64,316,4
_AIL_API_sequence_position,1355456,1355568,112,316,4
_AIL_API_branch_index,1355568,1355712,144,316,4
_AIL_API_register_prefix_callback,1355712,1355744,32,316,4
_AIL_API_register_trigger_callback,1355744,1355776,32,316,4
_AIL_API_register_sequence_callback,1355776,1355808,32,316,4
_AIL_API_register_event_callback,1355808,1355840,32,316,4
_AIL_API_register_timbre_callback,1355840,1355872,32,316,4
_AIL_API_set_sequence_user_data,1355872,1355904,32,316,4
_AIL_API_sequence_user_data,1355904,1355936,32,316,4
_AIL_API_register_ICA_array,1355936,1355952,16,316,4
_AIL_API_lock_channel,1355952,1356368,416,316,4
_AIL_API_release_channel,1356368,1356672,304,316,4
_AIL_API_map_sequence_channel,1356672,1356736,64,316,4
_AIL_API_true_sequence_channel,1356736,1356768,32,316,4
_AIL_API_send_channel_voice_message,1356768,1356944,176,316,4
_AIL_API_send_sysex_message,1356944,1357088,144,316,4
AILXMIDI_end_,1357088,1357844,756,316,4
AILXDIG_start_,1357844,1357888,44,317,4
_XMI_write_log,1357888,1358325,437,317,5
WVL_search_,1358325,1358366,41,317,4
XDIG_set_volume_,1358366,1358474,108,317,4
XDIG_set_pitch_,1358474,1358740,266,317,4
_XDIG_TIMB_trap,1358740,1358777,37,317,4
_XDIG_MIDI_trap,1358777,1359789,1012,317,4
_AIL_API_create_wave_synthesizer,1359789,1360165,376,317,4
_AIL_API_destroy_wave_synthesizer,1360165,1360249,84,317,4
AILXDIG_end_,1360249,1360292,43,317,4
__int386x_,1360292,1360385,93,318,4
_DoINTR_,1360385,1361282,897,318,4
_no_support_loaded_,1361282,1361300,18,319,5
__IOMode_,1361300,1361385,85,321,4
__SetIOMode_,1361385,1361406,21,321,4
__InitFiles_,1361406,1361525,119,322,4
__full_io_exit_,1361525,1361537,12,323,4
fcloseall_,1361537,1361542,5,323,4
docloseall_,1361542,1361630,88,323,5
intdos_,1361630,1361712,82,324,4
DEFSMACKTIMERSETUP,1361712,1361888,176,325,5
DEFSMACKTIMERDONE,1361888,1361904,16,325,5
DEFWINSMACKTIMERREAD,1361904,1361936,32,325,5
DEFSMACKTIMERREAD,1361936,1362000,64,325,5
_radopen,1362000,1362033,33,326,4
_raderase,1362033,1362057,24,326,4
_radcreate,1362057,1362089,32,326,4
_radread,1362089,1362165,76,326,4
_radwrite,1362165,1362241,76,326,4
_radseekbegin,1362241,1362277,36,326,4
_radseekcur,1362277,1362283,6,326,4
_radseekend,1362283,1362289,6,326,4
_radclose,1362289,1362303,14,326,4
_IsRemote,1362303,1362333,30,326,4
_radgetfiletime,1362333,1362360,27,326,4
_radsetfiletime,1362360,1362394,34,326,4
__FDFS,1362394,1362470,76,328,4
Compress_Data_,1362470,1362704,234,329,4
Uncompress_Data_,1362704,1362926,222,329,4
buffer_remove_symbol_from_stream_,1362926,1363246,320,329,4
buffer_initialize_arithmetic_decoder_,1363246,1363356,110,329,4
buffer_encode_symbol_,1363356,1363718,362,329,4
buffer_flush_arithmetic_encoder_,1363718,1363841,123,329,4
CompressFile_,1363841,1364266,425,329,4
ExpandFile_,1364266,1364709,443,329,4
initialize_model_,1364709,1364889,180,329,4
uninit_model_,1364889,1364967,78,329,4
update_model_,1364967,1365217,250,329,4
convert_int_to_symbol_,1365217,1365426,209,329,4
get_symbol_scale_,1365426,1365489,63,329,4
convert_symbol_to_int_,1365489,1365643,154,329,4
initialize_arithmetic_encoder_,1365643,1365702,59,329,4
flush_arithmetic_encoder_,1365702,1365825,123,329,4
encode_symbol_,1365825,1366187,362,329,4
get_current_count_,1366187,1366304,117,329,4
initialize_arithmetic_decoder_,1366304,1366414,110,329,4
remove_symbol_from_stream_,1366414,1366734,320,329,4
LoadKernel_,1366734,1366986,252,330,4
CallKernel_,1366986,1367155,169,330,4
DeleteKernel_,1367155,1367226,71,330,4
SetSocket_,1367226,1367246,20,330,4
IPX_Present_,1367246,1367278,32,330,4
LoadTxStart_,1367278,1367322,44,330,4
LoadRxStart_,1367322,1367381,59,330,4
XferPDU_,1367381,1367521,140,330,4
NCheck_,1367521,1367561,40,330,4
GetPDU_,1367561,1367844,283,330,4
__assert_,1367844,1367875,31,331,4
_heapenable_,1367875,1367891,16,333,4
sbrk_,1367891,1368091,200,334,4
__brk_,1368091,1368304,213,334,4
AllocateGreenleafPortStructure_,1368304,1368328,24,336,4
FreeGreenleafPortStructure_,1368328,1368356,28,336,4
AllocateDriverStructure_,1368356,1368372,16,336,4
AllocateGenericStructure_,1368356,1368372,16,336,4
AllocateXferBuffer_,1368356,1368372,16,336,4
FreeDriverStructure_,1368372,1368380,8,336,4
FreeGenericStructure_,1368372,1368380,8,336,4
FreeXferBuffer_,1368372,1368380,8,336,4
AllocateTXBuffer_,1368380,1368404,24,336,4
FreeTXBuffer_,1368404,1368428,24,336,4
AllocateRXBuffer_,1368428,1368452,24,336,4
FreeRXBuffer_,1368452,1368480,28,336,4
timer_,1368480,1368532,52,337,4
PortKillTime_,1368532,1368576,44,337,4
WriteString_,1368576,1368688,112,338,4
ElapsedTime_,1368688,1368816,128,339,4
_DOSDefaultAbortModemFunction_,1368816,1368868,52,340,5
SetAbortModemFunctionPtr_,1368868,1368880,12,340,4
_DOSDefaultIdleFunction_,1368880,1368896,16,341,5
SetPortIdleFunctionPtr_,1368896,1368912,16,341,4
_FarMemSet_,1368912,1368956,44,342,4
_CopyToFarMem_,1368956,1369000,44,342,4
_CopyFromFarMem_,1369000,1369048,48,342,4
_GetCs_,1369048,1369060,12,342,4
_GetDs_,1369060,1369072,12,342,4
HookInterrupt_,1369072,1369680,608,344,4
CalcRR16Address_,1369680,1369740,60,344,4
RelocateIsrData_,1369740,1370056,316,344,4
_unhook_everything_,1370056,1370132,76,344,5
UnHookInterrupt_,1370132,1370392,260,344,4
_GetInterruptData_,1370392,1370512,120,344,4
_GetCSAlias_,1370512,1370740,228,345,4
_AllocateDosMemory_,1370740,1370884,144,345,4
_FreeDosMemory_,1370884,1370948,64,345,4
_GetDosSelector_,1370948,1371120,172,345,4
_GetRealAddress_,1371120,1371248,128,345,4
_GetOldProtHandler_,1371248,1371336,88,345,4
_GetOldRealHandler_,1371336,1371416,80,345,4
_SetHandlers_,1371416,1371572,156,345,4
_LockRegion_,1371572,1371776,204,345,4
_GenericNotSupportedA_,1371776,1371788,12,346,5
_GenericNotSupportedB_,1371776,1371788,12,346,5
_GenericNotSupportedD_,1371776,1371788,12,346,5
_GenericNotSupportedE_,1371776,1371788,12,346,5
_GenericNotSupportedC_,1371788,1371804,16,346,5
_GenericNotSupportedG_,1371804,1371844,40,346,5
_GenericPortClose_,1371844,1371900,56,346,5
_DefaultClearError_,1371900,1371908,8,346,5
_close_all_ports_,1371908,1371940,32,346,4
_InitializeDriverFunctions_,1371940,1372180,240,346,4
_FreePort_,1372180,1372232,52,346,4
_OutOfMemoryPort_,1372232,1372304,72,346,4
IsMicroChannel_,1372304,1372640,336,347,4
WindowsEnhancedMode_,1372640,1372744,104,350,4
DESQViewRunning_,1372744,1372928,184,350,4
YieldWindowsTimeSlice_,1372928,1372972,44,350,4
YieldDESQViewTimeSlice_,1372972,1373024,52,350,4
_DumpChipData_,1373024,1373256,232,351,5
_DumpAddresses_,1373256,1373396,140,351,5
_DumpBuffer_,1373396,1373544,148,351,5
_DumpStatusBits_,1373544,1373716,172,351,5
_DumpHandshaking_,1373716,1373856,140,351,5
_DumpLinks_,1373856,1373940,84,351,5
_DumpBufferSpace_,1373940,1374008,68,351,5
_DumpIRQData_,1374008,1374340,332,351,5
_DumpPortStatusGreenleafFast_,1374340,1374502,162,351,4
__int23_handler_,1374502,1374651,149,352,5
__int_ctrl_break_handler_,1374651,1374771,120,352,5
__DPMI_hosted_,1374771,1374919,148,352,4
__restore_int23_,1374919,1375352,433,352,4
__restore_int_,1375352,1375357,5,352,5
__restore_int_ctrl_break_,1375357,1375413,56,352,4
__grab_int23_,1375413,1375696,283,352,4
__grab_int_ctrl_break_,1375696,1375979,283,352,4
__EnterWVIDEO_,1375979,1376017,38,353,4
read_,1376017,1376268,251,354,4
close_,1376268,1376300,32,355,4
filelength_,1376300,1376361,61,356,4
write_,1376361,1376830,469,357,4
_strnicmp_,1376830,1376913,83,359,4
strnicmp_,1376830,1376913,83,359,4
setvbuf_,1376913,1378040,1127,360,4
_DC_0,1378040,1378057,17,361,4
_DC_1,1378057,1378069,12,361,4
_DC_16,1378069,1378100,31,361,4
_DC_17,1378100,1378120,20,361,4
_DC_18,1378120,1378151,31,361,4
_DC_19,1378151,1378171,20,361,4
_DC_24,1378171,1378200,29,361,4
_DC_25,1378200,1378218,18,361,4
_DC_26,1378218,1378247,29,361,4
_DC_27,1378247,1378265,18,361,4
_DC_32,1378265,1378285,20,361,4
_DC_33,1378285,1378300,15,361,4
_DC_36,1378300,1378322,22,361,4
_DC_37,1378322,1378339,17,361,4
_DC_48,1378339,1378372,33,361,4
_DC_49,1378372,1378394,22,361,4
_DC_50,1378394,1378427,33,361,4
_DC_51,1378427,1378449,22,361,4
_DC_52,1378449,1378486,37,361,4
_DC_53,1378486,1378512,26,361,4
_DC_54,1378512,1378549,37,361,4
_DC_55,1378549,1378575,26,361,4
_DC_56,1378575,1378610,35,361,4
_DC_57,1378610,1378634,24,361,4
_DC_58,1378634,1378669,35,361,4
_DC_59,1378669,1378693,24,361,4
_DC_60,1378693,1378732,39,361,4
_DC_61,1378732,1378760,28,361,4
_DC_62,1378760,1378799,39,361,4
_DC_63,1378799,1378827,28,361,4
_DC_64,1378827,1378872,45,361,4
_DC_65,1378872,1378912,40,361,4
_DC_80,1378912,1379001,89,361,4
_DC_81,1379001,1379079,78,361,4
_DC_82,1379079,1379168,89,361,4
_DC_83,1379168,1379246,78,361,4
_DC_88,1379246,1379333,87,361,4
_DC_89,1379333,1379409,76,361,4
_DC_90,1379409,1379496,87,361,4
_DC_91,1379496,1379572,76,361,4
_DC_96,1379572,1379620,48,361,4
_DC_97,1379620,1379663,43,361,4
_DC_100,1379663,1379713,50,361,4
_DC_101,1379713,1379758,45,361,4
_DC_112,1379758,1379849,91,361,4
_DC_113,1379849,1379929,80,361,4
_DC_114,1379929,1380020,91,361,4
_DC_115,1380020,1380100,80,361,4
_DC_116,1380100,1380195,95,361,4
_DC_117,1380195,1380279,84,361,4
_DC_118,1380279,1380374,95,361,4
_DC_119,1380374,1380458,84,361,4
_DC_120,1380458,1380551,93,361,4
_DC_121,1380551,1380633,82,361,4
_DC_122,1380633,1380726,93,361,4
_DC_123,1380726,1380808,82,361,4
_DC_124,1380808,1380905,97,361,4
_DC_125,1380905,1380991,86,361,4
_DC_126,1380991,1381088,97,361,4
_DC_127,1381088,1381174,86,361,4
_M_0,1381174,1381207,33,361,4
_M_1,1381207,1381243,36,361,4
_M_2,1381243,1381287,44,361,4
_M_3,1381287,1381337,50,361,4
_M_6,1381337,1381381,44,361,4
_M_7,1381381,1381431,50,361,4
_M_8,1381431,1381467,36,361,4
_M_9,1381467,1381506,39,361,4
_M_10,1381506,1381552,46,361,4
_M_11,1381552,1381604,52,361,4
_M_14,1381604,1381650,46,361,4
_M_15,1381650,1381702,52,361,4
_M_16,1381702,1381730,28,361,4
_M_17,1381730,1381761,31,361,4
_M_18,1381761,1381794,33,361,4
_M_19,1381794,1381833,39,361,4
_M_22,1381833,1381866,33,361,4
_M_23,1381866,1381905,39,361,4
_M_24,1381905,1381936,31,361,4
_M_25,1381936,1381970,34,361,4
_M_26,1381970,1382005,35,361,4
_M_27,1382005,1382046,41,361,4
_M_30,1382046,1382081,35,361,4
_M_31,1382081,1382122,41,361,4
_M_32,1382122,1382166,44,361,4
_M_33,1382166,1382213,47,361,4
_M_34,1382213,1382271,58,361,4
_M_35,1382271,1382335,64,361,4
_M_38,1382335,1382393,58,361,4
_M_39,1382393,1382457,64,361,4
_M_40,1382457,1382507,50,361,4
_M_41,1382507,1382560,53,361,4
_M_42,1382560,1382620,60,361,4
_M_43,1382620,1382686,66,361,4
_M_46,1382686,1382746,60,361,4
_M_47,1382746,1382812,66,361,4
_M_48,1382812,1382851,39,361,4
_M_49,1382851,1382893,42,361,4
_M_50,1382893,1382940,47,361,4
_M_51,1382940,1382993,53,361,4
_M_54,1382993,1383040,47,361,4
_M_55,1383040,1383093,53,361,4
_M_56,1383093,1383138,45,361,4
_M_57,1383138,1383186,48,361,4
_M_58,1383186,1383235,49,361,4
_M_59,1383235,1383290,55,361,4
_M_62,1383290,1383339,49,361,4
_M_63,1383339,1383394,55,361,4
_M_64,1383394,1383422,28,361,4
_M_65,1383422,1383460,38,361,4
_M_66,1383460,1383493,33,361,4
_M_67,1383493,1383536,43,361,4
_M_70,1383536,1383569,33,361,4
_M_71,1383569,1383612,43,361,4
_M_72,1383612,1383643,31,361,4
_M_73,1383643,1383684,41,361,4
_M_74,1383684,1383718,34,361,4
_M_75,1383718,1383762,44,361,4
_M_78,1383762,1383796,34,361,4
_M_79,1383796,1383840,44,361,4
_M_96,1383840,1383879,39,361,4
_M_97,1383879,1383928,49,361,4
_M_98,1383928,1383975,47,361,4
_M_99,1383975,1384032,57,361,4
_M_102,1384032,1384079,47,361,4
_M_103,1384079,1384136,57,361,4
_M_104,1384136,1384181,45,361,4
_M_105,1384181,1384236,55,361,4
_M_106,1384236,1384284,48,361,4
_M_107,1384284,1384342,58,361,4
_M_110,1384342,1384390,48,361,4
_M_111,1384390,1384448,58,361,4
_AILSSA_merge,1384448,1384961,513,361,4
_AILSSA_DMA_copy,1384961,1385107,146,361,4
_AILSSA_flush_buffer,1385107,1385151,44,361,4
_AILSSA_VMM_lock,1385151,1385198,47,361,4
OpenOutputBitBuffer_,1385198,1385305,107,362,4
OpenInputBitBuffer_,1385305,1385412,107,362,4
CloseOutputBitBuffer_,1385412,1385517,105,362,4
CloseInputBitBuffer_,1385517,1385561,44,362,4
BufferOutputBit_,1385561,1385817,256,362,4
BufferOutputBits_,1385817,1386108,291,362,4
BufferInputBit_,1386108,1386405,297,362,4
BufferInputBits_,1386405,1386723,318,362,4
OpenOutputBitFile_,1386723,1386847,124,362,4
OpenInputBitFile_,1386847,1386971,124,362,4
CloseOutputBitFile_,1386971,1387216,245,362,4
CloseInputBitFile_,1387216,1387270,54,362,4
OutputBit_,1387270,1387683,413,362,4
OutputBits_,1387683,1388131,448,362,4
InputBit_,1388131,1388547,416,362,4
InputBits_,1388547,1388984,437,362,4
FilePrintBinary_,1388984,1389083,99,362,4
calloc_,1389083,1389107,24,363,4
fatal_error_,1389107,1389193,86,364,4
abort_,1389193,1389199,6,365,4
__terminate_,1389199,1389232,33,365,4
exit_function_,1389232,1389288,56,366,5
hook_break_,1389288,1389508,220,366,5
_enhkbd,1389508,1389568,60,366,4
keyboard_initialize_,1389568,1389700,132,366,5
let_dos_break_,1389700,1389740,40,366,5
_getkey,1389740,1389932,192,366,4
_gfkbhit,1389932,1390088,156,366,4
_kbfetch,1390088,1390240,152,366,4
_kbshift,1390240,1390364,124,366,4
_breakchk,1390364,1390576,212,366,4
__disenk,1390576,1390592,16,366,4
_asgetdivisor_,1390592,1390742,150,369,4
__sigabort_,1390742,1390752,10,370,4
__sigfpe_handler_,1390752,1390805,53,370,4
signal_,1390805,1390986,181,370,4
raise_,1390986,1391180,194,370,4
_chain_intr_,1391180,1391205,25,371,4
__setenvp_,1391205,1391420,215,372,4
_gf_kbd_status,1391420,1391449,29,373,4
_kbd_int_handler,1391449,1391464,15,373,4
__grab_fpe_,1391464,1391469,5,374,4
__GrabFP87_,1391469,1391518,49,375,4
__Init_FPE_handler_,1391518,1391611,93,376,4
__Fini_FPE_handler_,1391611,1391704,93,376,4
__Enable_FPE_,1391704,1391725,21,377,4
__FPEHandler_,1391725,1391738,13,377,4
__FPE2Handler_,1391738,1392312,574,377,4
__Phar_hook_init_,1392312,1392507,195,378,4
__Phar_hook_fini_,1392507,1392552,45,378,4
__DOS4G_hook_init_,1392552,1392597,45,379,4
__DOS4G_hook_fini_,1392597,1392622,25,379,4
__Ergo_hook_init_,1392622,1392684,62,380,4
__Ergo_hook_fini_,1392684,1392710,26,380,4
__Intel_hook_init_,1392710,1392798,88,381,4
__Intel_hook_fini_,1392798,1392800,2,381,4
__save_8087_,1392800,1392805,5,384,5
__rest_8087_,1392805,1392809,4,384,5
__init_8087_,1392809,1392858,49,384,4
_fpreset_,1392858,1392868,10,384,4
__chk8087_,1392868,1392942,74,384,4
_do_nothing_,1392942,1392944,2,385,5
__init_80x87,1392944,1394320,1376,387,4
_SmackGetSizeTables,1394320,1394336,16,327,4
_SmackDoTables,1394336,1405728,11392,327,4
_Unsmack,1405728,1406704,976,327,4
_SmackDoPCM,1406704,1408800,2096,327,4
_SmackGetSizeDeltas,1408800,1408832,32,327,4
_SmackGetRect,1408832,1409120,288,327,4
_SmackRemapTables,1409120,1409328,208,327,4
__SegmentStartRR16,1409328,1409329,1,348,4
__IrqDataArrayRR16,1409329,1409949,620,348,4
__VideoBasePD16,1409949,1410137,188,348,4
__asi_kill_time_real,1410137,1410138,1,348,4
__GreenleafFastRealIsr,1410138,1410242,104,348,4
__irq_real_stub_0_RR16,1410242,1410248,6,348,4
__irq_real_stub_1_RR16,1410248,1410254,6,348,4
__irq_real_stub_2_RR16,1410254,1410260,6,348,4
__irq_real_stub_3_RR16,1410260,1410266,6,348,4
__irq_real_stub_4_RR16,1410266,1410272,6,348,4
__irq_real_stub_5_RR16,1410272,1410278,6,348,4
__irq_real_stub_6_RR16,1410278,1410284,6,348,4
__irq_real_stub_7_RR16,1410284,1410290,6,348,4
__irq_real_stub_8_RR16,1410290,1410296,6,348,4
__irq_real_stub_9_RR16,1410296,1410302,6,348,4
__RealDispatcherRR16,1410302,1410363,61,348,4
__RealIret,1410363,1410364,1,348,4
__SegmentEndRR16,1410364,1410368,4,348,4
__SegmentStartPC32,1410368,1410369,1,349,4
__assti,1410369,1410373,4,343,4
__ascli,1410373,1410377,4,343,4
__asinb,1410377,1410400,23,343,4
__asoutb,1410400,1410423,23,343,4
__GreenleafFastIsr,1410423,1410537,114,349,4
__prot_dispatcher,1410537,1410614,77,349,4
__prot_irq_stub_0_PC32,1410614,1410622,8,349,4
__prot_irq_stub_1_PC32,1410622,1410630,8,349,4
__prot_irq_stub_2_PC32,1410630,1410638,8,349,4
__prot_irq_stub_3_PC32,1410638,1410646,8,349,4
__prot_irq_stub_4_PC32,1410646,1410654,8,349,4
__prot_irq_stub_5_PC32,1410654,1410662,8,349,4
__prot_irq_stub_6_PC32,1410662,1410673,11,349,4
__prot_irq_stub_7_PC32,1410673,1410684,11,349,4
__prot_irq_stub_8_PC32,1410684,1410695,11,349,4
__prot_irq_stub_9_PC32,1410695,1410706,11,349,4
__asi_kill_time,1410706,1410707,1,367,4
__foo,1410707,1410708,1,368,4
__SegmentEndPC32,1410708,1410709,1,349,4
