module_index,module,symbol_type,static,name,segment,offset,file_offset
0,L:\MOX\MOX.C,code,False,_main_palette_player_colors,1,16,611940
0,L:\MOX\MOX.C,code,False,main_,1,24,611948
1,L:\MOX\MOX2.C,code,False,main2_,1,87,612011
1,L:\MOX\MOX2.C,code,False,Screen_Control_,1,1179,613103
1,L:\MOX\MOX2.C,code,False,_TOGGLE_PAGES_,1,1917,613841
1,L:\MOX\MOX2.C,code,False,Set_Refresh_,1,1927,613851
1,L:\MOX\MOX2.C,code,False,Get_Auto_Function_,1,1967,613891
1,L:\MOX\MOX2.C,code,False,Put_Auto_Function_,1,1978,613902
1,L:\MOX\MOX2.C,code,False,Execute_Auto_Function_,1,1986,613910
1,L:\MOX\MOX2.C,code,False,Set_Game_Random_Seed_,1,1994,613918
1,L:\MOX\MOX2.C,code,False,Check_Command_Line_Parameters_,1,2022,613946
1,L:\MOX\MOX2.C,code,True,Get_Value_From_String_,1,2574,614498
1,L:\MOX\MOX2.C,code,False,Set_Mox_Alt_Path_,1,2674,614598
1,L:\MOX\MOX2.C,code,False,Set_Mox_Language_,1,3119,615043
1,L:\MOX\MOX2.C,code,False,Load_Mox_Global_Strings_,1,3238,615162
2,L:\MOX\ALLOC.C,code,False,Allocate_Data_Space_,1,3253,615177
3,L:\MOX\FILEDEF.C,code,False,Load_Game_,1,3631,615555
3,L:\MOX\FILEDEF.C,code,False,Save_Game_,1,5643,617567
3,L:\MOX\FILEDEF.C,code,False,Save_Game_Settings_,1,7140,619064
3,L:\MOX\FILEDEF.C,code,False,Load_Game_Settings_,1,7225,619149
3,L:\MOX\FILEDEF.C,code,False,Get_Saved_Game_Descriptions_,1,7299,619223
3,L:\MOX\FILEDEF.C,code,False,Check_Magic_Number_,1,7684,619608
3,L:\MOX\FILEDEF.C,code,False,Get_Star_Date_From_Save_File_,1,7766,619690
3,L:\MOX\FILEDEF.C,code,False,Magic_Number_Ok_,1,7845,619769
3,L:\MOX\FILEDEF.C,code,False,Read_Settings_From_Save_File_,1,7854,619778
3,L:\MOX\FILEDEF.C,code,False,Save_Moo_Custom_Player_Data_,1,7952,619876
3,L:\MOX\FILEDEF.C,code,False,Save_Out_Settings_To_Temp_File_,1,7953,619877
3,L:\MOX\FILEDEF.C,code,False,Get_Game_Type_From_Saved_Game_,1,8140,620064
3,L:\MOX\FILEDEF.C,code,False,Read_Moo_Custom_Player_Data_,1,8237,620161
3,L:\MOX\FILEDEF.C,code,False,Save_Session_Related_Settings_,1,8240,620164
3,L:\MOX\FILEDEF.C,code,True,Copy_Over_Game_Universe_Settings_,1,8442,620366
3,L:\MOX\FILEDEF.C,code,False,Make_Autosave_File_Name_,1,8565,620489
3,L:\MOX\FILEDEF.C,code,True,Get_Multi_Player_N_Humans_,1,8688,620612
3,L:\MOX\FILEDEF.C,code,False,Update_Game_Settings_Version_Number_,1,8743,620667
4,L:\MOX\INITGAME.C,code,True,Init_Ships_Array_,1,8808,620732
4,L:\MOX\INITGAME.C,code,True,Make_System_Monsters_Into_Ships_,1,8908,620832
4,L:\MOX\INITGAME.C,code,True,Set_Initial_Colony_Auto_Selects_,1,9166,621090
4,L:\MOX\INITGAME.C,code,True,Init_Colonies_Array_,1,9242,621166
4,L:\MOX\INITGAME.C,code,False,Init_New_Game_,1,9337,621261
4,L:\MOX\INITGAME.C,code,False,Init_New_Session_,1,10138,622062
4,L:\MOX\INITGAME.C,code,False,Set_Defaults_,1,10143,622067
4,L:\MOX\INITGAME.C,code,False,Set_Default_Game_Settings_,1,10209,622133
4,L:\MOX\INITGAME.C,code,False,Write_Game_Settings_,1,10551,622475
4,L:\MOX\INITGAME.C,code,False,Init_Players_,1,10627,622551
4,L:\MOX\INITGAME.C,code,False,Init_Colony_,1,11637,623561
4,L:\MOX\INITGAME.C,code,False,Test_Create_Ship_,1,11784,623708
4,L:\MOX\INITGAME.C,code,False,Init_Officers_,1,12414,624338
4,L:\MOX\INITGAME.C,code,False,Init_Leaders_,1,12415,624339
5,L:\MOX\LOADER.C,code,False,Load_Pictures_,1,12660,624584
5,L:\MOX\LOADER.C,code,True,Load_Main_Screen_Pictures_,1,12738,624662
5,L:\MOX\LOADER.C,code,False,Load_Player_Special_Names_,1,13906,625830
6,L:\MOX\NEXTTURN.C,code,False,Next_Turn_Calc_,1,14003,625927
6,L:\MOX\NEXTTURN.C,code,False,Do_Autosave_,1,14370,626294
6,L:\MOX\NEXTTURN.C,code,False,Next_Turn_,1,14448,626372
6,L:\MOX\NEXTTURN.C,code,True,Get_Winner_,1,14824,626748
7,L:\MOX\ERICNET.C,code,False,Init_Homeworld_Colony2_,1,14909,626833
7,L:\MOX\ERICNET.C,code,False,Init_Homeworld_Colony_,1,16295,628219
7,L:\MOX\ERICNET.C,code,False,Init_Advanced_Civilization_Fleet_,1,16311,628235
7,L:\MOX\ERICNET.C,code,False,Init_Non_Homeworld_Colony_,1,16312,628236
7,L:\MOX\ERICNET.C,code,False,Add_Building_,1,16345,628269
7,L:\MOX\ERICNET.C,code,False,Remove_Building_,1,17898,629822
7,L:\MOX\ERICNET.C,code,False,Mox_Play_Sound_,1,18391,630315
7,L:\MOX\ERICNET.C,code,False,Calc_Ship_Level_,1,18407,630331
7,L:\MOX\ERICNET.C,code,False,Do_Academy_At_Location_Check_,1,18554,630478
7,L:\MOX\ERICNET.C,code,False,Best_Instructor_Bonus_,1,18709,630633
7,L:\MOX\ERICNET.C,code,False,Do_XP_For_Ship_,1,18901,630825
7,L:\MOX\ERICNET.C,code,False,Do_All_Ships_XP_Check_,1,18983,630907
8,L:\MOX\TECHDATA.C,code,False,_rifles,1,19080,631004
8,L:\MOX\TECHDATA.C,code,False,_personal_shields,1,19098,631022
8,L:\MOX\TECHDATA.C,code,False,_planetary_shields,1,19104,631028
9,D:\MOX\ANTAROOM.C,code,False,Main_Antaran_Room_Screen_,1,19116,631040
9,D:\MOX\ANTAROOM.C,code,False,Draw_Main_Antaran_Room_Screen_,1,19453,631377
9,D:\MOX\ANTAROOM.C,code,False,Reload_Main_Antaran_Room_Screen_,1,19587,631511
9,D:\MOX\ANTAROOM.C,code,False,Get_Antaran_Room_Message_,1,19836,631760
9,D:\MOX\ANTAROOM.C,code,False,Check_Show_Main_Antaran_Room_Screen_,1,19937,631861
10,D:\MOX\SMACK.C,code,False,Play_Cinematic_,1,19959,631883
10,D:\MOX\SMACK.C,code,False,Smack_Fade_,1,20613,632537
10,D:\MOX\SMACK.C,code,False,Draw_Smack_Screen_,1,20709,632633
11,D:\MOX\RACECUST.C,code,False,Race_Customization_,1,20731,632655
12,D:\MOX\COUNCIL.C,code,False,Main_Council_Screen_,1,21049,632973
12,D:\MOX\COUNCIL.C,code,False,Control_Main_Council_Screen_,1,21408,633332
12,D:\MOX\COUNCIL.C,code,False,Draw_Main_Council_Screen_,1,21537,633461
12,D:\MOX\COUNCIL.C,code,False,Reload_Main_Council_Screen_,1,22228,634152
12,D:\MOX\COUNCIL.C,code,False,Calc_Council_Vote_,1,23440,635364
12,D:\MOX\COUNCIL.C,code,False,Get_Council_Message_,1,23529,635453
12,D:\MOX\COUNCIL.C,code,False,Next_Council_State_,1,23984,635908
12,D:\MOX\COUNCIL.C,code,False,Council_Finished_Voting_,1,24056,635980
12,D:\MOX\COUNCIL.C,code,False,Council_Votes_,1,24252,636176
12,D:\MOX\COUNCIL.C,code,False,Vote_Check_,1,24609,636533
12,D:\MOX\COUNCIL.C,code,False,Council_Vote_Result_,1,25060,636984
12,D:\MOX\COUNCIL.C,code,False,Council_Player_Vote_,1,25404,637328
12,D:\MOX\COUNCIL.C,code,False,Council_Accept_Ruling_,1,26123,638047
12,D:\MOX\COUNCIL.C,code,False,Check_For_Council_Meeting_,1,26799,638723
12,D:\MOX\COUNCIL.C,code,False,Load_Council_Text_Messages_,1,26970,638894
12,D:\MOX\COUNCIL.C,code,False,Council_Player_Voted_Winner_,1,27081,639005
12,D:\MOX\COUNCIL.C,code,False,Drive_Council_Player_Voted_Winner_,1,27199,639123
12,D:\MOX\COUNCIL.C,code,False,Draw_Council_Player_Voted_Winner_,1,27346,639270
12,D:\MOX\COUNCIL.C,code,False,Get_Player_Voted_Winner_Message_,1,27644,639568
14,D:\MOX\DIP-SCRN.C,code,False,Diplomacy_Screen_,1,27726,639650
14,D:\MOX\DIP-SCRN.C,code,False,Draw_Diplomacy_Screen_,1,28416,640340
14,D:\MOX\DIP-SCRN.C,code,False,Draw_Diplomacy_Synch_Mode_,1,28416,640340
14,D:\MOX\DIP-SCRN.C,code,False,Get_Main_Repulsive_Diplomacy_Choices_,1,29223,641147
14,D:\MOX\DIP-SCRN.C,code,False,Get_Main_Diplomacy_Choices_,1,30092,642016
14,D:\MOX\DIP-SCRN.C,code,False,Diplomacy_Set_Main_Options_,1,30791,642715
14,D:\MOX\DIP-SCRN.C,code,False,Diplomacy_Declare_War_Resolution_,1,31220,643144
14,D:\MOX\DIP-SCRN.C,code,False,Setup_Back_Page_,1,31569,643493
14,D:\MOX\DIP-SCRN.C,code,False,Setup_Ambassador_Pic_,1,31666,643590
14,D:\MOX\DIP-SCRN.C,code,False,Diplomacy_Fade_In_,1,31751,643675
14,D:\MOX\DIP-SCRN.C,code,False,Draw_Diplomacy_Fade_In_Screen_,1,32029,643953
14,D:\MOX\DIP-SCRN.C,code,False,Diplomacy_Propose_Treaty_,1,32091,644015
14,D:\MOX\DIP-SCRN.C,code,False,Diplomacy_Break_Treaty_,1,32980,644904
14,D:\MOX\DIP-SCRN.C,code,False,Diplomacy_Break_Treaty_Resolution_,1,33545,645469
14,D:\MOX\DIP-SCRN.C,code,False,Get_Human_Surrender_Message_,1,34144,646068
14,D:\MOX\DIP-SCRN.C,code,False,Get_Human_Declare_War_Message_,1,34198,646122
14,D:\MOX\DIP-SCRN.C,code,False,Get_Human_Offer_Gift_Message_,1,34237,646161
14,D:\MOX\DIP-SCRN.C,code,False,Get_Human_Demand_Message_,1,34515,646439
14,D:\MOX\DIP-SCRN.C,code,False,Get_Human_Break_Treaty_Message_,1,34874,646798
14,D:\MOX\DIP-SCRN.C,code,False,Get_Human_Form_Treaty_Message_,1,35040,646964
14,D:\MOX\DIP-SCRN.C,code,False,Get_Human_Propose_Treaty_Message_,1,35308,647232
14,D:\MOX\DIP-SCRN.C,code,False,Get_Human_Tech_Exchange_Message_,1,35479,647403
14,D:\MOX\DIP-SCRN.C,code,False,Get_Human_Tech_Exchange_First_Message_,1,35554,647478
14,D:\MOX\DIP-SCRN.C,code,False,Get_Human_Tech_Exchange_Accept_Message_,1,35623,647547
14,D:\MOX\DIP-SCRN.C,code,False,Get_Human_Tech_Exchange_Decline_Message_,1,35646,647570
14,D:\MOX\DIP-SCRN.C,code,False,Diplomacy_Demand_,1,35705,647629
14,D:\MOX\DIP-SCRN.C,code,False,Diplomacy_Offer_Gift_,1,38085,650009
14,D:\MOX\DIP-SCRN.C,code,False,Diplomacy_Display_Response_,1,39193,651117
14,D:\MOX\DIP-SCRN.C,code,False,Diplomacy_Determine_Treaty_Proposal_,1,39319,651243
14,D:\MOX\DIP-SCRN.C,code,False,Diplomacy_Need_Better_Offer_,1,39800,651724
14,D:\MOX\DIP-SCRN.C,code,False,Get_Diplomacy_Tech_List_,1,40287,652211
14,D:\MOX\DIP-SCRN.C,code,False,Diplomacy_Generic_List_,1,40424,652348
14,D:\MOX\DIP-SCRN.C,code,False,Diplomacy_Generic_Exchange_Tech_List_,1,40742,652666
14,D:\MOX\DIP-SCRN.C,code,False,Diplomacy_Generic_System_List_,1,41469,653393
14,D:\MOX\DIP-SCRN.C,code,False,Draw_Diplomacy_Generic_System_List_,1,42029,653953
14,D:\MOX\DIP-SCRN.C,code,False,Get_Diplomacy_Demand_Treaty_List_,1,42061,653985
14,D:\MOX\DIP-SCRN.C,code,False,Npc_Display_Diplomacy_Messages_,1,42247,654171
14,D:\MOX\DIP-SCRN.C,code,False,Accepted_Npc_Demand_Resolution_,1,43966,655890
14,D:\MOX\DIP-SCRN.C,code,False,Get_Non_Player_Proposals_,1,44050,655974
14,D:\MOX\DIP-SCRN.C,code,False,Npc_Give_Gift_,1,44725,656649
14,D:\MOX\DIP-SCRN.C,code,False,Show_Sneak_Attack_Message_,1,44960,656884
14,D:\MOX\DIP-SCRN.C,code,False,Npc_Diplomacy_Screen_,1,44966,656890
14,D:\MOX\DIP-SCRN.C,code,False,Check_Human_Treaty_Proposal_,1,45163,657087
14,D:\MOX\DIP-SCRN.C,code,False,Get_Human_Treaty_Choice_,1,45479,657403
14,D:\MOX\DIP-SCRN.C,code,False,Check_Better_Offer_Available_,1,45914,657838
14,D:\MOX\DIP-SCRN.C,code,False,Get_Human_Demand_Choice_,1,46005,657929
14,D:\MOX\DIP-SCRN.C,code,False,Diplomacy_Give_In_To_Demand_,1,46215,658139
14,D:\MOX\DIP-SCRN.C,code,False,Get_Human_Demand_Response_,1,46520,658444
14,D:\MOX\DIP-SCRN.C,code,False,Get_Human_Gift_Response_,1,46884,658808
14,D:\MOX\DIP-SCRN.C,code,False,Get_Human_Tech_Exchange_Choice_,1,47099,659023
14,D:\MOX\DIP-SCRN.C,code,False,Diplomacy_Load_New_Ambassador_,1,47233,659157
14,D:\MOX\DIP-SCRN.C,code,False,Diplomacy_Mouse_Init_,1,47406,659330
14,D:\MOX\DIP-SCRN.C,code,False,Diplomacy_Human_Need_Better_Offer_,1,48475,660399
14,D:\MOX\DIP-SCRN.C,code,False,Check_Surrender_System_,1,50199,662123
14,D:\MOX\DIP-SCRN.C,code,False,Diplomacy_System_Display_,1,50297,662221
14,D:\MOX\DIP-SCRN.C,code,False,Draw_Diplomacy_System_Display_,1,51176,663100
14,D:\MOX\DIP-SCRN.C,code,False,Draw_Diplomacy_System_,1,51315,663239
14,D:\MOX\DIP-SCRN.C,code,False,Draw_Diplomacy_System_Text_,1,51417,663341
14,D:\MOX\DIP-SCRN.C,code,False,Diplomacy_System_Scan_,1,51836,663760
14,D:\MOX\DIP-SCRN.C,code,False,Diplomacy_Exchange_Technology_,1,52045,663969
14,D:\MOX\DIP-SCRN.C,code,False,Get_Diplomacy_Tech_Exchange_Lists_,1,53169,665093
14,D:\MOX\DIP-SCRN.C,code,False,Start_Diplomacy_Music_,1,53461,665385
14,D:\MOX\DIP-SCRN.C,code,False,Diplomacy_Surrender_,1,53496,665420
14,D:\MOX\DIP-SCRN.C,code,False,Diplomacy_Offer_Money_,1,53815,665739
14,D:\MOX\DIP-SCRN.C,code,False,Get_Diplomacy_Statement_,1,54629,666553
14,D:\MOX\DIP-SCRN.C,code,False,An_,1,56855,668779
14,D:\MOX\DIP-SCRN.C,code,False,Get_Net_Diplomacy_Choices_,1,57080,669004
14,D:\MOX\DIP-SCRN.C,code,False,Diplomacy_Net_Switcheroo_,1,60695,672619
14,D:\MOX\DIP-SCRN.C,code,False,Diplomacy_Initial_Synch_Up_,1,60828,672752
14,D:\MOX\DIP-SCRN.C,code,False,Diplomacy_Listen_Mode_,1,60905,672829
14,D:\MOX\DIP-SCRN.C,code,False,Diplomacy_Chat_,1,61275,673199
14,D:\MOX\DIP-SCRN.C,code,False,Draw_Diplomacy_Listen_Mode_,1,61628,673552
14,D:\MOX\DIP-SCRN.C,code,False,Diplomacy_Synch_Mode_,1,61743,673667
14,D:\MOX\DIP-SCRN.C,code,False,Start_Net_Treaty_,1,61821,673745
14,D:\MOX\DIP-SCRN.C,code,False,Diplomacy_Receive_Message_,1,62000,673924
14,D:\MOX\DIP-SCRN.C,code,False,Get_Listen_Mode_Message_,1,62283,674207
14,D:\MOX\DIP-SCRN.C,code,False,Load_Diplomacy_Text_Messages_,1,62332,674256
14,D:\MOX\DIP-SCRN.C,code,False,Setup_Diplomacy_Help_,1,64531,676455
14,D:\MOX\DIP-SCRN.C,code,False,Setup_Full_Screen_Diplomacy_Help_,1,64774,676698
14,D:\MOX\DIP-SCRN.C,code,False,Set_Opportunity_Attacks_,1,64896,676820
14,D:\MOX\DIP-SCRN.C,code,False,Add_Diplomacy_Turn_Summary_Messages_,1,65269,677193
14,D:\MOX\DIP-SCRN.C,code,False,Resolve_Delayed_Diplomacy_Orders_,1,65517,677441
14,D:\MOX\DIP-SCRN.C,code,False,Diplomacy_Main_Net_Chat_,1,65731,677655
14,D:\MOX\DIP-SCRN.C,code,False,Diplomacy_Message_Is_Interactive_,1,65890,677814
15,D:\MOX\EVENTS.C,code,False,Init_Events_,1,65956,677880
15,D:\MOX\EVENTS.C,code,False,Reset_Events_,1,66041,677965
15,D:\MOX\EVENTS.C,code,False,Check_For_Event_Message_,1,66111,678035
15,D:\MOX\EVENTS.C,code,False,Check_For_Event_,1,66174,678098
15,D:\MOX\EVENTS.C,code,False,Start_Main_Event_,1,66333,678257
15,D:\MOX\EVENTS.C,code,False,Load_Event_Picture_,1,66507,678431
15,D:\MOX\EVENTS.C,code,False,Drive_Event_Screen_,1,66560,678484
15,D:\MOX\EVENTS.C,code,False,Draw_Event_Screen_,1,66656,678580
15,D:\MOX\EVENTS.C,code,False,Event_Fade_In_,1,66872,678796
15,D:\MOX\EVENTS.C,code,False,Event_Twiddle_,1,67234,679158
15,D:\MOX\EVENTS.C,code,False,Setup_Next_Event_,1,70513,682437
15,D:\MOX\EVENTS.C,code,False,Get_Event_Message_,1,72557,684481
15,D:\MOX\EVENTS.C,code,False,Event_Get_Fleet_Strength_,1,74301,686225
15,D:\MOX\EVENTS.C,code,False,Determine_Event_,1,74506,686430
15,D:\MOX\EVENTS.C,code,False,Get_Event_Victim_,1,77143,689067
15,D:\MOX\EVENTS.C,code,False,Get_Antaran_Victim_,1,77660,689584
15,D:\MOX\EVENTS.C,code,False,Player_Has_Bad_Event_,1,78006,689930
15,D:\MOX\EVENTS.C,code,False,Get_Event_Climate_Change_Colony_,1,78092,690016
15,D:\MOX\EVENTS.C,code,False,Get_Event_Industrial_Accident_Colony_,1,78260,690184
15,D:\MOX\EVENTS.C,code,False,Get_Event_Mineral_Depletion_Colony_,1,78430,690354
15,D:\MOX\EVENTS.C,code,False,Get_Event_Mineral_Deposit_Colony_,1,78523,690447
15,D:\MOX\EVENTS.C,code,False,Event_Monster_Update_,1,78636,690560
15,D:\MOX\EVENTS.C,code,False,Event_Race_Eliminated_,1,78763,690687
15,D:\MOX\EVENTS.C,code,False,Event_Orion_Discovered_,1,78776,690700
15,D:\MOX\EVENTS.C,code,False,Event_Defeat_Antarans_,1,78789,690713
15,D:\MOX\EVENTS.C,code,False,Event_Surrender_,1,78802,690726
15,D:\MOX\EVENTS.C,code,False,Event_Rebel_Assimilation_,1,78822,690746
15,D:\MOX\EVENTS.C,code,False,Event_Check_Hyperspace_Flux_,1,78842,690766
15,D:\MOX\EVENTS.C,code,False,Event_Check_Space_Anomaly_,1,78878,690802
15,D:\MOX\EVENTS.C,code,False,Event_Check_Pirate_Activity_,1,78958,690882
15,D:\MOX\EVENTS.C,code,False,Event_Check_Plague_,1,79032,690956
15,D:\MOX\EVENTS.C,code,False,Event_Check_Warp_Beast_,1,79077,691001
15,D:\MOX\EVENTS.C,code,False,Event_Check_Population_Boom_,1,79113,691037
15,D:\MOX\EVENTS.C,code,False,Event_Check_Comet_,1,79158,691082
15,D:\MOX\EVENTS.C,code,False,Event_Check_Planet_Warning_,1,79203,691127
15,D:\MOX\EVENTS.C,code,False,Event_Check_General_Status_,1,79679,691603
15,D:\MOX\EVENTS.C,code,False,Allocate_Comet_Hit_,1,79744,691668
15,D:\MOX\EVENTS.C,code,False,Allocate_Industrial_Accident_Hit_,1,79923,691847
15,D:\MOX\EVENTS.C,code,False,Allocate_Earthquake_Hit_,1,80040,691964
15,D:\MOX\EVENTS.C,code,False,Find_Nearest_Player_Colony_to_Ship_,1,80264,692188
15,D:\MOX\EVENTS.C,code,False,Colony_To_Ship_Dist2_,1,80360,692284
15,D:\MOX\EVENTS.C,code,False,Pick_Completely_Random_Star_,1,80479,692403
15,D:\MOX\EVENTS.C,code,False,Ship_Size_Points_At_Star_,1,80680,692604
15,D:\MOX\EVENTS.C,code,False,Colony_Research_Points_,1,80740,692664
15,D:\MOX\EVENTS.C,code,False,Pick_Random_Player_In_Contact_,1,80765,692689
15,D:\MOX\EVENTS.C,code,False,Pick_Random_Star_,1,80876,692800
15,D:\MOX\EVENTS.C,code,False,Pick_Random_Officer_,1,81057,692981
15,D:\MOX\EVENTS.C,code,False,Pick_Random_Ship_,1,81133,693057
15,D:\MOX\EVENTS.C,code,False,Pick_Random_Colony_No_Outpost_,1,81220,693144
15,D:\MOX\EVENTS.C,code,False,Pick_Random_Colony_No_Capitol_,1,81312,693236
15,D:\MOX\EVENTS.C,code,False,Event_Check_Colony_Researching_,1,81406,693330
15,D:\MOX\EVENTS.C,code,False,Colony_Has_Event_,1,81504,693428
15,D:\MOX\EVENTS.C,code,False,Kill_All_Events_At_Colony_,1,81951,693875
15,D:\MOX\EVENTS.C,code,False,Event_Check_Space_Anomaly_At_Star_,1,82639,694563
15,D:\MOX\EVENTS.C,code,False,Star_Has_Event_,1,82684,694608
15,D:\MOX\EVENTS.C,code,False,Event_Pirate_Activity_Strength_,1,83087,695011
15,D:\MOX\EVENTS.C,code,False,Determine_Lucky_Players_Events_,1,83217,695141
15,D:\MOX\EVENTS.C,code,False,Update_Lucky_Players_Events_,1,83396,695320
16,D:\MOX\JIM.C,code,False,Jim_Hot_Key_,1,83453,695377
16,D:\MOX\JIM.C,code,False,Play_Streaming_Music_,1,83575,695499
16,D:\MOX\JIM.C,code,False,Stop_Background_Music_,1,84017,695941
16,D:\MOX\JIM.C,code,False,Play_Background_Music_,1,84047,695971
16,D:\MOX\JIM.C,code,False,Fade_Down_Background_Music_,1,84237,696161
16,D:\MOX\JIM.C,code,False,Play_Combat_Music_,1,84332,696256
16,D:\MOX\JIM.C,code,False,Get_Text_Message_,1,84473,696397
16,D:\MOX\JIM.C,code,False,Decode_Text_Message_,1,84682,696606
16,D:\MOX\JIM.C,code,False,Decode_Text_Name_,1,85296,697220
16,D:\MOX\JIM.C,code,False,Decode_Text_Race_,1,85296,697220
16,D:\MOX\JIM.C,code,False,Decode_Text_Race_And_Name_,1,85296,697220
16,D:\MOX\JIM.C,code,False,Decode_Text_Name_And_Stat_,1,85324,697248
16,D:\MOX\JIM.C,code,False,Decode_Text_Name_And_System_,1,85354,697278
16,D:\MOX\JIM.C,code,False,Decode_Text_Name_And_Tech_,1,85379,697303
16,D:\MOX\JIM.C,code,False,Decode_Text_Name_And_Other_Tech_,1,85404,697328
16,D:\MOX\JIM.C,code,False,Decode_Text_Name_Tech_And_Other_Tech_,1,85445,697369
16,D:\MOX\JIM.C,code,False,Decode_Text_Name_And_Name_,1,85488,697412
16,D:\MOX\JIM.C,code,False,Decode_Text_Stat_,1,85512,697436
16,D:\MOX\JIM.C,code,False,Decode_Text_System_,1,85543,697467
16,D:\MOX\JIM.C,code,False,Decode_Text_Field_,1,85566,697490
16,D:\MOX\JIM.C,code,False,Decode_Text_Year_,1,85588,697512
16,D:\MOX\JIM.C,code,False,Decode_Text_Tech_And_Other_Name_,1,85619,697543
16,D:\MOX\JIM.C,code,False,Bill_Picture_To_Mouse_,1,85654,697578
16,D:\MOX\JIM.C,code,False,Draw_Logos_,1,85715,697639
16,D:\MOX\JIM.C,code,False,Logo_Fade_Out_,1,86415,698339
16,D:\MOX\JIM.C,code,False,Slow_Fade_In_,1,86511,698435
16,D:\MOX\JIM.C,code,False,Check_For_Simtex_Logo_,1,86617,698541
17,D:\MOX\NPCDIPLO.C,code,False,NPC_Diplomacy_,1,86695,698619
17,D:\MOX\NPCDIPLO.C,code,False,NPC_Tech_Exchange_,1,86725,698649
17,D:\MOX\NPCDIPLO.C,code,False,NPC_Threats_,1,86741,698665
17,D:\MOX\NPCDIPLO.C,code,False,NPC_To_NPC_Treaty_Negotiations_,1,87341,699265
17,D:\MOX\NPCDIPLO.C,code,False,Honor_Alliances_,1,88786,700710
17,D:\MOX\NPCDIPLO.C,code,False,Eliminate_NPC_Treaty_Conflicts_,1,89030,700954
17,D:\MOX\NPCDIPLO.C,code,False,NPC_Diplomacy_Buildup_Penalties_,1,89212,701136
17,D:\MOX\NPCDIPLO.C,code,False,NPC_Declarations_Of_War_,1,89585,701509
17,D:\MOX\NPCDIPLO.C,code,False,NPC_Peace_Negotiations_,1,91914,703838
17,D:\MOX\NPCDIPLO.C,code,False,NPC_Required_Alliances_,1,92317,704241
17,D:\MOX\NPCDIPLO.C,code,False,NPC_To_Human_Diplomacy_,1,92560,704484
17,D:\MOX\NPCDIPLO.C,code,False,Get_Tech_Exchange_Reaction_,1,93117,705041
17,D:\MOX\NPCDIPLO.C,code,False,compare_tech_,1,93453,705377
17,D:\MOX\NPCDIPLO.C,code,False,reverse_compare_tech_,1,93458,705382
17,D:\MOX\NPCDIPLO.C,code,False,Get_Exchange_Tech_List_,1,93465,705389
17,D:\MOX\NPCDIPLO.C,code,False,Get_Tech_Exchange_Expectation_,1,94138,706062
17,D:\MOX\NPCDIPLO.C,code,False,Get_Differential_Tech_List_,1,94356,706280
17,D:\MOX\NPCDIPLO.C,code,False,NPC_Tech_Exchange_Check_,1,94735,706659
17,D:\MOX\NPCDIPLO.C,code,False,NPC_Good_Proposal_Check_,1,95086,707010
17,D:\MOX\NPCDIPLO.C,code,False,Clear_Last_Proposal_Turn_,1,95495,707419
17,D:\MOX\NPCDIPLO.C,code,False,NPC_Message_Rejection_Check_,1,95583,707507
17,D:\MOX\NPCDIPLO.C,code,False,NPC_Proposal_Rejection_Accept_,1,95974,707898
17,D:\MOX\NPCDIPLO.C,code,False,NPC_Treaty_Hatred_,1,96207,708131
17,D:\MOX\NPCDIPLO.C,code,False,NPC_Surrender_Check_,1,96829,708753
18,D:\MOX\OTHERS\CMBTAI.C,code,False,Does_Ship_Have_Missiles_Incoming_,1,98086,710010
18,D:\MOX\OTHERS\CMBTAI.C,code,False,Safe_To_Fire_Sphere_Weapon_,1,98207,710131
18,D:\MOX\OTHERS\CMBTAI.C,code,False,Ai_Self_Destruct_Check_,1,98664,710588
18,D:\MOX\OTHERS\CMBTAI.C,code,False,Release_Smallest_Ship_From_Stasis_,1,99782,711706
18,D:\MOX\OTHERS\CMBTAI.C,code,False,Ai_Stasis_Check_,1,99914,711838
18,D:\MOX\OTHERS\CMBTAI.C,code,False,Range_To_XY_,1,100072,711996
18,D:\MOX\OTHERS\CMBTAI.C,code,False,Range_To_Missile_,1,100406,712330
18,D:\MOX\OTHERS\CMBTAI.C,code,False,Range_To_Ship_,1,100442,712366
18,D:\MOX\OTHERS\CMBTAI.C,code,False,Expected_Weapon_Damage_,1,100804,712728
18,D:\MOX\OTHERS\CMBTAI.C,code,False,Expected_Missile_Damage_,1,102062,713986
18,D:\MOX\OTHERS\CMBTAI.C,code,False,Expected_Beam_Bomb_Damage_,1,102618,714542
18,D:\MOX\OTHERS\CMBTAI.C,code,False,Missile_Overkill_Check_,1,103384,715308
18,D:\MOX\OTHERS\CMBTAI.C,code,False,Check_For_Launched_Fighters_,1,103552,715476
18,D:\MOX\OTHERS\CMBTAI.C,code,False,Is_Ship_Out_Of_Ammo_,1,103647,715571
18,D:\MOX\OTHERS\CMBTAI.C,code,False,Is_Ship_Targeted_By_Missile_,1,103888,715812
18,D:\MOX\OTHERS\CMBTAI.C,code,False,Toggle_Auto_Combat_Flags_,1,103958,715882
18,D:\MOX\OTHERS\CMBTAI.C,code,False,Crystal_Control_,1,104336,716260
18,D:\MOX\OTHERS\CMBTAI.C,code,False,Do_Auto_Ship_Turn_,1,104503,716427
18,D:\MOX\OTHERS\CMBTAI.C,code,False,Target_Missile_Value_,1,106267,718191
18,D:\MOX\OTHERS\CMBTAI.C,code,False,Select_Missile_To_Target_,1,106821,718745
18,D:\MOX\OTHERS\CMBTAI.C,code,False,Target_Ship_Value_,1,107065,718989
18,D:\MOX\OTHERS\CMBTAI.C,code,False,Select_Ship_To_Target_,1,107626,719550
18,D:\MOX\OTHERS\CMBTAI.C,code,False,Choose_Target_,1,107752,719676
18,D:\MOX\OTHERS\CMBTAI.C,code,False,Combat_Ship_Class_,1,107845,719769
18,D:\MOX\OTHERS\CMBTAI.C,code,False,Evaluate_Possible_Move_,1,108413,720337
18,D:\MOX\OTHERS\CMBTAI.C,code,False,Bring_Weapons_To_Bear_,1,108560,720484
18,D:\MOX\OTHERS\CMBTAI.C,code,False,Auto_Move_Ship_,1,108965,720889
18,D:\MOX\OTHERS\CMBTAI.C,code,False,Get_Current_Ship_Target_,1,109817,721741
18,D:\MOX\OTHERS\CMBTAI.C,code,False,Will_Missile_Do_Damage_,1,110290,722214
18,D:\MOX\OTHERS\CMBTAI.C,code,False,Get_Current_Missile_Target_,1,110505,722429
18,D:\MOX\OTHERS\CMBTAI.C,code,False,Get_Current_Target_,1,110750,722674
18,D:\MOX\OTHERS\CMBTAI.C,code,True,Convert_Ordinal_To_Msl_Type_,1,110993,722917
18,D:\MOX\OTHERS\CMBTAI.C,code,False,Get_Effective_Missile_Strength_,1,111101,723025
18,D:\MOX\OTHERS\CMBTAI.C,code,False,Average_Missile_Kills_,1,112588,724512
18,D:\MOX\OTHERS\CMBTAI.C,code,False,Get_Effective_Weapon_Damage_,1,113123,725047
18,D:\MOX\OTHERS\CMBTAI.C,code,False,Get_Effective_Beam_Strength_,1,113246,725170
18,D:\MOX\OTHERS\CMBTAI.C,code,False,Get_Total_Hits_,1,113414,725338
18,D:\MOX\OTHERS\CMBTAI.C,code,False,Retreat_Check_,1,113569,725493
18,D:\MOX\OTHERS\CMBTAI.C,code,False,Get_Long_Range_Beam_Strength_,1,114213,726137
18,D:\MOX\OTHERS\CMBTAI.C,code,False,Resolve_Ai_Boarding_,1,114547,726471
18,D:\MOX\OTHERS\CMBTAI.C,code,False,Boarding_Action_Type_,1,114985,726909
18,D:\MOX\OTHERS\CMBTAI.C,code,False,Get_Player_Mode_,1,115770,727694
19,D:\MOX\OTHERS\CMBTDRW1.C,code,False,Draw_Super_Fast_Screen_,1,116053,727977
19,D:\MOX\OTHERS\CMBTDRW1.C,code,False,Refresh_Combat_Screen_Full_,1,116225,728149
19,D:\MOX\OTHERS\CMBTDRW1.C,code,False,Full_Draw_Combat_Screen_,1,116410,728334
19,D:\MOX\OTHERS\CMBTDRW1.C,code,False,Draw_Grey_Damage_Bars_,1,117708,729632
19,D:\MOX\OTHERS\CMBTDRW1.C,code,False,Draw_Ship_Status_,1,119277,731201
19,D:\MOX\OTHERS\CMBTDRW1.C,code,False,Draw_Weapon_Status_Display_,1,123597,735521
19,D:\MOX\OTHERS\CMBTDRW1.C,code,False,Draw_Special_Status_Display_,1,125325,737249
19,D:\MOX\OTHERS\CMBTDRW1.C,code,False,Draw_Blip2_,1,125711,737635
19,D:\MOX\OTHERS\CMBTDRW1.C,code,False,Draw_Blip3_,1,125826,737750
19,D:\MOX\OTHERS\CMBTDRW1.C,code,False,Draw_Blip4_,1,126037,737961
19,D:\MOX\OTHERS\CMBTDRW1.C,code,False,Draw_Blip5_,1,126344,738268
19,D:\MOX\OTHERS\CMBTDRW1.C,code,False,Draw_Reduced_Map_Box_,1,126801,738725
19,D:\MOX\OTHERS\CMBTDRW1.C,code,False,Draw_Reduced_Combat_Map_,1,127346,739270
19,D:\MOX\OTHERS\CMBTDRW1.C,code,False,Draw_Option_Panel_Lights_,1,127874,739798
19,D:\MOX\OTHERS\CMBTDRW1.C,code,False,Draw_Crew_Level_Stars_,1,128069,739993
19,D:\MOX\OTHERS\CMBTDRW1.C,code,False,Draw_Main_Combat_Screen_,1,128238,740162
19,D:\MOX\OTHERS\CMBTDRW1.C,code,False,Draw_Ship_,1,131170,743094
19,D:\MOX\OTHERS\CMBTDRW1.C,code,False,Combat_Draw_View_Ship_,1,132657,744581
19,D:\MOX\OTHERS\CMBTDRW1.C,code,False,Detailed_View_Ship_,1,139045,750969
19,D:\MOX\OTHERS\CMBTDRW1.C,code,False,Draw_Shield_Arcs_,1,139843,751767
19,D:\MOX\OTHERS\CMBTDRW1.C,code,False,Draw_Weapon_Arcs_,1,141109,753033
19,D:\MOX\OTHERS\CMBTDRW1.C,code,False,Relative_Bearing_XY_,1,141732,753656
19,D:\MOX\OTHERS\CMBTDRW1.C,code,False,Relative_Bearing_,1,141856,753780
19,D:\MOX\OTHERS\CMBTDRW1.C,code,False,Get_Weapon_Arc_,1,142033,753957
19,D:\MOX\OTHERS\CMBTDRW1.C,code,False,Draw_Ship_To_Bitmap_,1,142118,754042
19,D:\MOX\OTHERS\CMBTDRW1.C,code,False,Draw_Retreating_Ship_,1,142740,754664
19,D:\MOX\OTHERS\CMBTDRW1.C,code,False,Get_Ship_Anim_Dimensions_,1,143702,755626
19,D:\MOX\OTHERS\CMBTDRW1.C,code,False,Remap_Draw_Ship_Status_,1,143769,755693
19,D:\MOX\OTHERS\CMBTDRW1.C,code,False,Scroll_Draw_Combat_Screen_,1,144707,756631
19,D:\MOX\OTHERS\CMBTDRW1.C,code,False,Ship_Completely_On_Screen_,1,145831,757755
19,D:\MOX\OTHERS\CMBTDRW1.C,code,False,Ship_On_Screen_,1,146201,758125
19,D:\MOX\OTHERS\CMBTDRW1.C,code,False,Display_Combat_View_Ship_,1,146437,758361
19,D:\MOX\OTHERS\CMBTDRW1.C,code,False,Crew_Quality_String_,1,146682,758606
19,D:\MOX\OTHERS\CMBTDRW1.C,code,False,Plasma_Darken_,1,146883,758807
19,D:\MOX\OTHERS\CMBTDRW1.C,code,False,Draw_Bombs_,1,147296,759220
19,D:\MOX\OTHERS\CMBTDRW1.C,code,False,Create_Ship_Darken_Map_,1,148102,760026
19,D:\MOX\OTHERS\CMBTDRW1.C,code,False,Get_Draw_Ship_Offsets_,1,148564,760488
19,D:\MOX\OTHERS\CMBTDRW1.C,code,False,Get_Ship_Center_Draw_XY_,1,148803,760727
19,D:\MOX\OTHERS\CMBTDRW1.C,code,False,Draw_Internals_Display_,1,148894,760818
19,D:\MOX\OTHERS\CMBTDRW1.C,code,False,Draw_Fake_Combat_Buttons_,1,149793,761717
19,D:\MOX\OTHERS\CMBTDRW1.C,code,False,Draw_Legal_Boxes_,1,150198,762122
19,D:\MOX\OTHERS\CMBTDRW1.C,code,False,Move_Options_Background_,1,150594,762518
19,D:\MOX\OTHERS\CMBTDRW1.C,code,True,Draw_Board_Popup_,1,151240,763164
19,D:\MOX\OTHERS\CMBTDRW1.C,code,False,Board_Popup_,1,151491,763415
20,D:\MOX\OTHERS\CMBTFIR2.C,code,False,Apply_Internal_Damage_,1,152145,764069
20,D:\MOX\OTHERS\CMBTFIR2.C,code,False,Repair_Combat_Ship_,1,153633,765557
20,D:\MOX\OTHERS\CMBTFIR2.C,code,False,Clear_Internal_Space_,1,154682,766606
20,D:\MOX\OTHERS\CMBTFIR2.C,code,False,Combat_Bonus_,1,154710,766634
20,D:\MOX\OTHERS\CMBTFIR2.C,code,False,Computer_Bonus_,1,154751,766675
20,D:\MOX\OTHERS\CMBTFIR2.C,code,False,Crew_Boarding_Combat_Bonus_,1,154797,766721
20,D:\MOX\OTHERS\CMBTFIR2.C,code,False,Crew_Defensive_Combat_Bonus_,1,154829,766753
20,D:\MOX\OTHERS\CMBTFIR2.C,code,False,Crew_Offensive_Combat_Bonus_,1,154861,766785
20,D:\MOX\OTHERS\CMBTFIR2.C,code,False,Defensive_Combat_Bonus_,1,154893,766817
20,D:\MOX\OTHERS\CMBTFIR2.C,code,False,Get_Fleet_Engineer_Bonus_,1,155148,767072
20,D:\MOX\OTHERS\CMBTFIR2.C,code,False,Fighter_Pilot_Bonus_,1,155242,767166
20,D:\MOX\OTHERS\CMBTFIR2.C,code,False,Get_Fleet_Pilot_Bonus_,1,155310,767234
20,D:\MOX\OTHERS\CMBTFIR2.C,code,False,Set_Combat_Ordnance_Values_,1,155402,767326
20,D:\MOX\OTHERS\CMBTFIR2.C,code,False,Leader_Ordnance_Bonus_,1,155469,767393
20,D:\MOX\OTHERS\CMBTFIR2.C,code,False,Get_Fleet_Ordnance_Bonus_,1,155518,767442
20,D:\MOX\OTHERS\CMBTFIR2.C,code,False,Get_Fleet_Commando_Bonus_,1,155610,767534
20,D:\MOX\OTHERS\CMBTFIR2.C,code,False,Commando_Bonus_,1,155702,767626
20,D:\MOX\OTHERS\CMBTFIR2.C,code,False,Engineer_Bonus_,1,155770,767694
20,D:\MOX\OTHERS\CMBTFIR2.C,code,False,Get_Fleet_Security_Bonus_,1,155818,767742
20,D:\MOX\OTHERS\CMBTFIR2.C,code,False,Security_Bonus_,1,155910,767834
20,D:\MOX\OTHERS\CMBTFIR2.C,code,False,Fleet_Defensive_Bonus_,1,155961,767885
20,D:\MOX\OTHERS\CMBTFIR2.C,code,False,Fleet_Offensive_Bonus_,1,156262,768186
20,D:\MOX\OTHERS\CMBTFIR2.C,code,False,Heal_System_,1,156561,768485
20,D:\MOX\OTHERS\CMBTFIR2.C,code,False,Init_Internal_Space_,1,156784,768708
20,D:\MOX\OTHERS\CMBTFIR2.C,code,False,Kill_Crew_,1,157359,769283
20,D:\MOX\OTHERS\CMBTFIR2.C,code,False,Offensive_Combat_Bonus_,1,157405,769329
20,D:\MOX\OTHERS\CMBTFIR2.C,code,False,Helmsman_Bonus_,1,157565,769489
20,D:\MOX\OTHERS\CMBTFIR2.C,code,False,Weaponry_Bonus_,1,157614,769538
20,D:\MOX\OTHERS\CMBTFIR2.C,code,False,Galactic_Lore_Bonus_,1,157663,769587
20,D:\MOX\OTHERS\CMBTFIR2.C,code,False,Select_Internal_,1,157712,769636
20,D:\MOX\OTHERS\CMBTFIR2.C,code,False,Ship_Specials_Defensive_Bonus_,1,158307,770231
20,D:\MOX\OTHERS\CMBTFIR2.C,code,False,Ship_Specials_Offensive_Bonus_,1,158534,770458
20,D:\MOX\OTHERS\CMBTFIR2.C,code,False,Total_Internal_Space_,1,158564,770488
20,D:\MOX\OTHERS\CMBTFIR2.C,code,False,Max_Total_Internal_Space_,1,158690,770614
20,D:\MOX\OTHERS\CMBTFIR2.C,code,False,Weapons_Left_,1,158816,770740
20,D:\MOX\OTHERS\CMBTFIR2.C,code,False,Final_Fire_,1,158876,770800
20,D:\MOX\OTHERS\CMBTFIR2.C,code,False,Defensive_Fire_Check_,1,159441,771365
20,D:\MOX\OTHERS\CMBTFIR2.C,code,False,Max_Defensive_Fire_Range_,1,160115,772039
20,D:\MOX\OTHERS\CMBTFIR2.C,code,False,Get_Combat_Ship_Special_Id_,1,160340,772264
20,D:\MOX\OTHERS\CMBTFIR2.C,code,False,Init_Boarding_Action_,1,160445,772369
20,D:\MOX\OTHERS\CMBTFIR2.C,code,False,Resolve_Raid_,1,160520,772444
20,D:\MOX\OTHERS\CMBTFIR2.C,code,False,Resolve_Capture_,1,163240,775164
20,D:\MOX\OTHERS\CMBTFIR2.C,code,False,Capture_Ship_,1,164626,776550
20,D:\MOX\OTHERS\CMBTFIR2.C,code,False,Select_Raid_Internal_,1,165032,776956
20,D:\MOX\OTHERS\CMBTFIR2.C,code,False,Damage_From_Ship_Exploding_,1,165462,777386
20,D:\MOX\OTHERS\CMBTFIR2.C,code,False,Apply_Combat_Artemis_Net_,1,165519,777443
20,D:\MOX\OTHERS\CMBTFIR2.C,code,False,Combat_Ship_Done_,1,165946,777870
20,D:\MOX\OTHERS\CMBTFIR2.C,code,False,Set_Combat_Ship_Done_,1,165976,777900
20,D:\MOX\OTHERS\CMBTFIR2.C,code,False,Used_Teleporter_,1,166006,777930
20,D:\MOX\OTHERS\CMBTFIR2.C,code,False,Set_Teleporter_Used_,1,166028,777952
20,D:\MOX\OTHERS\CMBTFIR2.C,code,False,Already_Boarded_,1,166050,777974
20,D:\MOX\OTHERS\CMBTFIR2.C,code,False,Set_Boarded_Flag_,1,166072,777996
20,D:\MOX\OTHERS\CMBTFIR2.C,code,False,Being_Captured_,1,166094,778018
20,D:\MOX\OTHERS\CMBTFIR2.C,code,False,Set_Capturing_Flag_,1,166119,778043
20,D:\MOX\OTHERS\CMBTFIR2.C,code,False,Clear_Capturing_Flag_,1,166144,778068
21,D:\MOX\OTHERS\CMBTFIRE.C,code,False,Retarget_Missiles_Aimed_At_,1,166174,778098
21,D:\MOX\OTHERS\CMBTFIRE.C,code,False,Is_Combat_Ship_Dead_,1,166266,778190
21,D:\MOX\OTHERS\CMBTFIRE.C,code,False,Target_Is_Legal_For_Weapon_,1,166376,778300
21,D:\MOX\OTHERS\CMBTFIRE.C,code,False,Fire_Ship_,1,166750,778674
21,D:\MOX\OTHERS\CMBTFIRE.C,code,False,Get_Beam_Range_To_Hit_Bonus_,1,168966,780890
21,D:\MOX\OTHERS\CMBTFIRE.C,code,False,Get_Beam_Weapon_Modifiers_,1,169012,780936
21,D:\MOX\OTHERS\CMBTFIRE.C,code,False,Fire_Beam_Weapon_,1,169207,781131
21,D:\MOX\OTHERS\CMBTFIRE.C,code,False,Apply_Ship_Damage_,1,170373,782297
21,D:\MOX\OTHERS\CMBTFIRE.C,code,False,Facing_Shield_,1,171488,783412
21,D:\MOX\OTHERS\CMBTFIRE.C,code,False,Destroy_Ship_,1,171541,783465
21,D:\MOX\OTHERS\CMBTFIRE.C,code,False,Weapon_In_Range_,1,171805,783729
21,D:\MOX\OTHERS\CMBTFIRE.C,code,False,Apply_Damage_To_Missile_,1,172217,784141
21,D:\MOX\OTHERS\CMBTFIRE.C,code,False,Does_Combat_Planet_Have_Defenses_,1,172354,784278
21,D:\MOX\OTHERS\CMBTFIRE.C,code,False,Destroy_Colony_Defense_,1,172446,784370
21,D:\MOX\OTHERS\CMBTFIRE.C,code,False,Apply_Damage_To_Planet_,1,172995,784919
21,D:\MOX\OTHERS\CMBTFIRE.C,code,False,Fire_Bomb_,1,173770,785694
21,D:\MOX\OTHERS\CMBTFIRE.C,code,False,Weapon_Can_Fire_At_Missiles_,1,173994,785918
21,D:\MOX\OTHERS\CMBTFIRE.C,code,False,Place_Ship_In_Stasis_,1,174098,786022
21,D:\MOX\OTHERS\CMBTFIRE.C,code,False,Fire_Special_Weapon_,1,174127,786051
21,D:\MOX\OTHERS\CMBTFIRE.C,code,False,Fire_Fighter_Bomb_,1,175136,787060
21,D:\MOX\OTHERS\CMBTFIRE.C,code,False,Fire_Fighter_Beam_,1,175447,787371
21,D:\MOX\OTHERS\CMBTFIRE.C,code,False,Remove_Stasis_Beam_,1,176051,787975
21,D:\MOX\OTHERS\CMBTFIRE.C,code,False,Special_Is_On_,1,176101,788025
21,D:\MOX\OTHERS\CMBTFIRE.C,code,False,Special_Is_Turned_On_,1,176132,788056
21,D:\MOX\OTHERS\CMBTFIRE.C,code,False,Energy_Absorber_Attack_,1,176247,788171
21,D:\MOX\OTHERS\CMBTFIRE.C,code,False,Pre_Weapon_Specials_,1,176946,788870
21,D:\MOX\OTHERS\CMBTFIRE.C,code,False,Draw_Energy_Absorber_,1,177133,789057
21,D:\MOX\OTHERS\CMBTFIRE.C,code,False,Draw_BHG_,1,177344,789268
21,D:\MOX\OTHERS\CMBTFIRE.C,code,False,BHG_,1,177703,789627
22,D:\MOX\OTHERS\CMBTMIS.C,code,True,_missile_group_offset,1,178237,790161
22,D:\MOX\OTHERS\CMBTMIS.C,code,True,_torpedo_group_offset,1,178749,790673
22,D:\MOX\OTHERS\CMBTMIS.C,code,False,Missile_Owner_,1,179005,790929
22,D:\MOX\OTHERS\CMBTMIS.C,code,False,Missile_Type_,1,179024,790948
22,D:\MOX\OTHERS\CMBTMIS.C,code,False,Coord_Movement_,1,179190,791114
22,D:\MOX\OTHERS\CMBTMIS.C,code,False,Kill_Missile_,1,179328,791252
22,D:\MOX\OTHERS\CMBTMIS.C,code,False,Did_Missile_Hit_,1,179405,791329
22,D:\MOX\OTHERS\CMBTMIS.C,code,True,Picture_Count_,1,179500,791424
22,D:\MOX\OTHERS\CMBTMIS.C,code,True,Get_Multiple_Torpedo_Coords_,1,179674,791598
22,D:\MOX\OTHERS\CMBTMIS.C,code,True,Get_Multiple_Missile_Coords_,1,180082,792006
22,D:\MOX\OTHERS\CMBTMIS.C,code,False,Draw_Missile_,1,180956,792880
22,D:\MOX\OTHERS\CMBTMIS.C,code,False,Draw_Missile_Status_,1,181561,793485
22,D:\MOX\OTHERS\CMBTMIS.C,code,False,Draw_Missiles_,1,182324,794248
22,D:\MOX\OTHERS\CMBTMIS.C,code,False,Fire_Missile_,1,182418,794342
22,D:\MOX\OTHERS\CMBTMIS.C,code,False,Missile_Coord_Movement_,1,183332,795256
22,D:\MOX\OTHERS\CMBTMIS.C,code,False,Missile_Facing_To_XY_,1,183410,795334
22,D:\MOX\OTHERS\CMBTMIS.C,code,False,Missile_Facing_,1,183452,795376
22,D:\MOX\OTHERS\CMBTMIS.C,code,False,Missile_Speed_,1,183585,795509
22,D:\MOX\OTHERS\CMBTMIS.C,code,False,Missile_On_Combat_Screen_,1,183887,795811
22,D:\MOX\OTHERS\CMBTMIS.C,code,False,Move_Missile_,1,183991,795915
22,D:\MOX\OTHERS\CMBTMIS.C,code,False,Next_Missile_Id_,1,184861,796785
22,D:\MOX\OTHERS\CMBTMIS.C,code,False,On_Combat_Screen_,1,184921,796845
22,D:\MOX\OTHERS\CMBTMIS.C,code,False,Is_Missile_Target_Alive_,1,184985,796909
22,D:\MOX\OTHERS\CMBTMIS.C,code,False,Resolve_Missile_,1,185055,796979
22,D:\MOX\OTHERS\CMBTMIS.C,code,False,Find_Weakest_Shield_,1,187279,799203
22,D:\MOX\OTHERS\CMBTMIS.C,code,False,Draw_Fighter_,1,187345,799269
22,D:\MOX\OTHERS\CMBTMIS.C,code,False,Retarget_Missile_,1,187864,799788
22,D:\MOX\OTHERS\CMBTMIS.C,code,False,Fighter_Ocv_,1,188301,800225
22,D:\MOX\OTHERS\CMBTMIS.C,code,False,Missile_Dcv_,1,188384,800308
22,D:\MOX\OTHERS\CMBTMIS.C,code,False,Get_Missile_Hits_,1,188565,800489
22,D:\MOX\OTHERS\CMBTMIS.C,code,False,Fighter_Combat_SFX_,1,188836,800760
23,D:\MOX\OTHERS\CMBTMOV1.C,code,False,Ship_Is_In_Stasis_,1,189795,801719
23,D:\MOX\OTHERS\CMBTMOV1.C,code,False,Ship_In_Black_Hole_,1,189820,801744
23,D:\MOX\OTHERS\CMBTMOV1.C,code,False,Draw_Teleporting_Ship_,1,189848,801772
23,D:\MOX\OTHERS\CMBTMOV1.C,code,False,Rotate_Ship_Until_Impact_,1,190377,802301
23,D:\MOX\OTHERS\CMBTMOV1.C,code,False,Ship_In_Legal_Square_,1,190985,802909
23,D:\MOX\OTHERS\CMBTMOV1.C,code,False,Test_Move_Until_Impact_,1,191141,803065
23,D:\MOX\OTHERS\CMBTMOV1.C,code,False,Move_Ship_,1,192015,803939
23,D:\MOX\OTHERS\CMBTMOV1.C,code,False,Get_Facing_,1,194033,805957
23,D:\MOX\OTHERS\CMBTMOV1.C,code,False,Rotate_Ship_,1,194088,806012
23,D:\MOX\OTHERS\CMBTMOV1.C,code,False,Turn_Cost_,1,194851,806775
23,D:\MOX\OTHERS\CMBTMOV1.C,code,False,Move_Cost_,1,194911,806835
23,D:\MOX\OTHERS\CMBTMOV1.C,code,False,Turn_To_Face_,1,195169,807093
23,D:\MOX\OTHERS\CMBTMOV1.C,code,False,Wait_Until_Net_Opponent_Finished_,1,195582,807506
23,D:\MOX\OTHERS\CMBTMOV1.C,code,False,Tactical_Combat_Receive_Message_,1,195800,807724
24,D:\MOX\OTHERS\COMBAT.C,code,False,Message_Box_Titled_,1,196010,807934
24,D:\MOX\OTHERS\COMBAT.C,code,False,QLoad_Combat_Antaran_Ship_,1,196020,807944
24,D:\MOX\OTHERS\COMBAT.C,code,False,QLoad_Antaran_Defense_Fleet_,1,196338,808262
24,D:\MOX\OTHERS\COMBAT.C,code,False,Get_Leader_Combat_Bonuses_,1,196660,808584
24,D:\MOX\OTHERS\COMBAT.C,code,False,Strategic_Combat_,1,196936,808860
24,D:\MOX\OTHERS\COMBAT.C,code,False,Apply_Damage_To_Qship_,1,199722,811646
24,D:\MOX\OTHERS\COMBAT.C,code,False,Get_Non_Player_Name_,1,199875,811799
24,D:\MOX\OTHERS\COMBAT.C,code,False,Build_End_Of_Combat_Message_,1,200000,811924
24,D:\MOX\OTHERS\COMBAT.C,code,False,Qload_Ships_,1,202447,814371
24,D:\MOX\OTHERS\COMBAT.C,code,False,QGet_Hits_Bonus_,1,204322,816246
24,D:\MOX\OTHERS\COMBAT.C,code,False,QGet_Target_,1,204424,816348
24,D:\MOX\OTHERS\COMBAT.C,code,False,QGet_Target_SC_,1,204576,816500
24,D:\MOX\OTHERS\COMBAT.C,code,False,Missile_Attack_,1,204672,816596
24,D:\MOX\OTHERS\COMBAT.C,code,False,Strat_Bomb_Attack_,1,204992,816916
24,D:\MOX\OTHERS\COMBAT.C,code,False,Stellar_Converter_Attack_,1,205115,817039
24,D:\MOX\OTHERS\COMBAT.C,code,False,Draw_Qcombat_,1,205147,817071
24,D:\MOX\OTHERS\COMBAT.C,code,False,Strat_Special_Attack_,1,205148,817072
24,D:\MOX\OTHERS\COMBAT.C,code,False,Beam_Attack_,1,205343,817267
24,D:\MOX\OTHERS\COMBAT.C,code,False,Combat_Satelite_Check_,1,205644,817568
24,D:\MOX\OTHERS\COMBAT.C,code,False,Get_Colony_Hits_,1,205681,817605
24,D:\MOX\OTHERS\COMBAT.C,code,False,Resolve_Strat_Colony_Damage_,1,205814,817738
24,D:\MOX\OTHERS\COMBAT.C,code,False,Strategic_Bombardment_,1,206206,818130
24,D:\MOX\OTHERS\COMBAT.C,code,False,Bombardment_,1,206459,818383
24,D:\MOX\OTHERS\COMBAT.C,code,False,Tactical_Bombardment_,1,206721,818645
25,D:\MOX\OTHERS\COMBAT1.C,code,False,Get_Number_Of_Ships_In_Stasis_,1,207342,819266
25,D:\MOX\OTHERS\COMBAT1.C,code,False,Combat_Ship_Is_Functional_,1,207399,819323
25,D:\MOX\OTHERS\COMBAT1.C,code,False,Enemy_Dissipator_Exists_,1,207457,819381
25,D:\MOX\OTHERS\COMBAT1.C,code,False,Ship_Controlled_By_Computer_,1,207551,819475
25,D:\MOX\OTHERS\COMBAT1.C,code,False,Send_Tactical_Combat_Message_,1,207631,819555
25,D:\MOX\OTHERS\COMBAT1.C,code,False,Init_Ship_For_Start_Of_Turn_,1,207728,819652
25,D:\MOX\OTHERS\COMBAT1.C,code,False,Set_Ocv_Dcv_For_All_,1,208360,820284
25,D:\MOX\OTHERS\COMBAT1.C,code,True,Ship_Initiative_Value_,1,208486,820410
25,D:\MOX\OTHERS\COMBAT1.C,code,True,qsort_ship_initiative_,1,208540,820464
25,D:\MOX\OTHERS\COMBAT1.C,code,False,Do_Combat_Turn_,1,208767,820691
25,D:\MOX\OTHERS\COMBAT1.C,code,False,Seeking_Missiles_,1,216740,828664
25,D:\MOX\OTHERS\COMBAT1.C,code,False,Calc_Current_Speed_,1,217743,829667
25,D:\MOX\OTHERS\COMBAT1.C,code,False,Check_For_Winner_,1,218203,830127
25,D:\MOX\OTHERS\COMBAT1.C,code,False,Set_Cur_Ship_To_,1,218375,830299
25,D:\MOX\OTHERS\COMBAT1.C,code,False,Next_Ship_,1,218532,830456
25,D:\MOX\OTHERS\COMBAT1.C,code,False,Weapon_Is_On_,1,219212,831136
25,D:\MOX\OTHERS\COMBAT1.C,code,False,Weapon_Is_Off_,1,219244,831168
25,D:\MOX\OTHERS\COMBAT1.C,code,False,Remove_Continuing_Effect_Specials_,1,219276,831200
25,D:\MOX\OTHERS\COMBAT1.C,code,False,Ship_Done_Check_,1,219405,831329
25,D:\MOX\OTHERS\COMBAT1.C,code,False,Retreat_Ship_,1,219492,831416
25,D:\MOX\OTHERS\COMBAT1.C,code,False,Initiate_Boarding_Action_,1,219623,831547
25,D:\MOX\OTHERS\COMBAT1.C,code,False,Add_Missile_Fields_,1,220839,832763
25,D:\MOX\OTHERS\COMBAT1.C,code,False,Set_Combat_Help_Fields_,1,221226,833150
25,D:\MOX\OTHERS\COMBAT1.C,code,False,Add_Tactical_Combat_Fields_,1,222672,834596
25,D:\MOX\OTHERS\COMBAT1.C,code,False,Assign_Combat_Grids_,1,224456,836380
25,D:\MOX\OTHERS\COMBAT1.C,code,False,Assign_Mouse_Images_,1,225090,837014
25,D:\MOX\OTHERS\COMBAT1.C,code,False,Set_Legal_Moves_,1,226607,838531
26,D:\MOX\OTHERS\COMBINIT.C,code,False,Combat_Screen_,1,227490,839414
26,D:\MOX\OTHERS\COMBINIT.C,code,False,Colony_Has_Defenses_,1,227491,839415
26,D:\MOX\OTHERS\COMBINIT.C,code,True,qsort_ship_array_by_size_,1,227580,839504
26,D:\MOX\OTHERS\COMBINIT.C,code,False,Tactical_Combat_,1,227641,839565
26,D:\MOX\OTHERS\COMBINIT.C,code,True,qsort_combat_data_by_size_,1,233183,845107
26,D:\MOX\OTHERS\COMBINIT.C,code,False,Ship_Size_In_Squares_,1,233212,845136
26,D:\MOX\OTHERS\COMBINIT.C,code,False,Ship_Can_Deploy_At_,1,233289,845213
26,D:\MOX\OTHERS\COMBINIT.C,code,False,Deploy_Ships_,1,233539,845463
26,D:\MOX\OTHERS\COMBINIT.C,code,False,Calc_Combat_Shield_Max_,1,234664,846588
26,D:\MOX\OTHERS\COMBINIT.C,code,False,Load_Combat_Ship_,1,234826,846750
26,D:\MOX\OTHERS\COMBINIT.C,code,False,Scroll_Combat_Screen_,1,236097,848021
26,D:\MOX\OTHERS\COMBINIT.C,code,False,Snap_Center_Combat_Screen_,1,236809,848733
26,D:\MOX\OTHERS\COMBINIT.C,code,False,Ship_Center_Offsets_,1,237265,849189
26,D:\MOX\OTHERS\COMBINIT.C,code,True,Load_Combat_Ship_Palette_,1,237465,849389
26,D:\MOX\OTHERS\COMBINIT.C,code,True,Load_Individual_Ship_Pictures_,1,237866,849790
26,D:\MOX\OTHERS\COMBINIT.C,code,False,Increment_Bhg_,1,238820,850744
26,D:\MOX\OTHERS\COMBINIT.C,code,False,End_Of_Turn_Bookeeping_,1,238965,850889
26,D:\MOX\OTHERS\COMBINIT.C,code,False,Plasma_Web_Damage_,1,239054,850978
26,D:\MOX\OTHERS\COMBINIT.C,code,False,Recharge_Shields_,1,239504,851428
26,D:\MOX\OTHERS\COMBINIT.C,code,False,Type_Of_Space_Station_,1,239748,851672
26,D:\MOX\OTHERS\COMBINIT.C,code,False,Load_Antaran_Planet_,1,239827,851751
26,D:\MOX\OTHERS\COMBINIT.C,code,False,Load_Colony_Defense_,1,240105,852029
26,D:\MOX\OTHERS\COMBINIT.C,code,False,Load_Tactical_Colony_,1,240182,852106
26,D:\MOX\OTHERS\COMBINIT.C,code,False,Load_Combat_Colony_Picture_,1,241690,853614
26,D:\MOX\OTHERS\COMBINIT.C,code,False,Does_Combat_Ship_Have_Special_,1,241875,853799
26,D:\MOX\OTHERS\COMBINIT.C,code,False,Apply_Bio_Weapon_Penalty_,1,241950,853874
26,D:\MOX\OTHERS\COMBINIT.C,code,False,End_Of_Combat_,1,242052,853976
26,D:\MOX\OTHERS\COMBINIT.C,code,False,Unload_Combat_Ship_,1,244193,856117
26,D:\MOX\OTHERS\COMBINIT.C,code,False,Load_Combat_Satelite_,1,244693,856617
26,D:\MOX\OTHERS\COMBINIT.C,code,False,Init_Special_Devices_,1,248310,860234
26,D:\MOX\OTHERS\COMBINIT.C,code,False,Load_Display_Combat_Ship_,1,248606,860530
26,D:\MOX\OTHERS\COMBINIT.C,code,False,Repair_All_Combat_Ships_,1,249831,861755
26,D:\MOX\OTHERS\COMBINIT.C,code,False,Load_Combat_Antaran_Ship_,1,250126,862050
26,D:\MOX\OTHERS\COMBINIT.C,code,False,Load_Antaran_Defense_Fleet_,1,250177,862101
26,D:\MOX\OTHERS\COMBINIT.C,code,False,Load_Antaran_Star_Fortress_,1,250254,862178
27,D:\MOX\DIPLOMAC.C,code,False,Init_Diplomatic_Relations_,1,251790,863714
27,D:\MOX\DIPLOMAC.C,code,False,End_Of_Turn_Diplomacy_Adjustments_,1,252594,864518
27,D:\MOX\DIPLOMAC.C,code,False,Diplomacy_Growth_,1,253291,865215
27,D:\MOX\DIPLOMAC.C,code,False,Change_Relations_,1,254901,866825
27,D:\MOX\DIPLOMAC.C,code,False,Reward_Check_,1,256515,868439
27,D:\MOX\DIPLOMAC.C,code,False,Determine_Diplomacy_Messages_,1,256774,868698
27,D:\MOX\DIPLOMAC.C,code,False,Determine_Bad_Message_,1,258268,870192
27,D:\MOX\DIPLOMAC.C,code,False,Sneak_Attack_Or_Declare_War_,1,259483,871407
27,D:\MOX\DIPLOMAC.C,code,False,Peace_Proposal_,1,259732,871656
27,D:\MOX\DIPLOMAC.C,code,False,Get_Demands_,1,260411,872335
27,D:\MOX\DIPLOMAC.C,code,False,Required_Alliances_,1,261424,873348
27,D:\MOX\DIPLOMAC.C,code,False,Determine_Good_Message_,1,261669,873593
27,D:\MOX\DIPLOMAC.C,code,False,Get_War_Count_,1,262184,874108
27,D:\MOX\DIPLOMAC.C,code,False,Get_Player_Contact_Count_,1,262283,874207
27,D:\MOX\DIPLOMAC.C,code,False,Fleet_Strength_Comparison_,1,262351,874275
27,D:\MOX\DIPLOMAC.C,code,False,Tech_Strength_Comparison_,1,262500,874424
27,D:\MOX\DIPLOMAC.C,code,False,Maintenance_Strength_Comparison_,1,262558,874482
27,D:\MOX\DIPLOMAC.C,code,False,Unprovoked_Good_Messages_,1,262602,874526
27,D:\MOX\DIPLOMAC.C,code,False,Sneak_Attack_War_Check_,1,264231,876155
27,D:\MOX\DIPLOMAC.C,code,False,Clear_Diplomacy_Messages_,1,264460,876384
27,D:\MOX\DIPLOMAC.C,code,False,Limit_Treaty_Modifiers_,1,264913,876837
27,D:\MOX\DIPLOMAC.C,code,False,Save_Last_Diplomacy_Messages_,1,265046,876970
27,D:\MOX\DIPLOMAC.C,code,False,Determine_First_Contacts_,1,265047,876971
27,D:\MOX\DIPLOMAC.C,code,False,Modifier_Diplomacy_Adjustments_,1,265644,877568
27,D:\MOX\DIPLOMAC.C,code,False,Find_Worst_Modifier_,1,266207,878131
27,D:\MOX\DIPLOMAC.C,code,False,Declare_War_,1,266360,878284
27,D:\MOX\DIPLOMAC.C,code,False,Break_Treaties_,1,267150,879074
27,D:\MOX\DIPLOMAC.C,code,False,Break_Research_,1,268123,880047
27,D:\MOX\DIPLOMAC.C,code,False,Break_Trade_,1,268716,880640
27,D:\MOX\DIPLOMAC.C,code,False,Break_Tribute_,1,269314,881238
27,D:\MOX\DIPLOMAC.C,code,False,Fleet_Comparison_,1,269774,881698
27,D:\MOX\DIPLOMAC.C,code,False,Tech_Comparison_,1,269883,881807
27,D:\MOX\DIPLOMAC.C,code,False,Population_Comparison_,1,269976,881900
27,D:\MOX\DIPLOMAC.C,code,False,Total_War_Loss_Comparison_,1,270095,882019
27,D:\MOX\DIPLOMAC.C,code,False,War_Loss_Comparison_,1,270309,882233
27,D:\MOX\DIPLOMAC.C,code,False,Start_Tribute_Treaty_,1,270409,882333
27,D:\MOX\DIPLOMAC.C,code,False,Start_Research_Treaty_,1,270672,882596
27,D:\MOX\DIPLOMAC.C,code,False,Start_Trade_Treaty_,1,270911,882835
27,D:\MOX\DIPLOMAC.C,code,False,Start_Treaty_,1,271150,883074
27,D:\MOX\DIPLOMAC.C,code,False,Adjust_Diplomat_Modifiers_,1,271555,883479
27,D:\MOX\DIPLOMAC.C,code,False,Declare_Peace_,1,271611,883535
27,D:\MOX\DIPLOMAC.C,code,False,Diplomacy_Broken_Contacts_,1,271874,883798
27,D:\MOX\DIPLOMAC.C,code,False,Valid_Treaty_Proposal_,1,271966,883890
27,D:\MOX\DIPLOMAC.C,code,False,Check_Treaty_Proposal_,1,272173,884097
27,D:\MOX\DIPLOMAC.C,code,False,Diplomacy_Test_,1,274758,886682
27,D:\MOX\DIPLOMAC.C,code,False,Get_Break_Treaty_Message_,1,275444,887368
27,D:\MOX\DIPLOMAC.C,code,False,Get_Break_Research_Message_,1,275657,887581
27,D:\MOX\DIPLOMAC.C,code,False,Get_Break_Trade_Message_,1,275820,887744
27,D:\MOX\DIPLOMAC.C,code,False,Get_Break_Tribute_Treaty_Message_,1,275983,887907
27,D:\MOX\DIPLOMAC.C,code,False,Get_Declare_War_Message_,1,276156,888080
27,D:\MOX\DIPLOMAC.C,code,False,Get_Gift_Response_,1,276259,888183
27,D:\MOX\DIPLOMAC.C,code,False,Get_Demand_Response_,1,276953,888877
27,D:\MOX\DIPLOMAC.C,code,False,Get_Player_Diplomacy_Personality_,1,278166,890090
27,D:\MOX\DIPLOMAC.C,code,False,NPC_Sneak_Attacks_,1,278235,890159
27,D:\MOX\DIPLOMAC.C,code,False,Sneak_Attack_Evaluations_,1,279713,891637
27,D:\MOX\DIPLOMAC.C,code,False,Set_Demands_,1,281792,893716
27,D:\MOX\DIPLOMAC.C,code,False,Clear_Threat_Turn_,1,281933,893857
28,D:\MOX\OTHERS\INITSHIP.C,code,False,Get_Design_Combat_Bonuses_,1,281984,893908
28,D:\MOX\OTHERS\INITSHIP.C,code,False,Get_Ship_Combat_Bonuses_,1,282203,894127
28,D:\MOX\OTHERS\INITSHIP.C,code,False,Init_Ship_Designs_,1,282559,894483
28,D:\MOX\OTHERS\INITSHIP.C,code,False,Load_Antaran_Ship_Design_,1,282956,894880
28,D:\MOX\OTHERS\INITSHIP.C,code,False,Load_Small_Antaran_Combat_Ship_,1,282977,894901
28,D:\MOX\OTHERS\INITSHIP.C,code,False,Load_Small_Antaran_Design_,1,283492,895416
28,D:\MOX\OTHERS\INITSHIP.C,code,False,Load_Medium_Antaran_Combat_Ship_,1,283692,895616
28,D:\MOX\OTHERS\INITSHIP.C,code,False,Load_Medium_Antaran_Design_,1,284253,896177
28,D:\MOX\OTHERS\INITSHIP.C,code,False,Load_Large_Antaran_Combat_Ship_,1,284472,896396
28,D:\MOX\OTHERS\INITSHIP.C,code,False,Load_Large_Antaran_Design_,1,285148,897072
28,D:\MOX\OTHERS\INITSHIP.C,code,False,Load_Huge_Antaran_Combat_Ship_,1,285458,897382
28,D:\MOX\OTHERS\INITSHIP.C,code,False,Load_Huge_Antaran_Design_,1,286230,898154
28,D:\MOX\OTHERS\INITSHIP.C,code,False,Load_Titan_Antaran_Combat_Ship_,1,286567,898491
28,D:\MOX\OTHERS\INITSHIP.C,code,False,Load_Titan_Antaran_Design_,1,287446,899370
28,D:\MOX\OTHERS\INITSHIP.C,code,False,Load_Doom_Star_Ship_Design_,1,287840,899764
28,D:\MOX\OTHERS\INITSHIP.C,code,False,Update_Ship_Names_To_New_Language_,1,287876,899800
28,D:\MOX\OTHERS\INITSHIP.C,code,False,Load_Colony_Ship_Design_,1,287949,899873
28,D:\MOX\OTHERS\INITSHIP.C,code,False,Load_Outpost_Ship_Design_,1,288134,900058
28,D:\MOX\OTHERS\INITSHIP.C,code,False,Load_Transport_Ship_Design_,1,288318,900242
28,D:\MOX\OTHERS\INITSHIP.C,code,False,Best_Warp_Drive_,1,288550,900474
28,D:\MOX\OTHERS\INITSHIP.C,code,False,Best_Ship_Shield_,1,288670,900594
28,D:\MOX\OTHERS\INITSHIP.C,code,False,Best_Computer_,1,288781,900705
28,D:\MOX\OTHERS\INITSHIP.C,code,False,Best_Armor_,1,288863,900787
28,D:\MOX\OTHERS\INITSHIP.C,code,False,Best_Beam_Weapon_,1,289003,900927
28,D:\MOX\OTHERS\INITSHIP.C,code,False,Best_Point_Defense_Weapon_,1,289180,901104
28,D:\MOX\OTHERS\INITSHIP.C,code,False,Point_Defense_Damage_Per_Space_,1,289338,901262
28,D:\MOX\OTHERS\INITSHIP.C,code,False,Best_Point_Defense_Weapon_By_Size_,1,289400,901324
28,D:\MOX\OTHERS\INITSHIP.C,code,False,Best_Missile_Weapon_,1,289574,901498
28,D:\MOX\OTHERS\INITSHIP.C,code,False,Best_Missile_Weapon_NT_,1,289786,901710
28,D:\MOX\OTHERS\INITSHIP.C,code,False,Best_Bomb_Weapon_,1,289954,901878
28,D:\MOX\OTHERS\INITSHIP.C,code,False,Best_Strat_Special_Weapon_,1,290106,902030
28,D:\MOX\OTHERS\INITSHIP.C,code,False,Best_Beam_To_Hit_Special_,1,290308,902232
28,D:\MOX\OTHERS\INITSHIP.C,code,False,Best_Beam_Damage_Special_,1,290418,902342
28,D:\MOX\OTHERS\INITSHIP.C,code,False,Best_Beam_Defense_Special_,1,290544,902468
28,D:\MOX\OTHERS\INITSHIP.C,code,False,Best_Missile_Defense_Special_,1,290670,902594
28,D:\MOX\OTHERS\INITSHIP.C,code,False,Best_Missile_Damage_Special_,1,290796,902720
28,D:\MOX\OTHERS\INITSHIP.C,code,False,Best_Shield_Special_,1,290930,902854
28,D:\MOX\OTHERS\INITSHIP.C,code,False,Best_Ship_Fuel_,1,290975,902899
28,D:\MOX\OTHERS\INITSHIP.C,code,False,Update_Player_Ship_Designs_,1,291090,903014
28,D:\MOX\OTHERS\INITSHIP.C,code,False,Update_Equipment_On_Ships_Being_Built_,1,291223,903147
28,D:\MOX\OTHERS\INITSHIP.C,code,False,Update_Automatic_Design_Equipment_,1,291499,903423
28,D:\MOX\OTHERS\INITSHIP.C,code,False,Update_Strategic_Ship_Designs_,1,291783,903707
28,D:\MOX\OTHERS\INITSHIP.C,code,False,Update_Player_Strategic_Ship_Designs_,1,292001,903925
28,D:\MOX\OTHERS\INITSHIP.C,code,False,Cost_Of_Strategic_Design_,1,292198,904122
28,D:\MOX\OTHERS\INITSHIP.C,code,False,Calc_Player_FTL_Speed_,1,292247,904171
28,D:\MOX\OTHERS\INITSHIP.C,code,False,Get_FTL_Speed_,1,292310,904234
28,D:\MOX\OTHERS\INITSHIP.C,code,False,Strat_Beam_Weapon_Count_,1,292375,904299
28,D:\MOX\OTHERS\INITSHIP.C,code,False,Strat_Missile_Weapon_Count_,1,292433,904357
28,D:\MOX\OTHERS\INITSHIP.C,code,False,Strat_Special_Weapon_Count_,1,292445,904369
28,D:\MOX\OTHERS\INITSHIP.C,code,False,Strat_Bomb_Weapon_Count_,1,292457,904381
28,D:\MOX\OTHERS\INITSHIP.C,code,False,Update_Strategic_Design_Weapons_Specials_,1,292469,904393
28,D:\MOX\OTHERS\INITSHIP.C,code,False,Auto_Strategic_Design_Ship_,1,292977,904901
28,D:\MOX\OTHERS\INITSHIP.C,code,False,Update_Strategic_Ship_,1,293195,905119
28,D:\MOX\OTHERS\INITSHIP.C,code,False,Load_Dragon_Ship_Design_,1,293378,905302
28,D:\MOX\OTHERS\INITSHIP.C,code,False,Load_Hydra_Ship_Design_,1,293660,905584
28,D:\MOX\OTHERS\INITSHIP.C,code,False,Load_Amoeba_Ship_Design_,1,293899,905823
28,D:\MOX\OTHERS\INITSHIP.C,code,False,Load_Eel_Ship_Design_,1,294164,906088
28,D:\MOX\OTHERS\INITSHIP.C,code,False,Load_Crystal_Ship_Design_,1,294427,906351
28,D:\MOX\OTHERS\INITSHIP.C,code,False,Load_Guardian_Ship_Design_,1,294700,906624
28,D:\MOX\OTHERS\INITSHIP.C,code,False,Check_For_Auto_Refit_,1,295048,906972
28,D:\MOX\OTHERS\INITSHIP.C,code,False,Repair_Ships_At_Colonies_,1,295157,907081
28,D:\MOX\OTHERS\INITSHIP.C,code,False,Repair_Ship_Full_,1,295411,907335
28,D:\MOX\OTHERS\INITSHIP.C,code,False,Ship_Has_Weapon_,1,295536,907460
28,D:\MOX\OTHERS\INITSHIP.C,code,False,Get_Design_Structure_,1,295615,907539
28,D:\MOX\OTHERS\INITSHIP.C,code,False,Get_Structure_,1,295728,907652
28,D:\MOX\OTHERS\INITSHIP.C,code,False,Get_Ship_Structure_,1,295815,907739
28,D:\MOX\OTHERS\INITSHIP.C,code,False,Get_Ship_Armor_Hits_,1,295973,907897
28,D:\MOX\OTHERS\INITSHIP.C,code,False,Load_Loknar_Ship_Design_,1,296071,907995
29,D:\MOX\OTHERS\KEN.C,code,False,Load_Player_Ship_Palette_,1,296416,908340
29,D:\MOX\OTHERS\KEN.C,code,False,Get_Ship_Id_Picture_Seg_,1,296568,908492
29,D:\MOX\OTHERS\KEN.C,code,False,Get_Ship_Picture_Seg_,1,296599,908523
29,D:\MOX\OTHERS\KEN.C,code,False,Get_Ship_Picture_Segk_,1,296603,908527
29,D:\MOX\OTHERS\KEN.C,code,False,Ken_Defaults_,1,296659,908583
29,D:\MOX\OTHERS\KEN.C,code,False,Ken_Init_,1,296659,908583
29,D:\MOX\OTHERS\KEN.C,code,False,Get_Weighted_Choice_,1,296660,908584
29,D:\MOX\OTHERS\KEN.C,code,False,Get_Weighted_Choice_Long_,1,296779,908703
29,D:\MOX\OTHERS\KEN.C,code,False,Get_Weighted_Best_Choice_,1,296883,908807
29,D:\MOX\OTHERS\KEN.C,code,False,Get_Weighted_Choice_Best_Long_,1,296967,908891
29,D:\MOX\OTHERS\KEN.C,code,False,Get_Derelict_Applications_,1,297043,908967
29,D:\MOX\OTHERS\KEN.C,code,False,Init_NPC_Personalities_Objectives_Themes_,1,297430,909354
29,D:\MOX\OTHERS\KEN.C,code,False,Ken_Get_Text_Message_,1,298782,910706
30,D:\MOX\OTHERS\RACEOPT.C,code,False,Player_Score_Modifier_,1,298826,910750
30,D:\MOX\OTHERS\RACEOPT.C,code,False,Reload_Racial_Option_Screen_,1,298947,910871
30,D:\MOX\OTHERS\RACEOPT.C,code,False,Calculate_Picks_,1,299091,911015
30,D:\MOX\OTHERS\RACEOPT.C,code,False,Draw_Race_Option_Background_,1,299269,911193
30,D:\MOX\OTHERS\RACEOPT.C,code,False,Draw_Racial_Option_Screen_,1,300709,912633
30,D:\MOX\OTHERS\RACEOPT.C,code,False,Set_Race_Option_Help_List_,1,303009,914933
30,D:\MOX\OTHERS\RACEOPT.C,code,False,Racial_Option_Screen_,1,304060,915984
30,D:\MOX\OTHERS\RACEOPT.C,code,False,Add_Race_Options_Fields_,1,305876,917800
30,D:\MOX\OTHERS\RACEOPT.C,code,False,Convert_Player_To_Flags_,1,306583,918507
30,D:\MOX\OTHERS\RACEOPT.C,code,False,Convert_Flags_To_Player_,1,306744,918668
30,D:\MOX\OTHERS\RACEOPT.C,code,False,Reload_Option_Strings_,1,306932,918856
30,D:\MOX\OTHERS\RACEOPT.C,code,False,Real_Ability_Cost_,1,307049,918973
30,D:\MOX\OTHERS\RACEOPT.C,code,False,Setup_Evolutionary_Upgrade_,1,307370,919294
30,D:\MOX\OTHERS\RACEOPT.C,code,False,Add_Race_Options_Fields_EM_,1,307530,919454
30,D:\MOX\OTHERS\RACEOPT.C,code,False,Calculate_EM_Picks_,1,308415,920339
30,D:\MOX\OTHERS\RACEOPT.C,code,False,Convert_Player_To_Flags_EM_,1,308429,920353
30,D:\MOX\OTHERS\RACEOPT.C,code,False,Convert_Flags_To_Player_EM_,1,308645,920569
30,D:\MOX\OTHERS\RACEOPT.C,code,False,Evolutionary_Mutation_Screen_,1,308809,920733
31,D:\MOX\OTHERS\RACESEL.C,code,False,Convert_Custom_Race_Flags_,1,310308,922232
31,D:\MOX\OTHERS\RACESEL.C,code,False,Reload_Race_Selection_Screen_,1,310388,922312
31,D:\MOX\OTHERS\RACESEL.C,code,False,Draw_Race_Selection_Screen_,1,310679,922603
31,D:\MOX\OTHERS\RACESEL.C,code,False,Message_Build_,1,311822,923746
31,D:\MOX\OTHERS\RACESEL.C,code,False,Set_Race_Select_Help_,1,311899,923823
31,D:\MOX\OTHERS\RACESEL.C,code,False,Race_Selection_Screen_,1,312592,924516
31,D:\MOX\OTHERS\RACESEL.C,code,False,Draw_Flag_Screen_,1,315191,927115
31,D:\MOX\OTHERS\RACESEL.C,code,False,Set_Flag_Screen_Help_,1,315391,927315
31,D:\MOX\OTHERS\RACESEL.C,code,False,Flag_Screen_,1,315452,927376
31,D:\MOX\OTHERS\RACESEL.C,code,False,Draw_Naming_Popup_,1,316019,927943
31,D:\MOX\OTHERS\RACESEL.C,code,False,Naming_Popup_,1,316091,928015
32,D:\MOX\OTHERS\SHIPSTAK.C,code,False,Ship_Has_Special_,1,316307,928231
32,D:\MOX\OTHERS\SHIPSTAK.C,code,False,Ship_Has_Stealth_Device_,1,316379,928303
32,D:\MOX\OTHERS\SHIPSTAK.C,code,False,Find_Ship_Stacks_,1,316446,928370
32,D:\MOX\OTHERS\SHIPSTAK.C,code,False,Ken_Test_,1,316952,928876
32,D:\MOX\OTHERS\SHIPSTAK.C,code,False,Split_Stack_,1,317065,928989
32,D:\MOX\OTHERS\SHIPSTAK.C,code,False,Set_Stack_Location_,1,317564,929488
32,D:\MOX\OTHERS\SHIPSTAK.C,code,False,Set_Stack_XY_,1,317623,929547
32,D:\MOX\OTHERS\SHIPSTAK.C,code,False,Update_Ship_Stack_,1,317698,929622
32,D:\MOX\OTHERS\SHIPSTAK.C,code,False,Remove_Non_Detected_Ships_,1,317779,929703
32,D:\MOX\OTHERS\SHIPSTAK.C,code,False,Delete_Ship_Stack_,1,318852,930776
32,D:\MOX\OTHERS\SHIPSTAK.C,code,False,Delete_Ship_Node_,1,318889,930813
32,D:\MOX\OTHERS\SHIPSTAK.C,code,True,Sort_Ships_In_Stack_,1,318944,930868
32,D:\MOX\OTHERS\SHIPSTAK.C,code,True,Build_Ship_Type_Array_,1,319049,930973
32,D:\MOX\OTHERS\SHIPSTAK.C,code,True,qsort_ships_by_type_,1,319229,931153
33,D:\MOX\OTHERS\TECHINIT.C,code,False,Load_Tech_Names_,1,319242,931166
33,D:\MOX\OTHERS\TECHINIT.C,code,False,Init_Tech_,1,319971,931895
33,D:\MOX\OTHERS\TECHINIT.C,code,False,At_Least_One_App_Researchable_,1,320511,932435
33,D:\MOX\OTHERS\TECHINIT.C,code,False,Tech_Is_Legal_For_Player_,1,320641,932565
33,D:\MOX\OTHERS\TECHINIT.C,code,False,Init_Player_Tech_,1,320863,932787
34,D:\MOX\OTHERS\AIPOWER.C,code,False,Base_Generic_Dcv_,1,322281,934205
34,D:\MOX\OTHERS\AIPOWER.C,code,False,Base_Generic_Ocv_,1,322361,934285
34,D:\MOX\OTHERS\AIPOWER.C,code,False,Satelite_Strength_Vs_Ships_,1,322418,934342
34,D:\MOX\OTHERS\AIPOWER.C,code,False,Modified_Weapon_Strength_,1,323111,935035
34,D:\MOX\OTHERS\AIPOWER.C,code,False,Strength_Hits_Modifier_,1,323284,935208
34,D:\MOX\OTHERS\AIPOWER.C,code,False,Ship_Strength_Vs_Ships_In_Nebula_,1,323337,935261
34,D:\MOX\OTHERS\AIPOWER.C,code,False,Ship_Strength_Vs_Ships_,1,323351,935275
34,D:\MOX\OTHERS\AIPOWER.C,code,False,Ship_Strength_Vs_Shield_,1,323403,935327
34,D:\MOX\OTHERS\AIPOWER.C,code,False,Current_Ship_Hits_,1,324291,936215
34,D:\MOX\OTHERS\AIPOWER.C,code,False,Max_Ship_Hits_,1,324342,936266
34,D:\MOX\OTHERS\AIPOWER.C,code,False,Ship_Strength_Vs_Planetary_Shield_,1,324473,936397
34,D:\MOX\OTHERS\AIPOWER.C,code,False,Missile_Base_Strength_,1,324900,936824
34,D:\MOX\OTHERS\AIPOWER.C,code,False,Phasor_Base_Strength_,1,325027,936951
34,D:\MOX\OTHERS\AIPOWER.C,code,False,Fighter_Garrison_Strength_,1,325196,937120
34,D:\MOX\OTHERS\AIPOWER.C,code,False,Colony_Ground_Strength_Vs_Player_,1,325447,937371
34,D:\MOX\OTHERS\AIPOWER.C,code,False,Colony_Space_Strength_Vs_Player_,1,325636,937560
34,D:\MOX\OTHERS\AIPOWER.C,code,False,Get_Best_Ship_Shield_Value_,1,325745,937669
35,D:\MOX\OTHERS\AIDESIGN.C,code,False,Get_Competition_Player_Tech_Values_,1,325841,937765
35,D:\MOX\OTHERS\AIDESIGN.C,code,False,Human_Player_Best_Weapons_Are_Beams_,1,325927,937851
35,D:\MOX\OTHERS\AIDESIGN.C,code,False,Fighters_Available_,1,325992,937916
35,D:\MOX\OTHERS\AIDESIGN.C,code,False,Special_Weapons_Available_,1,326048,937972
35,D:\MOX\OTHERS\AIDESIGN.C,code,False,Special_Devices_Available_,1,326122,938046
35,D:\MOX\OTHERS\AIDESIGN.C,code,False,Get_Ship_Class_,1,326279,938203
35,D:\MOX\OTHERS\AIDESIGN.C,code,False,Special_Legal_For_Design_,1,327052,938976
35,D:\MOX\OTHERS\AIDESIGN.C,code,False,Add_Specials_To_Design_,1,327188,939112
35,D:\MOX\OTHERS\AIDESIGN.C,code,False,Add_Theme_Special_To_Design_,1,327871,939795
35,D:\MOX\OTHERS\AIDESIGN.C,code,False,Add_Fighters_To_Design_,1,328108,940032
35,D:\MOX\OTHERS\AIDESIGN.C,code,False,Determine_Missile_Weapon_Modifications_,1,328546,940470
35,D:\MOX\OTHERS\AIDESIGN.C,code,False,Add_Missile_Weapon_To_Design_,1,329593,941517
35,D:\MOX\OTHERS\AIDESIGN.C,code,False,Determine_Bomb_Weapon_,1,329903,941827
35,D:\MOX\OTHERS\AIDESIGN.C,code,False,Add_Bomb_Weapon_To_Design_,1,330333,942257
35,D:\MOX\OTHERS\AIDESIGN.C,code,False,Determine_Beam_Weapon_Modifications_,1,330585,942509
35,D:\MOX\OTHERS\AIDESIGN.C,code,False,Add_Beam_Weapon_To_Design_,1,332927,944851
35,D:\MOX\OTHERS\AIDESIGN.C,code,False,Auto_Design_Ship_,1,333477,945401
36,D:\MOX\OTHERS\HOTPOP.C,code,False,Reload_Hotseat_Screen_,1,337354,949278
36,D:\MOX\OTHERS\HOTPOP.C,code,True,Fade_Into_Hotseat_Screen_,1,337486,949410
36,D:\MOX\OTHERS\HOTPOP.C,code,False,Draw_Hotseat_Screen_,1,337622,949546
36,D:\MOX\OTHERS\HOTPOP.C,code,True,Init_Hotseat_Screen_,1,337885,949809
36,D:\MOX\OTHERS\HOTPOP.C,code,False,Hotseat_Screen_,1,338146,950070
37,D:\MOX\OTHERS\ADVCIV.C,code,True,Num_Adv_Civ_Planets_,1,338871,950795
37,D:\MOX\OTHERS\ADVCIV.C,code,True,qsort_planet_worth_,1,338913,950837
37,D:\MOX\OTHERS\ADVCIV.C,code,True,Build_Parsec_Star_Distances_,1,338922,950846
37,D:\MOX\OTHERS\ADVCIV.C,code,False,Advanced_Civilization_Colonies_,1,339056,950980
37,D:\MOX\OTHERS\ADVCIV.C,code,True,Build_Adv_Civ_Star_List_,1,339608,951532
37,D:\MOX\OTHERS\ADVCIV.C,code,True,Build_Adv_Civ_Planet_List_,1,340021,951945
37,D:\MOX\OTHERS\ADVCIV.C,code,True,Get_Worth_For_All_Planets_,1,340310,952234
37,D:\MOX\OTHERS\ADVCIV.C,code,True,Get_Adv_Civ_Planet_Worthiness_,1,340569,952493
37,D:\MOX\OTHERS\ADVCIV.C,code,True,Proximity_Bonus_,1,340754,952678
37,D:\MOX\OTHERS\ADVCIV.C,code,True,Player_Has_Colony_At_Star_,1,340990,952914
37,D:\MOX\OTHERS\ADVCIV.C,code,True,Get_Next_Adv_Civ_Planet_,1,341020,952944
37,D:\MOX\OTHERS\ADVCIV.C,code,True,Choose_Adv_Civ_Planets_,1,341367,953291
37,D:\MOX\OTHERS\ADVCIV.C,code,False,Assign_Advanced_Civilization_Starting_Ships_,1,342088,954012
37,D:\MOX\OTHERS\ADVCIV.C,code,True,List_Of_Other_Players_With_Same_Planet_,1,342112,954036
37,D:\MOX\OTHERS\ADVCIV.C,code,True,Get_Saved_Planet_Worth_,1,342113,954037
37,D:\MOX\OTHERS\ADVCIV.C,code,True,Twiddle_Selected_Adv_Civ_Planets_,1,342185,954109
37,D:\MOX\OTHERS\ADVCIV.C,code,True,Init_Adv_Civ_Homeworlds_,1,342874,954798
37,D:\MOX\OTHERS\ADVCIV.C,code,True,Twiddle_Planet_,1,342927,954851
37,D:\MOX\OTHERS\ADVCIV.C,code,True,Get_Players_Planet_Worthiness_Average_,1,343200,955124
37,D:\MOX\OTHERS\ADVCIV.C,code,True,Write_Adv_Civ_Planet_Info_,1,343306,955230
38,D:\MOX\OTHERS\ANTARANS.C,code,False,Antaran_Invasion_Check_,1,343442,955366
38,D:\MOX\OTHERS\ANTARANS.C,code,True,Antaran_Defensive_Force_,1,343514,955438
38,D:\MOX\OTHERS\ANTARANS.C,code,True,Antaran_Defensive_Resource_Bonus_,1,343558,955482
38,D:\MOX\OTHERS\ANTARANS.C,code,True,Antaran_Offensive_Resource_Bonus_,1,343593,955517
38,D:\MOX\OTHERS\ANTARANS.C,code,True,Antaran_Delay_,1,343628,955552
38,D:\MOX\OTHERS\ANTARANS.C,code,True,Antaran_Offensive_Force_,1,343667,955591
38,D:\MOX\OTHERS\ANTARANS.C,code,True,Antaran_Total_Resources_,1,343710,955634
38,D:\MOX\OTHERS\ANTARANS.C,code,True,Antarans_Should_Attack_,1,343773,955697
38,D:\MOX\OTHERS\ANTARANS.C,code,True,Build_Antaran_Defensive_Ships_,1,343964,955888
38,D:\MOX\OTHERS\ANTARANS.C,code,True,Build_Antaran_Offensive_Ships_,1,344011,955935
38,D:\MOX\OTHERS\ANTARANS.C,code,True,Build_Antaran_Ships_,1,344048,955972
38,D:\MOX\OTHERS\ANTARANS.C,code,True,Build_List_Of_Stars_By_Player_,1,344849,956773
38,D:\MOX\OTHERS\ANTARANS.C,code,False,Delta_Stardate_,1,344981,956905
38,D:\MOX\OTHERS\ANTARANS.C,code,True,Deploy_Antaran_Ships_,1,344992,956916
38,D:\MOX\OTHERS\ANTARANS.C,code,True,Get_Antaran_Target_Star_,1,345508,957432
38,D:\MOX\OTHERS\ANTARANS.C,code,True,Increment_Antaran_Resource_Level_,1,345580,957504
38,D:\MOX\OTHERS\ANTARANS.C,code,True,Antaran_Defensive_Force_At_Maximum_,1,345789,957713
38,D:\MOX\OTHERS\ANTARANS.C,code,False,Kill_Antaran_Defensive_Ship_,1,345849,957773
38,D:\MOX\OTHERS\ANTARANS.C,code,False,Kill_Antaran_Offensive_Ship_,1,345931,957855
38,D:\MOX\OTHERS\ANTARANS.C,code,False,Modify_Antaran_Resource_Level_,1,345996,957920
38,D:\MOX\OTHERS\ANTARANS.C,code,True,Next_Antaran_Ship_Size_,1,345997,957921
38,D:\MOX\OTHERS\ANTARANS.C,code,True,No_Small_Ships_After_N_Turns_,1,346071,957995
38,D:\MOX\OTHERS\ANTARANS.C,code,True,No_Medium_Ships_After_N_Turns_,1,346139,958063
38,D:\MOX\OTHERS\ANTARANS.C,code,False,Restock_Antaran_Ship_,1,346207,958131
39,D:\MOX\OTHERS\ASSERT.C,code,False,__assertha_,1,346243,958167
39,D:\MOX\OTHERS\ASSERT.C,code,False,hgetch_,1,346492,958416
40,D:\MOX\OTHERS\DESBOX.C,code,True,Add_Generic_Replacement_Fields_,1,346626,958550
40,D:\MOX\OTHERS\DESBOX.C,code,True,Add_Replacement_Weapon_Fields_,1,347028,958952
40,D:\MOX\OTHERS\DESBOX.C,code,True,Add_Special_System_Fields_,1,348808,960732
40,D:\MOX\OTHERS\DESBOX.C,code,False,Application_Type_,1,349405,961329
40,D:\MOX\OTHERS\DESBOX.C,code,True,Clear_Weapon_Replacement_Fields_,1,349418,961342
40,D:\MOX\OTHERS\DESBOX.C,code,True,Draw_Darkened_Design_Screen_,1,349497,961421
40,D:\MOX\OTHERS\DESBOX.C,code,True,Draw_Generic_Replacement_Box_Help_,1,349580,961504
40,D:\MOX\OTHERS\DESBOX.C,code,True,Draw_Generic_Replacement_Box_,1,350040,961964
40,D:\MOX\OTHERS\DESBOX.C,code,True,Draw_Special_Systems_Replacement_Box_,1,350291,962215
40,D:\MOX\OTHERS\DESBOX.C,code,False,Draw_Special_Systems_Scroll_Bar_,1,350499,962423
40,D:\MOX\OTHERS\DESBOX.C,code,True,Draw_Weapons_Arc_Box_,1,350763,962687
40,D:\MOX\OTHERS\DESBOX.C,code,True,Draw_Weapons_Mod_Box_,1,351013,962937
40,D:\MOX\OTHERS\DESBOX.C,code,True,Draw_Weapons_Rack_Box_,1,351282,963206
40,D:\MOX\OTHERS\DESBOX.C,code,True,Draw_Weapons_Replacement_Box_,1,351482,963406
40,D:\MOX\OTHERS\DESBOX.C,code,False,Draw_Weapons_Scroll_Bar_,1,352051,963975
40,D:\MOX\OTHERS\DESBOX.C,code,False,Generic_Replacement_Box_,1,352318,964242
40,D:\MOX\OTHERS\DESBOX.C,code,True,Generic_Replacement_Box_Choices_,1,352878,964802
40,D:\MOX\OTHERS\DESBOX.C,code,True,Generic_Replacement_Box_Dimensions_,1,353208,965132
40,D:\MOX\OTHERS\DESBOX.C,code,True,Get_Weapon_Mod_Field_XYs_,1,353437,965361
40,D:\MOX\OTHERS\DESBOX.C,code,True,Get_Weapons_Box_Base_Dimensions_,1,353916,965840
40,D:\MOX\OTHERS\DESBOX.C,code,True,Have_Tractor_Beam_Weapon_,1,354037,965961
40,D:\MOX\OTHERS\DESBOX.C,code,True,Items_Selected_,1,354114,966038
40,D:\MOX\OTHERS\DESBOX.C,code,True,Mod_Allowed_On_Weapon_Type_,1,354188,966112
40,D:\MOX\OTHERS\DESBOX.C,code,True,New_Arc_Space_,1,354320,966244
40,D:\MOX\OTHERS\DESBOX.C,code,True,New_Mod_Space_,1,354416,966340
40,D:\MOX\OTHERS\DESBOX.C,code,True,Print_Computer_Data_,1,354557,966481
40,D:\MOX\OTHERS\DESBOX.C,code,True,Print_Main_Weapon_Box_,1,355564,967488
40,D:\MOX\OTHERS\DESBOX.C,code,True,Print_Shield_Data_,1,357138,969062
40,D:\MOX\OTHERS\DESBOX.C,code,True,Print_Special_System_Data_,1,358015,969939
40,D:\MOX\OTHERS\DESBOX.C,code,True,Print_Weapon_Mod_Help_Description_,1,359367,971291
40,D:\MOX\OTHERS\DESBOX.C,code,True,Print_Weapon_Modification_Message_,1,359631,971555
40,D:\MOX\OTHERS\DESBOX.C,code,True,Redraw_Main_Design_Screen_To_Background_,1,360016,971940
40,D:\MOX\OTHERS\DESBOX.C,code,True,Scan_Replacement_Fields_,1,360092,972016
40,D:\MOX\OTHERS\DESBOX.C,code,True,Set_New_Weapon_Modifications_,1,360284,972208
40,D:\MOX\OTHERS\DESBOX.C,code,True,Set_Up_Special_System_Scroll_Bar_,1,360351,972275
40,D:\MOX\OTHERS\DESBOX.C,code,True,Set_Up_Weapon_Display_,1,360444,972368
40,D:\MOX\OTHERS\DESBOX.C,code,True,Set_Up_Weapon_Scroll_Bar_,1,360823,972747
40,D:\MOX\OTHERS\DESBOX.C,code,True,Should_Add_Mod_,1,361055,972979
40,D:\MOX\OTHERS\DESBOX.C,code,True,Space_With_Weapons_,1,361101,973025
40,D:\MOX\OTHERS\DESBOX.C,code,False,Space_With_Weapon_,1,361247,973171
40,D:\MOX\OTHERS\DESBOX.C,code,False,Special_System_Choices_,1,361491,973415
40,D:\MOX\OTHERS\DESBOX.C,code,True,Special_System_Exclusion_,1,362003,973927
40,D:\MOX\OTHERS\DESBOX.C,code,True,Special_System_Replacement_Box_Dimensions_,1,362187,974111
40,D:\MOX\OTHERS\DESBOX.C,code,False,Special_Systems_Box_,1,362325,974249
40,D:\MOX\OTHERS\DESBOX.C,code,True,System_Added_Cost_And_Space_,1,363837,975761
40,D:\MOX\OTHERS\DESBOX.C,code,True,Update_Field_Item_Chosen_,1,364003,975927
40,D:\MOX\OTHERS\DESBOX.C,code,True,Update_Weapon_Modification_Data_,1,364096,976020
40,D:\MOX\OTHERS\DESBOX.C,code,True,Update_Weapon_Replacement_,1,364152,976076
40,D:\MOX\OTHERS\DESBOX.C,code,True,Valid_Modifications_,1,364682,976606
40,D:\MOX\OTHERS\DESBOX.C,code,True,Weapon_Choice_Valid_,1,364963,976887
40,D:\MOX\OTHERS\DESBOX.C,code,True,Weapon_Choices_,1,365083,977007
40,D:\MOX\OTHERS\DESBOX.C,code,True,Weapon_Index_,1,365865,977789
40,D:\MOX\OTHERS\DESBOX.C,code,True,Weapon_Replacement_Help_,1,365883,977807
40,D:\MOX\OTHERS\DESBOX.C,code,False,Weapons_Replacement_Box_,1,365955,977879
40,D:\MOX\OTHERS\DESBOX.C,code,False,Window_Box_,1,368175,980099
40,D:\MOX\OTHERS\DESBOX.C,code,True,qsort_by_research_cost_,1,368217,980141
41,D:\MOX\OTHERS\DESIGN.C,code,False,Add_Design_Buttons_,1,368226,980150
41,D:\MOX\OTHERS\DESIGN.C,code,True,Add_Size_Button_,1,369637,981561
41,D:\MOX\OTHERS\DESIGN.C,code,False,Assert_Template_,1,369651,981575
41,D:\MOX\OTHERS\DESIGN.C,code,True,Bonus_For_Regular_Mods_,1,369670,981594
41,D:\MOX\OTHERS\DESIGN.C,code,True,Bonus_For_Special_Mods_,1,370230,982154
41,D:\MOX\OTHERS\DESIGN.C,code,True,Bonus_For_Weapon_Arcs_,1,370304,982228
41,D:\MOX\OTHERS\DESIGN.C,code,True,Build_Design_Template_,1,370337,982261
41,D:\MOX\OTHERS\DESIGN.C,code,False,Build_Initial_Design_Template_,1,370632,982556
41,D:\MOX\OTHERS\DESIGN.C,code,True,Update_N_Weapons_In_Design_,1,371483,983407
41,D:\MOX\OTHERS\DESIGN.C,code,True,Update_N_Spec_Systems_In_Design_,1,371534,983458
41,D:\MOX\OTHERS\DESIGN.C,code,True,Check_For_Auto_Repeat_,1,371610,983534
41,D:\MOX\OTHERS\DESIGN.C,code,True,Has_Damper_Field_,1,372030,983954
41,D:\MOX\OTHERS\DESIGN.C,code,False,Check_Generic_Replacement_Fields_,1,372092,984016
41,D:\MOX\OTHERS\DESIGN.C,code,False,Check_Plus_Minus_Buttons_,1,372374,984298
41,D:\MOX\OTHERS\DESIGN.C,code,False,Check_Special_System_Fields_,1,372635,984559
41,D:\MOX\OTHERS\DESIGN.C,code,False,Check_Weapon_Fields_,1,372975,984899
41,D:\MOX\OTHERS\DESIGN.C,code,False,Clear_Design_,1,373319,985243
41,D:\MOX\OTHERS\DESIGN.C,code,False,Clear_Design_For_Colony_Builds_,1,373570,985494
41,D:\MOX\OTHERS\DESIGN.C,code,False,Clear_Special_System_Slot_,1,373684,985608
41,D:\MOX\OTHERS\DESIGN.C,code,False,Clear_Weapon_Slot_,1,373800,985724
41,D:\MOX\OTHERS\DESIGN.C,code,False,Computer_Cost_,1,373975,985899
41,D:\MOX\OTHERS\DESIGN.C,code,False,Cost_Given_M_Level_,1,374041,985965
41,D:\MOX\OTHERS\DESIGN.C,code,False,Cost_Of_Design_,1,374135,986059
41,D:\MOX\OTHERS\DESIGN.C,code,True,Current_Design_Armor_Absorption_,1,374651,986575
41,D:\MOX\OTHERS\DESIGN.C,code,True,Current_Design_Combat_Speed_,1,374735,986659
41,D:\MOX\OTHERS\DESIGN.C,code,True,Current_Design_Has_Special_System_,1,374783,986707
41,D:\MOX\OTHERS\DESIGN.C,code,True,Current_Design_Min_Combat_Speed_,1,374826,986750
41,D:\MOX\OTHERS\DESIGN.C,code,True,Current_Design_Max_Combat_Speed_,1,374858,986782
41,D:\MOX\OTHERS\DESIGN.C,code,True,Current_Design_Base_Combat_Speed_,1,374890,986814
41,D:\MOX\OTHERS\DESIGN.C,code,False,Current_Design_Shield_,1,374994,986918
41,D:\MOX\OTHERS\DESIGN.C,code,False,Current_Design_Shield_Cost_,1,375003,986927
41,D:\MOX\OTHERS\DESIGN.C,code,False,Current_Design_Shield_Space_,1,375013,986937
41,D:\MOX\OTHERS\DESIGN.C,code,True,Current_Design_Shield_Absorption_,1,375023,986947
41,D:\MOX\OTHERS\DESIGN.C,code,True,Current_Design_Structural_Points_,1,375066,986990
41,D:\MOX\OTHERS\DESIGN.C,code,True,Printed_Design_Cost_,1,375113,987037
41,D:\MOX\OTHERS\DESIGN.C,code,False,Design_Cost_For_Player_,1,375197,987121
41,D:\MOX\OTHERS\DESIGN.C,code,False,Design_Screen_,1,375218,987142
41,D:\MOX\OTHERS\DESIGN.C,code,False,Design_Template_Costs_,1,376967,988891
41,D:\MOX\OTHERS\DESIGN.C,code,False,Design_Template_Space_Requirements_,1,377479,989403
41,D:\MOX\OTHERS\DESIGN.C,code,False,Design_Weapon_Damage_String_,1,377982,989906
41,D:\MOX\OTHERS\DESIGN.C,code,False,Draw_Design_Screen_,1,378573,990497
41,D:\MOX\OTHERS\DESIGN.C,code,False,Draw_Down_Buttons_,1,378628,990552
41,D:\MOX\OTHERS\DESIGN.C,code,False,Get_Colony_Handle_,1,378993,990917
41,D:\MOX\OTHERS\DESIGN.C,code,False,Get_Ship_Design_Name_,1,379031,990955
41,D:\MOX\OTHERS\DESIGN.C,code,True,Get_Ship_Size_Button_Field_XY_,1,379129,991053
41,D:\MOX\OTHERS\DESIGN.C,code,False,Load_Design_Screen_Pictures_,1,379277,991201
41,D:\MOX\OTHERS\DESIGN.C,code,False,Max_Recharge_Rate_,1,380971,992895
41,D:\MOX\OTHERS\DESIGN.C,code,False,Miniaturization_Level_,1,381000,992924
41,D:\MOX\OTHERS\DESIGN.C,code,False,Modify_Weapon_By_Arcs_,1,381150,993074
41,D:\MOX\OTHERS\DESIGN.C,code,False,N_Weapon_Arcs_,1,381199,993123
41,D:\MOX\OTHERS\DESIGN.C,code,False,N_Replacements_For_Generic_Item_,1,381234,993158
41,D:\MOX\OTHERS\DESIGN.C,code,False,Number_Of_Special_Systems_,1,381287,993211
41,D:\MOX\OTHERS\DESIGN.C,code,False,Number_Of_Weapons_Loaded_,1,381329,993253
41,D:\MOX\OTHERS\DESIGN.C,code,False,One_Weapon_Space_Without_M_Level_,1,381364,993288
41,D:\MOX\OTHERS\DESIGN.C,code,False,Print_Current_Design_,1,381596,993520
41,D:\MOX\OTHERS\DESIGN.C,code,True,Print_Ship_Size_Error_Message_,1,385169,997093
41,D:\MOX\OTHERS\DESIGN.C,code,False,Cost_Reduction_For_Govt_Type_,1,385440,997364
41,D:\MOX\OTHERS\DESIGN.C,code,False,Replacement_Exists_,1,385500,997424
41,D:\MOX\OTHERS\DESIGN.C,code,True,Set_Flashing_Colors_,1,385600,997524
41,D:\MOX\OTHERS\DESIGN.C,code,False,Shield_Cost_,1,385768,997692
41,D:\MOX\OTHERS\DESIGN.C,code,False,Shield_Cost_Given_M_Level_,1,385814,997738
41,D:\MOX\OTHERS\DESIGN.C,code,False,Shield_Space_,1,385897,997821
41,D:\MOX\OTHERS\DESIGN.C,code,False,Shield_Space_Given_M_Level_,1,385934,997858
41,D:\MOX\OTHERS\DESIGN.C,code,True,Shield_Strength_,1,386003,997927
41,D:\MOX\OTHERS\DESIGN.C,code,True,Space_For_System_Replacement_,1,386094,998018
41,D:\MOX\OTHERS\DESIGN.C,code,True,Space_For_Weapon_Replacement_,1,386417,998341
41,D:\MOX\OTHERS\DESIGN.C,code,False,Space_Given_M_Level_,1,386574,998498
41,D:\MOX\OTHERS\DESIGN.C,code,False,Tech_App_To_Tech_Id_,1,386718,998642
41,D:\MOX\OTHERS\DESIGN.C,code,False,Tech_Level_,1,386826,998750
41,D:\MOX\OTHERS\DESIGN.C,code,False,Total_Design_Cost_,1,386935,998859
41,D:\MOX\OTHERS\DESIGN.C,code,False,Total_Design_Space_,1,387103,999027
41,D:\MOX\OTHERS\DESIGN.C,code,False,Total_Space_Used_,1,387170,999094
41,D:\MOX\OTHERS\DESIGN.C,code,False,Update_Calculated_Design_Data_,1,387290,999214
41,D:\MOX\OTHERS\DESIGN.C,code,True,Update_Player_Design_,1,387656,999580
41,D:\MOX\OTHERS\DESIGN.C,code,False,Weapon_Cost_,1,388212,1000136
41,D:\MOX\OTHERS\DESIGN.C,code,False,Weapon_Needs_Racks_,1,388526,1000450
41,D:\MOX\OTHERS\DESIGN.C,code,False,One_Weapon_Space_,1,388550,1000474
41,D:\MOX\OTHERS\DESIGN.C,code,False,Weapon_Space_,1,388750,1000674
41,D:\MOX\OTHERS\DESIGN.C,code,False,Weapon_Type_,1,389099,1001023
41,D:\MOX\OTHERS\DESIGN.C,code,False,Weapon_Arc_String_,1,389112,1001036
41,D:\MOX\OTHERS\DESIGN.C,code,False,Weapon_Mod_String_,1,389247,1001171
41,D:\MOX\OTHERS\DESIGN.C,code,False,Miniaturization_Category_,1,389404,1001328
41,D:\MOX\OTHERS\DESIGN.C,code,False,Weapon_Rack_Size_To_Value_,1,389580,1001504
41,D:\MOX\OTHERS\DESIGN.C,code,True,Get_Tech_Description_Lbx_Name_,1,389692,1001616
42,D:\MOX\OTHERS\EVANHELP.C,code,False,Set_Main_Screen_Help_List_,1,389760,1001684
42,D:\MOX\OTHERS\EVANHELP.C,code,False,Set_PlntSum_Screen_Help_List_,1,390445,1002369
42,D:\MOX\OTHERS\EVANHELP.C,code,False,Set_Design_Screen_Help_List_,1,390468,1002392
42,D:\MOX\OTHERS\EVANHELP.C,code,False,Set_Weapon_Replacement_Screen_Help_List_,1,390593,1002517
42,D:\MOX\OTHERS\EVANHELP.C,code,False,Set_Main_Game_Screen_Help_List_,1,391206,1003130
42,D:\MOX\OTHERS\EVANHELP.C,code,False,Set_Scrap_Freighters_Help_List_,1,391227,1003151
42,D:\MOX\OTHERS\EVANHELP.C,code,False,Set_Load_Game_Screen_Help_List_,1,391248,1003172
42,D:\MOX\OTHERS\EVANHELP.C,code,False,Set_Save_Game_Screen_Help_List_,1,391269,1003193
42,D:\MOX\OTHERS\EVANHELP.C,code,False,Set_Options_Game_Screen_Help_List_,1,391290,1003214
42,D:\MOX\OTHERS\EVANHELP.C,code,False,Set_Fleet_Screen_Help_List_,1,391311,1003235
42,D:\MOX\OTHERS\EVANHELP.C,code,False,Set_ColOff_Screen_Help_List_,1,391519,1003443
42,D:\MOX\OTHERS\EVANHELP.C,code,False,Set_ShipOff_Screen_Help_List_,1,391613,1003537
42,D:\MOX\OTHERS\EVANHELP.C,code,False,Set_Main_Menu_Screen_Help_List_,1,391872,1003796
42,D:\MOX\OTHERS\EVANHELP.C,code,False,Set_Multi_Player_Setup_Screen_Help_List_,1,391893,1003817
42,D:\MOX\OTHERS\EVANHELP.C,code,False,Set_Modem_Setup_Screen_Help_List_,1,391914,1003838
42,D:\MOX\OTHERS\EVANHELP.C,code,False,Set_Null_Modem_Setup_Screen_Help_List_,1,391967,1003891
42,D:\MOX\OTHERS\EVANHELP.C,code,False,Set_Input_Box_Help_List_,1,392030,1003954
42,D:\MOX\OTHERS\EVANHELP.C,code,False,Set_Diplomacy_Request_Help_List_,1,392051,1003975
42,D:\MOX\OTHERS\EVANHELP.C,code,False,Set_Hotseat_Setup_Screen_Help_List_,1,392072,1003996
42,D:\MOX\OTHERS\EVANHELP.C,code,False,Append_Help_List_,1,392093,1004017
42,D:\MOX\OTHERS\EVANHELP.C,code,False,Get_Application_Description_,1,392170,1004094
42,D:\MOX\OTHERS\EVANHELP.C,code,False,Get_Help_LBX_Message_,1,392281,1004205
42,D:\MOX\OTHERS\EVANHELP.C,code,True,Offset_Help_Field_XYs_,1,392318,1004242
42,D:\MOX\OTHERS\EVANHELP.C,code,False,Save_Help_List_,1,392363,1004287
42,D:\MOX\OTHERS\EVANHELP.C,code,False,Restore_Help_List_,1,392398,1004322
43,D:\MOX\OTHERS\FLEETPOP.C,code,True,Add_Added_Buttons_,1,392484,1004408
43,D:\MOX\OTHERS\FLEETPOP.C,code,False,Add_Fleet_Movement_Box_Fields_,1,392968,1004892
43,D:\MOX\OTHERS\FLEETPOP.C,code,False,At_Least_One_Ship_Of_Type_Selected_,1,393738,1005662
43,D:\MOX\OTHERS\FLEETPOP.C,code,True,Can_Build_Outpost_,1,393773,1005697
43,D:\MOX\OTHERS\FLEETPOP.C,code,True,Check_For_Attack_Antares_Button_,1,393833,1005757
43,D:\MOX\OTHERS\FLEETPOP.C,code,True,Check_For_Build_Outpost_Button_,1,393849,1005773
43,D:\MOX\OTHERS\FLEETPOP.C,code,True,Check_For_Colonization_Button_,1,393868,1005792
43,D:\MOX\OTHERS\FLEETPOP.C,code,True,Check_For_Engage_Enemy_Forces_Button_,1,393887,1005811
43,D:\MOX\OTHERS\FLEETPOP.C,code,True,Check_For_Transport_Troops_Button_,1,393906,1005830
43,D:\MOX\OTHERS\FLEETPOP.C,code,False,Clear_Ship_Node_Selection_Flags_,1,393925,1005849
43,D:\MOX\OTHERS\FLEETPOP.C,code,False,Clear_Fleet_Selection_Status_Flags_,1,393957,1005881
43,D:\MOX\OTHERS\FLEETPOP.C,code,False,Draw_Damage_Bars_,1,393962,1005886
43,D:\MOX\OTHERS\FLEETPOP.C,code,True,Draw_Large_Fleet_Box_Frame_,1,394406,1006330
43,D:\MOX\OTHERS\FLEETPOP.C,code,True,Draw_Small_Fleet_Box_Frame_,1,394754,1006678
43,D:\MOX\OTHERS\FLEETPOP.C,code,False,Draw_Fltpop_Scroll_Bar_,1,395147,1007071
43,D:\MOX\OTHERS\FLEETPOP.C,code,False,Draw_Fleet_Movement_Box_,1,395381,1007305
43,D:\MOX\OTHERS\FLEETPOP.C,code,True,Draw_Fleet_Pop_Added_Buttons_,1,397058,1008982
43,D:\MOX\OTHERS\FLEETPOP.C,code,False,First_Unselected_Icon_,1,397467,1009391
43,D:\MOX\OTHERS\FLEETPOP.C,code,True,Fleet_Box_Grid_Height_,1,397720,1009644
43,D:\MOX\OTHERS\FLEETPOP.C,code,False,Fleet_Box_Height_,1,397798,1009722
43,D:\MOX\OTHERS\FLEETPOP.C,code,False,Fleet_Box_Width_,1,398040,1009964
43,D:\MOX\OTHERS\FLEETPOP.C,code,False,Fleet_Buttons_Chosen_,1,398049,1009973
43,D:\MOX\OTHERS\FLEETPOP.C,code,True,Get_Absolute_Location_Scan_Info_,1,398101,1010025
43,D:\MOX\OTHERS\FLEETPOP.C,code,False,Get_Fleet_Icon_Button_XY_,1,398239,1010163
43,D:\MOX\OTHERS\FLEETPOP.C,code,False,Get_Fleetpop_Scanned_Ship_Info_,1,398286,1010210
43,D:\MOX\OTHERS\FLEETPOP.C,code,False,N_Fleet_Icons_,1,398437,1010361
43,D:\MOX\OTHERS\FLEETPOP.C,code,True,Planet_Is_Colonizable_,1,398497,1010421
43,D:\MOX\OTHERS\FLEETPOP.C,code,True,Print_Fleet_Box_Info_,1,398598,1010522
43,D:\MOX\OTHERS\FLEETPOP.C,code,False,Reload_Fleet_Box_Data_,1,399895,1011819
43,D:\MOX\OTHERS\FLEETPOP.C,code,False,Fleet_Box_Data_,1,399927,1011851
43,D:\MOX\OTHERS\FLEETPOP.C,code,False,Reload_Fleet_Box_Palette_,1,400142,1012066
43,D:\MOX\OTHERS\FLEETPOP.C,code,False,Reload_Ship_Selection_Status_,1,400156,1012080
43,D:\MOX\OTHERS\FLEETPOP.C,code,False,Save_Ship_Selection_Status_,1,400273,1012197
43,D:\MOX\OTHERS\FLEETPOP.C,code,True,Set_Added_Button_Stuff_,1,400385,1012309
43,D:\MOX\OTHERS\FLEETPOP.C,code,True,Set_Attack_Antares_Button_Flag_,1,400615,1012539
43,D:\MOX\OTHERS\FLEETPOP.C,code,True,Set_Build_Outpost_Button_Flag_,1,400856,1012780
43,D:\MOX\OTHERS\FLEETPOP.C,code,True,Set_Colonize_Button_Flag_,1,401205,1013129
43,D:\MOX\OTHERS\FLEETPOP.C,code,True,Set_Engage_Enemy_Forces_Flag_,1,401565,1013489
43,D:\MOX\OTHERS\FLEETPOP.C,code,True,Set_Fleet_Box_Data_Dimensions_,1,401899,1013823
43,D:\MOX\OTHERS\FLEETPOP.C,code,False,Set_Fleet_Movement_Box_Dimensions_,1,402026,1013950
43,D:\MOX\OTHERS\FLEETPOP.C,code,False,Set_Fleet_Movement_Icon_Selections_,1,402078,1014002
43,D:\MOX\OTHERS\FLEETPOP.C,code,True,Set_Transport_Troops_Flag_,1,402246,1014170
43,D:\MOX\OTHERS\FLEETPOP.C,code,True,Ship_Should_Be_Auto_Selected_,1,402639,1014563
43,D:\MOX\OTHERS\FLEETPOP.C,code,False,Icon_Selection_Status_,1,402735,1014659
43,D:\MOX\OTHERS\FLEETPOP.C,code,True,Buffer_Reload_Fleetpop_Frame_,1,402832,1014756
43,D:\MOX\OTHERS\FLEETPOP.C,code,False,Some_Icon_Selected_,1,402967,1014891
43,D:\MOX\OTHERS\FLEETPOP.C,code,False,Can_Select_Fleet_Box_Ship_,1,403025,1014949
44,D:\MOX\OTHERS\FLT1.C,code,True,Add_Fleet_Screen_Fields_,1,403069,1014993
44,D:\MOX\OTHERS\FLT1.C,code,False,Allocate_Fltscrn_Next_Screen_Seg_,1,404069,1015993
44,D:\MOX\OTHERS\FLT1.C,code,False,Build_Scrap_List_,1,404196,1016120
44,D:\MOX\OTHERS\FLT1.C,code,False,Get_Technology_From_Scrapped_Ship_,1,404275,1016199
44,D:\MOX\OTHERS\FLT1.C,code,True,Get_Scrap_Ship_Value_,1,405089,1017013
44,D:\MOX\OTHERS\FLT1.C,code,True,Cant_Order_Ship_Message_,1,405215,1017139
44,D:\MOX\OTHERS\FLT1.C,code,False,Draw_Flashing_Small_Ship_Icon_,1,405273,1017197
44,D:\MOX\OTHERS\FLT1.C,code,False,Draw_Fleet_Screen_,1,405394,1017318
44,D:\MOX\OTHERS\FLT1.C,code,False,Draw_Fltscrn_Big_Ship_Icons_,1,406230,1018154
44,D:\MOX\OTHERS\FLT1.C,code,True,Draw_Box_Around_Scanned_Ship_,1,406697,1018621
44,D:\MOX\OTHERS\FLT1.C,code,False,Draw_Fltscrn_Ship_Destination_Lines_,1,406769,1018693
44,D:\MOX\OTHERS\FLT1.C,code,False,Draw_Fltscrn_Small_Ship_Icons_,1,407458,1019382
44,D:\MOX\OTHERS\FLT1.C,code,False,Fill_FltScrn_Scroll_Bar_,1,407667,1019591
44,D:\MOX\OTHERS\FLT1.C,code,False,Fleet_Screen_,1,407936,1019860
44,D:\MOX\OTHERS\FLT1.C,code,True,Load_Fltscrn_Officer_Picture_,1,410829,1022753
44,D:\MOX\OTHERS\FLT1.C,code,False,Next_Ship_Icon_,1,410882,1022806
44,D:\MOX\OTHERS\FLT1.C,code,False,Previous_Ship_Icon_,1,411045,1022969
44,D:\MOX\OTHERS\FLT1.C,code,False,Reload_Fleet_Screen_,1,411210,1023134
44,D:\MOX\OTHERS\FLT1.C,code,False,Reload_Fleet_Screen_Galaxy_Stars_,1,411904,1023828
44,D:\MOX\OTHERS\FLT1.C,code,False,Reload_Small_Ship_Icons_,1,411959,1023883
44,D:\MOX\OTHERS\FLT1.C,code,False,Scan_Small_Ship_Icons_,1,412144,1024068
44,D:\MOX\OTHERS\FLT1.C,code,True,Plunder_Ships_For_Tech_,1,412340,1024264
44,D:\MOX\OTHERS\FLT1.C,code,False,Scrap_Ships_,1,412414,1024338
44,D:\MOX\OTHERS\FLT1.C,code,False,Set_Fltscrn_Big_Icons_,1,413188,1025112
44,D:\MOX\OTHERS\FLT1.C,code,False,Update_Selection_Flags_,1,413258,1025182
44,D:\MOX\OTHERS\FLT1.C,code,True,First_Selected_Ship_,1,413400,1025324
44,D:\MOX\OTHERS\FLT1.C,code,True,At_Least_One_Officer_,1,413460,1025384
44,D:\MOX\OTHERS\FLT1.C,code,True,F_Ship_Icon_From_Node_Ptr_,1,413521,1025445
44,D:\MOX\OTHERS\FLT1.C,code,True,Okay_To_Set_Relocate_From_Star_,1,413578,1025502
44,D:\MOX\OTHERS\FLT1.C,code,True,Okay_To_Set_Relocate_To_Star_,1,413610,1025534
44,D:\MOX\OTHERS\FLT1.C,code,True,Okay_To_Set_Relocate_Star_,1,413749,1025673
44,D:\MOX\OTHERS\FLT1.C,code,True,Star_Relocation_,1,414080,1026004
44,D:\MOX\OTHERS\FLT1.C,code,True,Cancel_Star_Relocation_,1,414251,1026175
44,D:\MOX\OTHERS\FLT1.C,code,True,Draw_Fltscrn_Relocation_Lines_,1,414330,1026254
44,D:\MOX\OTHERS\FLT1.C,code,True,N_Fltscrn_Ships_Selected_,1,414616,1026540
45,D:\MOX\OTHERS\FLT2.C,code,False,Crew_Description_String_,1,414706,1026630
45,D:\MOX\OTHERS\FLT2.C,code,False,Add_Fltscrn_Big_Icon_Fields_,1,414812,1026736
45,D:\MOX\OTHERS\FLT2.C,code,False,Add_Fltscrn_Small_Icon_Fields_,1,415186,1027110
45,D:\MOX\OTHERS\FLT2.C,code,False,Build_Fltscrn_Big_Icon_Fields_,1,415295,1027219
45,D:\MOX\OTHERS\FLT2.C,code,True,Move_Ship_To_Front_Of_List_,1,415746,1027670
45,D:\MOX\OTHERS\FLT2.C,code,False,Build_Fltscrn_Ship_List_,1,415837,1027761
45,D:\MOX\OTHERS\FLT2.C,code,False,Button_Underneath_,1,415961,1027885
45,D:\MOX\OTHERS\FLT2.C,code,False,Create_Blank_Fleet_Icon_,1,416067,1027991
45,D:\MOX\OTHERS\FLT2.C,code,False,Crew_Efficiency_,1,416112,1028036
45,D:\MOX\OTHERS\FLT2.C,code,False,Crew_Quality_,1,416153,1028077
45,D:\MOX\OTHERS\FLT2.C,code,False,Defensive_Bonus_,1,416211,1028135
45,D:\MOX\OTHERS\FLT2.C,code,False,Draw_Captains_Picture_,1,416217,1028141
45,D:\MOX\OTHERS\FLT2.C,code,False,Fix_Palette_,1,416607,1028531
45,D:\MOX\OTHERS\FLT2.C,code,False,Fleet_Screen_Big_Icon_Fields_,1,416640,1028564
45,D:\MOX\OTHERS\FLT2.C,code,False,Fltscrn_Move_Ships_,1,417096,1029020
45,D:\MOX\OTHERS\FLT2.C,code,False,Fltscrn_Ships_To_Be_Displayed_,1,417512,1029436
45,D:\MOX\OTHERS\FLT2.C,code,False,Get_2_Selected_Fields_,1,417657,1029581
45,D:\MOX\OTHERS\FLT2.C,code,False,Get_Filter_Button_Status_,1,417762,1029686
45,D:\MOX\OTHERS\FLT2.C,code,False,Get_Fltscrn_Big_Icon_XY_,1,417832,1029756
45,D:\MOX\OTHERS\FLT2.C,code,False,Is_Other_Players_Stack_,1,417930,1029854
45,D:\MOX\OTHERS\FLT2.C,code,False,Max_Crew_,1,417972,1029896
45,D:\MOX\OTHERS\FLT2.C,code,False,Max_Marines_,1,418001,1029925
45,D:\MOX\OTHERS\FLT2.C,code,True,Ok_To_Add_Ship_,1,418087,1030011
45,D:\MOX\OTHERS\FLT2.C,code,False,Print_Fltscrn_Scanned_Star_Name_,1,418213,1030137
45,D:\MOX\OTHERS\FLT2.C,code,False,Print_Scanned_Ship_Data_,1,419598,1031522
45,D:\MOX\OTHERS\FLT2.C,code,False,Scan_Fltscrn_Big_Icons_,1,421666,1033590
45,D:\MOX\OTHERS\FLT2.C,code,False,Set_Fleet_Screen_Stack_Owner_,1,421908,1033832
45,D:\MOX\OTHERS\FLT2.C,code,False,Set_Fltscrn_Small_Ship_Icon_XYs_,1,421960,1033884
45,D:\MOX\OTHERS\FLT2.C,code,False,Set_Initial_Stack_Pointer_,1,422591,1034515
45,D:\MOX\OTHERS\FLT2.C,code,False,Set_Small_Ship_Stack_Pointer_,1,422596,1034520
45,D:\MOX\OTHERS\FLT2.C,code,False,Write_Fltscrn_Big_Icon_Data_,1,422802,1034726
45,D:\MOX\OTHERS\FLT2.C,code,False,Clear_All_Selection_Status_,1,422803,1034727
45,D:\MOX\OTHERS\FLT2.C,code,True,Get_Small_Icon_Animation_Size_,1,422839,1034763
46,D:\MOX\OTHERS\GENDRAW.C,code,False,Message_Box_,1,422947,1034871
46,D:\MOX\OTHERS\GENDRAW.C,code,False,Warning_Box_,1,422963,1034887
46,D:\MOX\OTHERS\GENDRAW.C,code,True,Do_Message_Box_,1,422970,1034894
46,D:\MOX\OTHERS\GENDRAW.C,code,False,Message_Box_Exploding_,1,422970,1034894
46,D:\MOX\OTHERS\GENDRAW.C,code,False,Confirmation_Box_,1,423512,1035436
46,D:\MOX\OTHERS\GENDRAW.C,code,False,Confirmation_Box_Exploding_,1,423512,1035436
46,D:\MOX\OTHERS\GENDRAW.C,code,True,Do_Confirmation_Box_,1,423512,1035436
46,D:\MOX\OTHERS\GENDRAW.C,code,True,Draw_Animating_Message_Box_,1,424032,1035956
46,D:\MOX\OTHERS\GENDRAW.C,code,True,Draw_Confirm_Box_,1,424164,1036088
46,D:\MOX\OTHERS\GENDRAW.C,code,True,Message_Box_Startup_,1,424289,1036213
46,D:\MOX\OTHERS\GENDRAW.C,code,True,Message_Box_Cleanup_,1,424444,1036368
46,D:\MOX\OTHERS\GENDRAW.C,code,False,_Print_1_Or_More_Formatted_Lines_Centered_,1,424564,1036488
46,D:\MOX\OTHERS\GENDRAW.C,code,False,Print_1_Or_More_Formatted_Lines_Centered_,1,424663,1036587
47,D:\MOX\OTHERS\HACCESS.C,code,False,Design_Name_,1,424678,1036602
47,D:\MOX\OTHERS\HACCESS.C,code,False,Get_Planet_Name_,1,424744,1036668
47,D:\MOX\OTHERS\HACCESS.C,code,False,Get_Planet_Name_No_Prime_,1,424770,1036694
47,D:\MOX\OTHERS\HACCESS.C,code,False,Build_Saved_Ship_Array_,1,424782,1036706
47,D:\MOX\OTHERS\HACCESS.C,code,False,Button_Ship_Node_Ptr_,1,424869,1036793
47,D:\MOX\OTHERS\HACCESS.C,code,False,Clear_All_Star_Relocations_,1,424881,1036805
47,D:\MOX\OTHERS\HACCESS.C,code,False,Clear_Fleet_Box_Selected_Ship_Status_,1,424945,1036869
47,D:\MOX\OTHERS\HACCESS.C,code,False,Clear_Star_Relocation_,1,424967,1036891
47,D:\MOX\OTHERS\HACCESS.C,code,False,Colony_Player_Color_,1,424991,1036915
47,D:\MOX\OTHERS\HACCESS.C,code,False,Colony_Player_Palette_Color_,1,425014,1036938
47,D:\MOX\OTHERS\HACCESS.C,code,False,Design_Armor_,1,425049,1036973
47,D:\MOX\OTHERS\HACCESS.C,code,False,Design_Computer_,1,425080,1037004
47,D:\MOX\OTHERS\HACCESS.C,code,False,Design_Cost_,1,425111,1037035
47,D:\MOX\OTHERS\HACCESS.C,code,False,Design_Drive_,1,425142,1037066
47,D:\MOX\OTHERS\HACCESS.C,code,False,Design_Picture_Num_,1,425173,1037097
47,D:\MOX\OTHERS\HACCESS.C,code,False,Design_Shield_,1,425204,1037128
47,D:\MOX\OTHERS\HACCESS.C,code,False,Current_Design_Size_,1,425235,1037159
47,D:\MOX\OTHERS\HACCESS.C,code,False,Design_Structural_Points_,1,425266,1037190
47,D:\MOX\OTHERS\HACCESS.C,code,False,Design_Weapon_,1,425321,1037245
47,D:\MOX\OTHERS\HACCESS.C,code,False,Design_Weapon_Ammo_,1,425358,1037282
47,D:\MOX\OTHERS\HACCESS.C,code,False,Design_Weapon_Count_,1,425394,1037318
47,D:\MOX\OTHERS\HACCESS.C,code,False,Design_Weapon_Firing_Arc_,1,425430,1037354
47,D:\MOX\OTHERS\HACCESS.C,code,False,Design_Weapon_Specials_,1,425466,1037390
47,D:\MOX\OTHERS\HACCESS.C,code,True,Do_Get_Planet_Name_,1,425503,1037427
47,D:\MOX\OTHERS\HACCESS.C,code,False,Enemy_Ship_Going_To_My_Colony_,1,425709,1037633
47,D:\MOX\OTHERS\HACCESS.C,code,False,Fleet_Movement_Icon_Selected_,1,425821,1037745
47,D:\MOX\OTHERS\HACCESS.C,code,False,Fleet_Movement_Icon_Ship_Stack_,1,425843,1037767
47,D:\MOX\OTHERS\HACCESS.C,code,False,Fleet_Movement_Owner_,1,425950,1037874
47,D:\MOX\OTHERS\HACCESS.C,code,False,Ship_Stack_Owner_,1,425961,1037885
47,D:\MOX\OTHERS\HACCESS.C,code,False,Ship_Owner_,1,425973,1037897
47,D:\MOX\OTHERS\HACCESS.C,code,False,Fleet_Movement_Ship_Id_,1,426003,1037927
47,D:\MOX\OTHERS\HACCESS.C,code,False,Get_Fleet_Box_Selected_Ship_Ids_,1,426026,1037950
47,D:\MOX\OTHERS\HACCESS.C,code,False,Get_Stack_Start_From_Saved_Ship_Array_,1,426195,1038119
47,D:\MOX\OTHERS\HACCESS.C,code,False,Is_Combat_Ship_,1,426370,1038294
47,D:\MOX\OTHERS\HACCESS.C,code,False,Last_Colony_Selected_,1,426398,1038322
47,D:\MOX\OTHERS\HACCESS.C,code,False,N_Colonies_At_Star_,1,426602,1038526
47,D:\MOX\OTHERS\HACCESS.C,code,False,N_Star_Relocations_,1,426733,1038657
47,D:\MOX\OTHERS\HACCESS.C,code,False,Node_Ptr_From_Ship_Id_,1,426795,1038719
47,D:\MOX\OTHERS\HACCESS.C,code,False,Node_Ptr_From_Ship_Stack_,1,426858,1038782
47,D:\MOX\OTHERS\HACCESS.C,code,False,Orion_Owner_,1,426904,1038828
47,D:\MOX\OTHERS\HACCESS.C,code,False,Planet_Orbit_,1,426989,1038913
47,D:\MOX\OTHERS\HACCESS.C,code,False,Planet_Player_Color_,1,427009,1038933
47,D:\MOX\OTHERS\HACCESS.C,code,False,Planet_Player_Palette_Color_,1,427030,1038954
47,D:\MOX\OTHERS\HACCESS.C,code,False,Player_Can_Order_Ship_,1,427069,1038993
47,D:\MOX\OTHERS\HACCESS.C,code,False,Player_Has_Tech_,1,427095,1039019
47,D:\MOX\OTHERS\HACCESS.C,code,False,Race_Name_String_,1,427127,1039051
47,D:\MOX\OTHERS\HACCESS.C,code,False,Race_Name_,1,427168,1039092
47,D:\MOX\OTHERS\HACCESS.C,code,False,Relocation_,1,427248,1039172
47,D:\MOX\OTHERS\HACCESS.C,code,False,Set_All_Colony_Auto_Select_Flags_,1,427271,1039195
47,D:\MOX\OTHERS\HACCESS.C,code,False,Set_All_Star_Relocations_,1,427500,1039424
47,D:\MOX\OTHERS\HACCESS.C,code,False,Set_Colony_Auto_Select_For_Star_,1,427563,1039487
47,D:\MOX\OTHERS\HACCESS.C,code,False,Set_Last_Colony_Selected_,1,427753,1039677
47,D:\MOX\OTHERS\HACCESS.C,code,False,Save_Hotseat_Fleet_Box_Ship_,1,427822,1039746
47,D:\MOX\OTHERS\HACCESS.C,code,False,Set_Hotseat_Fleet_Box_To_Last_Stack_,1,427888,1039812
47,D:\MOX\OTHERS\HACCESS.C,code,False,Set_Relocation_,1,428010,1039934
47,D:\MOX\OTHERS\HACCESS.C,code,False,Ship_Icon_Id_From_Node_Ptr_,1,428032,1039956
47,D:\MOX\OTHERS\HACCESS.C,code,False,Ship_Icon_Owner_,1,428153,1040077
47,D:\MOX\OTHERS\HACCESS.C,code,False,Ship_Icon_Ship_Id_,1,428169,1040093
47,D:\MOX\OTHERS\HACCESS.C,code,False,System_Ship_Scanned_To_Ship_Id_,1,428194,1040118
47,D:\MOX\OTHERS\HACCESS.C,code,False,Ship_Icon_Star_Id_,1,428206,1040130
47,D:\MOX\OTHERS\HACCESS.C,code,False,Ship_Icon_X_,1,428247,1040171
47,D:\MOX\OTHERS\HACCESS.C,code,False,Ship_Icon_Y_,1,428290,1040214
47,D:\MOX\OTHERS\HACCESS.C,code,False,Ship_Player_Palette_Color_,1,428487,1040411
47,D:\MOX\OTHERS\HACCESS.C,code,False,Ship_Stack_From_Saved_Array_,1,428500,1040424
47,D:\MOX\OTHERS\HACCESS.C,code,False,Ship_Stack_From_Ship_Icon_,1,428730,1040654
47,D:\MOX\OTHERS\HACCESS.C,code,False,Ship_Stack_From_Ship_Id_,1,428814,1040738
47,D:\MOX\OTHERS\HACCESS.C,code,False,Ship_Stack_Location_,1,428947,1040871
47,D:\MOX\OTHERS\HACCESS.C,code,False,Ship_Stack_Star_Id_,1,428947,1040871
47,D:\MOX\OTHERS\HACCESS.C,code,False,Ship_Stack_X_,1,428978,1040902
47,D:\MOX\OTHERS\HACCESS.C,code,False,Ship_Stack_Y_,1,429007,1040931
47,D:\MOX\OTHERS\HACCESS.C,code,False,Ship_Status_,1,429036,1040960
47,D:\MOX\OTHERS\HACCESS.C,code,False,Special_Is_Planet_Special_,1,429147,1041071
47,D:\MOX\OTHERS\HACCESS.C,code,False,Stack_Ship_Orbiting_Planet_,1,429183,1041107
47,D:\MOX\OTHERS\HACCESS.C,code,False,Star_Has_Relocation_,1,429204,1041128
47,D:\MOX\OTHERS\HACCESS.C,code,False,Star_Player_Color_,1,429232,1041156
47,D:\MOX\OTHERS\HACCESS.C,code,False,Star_Player_Palette_Color_,1,429232,1041156
47,D:\MOX\OTHERS\HACCESS.C,code,False,System_Planet_Scanned_To_Planet_Id_,1,429275,1041199
47,D:\MOX\OTHERS\HACCESS.C,code,False,System_Ship_Chosen_To_Ship_Icon_Id_,1,429298,1041222
47,D:\MOX\OTHERS\HACCESS.C,code,False,Weapons_Index_From_Tech_App_,1,429374,1041298
47,D:\MOX\OTHERS\HACCESS.C,code,False,Player_Has_Colony_In_System_,1,429425,1041349
47,D:\MOX\OTHERS\HACCESS.C,code,False,Owner_Of_First_Ship_In_Fleet_Box_,1,429434,1041358
47,D:\MOX\OTHERS\HACCESS.C,code,False,Nearest_Star_To_XY_,1,429446,1041370
48,D:\MOX\OTHERS\HAROLD.C,code,False,Absolute_Location_,1,429575,1041499
48,D:\MOX\OTHERS\HAROLD.C,code,False,Actual_Star_Id_,1,429613,1041537
48,D:\MOX\OTHERS\HAROLD.C,code,False,Confirm_Planet_And_Star_Index_Link_,1,429671,1041595
48,D:\MOX\OTHERS\HAROLD.C,code,False,Contact_With_One_Colony_,1,429899,1041823
48,D:\MOX\OTHERS\HAROLD.C,code,False,Contact_With_Player_,1,430008,1041932
48,D:\MOX\OTHERS\HAROLD.C,code,False,Decrement_Zoom_Count_,1,430054,1041978
48,D:\MOX\OTHERS\HAROLD.C,code,False,Empty_System_,1,430081,1042005
48,D:\MOX\OTHERS\HAROLD.C,code,False,Enemy_Has_Colony_At_Star_,1,430135,1042059
48,D:\MOX\OTHERS\HAROLD.C,code,False,Get_Map_Scale_,1,430244,1042168
48,D:\MOX\OTHERS\HAROLD.C,code,False,Get_Player_Font_Colors_,1,430392,1042316
48,D:\MOX\OTHERS\HAROLD.C,code,False,Get_Scaled_Value_,1,430700,1042624
48,D:\MOX\OTHERS\HAROLD.C,code,False,Get_Up_Scaled_Value_,1,430719,1042643
48,D:\MOX\OTHERS\HAROLD.C,code,False,Get_Zoom_Ratio_Value_,1,430739,1042663
48,D:\MOX\OTHERS\HAROLD.C,code,False,Habitable_Spectral_Class_,1,430761,1042685
48,D:\MOX\OTHERS\HAROLD.C,code,False,Harold_Defaults_,1,430787,1042711
48,D:\MOX\OTHERS\HAROLD.C,code,False,Harold_Init_,1,431660,1043584
48,D:\MOX\OTHERS\HAROLD.C,code,False,Has_Colony_,1,431726,1043650
48,D:\MOX\OTHERS\HAROLD.C,code,False,Increment_Zoom_Count_,1,431807,1043731
48,D:\MOX\OTHERS\HAROLD.C,code,False,Increment_Zoom_Count_With_Limit_,1,431842,1043766
48,D:\MOX\OTHERS\HAROLD.C,code,False,Init_Fleet_Movement_Box_,1,431903,1043827
48,D:\MOX\OTHERS\HAROLD.C,code,False,Init_Moving_Boxes_,1,431958,1043882
48,D:\MOX\OTHERS\HAROLD.C,code,False,Init_System_Display_Box_,1,432093,1044017
48,D:\MOX\OTHERS\HAROLD.C,code,False,Inverse_Map_Scale_Ratio_,1,432189,1044113
48,D:\MOX\OTHERS\HAROLD.C,code,False,Is_Colony_Star_,1,432250,1044174
48,D:\MOX\OTHERS\HAROLD.C,code,False,Is_Home_Star_,1,432324,1044248
48,D:\MOX\OTHERS\HAROLD.C,code,False,Galaxy_Size_From_N_Stars_,1,432338,1044262
48,D:\MOX\OTHERS\HAROLD.C,code,False,Map_Scale_To_Zoom_Level_,1,432407,1044331
48,D:\MOX\OTHERS\HAROLD.C,code,False,N_Colony_Owners_,1,432505,1044429
48,D:\MOX\OTHERS\HAROLD.C,code,False,Colony_Owners_,1,432631,1044555
48,D:\MOX\OTHERS\HAROLD.C,code,False,N_Food_Planets_In_System_,1,432872,1044796
48,D:\MOX\OTHERS\HAROLD.C,code,False,N_Planets_In_System_,1,432941,1044865
48,D:\MOX\OTHERS\HAROLD.C,code,False,N_Player_Ships_,1,433011,1044935
48,D:\MOX\OTHERS\HAROLD.C,code,False,N_Satellites_,1,433070,1044994
48,D:\MOX\OTHERS\HAROLD.C,code,False,No_Planets_In_System_,1,433119,1045043
48,D:\MOX\OTHERS\HAROLD.C,code,False,N_Turns_To_Star_,1,433131,1045055
48,D:\MOX\OTHERS\HAROLD.C,code,False,Planet_Data_Screen_,1,433180,1045104
48,D:\MOX\OTHERS\HAROLD.C,code,False,Planet_Has_Outpost_,1,433181,1045105
48,D:\MOX\OTHERS\HAROLD.C,code,False,Planet_Index_,1,433236,1045160
48,D:\MOX\OTHERS\HAROLD.C,code,False,Planet_Number_,1,433259,1045183
48,D:\MOX\OTHERS\HAROLD.C,code,False,Planet_Type_,1,433362,1045286
48,D:\MOX\OTHERS\HAROLD.C,code,False,Player_Has_Artemis_Net_,1,433401,1045325
48,D:\MOX\OTHERS\HAROLD.C,code,False,Player_Has_Colony_,1,433436,1045360
48,D:\MOX\OTHERS\HAROLD.C,code,False,Star_Has_Dimensional_Portal_,1,433472,1045396
48,D:\MOX\OTHERS\HAROLD.C,code,False,Star_Has_Artemis_Net_,1,433480,1045404
48,D:\MOX\OTHERS\HAROLD.C,code,False,Player_Has_Dimensional_Portal_,1,433488,1045412
48,D:\MOX\OTHERS\HAROLD.C,code,False,Player_Has_Jumpgate_,1,433512,1045436
48,D:\MOX\OTHERS\HAROLD.C,code,False,Player_Has_Outpost_,1,433542,1045466
48,D:\MOX\OTHERS\HAROLD.C,code,False,Player_Has_Stargate_,1,433642,1045566
48,D:\MOX\OTHERS\HAROLD.C,code,False,Player_Is_Omniscient_,1,433670,1045594
48,D:\MOX\OTHERS\HAROLD.C,code,False,Player_Has_Visited_,1,433714,1045638
48,D:\MOX\OTHERS\HAROLD.C,code,False,Player_Sighted_Monster_,1,433741,1045665
48,D:\MOX\OTHERS\HAROLD.C,code,False,Players_Home_Star_,1,433805,1045729
48,D:\MOX\OTHERS\HAROLD.C,code,False,Random_With_Restore_,1,433925,1045849
48,D:\MOX\OTHERS\HAROLD.C,code,False,Randomize_List_,1,433958,1045882
48,D:\MOX\OTHERS\HAROLD.C,code,False,Read_Random_Seed_,1,434086,1046010
48,D:\MOX\OTHERS\HAROLD.C,code,False,Set_All_Visited_Flags_,1,434139,1046063
48,D:\MOX\OTHERS\HAROLD.C,code,False,Set_Player_Font_Style_,1,434186,1046110
48,D:\MOX\OTHERS\HAROLD.C,code,False,Set_Sound_Volume_To_Settings_,1,434284,1046208
48,D:\MOX\OTHERS\HAROLD.C,code,False,Star_Id_From_Colony_Id_,1,434393,1046317
48,D:\MOX\OTHERS\HAROLD.C,code,False,Star_Is_Orion_,1,434453,1046377
48,D:\MOX\OTHERS\HAROLD.C,code,False,Star_Is_Outpost_Star_,1,434483,1046407
48,D:\MOX\OTHERS\HAROLD.C,code,False,Star_Owner_,1,434600,1046524
48,D:\MOX\OTHERS\HAROLD.C,code,False,User_Box_,1,434783,1046707
48,D:\MOX\OTHERS\HAROLD.C,code,False,First_Ship_Orbiting_Star_,1,435026,1046950
48,D:\MOX\OTHERS\HAROLD.C,code,False,Star_XY_To_Ship_Id_,1,435057,1046981
48,D:\MOX\OTHERS\HAROLD.C,code,False,XY_To_Star_Id_,1,435171,1047095
48,D:\MOX\OTHERS\HAROLD.C,code,False,Zoom_Level_Font_Style_,1,435264,1047188
48,D:\MOX\OTHERS\HAROLD.C,code,False,Star_Guarded_By_Monster_,1,435322,1047246
48,D:\MOX\OTHERS\HAROLD.C,code,False,At_Least_One_Ship_At_Location_,1,435491,1047415
48,D:\MOX\OTHERS\HAROLD.C,code,False,Get_N_Remaining_Humans_,1,435535,1047459
48,D:\MOX\OTHERS\HAROLD.C,code,False,Get_Picture_Actual_Size_,1,435590,1047514
48,D:\MOX\OTHERS\HAROLD.C,code,False,Draw_Multi_Colored_Box_,1,435703,1047627
48,D:\MOX\OTHERS\HAROLD.C,code,False,Save_Mouse_List_,1,436117,1048041
48,D:\MOX\OTHERS\HAROLD.C,code,False,Restore_Mouse_List_,1,436175,1048099
48,D:\MOX\OTHERS\HAROLD.C,code,False,Clear_Saved_Mouse_List_,1,436204,1048128
48,D:\MOX\OTHERS\HAROLD.C,code,False,Was_Mouse_List_Saved_,1,436214,1048138
48,D:\MOX\OTHERS\HAROLD.C,code,False,Read_Windows_Cmdline_File_,1,436225,1048149
48,D:\MOX\OTHERS\HAROLD.C,code,False,Load_H_Strings_,1,436246,1048170
48,D:\MOX\OTHERS\HAROLD.C,code,False,H_Message_,1,436624,1048548
48,D:\MOX\OTHERS\HAROLD.C,code,False,Reload_Language_Strings_,1,436657,1048581
48,D:\MOX\OTHERS\HAROLD.C,code,False,Load_Language_Fonts_,1,436741,1048665
48,D:\MOX\OTHERS\HAROLD.C,code,False,Get_Font_File_,1,436787,1048711
48,D:\MOX\OTHERS\HAROLD.C,code,False,Write_Language_Setting_File_,1,436857,1048781
48,D:\MOX\OTHERS\HAROLD.C,code,False,Get_Officer_Data_LBX_Name_,1,436947,1048871
48,D:\MOX\OTHERS\HAROLD.C,code,False,Load_Leader_Titles_,1,437011,1048935
48,D:\MOX\OTHERS\HAROLD.C,code,False,Get_Monetary_Unit_String_,1,437158,1049082
48,D:\MOX\OTHERS\HAROLD.C,code,True,Set_Language_Race_Names_,1,437207,1049131
49,D:\MOX\OTHERS\HOMEGEN.C,code,True,Add_Non_Food_Planets_To_List_,1,437296,1049220
49,D:\MOX\OTHERS\HOMEGEN.C,code,False,Assign_Home_Star_Names_,1,437361,1049285
49,D:\MOX\OTHERS\HOMEGEN.C,code,True,Build_Home_Star_List_,1,437523,1049447
49,D:\MOX\OTHERS\HOMEGEN.C,code,True,Build_Min_Star_Distances_,1,438304,1050228
49,D:\MOX\OTHERS\HOMEGEN.C,code,False,Dist_Between_Stars_,1,438452,1050376
49,D:\MOX\OTHERS\HOMEGEN.C,code,False,Dist_Between_Points_,1,438523,1050447
49,D:\MOX\OTHERS\HOMEGEN.C,code,False,Enforce_3_Planet_Minimum_,1,438554,1050478
49,D:\MOX\OTHERS\HOMEGEN.C,code,False,Enforce_Abundant_Minerals_,1,438802,1050726
49,D:\MOX\OTHERS\HOMEGEN.C,code,False,Enforce_Climate_,1,438827,1050751
49,D:\MOX\OTHERS\HOMEGEN.C,code,False,Enforce_Gravity_,1,439388,1051312
49,D:\MOX\OTHERS\HOMEGEN.C,code,False,Enforce_Medium_Planet_Size_,1,439476,1051400
49,D:\MOX\OTHERS\HOMEGEN.C,code,False,Enforce_Mineral_Richness_,1,439514,1051438
49,D:\MOX\OTHERS\HOMEGEN.C,code,True,Enforce_Artifacts_Special_,1,439730,1051654
49,D:\MOX\OTHERS\HOMEGEN.C,code,True,Enforce_Planet_Size_,1,439763,1051687
49,D:\MOX\OTHERS\HOMEGEN.C,code,False,Enforce_Planet_Type_,1,439780,1051704
49,D:\MOX\OTHERS\HOMEGEN.C,code,True,Ensure_At_Least_1_Food_Planet_,1,439857,1051781
49,D:\MOX\OTHERS\HOMEGEN.C,code,False,Generate_Home_Worlds_,1,440525,1052449
49,D:\MOX\OTHERS\HOMEGEN.C,code,False,Generate_Home_Worlds_1_,1,441270,1053194
49,D:\MOX\OTHERS\HOMEGEN.C,code,True,Generate_Orion_,1,441276,1053200
49,D:\MOX\OTHERS\HOMEGEN.C,code,True,Get_Orion_Star_Id_,1,441735,1053659
49,D:\MOX\OTHERS\HOMEGEN.C,code,False,Get_Starmap_Regions_,1,442205,1054129
49,D:\MOX\OTHERS\HOMEGEN.C,code,True,Guarantee_A_Planet_At_Min_Dist_,1,442631,1054555
49,D:\MOX\OTHERS\HOMEGEN.C,code,True,Is_Added_Food_World_,1,443286,1055210
49,D:\MOX\OTHERS\HOMEGEN.C,code,True,Make_One_Planet_,1,443332,1055256
49,D:\MOX\OTHERS\HOMEGEN.C,code,False,Modify_Home_Worlds_,1,443567,1055491
49,D:\MOX\OTHERS\HOMEGEN.C,code,False,Randomize_Home_Worlds_,1,444143,1056067
49,D:\MOX\OTHERS\HOMEGEN.C,code,False,Remove_Specials_,1,444221,1056145
49,D:\MOX\OTHERS\HOMEGEN.C,code,True,Set_Up_Home_Gen_Msg_,1,444302,1056226
49,D:\MOX\OTHERS\HOMEGEN.C,code,False,Star_Has_Planet_,1,444646,1056570
49,D:\MOX\OTHERS\HOMEGEN.C,code,False,Random_Planet_,1,444750,1056674
49,D:\MOX\OTHERS\HOMEGEN.C,code,False,Upgrade_Planet_Guarded_By_Monster_,1,444910,1056834
49,D:\MOX\OTHERS\HOMEGEN.C,code,False,Set_Special_For_Star_Guarded_By_Monster_,1,445308,1057232
49,D:\MOX\OTHERS\HOMEGEN.C,code,False,Usable_Orbit_,1,445621,1057545
49,D:\MOX\OTHERS\HOMEGEN.C,code,True,qsort_star_dist_list_,1,445859,1057783
49,D:\MOX\OTHERS\HOMEGEN.C,code,True,qsort_1_,1,445888,1057812
49,D:\MOX\OTHERS\HOMEGEN.C,code,False,Make_System_Monsters_,1,445893,1057817
50,D:\MOX\OTHERS\LOADSAVE.C,code,True,Active_Save_Slot_Invalid_,1,446518,1058442
50,D:\MOX\OTHERS\LOADSAVE.C,code,True,Add_Game_Popup_Fields_,1,446561,1058485
50,D:\MOX\OTHERS\LOADSAVE.C,code,True,Allocate_Data_Space_For_Game_Popup_,1,448658,1060582
50,D:\MOX\OTHERS\LOADSAVE.C,code,True,Bad_Game_File_Message_,1,448755,1060679
50,D:\MOX\OTHERS\LOADSAVE.C,code,False,Check_For_Saved_Games_,1,448852,1060776
50,D:\MOX\OTHERS\LOADSAVE.C,code,False,Darken_Main_Screen_Background_,1,449043,1060967
50,D:\MOX\OTHERS\LOADSAVE.C,code,False,Do_Load_Game_Popup_,1,449142,1061066
50,D:\MOX\OTHERS\LOADSAVE.C,code,True,Do_Main_Game_Popup_,1,449857,1061781
50,D:\MOX\OTHERS\LOADSAVE.C,code,True,Do_Options_Game_Popup_,1,450575,1062499
50,D:\MOX\OTHERS\LOADSAVE.C,code,True,Do_Save_Game_Popup_,1,450900,1062824
50,D:\MOX\OTHERS\LOADSAVE.C,code,True,Fiz_Game_Popup_,1,451857,1063781
50,D:\MOX\OTHERS\LOADSAVE.C,code,True,Fiz_Game_Popup_Autofuction_,1,451859,1063783
50,D:\MOX\OTHERS\LOADSAVE.C,code,True,Restore_Game_Popup_,1,451860,1063784
50,D:\MOX\OTHERS\LOADSAVE.C,code,True,Restore_Main_Screen_,1,451964,1063888
50,D:\MOX\OTHERS\LOADSAVE.C,code,True,Game_Popup_User_Box_,1,451994,1063918
50,D:\MOX\OTHERS\LOADSAVE.C,code,False,Get_File_Date_String_,1,452105,1064029
50,D:\MOX\OTHERS\LOADSAVE.C,code,True,Get_Game_Popup_Colors_,1,452289,1064213
50,D:\MOX\OTHERS\LOADSAVE.C,code,False,Get_Save_Game_Date_Strings_,1,452434,1064358
50,D:\MOX\OTHERS\LOADSAVE.C,code,False,Get_Star_Date_Strings_,1,452607,1064531
50,D:\MOX\OTHERS\LOADSAVE.C,code,True,Load_Month_Names_,1,452883,1064807
50,D:\MOX\OTHERS\LOADSAVE.C,code,True,Load_Game_Popup_Pictures_,1,453212,1065136
50,D:\MOX\OTHERS\LOADSAVE.C,code,True,Print_Load_Save_To_Bitmap_,1,453965,1065889
50,D:\MOX\OTHERS\LOADSAVE.C,code,True,Print_Main_Game_To_Bitmap_,1,453990,1065914
50,D:\MOX\OTHERS\LOADSAVE.C,code,True,Print_Options_To_Bitmap_,1,454065,1065989
50,D:\MOX\OTHERS\LOADSAVE.C,code,True,Pull_Down_Game_Popup_,1,454084,1066008
50,D:\MOX\OTHERS\LOADSAVE.C,code,True,Push_Up_Game_Popup_,1,454105,1066029
50,D:\MOX\OTHERS\LOADSAVE.C,code,True,Animate_Game_Popup_,1,454130,1066054
50,D:\MOX\OTHERS\LOADSAVE.C,code,True,Set_Current_Game_Option_Flags_,1,454639,1066563
50,D:\MOX\OTHERS\LOADSAVE.C,code,True,Update_Game_Settings_,1,454988,1066912
50,D:\MOX\OTHERS\LOADSAVE.C,code,True,_Draw_Load_Save_Game_Popup_,1,455174,1067098
50,D:\MOX\OTHERS\LOADSAVE.C,code,True,_Draw_Main_Game_Popup_,1,456449,1068373
50,D:\MOX\OTHERS\LOADSAVE.C,code,True,_Draw_Options_Game_Popup_,1,457256,1069180
50,D:\MOX\OTHERS\LOADSAVE.C,code,False,_Game_Popup_,1,459055,1070979
50,D:\MOX\OTHERS\LOADSAVE.C,code,True,qsort_debug_,1,459728,1071652
50,D:\MOX\OTHERS\LOADSAVE.C,code,True,Load_Mainmenu_Load_Game_Popup_,1,459737,1071661
50,D:\MOX\OTHERS\LOADSAVE.C,code,False,Mainmenu_Load_Game_Popup_,1,459959,1071883
50,D:\MOX\OTHERS\LOADSAVE.C,code,True,Set_Up_Load_Save_Popup_,1,460118,1072042
50,D:\MOX\OTHERS\LOADSAVE.C,code,False,Remove_Embedded_Special_Codes_,1,460376,1072300
50,D:\MOX\OTHERS\LOADSAVE.C,code,False,Embed_Special_Color_Codes_,1,460450,1072374
50,D:\MOX\OTHERS\LOADSAVE.C,code,False,Auto_Save_Last_Saved_Game_,1,460565,1072489
50,D:\MOX\OTHERS\LOADSAVE.C,code,False,Auto_Load_Last_Saved_Game_,1,460710,1072634
50,D:\MOX\OTHERS\LOADSAVE.C,code,True,Draw_Darkened_Load_Button_,1,460865,1072789
50,D:\MOX\OTHERS\LOADSAVE.C,code,True,Draw_Darkened_New_Game_Button_,1,460909,1072833
50,D:\MOX\OTHERS\LOADSAVE.C,code,True,Set_Music_For_Game_Popup_,1,460946,1072870
50,D:\MOX\OTHERS\LOADSAVE.C,code,True,Set_Sound_For_Game_Popup_,1,461080,1073004
50,D:\MOX\OTHERS\LOADSAVE.C,code,True,Add_Fields_For_Language_,1,461230,1073154
51,D:\MOX\OTHERS\MAINMENU.C,code,True,Add_Main_Menu_Fields_,1,461540,1073464
51,D:\MOX\OTHERS\MAINMENU.C,code,True,Change_Font_Color_Values_,1,461935,1073859
51,D:\MOX\OTHERS\MAINMENU.C,code,True,Copy_Credit_String_To_Bitmap_,1,461962,1073886
51,D:\MOX\OTHERS\MAINMENU.C,code,True,Do_Main_Menu_File_Animation_,1,462260,1074184
51,D:\MOX\OTHERS\MAINMENU.C,code,True,Do_Mainmenu_Load_Screen_,1,463047,1074971
51,D:\MOX\OTHERS\MAINMENU.C,code,True,Draw_Credits_,1,463175,1075099
51,D:\MOX\OTHERS\MAINMENU.C,code,True,Main_Menu_Fade_Function_,1,463745,1075669
51,D:\MOX\OTHERS\MAINMENU.C,code,True,Main_Menu_Fade_Function2_,1,463765,1075689
51,D:\MOX\OTHERS\MAINMENU.C,code,True,Draw_Main_Menu_File_Animation_,1,463775,1075699
51,D:\MOX\OTHERS\MAINMENU.C,code,True,Draw_Main_Menu_Screen_,1,463780,1075704
51,D:\MOX\OTHERS\MAINMENU.C,code,False,Get_File_Animation_Block_Space_,1,464171,1076095
51,D:\MOX\OTHERS\MAINMENU.C,code,False,Get_File_Animation_Total_Frames_,1,464199,1076123
51,D:\MOX\OTHERS\MAINMENU.C,code,True,Load_Credits_,1,464235,1076159
51,D:\MOX\OTHERS\MAINMENU.C,code,False,Main_Menu_Screen_,1,464626,1076550
51,D:\MOX\OTHERS\MAINMENU.C,code,True,Reload_Main_Menu_Screen_,1,465598,1077522
51,D:\MOX\OTHERS\MAINMENU.C,code,True,Init_Credits_,1,465788,1077712
52,D:\MOX\OTHERS\MAINSCR.C,code,False,Buffer_Reload_Star_Bg_,1,466100,1078024
52,D:\MOX\OTHERS\MAINSCR.C,code,False,Get_Star_Picture_Seg_,1,466131,1078055
52,D:\MOX\OTHERS\MAINSCR.C,code,True,Add_Cheats_,1,466197,1078121
52,D:\MOX\OTHERS\MAINSCR.C,code,False,Add_Map_Fields_,1,466291,1078215
52,D:\MOX\OTHERS\MAINSCR.C,code,True,Add_Reply_To_Diplomacy_Request_Fields_,1,467366,1079290
52,D:\MOX\OTHERS\MAINSCR.C,code,False,Add_Star_Fields_,1,467631,1079555
52,D:\MOX\OTHERS\MAINSCR.C,code,False,Allocate_First_Screen_Seg_,1,467784,1079708
52,D:\MOX\OTHERS\MAINSCR.C,code,False,Center_Map_,1,467851,1079775
52,D:\MOX\OTHERS\MAINSCR.C,code,True,Change_Home_Star_Name_,1,468124,1080048
52,D:\MOX\OTHERS\MAINSCR.C,code,True,Check_For_Diplomacy_Request_,1,468236,1080160
52,D:\MOX\OTHERS\MAINSCR.C,code,True,Check_Function_Keys_,1,468392,1080316
52,D:\MOX\OTHERS\MAINSCR.C,code,True,Check_Hot_Keys_,1,469001,1080925
52,D:\MOX\OTHERS\MAINSCR.C,code,True,Check_Mouse_XY_Fields_,1,469697,1081621
52,D:\MOX\OTHERS\MAINSCR.C,code,True,Check_Ships_XY_,1,469992,1081916
52,D:\MOX\OTHERS\MAINSCR.C,code,True,Check_Stars_XY_,1,470199,1082123
52,D:\MOX\OTHERS\MAINSCR.C,code,True,Clear_Mox_Mouse_Field_,1,470402,1082326
52,D:\MOX\OTHERS\MAINSCR.C,code,False,Clear_Twinkling_Star_Data_,1,470427,1082351
52,D:\MOX\OTHERS\MAINSCR.C,code,False,Convert_Coords_,1,470472,1082396
52,D:\MOX\OTHERS\MAINSCR.C,code,False,Cycle_Ship_Icons_,1,470527,1082451
52,D:\MOX\OTHERS\MAINSCR.C,code,False,Cycle_Star_Icons_,1,471084,1083008
52,D:\MOX\OTHERS\MAINSCR.C,code,True,Do_Colony_Screen_,1,471310,1083234
52,D:\MOX\OTHERS\MAINSCR.C,code,True,Do_Fleet_Popup_,1,471473,1083397
52,D:\MOX\OTHERS\MAINSCR.C,code,False,Do_Next_Turn_,1,472081,1084005
52,D:\MOX\OTHERS\MAINSCR.C,code,True,Do_Reply_To_Diplomacy_Request_,1,472398,1084322
52,D:\MOX\OTHERS\MAINSCR.C,code,False,Do_System_Popup_,1,472681,1084605
52,D:\MOX\OTHERS\MAINSCR.C,code,True,Draw_A_Gate_Icon_,1,472897,1084821
52,D:\MOX\OTHERS\MAINSCR.C,code,True,Draw_A_Star_,1,473858,1085782
52,D:\MOX\OTHERS\MAINSCR.C,code,False,Draw_Black_Holes_,1,474105,1086029
52,D:\MOX\OTHERS\MAINSCR.C,code,True,Draw_Diplomacy_Request_Lights_,1,474374,1086298
52,D:\MOX\OTHERS\MAINSCR.C,code,True,Draw_ETA_Destination_Line_,1,474602,1086526
52,D:\MOX\OTHERS\MAINSCR.C,code,False,Draw_Exploding_Plasma_Box_,1,474877,1086801
52,D:\MOX\OTHERS\MAINSCR.C,code,False,Draw_Game_Turn_Buttons_,1,475991,1087915
52,D:\MOX\OTHERS\MAINSCR.C,code,True,Draw_Fleet_Box_Selected_Ship_Seg_,1,476083,1088007
52,D:\MOX\OTHERS\MAINSCR.C,code,False,Draw_Main_Main_Screen_,1,476174,1088098
52,D:\MOX\OTHERS\MAINSCR.C,code,False,Draw_Main_Screen_,1,476501,1088425
52,D:\MOX\OTHERS\MAINSCR.C,code,False,Draw_Main_Screen_Before_Stencil_,1,477644,1089568
52,D:\MOX\OTHERS\MAINSCR.C,code,False,Draw_Main_Screen_Filled_,1,477845,1089769
52,D:\MOX\OTHERS\MAINSCR.C,code,True,Draw_Main_Screen_For_Zooming_,1,478158,1090082
52,D:\MOX\OTHERS\MAINSCR.C,code,True,Draw_Main_Screen_While_Moving_Boxes_,1,478642,1090566
52,D:\MOX\OTHERS\MAINSCR.C,code,False,Draw_Mini_Main_Screen_,1,478877,1090801
52,D:\MOX\OTHERS\MAINSCR.C,code,False,Draw_Nebulae_,1,479119,1091043
52,D:\MOX\OTHERS\MAINSCR.C,code,True,Draw_Paralax_,1,479247,1091171
52,D:\MOX\OTHERS\MAINSCR.C,code,True,Draw_Player_Done_Lights_,1,479756,1091680
52,D:\MOX\OTHERS\MAINSCR.C,code,True,Draw_Relocation_Links_,1,480032,1091956
52,D:\MOX\OTHERS\MAINSCR.C,code,True,Draw_Reply_To_Diplomacy_Request_Popup_,1,480211,1092135
52,D:\MOX\OTHERS\MAINSCR.C,code,True,Draw_Scanned_Ship_Seg_,1,480448,1092372
52,D:\MOX\OTHERS\MAINSCR.C,code,False,Draw_Stars_,1,480592,1092516
52,D:\MOX\OTHERS\MAINSCR.C,code,False,Draw_Wormhole_Links_,1,480659,1092583
52,D:\MOX\OTHERS\MAINSCR.C,code,False,Filled_Box_,1,480854,1092778
52,D:\MOX\OTHERS\MAINSCR.C,code,True,Set_Popup_Draw_XY_,1,481015,1092939
52,D:\MOX\OTHERS\MAINSCR.C,code,True,Popup_XY_,1,481102,1093026
52,D:\MOX\OTHERS\MAINSCR.C,code,True,Get_Mouse_Field_,1,481272,1093196
52,D:\MOX\OTHERS\MAINSCR.C,code,True,Get_New_Paralax_XYs_,1,481546,1093470
52,D:\MOX\OTHERS\MAINSCR.C,code,False,Get_PointXY_Draw_Coords_,1,481983,1093907
52,D:\MOX\OTHERS\MAINSCR.C,code,False,Get_Ship_Stack_For_Officers_Screen_,1,482028,1093952
52,D:\MOX\OTHERS\MAINSCR.C,code,False,Get_Star_Anim_Dimension_,1,482161,1094085
52,D:\MOX\OTHERS\MAINSCR.C,code,False,Get_Star_Draw_Coords_,1,482195,1094119
52,D:\MOX\OTHERS\MAINSCR.C,code,False,Get_Star_Id_For_Officers_Screen_,1,482269,1094193
52,D:\MOX\OTHERS\MAINSCR.C,code,True,Get_Twinkling_Star_,1,483119,1095043
52,D:\MOX\OTHERS\MAINSCR.C,code,True,Give_Me_All_Tech_Advances_,1,483314,1095238
52,D:\MOX\OTHERS\MAINSCR.C,code,False,Highlight_Star_,1,483446,1095370
52,D:\MOX\OTHERS\MAINSCR.C,code,False,Is_Main_Screen_Palette_,1,483523,1095447
52,D:\MOX\OTHERS\MAINSCR.C,code,True,Load_Reply_To_Diplomacy_Request_Popup_,1,483601,1095525
52,D:\MOX\OTHERS\MAINSCR.C,code,False,Main_Screen_,1,483720,1095644
52,D:\MOX\OTHERS\MAINSCR.C,code,False,Main_Screen_Text_Box_,1,489028,1100952
52,D:\MOX\OTHERS\MAINSCR.C,code,False,Mini_Main_Screen_Text_Box_,1,489112,1101036
52,D:\MOX\OTHERS\MAINSCR.C,code,True,Next_Star_,1,489179,1101103
52,D:\MOX\OTHERS\MAINSCR.C,code,True,Previous_Star_,1,489248,1101172
52,D:\MOX\OTHERS\MAINSCR.C,code,True,Print_A_Star_Name_,1,489320,1101244
52,D:\MOX\OTHERS\MAINSCR.C,code,True,Print_Galaxy_Map_Scanned_Star_,1,489916,1101840
52,D:\MOX\OTHERS\MAINSCR.C,code,True,Print_Highlighted_Star_Name_,1,490233,1102157
52,D:\MOX\OTHERS\MAINSCR.C,code,False,Print_Main_Screen_Data_,1,490414,1102338
52,D:\MOX\OTHERS\MAINSCR.C,code,True,Set_Post_Fitted_Font_Style_,1,494346,1106270
52,D:\MOX\OTHERS\MAINSCR.C,code,True,Print_Star_Name_To_Bitmap_,1,494427,1106351
52,D:\MOX\OTHERS\MAINSCR.C,code,True,Print_Star_Names_,1,494775,1106699
52,D:\MOX\OTHERS\MAINSCR.C,code,False,Redraw_Main_Screen_,1,494905,1106829
52,D:\MOX\OTHERS\MAINSCR.C,code,False,Redraw_Main_Screen_Without_Boxes_,1,495169,1107093
52,D:\MOX\OTHERS\MAINSCR.C,code,False,Restore_Hotseat_Map_Info_,1,495194,1107118
52,D:\MOX\OTHERS\MAINSCR.C,code,False,Save_Hotseat_Map_Info_,1,495453,1107377
52,D:\MOX\OTHERS\MAINSCR.C,code,True,Scan_Fleet_Movement_Box_Fields_,1,495581,1107505
52,D:\MOX\OTHERS\MAINSCR.C,code,False,Scan_Galaxy_Map_Fields_,1,495855,1107779
52,D:\MOX\OTHERS\MAINSCR.C,code,True,Scan_Moveable_Box_Fields_,1,496003,1107927
52,D:\MOX\OTHERS\MAINSCR.C,code,True,Scan_Ships_XY_,1,497319,1109243
52,D:\MOX\OTHERS\MAINSCR.C,code,True,Scan_Stars_XY_,1,497612,1109536
52,D:\MOX\OTHERS\MAINSCR.C,code,False,Scan_System_Display_Fields_,1,498091,1110015
52,D:\MOX\OTHERS\MAINSCR.C,code,True,Scroll_Map_,1,499193,1111117
52,D:\MOX\OTHERS\MAINSCR.C,code,False,Clear_Main_Screen_Fields_,1,499594,1111518
52,D:\MOX\OTHERS\MAINSCR.C,code,True,Set_Main_Screen_Fields_To_Null_,1,499594,1111518
52,D:\MOX\OTHERS\MAINSCR.C,code,True,Set_Painted_Fleet_Fields_,1,499895,1111819
52,D:\MOX\OTHERS\MAINSCR.C,code,False,Set_Reload_Fleet_Box_Palette_Flag_,1,500057,1111981
52,D:\MOX\OTHERS\MAINSCR.C,code,False,Ship_Can_Be_Selected_,1,500074,1111998
52,D:\MOX\OTHERS\MAINSCR.C,code,False,Star_On_Screen_,1,500104,1112028
52,D:\MOX\OTHERS\MAINSCR.C,code,True,Exit_Zooming_Mode_,1,500164,1112088
52,D:\MOX\OTHERS\MAINSCR.C,code,True,Toggle_Game_Option_,1,500246,1112170
52,D:\MOX\OTHERS\MAINSCR.C,code,False,Get_Star_Name_Info_,1,500711,1112635
52,D:\MOX\OTHERS\MAINSCR.C,code,False,Update_Ship_Icons_In_Between_Turns_,1,500932,1112856
52,D:\MOX\OTHERS\MAINSCR.C,code,False,Update_Star_Owners_,1,500995,1112919
52,D:\MOX\OTHERS\MAINSCR.C,code,False,Zoom_Box_Height_,1,501048,1112972
52,D:\MOX\OTHERS\MAINSCR.C,code,False,Zoom_Box_Width_,1,501064,1112988
52,D:\MOX\OTHERS\MAINSCR.C,code,False,Set_Player_Cheated_Flag_,1,501074,1112998
52,D:\MOX\OTHERS\MAINSCR.C,code,True,Warn_About_Cheating_Players_,1,501105,1113029
52,D:\MOX\OTHERS\MAINSCR.C,code,False,Fade_Into_Main_Screen_,1,501442,1113366
52,D:\MOX\OTHERS\MAINSCR.C,code,True,Get_Research_Unit_String_,1,501756,1113680
53,D:\MOX\OTHERS\MAINSCR2.C,code,True,Begin_Of_Turn_,1,501835,1113759
53,D:\MOX\OTHERS\MAINSCR2.C,code,False,Building_Outposts_In_Main_Screen_,1,502138,1114062
53,D:\MOX\OTHERS\MAINSCR2.C,code,True,Check_Fleet_Movement_Box_Status_,1,502595,1114519
53,D:\MOX\OTHERS\MAINSCR2.C,code,False,Distance_Between_Stars_Screen_,1,502637,1114561
53,D:\MOX\OTHERS\MAINSCR2.C,code,True,Do_Begin_Of_Turn_,1,503170,1115094
53,D:\MOX\OTHERS\MAINSCR2.C,code,True,Draw_Main_Screen_For_Star_Distances_,1,503630,1115554
53,D:\MOX\OTHERS\MAINSCR2.C,code,True,Main_Screen_Report_Handler_,1,504187,1116111
53,D:\MOX\OTHERS\MAINSCR2.C,code,False,Planet_Colonization_In_Main_Screen_,1,504542,1116466
53,D:\MOX\OTHERS\MAINSCR2.C,code,True,Redraw_Main_Screen_After_Popups_,1,505036,1116960
53,D:\MOX\OTHERS\MAINSCR2.C,code,True,Restore_Fleet_Box_Palette_,1,505061,1116985
53,D:\MOX\OTHERS\MAINSCR2.C,code,False,Scrap_Freighters_,1,505113,1117037
53,D:\MOX\OTHERS\MAINSCR2.C,code,False,Unloading_Transports_In_Main_Screen_,1,505765,1117689
53,D:\MOX\OTHERS\MAINSCR2.C,code,False,Reports_Screen_,1,506198,1118122
53,D:\MOX\OTHERS\MAINSCR2.C,code,False,Show_Command_Points_Screen_,1,506553,1118477
54,D:\MOX\OTHERS\MAPGEN.C,code,False,Assert_Class_To_Group_,1,506704,1118628
54,D:\MOX\OTHERS\MAPGEN.C,code,False,Assign_Marooned_Heroes_,1,506705,1118629
54,D:\MOX\OTHERS\MAPGEN.C,code,False,Write_Map_Gen_Data_,1,506882,1118806
54,D:\MOX\OTHERS\MAPGEN.C,code,False,Clear_Planets_In_Star_Structure_,1,506883,1118807
54,D:\MOX\OTHERS\MAPGEN.C,code,False,Enforce_Planet_Max_,1,506937,1118861
54,D:\MOX\OTHERS\MAPGEN.C,code,False,Gas_Giants_,1,507469,1119393
54,D:\MOX\OTHERS\MAPGEN.C,code,False,Generate_Climate_,1,507563,1119487
54,D:\MOX\OTHERS\MAPGEN.C,code,False,Generate_Food_Per_Farmer_,1,507811,1119735
54,D:\MOX\OTHERS\MAPGEN.C,code,False,Generate_Gravity_Class_,1,507872,1119796
54,D:\MOX\OTHERS\MAPGEN.C,code,False,Generate_Max_Farms_,1,507934,1119858
54,D:\MOX\OTHERS\MAPGEN.C,code,False,Generate_Mineral_Class_,1,507995,1119919
54,D:\MOX\OTHERS\MAPGEN.C,code,False,Generate_Nebulas_,1,508057,1119981
54,D:\MOX\OTHERS\MAPGEN.C,code,False,Generate_Number_Of_Nebulas_,1,509139,1121063
54,D:\MOX\OTHERS\MAPGEN.C,code,False,Generate_Number_Of_Satellites_,1,509223,1121147
54,D:\MOX\OTHERS\MAPGEN.C,code,False,Generate_Orbit_,1,509287,1121211
54,D:\MOX\OTHERS\MAPGEN.C,code,False,Generate_Satellite_,1,509399,1121323
54,D:\MOX\OTHERS\MAPGEN.C,code,False,Set_Secondary_Planet_Data_,1,509632,1121556
54,D:\MOX\OTHERS\MAPGEN.C,code,False,Generate_Satellite_Type_,1,509694,1121618
54,D:\MOX\OTHERS\MAPGEN.C,code,True,Generate_Size_,1,509905,1121829
54,D:\MOX\OTHERS\MAPGEN.C,code,False,Generate_Spectral_Class_,1,509959,1121883
54,D:\MOX\OTHERS\MAPGEN.C,code,False,Get_A_Planet_Or_Star_Special_,1,510016,1121940
54,D:\MOX\OTHERS\MAPGEN.C,code,False,Generate_Star_Special_,1,510867,1122791
54,D:\MOX\OTHERS\MAPGEN.C,code,False,Generate_Wormhole_Links_,1,510997,1122921
54,D:\MOX\OTHERS\MAPGEN.C,code,False,Get_Climate_Modifier_,1,511234,1123158
54,D:\MOX\OTHERS\MAPGEN.C,code,False,Get_Minerals_Extracted_,1,511296,1123220
54,D:\MOX\OTHERS\MAPGEN.C,code,False,Get_Planet_Group_,1,511317,1123241
54,D:\MOX\OTHERS\MAPGEN.C,code,False,Get_Random_Orbit_,1,511401,1123325
54,D:\MOX\OTHERS\MAPGEN.C,code,False,Get_Valid_Orbit_,1,511506,1123430
54,D:\MOX\OTHERS\MAPGEN.C,code,False,Home_Planet_,1,511660,1123584
54,D:\MOX\OTHERS\MAPGEN.C,code,False,Init_Main_Screen_,1,511753,1123677
54,D:\MOX\OTHERS\MAPGEN.C,code,False,Nebula_Data_Test_,1,511833,1123757
54,D:\MOX\OTHERS\MAPGEN.C,code,True,Set_Star_XYs_,1,511999,1123923
54,D:\MOX\OTHERS\MAPGEN.C,code,True,Star_XY_Invalid_,1,513085,1125009
54,D:\MOX\OTHERS\MAPGEN.C,code,False,Randomize_Star_Names_,1,513538,1125462
54,D:\MOX\OTHERS\MAPGEN.C,code,False,Set_Black_Hole_Visited_Flags_,1,513629,1125553
54,D:\MOX\OTHERS\MAPGEN.C,code,False,Set_Default_Nebula_Data_,1,513671,1125595
54,D:\MOX\OTHERS\MAPGEN.C,code,False,Set_Wormhole_Id_,1,513750,1125674
54,D:\MOX\OTHERS\MAPGEN.C,code,True,Black_Hole_Fix_,1,514209,1126133
54,D:\MOX\OTHERS\MAPGEN.C,code,False,Load_Nebula_Pictures_,1,514567,1126491
54,D:\MOX\OTHERS\MAPGEN.C,code,False,Universe_Generation_,1,514792,1126716
54,D:\MOX\OTHERS\MAPGEN.C,code,False,Write_Other_Mapgen_Stuff_,1,516735,1128659
54,D:\MOX\OTHERS\MAPGEN.C,code,True,Planet_Generation_,1,516736,1128660
54,D:\MOX\OTHERS\MAPGEN.C,code,False,N_Empty_Stars_,1,516868,1128792
54,D:\MOX\OTHERS\MAPGEN.C,code,True,Build_Min_Point_Distances_,1,516929,1128853
54,D:\MOX\OTHERS\MAPGEN.C,code,True,Get_Star_Name_,1,517265,1129189
55,D:\MOX\OTHERS\MISC.C,code,False,Font_Colors_,1,517344,1129268
55,D:\MOX\OTHERS\MISC.C,code,False,Font_Colors2_,1,517573,1129497
55,D:\MOX\OTHERS\MISC.C,code,False,Get_Comma_String_,1,517854,1129778
55,D:\MOX\OTHERS\MISC.C,code,False,Min_Font_Colors_,1,518178,1130102
55,D:\MOX\OTHERS\MISC.C,code,False,Bit_Value_To_Num_,1,518477,1130401
55,D:\MOX\OTHERS\MISC.C,code,False,Box_Clipping_Window_,1,518541,1130465
55,D:\MOX\OTHERS\MISC.C,code,False,CHECK_PARAM_DRAW_,1,518635,1130559
55,D:\MOX\OTHERS\MISC.C,code,False,CHECK_PARAM_PRINT_,1,518768,1130692
55,D:\MOX\OTHERS\MISC.C,code,False,CHECK_PARAM_PRINT_INTEGER_,1,518920,1130844
55,D:\MOX\OTHERS\MISC.C,code,False,Change_Font_Style_,1,519099,1131023
55,D:\MOX\OTHERS\MISC.C,code,False,Decrease_Font_Color_Range_,1,519166,1131090
55,D:\MOX\OTHERS\MISC.C,code,False,Diagonal_Line_Fill_,1,519280,1131204
55,D:\MOX\OTHERS\MISC.C,code,False,Draw_Advancing_Fill_Message_,1,520161,1132085
55,D:\MOX\OTHERS\MISC.C,code,False,Draw_Darkened_Box_,1,520277,1132201
55,D:\MOX\OTHERS\MISC.C,code,False,Draw_Highlight_Box_,1,520381,1132305
55,D:\MOX\OTHERS\MISC.C,code,False,Fade_Into_Screen_,1,520644,1132568
55,D:\MOX\OTHERS\MISC.C,code,False,Fade_To_Black_,1,520814,1132738
55,D:\MOX\OTHERS\MISC.C,code,False,Fade_To_Palette_,1,520857,1132781
55,D:\MOX\OTHERS\MISC.C,code,False,Fill_Bitmap_,1,520924,1132848
55,D:\MOX\OTHERS\MISC.C,code,False,Fill_Bitmap_Unbounded_,1,521000,1132924
55,D:\MOX\OTHERS\MISC.C,code,True,Get_Advancing_Bitmap_String_Range_,1,521113,1133037
55,D:\MOX\OTHERS\MISC.C,code,False,Get_Bitmap_Dimensions_,1,521402,1133326
55,D:\MOX\OTHERS\MISC.C,code,False,Get_Bitmap_String_Range_,1,521418,1133342
55,D:\MOX\OTHERS\MISC.C,code,False,Get_File_Name_,1,521544,1133468
55,D:\MOX\OTHERS\MISC.C,code,False,Get_Font_Colors_,1,521765,1133689
55,D:\MOX\OTHERS\MISC.C,code,False,Get_Font_Spacing_,1,521797,1133721
55,D:\MOX\OTHERS\MISC.C,code,False,Get_Font_Style_,1,521804,1133728
55,D:\MOX\OTHERS\MISC.C,code,False,Get_Furthest_Endpoint_,1,521811,1133735
55,D:\MOX\OTHERS\MISC.C,code,False,Get_LBX_Message_,1,521951,1133875
55,D:\MOX\OTHERS\MISC.C,code,False,Get_Mox_Font_Colors_,1,521976,1133900
55,D:\MOX\OTHERS\MISC.C,code,False,Get_Mox_Min_Font_Colors_,1,522006,1133930
55,D:\MOX\OTHERS\MISC.C,code,False,Get_Time_Stamp_,1,522029,1133953
55,D:\MOX\OTHERS\MISC.C,code,False,Get_Time_Stamp_Int_,1,522093,1134017
55,D:\MOX\OTHERS\MISC.C,code,False,HCLS_,1,522199,1134123
55,D:\MOX\OTHERS\MISC.C,code,False,Increase_Font_Color_Range_,1,522207,1134131
55,D:\MOX\OTHERS\MISC.C,code,False,Increment_Mouse_Clock_Image_,1,522325,1134249
55,D:\MOX\OTHERS\MISC.C,code,False,Is_First_Letter_A_Vowel_,1,522385,1134309
55,D:\MOX\OTHERS\MISC.C,code,False,Is_Vowel_,1,522460,1134384
55,D:\MOX\OTHERS\MISC.C,code,False,Move_Range_,1,522576,1134500
55,D:\MOX\OTHERS\MISC.C,code,False,Next_File_Name_,1,522650,1134574
55,D:\MOX\OTHERS\MISC.C,code,False,Next_Multiple_,1,522959,1134883
55,D:\MOX\OTHERS\MISC.C,code,False,Occluded_,1,522998,1134922
55,D:\MOX\OTHERS\MISC.C,code,False,Ratio_Value_,1,523109,1135033
55,D:\MOX\OTHERS\MISC.C,code,False,Read_Data_File_,1,523129,1135053
55,D:\MOX\OTHERS\MISC.C,code,False,Remove_Chars_,1,523247,1135171
55,D:\MOX\OTHERS\MISC.C,code,False,Replace_Bitmap_Colors_,1,523394,1135318
55,D:\MOX\OTHERS\MISC.C,code,False,Replace_Char_,1,523553,1135477
55,D:\MOX\OTHERS\MISC.C,code,False,Restore_Window_Status_,1,523606,1135530
55,D:\MOX\OTHERS\MISC.C,code,False,Save_Window_Status_,1,523633,1135557
55,D:\MOX\OTHERS\MISC.C,code,False,Scale_,1,523652,1135576
55,D:\MOX\OTHERS\MISC.C,code,False,Set_Fitted_Font_Style_,1,523681,1135605
55,D:\MOX\OTHERS\MISC.C,code,False,Set_Font_Colors_,1,523786,1135710
55,D:\MOX\OTHERS\MISC.C,code,False,Set_Font_Default_Spacing_,1,523822,1135746
55,D:\MOX\OTHERS\MISC.C,code,False,Stat_Pct_,1,523844,1135768
55,D:\MOX\OTHERS\MISC.C,code,False,Substring_,1,523877,1135801
55,D:\MOX\OTHERS\MISC.C,code,False,Swap_Bitmap_Colors_,1,523912,1135836
55,D:\MOX\OTHERS\MISC.C,code,False,Tint_Bitmap_Colors_,1,524040,1135964
55,D:\MOX\OTHERS\MISC.C,code,False,Tint_Bitmap_Colors_In_Range_,1,524158,1136082
55,D:\MOX\OTHERS\MISC.C,code,False,Valid_Star_Index_,1,524280,1136204
55,D:\MOX\OTHERS\MISC.C,code,False,_Darken_Fill_,1,524294,1136218
55,D:\MOX\OTHERS\MISC.C,code,False,_Print_Centered_,1,524385,1136309
55,D:\MOX\OTHERS\MISC.C,code,False,_Print_Centered_Shadow_Down_,1,524425,1136349
55,D:\MOX\OTHERS\MISC.C,code,False,_Print_Right_Shadow_Down_,1,524466,1136390
55,D:\MOX\OTHERS\MISC.C,code,False,_Print_Shadow_Down_,1,524494,1136418
55,D:\MOX\OTHERS\MISC.C,code,False,_Tri_Interlaced_Fill_,1,524676,1136600
56,D:\MOX\OTHERS\MOVEBOX.C,code,False,Add_Galaxy_Map_Fields_2_,1,524859,1136783
56,D:\MOX\OTHERS\MOVEBOX.C,code,False,Add_Galaxy_Map_Fields_,1,525169,1137093
56,D:\MOX\OTHERS\MOVEBOX.C,code,False,Add_Moveable_Box_Fields_,1,525360,1137284
56,D:\MOX\OTHERS\MOVEBOX.C,code,False,Add_Resource_Box_Fields_,1,525565,1137489
56,D:\MOX\OTHERS\MOVEBOX.C,code,False,Add_Whole_Window_Field_,1,525752,1137676
56,D:\MOX\OTHERS\MOVEBOX.C,code,False,Box_Field_Selected_,1,525829,1137753
56,D:\MOX\OTHERS\MOVEBOX.C,code,True,Box_Fleet_Screen_Scanned_Ship_,1,525912,1137836
56,D:\MOX\OTHERS\MOVEBOX.C,code,False,Box_Fleet_Screen_Scanned_Star_,1,525967,1137891
56,D:\MOX\OTHERS\MOVEBOX.C,code,True,Box_Officer_Screen_Chosen_Star_,1,526090,1138014
56,D:\MOX\OTHERS\MOVEBOX.C,code,True,Box_Officer_Screen_Scanned_Star_,1,526286,1138210
56,D:\MOX\OTHERS\MOVEBOX.C,code,False,Box_Order_,1,526387,1138311
56,D:\MOX\OTHERS\MOVEBOX.C,code,False,Clear_Moveable_Box_Fields_,1,526443,1138367
56,D:\MOX\OTHERS\MOVEBOX.C,code,False,Display_Moveable_Box_Info_,1,526661,1138585
56,D:\MOX\OTHERS\MOVEBOX.C,code,True,Do_Fleet_Screen_Stuff_,1,526767,1138691
56,D:\MOX\OTHERS\MOVEBOX.C,code,True,Do_Officer_Screen_Stuff_,1,526842,1138766
56,D:\MOX\OTHERS\MOVEBOX.C,code,False,Draw_Galaxy_Map_Box_,1,527439,1139363
56,D:\MOX\OTHERS\MOVEBOX.C,code,False,Draw_Moveable_Box_,1,528537,1140461
56,D:\MOX\OTHERS\MOVEBOX.C,code,False,Get_Galaxy_Map_Space_XY_,1,528721,1140645
56,D:\MOX\OTHERS\MOVEBOX.C,code,False,Get_Galaxy_Map_Star_XY_,1,528853,1140777
56,D:\MOX\OTHERS\MOVEBOX.C,code,False,Move_Box_To_Top_,1,529036,1140960
56,D:\MOX\OTHERS\MOVEBOX.C,code,False,Move_Moveable_Box_,1,529225,1141149
56,D:\MOX\OTHERS\MOVEBOX.C,code,False,Moveable_Box_Dimensions_,1,530294,1142218
56,D:\MOX\OTHERS\MOVEBOX.C,code,False,Moveable_Box_Occluded_,1,530397,1142321
56,D:\MOX\OTHERS\MOVEBOX.C,code,False,Moveable_Box_Selected_,1,530645,1142569
56,D:\MOX\OTHERS\MOVEBOX.C,code,False,N_Moveable_Boxes_Selected_,1,530676,1142600
56,D:\MOX\OTHERS\MOVEBOX.C,code,False,Restore_Boxes_,1,530717,1142641
56,D:\MOX\OTHERS\MOVEBOX.C,code,False,Box_Was_Open_,1,530841,1142765
56,D:\MOX\OTHERS\MOVEBOX.C,code,False,Remove_Box_Check_,1,530851,1142775
56,D:\MOX\OTHERS\MOVEBOX.C,code,False,Save_And_Remove_Boxes_,1,530852,1142776
56,D:\MOX\OTHERS\MOVEBOX.C,code,False,Vanish_Fleet_Movement_Box_,1,531008,1142932
56,D:\MOX\OTHERS\MOVEBOX.C,code,False,Vanish_System_Display_Box_,1,531132,1143056
56,D:\MOX\OTHERS\MOVEBOX.C,code,False,Mouse_Within_Fleet_Box_,1,531211,1143135
57,D:\MOX\OTHERS\NAMESTAR.C,code,True,Draw_Input_Box_Popup_,1,531337,1143261
57,D:\MOX\OTHERS\NAMESTAR.C,code,False,Remapped_Input_Box_Popup_,1,531380,1143304
57,D:\MOX\OTHERS\NAMESTAR.C,code,True,Setup_Input_Box_Popup_,1,531412,1143336
57,D:\MOX\OTHERS\NAMESTAR.C,code,False,Input_Box_Popup_,1,532244,1144168
57,D:\MOX\OTHERS\NAMESTAR.C,code,False,Can_Change_Star_Name_,1,533034,1144958
57,D:\MOX\OTHERS\NAMESTAR.C,code,False,Change_Star_Name_Popup_,1,533121,1145045
57,D:\MOX\OTHERS\NAMESTAR.C,code,False,Change_Home_Star_Name_Popup_,1,533154,1145078
57,D:\MOX\OTHERS\NAMESTAR.C,code,True,Do_Change_Star_Name_,1,533186,1145110
57,D:\MOX\OTHERS\NAMESTAR.C,code,False,Star_Name_Popup_Screen_Center_X_,1,533438,1145362
57,D:\MOX\OTHERS\NAMESTAR.C,code,False,Star_Name_Popup_Screen_Center_Y_,1,533444,1145368
57,D:\MOX\OTHERS\NAMESTAR.C,code,False,Star_Name_Popup_Map_Center_X_,1,533450,1145374
57,D:\MOX\OTHERS\NAMESTAR.C,code,False,Star_Name_Popup_Map_Center_Y_,1,533456,1145380
57,D:\MOX\OTHERS\NAMESTAR.C,code,False,Star_Name_Popup_Main_X_,1,533462,1145386
57,D:\MOX\OTHERS\NAMESTAR.C,code,False,Star_Name_Popup_Main_Y_,1,533533,1145457
57,D:\MOX\OTHERS\NAMESTAR.C,code,False,Max_Pixel_Width_Star_Name_Can_Be_,1,533591,1145515
58,D:\MOX\OTHERS\OFFICER.C,code,False,Load_Officer_Picture_,1,533934,1145858
58,D:\MOX\OTHERS\OFFICER.C,code,True,Load_Darkened_Officer_Picture_,1,534041,1145965
58,D:\MOX\OTHERS\OFFICER.C,code,True,Add_Officer_Screen_Fields_,1,534094,1146018
58,D:\MOX\OTHERS\OFFICER.C,code,True,Add_Skill_Description_Help_Fields_,1,535186,1147110
58,D:\MOX\OTHERS\OFFICER.C,code,True,Already_Hired_Message_,1,535589,1147513
58,D:\MOX\OTHERS\OFFICER.C,code,False,Assert_Marooned_Leaders_,1,535687,1147611
58,D:\MOX\OTHERS\OFFICER.C,code,True,Not_Enough_BCs_Message_,1,535800,1147724
58,D:\MOX\OTHERS\OFFICER.C,code,True,Ask_For_Hire_,1,535922,1147846
58,D:\MOX\OTHERS\OFFICER.C,code,False,Build_Captain_Id_List_,1,536178,1148102
58,D:\MOX\OTHERS\OFFICER.C,code,False,Captain_And_Ship_Icon_Selected_,1,536401,1148325
58,D:\MOX\OTHERS\OFFICER.C,code,True,Check_For_Colony_Calculation_Update_,1,536458,1148382
58,D:\MOX\OTHERS\OFFICER.C,code,False,Check_For_Officer_Level_,1,536538,1148462
58,D:\MOX\OTHERS\OFFICER.C,code,True,Check_Officer_Fields_,1,536606,1148530
58,D:\MOX\OTHERS\OFFICER.C,code,False,Deassign_Officer_,1,537586,1149510
58,D:\MOX\OTHERS\OFFICER.C,code,False,Decrement_Officer_ETA_,1,537807,1149731
58,D:\MOX\OTHERS\OFFICER.C,code,False,Deselect_Offpop_Icons_,1,537896,1149820
58,D:\MOX\OTHERS\OFFICER.C,code,False,Draw_Officer_Screen_,1,537936,1149860
58,D:\MOX\OTHERS\OFFICER.C,code,True,Draw_Officer_Screen_To_Back_,1,539166,1151090
58,D:\MOX\OTHERS\OFFICER.C,code,True,Draw_Offscrn_Colony_Window_,1,539493,1151417
58,D:\MOX\OTHERS\OFFICER.C,code,True,Draw_Offscrn_Fleet_Ship_Window_,1,539519,1151443
58,D:\MOX\OTHERS\OFFICER.C,code,True,Draw_Skill_Icon_,1,539539,1151463
58,D:\MOX\OTHERS\OFFICER.C,code,True,Fade_Into_Leaders_Screen_,1,539568,1151492
58,D:\MOX\OTHERS\OFFICER.C,code,False,Fleet_Screen_Icon_Ship_Id_,1,539753,1151677
58,D:\MOX\OTHERS\OFFICER.C,code,False,Get_Advanced_Government_Tech_,1,539827,1151751
58,D:\MOX\OTHERS\OFFICER.C,code,False,Get_Advanced_Government_Type_,1,539914,1151838
58,D:\MOX\OTHERS\OFFICER.C,code,True,Get_Officer_Base_Level_,1,539979,1151903
58,D:\MOX\OTHERS\OFFICER.C,code,False,Get_Officer_Costs_,1,540046,1151970
58,D:\MOX\OTHERS\OFFICER.C,code,True,Get_Officer_Pictures_,1,540151,1152075
58,D:\MOX\OTHERS\OFFICER.C,code,False,Get_Random_Skills_,1,540338,1152262
58,D:\MOX\OTHERS\OFFICER.C,code,True,Get_Research_Cost_Skill_Value_,1,540683,1152607
58,D:\MOX\OTHERS\OFFICER.C,code,True,Get_Skill_Data_Max_Pixel_Width_,1,540715,1152639
58,D:\MOX\OTHERS\OFFICER.C,code,True,Hire_Officer_,1,540971,1152895
58,D:\MOX\OTHERS\OFFICER.C,code,False,Is_Fleet_Officer_Screen_,1,541115,1153039
58,D:\MOX\OTHERS\OFFICER.C,code,False,Kill_Officer_,1,541126,1153050
58,D:\MOX\OTHERS\OFFICER.C,code,True,Leader_Can_Be_Assigned_,1,541268,1153192
58,D:\MOX\OTHERS\OFFICER.C,code,True,Leaders_In_Hiring_Pool_,1,541307,1153231
58,D:\MOX\OTHERS\OFFICER.C,code,True,Load_Officer_Skill_Name_Descriptions_,1,541437,1153361
58,D:\MOX\OTHERS\OFFICER.C,code,False,Move_From_Limbo_To_Pool_,1,541558,1153482
58,D:\MOX\OTHERS\OFFICER.C,code,True,Move_Officer_To_Limbo_,1,541600,1153524
58,D:\MOX\OTHERS\OFFICER.C,code,False,Move_Officer_To_Pool_,1,541859,1153783
58,D:\MOX\OTHERS\OFFICER.C,code,True,Change_Screen_Type_,1,542012,1153936
58,D:\MOX\OTHERS\OFFICER.C,code,False,Officer_Exp_,1,542316,1154240
58,D:\MOX\OTHERS\OFFICER.C,code,False,Officer_Has_General_Skill_,1,542333,1154257
58,D:\MOX\OTHERS\OFFICER.C,code,False,Officer_Has_Special_Skill_,1,542366,1154290
58,D:\MOX\OTHERS\OFFICER.C,code,False,Officer_Skill_Value_,1,542391,1154315
58,D:\MOX\OTHERS\OFFICER.C,code,False,One_Leader_With_Galactic_Lore_,1,542839,1154763
58,D:\MOX\OTHERS\OFFICER.C,code,True,Bonus_For_Famous_Heroes_,1,542863,1154787
58,D:\MOX\OTHERS\OFFICER.C,code,False,Officer_Level_,1,543017,1154941
58,D:\MOX\OTHERS\OFFICER.C,code,False,Owned_Officer_Level_,1,543057,1154981
58,D:\MOX\OTHERS\OFFICER.C,code,False,Officer_Made_Level_Report_,1,543143,1155067
58,D:\MOX\OTHERS\OFFICER.C,code,False,Officer_Maintenance_,1,543389,1155313
58,D:\MOX\OTHERS\OFFICER.C,code,True,Officer_Screen_Text_Box_,1,543510,1155434
58,D:\MOX\OTHERS\OFFICER.C,code,True,Officer_Screen_User_Box_,1,543546,1155470
58,D:\MOX\OTHERS\OFFICER.C,code,False,Officer_Skill_Bonus_,1,543666,1155590
58,D:\MOX\OTHERS\OFFICER.C,code,False,Officers_Screen_,1,543773,1155697
58,D:\MOX\OTHERS\OFFICER.C,code,False,Print_ETA_On_Officer_Picture_,1,546530,1158454
58,D:\MOX\OTHERS\OFFICER.C,code,False,Print_Galmap_Scanned_Ship_,1,546787,1158711
58,D:\MOX\OTHERS\OFFICER.C,code,False,Print_Officer_Data_,1,547754,1159678
58,D:\MOX\OTHERS\OFFICER.C,code,False,Print_Officer_Skill_Help_,1,549741,1161665
58,D:\MOX\OTHERS\OFFICER.C,code,True,Print_Scanned_Ship_Name_,1,550075,1161999
58,D:\MOX\OTHERS\OFFICER.C,code,False,Random_Skill_,1,550350,1162274
58,D:\MOX\OTHERS\OFFICER.C,code,False,Random_Skill2_,1,550711,1162635
58,D:\MOX\OTHERS\OFFICER.C,code,True,Reload_Officer_Screen_Pictures_,1,551121,1163045
58,D:\MOX\OTHERS\OFFICER.C,code,False,Reload_Officer_Skill_Icons_,1,552165,1164089
58,D:\MOX\OTHERS\OFFICER.C,code,True,Reload_Offscrn_Galaxy_Stars_,1,552219,1164143
58,D:\MOX\OTHERS\OFFICER.C,code,True,Reload_Offscrn_Small_Ship_Icons_,1,552274,1164198
58,D:\MOX\OTHERS\OFFICER.C,code,False,Restore_Officer_Structure_,1,552459,1164383
58,D:\MOX\OTHERS\OFFICER.C,code,False,Save_Officer_Structure_,1,552487,1164411
58,D:\MOX\OTHERS\OFFICER.C,code,True,Save_Officers_Original_Colony_Id_,1,552509,1164433
58,D:\MOX\OTHERS\OFFICER.C,code,True,Save_Officers_Original_Ship_Id_,1,552553,1164477
58,D:\MOX\OTHERS\OFFICER.C,code,True,Scan_Officer_Fields_,1,552597,1164521
58,D:\MOX\OTHERS\OFFICER.C,code,False,Scan_Offscrn_Big_Icon_Fields_,1,553025,1164949
58,D:\MOX\OTHERS\OFFICER.C,code,True,Initialize_Scroll_Bar_,1,553302,1165226
58,D:\MOX\OTHERS\OFFICER.C,code,False,Set_Officer_To_Player_,1,553359,1165283
58,D:\MOX\OTHERS\OFFICER.C,code,False,Ships_In_Same_Place_,1,553607,1165531
58,D:\MOX\OTHERS\OFFICER.C,code,False,Skill_Bonus_,1,553668,1165592
58,D:\MOX\OTHERS\OFFICER.C,code,False,Wrapper_For_Colony_Officer_Popup_Data_,1,553710,1165634
58,D:\MOX\OTHERS\OFFICER.C,code,False,Wrapper_For_Officer_Popup_Help_Fields_,1,553790,1165714
58,D:\MOX\OTHERS\OFFICER.C,code,True,Wrapper_For_Offscrn_Data_,1,553932,1165856
58,D:\MOX\OTHERS\OFFICER.C,code,True,Wrapper_For_Offscrn_Help_Fields_,1,553984,1165908
58,D:\MOX\OTHERS\OFFICER.C,code,True,Wrapper_For_Offscrn_System_Fields_,1,554104,1166028
58,D:\MOX\OTHERS\OFFICER.C,code,True,Wrapper_For_Offscrn_System_Popup_,1,554150,1166074
58,D:\MOX\OTHERS\OFFICER.C,code,False,Wrapper_To_Add_Officer_Popup_Help_Fields_,1,554281,1166205
58,D:\MOX\OTHERS\OFFICER.C,code,False,Officer_Name_,1,554341,1166265
58,D:\MOX\OTHERS\OFFICER.C,code,False,Leader_Name_,1,554376,1166300
58,D:\MOX\OTHERS\OFFICER.C,code,False,Officer_Status_Ok_,1,554815,1166739
58,D:\MOX\OTHERS\OFFICER.C,code,False,N_Fleet_Officers_Owned_By_Player_,1,554860,1166784
58,D:\MOX\OTHERS\OFFICER.C,code,False,N_Star_Officers_Owned_By_Player_,1,554927,1166851
58,D:\MOX\OTHERS\OFFICER.C,code,False,Hero_Slot_Open_,1,555001,1166925
58,D:\MOX\OTHERS\OFFICER.C,code,False,Chance_To_Hire_Hero_,1,555037,1166961
58,D:\MOX\OTHERS\OFFICER.C,code,False,Increase_Officer_Level_By_One_,1,555424,1167348
58,D:\MOX\OTHERS\OFFICER.C,code,False,Calculate_Officer_Cost_,1,555561,1167485
58,D:\MOX\OTHERS\OFFICER.C,code,False,Officer_Cost_,1,555565,1167489
58,D:\MOX\OTHERS\OFFICER.C,code,False,Random_Officer_Check_,1,555622,1167546
58,D:\MOX\OTHERS\OFFICER.C,code,False,Generate_Random_Officer_,1,555732,1167656
58,D:\MOX\OTHERS\OFFICER.C,code,True,Select_Leader_For_Hire_,1,555821,1167745
58,D:\MOX\OTHERS\OFFICER.C,code,False,Leader_Available_For_Hire_,1,556077,1168001
58,D:\MOX\OTHERS\OFFICER.C,code,False,Give_Officer_XP_,1,556132,1168056
58,D:\MOX\OTHERS\OFFICER.C,code,True,Find_Selected_Leader_,1,556377,1168301
58,D:\MOX\OTHERS\OFFICER.C,code,False,Marooned_Hero_At_Star_Can_Join_,1,556941,1168865
58,D:\MOX\OTHERS\OFFICER.C,code,True,Do_Hire_Officer_,1,557154,1169078
58,D:\MOX\OTHERS\OFFICER.C,code,False,Give_Player_Loknar_Special_,1,557275,1169199
58,D:\MOX\OTHERS\OFFICER.C,code,True,Make_Loknar_Message_,1,557521,1169445
58,D:\MOX\OTHERS\OFFICER.C,code,False,Rescued_Loknar_Popup_,1,557698,1169622
58,D:\MOX\OTHERS\OFFICER.C,code,True,Get_Random_Antaran_Tech_,1,557750,1169674
58,D:\MOX\OTHERS\OFFICER.C,code,True,Get_Available_Antaran_Tech_,1,557923,1169847
58,D:\MOX\OTHERS\OFFICER.C,code,True,Assign_Loknar_Ship_To_Player_,1,558008,1169932
58,D:\MOX\OTHERS\OFFICER.C,code,False,Allocate_Adv_Civ_Game_Officers_,1,558217,1170141
58,D:\MOX\OTHERS\OFFICER.C,code,True,Get_N_Skills_Per_Officer_Displayed_,1,558643,1170567
58,D:\MOX\OTHERS\OFFICER.C,code,True,Set_Officer_Screen_Help_,1,558892,1170816
58,D:\MOX\OTHERS\OFFICER.C,code,True,Dismiss_Officer_,1,558961,1170885
58,D:\MOX\OTHERS\OFFICER.C,code,True,Assign_Captain_,1,559099,1171023
58,D:\MOX\OTHERS\OFFICER.C,code,False,Ai_Assign_Leader_To_Ship_,1,560163,1172087
58,D:\MOX\OTHERS\OFFICER.C,code,False,Ai_Assign_Leader_To_Star_,1,560263,1172187
58,D:\MOX\OTHERS\OFFICER.C,code,True,Assign_Leader_To_Star_,1,560363,1172287
58,D:\MOX\OTHERS\OFFICER.C,code,True,Assign_Leader_To_Ship_,1,560557,1172481
58,D:\MOX\OTHERS\OFFICER.C,code,True,Get_Ship_Leader_ETA_,1,560715,1172639
58,D:\MOX\OTHERS\OFFICER.C,code,True,Get_Star_Leader_ETA_,1,560962,1172886
58,D:\MOX\OTHERS\OFFICER.C,code,False,Leader_Cheat_Popup_,1,561134,1173058
58,D:\MOX\OTHERS\OFFICER.C,code,True,Give_Leader_Specials_To_Player_,1,561699,1173623
58,D:\MOX\OTHERS\OFFICER.C,code,False,Best_Diplomat_Skill_Bonus_,1,562011,1173935
58,D:\MOX\OTHERS\OFFICER.C,code,True,Get_Skill_Description_LBX_Name_,1,562179,1174103
58,D:\MOX\OTHERS\OFFICER.C,code,True,Officer_Is_Female_,1,562243,1174167
58,D:\MOX\OTHERS\OFFICER.C,code,True,Get_Italian_The_,1,562285,1174209
59,D:\MOX\OTHERS\PLNTSUM.C,code,True,_max_planet_flags,1,562433,1174357
59,D:\MOX\OTHERS\PLNTSUM.C,code,True,Set_Auto_Colonize_Flag_,1,562466,1174390
59,D:\MOX\OTHERS\PLNTSUM.C,code,False,Colony_Ship_Auto_Colonization_,1,562477,1174401
59,D:\MOX\OTHERS\PLNTSUM.C,code,True,Add_Colony_Ship_Icon_Field_,1,562495,1174419
59,D:\MOX\OTHERS\PLNTSUM.C,code,True,Add_Outpost_Ship_Icon_Field_,1,562571,1174495
59,D:\MOX\OTHERS\PLNTSUM.C,code,True,Add_Plntsum_Fields_,1,562641,1174565
59,D:\MOX\OTHERS\PLNTSUM.C,code,False,Absolute_Distance_,1,563547,1175471
59,D:\MOX\OTHERS\PLNTSUM.C,code,True,Add_Planet_Summary_Bar_Field_,1,563585,1175509
59,D:\MOX\OTHERS\PLNTSUM.C,code,True,Add_PlntSum_Galaxy_Map_Fields_,1,563647,1175571
59,D:\MOX\OTHERS\PLNTSUM.C,code,True,Allocate_Space_For_Summary_Screen_,1,563823,1175747
59,D:\MOX\OTHERS\PLNTSUM.C,code,True,Build_Ship_Summary_,1,563962,1175886
59,D:\MOX\OTHERS\PLNTSUM.C,code,True,Check_For_Colony_And_Outpost_Ships_,1,564743,1176667
59,D:\MOX\OTHERS\PLNTSUM.C,code,True,Clear_Planet_Explored_Flags_,1,565026,1176950
59,D:\MOX\OTHERS\PLNTSUM.C,code,True,Player_Colors_,1,565048,1176972
59,D:\MOX\OTHERS\PLNTSUM.C,code,True,Colony_Owner_Colors_,1,565323,1177247
59,D:\MOX\OTHERS\PLNTSUM.C,code,True,Determine_Button_Status_,1,565371,1177295
59,D:\MOX\OTHERS\PLNTSUM.C,code,True,Draw_Rotating_Planets_,1,565541,1177465
59,D:\MOX\OTHERS\PLNTSUM.C,code,False,Fill_Summary_Screen_Scroll_Bar_,1,565744,1177668
59,D:\MOX\OTHERS\PLNTSUM.C,code,True,Filter_Explored_Planets_,1,565946,1177870
59,D:\MOX\OTHERS\PLNTSUM.C,code,True,Get_Colony_Outpost_Marker_XY_,1,566513,1178437
59,D:\MOX\OTHERS\PLNTSUM.C,code,True,Get_ETA_To_Star_,1,566760,1178684
59,D:\MOX\OTHERS\PLNTSUM.C,code,True,Load_Planet_Segment_,1,566891,1178815
59,D:\MOX\OTHERS\PLNTSUM.C,code,True,Load_Planet_Pictures_,1,566944,1178868
59,D:\MOX\OTHERS\PLNTSUM.C,code,True,Load_Planet_Summary_Ship_Icon_,1,566985,1178909
59,D:\MOX\OTHERS\PLNTSUM.C,code,True,Load_Planet_Summary_Pictures_,1,567049,1178973
59,D:\MOX\OTHERS\PLNTSUM.C,code,True,Planet_Has_Adverse_Gravity_,1,567690,1179614
59,D:\MOX\OTHERS\PLNTSUM.C,code,True,Planet_Has_Been_Visited_,1,567724,1179648
59,D:\MOX\OTHERS\PLNTSUM.C,code,True,Planet_Has_Hostile_Environment_,1,567778,1179702
59,D:\MOX\OTHERS\PLNTSUM.C,code,True,Planet_Has_Players_Colony_,1,567800,1179724
59,D:\MOX\OTHERS\PLNTSUM.C,code,True,First_Planet_In_Summary_List_,1,567854,1179778
59,D:\MOX\OTHERS\PLNTSUM.C,code,True,Planet_Summary_List_Id_,1,567939,1179863
59,D:\MOX\OTHERS\PLNTSUM.C,code,True,Planet_In_Range_Of_A_Colony_,1,568001,1179925
59,D:\MOX\OTHERS\PLNTSUM.C,code,True,Planet_Is_Enemy_Controlled_,1,568045,1179969
59,D:\MOX\OTHERS\PLNTSUM.C,code,True,Planet_Is_Mineral_Scarce_,1,568300,1180224
59,D:\MOX\OTHERS\PLNTSUM.C,code,True,Planet_Is_Outpost_Planet_,1,568333,1180257
59,D:\MOX\OTHERS\PLNTSUM.C,code,True,Planet_Summary_Id_,1,568375,1180299
59,D:\MOX\OTHERS\PLNTSUM.C,code,True,Print_Colony_Outpost_Marker_,1,568441,1180365
59,D:\MOX\OTHERS\PLNTSUM.C,code,True,Productivity_Penalty_,1,569095,1181019
59,D:\MOX\OTHERS\PLNTSUM.C,code,True,Reset_Ship_To_Star_Distances_,1,569202,1181126
59,D:\MOX\OTHERS\PLNTSUM.C,code,True,Scan_Summary_Box_Fields_,1,569421,1181345
59,D:\MOX\OTHERS\PLNTSUM.C,code,True,Send_Colony_Button_Selectable_,1,569985,1181909
59,D:\MOX\OTHERS\PLNTSUM.C,code,True,Nearest_Ship_Id_,1,569991,1181915
59,D:\MOX\OTHERS\PLNTSUM.C,code,True,Send_Nearest_Ship_,1,570055,1181979
59,D:\MOX\OTHERS\PLNTSUM.C,code,True,Send_Outpost_Button_Selectable_,1,571371,1183295
59,D:\MOX\OTHERS\PLNTSUM.C,code,True,Set_Colony_Ship_To_Star_Distances_,1,571377,1183301
59,D:\MOX\OTHERS\PLNTSUM.C,code,True,Set_Outpost_Ship_To_Star_Distances_,1,571800,1183724
59,D:\MOX\OTHERS\PLNTSUM.C,code,True,Set_Planet_Explored_Flags_,1,572224,1184148
59,D:\MOX\OTHERS\PLNTSUM.C,code,True,Ship_Is_Not_Colonizing_,1,572309,1184233
59,D:\MOX\OTHERS\PLNTSUM.C,code,True,Sort_Planet_Summary_,1,572397,1184321
59,D:\MOX\OTHERS\PLNTSUM.C,code,True,Draw_Nearest_Ship_Directional_Line_,1,572486,1184410
59,D:\MOX\OTHERS\PLNTSUM.C,code,True,Summary_Found_Colony_Ship_,1,573141,1185065
59,D:\MOX\OTHERS\PLNTSUM.C,code,True,Summary_Found_Outpost_Ship_,1,573176,1185100
59,D:\MOX\OTHERS\PLNTSUM.C,code,True,Summary_Planet_Index_,1,573212,1185136
59,D:\MOX\OTHERS\PLNTSUM.C,code,True,Summary_Screen_Print_Data_,1,573296,1185220
59,D:\MOX\OTHERS\PLNTSUM.C,code,True,Summary_Screen_Print_Scanned_,1,574976,1186900
59,D:\MOX\OTHERS\PLNTSUM.C,code,False,Summary_Ship_Index_,1,575986,1187910
59,D:\MOX\OTHERS\PLNTSUM.C,code,True,Draw_Colony_Ship_Icon_,1,576052,1187976
59,D:\MOX\OTHERS\PLNTSUM.C,code,True,Draw_Outpost_Ship_Icon_,1,576111,1188035
59,D:\MOX\OTHERS\PLNTSUM.C,code,True,Wrapper_For_Planet_Summary_Galaxy_Map_,1,576160,1188084
59,D:\MOX\OTHERS\PLNTSUM.C,code,True,qsort_by_climate_,1,576767,1188691
59,D:\MOX\OTHERS\PLNTSUM.C,code,True,qsort_by_max_population_,1,576780,1188704
59,D:\MOX\OTHERS\PLNTSUM.C,code,True,qsort_by_minerals_,1,576791,1188715
59,D:\MOX\OTHERS\PLNTSUM.C,code,True,Undo_Send_Order_,1,576804,1188728
59,D:\MOX\OTHERS\PLNTSUM.C,code,True,Update_Ship_Etas_,1,577448,1189372
59,D:\MOX\OTHERS\PLNTSUM.C,code,False,Draw_Mini_Planet_Summary_Screen_,1,577734,1189658
59,D:\MOX\OTHERS\PLNTSUM.C,code,True,Draw_Planet_Summary_Screen_,1,577734,1189658
59,D:\MOX\OTHERS\PLNTSUM.C,code,False,Planet_Summary_Screen_,1,578130,1190054
60,D:\MOX\OTHERS\SCORE.C,code,True,Add_Hi_Score_Screen_Fields_,1,579562,1191486
60,D:\MOX\OTHERS\SCORE.C,code,True,Build_Captured_Colonists_Array_,1,579606,1191530
60,D:\MOX\OTHERS\SCORE.C,code,True,Build_Pop_Array_,1,579916,1191840
60,D:\MOX\OTHERS\SCORE.C,code,True,Calculate_Hi_Scores_,1,579959,1191883
60,D:\MOX\OTHERS\SCORE.C,code,True,Captured_Antares_,1,580385,1192309
60,D:\MOX\OTHERS\SCORE.C,code,True,Captured_Orion_,1,580409,1192333
60,D:\MOX\OTHERS\SCORE.C,code,False,Do_Calculate_Hi_Score_,1,580433,1192357
60,D:\MOX\OTHERS\SCORE.C,code,True,Draw_Antares_Score_,1,580502,1192426
60,D:\MOX\OTHERS\SCORE.C,code,True,Draw_Cap_Pop_,1,580539,1192463
60,D:\MOX\OTHERS\SCORE.C,code,True,Draw_Captured_Colonies_Score_,1,580571,1192495
60,D:\MOX\OTHERS\SCORE.C,code,True,Draw_Council_Score_,1,580671,1192595
60,D:\MOX\OTHERS\SCORE.C,code,True,Draw_Total_Score_,1,580726,1192650
60,D:\MOX\OTHERS\SCORE.C,code,True,Draw_Eliminated_Race_Pictures_,1,581367,1193291
60,D:\MOX\OTHERS\SCORE.C,code,True,Draw_Elimination_Score_,1,582012,1193936
60,D:\MOX\OTHERS\SCORE.C,code,True,Draw_Generic_Score_,1,582151,1194075
60,D:\MOX\OTHERS\SCORE.C,code,True,Draw_Hi_Score_Screen_,1,582266,1194190
60,D:\MOX\OTHERS\SCORE.C,code,True,Draw_Orion_Score_,1,582573,1194497
60,D:\MOX\OTHERS\SCORE.C,code,True,Draw_Pop_,1,582609,1194533
60,D:\MOX\OTHERS\SCORE.C,code,True,Draw_Population_Score_,1,583169,1195093
60,D:\MOX\OTHERS\SCORE.C,code,True,Draw_Reg_Pop_,1,583242,1195166
60,D:\MOX\OTHERS\SCORE.C,code,True,Draw_Technology_Score_,1,583268,1195192
60,D:\MOX\OTHERS\SCORE.C,code,True,Draw_Time_Score_,1,583307,1195231
60,D:\MOX\OTHERS\SCORE.C,code,True,Get_Antares_Score_,1,583441,1195365
60,D:\MOX\OTHERS\SCORE.C,code,True,Get_Captured_Colonist_Score_,1,583477,1195401
60,D:\MOX\OTHERS\SCORE.C,code,True,Get_Hall_Of_Fame_Colors_,1,583533,1195457
60,D:\MOX\OTHERS\SCORE.C,code,True,Get_Hi_Score_Colors_,1,583616,1195540
60,D:\MOX\OTHERS\SCORE.C,code,True,Get_Elimination_Score_,1,583756,1195680
60,D:\MOX\OTHERS\SCORE.C,code,True,Get_Orion_Score_,1,583843,1195767
60,D:\MOX\OTHERS\SCORE.C,code,True,Get_Population_Score_,1,583879,1195803
60,D:\MOX\OTHERS\SCORE.C,code,True,Get_Technology_,1,583947,1195871
60,D:\MOX\OTHERS\SCORE.C,code,True,Get_Technology_Score_,1,584051,1195975
60,D:\MOX\OTHERS\SCORE.C,code,True,Get_Time_Score_,1,584083,1196007
60,D:\MOX\OTHERS\SCORE.C,code,True,Get_Total_Population_,1,584154,1196078
60,D:\MOX\OTHERS\SCORE.C,code,True,Get_Won_Council_Score_,1,584215,1196139
60,D:\MOX\OTHERS\SCORE.C,code,False,Hi_Score_Screen_,1,584251,1196175
60,D:\MOX\OTHERS\SCORE.C,code,True,Load_Hi_Score_Screen_,1,584514,1196438
60,D:\MOX\OTHERS\SCORE.C,code,True,Won_Council_Vote_,1,584754,1196678
60,D:\MOX\OTHERS\SCORE.C,code,True,Print_Score_String_,1,584778,1196702
60,D:\MOX\OTHERS\SCORE.C,code,False,Player_Score_,1,585096,1197020
60,D:\MOX\OTHERS\SCORE.C,code,True,Load_Hall_Of_Fame_Screen_,1,585185,1197109
60,D:\MOX\OTHERS\SCORE.C,code,True,Draw_Hall_Of_Fame_Screen_,1,585283,1197207
60,D:\MOX\OTHERS\SCORE.C,code,False,Hall_Of_Fame_Screen_,1,586374,1198298
60,D:\MOX\OTHERS\SCORE.C,code,True,qsort_hof_scores_descending_,1,586823,1198747
60,D:\MOX\OTHERS\SCORE.C,code,True,qsort_hof_scores_ascending_,1,586874,1198798
60,D:\MOX\OTHERS\SCORE.C,code,True,Read_HOF_File_,1,586925,1198849
60,D:\MOX\OTHERS\SCORE.C,code,True,Write_HOF_File_,1,587013,1198937
60,D:\MOX\OTHERS\SCORE.C,code,False,Write_Score_To_File_,1,587071,1198995
60,D:\MOX\OTHERS\SCORE.C,code,True,Create_Default_HOF_File_,1,587072,1198996
60,D:\MOX\OTHERS\SCORE.C,code,False,End_Of_Game_Hi_Score_,1,587538,1199462
60,D:\MOX\OTHERS\SCORE.C,code,True,Init_Hall_Of_Fame_Screen_,1,588161,1200085
60,D:\MOX\OTHERS\SCORE.C,code,True,HOF_Version_Number_,1,588758,1200682
60,D:\MOX\OTHERS\SCORE.C,code,True,Sort_HOF_Scores_,1,588777,1200701
60,D:\MOX\OTHERS\SCORE.C,code,True,Move_Sorted_HOF_Data_,1,588839,1200763
60,D:\MOX\OTHERS\SCORE.C,code,True,Set_Hi_Score_Pop_Icon_Ids_,1,589040,1200964
60,D:\MOX\OTHERS\SCORE.C,code,True,Get_From_Tmp_Pop_,1,589622,1201546
60,D:\MOX\OTHERS\SCORE.C,code,True,ascending_qsort_uchar_,1,589804,1201728
61,D:\MOX\OTHERS\SCROLL.C,code,False,Handle_Vertical_Scroll_Field_,1,589813,1201737
61,D:\MOX\OTHERS\SCROLL.C,code,False,Get_Vertical_Scroll_Bar_First_Item_,1,589888,1201812
61,D:\MOX\OTHERS\SCROLL.C,code,False,Get_Vertical_Scroll_Bar_Height_,1,590065,1201989
61,D:\MOX\OTHERS\SCROLL.C,code,False,Set_Vertical_Scroll_Bar_Maxima_,1,590117,1202041
61,D:\MOX\OTHERS\SCROLL.C,code,False,Scroll_Down_One_Item_,1,590173,1202097
61,D:\MOX\OTHERS\SCROLL.C,code,False,Scroll_Up_One_Item_,1,590278,1202202
61,D:\MOX\OTHERS\SCROLL.C,code,False,Draw_Generic_Vertical_Scroll_Bar_,1,590374,1202298
62,D:\MOX\OTHERS\SHIPS.C,code,False,Build_Ship_Icons_,1,590597,1202521
62,D:\MOX\OTHERS\SHIPS.C,code,False,Draw_Ship_Icons_,1,591631,1203555
62,D:\MOX\OTHERS\SHIPS.C,code,False,Set_Ship_Icon_XYs_,1,591816,1203740
62,D:\MOX\OTHERS\SHIPS.C,code,False,Do_Ship_Destination_Lines_,1,591885,1203809
62,D:\MOX\OTHERS\SHIPS.C,code,False,Add_Ship_Icon_Fields_,1,592344,1204268
62,D:\MOX\OTHERS\SHIPS.C,code,False,Get_Ship_Icon_Coords_,1,592476,1204400
62,D:\MOX\OTHERS\SHIPS.C,code,True,Get_XYs_For_Orbiting_Ships_,1,592816,1204740
62,D:\MOX\OTHERS\SHIPS.C,code,False,Get_Ship_Icon_Coords_In_Space_,1,593109,1205033
62,D:\MOX\OTHERS\SHIPS.C,code,False,Get_Ship_Icon_Pict_Seg_,1,593272,1205196
62,D:\MOX\OTHERS\SHIPS.C,code,False,Get_Stack_Orbiting_Star_,1,593706,1205630
62,D:\MOX\OTHERS\SHIPS.C,code,False,Overlapped_Ship_Icon_Button_,1,593832,1205756
62,D:\MOX\OTHERS\SHIPS.C,code,False,Build_Ship_Id_List_,1,594263,1206187
62,D:\MOX\OTHERS\SHIPS.C,code,False,Draw_Directional_Multi_Colored_Line_,1,594368,1206292
62,D:\MOX\OTHERS\SHIPS.C,code,False,Draw_Ship_Destination_Line_,1,594585,1206509
62,D:\MOX\OTHERS\SHIPS.C,code,False,Enemy_Ship_Heading_Toward_Our_Colony_,1,594753,1206677
62,D:\MOX\OTHERS\SHIPS.C,code,False,Print_Eta_On_Ship_Icon_,1,594864,1206788
62,D:\MOX\OTHERS\SHIPS.C,code,False,Load_Highlighted_Ship_Icon_Picture_,1,595029,1206953
62,D:\MOX\OTHERS\SHIPS.C,code,True,qsort_ship_icon_,1,595501,1207425
62,D:\MOX\OTHERS\SHIPS.C,code,False,Kill_Ship_,1,595514,1207438
62,D:\MOX\OTHERS\SHIPS.C,code,False,Build_Nonplayer_Ship_,1,595647,1207571
62,D:\MOX\OTHERS\SHIPS.C,code,False,Set_Nonplayer_Ship_XY_,1,595810,1207734
62,D:\MOX\OTHERS\SHIPS.C,code,False,Set_Nonplayer_Ship_Destination_,1,596515,1208439
62,D:\MOX\OTHERS\SHIPS.C,code,False,Deploy_Ships_To_Attack_Antares_,1,596730,1208654
62,D:\MOX\OTHERS\SHIPS.C,code,False,Reset_Ships_Attacking_Antares_,1,596878,1208802
62,D:\MOX\OTHERS\SHIPS.C,code,False,Get_Ship_Icon_Dimensions_,1,596937,1208861
62,D:\MOX\OTHERS\SHIPS.C,code,False,Clear_Auto_Colonization_Flag_,1,596980,1208904
62,D:\MOX\OTHERS\SHIPS.C,code,False,Clear_All_Ships_Auto_Colonization_Flag_,1,597005,1208929
63,D:\MOX\OTHERS\SYS.C,code,True,_flag_replacement_colors,1,597070,1208994
63,D:\MOX\OTHERS\SYS.C,code,False,Add_System_Display_Popup_Fields_,1,597108,1209032
63,D:\MOX\OTHERS\SYS.C,code,True,Build_System_Popup_Ships_,1,598030,1209954
63,D:\MOX\OTHERS\SYS.C,code,False,Clear_System_Display_Loaded_Flag_,1,598221,1210145
63,D:\MOX\OTHERS\SYS.C,code,False,Clear_System_Display_Ship_Fields_,1,598252,1210176
63,D:\MOX\OTHERS\SYS.C,code,True,Do_Print_Planet_Info_,1,598307,1210231
63,D:\MOX\OTHERS\SYS.C,code,True,Do_Print_System_Ship_Data_,1,599779,1211703
63,D:\MOX\OTHERS\SYS.C,code,True,Draw_Colony_Marker_,1,601105,1213029
63,D:\MOX\OTHERS\SYS.C,code,True,Draw_Gate_Icons_,1,601190,1213114
63,D:\MOX\OTHERS\SYS.C,code,True,Draw_Outpost_Marker_,1,601389,1213313
63,D:\MOX\OTHERS\SYS.C,code,True,Draw_Planet_With_Pierced_Ring_,1,601468,1213392
63,D:\MOX\OTHERS\SYS.C,code,False,Draw_Sun_Seg_,1,602149,1214073
63,D:\MOX\OTHERS\SYS.C,code,True,Draw_System_Display_Border_,1,602309,1214233
63,D:\MOX\OTHERS\SYS.C,code,True,Draw_System_Display_Planets_,1,602365,1214289
63,D:\MOX\OTHERS\SYS.C,code,False,Draw_System_Display_Popup_,1,602586,1214510
63,D:\MOX\OTHERS\SYS.C,code,True,Draw_System_Highlight_,1,604693,1216617
63,D:\MOX\OTHERS\SYS.C,code,True,Draw_System_Ship_Icons_,1,605124,1217048
63,D:\MOX\OTHERS\SYS.C,code,True,Get_Gate_Icon_XY_,1,605482,1217406
63,D:\MOX\OTHERS\SYS.C,code,True,Get_Planet_Info_Box_Dimensions_,1,605544,1217468
63,D:\MOX\OTHERS\SYS.C,code,False,Get_Rotating_Planet_Segment_,1,605572,1217496
63,D:\MOX\OTHERS\SYS.C,code,True,Get_System_Display_Ship_Icon_XY_,1,605757,1217681
63,D:\MOX\OTHERS\SYS.C,code,True,Get_System_Ship_Info_Box_Dimensions_,1,605948,1217872
63,D:\MOX\OTHERS\SYS.C,code,True,Hide_System_Display_,1,605985,1217909
63,D:\MOX\OTHERS\SYS.C,code,False,Init_System_Display_,1,606182,1218106
63,D:\MOX\OTHERS\SYS.C,code,True,Load_New_System_Display_,1,606286,1218210
63,D:\MOX\OTHERS\SYS.C,code,False,N_Ships_By_Type_At_Location_,1,607023,1218947
63,D:\MOX\OTHERS\SYS.C,code,True,Need_To_Reload_System_Display_,1,607270,1219194
63,D:\MOX\OTHERS\SYS.C,code,True,Global_Data_Seg_Ok_,1,607386,1219310
63,D:\MOX\OTHERS\SYS.C,code,False,Ok_To_View_System_,1,607484,1219408
63,D:\MOX\OTHERS\SYS.C,code,False,Potential_Colony_Info_Popup_,1,607551,1219475
63,D:\MOX\OTHERS\SYS.C,code,True,Print_Gate_Info_,1,608649,1220573
63,D:\MOX\OTHERS\SYS.C,code,True,Print_Planet_Info_,1,609295,1221219
63,D:\MOX\OTHERS\SYS.C,code,True,Print_System_Display_Box_Title_,1,609345,1221269
63,D:\MOX\OTHERS\SYS.C,code,False,Print_System_Ship_Data_,1,609713,1221637
63,D:\MOX\OTHERS\SYS.C,code,False,Restore_Planet_Palette_Colors_,1,609753,1221677
63,D:\MOX\OTHERS\SYS.C,code,True,Set_System_Display_Loaded_Flag_,1,609819,1221743
63,D:\MOX\OTHERS\SYS.C,code,False,Ships_At_Location_String_,1,609939,1221863
63,D:\MOX\OTHERS\SYS.C,code,False,Space_Monster_Here_,1,610057,1221981
63,D:\MOX\OTHERS\SYS.C,code,False,Wrapper_For_Informational_System_Fields_,1,610079,1222003
63,D:\MOX\OTHERS\SYS.C,code,False,Wrapper_For_Normal_System_Fields_,1,610136,1222060
63,D:\MOX\OTHERS\SYS.C,code,False,Wrapper_For_Normal_System_Popup_,1,610238,1222162
63,D:\MOX\OTHERS\SYS.C,code,True,qsort_sys_disp_,1,610373,1222297
63,D:\MOX\OTHERS\SYS.C,code,True,Calculate_Remap_Gray_Palettes_,1,610384,1222308
63,D:\MOX\OTHERS\SYS.C,code,True,Remap_Draw_With_Mask_,1,610606,1222530
63,D:\MOX\OTHERS\SYS.C,code,True,Remap_Draw_Animated_Sprite_Mask_,1,611292,1223216
63,D:\MOX\OTHERS\SYS.C,code,True,Remap_Clipped_Draw_Animated_Sprite_Mask_,1,611570,1223494
63,D:\MOX\OTHERS\SYS.C,code,True,Print_Empty_System_Data_,1,612155,1224079
63,D:\MOX\OTHERS\SYS.C,code,True,Buffer_Reload_System_Ships_,1,612420,1224344
63,D:\MOX\OTHERS\SYS.C,code,True,Print_Special_Building_Data_,1,612558,1224482
64,D:\MOX\OTHERS\TEXTBOX.C,code,False,Draw_Help_Entry_,1,612769,1224693
64,D:\MOX\OTHERS\TEXTBOX.C,code,False,Text_Box_,1,614066,1225990
64,D:\MOX\OTHERS\TEXTBOX.C,code,False,Timed_Text_Box_,1,614076,1226000
64,D:\MOX\OTHERS\TEXTBOX.C,code,False,Do_Text_Box_,1,614079,1226003
64,D:\MOX\OTHERS\TEXTBOX.C,code,True,Box_Centered_On_XY_,1,614758,1226682
64,D:\MOX\OTHERS\TEXTBOX.C,code,True,Text_Box_Startup_,1,615136,1227060
64,D:\MOX\OTHERS\TEXTBOX.C,code,True,Text_Box_Cleanup_,1,615389,1227313
64,D:\MOX\OTHERS\TEXTBOX.C,code,True,Text_Box_Get_Input_,1,615501,1227425
64,D:\MOX\OTHERS\TEXTBOX.C,code,False,Get_Mox_Text_Box_Base_Colors_,1,615595,1227519
64,D:\MOX\OTHERS\TEXTBOX.C,code,False,Get_Help_Lbx_Name_,1,615751,1227675
65,D:\MOX\OTHERS\BEAMS.C,code,True,Clear_Beam_SFX_Handles_,1,616974,1228898
65,D:\MOX\OTHERS\BEAMS.C,code,False,Rob_Interpolate_Line_,1,617006,1228930
65,D:\MOX\OTHERS\BEAMS.C,code,True,N_Frames_For_Last_Weapon_Fired_,1,617365,1229289
65,D:\MOX\OTHERS\BEAMS.C,code,False,Draw_Generic_Beam_,1,617372,1229296
65,D:\MOX\OTHERS\BEAMS.C,code,False,Get_Ship_Range_,1,619330,1231254
65,D:\MOX\OTHERS\BEAMS.C,code,False,Draw_Ship_Burst_,1,619364,1231288
65,D:\MOX\OTHERS\BEAMS.C,code,False,Draw_Ship_Explosion_,1,619447,1231371
65,D:\MOX\OTHERS\BEAMS.C,code,True,Load_Beam_Sfx_,1,619563,1231487
65,D:\MOX\OTHERS\BEAMS.C,code,True,Load_Ship_Burst_,1,619594,1231518
65,D:\MOX\OTHERS\BEAMS.C,code,True,Load_Ship_Explosion_,1,619717,1231641
65,D:\MOX\OTHERS\BEAMS.C,code,False,Load_Combat_Beam_Stuff_,1,619800,1231724
65,D:\MOX\OTHERS\BEAMS.C,code,False,Load_Pallette_Fragments_,1,619906,1231830
65,D:\MOX\OTHERS\BEAMS.C,code,False,Reset_Beam_Swapping_Colors_,1,619952,1231876
65,D:\MOX\OTHERS\BEAMS.C,code,False,Add_Weapon_Palette_Fragment_To_Current_Palette_,1,619971,1231895
65,D:\MOX\OTHERS\BEAMS.C,code,True,Fire_Weapon_,1,620060,1231984
65,D:\MOX\OTHERS\BEAMS.C,code,False,Beam_SFX_,1,622999,1234923
65,D:\MOX\OTHERS\BEAMS.C,code,False,Draw_Fighter_Beam_,1,626739,1238663
65,D:\MOX\OTHERS\BEAMS.C,code,True,Reset_Damage_Message_Queue_,1,627055,1238979
65,D:\MOX\OTHERS\BEAMS.C,code,False,Add_Damage_Message_To_Queue_,1,627065,1238989
65,D:\MOX\OTHERS\BEAMS.C,code,False,Squish_Out_Msg_Queue_Slot_,1,627176,1239100
65,D:\MOX\OTHERS\BEAMS.C,code,False,Draw_Damage_Message_Queue_,1,627235,1239159
65,D:\MOX\OTHERS\BEAMS.C,code,False,Done_Drawing_Damage_Message_Queue_,1,627354,1239278
65,D:\MOX\OTHERS\BEAMS.C,code,False,Draw_Damage_Indicator_,1,627366,1239290
65,D:\MOX\OTHERS\BEAMS.C,code,False,Add_Damage_Indicator_For_Ship_,1,627626,1239550
65,D:\MOX\OTHERS\BEAMS.C,code,False,Add_Damage_Indicator_For_Missile_,1,627730,1239654
65,D:\MOX\OTHERS\BEAMS.C,code,False,Add_Damage_Indicator_For_Biological_,1,627770,1239694
65,D:\MOX\OTHERS\BEAMS.C,code,False,Draw_Damage_Indicator_Right_,1,627808,1239732
65,D:\MOX\OTHERS\BEAMS.C,code,False,Draw_Damage_Indicator_Right2_,1,627839,1239763
65,D:\MOX\OTHERS\BEAMS.C,code,False,Draw_Damage_Message_Queue_Until_Done_,1,627873,1239797
65,D:\MOX\OTHERS\BEAMS.C,code,False,Get_SFX_Draw_Shield_Facing_,1,627964,1239888
65,D:\MOX\OTHERS\BEAMS.C,code,True,Get_SFX_Draw_Shield_Facing2_,1,628076,1240000
65,D:\MOX\OTHERS\BEAMS.C,code,True,Adjust_Shield_Display_Status_,1,628248,1240172
65,D:\MOX\OTHERS\BEAMS.C,code,True,XY_In_Shield_Radius_,1,628423,1240347
65,D:\MOX\OTHERS\BEAMS.C,code,True,Load_Shield_Hit_,1,628514,1240438
65,D:\MOX\OTHERS\BEAMS.C,code,False,Draw_All_Shields_,1,628642,1240566
65,D:\MOX\OTHERS\BEAMS.C,code,False,Shield_Anims_,1,628727,1240651
65,D:\MOX\OTHERS\BEAMS.C,code,False,Draw_Shield_Hit_Once_Through_,1,628839,1240763
65,D:\MOX\OTHERS\BEAMS.C,code,False,Draw_Shield_Hit_Next_Frame_,1,629151,1241075
65,D:\MOX\OTHERS\BEAMS.C,code,False,Ship_Size_To_Shield_Size_,1,629421,1241345
65,D:\MOX\OTHERS\BEAMS.C,code,False,Planet_Size_To_Shield_Size_,1,629448,1241372
65,D:\MOX\OTHERS\BEAMS.C,code,True,Draw_Shield_Hit_,1,629485,1241409
65,D:\MOX\OTHERS\BEAMS.C,code,True,Rot_To_Base_Rot_,1,630686,1242610
65,D:\MOX\OTHERS\BEAMS.C,code,True,Rot_To_Rot_Method_,1,630731,1242655
65,D:\MOX\OTHERS\BEAMS.C,code,True,Adjust_Reflection_Field_Display_Status_,1,630780,1242704
65,D:\MOX\OTHERS\BEAMS.C,code,True,Load_Reflection_Field_Hit_,1,631009,1242933
65,D:\MOX\OTHERS\BEAMS.C,code,False,Reflection_Field_Anims_,1,631049,1242973
65,D:\MOX\OTHERS\BEAMS.C,code,False,Draw_Reflection_Field_Hit_Once_Through_,1,631079,1243003
65,D:\MOX\OTHERS\BEAMS.C,code,False,Draw_Reflection_Field_Hit_Next_Frame_,1,631425,1243349
65,D:\MOX\OTHERS\BEAMS.C,code,True,Draw_Reflection_Field_Hit_,1,631693,1243617
65,D:\MOX\OTHERS\BEAMS.C,code,True,XY_In_Reflection_Field_Radius_,1,632155,1244079
65,D:\MOX\OTHERS\BEAMS.C,code,False,Get_Beam_Frames_,1,632246,1244170
65,D:\MOX\OTHERS\BEAMS.C,code,False,Draw_Beam_,1,632407,1244331
65,D:\MOX\OTHERS\BEAMS.C,code,False,Set_Beam_Colors_,1,633911,1245835
65,D:\MOX\OTHERS\BEAMS.C,code,False,Build_Steve_Stuff_Struct_For_Weapon_,1,635164,1247088
65,D:\MOX\OTHERS\BEAMS.C,code,False,Weapon_Has_Steve_Stuff_,1,636140,1248064
65,D:\MOX\OTHERS\BEAMS.C,code,False,Draw_Beam2_,1,636206,1248130
66,D:\MOX\OTHERS\CMBTSPEC.C,code,True,Draw_Anti_Missile_Rocket_Picture_,1,637008,1248932
66,D:\MOX\OTHERS\CMBTSPEC.C,code,True,Draw_Anti_Missile_Rockets_,1,637119,1249043
66,D:\MOX\OTHERS\CMBTSPEC.C,code,False,Anti_Missile_Rockets_,1,637449,1249373
66,D:\MOX\OTHERS\CMBTSPEC.C,code,True,Draw_Gyro_Special_Effect_,1,638045,1249969
66,D:\MOX\OTHERS\CMBTSPEC.C,code,False,Teleport_Enemy_Ship_,1,638963,1250887
66,D:\MOX\OTHERS\CMBTSPEC.C,code,False,Gyro_Destablizer_,1,639286,1251210
66,D:\MOX\OTHERS\CMBTSPEC.C,code,False,Lightning_Field_,1,640114,1252038
66,D:\MOX\OTHERS\CMBTSPEC.C,code,False,Draw_Stasis_Ball_,1,640537,1252461
66,D:\MOX\OTHERS\CMBTSPEC.C,code,False,Draw_Stasis_Beam_,1,641146,1253070
66,D:\MOX\OTHERS\CMBTSPEC.C,code,False,Draw_Cloak_,1,641866,1253790
66,D:\MOX\OTHERS\CMBTSPEC.C,code,False,Draw_Continuing_Tractor_,1,642267,1254191
66,D:\MOX\OTHERS\CMBTSPEC.C,code,False,Draw_Moving_Tractor_,1,642568,1254492
66,D:\MOX\OTHERS\CMBTSPEC.C,code,False,Plasma_Web_,1,642947,1254871
66,D:\MOX\OTHERS\CMBTSPEC.C,code,False,Tractor_Beam_,1,644042,1255966
66,D:\MOX\OTHERS\CMBTSPEC.C,code,False,Draw_Plasma_Web_,1,644480,1256404
66,D:\MOX\OTHERS\CMBTSPEC.C,code,False,Draw_Transporter_Bomb_Beam_,1,645109,1257033
66,D:\MOX\OTHERS\CMBTSPEC.C,code,False,Stellar_Converter_,1,645514,1257438
66,D:\MOX\OTHERS\CMBTSPEC.C,code,False,Start_Ship_Engine_SFX_,1,646399,1258323
66,D:\MOX\OTHERS\CMBTSPEC.C,code,False,End_Ship_Engine_SFX_,1,646436,1258360
66,D:\MOX\OTHERS\CMBTSPEC.C,code,False,Draw_Ship_Collapsing_,1,646464,1258388
66,D:\MOX\OTHERS\CMBTSPEC.C,code,False,Do_Spherical_SFX_,1,646680,1258604
66,D:\MOX\OTHERS\CMBTSPEC.C,code,False,Play_Ship_Explosion_SFX_,1,650251,1262175
66,D:\MOX\OTHERS\CMBTSPEC.C,code,False,Destroy_Ship_FX_,1,650363,1262287
66,D:\MOX\OTHERS\CMBTSPEC.C,code,False,Missile_Launch_FX_,1,652158,1264082
67,D:\MOX\OTHERS\COLBCACH.C,code,False,Allocate_Bldg_Cache_,1,652610,1264534
67,D:\MOX\OTHERS\COLBCACH.C,code,False,Deallocate_Bldg_Cache_,1,652718,1264642
67,D:\MOX\OTHERS\COLBCACH.C,code,True,Bldg_In_Cache_,1,652790,1264714
67,D:\MOX\OTHERS\COLBCACH.C,code,True,Oldest_Slot_In_Bldg_Cache_,1,652878,1264802
67,D:\MOX\OTHERS\COLBCACH.C,code,True,Touch_Slot_,1,652922,1264846
67,D:\MOX\OTHERS\COLBCACH.C,code,False,Touch_Bldg_,1,652946,1264870
67,D:\MOX\OTHERS\COLBCACH.C,code,False,Cache_Load_Bldg_,1,653020,1264944
68,D:\MOX\OTHERS\COLBLDG.C,code,False,Allocate_Help_Buffer_,1,653135,1265059
68,D:\MOX\OTHERS\COLBLDG.C,code,True,Colbldg_Create_Ship_,1,653167,1265091
68,D:\MOX\OTHERS\COLBLDG.C,code,False,Create_Ship_,1,653236,1265160
68,D:\MOX\OTHERS\COLBLDG.C,code,True,Colbldg_Scrap_Ship_,1,653803,1265727
68,D:\MOX\OTHERS\COLBLDG.C,code,True,Delete_Ship_,1,653804,1265728
68,D:\MOX\OTHERS\COLBLDG.C,code,False,Ship_N_Anim_,1,653832,1265756
68,D:\MOX\OTHERS\COLBLDG.C,code,False,Is_In_Queue_,1,653878,1265802
68,D:\MOX\OTHERS\COLBLDG.C,code,True,Print_Setting_Description_,1,653916,1265840
68,D:\MOX\OTHERS\COLBLDG.C,code,False,Get_Setting_Description_String_,1,654009,1265933
68,D:\MOX\OTHERS\COLBLDG.C,code,True,Print_App_Description_,1,654093,1266017
68,D:\MOX\OTHERS\COLBLDG.C,code,False,Clear_Last_App_Description_String_,1,654273,1266197
68,D:\MOX\OTHERS\COLBLDG.C,code,False,Get_App_Description_String_,1,654283,1266207
68,D:\MOX\OTHERS\COLBLDG.C,code,False,Option_String_,1,654445,1266369
68,D:\MOX\OTHERS\COLBLDG.C,code,False,Trace_Tech_Apps_,1,654658,1266582
68,D:\MOX\OTHERS\COLBLDG.C,code,True,N_Prods_In_Queue_,1,654825,1266749
68,D:\MOX\OTHERS\COLBLDG.C,code,False,N_Prods_In_Colony_Queue_,1,654860,1266784
68,D:\MOX\OTHERS\COLBLDG.C,code,False,N_Prods_In_Colony_Ptr_Queue_,1,654920,1266844
68,D:\MOX\OTHERS\COLBLDG.C,code,True,Star_N_Uncolonized_Worlds_,1,654958,1266882
68,D:\MOX\OTHERS\COLBLDG.C,code,True,qsort_building_by_name_,1,655072,1266996
68,D:\MOX\OTHERS\COLBLDG.C,code,False,Calculate_Building_Array_,1,655100,1267024
68,D:\MOX\OTHERS\COLBLDG.C,code,True,Build_Arrays_,1,655257,1267181
68,D:\MOX\OTHERS\COLBLDG.C,code,True,Calculate_Military_Array_,1,655262,1267186
68,D:\MOX\OTHERS\COLBLDG.C,code,True,Calc_Font_Off_,1,656237,1268161
68,D:\MOX\OTHERS\COLBLDG.C,code,True,Get_Font_Off_For_Buildings_,1,656279,1268203
68,D:\MOX\OTHERS\COLBLDG.C,code,True,Get_Font_Off_For_Military_,1,656537,1268461
68,D:\MOX\OTHERS\COLBLDG.C,code,False,Draw_Buildings_List_,1,656637,1268561
68,D:\MOX\OTHERS\COLBLDG.C,code,False,Draw_Militarys_List_,1,656995,1268919
68,D:\MOX\OTHERS\COLBLDG.C,code,False,Add_Buildings_Fields_,1,657610,1269534
68,D:\MOX\OTHERS\COLBLDG.C,code,False,Add_Militarys_Fields_,1,657740,1269664
68,D:\MOX\OTHERS\COLBLDG.C,code,True,Something_Behind_Settting_,1,657870,1269794
68,D:\MOX\OTHERS\COLBLDG.C,code,False,Load_Build_Anims_,1,657956,1269880
68,D:\MOX\OTHERS\COLBLDG.C,code,True,Draw_Building_Centered_In_Window_,1,658076,1270000
68,D:\MOX\OTHERS\COLBLDG.C,code,False,Draw_Building_Info_,1,658147,1270071
68,D:\MOX\OTHERS\COLBLDG.C,code,False,Build_Weapon_String_,1,658350,1270274
68,D:\MOX\OTHERS\COLBLDG.C,code,False,Build_Ship_Design_Info_Formatted_Paragraph_,1,658678,1270602
68,D:\MOX\OTHERS\COLBLDG.C,code,True,Draw_Ship_Design_Info2_,1,660042,1271966
68,D:\MOX\OTHERS\COLBLDG.C,code,False,Draw_Ship_Design_Info_,1,660140,1272064
68,D:\MOX\OTHERS\COLBLDG.C,code,False,Draw_Ship_Info_,1,660384,1272308
68,D:\MOX\OTHERS\COLBLDG.C,code,False,Draw_Active_Prod_,1,660568,1272492
68,D:\MOX\OTHERS\COLBLDG.C,code,True,Get_First_Empty_Queue_Slot_,1,661197,1273121
68,D:\MOX\OTHERS\COLBLDG.C,code,False,Auto_Design_Type_,1,661232,1273156
68,D:\MOX\OTHERS\COLBLDG.C,code,True,Add_To_Queue_,1,661269,1273193
68,D:\MOX\OTHERS\COLBLDG.C,code,False,First_Prod_Colony_Queue_Slot_,1,662621,1274545
68,D:\MOX\OTHERS\COLBLDG.C,code,False,First_Prod_Queue_Slot_,1,662871,1274795
68,D:\MOX\OTHERS\COLBLDG.C,code,False,Delete_From_Colony_Queue_,1,663065,1274989
68,D:\MOX\OTHERS\COLBLDG.C,code,True,Delete_From_Queue_,1,663159,1275083
68,D:\MOX\OTHERS\COLBLDG.C,code,False,Delete_Prod_From_Colony_Queue_,1,663663,1275587
68,D:\MOX\OTHERS\COLBLDG.C,code,False,Clear_Colony_Queue_,1,663713,1275637
68,D:\MOX\OTHERS\COLBLDG.C,code,True,Defragment_Queue_,1,663741,1275665
68,D:\MOX\OTHERS\COLBLDG.C,code,True,Squish_Out_Queue_Slot_,1,663888,1275812
68,D:\MOX\OTHERS\COLBLDG.C,code,True,Add_Refited_Ship_To_Queue_,1,663952,1275876
68,D:\MOX\OTHERS\COLBLDG.C,code,True,Insert_Before_Queue_Slot_,1,664333,1276257
68,D:\MOX\OTHERS\COLBLDG.C,code,False,Remove_Ships_,1,664570,1276494
68,D:\MOX\OTHERS\COLBLDG.C,code,False,Do_Exit_Screen_Cleanup_,1,664833,1276757
68,D:\MOX\OTHERS\COLBLDG.C,code,False,Selection_Name_,1,667642,1279566
68,D:\MOX\OTHERS\COLBLDG.C,code,True,Draw_Build_Queue_,1,667759,1279683
68,D:\MOX\OTHERS\COLBLDG.C,code,True,Add_Build_Queue_Fields_,1,668250,1280174
68,D:\MOX\OTHERS\COLBLDG.C,code,True,Draw_Centered_In_Window_,1,668340,1280264
68,D:\MOX\OTHERS\COLBLDG.C,code,True,Print_Centered_In_Window_,1,668362,1280286
68,D:\MOX\OTHERS\COLBLDG.C,code,False,Draw_Current_Selection_,1,668456,1280380
68,D:\MOX\OTHERS\COLBLDG.C,code,False,Draw_Cost_And_Time_Info_,1,670550,1282474
68,D:\MOX\OTHERS\COLBLDG.C,code,False,Draw_Build_Queue_Popup_,1,670967,1282891
68,D:\MOX\OTHERS\COLBLDG.C,code,False,Build_Queue_Popup_,1,671809,1283733
69,D:\MOX\OTHERS\COLBOMB.C,code,True,Load_Bombing_Anims_,1,672602,1284526
69,D:\MOX\OTHERS\COLBOMB.C,code,True,Squeze_Out_Bomb_,1,672643,1284567
69,D:\MOX\OTHERS\COLBOMB.C,code,True,Add_Bomb_To_End_Of_Queue_,1,672678,1284602
69,D:\MOX\OTHERS\COLBOMB.C,code,True,Queue_Is_Empty_,1,672991,1284915
69,D:\MOX\OTHERS\COLBOMB.C,code,True,Replace_With_New_Bomb_,1,673003,1284927
69,D:\MOX\OTHERS\COLBOMB.C,code,True,Decrement_Bomb_Counters_,1,673059,1284983
69,D:\MOX\OTHERS\COLBOMB.C,code,True,Allocate_Hit_,1,673236,1285160
69,D:\MOX\OTHERS\COLBOMB.C,code,True,Do_Bomb_,1,673286,1285210
69,D:\MOX\OTHERS\COLBOMB.C,code,True,Do_Bombs_,1,673487,1285411
69,D:\MOX\OTHERS\COLBOMB.C,code,True,Add_Building_To_Queue_,1,673587,1285511
69,D:\MOX\OTHERS\COLBOMB.C,code,True,Draw_Colony_Bombing_Screen_,1,673792,1285716
69,D:\MOX\OTHERS\COLBOMB.C,code,True,Blow_Up_All_Bldgs_,1,674027,1285951
69,D:\MOX\OTHERS\COLBOMB.C,code,True,Do_Summary_String_Popup_,1,674123,1286047
69,D:\MOX\OTHERS\COLBOMB.C,code,False,Colony_Bombing_Screen_,1,675074,1286998
70,D:\MOX\OTHERS\COLDRAW.C,code,False,Draw_Cluster_Update_Function_,1,675329,1287253
70,D:\MOX\OTHERS\COLDRAW.C,code,False,Calculate_Squish_Step_,1,675428,1287352
70,D:\MOX\OTHERS\COLDRAW.C,code,False,Do_Colony_Info_Pop_Stuff_For_Pop_,1,675574,1287498
70,D:\MOX\OTHERS\COLDRAW.C,code,False,Draw_Info_Morale_,1,676790,1288714
70,D:\MOX\OTHERS\COLDRAW.C,code,False,Draw_Info_Wee_Morale_,1,676808,1288732
70,D:\MOX\OTHERS\COLDRAW.C,code,False,Draw_Info_Morale_Both_,1,676812,1288736
70,D:\MOX\OTHERS\COLDRAW.C,code,False,Draw_Colony_Prod_,1,677283,1289207
70,D:\MOX\OTHERS\COLDRAW.C,code,False,Draw_Colony_Wee_Prod_,1,677319,1289243
70,D:\MOX\OTHERS\COLDRAW.C,code,False,Draw_Colony_Prod_Both_,1,677327,1289251
70,D:\MOX\OTHERS\COLDRAW.C,code,False,Draw_Colony_PC_Bar_,1,679634,1291558
70,D:\MOX\OTHERS\COLDRAW.C,code,False,Load_Road_List_Anims_,1,679870,1291794
70,D:\MOX\OTHERS\COLDRAW.C,code,False,Build_Road_List_Based_On_Bldg_List_,1,680089,1292013
70,D:\MOX\OTHERS\COLDRAW.C,code,False,Road_Back_To_Front_,1,680487,1292411
70,D:\MOX\OTHERS\COLDRAW.C,code,False,Load_Veggie_Anims_,1,680532,1292456
70,D:\MOX\OTHERS\COLDRAW.C,code,False,Draw_Road_List_,1,680533,1292457
70,D:\MOX\OTHERS\COLDRAW.C,code,False,Link_Buildings_,1,680659,1292583
70,D:\MOX\OTHERS\COLDRAW.C,code,False,Draw_Simplest_Path_,1,680779,1292703
70,D:\MOX\OTHERS\COLDRAW.C,code,False,Find_Simplest_Path_Node_,1,680786,1292710
70,D:\MOX\OTHERS\COLDRAW.C,code,True,Veggie_Anims_,1,681432,1293356
70,D:\MOX\OTHERS\COLDRAW.C,code,False,Pick_Random_Veggie_Anim_For_Colony_CR_,1,681459,1293383
70,D:\MOX\OTHERS\COLDRAW.C,code,False,Pick_Random_Veggie_Anim_Entry_For_Colony_CR_,1,681543,1293467
70,D:\MOX\OTHERS\COLDRAW.C,code,False,Veggie_Type_For_Colony_,1,681680,1293604
70,D:\MOX\OTHERS\COLDRAW.C,code,False,N_Roads_Around_CR_,1,681956,1293880
70,D:\MOX\OTHERS\COLDRAW.C,code,False,Pick_Random_Road_At_CR_,1,682059,1293983
70,D:\MOX\OTHERS\COLDRAW.C,code,False,Pick_Random_Road_Around_CR_,1,682072,1293996
70,D:\MOX\OTHERS\COLDRAW.C,code,False,Pick_Random_Road_At_And_Around_CR_,1,682080,1294004
70,D:\MOX\OTHERS\COLDRAW.C,code,False,Clear_Veggie_Draw_Flags_,1,682290,1294214
70,D:\MOX\OTHERS\COLDRAW.C,code,False,Build_Veggie_List_Based_On_Bldg_List_,1,682359,1294283
70,D:\MOX\OTHERS\COLDRAW.C,code,False,Draw_Veggie_CR_,1,682901,1294825
71,D:\MOX\OTHERS\COLGCBT.C,code,True,Load_Combat_Anims_,1,683345,1295269
71,D:\MOX\OTHERS\COLGCBT.C,code,False,Add_Kill_Anim_To_Queue_,1,684421,1296345
71,D:\MOX\OTHERS\COLGCBT.C,code,False,Add_Hit_Anim_To_Queue_,1,684448,1296372
71,D:\MOX\OTHERS\COLGCBT.C,code,True,Draw_Summary_,1,684473,1296397
71,D:\MOX\OTHERS\COLGCBT.C,code,True,Draw_Colony_Combat_Screen_,1,684681,1296605
71,D:\MOX\OTHERS\COLGCBT.C,code,False,Colony_Combat_Screen_,1,685201,1297125
71,D:\MOX\OTHERS\COLGCBT.C,code,True,N_Slots_Left_,1,685853,1297777
71,D:\MOX\OTHERS\COLGCBT.C,code,True,Top_Line_Y_,1,685901,1297825
71,D:\MOX\OTHERS\COLGCBT.C,code,True,Top_Line_X_,1,685933,1297857
71,D:\MOX\OTHERS\COLGCBT.C,code,False,Set_Up_Troops_,1,685958,1297882
71,D:\MOX\OTHERS\COLGCBT.C,code,True,Calc_Top_Line_,1,685990,1297914
71,D:\MOX\OTHERS\COLGCBT.C,code,True,Spatter_Down_Starting_Troops_,1,686117,1298041
71,D:\MOX\OTHERS\COLGCBT.C,code,False,Find_Unshot_Target_,1,686270,1298194
71,D:\MOX\OTHERS\COLGCBT.C,code,False,Find_Lowest_Framed_Unit_,1,686344,1298268
71,D:\MOX\OTHERS\COLGCBT.C,code,False,Verify_Legal_Totals_,1,686480,1298404
71,D:\MOX\OTHERS\COLGCBT.C,code,False,Force_Firing_Pairs_,1,686610,1298534
71,D:\MOX\OTHERS\COLGCBT.C,code,False,Draw_Troops_,1,686796,1298720
71,D:\MOX\OTHERS\COLGCBT.C,code,True,N_Left_Of_Me_To_Process_,1,686876,1298800
71,D:\MOX\OTHERS\COLGCBT.C,code,True,N_Left_Active_To_Process_,1,686935,1298859
71,D:\MOX\OTHERS\COLGCBT.C,code,True,Resort_Units_,1,686994,1298918
71,D:\MOX\OTHERS\COLGCBT.C,code,False,Get_Firepoint_Offsets_,1,687245,1299169
71,D:\MOX\OTHERS\COLGCBT.C,code,False,Get_Target_Offsets_,1,687432,1299356
71,D:\MOX\OTHERS\COLGCBT.C,code,False,Pick_Target_,1,687650,1299574
71,D:\MOX\OTHERS\COLGCBT.C,code,False,Do_Unit_Turn_,1,687748,1299672
71,D:\MOX\OTHERS\COLGCBT.C,code,True,Action_Anim_,1,688631,1300555
71,D:\MOX\OTHERS\COLGCBT.C,code,True,Pick_Next_Action_,1,688780,1300704
71,D:\MOX\OTHERS\COLGCBT.C,code,True,Move_Is_Legal_,1,689133,1301057
71,D:\MOX\OTHERS\COLGCBT.C,code,True,Do_Legal_Move_Check_,1,689525,1301449
71,D:\MOX\OTHERS\COLGCBT.C,code,True,Do_Delta_Y_,1,689695,1301619
71,D:\MOX\OTHERS\COLGCBT.C,code,False,Reinforce_Units_,1,689844,1301768
71,D:\MOX\OTHERS\COLGCBT.C,code,False,Get_First_Unit_,1,689910,1301834
71,D:\MOX\OTHERS\COLGCBT.C,code,True,N_Troop_Type_,1,689970,1301894
71,D:\MOX\OTHERS\COLGCBT.C,code,True,Get_Next_Troop_Type_,1,690045,1301969
71,D:\MOX\OTHERS\COLGCBT.C,code,True,Add_Unit_,1,690125,1302049
71,D:\MOX\OTHERS\COLGCBT.C,code,True,Add_Initial_Unit_,1,690354,1302278
71,D:\MOX\OTHERS\COLGCBT.C,code,True,Draw_Summary_Box_ATK_,1,691143,1303067
71,D:\MOX\OTHERS\COLGCBT.C,code,True,Draw_Summary_Boxes_,1,691334,1303258
71,D:\MOX\OTHERS\COLGCBT.C,code,True,Draw_Summary_Box_DEF_,1,691339,1303263
71,D:\MOX\OTHERS\COLGCBT.C,code,True,Replace_Colgcbt_Color_With_Player_Colors_,1,691963,1303887
71,D:\MOX\OTHERS\COLGCBT.C,code,False,Draw_Unit_Beam_,1,692063,1303987
71,D:\MOX\OTHERS\COLGCBT.C,code,True,Draw_CGCBT_Beam_,1,692410,1304334
71,D:\MOX\OTHERS\COLGCBT.C,code,False,Get_CGCBT_Beam_Len_,1,692900,1304824
71,D:\MOX\OTHERS\COLGCBT.C,code,False,Play_Unit_Beam_Sound_,1,692984,1304908
71,D:\MOX\OTHERS\COLGCBT.C,code,False,Set_Ground_Combat_Screen_Help_List_,1,693097,1305021
72,D:\MOX\OTHERS\COLLAND.C,code,True,Load_Landing_Anims_,1,693160,1305084
72,D:\MOX\OTHERS\COLLAND.C,code,True,Draw_Colony_Landing_Screen_,1,693201,1305125
72,D:\MOX\OTHERS\COLLAND.C,code,True,Print_Planet_Data_,1,693566,1305490
72,D:\MOX\OTHERS\COLLAND.C,code,False,Colony_Landing_Screen_,1,694274,1306198
73,D:\MOX\OTHERS\COLMOVE.C,code,False,Clear_Cluster_,1,694924,1306848
73,D:\MOX\OTHERS\COLMOVE.C,code,False,Get_First_Unemployed_,1,694999,1306923
73,D:\MOX\OTHERS\COLMOVE.C,code,False,Get_Num_Unemployed_,1,695055,1306979
73,D:\MOX\OTHERS\COLMOVE.C,code,False,Draw_Cluster_,1,695113,1307037
73,D:\MOX\OTHERS\COLMOVE.C,code,False,Get_Cluster_,1,695357,1307281
73,D:\MOX\OTHERS\COLMOVE.C,code,False,Pops_Identical_,1,695523,1307447
73,D:\MOX\OTHERS\COLMOVE.C,code,False,Colony_Pop_String_,1,695714,1307638
73,D:\MOX\OTHERS\COLMOVE.C,code,False,Send_Cluster_,1,695956,1307880
73,D:\MOX\OTHERS\COLMOVE.C,code,False,Give_Colonist_New_Job_,1,697818,1309742
74,D:\MOX\OTHERS\COLONY.C,code,False,N_Colonies_And_Outposts_At_Star_For_Player_,1,698446,1310370
74,D:\MOX\OTHERS\COLONY.C,code,False,N_Colonies_And_Outposts_At_Star_,1,698559,1310483
74,D:\MOX\OTHERS\COLONY.C,code,False,Draw_Pop_Dark_,1,698635,1310559
74,D:\MOX\OTHERS\COLONY.C,code,False,N_Bldgs_,1,698733,1310657
74,D:\MOX\OTHERS\COLONY.C,code,True,Defragment_Colony_Queue_,1,698789,1310713
74,D:\MOX\OTHERS\COLONY.C,code,True,Squish_Out_Colony_Queue_Slot_,1,698860,1310784
74,D:\MOX\OTHERS\COLONY.C,code,False,Fix_Colony_Queue_,1,698939,1310863
74,D:\MOX\OTHERS\COLONY.C,code,True,Clean_Up_Colony_Queue_,1,698987,1310911
74,D:\MOX\OTHERS\COLONY.C,code,False,Remap_Draw_Ship_Centered_,1,699077,1311001
74,D:\MOX\OTHERS\COLONY.C,code,False,Remap_Draw_Ship_Seg_N_Centered_,1,699300,1311224
74,D:\MOX\OTHERS\COLONY.C,code,False,Remap_Draw_Ship_D_Centered_,1,699468,1311392
74,D:\MOX\OTHERS\COLONY.C,code,False,Make_Satellite_Bitm_,1,699521,1311445
74,D:\MOX\OTHERS\COLONY.C,code,False,Print_Sys_Disp_Scanned_String_,1,699808,1311732
74,D:\MOX\OTHERS\COLONY.C,code,False,Get_Effective_Pop_Player_,1,699852,1311776
74,D:\MOX\OTHERS\COLONY.C,code,False,Pop_Race_String_,1,699930,1311854
74,D:\MOX\OTHERS\COLONY.C,code,False,Reset_Field_Arrays_,1,700040,1311964
74,D:\MOX\OTHERS\COLONY.C,code,False,Set_Colony_Font_,1,700158,1312082
74,D:\MOX\OTHERS\COLONY.C,code,False,Set_Colony_Font_To_Player_,1,700220,1312144
74,D:\MOX\OTHERS\COLONY.C,code,False,Set_Colony_Font_To_Blue_,1,700292,1312216
74,D:\MOX\OTHERS\COLONY.C,code,False,Set_Colony_Font_To_Reg_Blue_,1,700361,1312285
74,D:\MOX\OTHERS\COLONY.C,code,False,Set_Colony_Font_To_Red_,1,700434,1312358
74,D:\MOX\OTHERS\COLONY.C,code,False,Set_Colony_Font_To_,1,700494,1312418
74,D:\MOX\OTHERS\COLONY.C,code,False,Colonize_Planet_,1,700546,1312470
74,D:\MOX\OTHERS\COLONY.C,code,False,Init_Colonies_,1,700611,1312535
74,D:\MOX\OTHERS\COLONY.C,code,False,Job_String_,1,700656,1312580
74,D:\MOX\OTHERS\COLONY.C,code,False,Conquered_String_,1,700705,1312629
74,D:\MOX\OTHERS\COLONY.C,code,False,Conquered_String_Abbreviated_,1,700729,1312653
74,D:\MOX\OTHERS\COLONY.C,code,False,Pop_State_String_,1,700743,1312667
74,D:\MOX\OTHERS\COLONY.C,code,False,Set_Colony_Globals_,1,700778,1312702
74,D:\MOX\OTHERS\COLONY.C,code,False,Col_Calc_Wrapper_,1,700838,1312762
74,D:\MOX\OTHERS\COLONY.C,code,True,Clear_Move_Military_,1,700922,1312846
74,D:\MOX\OTHERS\COLONY.C,code,True,Pick_Up_Colonists_,1,700959,1312883
74,D:\MOX\OTHERS\COLONY.C,code,True,Drop_Military_,1,701003,1312927
74,D:\MOX\OTHERS\COLONY.C,code,False,Reset_Field_Mode_,1,701131,1313055
74,D:\MOX\OTHERS\COLONY.C,code,True,Load_People_,1,701270,1313194
74,D:\MOX\OTHERS\COLONY.C,code,False,Load_Global_Bitms_,1,701271,1313195
74,D:\MOX\OTHERS\COLONY.C,code,False,Spy_Anim_,1,701314,1313238
74,D:\MOX\OTHERS\COLONY.C,code,False,Turn_To_Rubble_CR_Bldg_,1,701343,1313267
74,D:\MOX\OTHERS\COLONY.C,code,False,CR_Building_Name_,1,701403,1313327
74,D:\MOX\OTHERS\COLONY.C,code,False,Real_Building_Name_,1,701453,1313377
74,D:\MOX\OTHERS\COLONY.C,code,False,Satellite_Name_,1,701453,1313377
74,D:\MOX\OTHERS\COLONY.C,code,False,Draw_Building_,1,701464,1313388
74,D:\MOX\OTHERS\COLONY.C,code,True,Draw_Bldg_CR_,1,701545,1313469
74,D:\MOX\OTHERS\COLONY.C,code,False,Draw_All_Buildings_,1,701586,1313510
74,D:\MOX\OTHERS\COLONY.C,code,False,Colony_Pop_Anim_,1,701609,1313533
74,D:\MOX\OTHERS\COLONY.C,code,False,Race_Conquered_Anim_,1,701758,1313682
74,D:\MOX\OTHERS\COLONY.C,code,False,People_Anim_,1,701773,1313697
74,D:\MOX\OTHERS\COLONY.C,code,False,Military_Anims_,1,701883,1313807
74,D:\MOX\OTHERS\COLONY.C,code,False,Military_Anim_,1,701915,1313839
74,D:\MOX\OTHERS\COLONY.C,code,False,Troop_Anim_,1,702064,1313988
74,D:\MOX\OTHERS\COLONY.C,code,False,Player_Troop_Name_,1,702101,1314025
74,D:\MOX\OTHERS\COLONY.C,code,False,Player_Troop_Anim_,1,702243,1314167
74,D:\MOX\OTHERS\COLONY.C,code,False,Load_Bldg_Bitm_,1,702395,1314319
74,D:\MOX\OTHERS\COLONY.C,code,False,Load_Ship_Bitm_,1,702427,1314351
74,D:\MOX\OTHERS\COLONY.C,code,True,Load_Button_Anims_,1,702498,1314422
74,D:\MOX\OTHERS\COLONY.C,code,True,Load_Officer_Anim_,1,702685,1314609
74,D:\MOX\OTHERS\COLONY.C,code,False,Load_PC_Bar_Anim_,1,702743,1314667
74,D:\MOX\OTHERS\COLONY.C,code,False,Load_Road_Anim_,1,702744,1314668
74,D:\MOX\OTHERS\COLONY.C,code,False,Load_Galaxy_Map_Anims_,1,702749,1314673
74,D:\MOX\OTHERS\COLONY.C,code,False,Load_Colony_Screen_Seg_,1,702804,1314728
74,D:\MOX\OTHERS\COLONY.C,code,False,Load_Local_Colony_Anims_,1,702973,1314897
74,D:\MOX\OTHERS\COLONY.C,code,True,Load_Planet_Screen_,1,702973,1314897
74,D:\MOX\OTHERS\COLONY.C,code,False,C_Anims_,1,703118,1315042
74,D:\MOX\OTHERS\COLONY.C,code,True,Load_Colony_Info_Anims_,1,703369,1315293
74,D:\MOX\OTHERS\COLONY.C,code,True,Load_Colony_Popups_,1,703369,1315293
74,D:\MOX\OTHERS\COLONY.C,code,False,Load_Satellite_Anims_,1,703369,1315293
74,D:\MOX\OTHERS\COLONY.C,code,False,Govt_Anim_,1,703370,1315294
74,D:\MOX\OTHERS\COLONY.C,code,False,Govt_Anims_,1,703370,1315294
74,D:\MOX\OTHERS\COLONY.C,code,False,Satellite_Anims_,1,703391,1315315
74,D:\MOX\OTHERS\COLONY.C,code,False,Satellite_Bldg_N_TO_Satellite_Animation_Index_,1,703418,1315342
74,D:\MOX\OTHERS\COLONY.C,code,False,Load_Colony_Anims_,1,703510,1315434
74,D:\MOX\OTHERS\COLONY.C,code,False,Prod_Anims_,1,703558,1315482
74,D:\MOX\OTHERS\COLONY.C,code,False,Import_Anims_,1,703599,1315523
74,D:\MOX\OTHERS\COLONY.C,code,False,Short_Anims_,1,703627,1315551
74,D:\MOX\OTHERS\COLONY.C,code,True,Clear_Satellite_Array_,1,703708,1315632
74,D:\MOX\OTHERS\COLONY.C,code,True,Clear_Bldgs_Array_,1,703733,1315657
74,D:\MOX\OTHERS\COLONY.C,code,False,Bldg_Array_Empty_,1,703749,1315673
74,D:\MOX\OTHERS\COLONY.C,code,False,Get_Bldg_CR_,1,703799,1315723
74,D:\MOX\OTHERS\COLONY.C,code,True,Sort_Bldg_Array_Columns_,1,703945,1315869
74,D:\MOX\OTHERS\COLONY.C,code,True,N_Houses_In_Bldg_Array_,1,704350,1316274
74,D:\MOX\OTHERS\COLONY.C,code,True,Find_Replacement_Slot_For_Building_,1,704430,1316354
74,D:\MOX\OTHERS\COLONY.C,code,True,Insert_Bldg_Into_Array_,1,704606,1316530
74,D:\MOX\OTHERS\COLONY.C,code,True,Sat_Should_Be_Replaced_,1,705051,1316975
74,D:\MOX\OTHERS\COLONY.C,code,True,Remove_Satellite_From_Array_,1,705151,1317075
74,D:\MOX\OTHERS\COLONY.C,code,True,Insert_Satellite_Into_Array_,1,705262,1317186
74,D:\MOX\OTHERS\COLONY.C,code,False,Make_Bldg_Array_For_Colony_,1,705291,1317215
74,D:\MOX\OTHERS\COLONY.C,code,False,CR_To_XY_,1,706008,1317932
74,D:\MOX\OTHERS\COLONY.C,code,False,Get_Bldg_Box_,1,706034,1317958
74,D:\MOX\OTHERS\COLONY.C,code,False,Box_To_XY_Pair_,1,706213,1318137
74,D:\MOX\OTHERS\COLONY.C,code,True,XY_In_Bldg_Poly_,1,706408,1318332
74,D:\MOX\OTHERS\COLONY.C,code,False,Box_All_Slots_,1,706531,1318455
74,D:\MOX\OTHERS\COLONY.C,code,True,Box_Bldg_Slot_,1,706577,1318501
74,D:\MOX\OTHERS\COLONY.C,code,False,Bldg_Coords_To_Centered_Screen_Coord_,1,706662,1318586
74,D:\MOX\OTHERS\COLONY.C,code,False,Bldg_Coords_To_Screen_Coord_,1,706707,1318631
74,D:\MOX\OTHERS\COLONY.C,code,False,Bldg_Coords_To_Effective_Frame_,1,706726,1318650
74,D:\MOX\OTHERS\COLONY.C,code,True,Colony_Type_,1,706783,1318707
74,D:\MOX\OTHERS\COLONY.C,code,False,Reset_Step_Squish_,1,706856,1318780
74,D:\MOX\OTHERS\COLONY.C,code,False,Colony_Has_Natives_,1,706866,1318790
74,D:\MOX\OTHERS\COLONY.C,code,False,Sum_Colonists_,1,706930,1318854
74,D:\MOX\OTHERS\COLONY.C,code,False,Pop_To_Pop_State_,1,707279,1319203
74,D:\MOX\OTHERS\COLONY.C,code,True,Draw_Colony_Info_Pop_For_,1,707335,1319259
74,D:\MOX\OTHERS\COLONY.C,code,True,Add_Job_Field_For_,1,707403,1319327
74,D:\MOX\OTHERS\COLONY.C,code,True,Add_Job_Fields_,1,707645,1319569
74,D:\MOX\OTHERS\COLONY.C,code,True,Add_Move_Colonist_Job_Field_For_,1,707693,1319617
74,D:\MOX\OTHERS\COLONY.C,code,True,Draw_Colony_Info_Pop_,1,707952,1319876
74,D:\MOX\OTHERS\COLONY.C,code,True,Draw_Colony_Info_Pop_Scanned_,1,707979,1319903
74,D:\MOX\OTHERS\COLONY.C,code,True,Draw_Colony_Info_Production_,1,708190,1320114
74,D:\MOX\OTHERS\COLONY.C,code,True,Draw_Colony_Info_Production_For_,1,708222,1320146
74,D:\MOX\OTHERS\COLONY.C,code,True,Do_Colony_Info_Military_Stuff_For_,1,708258,1320182
74,D:\MOX\OTHERS\COLONY.C,code,True,Draw_Colony_Info_Military_For_,1,709105,1321029
74,D:\MOX\OTHERS\COLONY.C,code,True,Draw_Colony_Info_Military_,1,709115,1321039
74,D:\MOX\OTHERS\COLONY.C,code,True,Add_Military_Field_For_,1,709166,1321090
74,D:\MOX\OTHERS\COLONY.C,code,True,Add_Military_Fields_,1,709174,1321098
74,D:\MOX\OTHERS\COLONY.C,code,True,Draw_Colony_Info_Officer_,1,709228,1321152
74,D:\MOX\OTHERS\COLONY.C,code,True,Draw_Colony_Info_Morale_,1,709569,1321493
74,D:\MOX\OTHERS\COLONY.C,code,True,Draw_Colony_Info_Background_,1,709603,1321527
74,D:\MOX\OTHERS\COLONY.C,code,True,Draw_Info_Name_And_Pop_,1,709684,1321608
74,D:\MOX\OTHERS\COLONY.C,code,True,Print_Scanned_Satellite_,1,710407,1322331
74,D:\MOX\OTHERS\COLONY.C,code,True,Print_Scanned_String_,1,710439,1322363
74,D:\MOX\OTHERS\COLONY.C,code,True,Print_Scanned_Military_,1,710544,1322468
74,D:\MOX\OTHERS\COLONY.C,code,True,Draw_Colony_Info_Scanned_,1,710642,1322566
74,D:\MOX\OTHERS\COLONY.C,code,True,Draw_Colony_Info_,1,710720,1322644
74,D:\MOX\OTHERS\COLONY.C,code,False,Actual_Build_Time_,1,710902,1322826
74,D:\MOX\OTHERS\COLONY.C,code,False,Total_Build_Time_,1,710983,1322907
74,D:\MOX\OTHERS\COLONY.C,code,False,Draw_Building_With_Bottom_Centered_,1,711048,1322972
74,D:\MOX\OTHERS\COLONY.C,code,False,Draw_Current_Production_Graph_,1,711255,1323179
74,D:\MOX\OTHERS\COLONY.C,code,False,Draw_Current_Building2_,1,711348,1323272
74,D:\MOX\OTHERS\COLONY.C,code,True,Draw_Current_Building_,1,711522,1323446
74,D:\MOX\OTHERS\COLONY.C,code,True,Draw_Current_Ship_,1,711545,1323469
74,D:\MOX\OTHERS\COLONY.C,code,False,Calculate_Colony_Turn_Count_From_Scrap_For_Prod_,1,711609,1323533
74,D:\MOX\OTHERS\COLONY.C,code,False,Calculate_Colony_Turn_Count_With_Accumulation_For_Prod_,1,711704,1323628
74,D:\MOX\OTHERS\COLONY.C,code,False,Calculate_Current_Production_Turn_Count_,1,711827,1323751
74,D:\MOX\OTHERS\COLONY.C,code,True,Draw_Turn_Count_,1,711896,1323820
74,D:\MOX\OTHERS\COLONY.C,code,True,Draw_Current_Production_,1,711983,1323907
74,D:\MOX\OTHERS\COLONY.C,code,True,Draw_Info_Build_,1,711983,1323907
74,D:\MOX\OTHERS\COLONY.C,code,True,Add_Satellite_Fields_,1,712633,1324557
74,D:\MOX\OTHERS\COLONY.C,code,True,Check_Satellite_Fields_,1,712860,1324784
74,D:\MOX\OTHERS\COLONY.C,code,True,Draw_Satellite_Dark_,1,713329,1325253
74,D:\MOX\OTHERS\COLONY.C,code,False,Satellite_Anim_,1,713478,1325402
74,D:\MOX\OTHERS\COLONY.C,code,True,Draw_Colony_Satellites_,1,713574,1325498
74,D:\MOX\OTHERS\COLONY.C,code,True,Add_Bldg_Fields_,1,713802,1325726
74,D:\MOX\OTHERS\COLONY.C,code,True,Scan_Bldg_CR_,1,713992,1325916
74,D:\MOX\OTHERS\COLONY.C,code,True,Check_Bldg_Fields_,1,714032,1325956
74,D:\MOX\OTHERS\COLONY.C,code,True,Draw_Bldg_CR_Dark_,1,714902,1326826
74,D:\MOX\OTHERS\COLONY.C,code,True,Draw_Bldg_At_XY_With_Bottom_Centered_No_Glass_,1,715104,1327028
74,D:\MOX\OTHERS\COLONY.C,code,True,Draw_Colony_Bldg_,1,715315,1327239
74,D:\MOX\OTHERS\COLONY.C,code,True,Draw_Colony_Bldg_To_Bitm_,1,715549,1327473
74,D:\MOX\OTHERS\COLONY.C,code,False,Bldg_Back_To_Front_,1,715694,1327618
74,D:\MOX\OTHERS\COLONY.C,code,True,Draw_Planet_Info_,1,715739,1327663
74,D:\MOX\OTHERS\COLONY.C,code,False,Draw_Colony_Bldgs_,1,715740,1327664
74,D:\MOX\OTHERS\COLONY.C,code,False,Draw_Colony_Bldgs_to_Bitm_,1,715945,1327869
74,D:\MOX\OTHERS\COLONY.C,code,True,Draw_Road_Anim_,1,716060,1327984
74,D:\MOX\OTHERS\COLONY.C,code,True,Draw_Colony_Screen_,1,716065,1327989
74,D:\MOX\OTHERS\COLONY.C,code,True,Box_Galaxy_Map_Star_,1,716621,1328545
74,D:\MOX\OTHERS\COLONY.C,code,False,Colony_Can_Buy_Product_0_,1,716712,1328636
74,D:\MOX\OTHERS\COLONY.C,code,True,Add_Screen_Fields_,1,716827,1328751
74,D:\MOX\OTHERS\COLONY.C,code,True,Add_Stacking_Fields_,1,717721,1329645
74,D:\MOX\OTHERS\COLONY.C,code,False,Clear_Sys_Disp_Fields_,1,718080,1330004
74,D:\MOX\OTHERS\COLONY.C,code,False,Clear_Galaxy_Map_Fields_,1,718127,1330051
74,D:\MOX\OTHERS\COLONY.C,code,False,Update_Colony_Palette_,1,718170,1330094
74,D:\MOX\OTHERS\COLONY.C,code,False,Draw_Sys_Disp_Scanned_,1,718209,1330133
74,D:\MOX\OTHERS\COLONY.C,code,True,Draw_Gal_Map_Last_Star_Scanned_,1,718292,1330216
74,D:\MOX\OTHERS\COLONY.C,code,True,Draw_Sys_Disp_Last_Scanned_,1,718357,1330281
74,D:\MOX\OTHERS\COLONY.C,code,True,Check_Job_Fields_,1,718375,1330299
74,D:\MOX\OTHERS\COLONY.C,code,True,Check_Military_Fields_,1,718636,1330560
74,D:\MOX\OTHERS\COLONY.C,code,True,Check_System_Display_Fields_,1,718850,1330774
74,D:\MOX\OTHERS\COLONY.C,code,False,Tested_Colony_Buys_Outright_,1,719883,1331807
74,D:\MOX\OTHERS\COLONY.C,code,True,Evaluate_Screen_Input_,1,720366,1332290
74,D:\MOX\OTHERS\COLONY.C,code,False,Get_Next_Colony_,1,721404,1333328
74,D:\MOX\OTHERS\COLONY.C,code,False,Set_Colony_Screen_To_New_Colony_,1,721495,1333419
74,D:\MOX\OTHERS\COLONY.C,code,True,Do_Informational_And_Decision_Popups_,1,721758,1333682
74,D:\MOX\OTHERS\COLONY.C,code,False,Allocate_Mini_Planet_Cache_,1,722313,1334237
74,D:\MOX\OTHERS\COLONY.C,code,False,Allocate_Planet_Cache_,1,722313,1334237
74,D:\MOX\OTHERS\COLONY.C,code,False,Colony_Screen_,1,722314,1334238
74,D:\MOX\OTHERS\COLONY.C,code,False,Cache_Load_Planet_,1,723301,1335225
74,D:\MOX\OTHERS\COLONY.C,code,False,Picture_And_Pointer_To_Mouse_,1,723322,1335246
74,D:\MOX\OTHERS\COLONY.C,code,False,Picture_To_Mouse_,1,723551,1335475
74,D:\MOX\OTHERS\COLONY.C,code,False,Clear_Mouse_Picture_,1,723644,1335568
74,D:\MOX\OTHERS\COLONY.C,code,False,Reset_Mouse_Picture_,1,723700,1335624
74,D:\MOX\OTHERS\COLONY.C,code,False,Create_Shadow_Farmer_,1,723721,1335645
74,D:\MOX\OTHERS\COLONY.C,code,False,Shadow_Farmer_Bitm_,1,723841,1335765
74,D:\MOX\OTHERS\COLONY.C,code,True,Do_Cheats_,1,723847,1335771
74,D:\MOX\OTHERS\COLONY.C,code,False,Colony_GI_Fill_,1,724387,1336311
74,D:\MOX\OTHERS\COLONY.C,code,True,Mini_Planet_Anim_,1,724412,1336336
74,D:\MOX\OTHERS\COLONY.C,code,False,Draw_Planet_Summary_,1,724509,1336433
75,D:\MOX\OTHERS\COLREFIT.C,code,False,Load_Refit_Ship_Anims_,1,724692,1336616
75,D:\MOX\OTHERS\COLREFIT.C,code,True,Update_First_Ship_,1,724798,1336722
75,D:\MOX\OTHERS\COLREFIT.C,code,True,Add_Ship_List_Fields_,1,725513,1337437
75,D:\MOX\OTHERS\COLREFIT.C,code,True,Build_Ship_List_,1,725675,1337599
75,D:\MOX\OTHERS\COLREFIT.C,code,True,Draw_Ship2_,1,725802,1337726
75,D:\MOX\OTHERS\COLREFIT.C,code,True,Scan_Ship_Info_,1,726078,1338002
75,D:\MOX\OTHERS\COLREFIT.C,code,True,Draw_Ship_List_,1,726169,1338093
75,D:\MOX\OTHERS\COLREFIT.C,code,False,Star_Has_Ship_,1,726236,1338160
75,D:\MOX\OTHERS\COLREFIT.C,code,True,Draw_Refit_Popup_,1,726248,1338172
75,D:\MOX\OTHERS\COLREFIT.C,code,False,Colony_Refit_Popup_,1,727163,1339087
75,D:\MOX\OTHERS\COLREFIT.C,code,False,Load_Refit2_Ship_Anims_,1,727482,1339406
75,D:\MOX\OTHERS\COLREFIT.C,code,True,Update2_Fields_,1,727505,1339429
75,D:\MOX\OTHERS\COLREFIT.C,code,True,Add2_Fields_,1,727510,1339434
75,D:\MOX\OTHERS\COLREFIT.C,code,True,Scan_Ship_D_Info_,1,727855,1339779
75,D:\MOX\OTHERS\COLREFIT.C,code,True,Draw_Ship_D_List_,1,727912,1339836
75,D:\MOX\OTHERS\COLREFIT.C,code,True,Draw_Refit2_Popup_,1,728427,1340351
75,D:\MOX\OTHERS\COLREFIT.C,code,True,Evaluate2_Input_,1,728692,1340616
75,D:\MOX\OTHERS\COLREFIT.C,code,False,Colony_Refit2_Popup_,1,729263,1341187
76,D:\MOX\OTHERS\COLSUM.C,code,False,Load_Colsum_Strings_,1,729689,1341613
76,D:\MOX\OTHERS\COLSUM.C,code,False,Clear_First_,1,730250,1342174
76,D:\MOX\OTHERS\COLSUM.C,code,False,Load_Col_Sum_Anims_,1,730314,1342238
76,D:\MOX\OTHERS\COLSUM.C,code,True,Restore_Control_,1,730370,1342294
76,D:\MOX\OTHERS\COLSUM.C,code,False,Update_First_,1,730757,1342681
76,D:\MOX\OTHERS\COLSUM.C,code,True,Draw_Empire_Info_,1,730868,1342792
76,D:\MOX\OTHERS\COLSUM.C,code,True,Get_Scanned_Pop_,1,731540,1343464
76,D:\MOX\OTHERS\COLSUM.C,code,True,Get_Selected_Pop_,1,731802,1343726
76,D:\MOX\OTHERS\COLSUM.C,code,True,Add_Fields_Pop_For_,1,732018,1343942
76,D:\MOX\OTHERS\COLSUM.C,code,False,Event_Good_,1,733449,1345373
76,D:\MOX\OTHERS\COLSUM.C,code,True,cmp_,1,734429,1346353
76,D:\MOX\OTHERS\COLSUM.C,code,True,cmp_Alpha_,1,734451,1346375
76,D:\MOX\OTHERS\COLSUM.C,code,True,Prod_To_Sort_Type_,1,734549,1346473
76,D:\MOX\OTHERS\COLSUM.C,code,True,cmp_Prod_,1,734740,1346664
76,D:\MOX\OTHERS\COLSUM.C,code,True,cmp_Pop_,1,734965,1346889
76,D:\MOX\OTHERS\COLSUM.C,code,True,cmp_Food_,1,735031,1346955
76,D:\MOX\OTHERS\COLSUM.C,code,True,cmp_Industry_,1,735101,1347025
76,D:\MOX\OTHERS\COLSUM.C,code,True,cmp_Science_,1,735171,1347095
76,D:\MOX\OTHERS\COLSUM.C,code,True,cmp_BC_,1,735241,1347165
76,D:\MOX\OTHERS\COLSUM.C,code,True,Switched_cmp_,1,735339,1347263
76,D:\MOX\OTHERS\COLSUM.C,code,True,Sort_Col_List_,1,735559,1347483
76,D:\MOX\OTHERS\COLSUM.C,code,True,Update_Col_List_,1,735638,1347562
76,D:\MOX\OTHERS\COLSUM.C,code,True,Colsum_Connect_Galaxy_Map_Stars_,1,735751,1347675
76,D:\MOX\OTHERS\COLSUM.C,code,True,Colsum_Box_Galaxy_Map_Star_,1,735898,1347822
76,D:\MOX\OTHERS\COLSUM.C,code,True,Draw_Gal_Map_,1,736015,1347939
76,D:\MOX\OTHERS\COLSUM.C,code,False,Draw_Colony_Scan_Info_,1,736060,1347984
76,D:\MOX\OTHERS\COLSUM.C,code,False,Draw_Scan_Info_,1,736507,1348431
76,D:\MOX\OTHERS\COLSUM.C,code,False,Draw_Colony_Summary_Screen_,1,736564,1348488
76,D:\MOX\OTHERS\COLSUM.C,code,True,Evaluate_Col_List_Input_,1,737072,1348996
76,D:\MOX\OTHERS\COLSUM.C,code,True,Evaluate_Colony_Pop_Input_,1,737641,1349565
76,D:\MOX\OTHERS\COLSUM.C,code,False,Increment_First_,1,737972,1349896
76,D:\MOX\OTHERS\COLSUM.C,code,False,Decrement_First_,1,738050,1349974
76,D:\MOX\OTHERS\COLSUM.C,code,True,Evaluate_Input_,1,738115,1350039
76,D:\MOX\OTHERS\COLSUM.C,code,False,Colony_Summary_Screen_,1,738658,1350582
76,D:\MOX\OTHERS\COLSUM.C,code,False,Check_Galaxy_Map_Fields_,1,739265,1351189
76,D:\MOX\OTHERS\COLSUM.C,code,True,Pick_Best_Planet_To_Goto_At_Star_,1,739567,1351491
77,D:\MOX\OTHERS\COLSYSDI.C,code,False,Planet_Anims_,1,739754,1351678
77,D:\MOX\OTHERS\COLSYSDI.C,code,False,Load_Col_Sys_Disp_,1,739784,1351708
77,D:\MOX\OTHERS\COLSYSDI.C,code,False,Draw_Col_Sys_Disp_,1,739785,1351709
77,D:\MOX\OTHERS\COLSYSDI.C,code,False,Planet_Summary_String_,1,740248,1352172
77,D:\MOX\OTHERS\COLSYSDI.C,code,False,Add_Col_Sys_Disp_Fields_,1,741073,1352997
77,D:\MOX\OTHERS\COLSYSDI.C,code,False,Draw_Col_Sys_Disp_Last_Scanned_,1,741387,1353311
78,D:\MOX\OTHERS\COLXPORT.C,code,False,Load_Xport_Anims_,1,742134,1354058
78,D:\MOX\OTHERS\COLXPORT.C,code,True,Clear_List_Col_Array_,1,742320,1354244
78,D:\MOX\OTHERS\COLXPORT.C,code,True,Draw_Info_Pop_For_,1,742345,1354269
78,D:\MOX\OTHERS\COLXPORT.C,code,True,Draw_Colony_Summary_For_Colony_,1,742438,1354362
78,D:\MOX\OTHERS\COLXPORT.C,code,False,Cheezy_Col_Count_Hack_,1,742623,1354547
78,D:\MOX\OTHERS\COLXPORT.C,code,False,N_Colonies_And_Outposts_,1,742674,1354598
78,D:\MOX\OTHERS\COLXPORT.C,code,False,N_Colonies_,1,742752,1354676
78,D:\MOX\OTHERS\COLXPORT.C,code,True,Draw_Bar_Indicator_,1,743099,1355023
78,D:\MOX\OTHERS\COLXPORT.C,code,True,Draw_Xport_Popup_,1,743424,1355348
78,D:\MOX\OTHERS\COLXPORT.C,code,False,Build_Global_Colony_List_,1,743633,1355557
78,D:\MOX\OTHERS\COLXPORT.C,code,False,Xport_Popup_,1,743732,1355656
79,D:\MOX\OTHERS\ERIC.C,code,False,Sint_Is_In_List_,1,744068,1355992
79,D:\MOX\OTHERS\ERIC.C,code,False,Get_Sint_Index_From_List_,1,744103,1356027
79,D:\MOX\OTHERS\ERIC.C,code,False,String_Builder2_,1,744136,1356060
79,D:\MOX\OTHERS\ERIC.C,code,False,Max_,1,744273,1356197
79,D:\MOX\OTHERS\ERIC.C,code,False,Min_,1,744280,1356204
79,D:\MOX\OTHERS\ERIC.C,code,False,Help_,1,744287,1356211
79,D:\MOX\OTHERS\ERIC.C,code,False,Set_Refresh_Mode_,1,744292,1356216
79,D:\MOX\OTHERS\ERIC.C,code,False,Set_Fade_Speed_Percent_,1,744325,1356249
79,D:\MOX\OTHERS\ERIC.C,code,False,Get_Fade_Speed_Percent_,1,744331,1356255
79,D:\MOX\OTHERS\ERIC.C,code,False,Set_Fade_Percent_,1,744340,1356264
79,D:\MOX\OTHERS\ERIC.C,code,False,Get_Fade_Percent_,1,744368,1356292
79,D:\MOX\OTHERS\ERIC.C,code,False,Fast_Fade_Out_,1,744377,1356301
79,D:\MOX\OTHERS\ERIC.C,code,False,Fast_Fade_In_,1,744516,1356440
79,D:\MOX\OTHERS\ERIC.C,code,False,Force_Fade_To_Colony_Palette_,1,744575,1356499
79,D:\MOX\OTHERS\ERIC.C,code,False,Fast_Fade_Out_Needed_For_Colony_Palette_,1,744581,1356505
79,D:\MOX\OTHERS\ERIC.C,code,False,Draw_Centered_,1,744703,1356627
79,D:\MOX\OTHERS\ERIC.C,code,False,Remap_Draw_Centered_,1,744746,1356670
79,D:\MOX\OTHERS\ERIC.C,code,False,Draw_Bottom_Centered_,1,744789,1356713
79,D:\MOX\OTHERS\ERIC.C,code,False,Draw_Bottom_Centered_No_Glass_,1,744821,1356745
79,D:\MOX\OTHERS\ERIC.C,code,False,Global_Cycler_,1,744855,1356779
79,D:\MOX\OTHERS\ERIC.C,code,False,Print_Clicks_,1,744885,1356809
79,D:\MOX\OTHERS\ERIC.C,code,False,Pulsing_Box_,1,744935,1356859
79,D:\MOX\OTHERS\ERIC.C,code,False,Pulsing_Rect_,1,745005,1356929
79,D:\MOX\OTHERS\ERIC.C,code,False,Eric_Defaults_,1,745119,1357043
79,D:\MOX\OTHERS\ERIC.C,code,False,Pulsing_Rect_to_Bitmap_,1,745120,1357044
79,D:\MOX\OTHERS\ERIC.C,code,False,Print_Paragraph_Centered_Vertically_,1,745171,1357095
79,D:\MOX\OTHERS\ERIC.C,code,False,Print_Paragraph_Centered_,1,745236,1357160
79,D:\MOX\OTHERS\ERIC.C,code,False,Eric_Init_,1,745298,1357222
79,D:\MOX\OTHERS\ERIC.C,code,False,Pick_Random_Colony_,1,745308,1357232
79,D:\MOX\OTHERS\ERIC.C,code,False,Player_Capitol_World_,1,745392,1357316
79,D:\MOX\OTHERS\ERIC.C,code,False,Pick_Random_Player_,1,745463,1357387
79,D:\MOX\OTHERS\ERIC.C,code,False,Red_If_Negative_Fmt_String_,1,745533,1357457
79,D:\MOX\OTHERS\ERIC.C,code,False,Player_Has_Leader_With_General_Skill_At_Star_,1,745554,1357478
79,D:\MOX\OTHERS\ERIC.C,code,False,Player_Has_Ship_Size_Or_Larger_At_Star_,1,745705,1357629
79,D:\MOX\OTHERS\ERIC.C,code,False,Player_Can_Mind_Control_Colony_With_Help_,1,745787,1357711
79,D:\MOX\OTHERS\ERIC.C,code,False,Player_Can_Mind_Control_Colony_,1,746026,1357950
79,D:\MOX\OTHERS\ERIC.C,code,True,Cinematic_Autofunction_,1,746259,1358183
79,D:\MOX\OTHERS\ERIC.C,code,True,Do_Cinematic_Popup_Setup_,1,746427,1358351
79,D:\MOX\OTHERS\ERIC.C,code,True,Do_Cinematic_Popup_Cleanup_,1,746584,1358508
79,D:\MOX\OTHERS\ERIC.C,code,False,Play_Amoeba_Flic_,1,746667,1358591
79,D:\MOX\OTHERS\ERIC.C,code,False,Play_Planetary_Destruction_Flic_,1,746771,1358695
79,D:\MOX\OTHERS\ERIC.C,code,False,Play_Dimensional_Portal_Flic_,1,746875,1358799
79,D:\MOX\OTHERS\ERIC.C,code,False,Play_Antarans_Attack_Flic_,1,746979,1358903
79,D:\MOX\OTHERS\ERIC.C,code,False,Play_Take_Orion_Flic_,1,747088,1359012
79,D:\MOX\OTHERS\ERIC.C,code,False,Play_Diplomatic_Win_Flic_,1,747197,1359121
79,D:\MOX\OTHERS\ERIC.C,code,False,Play_Normal_Win_Flic_,1,747291,1359215
79,D:\MOX\OTHERS\ERIC.C,code,False,Play_All_Flics_,1,747325,1359249
79,D:\MOX\OTHERS\ERIC.C,code,False,Play_Antaran_Win_Flic_,1,747325,1359249
79,D:\MOX\OTHERS\ERIC.C,code,False,Play_Loose_Flic_,1,747362,1359286
80,D:\MOX\OTHERS\FAKEBUTS.C,code,False,Draw_Fake_Buttons_,1,747394,1359318
80,D:\MOX\OTHERS\FAKEBUTS.C,code,False,Add_Fake_Button_To_List_,1,747534,1359458
80,D:\MOX\OTHERS\FAKEBUTS.C,code,False,Clear_Fake_Buttons_,1,747582,1359506
80,D:\MOX\OTHERS\FAKEBUTS.C,code,False,Add_Fake_Button_Field_,1,747611,1359535
80,D:\MOX\OTHERS\FAKEBUTS.C,code,False,Draw_Click_Thru_Fields_,1,747716,1359640
80,D:\MOX\OTHERS\FAKEBUTS.C,code,False,Add_Click_Thru_Field_To_List_,1,747958,1359882
80,D:\MOX\OTHERS\FAKEBUTS.C,code,False,Clear_Click_Thru_Fields_,1,748070,1359994
80,D:\MOX\OTHERS\FAKEBUTS.C,code,False,Add_Click_Thru_Field_,1,748099,1360023
80,D:\MOX\OTHERS\FAKEBUTS.C,code,False,Evaluate_Click_Thru_Fields_,1,748196,1360120
81,D:\MOX\OTHERS\FIREPTS.C,code,False,Load_FP_Data_From_LBX_,1,748281,1360205
81,D:\MOX\OTHERS\FIREPTS.C,code,False,N_Fire_Points_,1,748395,1360319
81,D:\MOX\OTHERS\FIREPTS.C,code,False,Calc_FP_Offsets_,1,748496,1360420
82,D:\MOX\OTHERS\FLCQUEUE.C,code,False,Allocate_Flic_Queue_And_Pointers_,1,748708,1360632
82,D:\MOX\OTHERS\FLCQUEUE.C,code,False,Deallocate_Flic_Queue_And_Pointers_,1,748708,1360632
82,D:\MOX\OTHERS\FLCQUEUE.C,code,False,Add_Flic_To_End_Of_Queue_,1,748718,1360642
82,D:\MOX\OTHERS\FLCQUEUE.C,code,False,Draw_Flic_Queue_,1,748791,1360715
82,D:\MOX\OTHERS\FLCQUEUE.C,code,True,Draw_Queue_Entry_,1,748816,1360740
82,D:\MOX\OTHERS\FLCQUEUE.C,code,True,Squeze_Out_Queue_Entry_,1,749051,1360975
83,D:\MOX\OTHERS\MAINPUPS.C,code,False,Eric_Push_Fields_,1,749182,1361106
83,D:\MOX\OTHERS\MAINPUPS.C,code,False,Eric_Pop_Fields_,1,749210,1361134
83,D:\MOX\OTHERS\MAINPUPS.C,code,False,Player_Has_Colony_Or_Outpost_At_Star_,1,749247,1361171
83,D:\MOX\OTHERS\MAINPUPS.C,code,False,Clear_Event_Slots_,1,749350,1361274
83,D:\MOX\OTHERS\MAINPUPS.C,code,False,Clear_System_Special_Slots_,1,749350,1361274
83,D:\MOX\OTHERS\MAINPUPS.C,code,False,Clear_New_Officer_Slots_,1,749381,1361305
83,D:\MOX\OTHERS\MAINPUPS.C,code,True,System_Special_Anim_,1,749393,1361317
83,D:\MOX\OTHERS\MAINPUPS.C,code,True,System_Special_Desc_,1,749496,1361420
83,D:\MOX\OTHERS\MAINPUPS.C,code,False,Draw_System_Special_Popup_,1,749555,1361479
83,D:\MOX\OTHERS\MAINPUPS.C,code,True,Do_Popup_Setup_,1,749614,1361538
83,D:\MOX\OTHERS\MAINPUPS.C,code,True,Do_Popup_Cleanup_,1,750211,1362135
83,D:\MOX\OTHERS\MAINPUPS.C,code,False,Draw_Special_Info_Popup_,1,750360,1362284
83,D:\MOX\OTHERS\MAINPUPS.C,code,True,Update_Random_New_Officer_Fields_,1,750895,1362819
83,D:\MOX\OTHERS\MAINPUPS.C,code,True,Add_Random_New_Officer_Fields_,1,750922,1362846
83,D:\MOX\OTHERS\MAINPUPS.C,code,False,Leader_Technology_String_,1,751118,1363042
83,D:\MOX\OTHERS\MAINPUPS.C,code,True,Draw_Random_New_Officer_Popup_,1,751354,1363278
83,D:\MOX\OTHERS\MAINPUPS.C,code,True,Load_New_Officer_Popup_,1,751973,1363897
83,D:\MOX\OTHERS\MAINPUPS.C,code,True,Load_New_Officer_Popup_For_Officer_Screen_,1,752112,1364036
83,D:\MOX\OTHERS\MAINPUPS.C,code,True,Set_Globals_To_Center_Popup_,1,752260,1364184
83,D:\MOX\OTHERS\MAINPUPS.C,code,False,Hire_Officer_Popup_,1,752312,1364236
83,D:\MOX\OTHERS\MAINPUPS.C,code,False,Random_New_Officer_Popup_,1,752346,1364270
83,D:\MOX\OTHERS\MAINPUPS.C,code,False,Marooned_Officer_Joins_Popup_,1,753412,1365336
83,D:\MOX\OTHERS\MAINPUPS.C,code,False,Marooned_Officer_Fails_Popup_,1,753440,1365364
83,D:\MOX\OTHERS\MAINPUPS.C,code,True,Add_Officer_Gains_Level_Fields_,1,753455,1365379
83,D:\MOX\OTHERS\MAINPUPS.C,code,True,Update_Officer_Gains_Level_Fields_,1,753463,1365387
83,D:\MOX\OTHERS\MAINPUPS.C,code,False,Mainpups_Tested_Execute_Autofunction_,1,753540,1365464
83,D:\MOX\OTHERS\MAINPUPS.C,code,True,Draw_Officer_Gains_Level_Popup_,1,753696,1365620
83,D:\MOX\OTHERS\MAINPUPS.C,code,True,Load_Officer_Gains_Level_Popup_,1,754117,1366041
83,D:\MOX\OTHERS\MAINPUPS.C,code,False,Officer_Gains_Level_Popup_,1,754185,1366109
83,D:\MOX\OTHERS\MAINPUPS.C,code,True,Load_System_Discovery_Popup_,1,754446,1366370
83,D:\MOX\OTHERS\MAINPUPS.C,code,True,Update_Discovery_Fields_,1,754510,1366434
83,D:\MOX\OTHERS\MAINPUPS.C,code,True,Add_Discovery_Fields_,1,754542,1366466
83,D:\MOX\OTHERS\MAINPUPS.C,code,True,Draw_Discovery_Popup_,1,754629,1366553
83,D:\MOX\OTHERS\MAINPUPS.C,code,True,Check_System_Display_Fields_Discovery_,1,754952,1366876
83,D:\MOX\OTHERS\MAINPUPS.C,code,True,Evaluate_Discovery_Input_,1,754952,1366876
83,D:\MOX\OTHERS\MAINPUPS.C,code,False,New_System_Discovery_Popup_,1,755030,1366954
83,D:\MOX\OTHERS\MAINPUPS.C,code,True,Load_Colony_Selection_Popup_,1,755569,1367493
83,D:\MOX\OTHERS\MAINPUPS.C,code,True,Update_Selection_Fields_,1,755607,1367531
83,D:\MOX\OTHERS\MAINPUPS.C,code,True,Add_Selection_Fields_,1,755649,1367573
83,D:\MOX\OTHERS\MAINPUPS.C,code,True,Draw_Selection_Popup_,1,755678,1367602
83,D:\MOX\OTHERS\MAINPUPS.C,code,True,Check_System_Display_Fields_Selection_,1,756097,1368021
83,D:\MOX\OTHERS\MAINPUPS.C,code,True,Evaluate_Selection_Input_,1,756704,1368628
83,D:\MOX\OTHERS\MAINPUPS.C,code,False,Artificial_Planet_Selection_Popup_,1,757027,1368951
83,D:\MOX\OTHERS\MAINPUPS.C,code,False,Drop_Troops_Selection_Popup_,1,757052,1368976
83,D:\MOX\OTHERS\MAINPUPS.C,code,False,New_Outpost_Selection_Popup_,1,757065,1368989
83,D:\MOX\OTHERS\MAINPUPS.C,code,True,Set_G_Special_Value_,1,757078,1369002
83,D:\MOX\OTHERS\MAINPUPS.C,code,False,New_Colony_Selection_Popup_,1,757176,1369100
83,D:\MOX\OTHERS\MAINPUPS.C,code,True,Load_Colony_Attack_Selection_Popup_,1,757532,1369456
83,D:\MOX\OTHERS\MAINPUPS.C,code,True,Update_Attack_Selection_Fields_,1,757611,1369535
83,D:\MOX\OTHERS\MAINPUPS.C,code,True,Add_Attack_Selection_Fields_,1,757658,1369582
83,D:\MOX\OTHERS\MAINPUPS.C,code,True,Draw_Attack_Selection_Popup_,1,757703,1369627
83,D:\MOX\OTHERS\MAINPUPS.C,code,True,Check_System_Display_Fields_Attack_Selection_,1,757848,1369772
83,D:\MOX\OTHERS\MAINPUPS.C,code,True,Evaluate_Attack_Selection_Input_,1,758168,1370092
83,D:\MOX\OTHERS\MAINPUPS.C,code,False,Attack_Colony_Selection_Popup_,1,758200,1370124
83,D:\MOX\OTHERS\MAINPUPS.C,code,True,Load_Colony_Defense_Selection_Popup_,1,758464,1370388
83,D:\MOX\OTHERS\MAINPUPS.C,code,True,Update_Defense_Selection_Fields_,1,758531,1370455
83,D:\MOX\OTHERS\MAINPUPS.C,code,True,Add_Defense_Selection_Fields_,1,758581,1370505
83,D:\MOX\OTHERS\MAINPUPS.C,code,True,Draw_Defense_Selection_Popup_,1,758594,1370518
83,D:\MOX\OTHERS\MAINPUPS.C,code,True,Check_System_Display_Fields_Defense_Selection_,1,758709,1370633
83,D:\MOX\OTHERS\MAINPUPS.C,code,True,Evaluate_Defense_Selection_Input_,1,759382,1371306
83,D:\MOX\OTHERS\MAINPUPS.C,code,False,Defense_Colony_Selection_Popup_,1,759414,1371338
83,D:\MOX\OTHERS\MAINPUPS.C,code,False,Player_Attacked_Popup_,1,759771,1371695
83,D:\MOX\OTHERS\MAINPUPS.C,code,True,Load_SLIDER_Popup_,1,760283,1372207
83,D:\MOX\OTHERS\MAINPUPS.C,code,True,Update_Slider_Fields_,1,760428,1372352
83,D:\MOX\OTHERS\MAINPUPS.C,code,True,Add_Slider_Fields_,1,760484,1372408
83,D:\MOX\OTHERS\MAINPUPS.C,code,True,Draw_Slider_Popup_,1,760893,1372817
83,D:\MOX\OTHERS\MAINPUPS.C,code,True,Evaluate_Slider_Input_,1,761438,1373362
83,D:\MOX\OTHERS\MAINPUPS.C,code,False,Slider_Popup_,1,761520,1373444
83,D:\MOX\OTHERS\MAINPUPS.C,code,True,New_Colony_Confirmation_Box_,1,761796,1373720
83,D:\MOX\OTHERS\MAINPUPS.C,code,False,Build_Generic_Planet_Or_Colony_Description_String_Formatted_,1,762221,1374145
83,D:\MOX\OTHERS\MAINPUPS.C,code,True,Get_Colony_Best_Shield_Bldg_,1,763454,1375378
83,D:\MOX\OTHERS\MAINPUPS.C,code,False,Colony_Selection_Popup_,1,763558,1375482
83,D:\MOX\OTHERS\MAINPUPS.C,code,False,Update_CCP_Display_Data_Invasion_,1,763643,1375567
83,D:\MOX\OTHERS\MAINPUPS.C,code,False,Colony_Invasion_Popup_,1,763791,1375715
83,D:\MOX\OTHERS\MAINPUPS.C,code,False,Update_CCP_Display_Data_Bombing_,1,763855,1375779
83,D:\MOX\OTHERS\MAINPUPS.C,code,False,Setup_To_Apply_Bomb_Hits_,1,763930,1375854
83,D:\MOX\OTHERS\MAINPUPS.C,code,False,Apply_Next_Bomb_Hit_,1,763996,1375920
83,D:\MOX\OTHERS\MAINPUPS.C,code,False,Colony_Bombing_Popup_,1,764705,1376629
83,D:\MOX\OTHERS\MAINPUPS.C,code,False,Load_Combat_Colony_Picture_To_Screen_Seg_,1,764799,1376723
83,D:\MOX\OTHERS\MAINPUPS.C,code,True,Load_Colony_Combat_Popup_,1,764952,1376876
83,D:\MOX\OTHERS\MAINPUPS.C,code,True,Update_Colony_Combat_Fields_,1,765344,1377268
83,D:\MOX\OTHERS\MAINPUPS.C,code,True,Add_Colony_Combat_Fields_,1,765384,1377308
83,D:\MOX\OTHERS\MAINPUPS.C,code,True,Draw_Colony_Combat_Popup_,1,766524,1378448
83,D:\MOX\OTHERS\MAINPUPS.C,code,True,Evaluate_Colony_Combat_Input_,1,768140,1380064
83,D:\MOX\OTHERS\MAINPUPS.C,code,False,Colony_Combat_Popup_,1,768720,1380644
83,D:\MOX\OTHERS\MAINPUPS.C,code,True,Load_Tax_Rate_Popup_,1,769723,1381647
83,D:\MOX\OTHERS\MAINPUPS.C,code,True,Update_Tax_Rate_Fields_,1,769946,1381870
83,D:\MOX\OTHERS\MAINPUPS.C,code,True,Add_Tax_Rate_Fields_,1,769973,1381897
83,D:\MOX\OTHERS\MAINPUPS.C,code,True,Draw_Tax_Rate_Popup_,1,770386,1382310
83,D:\MOX\OTHERS\MAINPUPS.C,code,True,Evaluate_Tax_Rate_Input_,1,770456,1382380
83,D:\MOX\OTHERS\MAINPUPS.C,code,False,Tax_Rate_Popup_,1,770571,1382495
83,D:\MOX\OTHERS\MAINPUPS.C,code,True,Load_Dragon_New_Star_Popup_,1,770905,1382829
83,D:\MOX\OTHERS\MAINPUPS.C,code,True,Update_Dragon_New_Star_Fields_,1,771003,1382927
83,D:\MOX\OTHERS\MAINPUPS.C,code,True,Add_Dragon_New_Star_Fields_,1,771035,1382959
83,D:\MOX\OTHERS\MAINPUPS.C,code,True,Draw_Dragon_New_Star_Popup_,1,771217,1383141
83,D:\MOX\OTHERS\MAINPUPS.C,code,True,Evaluate_Dragon_New_Star_Input_,1,771659,1383583
83,D:\MOX\OTHERS\MAINPUPS.C,code,False,Dragon_New_Star_Popup_,1,771893,1383817
84,D:\MOX\OTHERS\NEWGAME.C,code,False,Load_New_Game_Strings_,1,772124,1384048
84,D:\MOX\OTHERS\NEWGAME.C,code,False,Reload_Newgame_Screen_,1,772636,1384560
84,D:\MOX\OTHERS\NEWGAME.C,code,True,Draw_Pictures_,1,773181,1385105
84,D:\MOX\OTHERS\NEWGAME.C,code,False,Draw_Newgame_Screen_,1,773436,1385360
84,D:\MOX\OTHERS\NEWGAME.C,code,True,Temps_To_Globals_,1,775009,1386933
84,D:\MOX\OTHERS\NEWGAME.C,code,True,Globals_To_Temps_,1,775100,1387024
84,D:\MOX\OTHERS\NEWGAME.C,code,False,Newgame_Screen_,1,775221,1387145
85,D:\MOX\OTHERS\OCPOLPUP.C,code,False,Load_Oc_Pol_Anims_,1,776421,1388345
85,D:\MOX\OTHERS\OCPOLPUP.C,code,False,Occupation_Policy_Popup_,1,776553,1388477
86,D:\MOX\OTHERS\ERICHELP.C,code,False,Eric_Set_Help_List_,1,776941,1388865
86,D:\MOX\OTHERS\ERICHELP.C,code,False,Set_Colony_Screen_Help_List_,1,776961,1388885
86,D:\MOX\OTHERS\ERICHELP.C,code,False,Set_Colony_Summary_Screen_Help_List_,1,776984,1388908
86,D:\MOX\OTHERS\ERICHELP.C,code,False,Set_Refit_Ship_Popup_Help_List_,1,777002,1388926
86,D:\MOX\OTHERS\ERICHELP.C,code,False,Set_Building_Queue_Screen_Help_List_,1,777020,1388944
86,D:\MOX\OTHERS\ERICHELP.C,code,False,Set_Transport_Popup_Help_List_,1,777038,1388962
86,D:\MOX\OTHERS\ERICHELP.C,code,False,Set_Occupation_Policy_Popup_Help_List_,1,777056,1388980
86,D:\MOX\OTHERS\ERICHELP.C,code,False,Set_New_Game_Screen_Help_List_,1,777074,1388998
86,D:\MOX\OTHERS\ERICHELP.C,code,False,Set_New_System_Discovery_Popup_Help_List_,1,777155,1389079
86,D:\MOX\OTHERS\ERICHELP.C,code,False,Set_Player_Attacked_Popup_Help_List_,1,777156,1389080
86,D:\MOX\OTHERS\ERICHELP.C,code,False,Set_New_Colony_Confirmation_Box_Help_List_,1,777177,1389101
86,D:\MOX\OTHERS\ERICHELP.C,code,False,Set_Tax_Rate_Popup_Help_List_,1,777198,1389122
86,D:\MOX\OTHERS\ERICHELP.C,code,False,Set_Dragon_New_Star_Popup_Help_List_,1,777219,1389143
86,D:\MOX\OTHERS\ERICHELP.C,code,False,Set_Planet_Selection_Popup_Help_List_,1,777240,1389164
86,D:\MOX\OTHERS\ERICHELP.C,code,False,Set_Officer_Information_Popup_Help_List_,1,777261,1389185
86,D:\MOX\OTHERS\ERICHELP.C,code,False,Set_Combat_Colony_Selection_Popup_Help_List_,1,777282,1389206
87,D:\MOX\OTHERS\ESCROLL.C,code,False,Get_First_,1,777303,1389227
87,D:\MOX\OTHERS\ESCROLL.C,code,False,Update_First_Based_On_Grid_,1,777332,1389256
87,D:\MOX\OTHERS\ESCROLL.C,code,False,Draw_Scroll_Bar_Indicator_In_Base_Colony_Palette_,1,777391,1389315
87,D:\MOX\OTHERS\ESCROLL.C,code,False,Inc_Grid_Var_For_Scroll_Field_,1,777719,1389643
87,D:\MOX\OTHERS\ESCROLL.C,code,False,Dec_Grid_Var_For_Scroll_Field_,1,777771,1389695
87,D:\MOX\OTHERS\ESCROLL.C,code,False,Add_E_Scroll_Bar_Field_,1,777809,1389733
87,D:\MOX\OTHERS\ESCROLL.C,code,False,Do_Scroll_Bar_Fields_Check_,1,777939,1389863
88,D:\MOX\OTHERS\ESTRINGS.C,code,False,E_Strings_,1,778076,1390000
88,D:\MOX\OTHERS\ESTRINGS.C,code,False,Load_E_Strings_,1,778085,1390009
88,D:\MOX\OTHERS\ESTRINGS.C,code,False,Load_H_And_Pro_File_Strings_,1,778469,1390393
89,D:\MOX\OTHERS\NEWPUP.C,code,True,Print_Data_,1,781465,1393389
89,D:\MOX\OTHERS\NEWPUP.C,code,True,Print_Best_Summary_,1,781590,1393514
89,D:\MOX\OTHERS\NEWPUP.C,code,True,Print_Race_Summary_,1,781723,1393647
89,D:\MOX\OTHERS\NEWPUP.C,code,True,Print_Troop_Totals_,1,781904,1393828
89,D:\MOX\OTHERS\NEWPUP.C,code,False,Load_Troop_Anims_,1,782502,1394426
89,D:\MOX\OTHERS\NEWPUP.C,code,True,Update_Fields_,1,782503,1394427
89,D:\MOX\OTHERS\NEWPUP.C,code,True,Add_Fields_,1,782508,1394432
89,D:\MOX\OTHERS\NEWPUP.C,code,True,Draw_Troop_Popup_,1,782553,1394477
89,D:\MOX\OTHERS\NEWPUP.C,code,False,Troop_Popup_,1,782816,1394740
90,D:\MOX\OTHERS\AIBOMB.C,code,False,AI_Invasion_Will_Succeed_,1,782958,1394882
90,D:\MOX\OTHERS\AIBOMB.C,code,False,AI_Player_Invades_,1,783180,1395104
91,D:\MOX\OTHERS\AIBUILD.C,code,False,Product_Name_,1,783256,1395180
91,D:\MOX\OTHERS\AIBUILD.C,code,True,Compute_Colony_Ship_Need_,1,783272,1395196
91,D:\MOX\OTHERS\AIBUILD.C,code,True,Compute_Freighter_Need_,1,783293,1395217
91,D:\MOX\OTHERS\AIBUILD.C,code,True,Compute_Needs_,1,783373,1395297
91,D:\MOX\OTHERS\AIBUILD.C,code,False,Mean_Ship_Strength_,1,785125,1397049
91,D:\MOX\OTHERS\AIBUILD.C,code,False,Compute_Empire_Building_Needs_,1,785590,1397514
91,D:\MOX\OTHERS\AIBUILD.C,code,True,Find_Buildable_Buildings_,1,786091,1398015
91,D:\MOX\OTHERS\AIBUILD.C,code,True,Industry_Worth_,1,786140,1398064
91,D:\MOX\OTHERS\AIBUILD.C,code,False,Colony_Is_Conquered_,1,786178,1398102
91,D:\MOX\OTHERS\AIBUILD.C,code,True,Colony_Building_Score_,1,786486,1398410
91,D:\MOX\OTHERS\AIBUILD.C,code,False,Assign_Colony_New_Building_,1,789256,1401180
91,D:\MOX\OTHERS\AIBUILD.C,code,True,colony_less_industry_cmp_,1,789631,1401555
91,D:\MOX\OTHERS\AIBUILD.C,code,True,Force_Produce_,1,789746,1401670
91,D:\MOX\OTHERS\AIBUILD.C,code,False,Empire_Buy_Outright_,1,789807,1401731
91,D:\MOX\OTHERS\AIBUILD.C,code,False,Player_War_Level_,1,790534,1402458
91,D:\MOX\OTHERS\AIBUILD.C,code,False,Refit_Cost_,1,790667,1402591
91,D:\MOX\OTHERS\AIBUILD.C,code,False,Assign_Empire_Building_,1,790766,1402690
91,D:\MOX\OTHERS\AIBUILD.C,code,False,Assign_Colony_Building_,1,796500,1408424
91,D:\MOX\OTHERS\AIBUILD.C,code,False,Player_Colony_Autobuild_,1,796547,1408471
92,D:\MOX\OTHERS\AIDATA.C,code,False,Uncolonized_Planet_Worth_To_Player_,1,796583,1408507
92,D:\MOX\OTHERS\AIDATA.C,code,True,Colony_Dominant_Player_,1,797192,1409116
92,D:\MOX\OTHERS\AIDATA.C,code,True,Star_In_Range_Of_Given_Star_,1,797353,1409277
92,D:\MOX\OTHERS\AIDATA.C,code,True,Proximity_Worth_To_Player_,1,797418,1409342
92,D:\MOX\OTHERS\AIDATA.C,code,False,Colony_Worth_To_Player_,1,797870,1409794
92,D:\MOX\OTHERS\AIDATA.C,code,True,Compute_Base_Planet_Values_,1,798766,1410690
92,D:\MOX\OTHERS\AIDATA.C,code,True,Compute_Contextual_Planet_Values_,1,799013,1410937
92,D:\MOX\OTHERS\AIDATA.C,code,True,sort_ships_,1,799512,1411436
92,D:\MOX\OTHERS\AIDATA.C,code,True,Refit_Desirability_,1,799697,1411621
92,D:\MOX\OTHERS\AIDATA.C,code,False,airefit_cmp_,1,800111,1412035
92,D:\MOX\OTHERS\AIDATA.C,code,False,Player_N_Turns_From_Star_To_Star_With_Intermediate_,1,800118,1412042
92,D:\MOX\OTHERS\AIDATA.C,code,False,Ship_N_Turns_To_Star_With_Intermediate_,1,800831,1412755
92,D:\MOX\OTHERS\AIDATA.C,code,True,Find_Players_In_Range_,1,801384,1413308
92,D:\MOX\OTHERS\AIDATA.C,code,True,Compute_Star_Player_Range_Info_,1,801696,1413620
92,D:\MOX\OTHERS\AIDATA.C,code,False,Compute_AI_Data_,1,802100,1414024
92,D:\MOX\OTHERS\AIDATA.C,code,False,Deallocate_AI_Data_,1,808781,1420705
93,D:\MOX\OTHERS\AIDUDES.C,code,True,Sort_Colonies_Blockaded_,1,808801,1420725
93,D:\MOX\OTHERS\AIDUDES.C,code,True,Collect_AI_Colonies_,1,808853,1420777
93,D:\MOX\OTHERS\AIDUDES.C,code,True,Assign_Buildings_,1,809115,1421039
93,D:\MOX\OTHERS\AIDUDES.C,code,True,Clear_Build_Queues_If_New_Tech_,1,809172,1421096
93,D:\MOX\OTHERS\AIDUDES.C,code,True,Keep_Ship_Designs_Up_To_Date_,1,810222,1422146
93,D:\MOX\OTHERS\AIDUDES.C,code,True,Freighter_Cheat_,1,810393,1422317
93,D:\MOX\OTHERS\AIDUDES.C,code,True,Do_Ship_Upgrade_Cheats_,1,810521,1422445
93,D:\MOX\OTHERS\AIDUDES.C,code,True,Sort_Pops_Fixed_,1,810921,1422845
93,D:\MOX\OTHERS\AIDUDES.C,code,True,Assign_Required_Colonists_,1,810977,1422901
93,D:\MOX\OTHERS\AIDUDES.C,code,True,FI_Worthiness_,1,811301,1423225
93,D:\MOX\OTHERS\AIDUDES.C,code,True,Sort_Pops_FI_,1,811341,1423265
93,D:\MOX\OTHERS\AIDUDES.C,code,True,Do_Blockaded_Colony_,1,811495,1423419
93,D:\MOX\OTHERS\AIDUDES.C,code,True,Sort_Pops_R_I_,1,811797,1423721
93,D:\MOX\OTHERS\AIDUDES.C,code,True,Sort_Pops_FR_I_,1,811942,1423866
93,D:\MOX\OTHERS\AIDUDES.C,code,True,Compute_Max_Min_R_I_Worthiness_,1,812170,1424094
93,D:\MOX\OTHERS\AIDUDES.C,code,True,Do_Unblockaded_Colony_,1,812332,1424256
93,D:\MOX\OTHERS\AIDUDES.C,code,True,Grab_Worker_,1,812619,1424543
93,D:\MOX\OTHERS\AIDUDES.C,code,True,Grab_Scientist_,1,812674,1424598
93,D:\MOX\OTHERS\AIDUDES.C,code,True,Assign_Additional_Research_Industry_,1,812723,1424647
93,D:\MOX\OTHERS\AIDUDES.C,code,True,F_IR_Worthiness_,1,813098,1425022
93,D:\MOX\OTHERS\AIDUDES.C,code,True,Sort_Pops_F_IR_,1,813259,1425183
93,D:\MOX\OTHERS\AIDUDES.C,code,True,Make_First_Unassigned_Into_Farmer_,1,813568,1425492
93,D:\MOX\OTHERS\AIDUDES.C,code,True,Assign_Additional_Unblockaded_Farmers_,1,813780,1425704
93,D:\MOX\OTHERS\AIDUDES.C,code,True,Industry_Sanity_Check_,1,814464,1426388
93,D:\MOX\OTHERS\AIDUDES.C,code,False,Colony_AI_Given_Tax_,1,814621,1426545
93,D:\MOX\OTHERS\AIDUDES.C,code,False,Colony_AI_,1,814804,1426728
93,D:\MOX\OTHERS\AIDUDES.C,code,False,All_Colony_AI_,1,814951,1426875
94,D:\MOX\OTHERS\AILEADER.C,code,True,Assign_Fleet_Officer_,1,815066,1426990
94,D:\MOX\OTHERS\AILEADER.C,code,True,Reassign_Fleet_Officer_,1,815224,1427148
94,D:\MOX\OTHERS\AILEADER.C,code,True,Assign_Star_Officer_,1,815473,1427397
94,D:\MOX\OTHERS\AILEADER.C,code,True,Assign_Unassigned_Leaders_,1,816084,1428008
94,D:\MOX\OTHERS\AILEADER.C,code,False,Do_AI_Leaders_,1,816185,1428109
95,D:\MOX\OTHERS\AIMOVE.C,code,True,Sort_colonizable_,1,816738,1428662
95,D:\MOX\OTHERS\AIMOVE.C,code,False,AI_May_Attack_Player_,1,816745,1428669
95,D:\MOX\OTHERS\AIMOVE.C,code,False,Get_Colonizable_Planets_,1,816824,1428748
95,D:\MOX\OTHERS\AIMOVE.C,code,True,Delete_Already_Assigned_Planets_,1,816996,1428920
95,D:\MOX\OTHERS\AIMOVE.C,code,True,Move_Ships_With_Possible_Intermediate_,1,817443,1429367
95,D:\MOX\OTHERS\AIMOVE.C,code,True,Get_Best_Unescorted_Colony_Ship_,1,817992,1429916
95,D:\MOX\OTHERS\AIMOVE.C,code,True,Get_Enemy_Strength_On_Turn_,1,818180,1430104
95,D:\MOX\OTHERS\AIMOVE.C,code,True,Ship_Rough_Strength_At_Star_,1,818515,1430439
95,D:\MOX\OTHERS\AIMOVE.C,code,True,Ship_Min_Strength_Versus_Players_At_Star_,1,818996,1430920
95,D:\MOX\OTHERS\AIMOVE.C,code,True,Get_Best_Escorted_Colony_Ship_,1,819191,1431115
95,D:\MOX\OTHERS\AIMOVE.C,code,True,I_Soonest_Enemy_Colony_Ship_,1,821179,1433103
95,D:\MOX\OTHERS\AIMOVE.C,code,True,Sort_candidate_stars_,1,821319,1433243
95,D:\MOX\OTHERS\AIMOVE.C,code,True,Star_Has_Monster_,1,821547,1433471
95,D:\MOX\OTHERS\AIMOVE.C,code,True,Assign_New_Colony_Ship_Destinations_,1,821615,1433539
95,D:\MOX\OTHERS\AIMOVE.C,code,False,Best_Uncolonized_Undestined_Planet_,1,822393,1434317
95,D:\MOX\OTHERS\AIMOVE.C,code,False,Enemy_Colony_Worth_To_Player_,1,822545,1434469
95,D:\MOX\OTHERS\AIMOVE.C,code,False,Player_Is_Hostile_To_Player_,1,822753,1434677
95,D:\MOX\OTHERS\AIMOVE.C,code,False,N_Enemy_Stars_Reachable_,1,822866,1434790
95,D:\MOX\OTHERS\AIMOVE.C,code,True,Compute_Attack_Worthiness_,1,822994,1434918
95,D:\MOX\OTHERS\AIMOVE.C,code,True,Gather_Player_Ships_At_Star_,1,824312,1436236
95,D:\MOX\OTHERS\AIMOVE.C,code,True,Find_Best_Attack_From_Star_,1,824499,1436423
95,D:\MOX\OTHERS\AIMOVE.C,code,True,Launch_Attacks_,1,825326,1437250
95,D:\MOX\OTHERS\AIMOVE.C,code,True,Knock_Out_Impossible_Interceptions_,1,825407,1437331
95,D:\MOX\OTHERS\AIMOVE.C,code,True,Gather_Intercepting_Ships_,1,825816,1437740
95,D:\MOX\OTHERS\AIMOVE.C,code,True,Interceptions_,1,825982,1437906
95,D:\MOX\OTHERS\AIMOVE.C,code,True,Intercept_Invaders_,1,827269,1439193
95,D:\MOX\OTHERS\AIMOVE.C,code,True,Move_To_Stage_Points_,1,828549,1440473
95,D:\MOX\OTHERS\AIMOVE.C,code,True,Move_Transports_,1,829852,1441776
95,D:\MOX\OTHERS\AIMOVE.C,code,True,Move_To_Unexplored_Stars_,1,831444,1443368
95,D:\MOX\OTHERS\AIMOVE.C,code,True,Launch_Sneak_Attack_,1,832087,1444011
95,D:\MOX\OTHERS\AIMOVE.C,code,True,Mark_Flee_Stars_,1,832485,1444409
95,D:\MOX\OTHERS\AIMOVE.C,code,False,Move_AI_,1,832638,1444562
95,D:\MOX\OTHERS\AIMOVE.C,code,True,Sort_npc_dests_,1,833113,1445037
95,D:\MOX\OTHERS\AIMOVE.C,code,True,NPC_Dest_,1,833234,1445158
95,D:\MOX\OTHERS\AIMOVE.C,code,True,Move_NPCs_,1,833752,1445676
95,D:\MOX\OTHERS\AIMOVE.C,code,False,Move_All_AI_,1,834345,1446269
95,D:\MOX\OTHERS\AIMOVE.C,code,True,Find_Opportunity_Attack_Aux_,1,834463,1446387
95,D:\MOX\OTHERS\AIMOVE.C,code,False,Find_Opportunity_Attack_,1,834652,1446576
95,D:\MOX\OTHERS\AIMOVE.C,code,False,Player_Threatens_Player_,1,834760,1446684
95,D:\MOX\OTHERS\AIMOVE.C,code,False,Number_Of_Attacks_Underway_,1,835000,1446924
96,D:\MOX\OTHERS\AISTAGE.C,code,False,Compute_Defensive_Stage_Points_,1,835204,1447128
97,D:\MOX\OTHERS\AITECH.C,code,False,AI_Tech_Select_,1,836232,1448156
97,D:\MOX\OTHERS\AITECH.C,code,False,Player_Best_Ship_Shield_,1,836339,1448263
97,D:\MOX\OTHERS\AITECH.C,code,False,Player_Best_Armor_,1,836387,1448311
97,D:\MOX\OTHERS\AITECH.C,code,False,Player_Best_Computer_,1,836431,1448355
97,D:\MOX\OTHERS\AITECH.C,code,False,Player_Best_Fuel_,1,836475,1448399
97,D:\MOX\OTHERS\AITECH.C,code,False,Player_Best_Planetary_Shield_,1,836522,1448446
97,D:\MOX\OTHERS\AITECH.C,code,False,Player_Best_Drive_,1,836579,1448503
97,D:\MOX\OTHERS\AITECH.C,code,False,Player_Best_Rifle_,1,836630,1448554
97,D:\MOX\OTHERS\AITECH.C,code,False,Player_Best_Personal_Shield_,1,836681,1448605
97,D:\MOX\OTHERS\AITECH.C,code,False,Compute_AI_Tech_Info_,1,836732,1448656
97,D:\MOX\OTHERS\AITECH.C,code,False,All_AI_Tech_Select_,1,838249,1450173
97,D:\MOX\OTHERS\AITECH.C,code,False,Get_Max_Technology_Value_,1,838382,1450306
97,D:\MOX\OTHERS\AITECH.C,code,False,System_Proximity_Count_,1,838471,1450395
97,D:\MOX\OTHERS\AITECH.C,code,False,Apply_Evolutionary_Upgrades_,1,838576,1450500
98,D:\MOX\OTHERS\AITRADE.C,code,False,AI_Agrees_To_Trade_Agreement_,1,838705,1450629
98,D:\MOX\OTHERS\AITRADE.C,code,False,AI_Agrees_To_Research_Agreement_,1,838787,1450711
100,D:\MOX\OTHERS\BOMB.C,code,False,Handle_Leader_At_Lost_Colony_,1,838860,1450784
100,D:\MOX\OTHERS\BOMB.C,code,False,Destroy_Colony_,1,839084,1451008
100,D:\MOX\OTHERS\BOMB.C,code,False,Resolve_Bomb_Hit_,1,839357,1451281
100,D:\MOX\OTHERS\BOMB.C,code,False,Resolve_Biological_Hit_,1,839998,1451922
100,D:\MOX\OTHERS\BOMB.C,code,False,Apply_Bomb_Hits_,1,840434,1452358
101,D:\MOX\OTHERS\CHAT.C,code,False,Receive_Chat_Msg_,1,840529,1452453
101,D:\MOX\OTHERS\CHAT.C,code,False,Send_Chat_Msg_,1,840632,1452556
101,D:\MOX\OTHERS\CHAT.C,code,False,Send_GNN_Chat_Msg_,1,840746,1452670
102,D:\MOX\OTHERS\COLCALC.C,code,False,_minerals_per_mine,1,840885,1452809
102,D:\MOX\OTHERS\COLCALC.C,code,False,_climate_maintenance_modifiers,1,840890,1452814
102,D:\MOX\OTHERS\COLCALC.C,code,False,Load_Colcalc_Strings_,1,840957,1452881
102,D:\MOX\OTHERS\COLCALC.C,code,False,Colony_Officer_,1,842226,1454150
102,D:\MOX\OTHERS\COLCALC.C,code,False,Format_Quotient_,1,842294,1454218
102,D:\MOX\OTHERS\COLCALC.C,code,True,Mixed_Race_Morale_Penalty_,1,842452,1454376
102,D:\MOX\OTHERS\COLCALC.C,code,True,Colony_Morale_,1,842533,1454457
102,D:\MOX\OTHERS\COLCALC.C,code,False,Show_Morale_,1,843515,1455439
102,D:\MOX\OTHERS\COLCALC.C,code,False,Gravity_Player_Production_Factor_,1,843564,1455488
102,D:\MOX\OTHERS\COLCALC.C,code,False,Colony_Pop_Prod_Produced_,1,843731,1455655
102,D:\MOX\OTHERS\COLCALC.C,code,False,Colony_Food2_Per_Farmer_,1,843838,1455762
102,D:\MOX\OTHERS\COLCALC.C,code,False,Colony_Empire_Base_Food2_Produced_,1,843974,1455898
102,D:\MOX\OTHERS\COLCALC.C,code,True,Colony_Pop_Base_Prod_Produced_,1,844332,1456256
102,D:\MOX\OTHERS\COLCALC.C,code,True,Colony_Job_Production_,1,844416,1456340
102,D:\MOX\OTHERS\COLCALC.C,code,True,Colony_Food_Production_,1,845412,1457336
102,D:\MOX\OTHERS\COLCALC.C,code,False,Show_Food_Production_,1,846621,1458545
102,D:\MOX\OTHERS\COLCALC.C,code,True,Colony_Food_Maintenance_,1,846667,1458591
102,D:\MOX\OTHERS\COLCALC.C,code,False,Colony_Industry_Per_Worker_,1,846997,1458921
102,D:\MOX\OTHERS\COLCALC.C,code,False,Colony_Empire_Base_Industry_Produced_,1,847175,1459099
102,D:\MOX\OTHERS\COLCALC.C,code,True,Colony_Industry_Production_,1,847387,1459311
102,D:\MOX\OTHERS\COLCALC.C,code,False,Show_Industry_Production_,1,849176,1461100
102,D:\MOX\OTHERS\COLCALC.C,code,True,Colony_Industry_Maintenance_,1,849222,1461146
102,D:\MOX\OTHERS\COLCALC.C,code,True,Colony_Replicators_,1,849519,1461443
102,D:\MOX\OTHERS\COLCALC.C,code,False,Colony_Is_Blockaded_,1,850113,1462037
102,D:\MOX\OTHERS\COLCALC.C,code,True,Pass_Out_Imports_,1,850160,1462084
102,D:\MOX\OTHERS\COLCALC.C,code,False,Colony_Research_Per_Scientist_,1,851398,1463322
102,D:\MOX\OTHERS\COLCALC.C,code,False,Colony_Empire_Base_Research_Produced_,1,851575,1463499
102,D:\MOX\OTHERS\COLCALC.C,code,True,Colony_Research_Production_,1,851828,1463752
102,D:\MOX\OTHERS\COLCALC.C,code,False,Show_Research_Production_,1,852931,1464855
102,D:\MOX\OTHERS\COLCALC.C,code,True,Colony_BC_Production_,1,852977,1464901
102,D:\MOX\OTHERS\COLCALC.C,code,False,Show_BC_Production_,1,854216,1466140
102,D:\MOX\OTHERS\COLCALC.C,code,True,Colony_Industry_To_Tax_,1,854262,1466186
102,D:\MOX\OTHERS\COLCALC.C,code,True,Colony_BC_Maintenance_,1,854351,1466275
102,D:\MOX\OTHERS\COLCALC.C,code,False,Size_Subterranean_Pop_Bonus_,1,854548,1466472
102,D:\MOX\OTHERS\COLCALC.C,code,True,Size_And_Climate_Max_Population_,1,854552,1466476
102,D:\MOX\OTHERS\COLCALC.C,code,True,Player_Effective_Climate_,1,854601,1466525
102,D:\MOX\OTHERS\COLCALC.C,code,True,Size_And_Climate_Race_Pop_Limit_,1,854675,1466599
102,D:\MOX\OTHERS\COLCALC.C,code,False,Planet_Max_Population_For_Player_,1,854863,1466787
102,D:\MOX\OTHERS\COLCALC.C,code,False,Colony_Race_Pop_Limit_,1,855069,1466993
102,D:\MOX\OTHERS\COLCALC.C,code,False,Colony_N_Pops_Of_Empire_,1,855150,1467074
102,D:\MOX\OTHERS\COLCALC.C,code,False,Room_For_Another_Dude_,1,855195,1467119
102,D:\MOX\OTHERS\COLCALC.C,code,False,Ship_Type_Cost_For_Player_,1,855448,1467372
102,D:\MOX\OTHERS\COLCALC.C,code,False,Colony_Product_Cost_,1,855510,1467434
102,D:\MOX\OTHERS\COLCALC.C,code,False,Colony_Current_Product_Cost_,1,855957,1467881
102,D:\MOX\OTHERS\COLCALC.C,code,False,Colony_N_Turns_To_Produce_,1,855972,1467896
102,D:\MOX\OTHERS\COLCALC.C,code,False,Colony_Cost_To_Buy_Given_Product_,1,856066,1467990
102,D:\MOX\OTHERS\COLCALC.C,code,False,Colony_Cost_To_Buy_Product_,1,856197,1468121
102,D:\MOX\OTHERS\COLCALC.C,code,False,Colony_Buy_Outright_,1,856221,1468145
102,D:\MOX\OTHERS\COLCALC.C,code,False,Colony_Can_Afford_To_Buy_Product_,1,856298,1468222
102,D:\MOX\OTHERS\COLCALC.C,code,False,Star_Has_Asteroid_Or_Gas_Giant_,1,856363,1468287
102,D:\MOX\OTHERS\COLCALC.C,code,False,Delete_Obsolete_Artifical_Planets_Under_Construction_,1,856431,1468355
102,D:\MOX\OTHERS\COLCALC.C,code,False,Colony_Can_Build_Product_,1,856508,1468432
102,D:\MOX\OTHERS\COLCALC.C,code,True,Colony_Pop_Grows_,1,858169,1470093
102,D:\MOX\OTHERS\COLCALC.C,code,False,Colony_Environmental_Stuff_,1,859373,1471297
102,D:\MOX\OTHERS\COLCALC.C,code,False,Pre_Import_Computing_,1,859481,1471405
102,D:\MOX\OTHERS\COLCALC.C,code,True,Colony_Specialty_,1,859679,1471603
102,D:\MOX\OTHERS\COLCALC.C,code,True,Post_Import_Computing_,1,859763,1471687
102,D:\MOX\OTHERS\COLCALC.C,code,True,Colony_Production_Calculation_,1,859780,1471704
102,D:\MOX\OTHERS\COLCALC.C,code,False,Player_Research_Cost_,1,859798,1471722
102,D:\MOX\OTHERS\COLCALC.C,code,True,Chance_For_Research_Breakthrough_Aux_,1,859846,1471770
102,D:\MOX\OTHERS\COLCALC.C,code,False,Chance_For_Research_Breakthrough_,1,859892,1471816
102,D:\MOX\OTHERS\COLCALC.C,code,False,Player_N_Turns_Until_Research_Complete_,1,859940,1471864
102,D:\MOX\OTHERS\COLCALC.C,code,False,Leader_At_Anomaly_,1,860062,1471986
102,D:\MOX\OTHERS\COLCALC.C,code,True,Tribute_Received_From_,1,860103,1472027
102,D:\MOX\OTHERS\COLCALC.C,code,False,Compute_Player_Maintenance_,1,860160,1472084
102,D:\MOX\OTHERS\COLCALC.C,code,False,Show_Command_Points_,1,861764,1473688
102,D:\MOX\OTHERS\COLCALC.C,code,False,Compute_Total_Building_Costs_,1,861809,1473733
102,D:\MOX\OTHERS\COLCALC.C,code,False,Player_Owns_Officer_,1,861920,1473844
102,D:\MOX\OTHERS\COLCALC.C,code,False,Update_Player_Stats_,1,861968,1473892
102,D:\MOX\OTHERS\COLCALC.C,code,False,Colony_Calculation_,1,862832,1474756
102,D:\MOX\OTHERS\COLCALC.C,code,False,Star_Colony_Calculation_,1,862897,1474821
102,D:\MOX\OTHERS\COLCALC.C,code,False,All_Colony_Calculations_,1,863025,1474949
102,D:\MOX\OTHERS\COLCALC.C,code,False,Do_Colony_Calculations_,1,863025,1474949
102,D:\MOX\OTHERS\COLCALC.C,code,False,Do_Player_Colony_Post_Production_,1,863497,1475421
102,D:\MOX\OTHERS\COLCALC.C,code,False,Do_Player_Colony_Calculations_,1,863602,1475526
102,D:\MOX\OTHERS\COLCALC.C,code,True,Apply_Colony_Pop_Growth_,1,863690,1475614
102,D:\MOX\OTHERS\COLCALC.C,code,True,Apply_Assimilation_,1,865366,1477290
102,D:\MOX\OTHERS\COLCALC.C,code,True,Produce_Ground_Military_,1,865814,1477738
102,D:\MOX\OTHERS\COLCALC.C,code,True,Housing_Is_Useless_,1,865975,1477899
102,D:\MOX\OTHERS\COLCALC.C,code,True,Apply_Production_,1,866015,1477939
102,D:\MOX\OTHERS\COLCALC.C,code,True,Ghost_Colony_Stuff_,1,867994,1479918
102,D:\MOX\OTHERS\COLCALC.C,code,True,Apply_Colony_Changes_,1,868206,1480130
102,D:\MOX\OTHERS\COLCALC.C,code,False,Apply_All_Colony_Changes_,1,868316,1480240
102,D:\MOX\OTHERS\COLCALC.C,code,True,Advance_Player_Field_,1,868381,1480305
102,D:\MOX\OTHERS\COLCALC.C,code,True,Ensure_Uncreative_Field_OK_,1,868495,1480419
102,D:\MOX\OTHERS\COLCALC.C,code,False,Player_May_Get_Tech_App_,1,868651,1480575
102,D:\MOX\OTHERS\COLCALC.C,code,False,Field_Is_Gray_Box_,1,868827,1480751
102,D:\MOX\OTHERS\COLCALC.C,code,False,Player_Gets_Tech_App_,1,868868,1480792
102,D:\MOX\OTHERS\COLCALC.C,code,False,Give_Player_Field_,1,869392,1481316
102,D:\MOX\OTHERS\COLCALC.C,code,False,Check_For_Research_Breakthrough_,1,869600,1481524
102,D:\MOX\OTHERS\COLCALC.C,code,False,Compute_Player_Total_Known_Tech_Cost_,1,869685,1481609
102,D:\MOX\OTHERS\COLCALC.C,code,True,Eliminate_Player_,1,869887,1481811
102,D:\MOX\OTHERS\COLCALC.C,code,True,Do_Surrender_Colony_,1,870431,1482355
102,D:\MOX\OTHERS\COLCALC.C,code,True,Do_Surrender_Star_,1,870714,1482638
102,D:\MOX\OTHERS\COLCALC.C,code,False,May_Surrender_Star_,1,870921,1482845
102,D:\MOX\OTHERS\COLCALC.C,code,False,Surrender_Star_,1,871091,1483015
102,D:\MOX\OTHERS\COLCALC.C,code,True,Do_Surrender_Empire_,1,871263,1483187
102,D:\MOX\OTHERS\COLCALC.C,code,False,May_Surrender_Empire_,1,871634,1483558
102,D:\MOX\OTHERS\COLCALC.C,code,False,Surrender_Empire_,1,871686,1483610
102,D:\MOX\OTHERS\COLCALC.C,code,False,Do_Surrenders_,1,871881,1483805
102,D:\MOX\OTHERS\COLCALC.C,code,False,Init_Surrenders_,1,872020,1483944
102,D:\MOX\OTHERS\COLCALC.C,code,False,Check_For_Eliminated_Players_,1,872115,1484039
102,D:\MOX\OTHERS\COLCALC.C,code,False,Apply_All_Player_Changes_,1,872265,1484189
102,D:\MOX\OTHERS\COLCALC.C,code,False,N_Living_Players_,1,872490,1484414
102,D:\MOX\OTHERS\COLCALC.C,code,False,N_Living_Human_Players_,1,872542,1484466
102,D:\MOX\OTHERS\COLCALC.C,code,False,Compute_Blockades_,1,872599,1484523
102,D:\MOX\OTHERS\COLCALC.C,code,False,Colony_Can_Build_Large_Ships_,1,873077,1485001
102,D:\MOX\OTHERS\COLCALC.C,code,False,Compute_Star_Colony_Stuff_,1,873110,1485034
102,D:\MOX\OTHERS\COLCALC.C,code,False,Do_Colony_Owner_Change_Star_Colony_Stuff_,1,873421,1485345
102,D:\MOX\OTHERS\COLCALC.C,code,False,Rebuild_WFI_List_,1,873479,1485403
102,D:\MOX\OTHERS\COLCALC.C,code,False,Compute_All_Star_Colony_Stuff_,1,873480,1485404
102,D:\MOX\OTHERS\COLCALC.C,code,False,Compute_Potential_Colony_Info_,1,873520,1485444
102,D:\MOX\OTHERS\COLCALC.C,code,True,Twiddle_Initial_Homeworld_,1,873918,1485842
102,D:\MOX\OTHERS\COLCALC.C,code,False,First_Colony_Of_Player_,1,874448,1486372
102,D:\MOX\OTHERS\COLCALC.C,code,True,Monster_At_Star_,1,874484,1486408
102,D:\MOX\OTHERS\COLCALC.C,code,False,Twiddle_Initial_Homeworlds_,1,874546,1486470
102,D:\MOX\OTHERS\COLCALC.C,code,False,Colony_Planetary_Shield_,1,875239,1487163
102,D:\MOX\OTHERS\COLCALC.C,code,False,Get_Player_Max_Population_,1,875287,1487211
102,D:\MOX\OTHERS\COLCALC.C,code,False,Get_System_Population_,1,875369,1487293
102,D:\MOX\OTHERS\COLCALC.C,code,True,Sort_star_weights_,1,875480,1487404
102,D:\MOX\OTHERS\COLCALC.C,code,False,Get_Surrender_System_,1,875491,1487415
102,D:\MOX\OTHERS\COLCALC.C,code,False,Get_Possible_Surrender_Systems_,1,875732,1487656
102,D:\MOX\OTHERS\COLCALC.C,code,False,Player_Name_,1,876008,1487932
102,D:\MOX\OTHERS\COLCALC.C,code,False,Best_Leader_Diplomat_Bonus_,1,876041,1487965
103,D:\MOX\OTHERS\COLONIZE.C,code,True,Make_New_Colony_Or_Outpost_,1,876211,1488135
103,D:\MOX\OTHERS\COLONIZE.C,code,False,Make_New_Colony_,1,876657,1488581
103,D:\MOX\OTHERS\COLONIZE.C,code,False,Make_New_Outpost_,1,876671,1488595
103,D:\MOX\OTHERS\COLONIZE.C,code,False,Star_N_Uncolonized_Planets_,1,876683,1488607
103,D:\MOX\OTHERS\COLONIZE.C,code,False,Star_N_Colonizable_Planets_For_Player_,1,876744,1488668
103,D:\MOX\OTHERS\COLONIZE.C,code,False,Star_N_Outpostable_Planets_For_Player_,1,876850,1488774
103,D:\MOX\OTHERS\COLONIZE.C,code,True,Find_Colonize_Players_,1,876912,1488836
103,D:\MOX\OTHERS\COLONIZE.C,code,False,Allocate_New_Colony_Slots_,1,877812,1489736
103,D:\MOX\OTHERS\COLONIZE.C,code,False,AI_Colonize_,1,878072,1489996
103,D:\MOX\OTHERS\COLONIZE.C,code,False,All_AI_Colonize_,1,878582,1490506
104,D:\MOX\OTHERS\COMBFIND.C,code,False,Load_Combfind_Strings_,1,878632,1490556
104,D:\MOX\OTHERS\COMBFIND.C,code,False,Copy_Target_Info_,1,878851,1490775
104,D:\MOX\OTHERS\COMBFIND.C,code,False,Send_Star_Player_Presence_,1,878874,1490798
104,D:\MOX\OTHERS\COMBFIND.C,code,False,Decode_Star_Player_Presence_,1,878969,1490893
104,D:\MOX\OTHERS\COMBFIND.C,code,False,Target_Colony_To_Planet_,1,879070,1490994
104,D:\MOX\OTHERS\COMBFIND.C,code,False,Target_Planet_To_Colony_,1,879095,1491019
104,D:\MOX\OTHERS\COMBFIND.C,code,True,Get_Combat_Ships_,1,879116,1491040
104,D:\MOX\OTHERS\COMBFIND.C,code,True,Update_Player_Needs_To_Attack_,1,879266,1491190
104,D:\MOX\OTHERS\COMBFIND.C,code,True,Kill_Noncombat_Ships_,1,879428,1491352
104,D:\MOX\OTHERS\COMBFIND.C,code,False,Closest_Other_Colony_Star_,1,879565,1491489
104,D:\MOX\OTHERS\COMBFIND.C,code,True,Determine_Retreat_Ships_,1,879786,1491710
104,D:\MOX\OTHERS\COMBFIND.C,code,False,Process_Retreating_Ships_,1,880210,1492134
104,D:\MOX\OTHERS\COMBFIND.C,code,True,AI_Can_Retreat_,1,881411,1493335
104,D:\MOX\OTHERS\COMBFIND.C,code,True,Russ_Combat_,1,881475,1493399
104,D:\MOX\OTHERS\COMBFIND.C,code,True,Expected_Bomb_Hits_,1,882296,1494220
104,D:\MOX\OTHERS\COMBFIND.C,code,True,Get_Ship_Strength_Info_,1,882354,1494278
104,D:\MOX\OTHERS\COMBFIND.C,code,True,Get_Best_Colony_Target_,1,882855,1494779
104,D:\MOX\OTHERS\COMBFIND.C,code,True,Human_Confirms_Attack_,1,883577,1495501
104,D:\MOX\OTHERS\COMBFIND.C,code,True,Get_Local_Human_Target_,1,883931,1495855
104,D:\MOX\OTHERS\COMBFIND.C,code,True,Get_AI_Target_,1,884170,1496094
104,D:\MOX\OTHERS\COMBFIND.C,code,True,Get_NPC_Target_,1,884777,1496701
104,D:\MOX\OTHERS\COMBFIND.C,code,True,Pick_Attacker_At_Star_,1,885140,1497064
104,D:\MOX\OTHERS\COMBFIND.C,code,True,Player_May_Attack_Player_,1,885297,1497221
104,D:\MOX\OTHERS\COMBFIND.C,code,True,Collect_Targets_For_Combat_,1,885428,1497352
104,D:\MOX\OTHERS\COMBFIND.C,code,True,Some_Star_Player_Is_Busy_,1,885786,1497710
104,D:\MOX\OTHERS\COMBFIND.C,code,False,Pick_Star_And_Attacker_,1,885925,1497849
104,D:\MOX\OTHERS\COMBFIND.C,code,True,Strategic_Results_Popup_,1,886173,1498097
104,D:\MOX\OTHERS\COMBFIND.C,code,True,Bomb_Results_Popups_,1,886263,1498187
104,D:\MOX\OTHERS\COMBFIND.C,code,True,Has_Stellar_Converter_,1,886432,1498356
104,D:\MOX\OTHERS\COMBFIND.C,code,False,N_Enemy_Stars_In_Range_,1,886503,1498427
104,D:\MOX\OTHERS\COMBFIND.C,code,True,N_Enemy_Stars_,1,886585,1498509
104,D:\MOX\OTHERS\COMBFIND.C,code,True,Player_Owns_Transports_,1,886646,1498570
104,D:\MOX\OTHERS\COMBFIND.C,code,True,Do_Attacker_Beat_Colony_Stuff_,1,886738,1498662
104,D:\MOX\OTHERS\COMBFIND.C,code,True,Reset_Combat_Ships_At_Current_Star_Has_Player_,1,889688,1501612
104,D:\MOX\OTHERS\COMBFIND.C,code,True,Do_1_Combat_,1,889740,1501664
104,D:\MOX\OTHERS\COMBFIND.C,code,True,Planet_Has_Splinter_Colony_,1,890985,1502909
104,D:\MOX\OTHERS\COMBFIND.C,code,False,Find_Planet_At_Star_Satisfying_,1,890993,1502917
104,D:\MOX\OTHERS\COMBFIND.C,code,False,Free_Colony_Slot_,1,891067,1502991
104,D:\MOX\OTHERS\COMBFIND.C,code,False,Reset_One_Shot_System_Special_,1,891122,1503046
104,D:\MOX\OTHERS\COMBFIND.C,code,True,Do_System_Discoveries_At_Star_,1,891175,1503099
104,D:\MOX\OTHERS\COMBFIND.C,code,True,Do_Dragon_Bribe_,1,892115,1504039
104,D:\MOX\OTHERS\COMBFIND.C,code,False,Search_For_Battles_,1,892258,1504182
104,D:\MOX\OTHERS\COMBFIND.C,code,False,Client_Combat_Loop_,1,893681,1505605
104,D:\MOX\OTHERS\COMBFIND.C,code,True,GNN_Reports_Combat_,1,895178,1507102
104,D:\MOX\OTHERS\COMBFIND.C,code,True,Do_Nonhuman_Attack_Against_Human_,1,895259,1507183
104,D:\MOX\OTHERS\COMBFIND.C,code,False,Do_Net_Combat_Update_,1,895649,1507573
105,D:\MOX\OTHERS\CONTACT.C,code,False,Compute_Contacts_,1,897426,1509350
106,D:\MOX\OTHERS\GEO.C,code,True,_orbit_consts,1,898241,1510165
106,D:\MOX\OTHERS\GEO.C,code,False,Points_On_Same_Side_Of_Line_,1,898269,1510193
106,D:\MOX\OTHERS\GEO.C,code,False,Point_Within_D_Of_Seg_,1,898353,1510277
106,D:\MOX\OTHERS\GEO.C,code,False,Collect_Black_Holes_,1,899013,1510937
106,D:\MOX\OTHERS\GEO.C,code,False,Black_Hole_Blocks_Points_,1,899069,1510993
106,D:\MOX\OTHERS\GEO.C,code,False,Initialize_Black_Hole_Blocks_,1,899197,1511121
106,D:\MOX\OTHERS\GEO.C,code,False,Point_Is_In_Nebula_N_,1,899528,1511452
106,D:\MOX\OTHERS\GEO.C,code,False,Point_Is_In_Some_Nebula_,1,899642,1511566
106,D:\MOX\OTHERS\GEO.C,code,False,Star_Is_In_Some_Nebula_,1,899708,1511632
106,D:\MOX\OTHERS\GEO.C,code,False,Initialize_Star_In_Nebula_Info_,1,899734,1511658
106,D:\MOX\OTHERS\GEO.C,code,False,Point_Is_In_Warp_Field_Interdictor_Of_Star_,1,899779,1511703
106,D:\MOX\OTHERS\GEO.C,code,False,Move_Player_1_Turn_To_Star_,1,899852,1511776
106,D:\MOX\OTHERS\GEO.C,code,False,Union_Find_,1,900274,1512198
106,D:\MOX\OTHERS\GEO.C,code,False,Map_Is_Connected_,1,900480,1512404
106,D:\MOX\OTHERS\GEO.C,code,False,Parsecs_Between_Points_,1,900729,1512653
106,D:\MOX\OTHERS\GEO.C,code,False,Parsecs_Between_Stars_,1,900791,1512715
106,D:\MOX\OTHERS\GEO.C,code,False,Get_Orbit_Display_X_Y_,1,900843,1512767
106,D:\MOX\OTHERS\GEO.C,code,False,Get_Orbit_From_X_Y_,1,901067,1512991
106,D:\MOX\OTHERS\GEO.C,code,False,Actual_Expected_Damage_,1,901342,1513266
107,D:\MOX\OTHERS\INVASION.C,code,False,Compute_Player_Ground_Combat_Bonuses_,1,901468,1513392
107,D:\MOX\OTHERS\INVASION.C,code,True,Compute_Colony_Officer_Bonus_,1,901807,1513731
107,D:\MOX\OTHERS\INVASION.C,code,True,Compute_Attacker_Officer_Bonus_,1,901885,1513809
107,D:\MOX\OTHERS\INVASION.C,code,True,Find_Troops_,1,902048,1513972
107,D:\MOX\OTHERS\INVASION.C,code,True,Compute_Ground_Combat_Info_,1,902094,1514018
107,D:\MOX\OTHERS\INVASION.C,code,False,Ground_Combat_Round_,1,902398,1514322
107,D:\MOX\OTHERS\INVASION.C,code,False,Resolve_Ground_Combat_,1,902657,1514581
107,D:\MOX\OTHERS\INVASION.C,code,True,Colony_N_Militia_,1,902686,1514610
107,D:\MOX\OTHERS\INVASION.C,code,True,Get_Rebellion_Info_,1,902746,1514670
107,D:\MOX\OTHERS\INVASION.C,code,False,Get_Boarding_Info_,1,903015,1514939
107,D:\MOX\OTHERS\INVASION.C,code,False,Get_Invasion_Info_,1,903217,1515141
107,D:\MOX\OTHERS\INVASION.C,code,False,Enforce_Population_Limits_At_Colony_,1,903548,1515472
107,D:\MOX\OTHERS\INVASION.C,code,False,Assign_New_Home_Planet_,1,904037,1515961
107,D:\MOX\OTHERS\INVASION.C,code,True,Change_Pop_Ownership_,1,904183,1516107
107,D:\MOX\OTHERS\INVASION.C,code,True,Resolve_Invasion_Troops_,1,904709,1516633
107,D:\MOX\OTHERS\INVASION.C,code,True,Resolve_Rebellion_Troops_,1,904906,1516830
107,D:\MOX\OTHERS\INVASION.C,code,False,Change_Colony_Ownership_,1,905025,1516949
107,D:\MOX\OTHERS\INVASION.C,code,True,Check_Rebellion_,1,905824,1517748
107,D:\MOX\OTHERS\INVASION.C,code,False,Check_All_Rebellions_,1,906314,1518238
107,D:\MOX\OTHERS\INVASION.C,code,False,Invade_,1,906379,1518303
107,D:\MOX\OTHERS\INVASION.C,code,False,Colony_Infantry_Limit_,1,906653,1518577
107,D:\MOX\OTHERS\INVASION.C,code,False,Colony_Infantry_Barracks_Limit_,1,906727,1518651
107,D:\MOX\OTHERS\INVASION.C,code,False,Colony_Tank_Limit_,1,906781,1518705
107,D:\MOX\OTHERS\INVASION.C,code,False,Colony_Tank_Barracks_Limit_,1,906868,1518792
107,D:\MOX\OTHERS\INVASION.C,code,False,Unload_Transports_,1,906935,1518859
107,D:\MOX\OTHERS\INVASION.C,code,False,Compute_Colony_Ground_Combat_Info_,1,907027,1518951
108,D:\MOX\OTHERS\LOSTSHIP.C,code,True,Compute_Stars_In_Range_Of_Player_,1,907171,1519095
108,D:\MOX\OTHERS\LOSTSHIP.C,code,True,Player_Lose_Out_Of_Range_Ships_,1,907311,1519235
108,D:\MOX\OTHERS\LOSTSHIP.C,code,False,Lose_Out_Of_Range_Ships_,1,907455,1519379
109,D:\MOX\OTHERS\MAINTAIN.C,code,True,Kill_Research_Buildings_,1,907528,1519452
109,D:\MOX\OTHERS\MAINTAIN.C,code,True,Building_Worth_,1,907756,1519680
109,D:\MOX\OTHERS\MAINTAIN.C,code,True,Phase1_Building_,1,908002,1519926
109,D:\MOX\OTHERS\MAINTAIN.C,code,True,Phase2_Building_,1,908061,1519985
109,D:\MOX\OTHERS\MAINTAIN.C,code,True,Phase3_Building_,1,908077,1520001
109,D:\MOX\OTHERS\MAINTAIN.C,code,True,Kill_Buildings_,1,908085,1520009
109,D:\MOX\OTHERS\MAINTAIN.C,code,True,Kill_Spy_,1,908479,1520403
109,D:\MOX\OTHERS\MAINTAIN.C,code,True,Ship_Is_At_Colony_,1,908659,1520583
109,D:\MOX\OTHERS\MAINTAIN.C,code,False,Ship_Scrap_Value_,1,908760,1520684
109,D:\MOX\OTHERS\MAINTAIN.C,code,True,Kill_Ships_,1,908791,1520715
109,D:\MOX\OTHERS\MAINTAIN.C,code,False,Make_Scrap_Ships_Dead_,1,909202,1521126
109,D:\MOX\OTHERS\MAINTAIN.C,code,True,Kill_Leaders_,1,909280,1521204
109,D:\MOX\OTHERS\MAINTAIN.C,code,False,Player_Maintenance_,1,909488,1521412
110,D:\MOX\OTHERS\MSG.C,code,False,Load_Msg_Strings_,1,910497,1522421
110,D:\MOX\OTHERS\MSG.C,code,False,Allocate_Msg_Slots_,1,912186,1524110
110,D:\MOX\OTHERS\MSG.C,code,False,First_Msg_For_Player_,1,912376,1524300
110,D:\MOX\OTHERS\MSG.C,code,False,N_Msgs_For_Player_,1,912386,1524310
110,D:\MOX\OTHERS\MSG.C,code,False,sprintf_msg_,1,912536,1524460
110,D:\MOX\OTHERS\MSG.C,code,False,Add_Msg_,1,914985,1526909
110,D:\MOX\OTHERS\MSG.C,code,False,Add_Msg_All_,1,915134,1527058
110,D:\MOX\OTHERS\MSG.C,code,False,Goto_Msg_Colony_,1,915184,1527108
110,D:\MOX\OTHERS\MSG.C,code,True,Add_Diplomacy_Msg_,1,915302,1527226
110,D:\MOX\OTHERS\MSG.C,code,False,Add_War_Msg_,1,915453,1527377
110,D:\MOX\OTHERS\MSG.C,code,False,Add_Peace_Msg_,1,915463,1527387
110,D:\MOX\OTHERS\MSG.C,code,False,Add_Alliance_Msg_,1,915471,1527395
110,D:\MOX\OTHERS\MSG.C,code,False,Add_Nonaggression_Msg_,1,915479,1527403
110,D:\MOX\OTHERS\MSG.C,code,False,Add_Peace_Ended_Msg_,1,915487,1527411
110,D:\MOX\OTHERS\MSG.C,code,False,Add_Ongoing_Event_Msgs_,1,915495,1527419
111,D:\MOX\OTHERS\MULTPLAY.C,code,True,Add_Banner_Field_,1,916154,1528078
111,D:\MOX\OTHERS\MULTPLAY.C,code,True,Add_Choose_Net_Plyrs_Fields_,1,916304,1528228
111,D:\MOX\OTHERS\MULTPLAY.C,code,False,Add_Net_Next_Turn_Fields_,1,916714,1528638
111,D:\MOX\OTHERS\MULTPLAY.C,code,True,Add_Load_MP_Game_Screen_Fields_,1,917114,1529038
111,D:\MOX\OTHERS\MULTPLAY.C,code,True,Add_Choose_Multi_Net_Game_Fields_,1,917383,1529307
111,D:\MOX\OTHERS\MULTPLAY.C,code,True,Add_MP_Setup_Screen_Fields_,1,917658,1529582
111,D:\MOX\OTHERS\MULTPLAY.C,code,True,Add_Modem_Setup_Fields_,1,918514,1530438
111,D:\MOX\OTHERS\MULTPLAY.C,code,True,Add_Modem_String_Fields_,1,919160,1531084
111,D:\MOX\OTHERS\MULTPLAY.C,code,False,Add_Waiting_For_Joiners_Field_,1,919553,1531477
111,D:\MOX\OTHERS\MULTPLAY.C,code,True,Print_Modem_Strings_,1,919631,1531555
111,D:\MOX\OTHERS\MULTPLAY.C,code,True,Add_NullModem_Setup_Fields_,1,919875,1531799
111,D:\MOX\OTHERS\MULTPLAY.C,code,True,Valid_Net_Games_,1,920429,1532353
111,D:\MOX\OTHERS\MULTPLAY.C,code,True,Check_Modem_Init_Help_Fields_,1,920460,1532384
111,D:\MOX\OTHERS\MULTPLAY.C,code,False,Choose_Multi_Network_Game_Screen_,1,920718,1532642
111,D:\MOX\OTHERS\MULTPLAY.C,code,False,Choose_Network_Plyrs_Screen_,1,921111,1533035
111,D:\MOX\OTHERS\MULTPLAY.C,code,True,Confirmation_Of_Opponent_Joining_,1,921702,1533626
111,D:\MOX\OTHERS\MULTPLAY.C,code,False,Draw_Net_Next_Turn_Screen_,1,921717,1533641
111,D:\MOX\OTHERS\MULTPLAY.C,code,False,Draw_Choose_Net_Plyrs_Screen_,1,923246,1535170
111,D:\MOX\OTHERS\MULTPLAY.C,code,False,Draw_Generic_Net_Info_Screen_,1,924103,1536027
111,D:\MOX\OTHERS\MULTPLAY.C,code,False,Draw_Join_Net_Screen_,1,924103,1536027
111,D:\MOX\OTHERS\MULTPLAY.C,code,True,Draw_Choose_Multi_Net_Game_Screen_,1,924404,1536328
111,D:\MOX\OTHERS\MULTPLAY.C,code,True,Draw_Load_MP_Game_Screen_,1,924902,1536826
111,D:\MOX\OTHERS\MULTPLAY.C,code,True,Draw_MP_Setup_Screen_,1,925826,1537750
111,D:\MOX\OTHERS\MULTPLAY.C,code,True,Draw_MP_Buttons_Down_,1,926130,1538054
111,D:\MOX\OTHERS\MULTPLAY.C,code,True,Draw_Modem_Setup_Screen_,1,926421,1538345
111,D:\MOX\OTHERS\MULTPLAY.C,code,True,Draw_Fill_Seg_,1,927554,1539478
111,D:\MOX\OTHERS\MULTPLAY.C,code,False,Draw_Multi_Player_Banner_,1,927671,1539595
111,D:\MOX\OTHERS\MULTPLAY.C,code,True,Draw_NullModem_Setup_Screen_,1,927924,1539848
111,D:\MOX\OTHERS\MULTPLAY.C,code,False,Draw_SendGet_Net_Info_Screen_,1,928907,1540831
111,D:\MOX\OTHERS\MULTPLAY.C,code,False,Draw_Wait_For_New_Joiners_Screen_,1,929253,1541177
111,D:\MOX\OTHERS\MULTPLAY.C,code,False,Draw_Wait_For_Race_Info_Screen_,1,929614,1541538
111,D:\MOX\OTHERS\MULTPLAY.C,code,True,Get_Main_Palette_Base_Colors_,1,929977,1541901
111,D:\MOX\OTHERS\MULTPLAY.C,code,True,Get_Player_Colors_,1,930073,1541997
111,D:\MOX\OTHERS\MULTPLAY.C,code,True,Get_Net_Next_Turn_Player_Colors_,1,930235,1542159
111,D:\MOX\OTHERS\MULTPLAY.C,code,True,Get_Valid_MP_Save_Games_,1,930734,1542658
111,D:\MOX\OTHERS\MULTPLAY.C,code,True,Hotseat_Add_Next_Player_Fields_,1,930798,1542722
111,D:\MOX\OTHERS\MULTPLAY.C,code,True,Hotseat_Draw_Next_Player_,1,931050,1542974
111,D:\MOX\OTHERS\MULTPLAY.C,code,True,Hotseat_Get_Colors_,1,931836,1543760
111,D:\MOX\OTHERS\MULTPLAY.C,code,True,Hotseat_Get_N_Valid_Players_,1,932060,1543984
111,D:\MOX\OTHERS\MULTPLAY.C,code,True,Hotseat_Load_Next_Player_,1,932110,1544034
111,D:\MOX\OTHERS\MULTPLAY.C,code,True,Hotseat_Print_Player_Data_,1,932391,1544315
111,D:\MOX\OTHERS\MULTPLAY.C,code,True,Fade_In_Function_,1,932552,1544476
111,D:\MOX\OTHERS\MULTPLAY.C,code,False,Hotseat_Select_Player_,1,932580,1544504
111,D:\MOX\OTHERS\MULTPLAY.C,code,True,Hotseat_Set_Next_Player_Status_,1,933223,1545147
111,D:\MOX\OTHERS\MULTPLAY.C,code,False,Hotseat_Player_Status_,1,933385,1545309
111,D:\MOX\OTHERS\MULTPLAY.C,code,False,Load_Net_Next_Turn_Screen_,1,933442,1545366
111,D:\MOX\OTHERS\MULTPLAY.C,code,True,Load_Choose_Net_Plyrs_Screen_,1,933830,1545754
111,D:\MOX\OTHERS\MULTPLAY.C,code,True,Load_Choose_Multi_Net_Game_Screen_,1,934099,1546023
111,D:\MOX\OTHERS\MULTPLAY.C,code,True,Load_Load_MP_Game_Screen_,1,934317,1546241
111,D:\MOX\OTHERS\MULTPLAY.C,code,True,Load_MP_Setup_Pictures_,1,934602,1546526
111,D:\MOX\OTHERS\MULTPLAY.C,code,True,Load_Modem_Setup_Screen_,1,935099,1547023
111,D:\MOX\OTHERS\MULTPLAY.C,code,True,Copy_Modem_Defaults_To_Net_Struct_,1,935387,1547311
111,D:\MOX\OTHERS\MULTPLAY.C,code,False,Set_Default_Modem_Settings_,1,935655,1547579
111,D:\MOX\OTHERS\MULTPLAY.C,code,False,Load_Multi_Player_Game_Screen_,1,935776,1547700
111,D:\MOX\OTHERS\MULTPLAY.C,code,True,Load_NullModem_Setup_Screen_,1,936321,1548245
111,D:\MOX\OTHERS\MULTPLAY.C,code,True,Modem_Setup_Screen_,1,936648,1548572
111,D:\MOX\OTHERS\MULTPLAY.C,code,False,Multi_Player_Screen_,1,937369,1549293
111,D:\MOX\OTHERS\MULTPLAY.C,code,True,NullModem_Setup_Screen_,1,938506,1550430
111,D:\MOX\OTHERS\MULTPLAY.C,code,False,Reload_Generating_Map_Info_,1,938955,1550879
111,D:\MOX\OTHERS\MULTPLAY.C,code,False,Reload_Generic_Net_Info_,1,938967,1550891
111,D:\MOX\OTHERS\MULTPLAY.C,code,False,Reload_Getting_Data_Info_,1,939168,1551092
111,D:\MOX\OTHERS\MULTPLAY.C,code,False,Reload_Initializing_Net_Info_,1,939198,1551122
111,D:\MOX\OTHERS\MULTPLAY.C,code,False,Reload_Join_Net_Screen_,1,939215,1551139
111,D:\MOX\OTHERS\MULTPLAY.C,code,False,Reload_Sending_Data_Info_,1,939225,1551149
111,D:\MOX\OTHERS\MULTPLAY.C,code,False,Reload_Wait_For_Race_Info_,1,939291,1551215
111,D:\MOX\OTHERS\MULTPLAY.C,code,False,Reload_Waiting_For_Joiners_Screen_,1,939306,1551230
111,D:\MOX\OTHERS\MULTPLAY.C,code,False,N_Net_Players_Chosen_Positions_,1,939379,1551303
111,D:\MOX\OTHERS\MULTPLAY.C,code,False,Chat_Box_Input_Loop_,1,939428,1551352
111,D:\MOX\OTHERS\MULTPLAY.C,code,True,Set_Multi_Player_Game_Type_,1,939665,1551589
111,D:\MOX\OTHERS\MULTPLAY.C,code,True,Change_MP_Game_Name_,1,939895,1551819
112,D:\MOX\OTHERS\NETMOX.C,code,False,Load_Netmox_Strings_,1,940163,1552087
112,D:\MOX\OTHERS\NETMOX.C,code,True,Net_Exit_With_Message_,1,940340,1552264
112,D:\MOX\OTHERS\NETMOX.C,code,True,Basic_Update_,1,940345,1552269
112,D:\MOX\OTHERS\NETMOX.C,code,True,Main_Receive_Message_,1,940703,1552627
112,D:\MOX\OTHERS\NETMOX.C,code,False,Receive_Message_,1,944065,1555989
112,D:\MOX\OTHERS\NETMOX.C,code,False,Mox_Send_Message_,1,944150,1556074
112,D:\MOX\OTHERS\NETMOX.C,code,False,Mox_Net_Update_,1,944638,1556562
112,D:\MOX\OTHERS\NETMOX.C,code,True,fseek_modem_file_,1,946064,1557988
112,D:\MOX\OTHERS\NETMOX.C,code,True,fgetc_modem_file_,1,946137,1558061
112,D:\MOX\OTHERS\NETMOX.C,code,True,fread_modem_file_,1,946211,1558135
112,D:\MOX\OTHERS\NETMOX.C,code,True,fwrite_modem_file_,1,946301,1558225
112,D:\MOX\OTHERS\NETMOX.C,code,False,Make_Difference_Buffer_,1,946411,1558335
112,D:\MOX\OTHERS\NETMOX.C,code,True,Decode_Difference_Buffer_,1,946897,1558821
112,D:\MOX\OTHERS\NETMOX.C,code,False,Open_Modem_File_,1,947138,1559062
112,D:\MOX\OTHERS\NETMOX.C,code,False,Close_Modem_File_,1,947276,1559200
112,D:\MOX\OTHERS\NETMOX.C,code,False,Write_Modem_File_,1,947323,1559247
112,D:\MOX\OTHERS\NETMOX.C,code,False,Broadcast_Game_Data_Differential_,1,947405,1559329
112,D:\MOX\OTHERS\NETMOX.C,code,False,Decode_Broadcast_Game_Data_Differential_,1,948726,1560650
112,D:\MOX\OTHERS\NETMOX.C,code,False,Send_Game_Orders_,1,949909,1561833
112,D:\MOX\OTHERS\NETMOX.C,code,True,Ditch_Leader_,1,951223,1563147
112,D:\MOX\OTHERS\NETMOX.C,code,False,Decode_Game_Orders_,1,951256,1563180
112,D:\MOX\OTHERS\NETMOX.C,code,False,Send_Pick_Target_Info_,1,952536,1564460
112,D:\MOX\OTHERS\NETMOX.C,code,False,Decode_Pick_Target_Info_,1,953486,1565410
112,D:\MOX\OTHERS\NETMOX.C,code,False,Send_You_Are_Target_Info_,1,954264,1566188
112,D:\MOX\OTHERS\NETMOX.C,code,False,Decode_You_Are_Target_Info_,1,955363,1567287
112,D:\MOX\OTHERS\NETMOX.C,code,False,Russ_Event_Monster_Update_,1,956177,1568101
112,D:\MOX\OTHERS\NETMOX.C,code,False,Russ_Change_Relations_,1,956252,1568176
112,D:\MOX\OTHERS\NETMOX.C,code,False,Send_Battle_Results_,1,956365,1568289
112,D:\MOX\OTHERS\NETMOX.C,code,False,Decode_Battle_Results_,1,957528,1569452
112,D:\MOX\OTHERS\NETMOX.C,code,False,Send_Pick_Your_Position_,1,958557,1570481
112,D:\MOX\OTHERS\NETMOX.C,code,True,Decode_Pick_Your_Position_,1,958675,1570599
112,D:\MOX\OTHERS\NETMOX.C,code,False,Send_Dragon_Info_,1,958724,1570648
112,D:\MOX\OTHERS\NETMOX.C,code,True,Decode_Dragon_Info_,1,958786,1570710
112,D:\MOX\OTHERS\NETMOX.C,code,False,Net_Id_To_Player_Id_,1,958828,1570752
112,D:\MOX\OTHERS\NETMOX.C,code,True,Get_Next_AI_Talker_,1,958883,1570807
112,D:\MOX\OTHERS\NETMOX.C,code,False,Net_Request_AI_Diplomacy_,1,959088,1571012
112,D:\MOX\OTHERS\NETMOX.C,code,False,Net_May_Begin_AI_Diplomacy_,1,959145,1571069
112,D:\MOX\OTHERS\NETMOX.C,code,False,Net_End_AI_Diplomacy_,1,959173,1571097
112,D:\MOX\OTHERS\NETMOX.C,code,False,Net_Cancel_AI_Diplomacy_Request_,1,959375,1571299
112,D:\MOX\OTHERS\NETMOX.C,code,False,Net_Cancel_AI_Diplomacy_Confirmed_,1,959441,1571365
112,D:\MOX\OTHERS\NETMOX.C,code,False,No_AI_Diplomacy_Allowed_,1,959452,1571376
112,D:\MOX\OTHERS\NETMOX.C,code,False,Net_Request_Human_Diplomacy_,1,959478,1571402
112,D:\MOX\OTHERS\NETMOX.C,code,False,Net_May_Begin_Human_Diplomacy_,1,959777,1571701
112,D:\MOX\OTHERS\NETMOX.C,code,False,Allowed_To_Cancel_Human_Diplomacy_,1,959819,1571743
112,D:\MOX\OTHERS\NETMOX.C,code,False,Net_Cancel_Human_Diplomacy_Request_,1,959830,1571754
112,D:\MOX\OTHERS\NETMOX.C,code,False,Human_Hit_Next_Turn_,1,959907,1571831
112,D:\MOX\OTHERS\NETMOX.C,code,False,Net_End_Human_Diplomacy_,1,959914,1571838
112,D:\MOX\OTHERS\NETMOX.C,code,False,Human_Diplomat_Says_Wait_,1,959929,1571853
112,D:\MOX\OTHERS\NETMOX.C,code,False,Net_Diplomacy_With_,1,959942,1571866
112,D:\MOX\OTHERS\NETMOX.C,code,False,Human_Requesting_Diplomacy_,1,959950,1571874
112,D:\MOX\OTHERS\NETMOX.C,code,False,Accept_Diplomacy_Request_,1,960035,1571959
112,D:\MOX\OTHERS\NETMOX.C,code,False,Refuse_Diplomacy_Request_,1,960296,1572220
112,D:\MOX\OTHERS\NETMOX.C,code,False,Tell_Diplomacy_Requester_To_Wait_,1,960372,1572296
112,D:\MOX\OTHERS\NETMOX.C,code,False,Humans_Requesting_Diplomacy_,1,960405,1572329
112,D:\MOX\OTHERS\NETMOX.C,code,False,Net_Human_Rejected_Diplomacy_,1,960411,1572335
112,D:\MOX\OTHERS\NETMOX.C,code,True,Send_Drop_Out_Info_,1,960432,1572356
112,D:\MOX\OTHERS\NETMOX.C,code,True,Decode_Drop_Out_Info_,1,960674,1572598
112,D:\MOX\OTHERS\NETMOX.C,code,False,Human_Abdicates_,1,960892,1572816
112,D:\MOX\OTHERS\NETMOX.C,code,False,Human_Surrenders_,1,960905,1572829
113,D:\MOX\OTHERS\NETSTART.C,code,False,Load_Netstart_Strings_,1,960913,1572837
113,D:\MOX\OTHERS\NETSTART.C,code,True,Russ_Net_Init_,1,961111,1573035
113,D:\MOX\OTHERS\NETSTART.C,code,True,Russ_Net_Create_Game_,1,961137,1573061
113,D:\MOX\OTHERS\NETSTART.C,code,False,Mox_Net_Uninit_,1,961172,1573096
113,D:\MOX\OTHERS\NETSTART.C,code,False,Dump_Users_,1,961219,1573143
113,D:\MOX\OTHERS\NETSTART.C,code,True,Net_Select_Race_,1,961240,1573164
113,D:\MOX\OTHERS\NETSTART.C,code,True,Net_Pick_Position_,1,961669,1573593
113,D:\MOX\OTHERS\NETSTART.C,code,True,Do_Answer_,1,962176,1574100
113,D:\MOX\OTHERS\NETSTART.C,code,False,Join_Net_Screen_,1,962267,1574191
113,D:\MOX\OTHERS\NETSTART.C,code,True,Do_Dial_,1,963058,1574982
113,D:\MOX\OTHERS\NETSTART.C,code,False,Load_Net_Screen_,1,963195,1575119
113,D:\MOX\OTHERS\NETSTART.C,code,False,Start_Net_Screen_,1,964581,1576505
113,D:\MOX\OTHERS\NETSTART.C,code,False,Request_Banner_Color_,1,966261,1578185
113,D:\MOX\OTHERS\NETSTART.C,code,False,Request_Race_,1,966369,1578293
113,D:\MOX\OTHERS\NETSTART.C,code,False,Unrequest_Race_,1,966518,1578442
114,D:\MOX\OTHERS\NETTURN.C,code,False,Load_Netturn_Strings_,1,966575,1578499
114,D:\MOX\OTHERS\NETTURN.C,code,True,Host_Next_Turn_,1,966626,1578550
114,D:\MOX\OTHERS\NETTURN.C,code,True,Must_Broadcast_AI_Player_Data_,1,967321,1579245
114,D:\MOX\OTHERS\NETTURN.C,code,True,Client_Next_Turn_,1,967378,1579302
114,D:\MOX\OTHERS\NETTURN.C,code,False,Net_Next_Turn_,1,967792,1579716
114,D:\MOX\OTHERS\NETTURN.C,code,False,Net_Init_Host_Election_,1,968357,1580281
115,D:\MOX\OTHERS\NEWTECH.C,code,True,Choose_Hyper_Advanced_Tech_,1,968500,1580424
115,D:\MOX\OTHERS\NEWTECH.C,code,True,Get_Competition_Player_Tech_Value_,1,968620,1580544
115,D:\MOX\OTHERS\NEWTECH.C,code,False,Calc_Tech_Value_,1,968773,1580697
115,D:\MOX\OTHERS\NEWTECH.C,code,True,Get_Competition_Tech_Values_,1,971161,1583085
115,D:\MOX\OTHERS\NEWTECH.C,code,False,Set_Competition_Tech_Values_,1,971289,1583213
115,D:\MOX\OTHERS\NEWTECH.C,code,False,All_Gray_Boxes_Researched_,1,971513,1583437
115,D:\MOX\OTHERS\NEWTECH.C,code,False,Choose_Tech_Application_,1,971573,1583497
116,D:\MOX\OTHERS\REPORT.C,code,False,Load_Report_Strings_,1,972270,1584194
116,D:\MOX\OTHERS\REPORT.C,code,False,sprintf_report_,1,972447,1584371
116,D:\MOX\OTHERS\REPORT.C,code,False,Client_Initialize_Reports_,1,972778,1584702
116,D:\MOX\OTHERS\REPORT.C,code,False,Initialize_Reports_,1,972828,1584752
116,D:\MOX\OTHERS\REPORT.C,code,False,Add_Report_,1,972870,1584794
116,D:\MOX\OTHERS\REPORT.C,code,False,Draw_Special_,1,972917,1584841
116,D:\MOX\OTHERS\REPORT.C,code,True,Star_Has_Special_For_Player_,1,973037,1584961
116,D:\MOX\OTHERS\REPORT.C,code,True,Set_Initial_Tech_,1,973073,1584997
116,D:\MOX\OTHERS\REPORT.C,code,True,Explored_New_Star_,1,973146,1585070
116,D:\MOX\OTHERS\REPORT.C,code,False,Player_Colony_Base_At_Star_,1,973375,1585299
116,D:\MOX\OTHERS\REPORT.C,code,False,Player_Ship_Type_At_Star_,1,973479,1585403
116,D:\MOX\OTHERS\REPORT.C,code,True,Colonization_,1,973569,1585493
116,D:\MOX\OTHERS\REPORT.C,code,True,Empty_Colony_Queue_,1,974739,1586663
116,D:\MOX\OTHERS\REPORT.C,code,True,Need_To_Set_Occupation_Policy_,1,974892,1586816
116,D:\MOX\OTHERS\REPORT.C,code,True,Has_Msg_,1,975082,1587006
116,D:\MOX\OTHERS\REPORT.C,code,True,Has_Officer_For_Hire_,1,975441,1587365
116,D:\MOX\OTHERS\REPORT.C,code,True,Has_Research_Breakthrough_,1,975592,1587516
116,D:\MOX\OTHERS\REPORT.C,code,True,Has_Evolutionary_Upgrade_,1,975647,1587571
116,D:\MOX\OTHERS\REPORT.C,code,True,Has_Report_,1,975705,1587629
116,D:\MOX\OTHERS\REPORT.C,code,True,Has_Diplomacy_Messages_,1,975880,1587804
116,D:\MOX\OTHERS\REPORT.C,code,True,Has_GNN_,1,976148,1588072
116,D:\MOX\OTHERS\REPORT.C,code,True,Antarans_,1,976210,1588134
116,D:\MOX\OTHERS\REPORT.C,code,False,Display_Report_Aux_,1,976446,1588370
116,D:\MOX\OTHERS\REPORT.C,code,False,Display_Report_,1,976773,1588697
116,D:\MOX\OTHERS\REPORT.C,code,True,Redirect_Newly_Built_Ships_,1,976787,1588711
116,D:\MOX\OTHERS\REPORT.C,code,False,Must_Display_Reports_,1,977003,1588927
117,D:\MOX\OTHERS\RUSS.C,code,False,Assert_Settings_,1,977085,1589009
117,D:\MOX\OTHERS\RUSS.C,code,False,Mox_Update_,1,977086,1589010
117,D:\MOX\OTHERS\RUSS.C,code,False,Release_All_Blocks_,1,977096,1589020
117,D:\MOX\OTHERS\RUSS.C,code,False,Null_Autofunction_,1,977108,1589032
117,D:\MOX\OTHERS\RUSS.C,code,False,PFMT_,1,977109,1589033
117,D:\MOX\OTHERS\RUSS.C,code,False,Get_Weighted_Choice_Char_,1,977114,1589038
117,D:\MOX\OTHERS\RUSS.C,code,False,Get_Weighted_Choice_Short_,1,977197,1589121
117,D:\MOX\OTHERS\RUSS.C,code,False,Get_Weighted_Choice_Int_,1,977263,1589187
117,D:\MOX\OTHERS\RUSS.C,code,False,Shuffle_Char_,1,977333,1589257
117,D:\MOX\OTHERS\RUSS.C,code,False,Shuffle_Sint_,1,977397,1589321
117,D:\MOX\OTHERS\RUSS.C,code,False,Shuffle_Int_,1,977468,1589392
117,D:\MOX\OTHERS\RUSS.C,code,False,Shuffle_,1,977538,1589462
117,D:\MOX\OTHERS\RUSS.C,code,False,Star_To_Monster_,1,977728,1589652
117,D:\MOX\OTHERS\RUSS.C,code,False,Star_Name_,1,977745,1589669
117,D:\MOX\OTHERS\RUSS.C,code,False,Compare_Ratios_,1,977776,1589700
117,D:\MOX\OTHERS\RUSS.C,code,False,Make_Player_Into_AI_,1,977952,1589876
117,D:\MOX\OTHERS\RUSS.C,code,False,Make_All_AI_Game_,1,978073,1589997
117,D:\MOX\OTHERS\RUSS.C,code,False,Load_Russ_Strings_,1,978138,1590062
118,D:\MOX\OTHERS\SETTLER.C,code,True,Settler_ETA_,1,978239,1590163
118,D:\MOX\OTHERS\SETTLER.C,code,True,Room_For_Another_,1,978295,1590219
118,D:\MOX\OTHERS\SETTLER.C,code,False,Pop_Tries_To_Settle_,1,978508,1590432
118,D:\MOX\OTHERS\SETTLER.C,code,True,Add_Settler_To_Colony_,1,978965,1590889
118,D:\MOX\OTHERS\SETTLER.C,code,False,Settle_Pop_,1,979222,1591146
118,D:\MOX\OTHERS\SETTLER.C,code,False,Move_Settlers_,1,979474,1591398
118,D:\MOX\OTHERS\SETTLER.C,code,False,N_Freighters_Player_Can_Scrap_,1,980087,1592011
119,D:\MOX\OTHERS\SHIPMOVE.C,code,False,Ship_Range_,1,980118,1592042
119,D:\MOX\OTHERS\SHIPMOVE.C,code,True,Star_In_Range_Of_Player_Aux1_,1,980201,1592125
119,D:\MOX\OTHERS\SHIPMOVE.C,code,True,Star_In_Range_Of_Player_Aux2_,1,980371,1592295
119,D:\MOX\OTHERS\SHIPMOVE.C,code,False,Star_In_Range_Of_Player_,1,980472,1592396
119,D:\MOX\OTHERS\SHIPMOVE.C,code,False,Star_In_Normal_Range_Of_Player_,1,980582,1592506
119,D:\MOX\OTHERS\SHIPMOVE.C,code,False,Star_In_Extended_Range_Of_Player_,1,980618,1592542
119,D:\MOX\OTHERS\SHIPMOVE.C,code,False,Can_Order_Ship_,1,980670,1592594
119,D:\MOX\OTHERS\SHIPMOVE.C,code,False,Ships_Try_To_Move_To_,1,980889,1592813
119,D:\MOX\OTHERS\SHIPMOVE.C,code,False,Player_N_Turns_From_Star_To_Star_,1,981974,1593898
119,D:\MOX\OTHERS\SHIPMOVE.C,code,False,Make_Ships_Move_To_,1,982280,1594204
119,D:\MOX\OTHERS\SHIPMOVE.C,code,False,Ship_Is_Moving_,1,982473,1594397
119,D:\MOX\OTHERS\SHIPMOVE.C,code,True,Make_Ship_Arrive_At_Star_,1,982490,1594414
119,D:\MOX\OTHERS\SHIPMOVE.C,code,False,Move_All_Ships_Toward_Stars_,1,982762,1594686
119,D:\MOX\OTHERS\SHIPMOVE.C,code,False,Create_Nonplayer_Ship_,1,983056,1594980
119,D:\MOX\OTHERS\SHIPMOVE.C,code,False,Allocate_New_Ship_Slots_,1,983323,1595247
119,D:\MOX\OTHERS\SHIPMOVE.C,code,True,Update_Player_Ship_Range_,1,983885,1595809
119,D:\MOX\OTHERS\SHIPMOVE.C,code,False,Update_All_Ship_Ranges_,1,983948,1595872
119,D:\MOX\OTHERS\SHIPMOVE.C,code,False,Ship_Destination_Star_,1,984050,1595974
119,D:\MOX\OTHERS\SHIPMOVE.C,code,False,Update_Ship_ETAs_,1,984092,1596016
119,D:\MOX\OTHERS\SHIPMOVE.C,code,False,Do_Wormhole_Event_,1,984345,1596269
119,D:\MOX\OTHERS\SHIPMOVE.C,code,False,Do_Hyperspace_Beast_,1,984600,1596524
119,D:\MOX\OTHERS\SHIPMOVE.C,code,False,Unmark_Just_Built_AI_Ships_,1,985128,1597052
119,D:\MOX\OTHERS\SHIPMOVE.C,code,False,Reset_Needless_Ignore_Combat_Ships_Flags_,1,985213,1597137
119,D:\MOX\OTHERS\SHIPMOVE.C,code,False,Player_Has_Ships_Pestering_Other_Player_,1,985539,1597463
120,D:\MOX\OTHERS\SPY.C,code,True,Tech_Spy_Bonus_,1,985662,1597586
120,D:\MOX\OTHERS\SPY.C,code,False,Compute_Spy_Bonuses_,1,985731,1597655
120,D:\MOX\OTHERS\SPY.C,code,True,Frame_Another_,1,986053,1597977
120,D:\MOX\OTHERS\SPY.C,code,False,Allocate_AI_Spies_,1,986393,1598317
120,D:\MOX\OTHERS\SPY.C,code,True,Steal_App_,1,987548,1599472
120,D:\MOX\OTHERS\SPY.C,code,True,Destroy_Random_Building_,1,987914,1599838
120,D:\MOX\OTHERS\SPY.C,code,True,N_Spies_Bonus_,1,988291,1600215
120,D:\MOX\OTHERS\SPY.C,code,True,Resolve_Player_Spies_,1,988324,1600248
120,D:\MOX\OTHERS\SPY.C,code,True,Leader_Assassinates_,1,989032,1600956
120,D:\MOX\OTHERS\SPY.C,code,True,Resolve_Assassins_,1,989347,1601271
120,D:\MOX\OTHERS\SPY.C,code,False,Resolve_Spies_,1,989483,1601407
120,D:\MOX\OTHERS\SPY.C,code,False,Bring_Home_Spies_Vs_,1,989680,1601604
121,D:\MOX\OTHERS\TRADE.C,code,True,Compute_N_Trade_And_Research_Pops_,1,989762,1601686
121,D:\MOX\OTHERS\TRADE.C,code,False,Base_Trade_Agreement_Goal_,1,990012,1601936
121,D:\MOX\OTHERS\TRADE.C,code,True,Trade_Agreement_Goal_,1,990116,1602040
121,D:\MOX\OTHERS\TRADE.C,code,False,Base_Research_Agreement_Goal_,1,990355,1602279
121,D:\MOX\OTHERS\TRADE.C,code,True,Research_Agreement_Goal_,1,990405,1602329
121,D:\MOX\OTHERS\TRADE.C,code,True,Process_Trade_Agreement_,1,990547,1602471
121,D:\MOX\OTHERS\TRADE.C,code,True,Process_Research_Agreement_,1,990693,1602617
121,D:\MOX\OTHERS\TRADE.C,code,False,Process_Trade_And_Research_Agreements_,1,990839,1602763
121,D:\MOX\OTHERS\TRADE.C,code,False,Start_Trade_Agreement_,1,990947,1602871
121,D:\MOX\OTHERS\TRADE.C,code,False,Start_Research_Agreement_,1,991106,1603030
122,D:\MOX\BILL.C,code,False,Bill_Init_,1,991287,1603211
122,D:\MOX\BILL.C,code,False,Bill_Default_,1,991342,1603266
122,D:\MOX\BILL.C,code,False,Record_History_,1,991370,1603294
122,D:\MOX\BILL.C,code,False,Is_Ignoring_,1,992296,1604220
122,D:\MOX\BILL.C,code,False,Stop_Ignoring_,1,992333,1604257
122,D:\MOX\BILL.C,code,False,Concatenate_Percent_,1,992366,1604290
122,D:\MOX\BILL.C,code,False,Get_Active_Players_,1,992395,1604319
122,D:\MOX\BILL.C,code,False,Get_Players_Dead_Or_Alive_,1,992583,1604507
122,D:\MOX\BILL.C,code,False,Get_Players_Dead_Or_Alive_Or_Omniscient_,1,992663,1604587
122,D:\MOX\BILL.C,code,False,Get_Players_Alive_Or_Omniscient_,1,992819,1604743
122,D:\MOX\BILL.C,code,False,Get_Their_Spy_Number_,1,992975,1604899
122,D:\MOX\BILL.C,code,False,Get_Their_Spy_Mission_,1,993009,1604933
122,D:\MOX\BILL.C,code,False,Get_My_Spy_Number_,1,993041,1604965
122,D:\MOX\BILL.C,code,False,Get_My_Spy_Mission_,1,993081,1605005
122,D:\MOX\BILL.C,code,False,Get_My_Agent_Number_,1,993119,1605043
122,D:\MOX\BILL.C,code,False,Get_My_Agent_Mission_,1,993142,1605066
122,D:\MOX\BILL.C,code,False,Set_Their_Spy_Number_,1,993165,1605089
122,D:\MOX\BILL.C,code,False,Set_Their_Spy_Mission_,1,993205,1605129
122,D:\MOX\BILL.C,code,False,Set_My_Spy_Number_,1,993241,1605165
122,D:\MOX\BILL.C,code,False,Set_My_Spy_Mission_,1,993293,1605217
122,D:\MOX\BILL.C,code,False,Set_My_Agent_Number_,1,993341,1605265
122,D:\MOX\BILL.C,code,False,Set_My_Agent_Mission_,1,993394,1605318
122,D:\MOX\BILL.C,code,False,Take_Their_Spy_,1,993442,1605366
122,D:\MOX\BILL.C,code,False,Take_My_Spy_,1,993493,1605417
122,D:\MOX\BILL.C,code,False,Take_My_Agent_,1,993554,1605478
122,D:\MOX\BILL.C,code,False,Add_Their_Spy_,1,993611,1605535
122,D:\MOX\BILL.C,code,False,Add_My_Spy_,1,993666,1605590
122,D:\MOX\BILL.C,code,False,Add_My_Agent_,1,993684,1605608
122,D:\MOX\BILL.C,code,False,Get_History_Params_,1,993745,1605669
122,D:\MOX\BILL.C,code,False,Update_List_Window_Data_,1,993786,1605710
122,D:\MOX\BILL.C,code,False,Turn_Off_Palettes_,1,994527,1606451
122,D:\MOX\BILL.C,code,False,Turn_On_Palettes_,1,994549,1606473
122,D:\MOX\BILL.C,code,False,Disable_Draw_Current_Fields_,1,994553,1606477
122,D:\MOX\BILL.C,code,False,Enable_Draw_Current_Fields_,1,994587,1606511
122,D:\MOX\BILL.C,code,False,Draw_Prior_Fields_,1,994621,1606545
122,D:\MOX\BILL.C,code,False,Disable_Draw_Selected_Fields_,1,994685,1606609
122,D:\MOX\BILL.C,code,False,Enable_Draw_Selected_Fields_,1,994708,1606632
122,D:\MOX\BILL.C,code,False,_Squeeze_Print_,1,994731,1606655
122,D:\MOX\BILL.C,code,False,Squeeze_Print_,1,995088,1607012
122,D:\MOX\BILL.C,code,False,Squeeze_Print_To_Bitmap_,1,995107,1607031
122,D:\MOX\BILL.C,code,False,Squeeze_Print_Right_,1,995133,1607057
122,D:\MOX\BILL.C,code,False,Squeeze_Print_Right_To_Bitmap_,1,995139,1607063
122,D:\MOX\BILL.C,code,False,Squeeze_Print_Centered_,1,995151,1607075
122,D:\MOX\BILL.C,code,False,Squeeze_Print_Centered_To_Bitmap_,1,995192,1607116
122,D:\MOX\BILL.C,code,False,Squeeze_Centered_Print_,1,995240,1607164
122,D:\MOX\BILL.C,code,False,Squeeze_Centered_Print_To_Bitmap_,1,995249,1607173
122,D:\MOX\BILL.C,code,False,Squeeze_Print_Full_,1,995264,1607188
122,D:\MOX\BILL.C,code,False,Squeeze_Print_Full_To_Bitmap_,1,995273,1607197
122,D:\MOX\BILL.C,code,False,_Squeeze_Print_Paragraph_,1,995288,1607212
122,D:\MOX\BILL.C,code,False,Squeeze_Print_Paragraph_,1,995677,1607601
122,D:\MOX\BILL.C,code,False,Squeeze_Print_Paragraph_To_Bitmap_,1,995715,1607639
122,D:\MOX\BILL.C,code,False,Squeeze_Print_Formatted_Paragraph_,1,995754,1607678
122,D:\MOX\BILL.C,code,False,Squeeze_Print_Formatted_Paragraph_To_Bitmap_,1,995768,1607692
122,D:\MOX\BILL.C,code,False,Squeeze_Paragraph_Centered_,1,995782,1607706
122,D:\MOX\BILL.C,code,False,Squeeze_Paragraph_Centered_To_Bitmap_,1,995840,1607764
122,D:\MOX\BILL.C,code,False,Squeeze_Formatted_Paragraph_Centered_,1,995899,1607823
122,D:\MOX\BILL.C,code,False,Squeeze_Formatted_Paragraph_Centered_To_Bitmap_,1,995914,1607838
122,D:\MOX\BILL.C,code,False,_Print_1_Or_More_Lines_Centered_,1,995929,1607853
122,D:\MOX\BILL.C,code,False,Print_1_Or_More_Lines_Centered_,1,996041,1607965
122,D:\MOX\BILL.C,code,False,Print_1_Or_More_Lines_Centered_To_Bitmap_,1,996056,1607980
122,D:\MOX\BILL.C,code,False,Pseudo_App_Index_To_Hyper_Field_,1,996078,1608002
122,D:\MOX\BILL.C,code,False,Hyper_Field_To_Pseudo_App_Index_,1,996091,1608015
122,D:\MOX\BILL.C,code,False,Singular_Or_Plural_String_,1,996103,1608027
122,D:\MOX\BILL.C,code,False,Copy_File_To_File_,1,996115,1608039
122,D:\MOX\BILL.C,code,False,Cache_Player_Scientist_Anim_,1,996385,1608309
122,D:\MOX\BILL.C,code,False,Cache_Other_Scientist_Anim_,1,996392,1608316
122,D:\MOX\BILL.C,code,False,Cache_Player_Spy_Anim_,1,996555,1608479
122,D:\MOX\BILL.C,code,False,Cache_Player_Trooper_Anim_,1,996641,1608565
122,D:\MOX\BILL.C,code,False,_Print_String_Bill_,1,996783,1608707
122,D:\MOX\BILL.C,code,False,_Print_Paragraph_Bill_,1,997130,1609054
122,D:\MOX\BILL.C,code,False,_Print_Paragraph_,1,997653,1609577
122,D:\MOX\BILL.C,code,False,_Print_Paragraph_To_Bitmap_,1,997683,1609607
122,D:\MOX\BILL.C,code,False,_Get_Paragraph_Max_Height_,1,997714,1609638
122,D:\MOX\BILL.C,code,False,_Get_Paragraph_Max_Width_,1,997745,1609669
123,D:\MOX\BILLHELP.C,code,False,Reference_Help_,1,997776,1609700
123,D:\MOX\BILLHELP.C,code,False,Ref_Category_Help_,1,997817,1609741
123,D:\MOX\BILLHELP.C,code,False,Ref_How_To_Help_,1,997832,1609756
123,D:\MOX\BILLHELP.C,code,False,Turn_Summary_Popup_Help_,1,997847,1609771
123,D:\MOX\BILLHELP.C,code,False,Turn_Summary_Help_,1,997870,1609794
123,D:\MOX\BILLHELP.C,code,False,Race_Statistics_Help_,1,997885,1609809
123,D:\MOX\BILLHELP.C,code,False,Tech_Review_Help_,1,997900,1609824
123,D:\MOX\BILLHELP.C,code,False,History_Graph_Help_,1,997915,1609839
123,D:\MOX\BILLHELP.C,code,False,Technology_Select_Help_,1,997933,1609857
123,D:\MOX\BILLHELP.C,code,False,Technology_Change_Help_,1,997951,1609875
123,D:\MOX\BILLHELP.C,code,False,Tech_Select_List_Right_Help_,1,997969,1609893
123,D:\MOX\BILLHELP.C,code,False,Tech_Select_List_Left_Help_,1,997987,1609911
123,D:\MOX\BILLHELP.C,code,False,Tech_Change_List_Right_Help_,1,998008,1609932
123,D:\MOX\BILLHELP.C,code,False,Tech_Change_List_Left_Help_,1,998029,1609953
123,D:\MOX\BILLHELP.C,code,False,Races_Help_,1,998050,1609974
123,D:\MOX\BILLHELP.C,code,False,Report_Help_,1,998071,1609995
123,D:\MOX\BILLHELP.C,code,False,Audience_Menu_Help_,1,998092,1610016
123,D:\MOX\BILLHELP.C,code,False,Treaties_Menu_Help_,1,998113,1610037
123,D:\MOX\BILLHELP.C,code,False,Treaties_Race_Help_,1,998134,1610058
123,D:\MOX\BILLHELP.C,code,False,War_Race_Help_,1,998155,1610079
123,D:\MOX\BILLHELP.C,code,False,Trade_Menu_Help_,1,998176,1610100
123,D:\MOX\BILLHELP.C,code,False,Trade_Cash_Help_,1,998197,1610121
123,D:\MOX\BILLHELP.C,code,False,Trade_Tech_Help_,1,998218,1610142
123,D:\MOX\BILLHELP.C,code,False,Tech_Swap_Help_,1,998239,1610163
123,D:\MOX\BILLHELP.C,code,False,Tribute_Menu_Help_,1,998260,1610184
123,D:\MOX\BILLHELP.C,code,False,Tribute_Cash_Help_,1,998281,1610205
123,D:\MOX\BILLHELP.C,code,False,Tribute_Tech_Help_,1,998302,1610226
123,D:\MOX\BILLHELP.C,code,True,My_Set_Help_List_,1,998323,1610247
124,D:\MOX\FMTPARA.C,code,False,Print_Formatted_Paragraph_,1,998340,1610264
124,D:\MOX\FMTPARA.C,code,False,Print_Formatted_Paragraph_To_Bitmap_,1,998370,1610294
124,D:\MOX\FMTPARA.C,code,False,Set_Paragraph_User_Call_,1,998401,1610325
124,D:\MOX\FMTPARA.C,code,False,Set_Paragraph_String_Pointer_,1,998407,1610331
124,D:\MOX\FMTPARA.C,code,False,Set_Paragraph_Integer_Pointer_,1,998435,1610359
124,D:\MOX\FMTPARA.C,code,False,Set_Paragraph_Uint_Pointer_,1,998463,1610387
124,D:\MOX\FMTPARA.C,code,False,Set_Paragraph_Sint_Pointer_,1,998491,1610415
124,D:\MOX\FMTPARA.C,code,False,Set_Paragraph_Char_Pointer_,1,998519,1610443
124,D:\MOX\FMTPARA.C,code,False,Set_Paragraph_Schar_Pointer_,1,998547,1610471
124,D:\MOX\FMTPARA.C,code,False,Get_Formatted_Paragraph_Max_Height_,1,998575,1610499
124,D:\MOX\FMTPARA.C,code,False,Get_Formatted_Paragraph_Max_Width_,1,998614,1610538
124,D:\MOX\FMTPARA.C,code,False,Get_Last_Formatted_Paragraph_Max_Height_,1,998653,1610577
124,D:\MOX\FMTPARA.C,code,False,Get_Last_Formatted_Paragraph_Max_Width_,1,998668,1610592
124,D:\MOX\FMTPARA.C,code,False,Initialize_Formatted_Paragraph_System_,1,998683,1610607
124,D:\MOX\FMTPARA.C,code,True,_Print_Formatted_Paragraph_,1,998739,1610663
124,D:\MOX\FMTPARA.C,code,True,Process_Paragraph_Text_,1,999261,1611185
124,D:\MOX\FMTPARA.C,code,True,Add_Character_To_Line_,1,999745,1611669
124,D:\MOX\FMTPARA.C,code,True,Return_To_Last_Break_,1,999867,1611791
124,D:\MOX\FMTPARA.C,code,True,Record_Break_Position_,1,1000082,1612006
124,D:\MOX\FMTPARA.C,code,True,Process_Command_,1,1000368,1612292
124,D:\MOX\FMTPARA.C,code,True,Quit_Context_,1,1001050,1612974
124,D:\MOX\FMTPARA.C,code,True,Quit_Paragraph_,1,1001166,1613090
124,D:\MOX\FMTPARA.C,code,True,Set_Justification_,1,1001215,1613139
124,D:\MOX\FMTPARA.C,code,True,Complete_Line_,1,1001356,1613280
124,D:\MOX\FMTPARA.C,code,True,Complete_Line_Data_,1,1001429,1613353
124,D:\MOX\FMTPARA.C,code,True,Paragraph_HT_,1,1001599,1613523
124,D:\MOX\FMTPARA.C,code,True,Paragraph_CRFF_,1,1001644,1613568
124,D:\MOX\FMTPARA.C,code,True,Paragraph_VT_,1,1001727,1613651
124,D:\MOX\FMTPARA.C,code,True,Vertical_Move_,1,1001806,1613730
124,D:\MOX\FMTPARA.C,code,True,Reset_Font_Spacing_,1,1001883,1613807
124,D:\MOX\FMTPARA.C,code,True,Reset_Font_Spacing_Width_,1,1001947,1613871
124,D:\MOX\FMTPARA.C,code,True,Reset_Font_LF_,1,1001973,1613897
124,D:\MOX\FMTPARA.C,code,True,Reset_Paramaters_,1,1002020,1613944
124,D:\MOX\FMTPARA.C,code,True,Reset_Paragraph_Variables_,1,1002287,1614211
124,D:\MOX\FMTPARA.C,code,True,Reset_A_Paragraph_Variable_,1,1002347,1614271
124,D:\MOX\FMTPARA.C,code,True,Set_Paragraph_Variable_Pointer_,1,1002396,1614320
124,D:\MOX\FMTPARA.C,code,True,Set_Current_Colors_,1,1002423,1614347
124,D:\MOX\FMTPARA.C,code,True,Set_Current_Style_,1,1002455,1614379
124,D:\MOX\FMTPARA.C,code,True,Test_Item_,1,1002540,1614464
124,D:\MOX\FMTPARA.C,code,True,Set_Value_,1,1002983,1614907
124,D:\MOX\FMTPARA.C,code,True,Get_Next_Item_Value_,1,1003289,1615213
124,D:\MOX\FMTPARA.C,code,True,Get_Item_Value_Set_Plural_,1,1003320,1615244
124,D:\MOX\FMTPARA.C,code,True,Get_Item_Value_,1,1003370,1615294
124,D:\MOX\FMTPARA.C,code,True,Set_Item_Value_,1,1003499,1615423
124,D:\MOX\FMTPARA.C,code,True,Insert_Item_,1,1003657,1615581
124,D:\MOX\FMTPARA.C,code,True,Insert_Next_Argument_String_,1,1004506,1616430
124,D:\MOX\FMTPARA.C,code,True,Insert_Argument_String_,1,1004571,1616495
124,D:\MOX\FMTPARA.C,code,True,Get_Insert_Argument_Next_,1,1004619,1616543
124,D:\MOX\FMTPARA.C,code,True,Skip_Arg_Insert_A_String_,1,1004727,1616651
124,D:\MOX\FMTPARA.C,code,True,Insert_A_String_,1,1004769,1616693
124,D:\MOX\FMTPARA.C,code,True,Previous_Nesting_Level_,1,1004808,1616732
124,D:\MOX\FMTPARA.C,code,False,Process_Function_,1,1004851,1616775
124,D:\MOX\FMTPARA.C,code,False,Get_Function_Argument_,1,1005982,1617906
124,D:\MOX\FMTPARA.C,code,True,FN_Set_Font_,1,1006124,1618048
124,D:\MOX\FMTPARA.C,code,True,FN_Superscript_,1,1006372,1618296
124,D:\MOX\FMTPARA.C,code,True,FN_Set_Variable_,1,1006496,1618420
124,D:\MOX\FMTPARA.C,code,True,FN_Set_Tabs_,1,1006587,1618511
124,D:\MOX\FMTPARA.C,code,True,FN_Set_X_Pos_,1,1006691,1618615
124,D:\MOX\FMTPARA.C,code,True,FN_Set_Y_Pos_,1,1006756,1618680
124,D:\MOX\FMTPARA.C,code,True,FN_Set_H_Spacing_,1,1006855,1618779
124,D:\MOX\FMTPARA.C,code,True,FN_Set_Space_Size_,1,1006903,1618827
124,D:\MOX\FMTPARA.C,code,True,FN_Set_V_Spacing_,1,1006964,1618888
124,D:\MOX\FMTPARA.C,code,True,FN_Set_FF_Size_,1,1007020,1618944
124,D:\MOX\FMTPARA.C,code,True,FN_Set_Margins_,1,1007087,1619011
124,D:\MOX\FMTPARA.C,code,True,FN_Set_Indent_,1,1007257,1619181
124,D:\MOX\FMTPARA.C,code,True,FN_Set_Origin_,1,1007324,1619248
124,D:\MOX\FMTPARA.C,code,True,FN_User_Call_,1,1007497,1619421
124,D:\MOX\FMTPARA.C,code,True,Justify_Line_,1,1007593,1619517
124,D:\MOX\FMTPARA.C,code,True,_Justify_Line_Fully_,1,1007699,1619623
124,D:\MOX\FMTPARA.C,code,True,Print_Line_,1,1007985,1619909
124,D:\MOX\FMTPARA.C,code,True,_Comp_Tabs_,1,1009595,1621519
124,D:\MOX\FMTPARA.C,code,True,Sort_Tabs_,1,1009604,1621528
124,D:\MOX\FMTPARA.C,code,True,Get_Current_Color_Set_,1,1009648,1621572
124,D:\MOX\FMTPARA.C,code,True,Initialize_Line_Start_,1,1009727,1621651
124,D:\MOX\FMTPARA.C,code,True,Pick_Font_Color_,1,1009774,1621698
124,D:\MOX\FMTPARA.C,code,True,Pick_Font_Number_,1,1009804,1621728
124,D:\MOX\FMTPARA.C,code,True,Update_Max_Min_Values_,1,1009905,1621829
124,D:\MOX\FMTPARA.C,code,True,Set_Max_Min_X_,1,1010158,1622082
124,D:\MOX\FMTPARA.C,code,True,Set_Max_Min_Y_,1,1010231,1622155
124,D:\MOX\FMTPARA.C,code,True,Reset_Max_Min_Values_,1,1010286,1622210
124,D:\MOX\FMTPARA.C,code,True,Set_Para_Y2_,1,1010333,1622257
124,D:\MOX\FMTPARA.C,code,True,Skip_Spaces_,1,1010359,1622283
124,D:\MOX\FMTPARA.C,code,True,Legalize_Paragraph_Y_,1,1010384,1622308
124,D:\MOX\FMTPARA.C,code,True,Set_Line_Limits_,1,1010419,1622343
125,D:\MOX\INFO.C,code,False,Info_Screen_,1,1010860,1622784
125,D:\MOX\INFO.C,code,True,Draw_Maint_Income_Chart_,1,1011866,1623790
125,D:\MOX\INFO.C,code,True,Build_Maint_Chart_Bitmaps_,1,1012244,1624168
125,D:\MOX\INFO.C,code,True,Initialize_Maintenance_Values_,1,1013163,1625087
125,D:\MOX\INFO.C,code,False,Draw_The_History_Graph_,1,1013358,1625282
125,D:\MOX\INFO.C,code,True,Get_Plyr_Hist_Btns_,1,1013929,1625853
125,D:\MOX\INFO.C,code,True,Set_Plyr_Hist_Btns_,1,1013997,1625921
125,D:\MOX\INFO.C,code,True,Draw_Histories_,1,1014092,1626016
125,D:\MOX\INFO.C,code,False,Smooth_History_Data_,1,1015131,1627055
125,D:\MOX\INFO.C,code,False,Display_Graphed_Players_Names_,1,1015274,1627198
125,D:\MOX\INFO.C,code,True,History_Subscreen_,1,1015445,1627369
125,D:\MOX\INFO.C,code,True,Draw_History_Subscreen_,1,1015848,1627772
125,D:\MOX\INFO.C,code,False,Print_Tech_Review_Item_,1,1015849,1627773
125,D:\MOX\INFO.C,code,True,Tech_Review_Subscreen_,1,1015895,1627819
125,D:\MOX\INFO.C,code,False,_Tech_Review_Subscreen_,1,1015923,1627847
125,D:\MOX\INFO.C,code,True,Draw_Tech_Review_Subscreen_,1,1017130,1629054
125,D:\MOX\INFO.C,code,False,Init_Tech_Review_List_,1,1017361,1629285
125,D:\MOX\INFO.C,code,True,Print_Player_Specials_To_Bitmap_,1,1017558,1629482
125,D:\MOX\INFO.C,code,False,Race_Statistics_Specials_Help_,1,1018016,1629940
125,D:\MOX\INFO.C,code,True,Race_Stats_Subscreen_,1,1018310,1630234
125,D:\MOX\INFO.C,code,True,Draw_Race_Stats_Subscreen_,1,1019490,1631414
125,D:\MOX\INFO.C,code,True,Print_Turn_Summary_Message_,1,1019491,1631415
125,D:\MOX\INFO.C,code,False,Init_Turn_Summary_List_,1,1019587,1631511
125,D:\MOX\INFO.C,code,False,Init_Info_Turn_Summary_List_,1,1019777,1631701
125,D:\MOX\INFO.C,code,False,Draw_Dummy_Turn_Summary_Subscreen_,1,1019799,1631723
125,D:\MOX\INFO.C,code,True,Draw_Reference_How_To_Subscreen_,1,1019799,1631723
125,D:\MOX\INFO.C,code,True,Turn_Summary_Subscreen_,1,1019800,1631724
125,D:\MOX\INFO.C,code,True,Draw_Turn_Summary_Subscreen_,1,1020605,1632529
125,D:\MOX\INFO.C,code,True,Reference_Subscreen_,1,1020721,1632645
125,D:\MOX\INFO.C,code,True,Reference_Main_Subscreen_,1,1020877,1632801
125,D:\MOX\INFO.C,code,True,Draw_Reference_Main_Subscreen_,1,1021657,1633581
125,D:\MOX\INFO.C,code,True,Reference_How_To_Subscreen_,1,1021794,1633718
125,D:\MOX\INFO.C,code,True,Reference_Category_Subscreen_,1,1022094,1634018
125,D:\MOX\INFO.C,code,True,Draw_Reference_Category_Subscreen_,1,1023269,1635193
125,D:\MOX\INFO.C,code,True,Introduce_Subscreen_,1,1023413,1635337
125,D:\MOX\INFO.C,code,True,Draw_Drop_Area_,1,1023489,1635413
125,D:\MOX\INFO.C,code,True,Draw_Multiple_Drop_Areas_,1,1023902,1635826
125,D:\MOX\INFO.C,code,True,Set_Up_Player_Colors_,1,1023930,1635854
125,D:\MOX\INFO.C,code,True,Get_Plyr_Info_Btns_,1,1024017,1635941
125,D:\MOX\INFO.C,code,False,Set_Plyr_Info_Btns_,1,1024054,1635978
125,D:\MOX\INFO.C,code,False,Colorize_Bitmap_,1,1024100,1636024
126,D:\MOX\LIST.C,code,False,Init_List_Data_,1,1024167,1636091
126,D:\MOX\LIST.C,code,False,Add_Fields_To_List_Page_,1,1024392,1636316
126,D:\MOX\LIST.C,code,False,Display_Selected_List_Text_,1,1024541,1636465
126,D:\MOX\LIST.C,code,False,Display_Selected_List_Text_For_Tech_List_,1,1024837,1636761
126,D:\MOX\LIST.C,code,False,Display_List_Text_,1,1024941,1636865
126,D:\MOX\LIST.C,code,False,Display_List_Page_,1,1025191,1637115
126,D:\MOX\LIST.C,code,False,Set_List_Page_Pointer_,1,1025250,1637174
126,D:\MOX\LIST.C,code,False,Next_List_Page_,1,1025319,1637243
126,D:\MOX\LIST.C,code,False,Previous_List_Page_,1,1025344,1637268
126,D:\MOX\LIST.C,code,False,Goto_Page_With_Entry_,1,1025364,1637288
126,D:\MOX\LIST.C,code,False,Select_And_Page_By_Head_ID_,1,1025443,1637367
126,D:\MOX\LIST.C,code,False,Set_Selected_List_Entry_,1,1025507,1637431
126,D:\MOX\LIST.C,code,False,Get_Selected_List_Entry_,1,1025625,1637549
126,D:\MOX\LIST.C,code,False,Set_List_Up_Down_Field_Drawing_,1,1025673,1637597
127,D:\MOX\RACERPRT.C,code,False,Race_Report_Screen_,1,1025728,1637652
128,D:\MOX\RACESCRN.C,code,False,Race_Screen_,1,1027258,1639182
128,D:\MOX\RACESCRN.C,code,True,Init_Race_Display_Data_,1,1030717,1642641
128,D:\MOX\RACESCRN.C,code,True,Draw_Relations_Sliders_,1,1031504,1643428
128,D:\MOX\RACESCRN.C,code,True,Draw_Race_Photos_,1,1031661,1643585
128,D:\MOX\RACESCRN.C,code,True,Draw_Race_Text_,1,1032125,1644049
128,D:\MOX\RACESCRN.C,code,True,Setup_Main_Fields_,1,1033449,1645373
128,D:\MOX\RACESCRN.C,code,True,Setup_Race_Display_Fields_,1,1033840,1645764
128,D:\MOX\RACESCRN.C,code,True,Setup_Race_Who_Fields_,1,1034230,1646154
128,D:\MOX\RACESCRN.C,code,True,Update_Spy_Stuff_,1,1034381,1646305
128,D:\MOX\RACESCRN.C,code,True,Draw_Race_Screen_,1,1034464,1646388
128,D:\MOX\RACESCRN.C,code,True,Get_Spy_Group_For_Field_,1,1035231,1647155
128,D:\MOX\RACESCRN.C,code,True,Adjust_Spy_Mission_Data_,1,1035299,1647223
128,D:\MOX\RACESCRN.C,code,True,Redraw_Spy_Mouse_,1,1035341,1647265
128,D:\MOX\RACESCRN.C,code,True,Move_Spy_Group_From_Mouse_,1,1035461,1647385
128,D:\MOX\RACESCRN.C,code,True,Move_Spy_Group_To_Mouse_,1,1035621,1647545
128,D:\MOX\RACESCRN.C,code,True,Erase_Mouse_Spies_,1,1035713,1647637
128,D:\MOX\RACESCRN.C,code,False,Calculate_Icon_Group_Data_,1,1035736,1647660
128,D:\MOX\RACESCRN.C,code,False,Setup_Icon_Group_Data_,1,1035876,1647800
128,D:\MOX\RACESCRN.C,code,False,Move_Icon_Group_Icons_,1,1035966,1647890
128,D:\MOX\RACESCRN.C,code,False,Draw_Icon_Group_Cursor_,1,1036022,1647946
128,D:\MOX\RACESCRN.C,code,False,Draw_Icon_Group_,1,1036247,1648171
129,D:\MOX\SCIENCE.C,code,False,Show_Off_Stolen_Tech_,1,1036353,1648277
129,D:\MOX\SCIENCE.C,code,False,Show_Off_Captured_Tech_,1,1036506,1648430
129,D:\MOX\SCIENCE.C,code,False,Scientist_With_Tech_,1,1036647,1648571
129,D:\MOX\SCIENCE.C,code,False,Show_Off_Researched_Tech_,1,1036796,1648720
129,D:\MOX\SCIENCE.C,code,True,Science_Room_,1,1037084,1649008
129,D:\MOX\SCIENCE.C,code,False,Update_Science_Anims_,1,1039000,1650924
129,D:\MOX\SCIENCE.C,code,False,Draw_Science_Room_,1,1039126,1651050
130,D:\MOX\TECH.C,code,False,Print_Tech_Indent_Item_,1,1039127,1651051
130,D:\MOX\TECH.C,code,False,Tech_Select_,1,1039209,1651133
130,D:\MOX\TECH.C,code,False,Tech_Change_,1,1039310,1651234
130,D:\MOX\TECH.C,code,False,_Tech_Finished_,1,1039365,1651289
130,D:\MOX\TECH.C,code,False,_Tech_Select_,1,1039378,1651302
130,D:\MOX\TECH.C,code,True,Draw_Tech_Select_,1,1041586,1653510
130,D:\MOX\TECH.C,code,False,Draw_Little_Arrow_,1,1041763,1653687
130,D:\MOX\TECH.C,code,False,_Tech_List_,1,1042119,1654043
130,D:\MOX\TECH.C,code,True,Draw_Tech_List_,1,1043606,1655530
130,D:\MOX\TECH.C,code,True,Display_All_Entry_Text_,1,1043682,1655606
130,D:\MOX\TECH.C,code,True,Display_Entry_Text_,1,1043712,1655636
130,D:\MOX\TECH.C,code,True,Display_Selected_Entry_Text_,1,1044079,1656003
130,D:\MOX\TECH.C,code,True,Set_Selected_Entry_,1,1044293,1656217
130,D:\MOX\TECH.C,code,True,Get_Selected_Entry_,1,1044393,1656317
130,D:\MOX\TECH.C,code,True,Init_Entry_Positions_,1,1044419,1656343
130,D:\MOX\TECH.C,code,True,Init_Entry_Data_,1,1044617,1656541
130,D:\MOX\TECH.C,code,True,Setup_Entry_Buttons_,1,1045513,1657437
130,D:\MOX\TECH.C,code,True,Get_Group_List_,1,1045659,1657583
130,D:\MOX\TECH.C,code,True,Draw_Application_Description_,1,1046063,1657987
130,D:\MOX\TECH.C,code,False,Technology_Fields_Name_,1,1046386,1658310
130,D:\MOX\TECH.C,code,False,Technology_Applications_Name_,1,1046433,1658357
130,D:\MOX\TECH.C,code,False,New_Get_Tech_Cost_,1,1046621,1658545
130,D:\MOX\TECH.C,code,False,Save_Hyper_Tech_Values_,1,1046660,1658584
130,D:\MOX\TECH.C,code,False,Restore_Hyper_Tech_Values_,1,1046711,1658635
130,D:\MOX\TECH.C,code,False,Promote_Hyper_Field_Values_,1,1046765,1658689
130,D:\MOX\TECH.C,code,False,Promote_A_Hyper_Value_By_Field_,1,1046809,1658733
130,D:\MOX\TECH.C,code,False,Get_Tech_Cost_,1,1046843,1658767
130,D:\MOX\TECH.C,code,False,Sort_Tech_List_By_Cost_,1,1046859,1658783
130,D:\MOX\TECH.C,code,False,Get_Parent_Index_,1,1047008,1658932
130,D:\MOX\TECH.C,code,False,Crack_Tech_Select_List_Entry_,1,1047046,1658970
131,D:\MOX\TURNSUM.C,code,True,Print_Turn_Summary_Popup_Message_,1,1047093,1659017
131,D:\MOX\TURNSUM.C,code,False,Init_Turn_Summary_Popup_List_,1,1047189,1659113
131,D:\MOX\TURNSUM.C,code,False,Draw_Turn_Summary_Popup_,1,1047212,1659136
131,D:\MOX\TURNSUM.C,code,False,Turn_Summary_Popup_,1,1047298,1659222
132,D:\MOX\FIELDSAV.C,code,False,Save_Field_Stats_,1,1048129,1660053
132,D:\MOX\FIELDSAV.C,code,False,Restore_Field_Stats_,1,1048257,1660181
0,L:\MOX\MOX.C,data,False,_mouse_list_arrow,2,20224,2045268
0,L:\MOX\MOX.C,data,False,_mouse_list_variable,2,20236,2045280
0,L:\MOX\MOX.C,data,False,_first_field_in_group,2,20248,2045292
0,L:\MOX\MOX.C,data,False,_multigm_lbx_name,2,20258,2045302
0,L:\MOX\MOX.C,data,False,_max_marines,2,20262,2045306
0,L:\MOX\MOX.C,data,False,_max_crew,2,20280,2045324
0,L:\MOX\MOX.C,data,False,_mouse_list_none,2,20298,2045342
0,L:\MOX\MOX.C,data,False,_main_palette_outline_color,2,20310,2045354
0,L:\MOX\MOX.C,data,False,_mouse_list_wait_3,2,20318,2045362
0,L:\MOX\MOX.C,data,False,_mouse_list_wait_6,2,20330,2045374
0,L:\MOX\MOX.C,data,False,_mouse_list_wait_9,2,20342,2045386
0,L:\MOX\MOX.C,data,False,_cmbt_mouse_list_clock,2,20354,2045398
0,L:\MOX\MOX.C,data,False,_ship_type_names,2,20366,2045410
0,L:\MOX\MOX.C,data,False,_crew_data,2,20846,2045890
0,L:\MOX\MOX.C,data,False,_tech_categories,2,20886,2045930
0,L:\MOX\MOX.C,data,False,_special_bonus,2,20986,2046030
0,L:\MOX\MOX.C,data,False,_skill_data,2,21016,2046060
0,L:\MOX\MOX.C,data,False,_roman_numeral,2,21988,2047032
0,L:\MOX\MOX.C,data,False,_bill_savegame,2,22068,2047112
0,L:\MOX\MOX.C,data,False,_temp_string_buf,2,22080,2047124
0,L:\MOX\MOX.C,data,False,_class_to_num_satellites,2,22144,2047188
0,L:\MOX\MOX.C,data,False,_orbit_to_satellite_type,2,22204,2047248
0,L:\MOX\MOX.C,data,False,_class_to_mineral,2,22254,2047298
0,L:\MOX\MOX.C,data,False,_gravity_table,2,22314,2047358
0,L:\MOX\MOX.C,data,False,_gravity_to_atmosphere,2,22339,2047383
0,L:\MOX\MOX.C,data,False,_class_to_group,2,22369,2047413
0,L:\MOX\MOX.C,data,False,_climate_roll_table,2,22399,2047443
0,L:\MOX\MOX.C,data,False,_normal_gal_climate_roll_table,2,22439,2047483
0,L:\MOX\MOX.C,data,False,_old_gal_climate_roll_table,2,22479,2047523
0,L:\MOX\MOX.C,data,False,_planet_size_table,2,22519,2047563
0,L:\MOX\MOX.C,data,False,_planet_max_farms,2,22524,2047568
0,L:\MOX\MOX.C,data,False,_planet_max_mines,2,22529,2047573
0,L:\MOX\MOX.C,data,False,_planet_max_population,2,22534,2047578
0,L:\MOX\MOX.C,data,False,_spectral_class_table,2,22539,2047583
0,L:\MOX\MOX.C,data,False,_minerals_extracted_table,2,22546,2047590
0,L:\MOX\MOX.C,data,False,_climate_modifier_table,2,22551,2047595
0,L:\MOX\MOX.C,data,False,_food_per_farmer_table,2,22556,2047600
0,L:\MOX\MOX.C,data,False,_planet_special,2,22566,2047610
0,L:\MOX\MOX.C,data,False,_planet_special_weighted_chance,2,22578,2047622
0,L:\MOX\MOX.C,data,False,_star_class_table,2,22590,2047634
0,L:\MOX\MOX.C,data,False,_combat_init,2,22611,2047655
0,L:\MOX\MOX.C,data,False,_ranged_to_hit_penalty,2,22613,2047657
0,L:\MOX\MOX.C,data,False,_ranged_damage_penalty,2,22631,2047675
0,L:\MOX\MOX.C,data,False,_combat_green,2,22649,2047693
0,L:\MOX\MOX.C,data,False,_missile_hit_radius,2,22657,2047701
1,L:\MOX\MOX2.C,data,False,_language_ini,2,22680,2047724
6,L:\MOX\NEXTTURN.C,data,False,_caveman,2,22696,2047740
7,L:\MOX\ERICNET.C,data,True,_buildlist,2,22700,2047744
8,L:\MOX\TECHDATA.C,data,False,_technology_fields,2,22788,2047832
8,L:\MOX\TECHDATA.C,data,False,_technology_applications,2,24697,2049741
8,L:\MOX\TECHDATA.C,data,False,_buildings,2,27453,2052497
8,L:\MOX\TECHDATA.C,data,False,_specials,2,28384,2053428
8,L:\MOX\TECHDATA.C,data,False,_armor,2,30264,2055308
8,L:\MOX\TECHDATA.C,data,False,_shields,2,30369,2055413
8,L:\MOX\TECHDATA.C,data,False,_weapons,2,30723,2055767
8,L:\MOX\TECHDATA.C,data,False,_weapon_modifications,2,32011,2057055
8,L:\MOX\TECHDATA.C,data,False,_computers,2,32236,2057280
8,L:\MOX\TECHDATA.C,data,False,_drives,2,32368,2057412
8,L:\MOX\TECHDATA.C,data,False,_units,2,32690,2057734
8,L:\MOX\TECHDATA.C,data,False,_fuel,2,32738,2057782
8,L:\MOX\TECHDATA.C,data,False,_hull_data,2,32798,2057842
9,D:\MOX\ANTAROOM.C,data,False,_antaran_room_blank_mouse,2,33124,2058168
9,D:\MOX\ANTAROOM.C,data,False,_antaran_room_normal_colors,2,33136,2058180
10,D:\MOX\SMACK.C,data,False,_smack_mouse,2,33144,2058188
11,D:\MOX\RACECUST.C,data,False,_race_customize,2,33156,2058200
11,D:\MOX\RACECUST.C,data,False,_race_evolution,2,35366,2060410
12,D:\MOX\COUNCIL.C,data,False,_council_blank_mouse,2,36016,2061060
12,D:\MOX\COUNCIL.C,data,False,_council_normal_colors,2,36028,2061072
12,D:\MOX\COUNCIL.C,data,False,_council_highlight_colors,2,36036,2061080
13,D:\MOX\DIPLODEF.C,data,False,_personality_relation_modifiers,2,36044,2061088
13,D:\MOX\DIPLODEF.C,data,False,_personality_threat_modifiers,2,36060,2061104
13,D:\MOX\DIPLODEF.C,data,False,_personality_max_threats,2,36080,2061124
13,D:\MOX\DIPLODEF.C,data,False,_personality_sneak_attacks_modifiers,2,36100,2061144
13,D:\MOX\DIPLODEF.C,data,False,_personality_sneak_attack_restictions,2,36120,2061164
13,D:\MOX\DIPLODEF.C,data,False,_personality_npc_peace_modifiers,2,36140,2061184
13,D:\MOX\DIPLODEF.C,data,False,_base_winning_peace_proposal_chance,2,36160,2061204
13,D:\MOX\DIPLODEF.C,data,False,_threat_demand_chance,2,36180,2061224
13,D:\MOX\DIPLODEF.C,data,False,_personality_demand_modifiers,2,36200,2061244
13,D:\MOX\DIPLODEF.C,data,False,_personality_expansion_chance,2,36220,2061264
13,D:\MOX\DIPLODEF.C,data,False,_personality_losing_ground_chance,2,36240,2061284
13,D:\MOX\DIPLODEF.C,data,False,_personality_reward_proposal_chance,2,36260,2061304
13,D:\MOX\DIPLODEF.C,data,False,_personality_break_treaty_war,2,36280,2061324
14,D:\MOX\DIP-SCRN.C,data,False,_diplomacy_normal_colors,2,36300,2061344
14,D:\MOX\DIP-SCRN.C,data,False,_diplomacy_highlight_colors,2,36308,2061352
14,D:\MOX\DIP-SCRN.C,data,False,_diplomacy_special_colors,2,36316,2061360
14,D:\MOX\DIP-SCRN.C,data,False,_main_diplomacy_help_entry,2,36324,2061368
14,D:\MOX\DIP-SCRN.C,data,False,_main_net_diplomacy_help_entry,2,36342,2061386
14,D:\MOX\DIP-SCRN.C,data,False,_main_repulsive_diplomacy_help_entry,2,36364,2061408
14,D:\MOX\DIP-SCRN.C,data,False,_main_net_repulsive_diplomacy_help_entry,2,36374,2061418
14,D:\MOX\DIP-SCRN.C,data,False,_propose_treaty_help_entry,2,36386,2061430
14,D:\MOX\DIP-SCRN.C,data,False,_break_treaty_help_entry,2,36400,2061444
14,D:\MOX\DIP-SCRN.C,data,False,_demand_help_entry,2,36414,2061458
14,D:\MOX\DIP-SCRN.C,data,False,_offer_help_entry,2,36436,2061480
14,D:\MOX\DIP-SCRN.C,data,False,_diplomacy_blank_mouse,2,36450,2061494
14,D:\MOX\DIP-SCRN.C,data,False,_diplomacy_hand_mouse,2,36462,2061506
15,D:\MOX\EVENTS.C,data,False,_event_normal_colors,2,36476,2061520
15,D:\MOX\EVENTS.C,data,False,_event_good_array,2,36484,2061528
15,D:\MOX\EVENTS.C,data,False,_event_blank_mouse,2,36520,2061564
16,D:\MOX\JIM.C,data,False,_jim_current_stream,2,36532,2061576
16,D:\MOX\JIM.C,data,False,_jim_fade_music_flag,2,36534,2061578
16,D:\MOX\JIM.C,data,False,_jim_old_music_id,2,36536,2061580
16,D:\MOX\JIM.C,data,False,_jim_old_transition_id,2,36538,2061582
16,D:\MOX\JIM.C,data,False,_logo_mouse_list,2,36540,2061584
27,D:\MOX\DIPLOMAC.C,data,False,_starting_relations,2,36564,2061608
27,D:\MOX\DIPLOMAC.C,data,False,_personality_peace_duration,2,36956,2062000
27,D:\MOX\DIPLOMAC.C,data,False,_personality_break_peace_treaty_chance,2,36976,2062020
27,D:\MOX\DIPLOMAC.C,data,False,_personality_sneak_attack_modifiers,2,36992,2062036
35,D:\MOX\OTHERS\AIDESIGN.C,data,False,_bio_weapon_spcl,2,37160,2062204
35,D:\MOX\OTHERS\AIDESIGN.C,data,False,_capture_spcl,2,37180,2062224
35,D:\MOX\OTHERS\AIDESIGN.C,data,False,_cloaking_spcl,2,37200,2062244
35,D:\MOX\OTHERS\AIDESIGN.C,data,False,_beam_defense_spcl,2,37212,2062256
35,D:\MOX\OTHERS\AIDESIGN.C,data,False,_missile_defense_spcl,2,37228,2062272
35,D:\MOX\OTHERS\AIDESIGN.C,data,False,_armor_spcl,2,37260,2062304
35,D:\MOX\OTHERS\AIDESIGN.C,data,False,_shield_spcl,2,37272,2062316
35,D:\MOX\OTHERS\AIDESIGN.C,data,False,_beam_offense_spcl,2,37284,2062328
35,D:\MOX\OTHERS\AIDESIGN.C,data,False,_missile_offense_spcl,2,37312,2062356
35,D:\MOX\OTHERS\AIDESIGN.C,data,False,_special_weapons_spcl,2,37320,2062364
35,D:\MOX\OTHERS\AIDESIGN.C,data,False,_special_device_spcl,2,37340,2062384
35,D:\MOX\OTHERS\AIDESIGN.C,data,False,_defense_specials_f_spcl,2,37388,2062432
35,D:\MOX\OTHERS\AIDESIGN.C,data,False,_defense_specials_t_spcl,2,37464,2062508
37,D:\MOX\OTHERS\ADVCIV.C,data,True,_fAdvCiv,2,38704,2063748
38,D:\MOX\OTHERS\ANTARANS.C,data,True,_antaran_ship_cost,2,38708,2063752
38,D:\MOX\OTHERS\ANTARANS.C,data,True,_n_max_antaran_off_ships,2,38717,2063761
38,D:\MOX\OTHERS\ANTARANS.C,data,True,_n_max_antaran_def_ships,2,38726,2063770
40,D:\MOX\OTHERS\DESBOX.C,data,True,_beam_filter_button_status,2,38736,2063780
40,D:\MOX\OTHERS\DESBOX.C,data,True,_missile_filter_button_status,2,38737,2063781
40,D:\MOX\OTHERS\DESBOX.C,data,True,_bomb_filter_button_status,2,38738,2063782
40,D:\MOX\OTHERS\DESBOX.C,data,True,_special_filter_button_status,2,38739,2063783
41,D:\MOX\OTHERS\DESIGN.C,data,True,_design_lbx_name,2,38748,2063792
42,D:\MOX\OTHERS\EVANHELP.C,data,True,_main_screen_help_list,2,38760,2063804
42,D:\MOX\OTHERS\EVANHELP.C,data,True,_plntsum_screen_help_list,2,39010,2064054
42,D:\MOX\OTHERS\EVANHELP.C,data,True,_static_design_screen_help_list,2,39160,2064204
42,D:\MOX\OTHERS\EVANHELP.C,data,True,_main_game_screen_help_list,2,39290,2064334
42,D:\MOX\OTHERS\EVANHELP.C,data,True,_scrap_freighters_help_list,2,39410,2064454
42,D:\MOX\OTHERS\EVANHELP.C,data,True,_load_game_screen_help_list,2,39420,2064464
42,D:\MOX\OTHERS\EVANHELP.C,data,True,_save_game_screen_help_list,2,39490,2064534
42,D:\MOX\OTHERS\EVANHELP.C,data,True,_options_game_screen_help_list,2,39560,2064604
42,D:\MOX\OTHERS\EVANHELP.C,data,True,_static_fleet_screen_help_list,2,39740,2064784
42,D:\MOX\OTHERS\EVANHELP.C,data,True,_static_coloff_screen_help_list,2,40060,2065104
42,D:\MOX\OTHERS\EVANHELP.C,data,True,_static_shipoff_screen_help_list,2,40220,2065264
42,D:\MOX\OTHERS\EVANHELP.C,data,True,_main_menu_screen_help_list,2,40550,2065594
42,D:\MOX\OTHERS\EVANHELP.C,data,True,_multi_player_setup_screen_help_list,2,40610,2065654
42,D:\MOX\OTHERS\EVANHELP.C,data,True,_static_modem_setup_screen_help_list,2,40710,2065754
42,D:\MOX\OTHERS\EVANHELP.C,data,True,_static_null_modem_setup_screen_help_list,2,40800,2065844
42,D:\MOX\OTHERS\EVANHELP.C,data,True,_input_box_help_list,2,40840,2065884
42,D:\MOX\OTHERS\EVANHELP.C,data,True,_static_diplomacy_request_help_list,2,40850,2065894
42,D:\MOX\OTHERS\EVANHELP.C,data,True,_static_hotseat_setup_screen_help_list,2,40890,2065934
44,D:\MOX\OTHERS\FLT1.C,data,True,_fleet_lbx_name,2,40932,2065976
44,D:\MOX\OTHERS\FLT1.C,data,True,_mouse_list_all_to,2,41032,2066076
45,D:\MOX\OTHERS\FLT2.C,data,True,_neutral_colors,2,41096,2066140
46,D:\MOX\OTHERS\GENDRAW.C,data,True,_confirm_text_colors,2,41104,2066148
46,D:\MOX\OTHERS\GENDRAW.C,data,True,_message_text_colors,2,41112,2066156
46,D:\MOX\OTHERS\GENDRAW.C,data,True,_warning_text_colors,2,41120,2066164
48,D:\MOX\OTHERS\HAROLD.C,data,False,_alt_colors,2,41128,2066172
48,D:\MOX\OTHERS\HAROLD.C,data,True,_fptr_trace,2,41136,2066180
50,D:\MOX\OTHERS\LOADSAVE.C,data,True,_draw_down,2,41144,2066188
50,D:\MOX\OTHERS\LOADSAVE.C,data,True,_harold_var,2,41145,2066189
51,D:\MOX\OTHERS\MAINMENU.C,data,True,_fade_in_count,2,41152,2066196
51,D:\MOX\OTHERS\MAINMENU.C,data,True,_fade_out_count,2,41154,2066198
51,D:\MOX\OTHERS\MAINMENU.C,data,True,_generic_text_colors,2,41156,2066200
51,D:\MOX\OTHERS\MAINMENU.C,data,False,_normal_colors,2,41164,2066208
51,D:\MOX\OTHERS\MAINMENU.C,data,False,_fade_in_colors,2,41172,2066216
51,D:\MOX\OTHERS\MAINMENU.C,data,False,_fade_out_colors,2,41180,2066224
51,D:\MOX\OTHERS\MAINMENU.C,data,False,_fade_out0_colors,2,41188,2066232
51,D:\MOX\OTHERS\MAINMENU.C,data,False,_fade_out1_colors,2,41196,2066240
51,D:\MOX\OTHERS\MAINMENU.C,data,False,_fade_out2_colors,2,41204,2066248
51,D:\MOX\OTHERS\MAINMENU.C,data,False,_fade_out3_colors,2,41212,2066256
52,D:\MOX\OTHERS\MAINSCR.C,data,True,_ALL_TECH_CHEAT,2,41220,2066264
52,D:\MOX\OTHERS\MAINSCR.C,data,True,_MORE_MONEY_CHEAT,2,41229,2066273
52,D:\MOX\OTHERS\MAINSCR.C,data,True,_GET_TECH_CHEAT,2,41235,2066279
52,D:\MOX\OTHERS\MAINSCR.C,data,True,_OMNISCIENCE_CHEAT,2,41241,2066285
52,D:\MOX\OTHERS\MAINSCR.C,data,True,_MAKE_ALL_AI_GAME_CHEAT,2,41249,2066293
52,D:\MOX\OTHERS\MAINSCR.C,data,True,_LEADER_CHEAT,2,41255,2066299
52,D:\MOX\OTHERS\MAINSCR.C,data,True,_SCORE_CHEAT,2,41259,2066303
52,D:\MOX\OTHERS\MAINSCR.C,data,True,_PLAY_SOUND_CHEAT,2,41265,2066309
52,D:\MOX\OTHERS\MAINSCR.C,data,False,_ship_direction_line_green_colors,2,41269,2066313
52,D:\MOX\OTHERS\MAINSCR.C,data,False,_ship_direction_line_red_colors,2,41277,2066321
52,D:\MOX\OTHERS\MAINSCR.C,data,False,_star_name_highlight_direction,2,41285,2066329
52,D:\MOX\OTHERS\MAINSCR.C,data,False,_star_name_highlight_value,2,41286,2066330
52,D:\MOX\OTHERS\MAINSCR.C,data,False,_prev_star_hot_key,2,41287,2066331
52,D:\MOX\OTHERS\MAINSCR.C,data,False,_next_star_hot_key,2,41289,2066333
52,D:\MOX\OTHERS\MAINSCR.C,data,False,_jim_hot_key,2,41291,2066335
52,D:\MOX\OTHERS\MAINSCR.C,data,False,_harold_1_hot_key,2,41293,2066337
52,D:\MOX\OTHERS\MAINSCR.C,data,False,_harold_2_hot_key,2,41295,2066339
52,D:\MOX\OTHERS\MAINSCR.C,data,False,_ken_hot_key,2,41297,2066341
52,D:\MOX\OTHERS\MAINSCR.C,data,False,_omniscient_hot_key,2,41299,2066343
52,D:\MOX\OTHERS\MAINSCR.C,data,False,_all_tech_cheat,2,41301,2066345
52,D:\MOX\OTHERS\MAINSCR.C,data,False,_leader_cheat,2,41303,2066347
52,D:\MOX\OTHERS\MAINSCR.C,data,False,_more_money_cheat,2,41305,2066349
52,D:\MOX\OTHERS\MAINSCR.C,data,False,_get_tech_cheat,2,41307,2066351
52,D:\MOX\OTHERS\MAINSCR.C,data,False,_omniscience_cheat,2,41309,2066353
52,D:\MOX\OTHERS\MAINSCR.C,data,False,_all_ai_cheat,2,41311,2066355
52,D:\MOX\OTHERS\MAINSCR.C,data,False,_play_sound_cheat,2,41313,2066357
52,D:\MOX\OTHERS\MAINSCR.C,data,False,_hi_score_cheat,2,41315,2066359
52,D:\MOX\OTHERS\MAINSCR.C,data,True,_color_array,2,41317,2066361
52,D:\MOX\OTHERS\MAINSCR.C,data,True,_mouse_list_zoom_mode,2,41333,2066377
53,D:\MOX\OTHERS\MAINSCR2.C,data,True,_mouse_list_from,2,41420,2066464
54,D:\MOX\OTHERS\MAPGEN.C,data,True,_n_marooned_heroes,2,41540,2066584
54,D:\MOX\OTHERS\MAPGEN.C,data,True,_n_wormholes,2,41541,2066585
54,D:\MOX\OTHERS\MAPGEN.C,data,True,_first_time_map_is_generated,2,41542,2066586
54,D:\MOX\OTHERS\MAPGEN.C,data,False,_MAPGEN_TRACE,2,41543,2066587
55,D:\MOX\OTHERS\MISC.C,data,False,_mouse_list_clock,2,41544,2066588
58,D:\MOX\OTHERS\OFFICER.C,data,True,_officer_lbx_name,2,41592,2066636
58,D:\MOX\OTHERS\OFFICER.C,data,True,_normal_text_colors,2,41604,2066648
58,D:\MOX\OTHERS\OFFICER.C,data,True,_mouse_list_who,2,41612,2066656
59,D:\MOX\OTHERS\PLNTSUM.C,data,True,_hi_neutral_colors,2,41632,2066676
59,D:\MOX\OTHERS\PLNTSUM.C,data,True,_red_colors,2,41640,2066684
59,D:\MOX\OTHERS\PLNTSUM.C,data,True,_green_colors,2,41648,2066692
59,D:\MOX\OTHERS\PLNTSUM.C,data,True,_plntscrn_delta_y,2,41656,2066700
59,D:\MOX\OTHERS\PLNTSUM.C,data,True,_plntsum_mouse_ok,2,41674,2066718
59,D:\MOX\OTHERS\PLNTSUM.C,data,True,_plntsum_mouse_bad,2,41698,2066742
59,D:\MOX\OTHERS\PLNTSUM.C,data,True,_plntsum_lbx_name,2,41722,2066766
59,D:\MOX\OTHERS\PLNTSUM.C,data,True,_send_colony_ship_button_seg,2,41726,2066770
59,D:\MOX\OTHERS\PLNTSUM.C,data,True,_send_outpost_ship_button_seg,2,41730,2066774
59,D:\MOX\OTHERS\PLNTSUM.C,data,True,_sort_choice,2,41734,2066778
59,D:\MOX\OTHERS\PLNTSUM.C,data,True,_filter_out_adverse_gravity_planets,2,41736,2066780
59,D:\MOX\OTHERS\PLNTSUM.C,data,True,_filter_out_hostile_environment_planets,2,41738,2066782
59,D:\MOX\OTHERS\PLNTSUM.C,data,True,_filter_out_mineral_scarcity_planets,2,41740,2066784
59,D:\MOX\OTHERS\PLNTSUM.C,data,True,_filter_out_enemy_controlled_planets,2,41742,2066786
59,D:\MOX\OTHERS\PLNTSUM.C,data,True,_filter_out_planets_out_of_range,2,41744,2066788
60,D:\MOX\OTHERS\SCORE.C,data,True,_score_lbx_name,2,41748,2066792
63,D:\MOX\OTHERS\SYS.C,data,False,_remap_gray_percentages,2,41952,2066996
63,D:\MOX\OTHERS\SYS.C,data,True,_system_specials,2,41962,2067006
64,D:\MOX\OTHERS\TEXTBOX.C,data,True,_textbox_normal_colors,2,41984,2067028
64,D:\MOX\OTHERS\TEXTBOX.C,data,True,_textbox_normal2_colors,2,41992,2067036
64,D:\MOX\OTHERS\TEXTBOX.C,data,True,_default_textbox_y,2,42000,2067044
64,D:\MOX\OTHERS\TEXTBOX.C,data,True,_textbox_heights,2,42005,2067049
64,D:\MOX\OTHERS\TEXTBOX.C,data,True,_helpbox_text_heights,2,42015,2067059
64,D:\MOX\OTHERS\TEXTBOX.C,data,True,_textbox_text_dy,2,42025,2067069
64,D:\MOX\OTHERS\TEXTBOX.C,data,True,_field_save_ix,2,42035,2067079
65,D:\MOX\OTHERS\BEAMS.C,data,True,_g_pierced_shield_flag,2,42040,2067084
65,D:\MOX\OTHERS\BEAMS.C,data,True,_old_color,2,42041,2067085
65,D:\MOX\OTHERS\BEAMS.C,data,True,_shield_hit_now_flag,2,42045,2067089
65,D:\MOX\OTHERS\BEAMS.C,data,True,_reflection_field_hit_now_flag,2,42046,2067090
65,D:\MOX\OTHERS\BEAMS.C,data,True,_ship_hit_now_flag,2,42047,2067091
65,D:\MOX\OTHERS\BEAMS.C,data,True,_ship_firing_now_flag,2,42049,2067093
65,D:\MOX\OTHERS\BEAMS.C,data,True,_g_beam_fire_sfx_handle,2,42051,2067095
65,D:\MOX\OTHERS\BEAMS.C,data,True,_g_shield_sfx_handle,2,42091,2067135
65,D:\MOX\OTHERS\BEAMS.C,data,True,_g_reflection_field_sfx_handle,2,42095,2067139
65,D:\MOX\OTHERS\BEAMS.C,data,True,_max_frames,2,42099,2067143
65,D:\MOX\OTHERS\BEAMS.C,data,True,_color_depth,2,42101,2067145
65,D:\MOX\OTHERS\BEAMS.C,data,False,_shield_diameters,2,42103,2067147
65,D:\MOX\OTHERS\BEAMS.C,data,True,_g_f_ctr,2,42111,2067155
65,D:\MOX\OTHERS\BEAMS.C,data,True,_g_refl_f_ctr,2,42113,2067157
65,D:\MOX\OTHERS\BEAMS.C,data,True,_shield_display_status,2,42115,2067159
65,D:\MOX\OTHERS\BEAMS.C,data,False,_reflection_field_diameters,2,42117,2067161
65,D:\MOX\OTHERS\BEAMS.C,data,True,_reflection_field_display_status,2,42121,2067165
65,D:\MOX\OTHERS\BEAMS.C,data,False,_g_reflection_state_flag,2,42123,2067167
65,D:\MOX\OTHERS\BEAMS.C,data,False,_g_firing_reflected_beam_flag,2,42125,2067169
65,D:\MOX\OTHERS\BEAMS.C,data,False,_n_damage_msgs,2,42126,2067170
65,D:\MOX\OTHERS\BEAMS.C,data,False,_low_ramp_values,2,42128,2067172
65,D:\MOX\OTHERS\BEAMS.C,data,False,_low_primary_cross_values,2,42208,2067252
65,D:\MOX\OTHERS\BEAMS.C,data,False,_low_saturated_values,2,42288,2067332
65,D:\MOX\OTHERS\BEAMS.C,data,False,_moderate_ramp_values,2,42368,2067412
65,D:\MOX\OTHERS\BEAMS.C,data,False,_moderate_primary_cross_values,2,42448,2067492
65,D:\MOX\OTHERS\BEAMS.C,data,False,_moderate_saturated_values,2,42528,2067572
65,D:\MOX\OTHERS\BEAMS.C,data,False,_high_ramp_values,2,42608,2067652
65,D:\MOX\OTHERS\BEAMS.C,data,False,_high_primary_cross_values,2,42688,2067732
65,D:\MOX\OTHERS\BEAMS.C,data,False,_high_saturated_values,2,42768,2067812
66,D:\MOX\OTHERS\CMBTSPEC.C,data,True,_g_engine_sfx_handle,2,42848,2067892
68,D:\MOX\OTHERS\COLBLDG.C,data,True,_colbldg_strings_been_loaded,2,42852,2067896
68,D:\MOX\OTHERS\COLBLDG.C,data,True,_mouse_list_to,2,42853,2067897
68,D:\MOX\OTHERS\COLBLDG.C,data,True,_mouse_list_what,2,42901,2067945
68,D:\MOX\OTHERS\COLBLDG.C,data,True,_mouse_list_which_ship,2,42913,2067957
68,D:\MOX\OTHERS\COLBLDG.C,data,True,_l_font_color_array,2,42925,2067969
68,D:\MOX\OTHERS\COLBLDG.C,data,True,_l_font_dim_color_array,2,42933,2067977
68,D:\MOX\OTHERS\COLBLDG.C,data,False,_return_to_build_popup_from_custom_design,2,42941,2067985
68,D:\MOX\OTHERS\COLBLDG.C,data,False,_hacky_speed_refitted_ship_flag,2,42942,2067986
68,D:\MOX\OTHERS\COLBLDG.C,data,True,_queue_fields,2,42944,2067988
68,D:\MOX\OTHERS\COLBLDG.C,data,False,_building_indexes,2,42958,2068002
68,D:\MOX\OTHERS\COLBLDG.C,data,False,_n_building_indexes,2,43066,2068110
68,D:\MOX\OTHERS\COLBLDG.C,data,True,_military_indexes,2,43068,2068112
68,D:\MOX\OTHERS\COLBLDG.C,data,True,_n_military_indexes,2,43176,2068220
68,D:\MOX\OTHERS\COLBLDG.C,data,True,_active_prod,2,43178,2068222
68,D:\MOX\OTHERS\COLBLDG.C,data,True,_current_item,2,43180,2068224
68,D:\MOX\OTHERS\COLBLDG.C,data,True,_last_app,2,43194,2068238
68,D:\MOX\OTHERS\COLBLDG.C,data,True,_last_setting,2,43196,2068240
68,D:\MOX\OTHERS\COLBLDG.C,data,True,_scanned_field,2,43198,2068242
71,D:\MOX\OTHERS\COLGCBT.C,data,False,_mouse_list_blank,2,43200,2068244
71,D:\MOX\OTHERS\COLGCBT.C,data,False,_g_ctr,2,43212,2068256
71,D:\MOX\OTHERS\COLGCBT.C,data,True,_N_DEF_UNIT_ROWS,2,43214,2068258
71,D:\MOX\OTHERS\COLGCBT.C,data,True,_N_ATK_UNIT_ROWS,2,43215,2068259
71,D:\MOX\OTHERS\COLGCBT.C,data,True,_title_changed_flag,2,43216,2068260
71,D:\MOX\OTHERS\COLGCBT.C,data,True,_old_ctr,2,43217,2068261
71,D:\MOX\OTHERS\COLGCBT.C,data,True,_player_color_array,2,43219,2068263
71,D:\MOX\OTHERS\COLGCBT.C,data,True,_short_player_color_array,2,43283,2068327
71,D:\MOX\OTHERS\COLGCBT.C,data,True,_colony_ground_combat_screen_help_list,2,43347,2068391
73,D:\MOX\OTHERS\COLMOVE.C,data,False,_cluster_colony_n,2,43380,2068424
73,D:\MOX\OTHERS\COLMOVE.C,data,False,_g_hacky_dont_draw_cluster_flag,2,43382,2068426
74,D:\MOX\OTHERS\COLONY.C,data,False,_DEBUG,2,43384,2068428
74,D:\MOX\OTHERS\COLONY.C,data,False,_COLONY_LBX,2,43385,2068429
74,D:\MOX\OTHERS\COLONY.C,data,False,_COLONY2_LBX,2,43396,2068440
74,D:\MOX\OTHERS\COLONY.C,data,False,_COLROAD_LBX,2,43408,2068452
74,D:\MOX\OTHERS\COLONY.C,data,False,_COLVEGGIE_LBX,2,43420,2068464
74,D:\MOX\OTHERS\COLONY.C,data,False,_RACEICON_LBX,2,43433,2068477
74,D:\MOX\OTHERS\COLONY.C,data,False,_COLPUPS_LBX,2,43446,2068490
74,D:\MOX\OTHERS\COLONY.C,data,False,_PLANETS_LBX,2,43458,2068502
74,D:\MOX\OTHERS\COLONY.C,data,False,_AMEBAFIN_LBX,2,43470,2068514
74,D:\MOX\OTHERS\COLONY.C,data,False,_BEAMS_LBX,2,43483,2068527
74,D:\MOX\OTHERS\COLONY.C,data,False,_CMBTSFX_LBX,2,43493,2068537
74,D:\MOX\OTHERS\COLONY.C,data,False,_COLBLDG_LBX,2,43505,2068549
74,D:\MOX\OTHERS\COLONY.C,data,False,_COLGCBT_LBX,2,43517,2068561
74,D:\MOX\OTHERS\COLONY.C,data,False,_COLROADS_LBX,2,43529,2068573
74,D:\MOX\OTHERS\COLONY.C,data,False,_COLSUM_LBX,2,43542,2068586
74,D:\MOX\OTHERS\COLONY.C,data,False,_COLSYSDI_LBX,2,43553,2068597
74,D:\MOX\OTHERS\COLONY.C,data,False,_DIMTVFIN_LBX,2,43566,2068610
74,D:\MOX\OTHERS\COLONY.C,data,False,_FIREPTS_LBX,2,43579,2068623
74,D:\MOX\OTHERS\COLONY.C,data,False,_FONTS_LBX,2,43591,2068635
74,D:\MOX\OTHERS\COLONY.C,data,False,_FP_LBX,2,43601,2068645
74,D:\MOX\OTHERS\COLONY.C,data,False,_HELP_LBX,2,43608,2068652
74,D:\MOX\OTHERS\COLONY.C,data,False,_MAINPUPS_LBX,2,43617,2068661
74,D:\MOX\OTHERS\COLONY.C,data,False,_NEWGAME_LBX,2,43630,2068674
74,D:\MOX\OTHERS\COLONY.C,data,False,_PLNTDFIN_LBX,2,43642,2068686
74,D:\MOX\OTHERS\COLONY.C,data,False,_RACEOPT_LBX,2,43655,2068699
74,D:\MOX\OTHERS\COLONY.C,data,False,_REFITPUP_LBX,2,43667,2068711
74,D:\MOX\OTHERS\COLONY.C,data,False,_SPHERSFX_LBX,2,43680,2068724
74,D:\MOX\OTHERS\COLONY.C,data,False,_XPORT_LBX,2,43693,2068737
74,D:\MOX\OTHERS\COLONY.C,data,False,_g_colony_n,2,43703,2068747
74,D:\MOX\OTHERS\COLONY.C,data,False,_step_squish,2,43705,2068749
74,D:\MOX\OTHERS\COLONY.C,data,False,_scanned_pop,2,43708,2068752
74,D:\MOX\OTHERS\COLONY.C,data,True,_scanned_military,2,43710,2068754
74,D:\MOX\OTHERS\COLONY.C,data,True,_scanned_satellite,2,43712,2068756
74,D:\MOX\OTHERS\COLONY.C,data,True,_scanned_bldg_C,2,43714,2068758
74,D:\MOX\OTHERS\COLONY.C,data,True,_scanned_bldg_R,2,43716,2068760
74,D:\MOX\OTHERS\COLONY.C,data,True,_move_colonist,2,43718,2068762
74,D:\MOX\OTHERS\COLONY.C,data,False,_drawing_display,2,43720,2068764
74,D:\MOX\OTHERS\COLONY.C,data,False,_valid_colony,2,43721,2068765
74,D:\MOX\OTHERS\COLONY.C,data,False,_full_draw,2,43722,2068766
74,D:\MOX\OTHERS\COLONY.C,data,False,_cheats,2,43723,2068767
74,D:\MOX\OTHERS\COLONY.C,data,True,_planet_display_handle,2,43724,2068768
74,D:\MOX\OTHERS\COLONY.C,data,False,_using_colony_screen_palette,2,43726,2068770
74,D:\MOX\OTHERS\COLONY.C,data,True,_colony_fields,2,43727,2068771
74,D:\MOX\OTHERS\COLONY.C,data,True,_military_fields,2,43769,2068813
74,D:\MOX\OTHERS\COLONY.C,data,False,_colony_bldgs,2,43773,2068817
74,D:\MOX\OTHERS\COLONY.C,data,True,_c_anims,2,43917,2068961
74,D:\MOX\OTHERS\COLONY.C,data,False,_ship_bitm_n,2,44061,2069105
74,D:\MOX\OTHERS\COLONY.C,data,False,_bldg_bitm_n,2,44063,2069107
74,D:\MOX\OTHERS\COLONY.C,data,False,_pulse_color_array,2,44065,2069109
74,D:\MOX\OTHERS\COLONY.C,data,False,_bright_blue_font_color_array,2,44070,2069114
74,D:\MOX\OTHERS\COLONY.C,data,False,_font_color_array,2,44078,2069122
74,D:\MOX\OTHERS\COLONY.C,data,False,_font_dim_color_array,2,44086,2069130
74,D:\MOX\OTHERS\COLONY.C,data,False,_font_bright_color_array,2,44094,2069138
74,D:\MOX\OTHERS\COLONY.C,data,False,_red_font_color_array,2,44102,2069146
74,D:\MOX\OTHERS\COLONY.C,data,True,_player_font_color_array,2,44118,2069162
74,D:\MOX\OTHERS\COLONY.C,data,True,_g_ship_player_n,2,44182,2069226
74,D:\MOX\OTHERS\COLONY.C,data,True,_g_ship_pic_n,2,44186,2069230
75,D:\MOX\OTHERS\COLREFIT.C,data,True,_first_ship,2,45260,2070304
75,D:\MOX\OTHERS\COLREFIT.C,data,True,_esc,2,45264,2070308
75,D:\MOX\OTHERS\COLREFIT.C,data,True,_scanned_ship_index,2,45282,2070326
75,D:\MOX\OTHERS\COLREFIT.C,data,True,_scanned_ship_d_index,2,45284,2070328
75,D:\MOX\OTHERS\COLREFIT.C,data,False,_lscanned_field,2,45286,2070330
76,D:\MOX\OTHERS\COLSUM.C,data,True,_g_sort_index,2,45316,2070360
76,D:\MOX\OTHERS\COLSUM.C,data,False,_first,2,45402,2070446
76,D:\MOX\OTHERS\COLSUM.C,data,False,_slider_bar_position,2,45404,2070448
76,D:\MOX\OTHERS\COLSUM.C,data,True,_scroll_draw,2,45406,2070450
76,D:\MOX\OTHERS\COLSUM.C,data,True,_draw_planet_sum,2,45407,2070451
76,D:\MOX\OTHERS\COLSUM.C,data,True,_event_good_lookup,2,45408,2070452
76,D:\MOX\OTHERS\COLSUM.C,data,True,_colsum_strings_been_loaded,2,45444,2070488
78,D:\MOX\OTHERS\COLXPORT.C,data,True,_cheezy_hack_col_count_state,2,45464,2070508
79,D:\MOX\OTHERS\ERIC.C,data,False,_fade_percent,2,45468,2070512
79,D:\MOX\OTHERS\ERIC.C,data,False,_fade_speed_in_percent,2,45469,2070513
79,D:\MOX\OTHERS\ERIC.C,data,False,_hacky_need_to_fade_to_colony_palette_flag,2,45470,2070514
79,D:\MOX\OTHERS\ERIC.C,data,False,_saved_sfx_l,2,45471,2070515
79,D:\MOX\OTHERS\ERIC.C,data,False,_saved_music_l,2,45473,2070517
80,D:\MOX\OTHERS\FAKEBUTS.C,data,True,_n_fake_buttons,2,45476,2070520
80,D:\MOX\OTHERS\FAKEBUTS.C,data,True,_n_click_thru_fields,2,45477,2070521
82,D:\MOX\OTHERS\FLCQUEUE.C,data,True,_n_queue_entries,2,45480,2070524
83,D:\MOX\OTHERS\MAINPUPS.C,data,True,_g_star_n,2,45484,2070528
83,D:\MOX\OTHERS\MAINPUPS.C,data,True,_g_special,2,45486,2070530
83,D:\MOX\OTHERS\MAINPUPS.C,data,True,_g_event,2,45487,2070531
83,D:\MOX\OTHERS\MAINPUPS.C,data,False,_g_player_n,2,45488,2070532
83,D:\MOX\OTHERS\MAINPUPS.C,data,True,_g_msg_ptr,2,45490,2070534
83,D:\MOX\OTHERS\MAINPUPS.C,data,True,_no_flicker_between_mainpups_flag,2,45494,2070538
83,D:\MOX\OTHERS\MAINPUPS.C,data,True,_main_scr_font_colors,2,45495,2070539
83,D:\MOX\OTHERS\MAINPUPS.C,data,True,_autofunction_ctr,2,45504,2070548
83,D:\MOX\OTHERS\MAINPUPS.C,data,False,_num_field_saves,2,45506,2070550
83,D:\MOX\OTHERS\MAINPUPS.C,data,False,_explode_flag,2,45508,2070552
83,D:\MOX\OTHERS\MAINPUPS.C,data,True,_on_officer_screen_flag,2,45509,2070553
83,D:\MOX\OTHERS\MAINPUPS.C,data,True,_g_officer,2,45510,2070554
83,D:\MOX\OTHERS\MAINPUPS.C,data,True,_officer_gains_level_state,2,45512,2070556
83,D:\MOX\OTHERS\MAINPUPS.C,data,True,_selection_state_flag,2,45514,2070558
83,D:\MOX\OTHERS\MAINPUPS.C,data,True,_g_using_colony_ship,2,45515,2070559
83,D:\MOX\OTHERS\MAINPUPS.C,data,True,_field_mode,2,45516,2070560
83,D:\MOX\OTHERS\MAINPUPS.C,data,True,_g_scanned_star,2,45518,2070562
83,D:\MOX\OTHERS\MAINPUPS.C,data,False,_g_old_scanned_star,2,45520,2070564
84,D:\MOX\OTHERS\NEWGAME.C,data,False,_g_x,2,45524,2070568
84,D:\MOX\OTHERS\NEWGAME.C,data,False,_g_y,2,45526,2070570
84,D:\MOX\OTHERS\NEWGAME.C,data,True,_strings_been_loaded,2,45528,2070572
86,D:\MOX\OTHERS\ERICHELP.C,data,True,_colony_screen_help_list,2,45552,2070596
86,D:\MOX\OTHERS\ERICHELP.C,data,True,_colony_summary_screen_help_list,2,45722,2070766
86,D:\MOX\OTHERS\ERICHELP.C,data,True,_refit_ship_popup_help_list,2,45942,2070986
86,D:\MOX\OTHERS\ERICHELP.C,data,True,_colony_building_queue_screen_help_list,2,46012,2071056
86,D:\MOX\OTHERS\ERICHELP.C,data,True,_colony_xport_pup_help_list,2,46142,2071186
86,D:\MOX\OTHERS\ERICHELP.C,data,True,_occupation_policy_pup_help_list,2,46212,2071256
86,D:\MOX\OTHERS\ERICHELP.C,data,True,_new_game_screen_help_list,2,46222,2071266
86,D:\MOX\OTHERS\ERICHELP.C,data,True,_player_attacked_popup_help_list,2,46332,2071376
86,D:\MOX\OTHERS\ERICHELP.C,data,True,_new_colony_confirmation_box_help_list,2,46342,2071386
86,D:\MOX\OTHERS\ERICHELP.C,data,True,_tax_rate_popup_help_list,2,46352,2071396
86,D:\MOX\OTHERS\ERICHELP.C,data,True,_dragon_new_star_popup_help_list,2,46362,2071406
86,D:\MOX\OTHERS\ERICHELP.C,data,True,_new_system_discovery_popup_help_list,2,46372,2071416
86,D:\MOX\OTHERS\ERICHELP.C,data,True,_planet_selection_popup_help_list,2,46382,2071426
86,D:\MOX\OTHERS\ERICHELP.C,data,True,_officer_information_popup_help_list,2,46392,2071436
86,D:\MOX\OTHERS\ERICHELP.C,data,True,_combat_colony_selection_popup_help_list,2,46402,2071446
88,D:\MOX\OTHERS\ESTRINGS.C,data,True,_e_strings_been_loaded,2,46412,2071456
89,D:\MOX\OTHERS\NEWPUP.C,data,True,_anims,2,46416,2071460
92,D:\MOX\OTHERS\AIDATA.C,data,False,_base_planet_values,2,46420,2071464
92,D:\MOX\OTHERS\AIDATA.C,data,False,_contextual_planet_values,2,46424,2071468
102,D:\MOX\OTHERS\COLCALC.C,data,True,_colony_empire_base_functions,2,46428,2071472
104,D:\MOX\OTHERS\COMBFIND.C,data,True,_messed_up_fleet_palette,2,46456,2071500
111,D:\MOX\OTHERS\MULTPLAY.C,data,True,_game_lbx_file,2,46460,2071504
111,D:\MOX\OTHERS\MULTPLAY.C,data,True,_green_pal_colors,2,46464,2071508
111,D:\MOX\OTHERS\MULTPLAY.C,data,True,_baud_rate_strings,2,46528,2071572
111,D:\MOX\OTHERS\MULTPLAY.C,data,True,_low_grn_colors,2,46576,2071620
111,D:\MOX\OTHERS\MULTPLAY.C,data,True,_normal_grn_colors,2,46584,2071628
111,D:\MOX\OTHERS\MULTPLAY.C,data,True,_hi_grn_colors,2,46592,2071636
115,D:\MOX\OTHERS\NEWTECH.C,data,False,_tech_research_level_values,2,46604,2071648
122,D:\MOX\BILL.C,data,True,_space_limits,2,46724,2071768
123,D:\MOX\BILLHELP.C,data,False,_info_help_list,2,46752,2071796
123,D:\MOX\BILLHELP.C,data,False,_reference_help_list,2,46792,2071836
123,D:\MOX\BILLHELP.C,data,False,_ref_category_help_list,2,46802,2071846
123,D:\MOX\BILLHELP.C,data,False,_ref_how_to_help_list,2,46812,2071856
123,D:\MOX\BILLHELP.C,data,False,_turn_summary_help_list,2,46822,2071866
123,D:\MOX\BILLHELP.C,data,False,_turn_summary_popup_help_list,2,46832,2071876
123,D:\MOX\BILLHELP.C,data,False,_race_statistics_help_list,2,46842,2071886
123,D:\MOX\BILLHELP.C,data,False,_tech_review_help_list,2,46852,2071896
123,D:\MOX\BILLHELP.C,data,False,_history_graph_help_list,2,46862,2071906
123,D:\MOX\BILLHELP.C,data,False,_technology_select_help_list,2,46872,2071916
123,D:\MOX\BILLHELP.C,data,False,_technology_change_help_list,2,46902,2071946
123,D:\MOX\BILLHELP.C,data,False,_technology_list1_help_list,2,46932,2071976
123,D:\MOX\BILLHELP.C,data,False,_technology_list2_help_list,2,46952,2071996
123,D:\MOX\BILLHELP.C,data,False,_technology_list3_help_list,2,46972,2072016
123,D:\MOX\BILLHELP.C,data,False,_technology_list4_help_list,2,46992,2072036
123,D:\MOX\BILLHELP.C,data,False,_races_help_list,2,47012,2072056
123,D:\MOX\BILLHELP.C,data,False,_report_help_list,2,47092,2072136
123,D:\MOX\BILLHELP.C,data,False,_audience_menu_help_list,2,47102,2072146
123,D:\MOX\BILLHELP.C,data,False,_treaties_menu_help_list,2,47112,2072156
123,D:\MOX\BILLHELP.C,data,False,_treaties_race_help_list,2,47122,2072166
123,D:\MOX\BILLHELP.C,data,False,_war_race_help_list,2,47132,2072176
123,D:\MOX\BILLHELP.C,data,False,_trade_menu_help_list,2,47142,2072186
123,D:\MOX\BILLHELP.C,data,False,_trade_cash_help_list,2,47152,2072196
123,D:\MOX\BILLHELP.C,data,False,_trade_tech_help_list,2,47162,2072206
123,D:\MOX\BILLHELP.C,data,False,_tech_swap_help_list,2,47172,2072216
123,D:\MOX\BILLHELP.C,data,False,_tribute_menu_help_list,2,47182,2072226
123,D:\MOX\BILLHELP.C,data,False,_tribute_cash_help_list,2,47192,2072236
123,D:\MOX\BILLHELP.C,data,False,_tribute_tech_help_list,2,47202,2072246
124,D:\MOX\FMTPARA.C,data,False,_plural_s_str,2,47212,2072256
124,D:\MOX\FMTPARA.C,data,False,_plural_es_str,2,47214,2072258
124,D:\MOX\FMTPARA.C,data,False,_ordinal_ending,2,47217,2072261
124,D:\MOX\FMTPARA.C,data,False,_ordinal_word,2,47257,2072301
124,D:\MOX\FMTPARA.C,data,False,_ordinal_fmt,2,47301,2072345
124,D:\MOX\FMTPARA.C,data,False,_legal_functions,2,47314,2072358
124,D:\MOX\FMTPARA.C,data,False,_legal_fn_arg_chars,2,47330,2072374
124,D:\MOX\FMTPARA.C,data,False,_legal_variable_types,2,47344,2072388
124,D:\MOX\FMTPARA.C,data,True,_tabs,2,47351,2072395
124,D:\MOX\FMTPARA.C,data,True,_font_base_offsets,2,47373,2072417
125,D:\MOX\INFO.C,data,False,_review_achievements,2,47416,2072460
125,D:\MOX\INFO.C,data,False,_review_colony,2,47532,2072576
125,D:\MOX\INFO.C,data,False,_review_weapons,2,47638,2072682
125,D:\MOX\INFO.C,data,False,_review_equipment,2,47726,2072770
125,D:\MOX\INFO.C,data,False,_review_list,2,47886,2072930
125,D:\MOX\INFO.C,data,False,_info_normal_color,2,47902,2072946
125,D:\MOX\INFO.C,data,False,_info_high_color,2,47910,2072954
125,D:\MOX\INFO.C,data,False,_info_red_color,2,47918,2072962
125,D:\MOX\INFO.C,data,False,_info_dark_color,2,47926,2072970
125,D:\MOX\INFO.C,data,False,_info_jim_hack_color,2,47934,2072978
125,D:\MOX\INFO.C,data,False,_orange_bar_colors,2,47942,2072986
125,D:\MOX\INFO.C,data,False,_grey_bar_colors,2,47949,2072993
125,D:\MOX\INFO.C,data,False,_red_bar_colors,2,47956,2073000
125,D:\MOX\INFO.C,data,False,_purple_bar_colors,2,47963,2073007
125,D:\MOX\INFO.C,data,False,_yellow_bar_colors,2,47970,2073014
125,D:\MOX\INFO.C,data,False,_blue_bar_colors,2,47977,2073021
125,D:\MOX\INFO.C,data,False,_green_bar_colors,2,47984,2073028
125,D:\MOX\INFO.C,data,False,_maintenance_bar_colors,2,47991,2073035
125,D:\MOX\INFO.C,data,False,_orange_text_colors,2,48019,2073063
125,D:\MOX\INFO.C,data,False,_grey_text_colors,2,48027,2073071
125,D:\MOX\INFO.C,data,False,_red_text_colors,2,48035,2073079
125,D:\MOX\INFO.C,data,False,_purple_text_colors,2,48043,2073087
125,D:\MOX\INFO.C,data,False,_yellow_text_colors,2,48051,2073095
125,D:\MOX\INFO.C,data,False,_blue_text_colors,2,48059,2073103
125,D:\MOX\INFO.C,data,False,_green_text_colors,2,48067,2073111
125,D:\MOX\INFO.C,data,False,_maintenance_text_colors,2,48075,2073119
125,D:\MOX\INFO.C,data,True,_hist_palettes,2,48103,2073147
125,D:\MOX\INFO.C,data,False,_sub_scr_field,2,48167,2073211
125,D:\MOX\INFO.C,data,False,_tech_rev_field,2,48177,2073221
125,D:\MOX\INFO.C,data,False,_history_graph_drops,2,48193,2073237
125,D:\MOX\INFO.C,data,False,_tech_review_drops,2,48227,2073271
125,D:\MOX\INFO.C,data,False,_race_stats_drops,2,48295,2073339
125,D:\MOX\INFO.C,data,False,_turn_summary_drop,2,48363,2073407
125,D:\MOX\INFO.C,data,False,_reference_drops,2,48380,2073424
125,D:\MOX\INFO.C,data,False,_how_to_drops,2,48448,2073492
125,D:\MOX\INFO.C,data,False,_category_drops,2,48482,2073526
125,D:\MOX\INFO.C,data,True,_graph_button_x,2,48543,2073587
125,D:\MOX\INFO.C,data,False,_tech_review_list_y,2,48551,2073595
125,D:\MOX\INFO.C,data,False,_tech_review_field_y1,2,48585,2073629
125,D:\MOX\INFO.C,data,False,_tech_review_field_y2,2,48619,2073663
125,D:\MOX\INFO.C,data,True,_list_sizes,2,48653,2073697
125,D:\MOX\INFO.C,data,False,_tech_review_list_header,2,48661,2073705
125,D:\MOX\INFO.C,data,True,_race_bitmap_x,2,48727,2073771
125,D:\MOX\INFO.C,data,True,_race_bitmap_y,2,48735,2073779
125,D:\MOX\INFO.C,data,False,_g_turn_header,2,48803,2073847
125,D:\MOX\INFO.C,data,True,_category_indent_y,2,48867,2073911
125,D:\MOX\INFO.C,data,False,_g_category_header,2,48871,2073915
127,D:\MOX\RACERPRT.C,data,False,_TREATIES_FMT,2,48936,2073980
127,D:\MOX\RACERPRT.C,data,False,_PERSONALITY_FMT,2,48948,2073992
127,D:\MOX\RACERPRT.C,data,False,_report_normal_color,2,48954,2073998
127,D:\MOX\RACERPRT.C,data,False,_race_report_jim_hack,2,48962,2074006
128,D:\MOX\RACESCRN.C,data,True,_spy_bonus_fmt,2,48980,2074024
128,D:\MOX\RACESCRN.C,data,True,_agent_bonus_fmt,2,48988,2074032
128,D:\MOX\RACESCRN.C,data,True,_slider_remap_list,2,48996,2074040
128,D:\MOX\RACESCRN.C,data,False,_relation_name_table,2,49022,2074066
128,D:\MOX\RACESCRN.C,data,False,_spy_group_data,2,49039,2074083
128,D:\MOX\RACESCRN.C,data,True,_race_picture,2,49137,2074181
128,D:\MOX\RACESCRN.C,data,True,_race_bar,2,49165,2074209
128,D:\MOX\RACESCRN.C,data,True,_race_slider_x,2,49193,2074237
128,D:\MOX\RACESCRN.C,data,True,_race_text,2,49207,2074251
128,D:\MOX\RACESCRN.C,data,True,_race_spies,2,49235,2074279
128,D:\MOX\RACESCRN.C,data,True,_race_spy_btns,2,49263,2074307
128,D:\MOX\RACESCRN.C,data,False,_agent_group_data,2,49291,2074335
128,D:\MOX\RACESCRN.C,data,False,_mouse_group_data,2,49305,2074349
128,D:\MOX\RACESCRN.C,data,True,_race_normal_color,2,49319,2074363
128,D:\MOX\RACESCRN.C,data,True,_race_high_color,2,49327,2074371
128,D:\MOX\RACESCRN.C,data,False,_banner_color_high,2,49335,2074379
128,D:\MOX\RACESCRN.C,data,False,_banner_color_low,2,49343,2074387
128,D:\MOX\RACESCRN.C,data,False,_banner_color_dark,2,49351,2074395
129,D:\MOX\SCIENCE.C,data,False,_science_room_lbx,2,49360,2074404
129,D:\MOX\SCIENCE.C,data,False,_tech_item_anim_fmt,2,49372,2074416
129,D:\MOX\SCIENCE.C,data,False,_scientist_anim_fmt,2,49387,2074431
129,D:\MOX\SCIENCE.C,data,False,_spy_anim_fmt,2,49401,2074445
129,D:\MOX\SCIENCE.C,data,False,_trooper_anim_fmt,2,49415,2074459
129,D:\MOX\SCIENCE.C,data,False,_scientist_anim_find_pat,2,49429,2074473
129,D:\MOX\SCIENCE.C,data,False,_spy_anim_find_pat,2,49442,2074486
129,D:\MOX\SCIENCE.C,data,False,_trooper_anim_find_pat,2,49455,2074499
129,D:\MOX\SCIENCE.C,data,False,_science_high_color,2,49468,2074512
129,D:\MOX\SCIENCE.C,data,False,_science_normal_color,2,49476,2074520
129,D:\MOX\SCIENCE.C,data,True,_bm_scale_x,2,49484,2074528
129,D:\MOX\SCIENCE.C,data,True,_bm_scale_y,2,49496,2074540
129,D:\MOX\SCIENCE.C,data,True,_bm_scaled_x1,2,49508,2074552
129,D:\MOX\SCIENCE.C,data,True,_bm_scaled_y1,2,49518,2074562
130,D:\MOX\TECH.C,data,False,_tech_select_lbx,2,49528,2074572
130,D:\MOX\TECH.C,data,False,_tech_room_lbx_fmt,2,49540,2074584
130,D:\MOX\TECH.C,data,False,_tech_anim_lbx_fmt,2,49555,2074599
130,D:\MOX\TECH.C,data,False,_research_desc_fmt,2,49570,2074614
130,D:\MOX\TECH.C,data,False,_tech_select_pos,2,49589,2074633
130,D:\MOX\TECH.C,data,False,_tech_change_pos,2,49621,2074665
130,D:\MOX\TECH.C,data,True,_tech_field_y1,2,49653,2074697
130,D:\MOX\TECH.C,data,True,_tech_field_y2,2,49661,2074705
130,D:\MOX\TECH.C,data,True,_app_name_y,2,49669,2074713
130,D:\MOX\TECH.C,data,True,_list_window_x_offsets,2,49679,2074723
130,D:\MOX\TECH.C,data,False,_tech_button_pos,2,49695,2074739
130,D:\MOX\TECH.C,data,False,_entry_to_group,2,49727,2074771
130,D:\MOX\TECH.C,data,False,_tech_select_colors,2,49735,2074779
130,D:\MOX\TECH.C,data,False,_tech_change_colors,2,49775,2074819
130,D:\MOX\TECH.C,data,False,_g_tech_list_header,2,49815,2074859
131,D:\MOX\TURNSUM.C,data,False,_turn_sum_normal_color,2,49880,2074924
131,D:\MOX\TURNSUM.C,data,False,_turn_sum_high_color,2,49888,2074932
131,D:\MOX\TURNSUM.C,data,True,_turn_indent_y,2,49896,2074940
131,D:\MOX\TURNSUM.C,data,True,_turn_field_y2,2,49926,2074970
131,D:\MOX\TURNSUM.C,data,False,_g_turn_sum_header,2,49956,2075000
0,L:\MOX\MOX.C,data,False,_design_choice_item_selected,2,77968,2103012
0,L:\MOX\MOX.C,data,False,_design_choice_items,2,78048,2103092
0,L:\MOX\MOX.C,data,False,_weapon_notes_string,2,78128,2103172
0,L:\MOX\MOX.C,data,False,_special_system_clear_button,2,78288,2103332
0,L:\MOX\MOX.C,data,False,_weapons_count_plus_button,2,78304,2103348
0,L:\MOX\MOX.C,data,False,_weapons_clear_button,2,78320,2103364
0,L:\MOX\MOX.C,data,False,_weapons_count_minus_button,2,78336,2103380
0,L:\MOX\MOX.C,data,False,_weapons_field,2,78352,2103396
0,L:\MOX\MOX.C,data,False,_special_system_field,2,78368,2103412
0,L:\MOX\MOX.C,data,False,_darkened_size_button_seg,2,78384,2103428
0,L:\MOX\MOX.C,data,False,_design_size_button_seg,2,78408,2103452
0,L:\MOX\MOX.C,data,False,_weapons_special_seg,2,78432,2103476
0,L:\MOX\MOX.C,data,False,_fighter_seg,2,78504,2103548
0,L:\MOX\MOX.C,data,False,_ship_darken_map,2,82344,
0,L:\MOX\MOX.C,data,False,_combat_grid,2,84392,
0,L:\MOX\MOX.C,data,False,_shield_div_bitmap,2,95408,
0,L:\MOX\MOX.C,data,False,_shield_mask_bitmap,2,95424,
0,L:\MOX\MOX.C,data,False,_weapon_button,2,95488,
0,L:\MOX\MOX.C,data,False,_missile_field,2,95504,
0,L:\MOX\MOX.C,data,False,_msl_seg,2,96104,
0,L:\MOX\MOX.C,data,False,_fltscrn_small_ship_icon_seg,2,96552,
0,L:\MOX\MOX.C,data,False,_fltscrn_flashing_ship_pict_seg,2,96584,
0,L:\MOX\MOX.C,data,False,_planet_type_string,2,96616,
0,L:\MOX\MOX.C,data,False,_planet_climate_string,2,96656,
0,L:\MOX\MOX.C,data,False,_planet_special_string,2,96696,
0,L:\MOX\MOX.C,data,False,_planet_group_string,2,96744,
0,L:\MOX\MOX.C,data,False,_ship_pict_seg,2,96760,
0,L:\MOX\MOX.C,data,False,_ship_icon_seg,2,98040,
0,L:\MOX\MOX.C,data,False,_temp_string,2,98168,
0,L:\MOX\MOX.C,data,False,_galaxy_map_star_field,2,98680,
0,L:\MOX\MOX.C,data,False,_star_button,2,98824,
0,L:\MOX\MOX.C,data,False,_nebula_pict_seg,2,98968,
0,L:\MOX\MOX.C,data,False,_officer_skill_icon_seg,2,99160,
0,L:\MOX\MOX.C,data,False,_officer_level_names,2,99376,
0,L:\MOX\MOX.C,data,False,_star_officer_level_names,2,99400,
0,L:\MOX\MOX.C,data,False,_new_message,2,99424,
0,L:\MOX\MOX.C,data,False,_sun_seg,2,99440,
0,L:\MOX\MOX.C,data,False,_given_chance_to_rename_home_star,2,99464,
0,L:\MOX\MOX.C,data,False,_gate_icon_field,2,99472,
0,L:\MOX\MOX.C,data,False,_gate_icon_seg,2,99480,
0,L:\MOX\MOX.C,data,False,_outpost_marker_seg,2,99544,
0,L:\MOX\MOX.C,data,False,_colony_marker_seg,2,99576,
0,L:\MOX\MOX.C,data,False,_hl_monster_ship_icons,2,99608,
0,L:\MOX\MOX.C,data,False,_sysdisp_ship_icon_seg,2,99704,
0,L:\MOX\MOX.C,data,False,_monster_ship_icons,2,99736,
0,L:\MOX\MOX.C,data,False,_hl_ship_icon_seg,2,99832,
0,L:\MOX\MOX.C,data,False,_antaran_ship_icons,2,99960,
0,L:\MOX\MOX.C,data,False,_colony_galaxy_star_seg,2,99976,
0,L:\MOX\MOX.C,data,False,_hl_antaran_ship_icons,2,100016,
0,L:\MOX\MOX.C,data,False,_ship_icon,2,100032,
0,L:\MOX\MOX.C,data,False,_special_ability_names,2,106896,
0,L:\MOX\MOX.C,data,False,_objective_labels,2,107024,
0,L:\MOX\MOX.C,data,False,_government_labels,2,107048,
0,L:\MOX\MOX.C,data,False,_ship_stack_start,2,107080,
0,L:\MOX\MOX.C,data,False,_race_names,2,108080,
0,L:\MOX\MOX.C,data,False,_mp_screen,2,108160,
0,L:\MOX\MOX.C,data,False,_save_exists,2,108164,
0,L:\MOX\MOX.C,data,False,_save_game_stardates,2,108168,
0,L:\MOX\MOX.C,data,False,_save_game_dates,2,108172,
0,L:\MOX\MOX.C,data,False,_system_repl_box_bg_seg,2,108176,
0,L:\MOX\MOX.C,data,False,_weapon_filter,2,108180,
0,L:\MOX\MOX.C,data,False,_system_repl_scroll_bar_seg,2,108184,
0,L:\MOX\MOX.C,data,False,_special_desc_string,2,108188,
0,L:\MOX\MOX.C,data,False,_repl_fields,2,108344,
0,L:\MOX\MOX.C,data,False,_original_cost,2,108364,
0,L:\MOX\MOX.C,data,False,_design_ship_size_field,2,108368,
0,L:\MOX\MOX.C,data,False,_system_repl_box_top_seg,2,108380,
0,L:\MOX\MOX.C,data,False,_d_scroll_dn_button_seg,2,108384,
0,L:\MOX\MOX.C,data,False,_weapons_rack_text_seg,2,108388,
0,L:\MOX\MOX.C,data,False,_weapons_blank_mods_seg,2,108408,
0,L:\MOX\MOX.C,data,False,_system_repl_box_btm_seg,2,108412,
0,L:\MOX\MOX.C,data,False,_system_repl_box_mid_seg,2,108416,
0,L:\MOX\MOX.C,data,False,_dull_d_scroll_up_button_seg,2,108420,
0,L:\MOX\MOX.C,data,False,_system_repl_box_cancel_btn,2,108424,
0,L:\MOX\MOX.C,data,False,_weapons_arc_pict_seg,2,108428,
0,L:\MOX\MOX.C,data,False,_d_scroll_bar_seg,2,108448,
0,L:\MOX\MOX.C,data,False,_dull_d_scroll_dn_button_seg,2,108452,
0,L:\MOX\MOX.C,data,False,_design,2,108456,
0,L:\MOX\MOX.C,data,False,_system_repl_sm_box_seg,2,108460,
0,L:\MOX\MOX.C,data,False,_weapons_arc_text_seg,2,108464,
0,L:\MOX\MOX.C,data,False,_weapons_top_box_seg,2,108484,
0,L:\MOX\MOX.C,data,False,_weapons_bot_box_seg,2,108488,
0,L:\MOX\MOX.C,data,False,_bomb_filter_button_seg,2,108492,
0,L:\MOX\MOX.C,data,False,_design_icon_rt_arrow_seg,2,108496,
0,L:\MOX\MOX.C,data,False,_beam_filter_button_seg,2,108500,
0,L:\MOX\MOX.C,data,False,_weapons_accept_button_seg,2,108504,
0,L:\MOX\MOX.C,data,False,_special_filter_button_seg,2,108508,
0,L:\MOX\MOX.C,data,False,_weapons_rack_seg,2,108512,
0,L:\MOX\MOX.C,data,False,_build_design_button_seg,2,108516,
0,L:\MOX\MOX.C,data,False,_clear_design_button_seg,2,108520,
0,L:\MOX\MOX.C,data,False,_minus_button_seg,2,108524,
0,L:\MOX\MOX.C,data,False,_cancel_design_button_seg,2,108528,
0,L:\MOX\MOX.C,data,False,_design_screen_seg,2,108532,
0,L:\MOX\MOX.C,data,False,_plus_button_seg,2,108536,
0,L:\MOX\MOX.C,data,False,_weapons_selected_seg,2,108540,
0,L:\MOX\MOX.C,data,False,_d_scroll_up_button_seg,2,108544,
0,L:\MOX\MOX.C,data,False,_weapons_cancel_button_seg,2,108548,
0,L:\MOX\MOX.C,data,False,_missile_filter_button_seg,2,108552,
0,L:\MOX\MOX.C,data,False,_weapons_mid_box_seg,2,108556,
0,L:\MOX\MOX.C,data,False,_design_icon_lf_arrow_seg,2,108560,
0,L:\MOX\MOX.C,data,False,_detail_fleet_icon_seg,2,108564,
0,L:\MOX\MOX.C,data,False,_weapons_button_seg,2,108568,
0,L:\MOX\MOX.C,data,False,_self_destruct_seg,2,108572,
0,L:\MOX\MOX.C,data,False,_darken_plasma_map,2,108576,
0,L:\MOX\MOX.C,data,False,_combat_bitmap,2,108580,
0,L:\MOX\MOX.C,data,False,_cmbt_info_button_seg,2,108584,
0,L:\MOX\MOX.C,data,False,_cmbt_option_seg,2,108588,
0,L:\MOX\MOX.C,data,False,_cmbt_done_button_seg,2,108592,
0,L:\MOX\MOX.C,data,False,_ship_view_background_seg,2,108596,
0,L:\MOX\MOX.C,data,False,_wait_button_seg,2,108600,
0,L:\MOX\MOX.C,data,False,_draw_ship_bitmap,2,108604,
0,L:\MOX\MOX.C,data,False,_ship_bitmap,2,108608,
0,L:\MOX\MOX.C,data,False,_qcombat_data,2,108612,
0,L:\MOX\MOX.C,data,False,_specials_button_seg,2,108616,
0,L:\MOX\MOX.C,data,False,_combat_options_background_seg,2,108620,
0,L:\MOX\MOX.C,data,False,_warning_missile_seg,2,108624,
0,L:\MOX\MOX.C,data,False,_warning_fighter_seg,2,108628,
0,L:\MOX\MOX.C,data,False,_combat_far_star,2,108632,
0,L:\MOX\MOX.C,data,False,_combat_planet_seg,2,108636,
0,L:\MOX\MOX.C,data,False,_board_button_seg,2,108640,
0,L:\MOX\MOX.C,data,False,_combat_data,2,108644,
0,L:\MOX\MOX.C,data,False,_combat_nebula_seg,2,108648,
0,L:\MOX\MOX.C,data,False,_auto_button_seg,2,108652,
0,L:\MOX\MOX.C,data,False,_flee_button_seg,2,108656,
0,L:\MOX\MOX.C,data,False,_scan_button_seg,2,108660,
0,L:\MOX\MOX.C,data,False,_combat_mid_star,2,108664,
0,L:\MOX\MOX.C,data,False,_combat_mouse_grid,2,108668,
0,L:\MOX\MOX.C,data,False,_combat_background_seg,2,108672,
0,L:\MOX\MOX.C,data,False,_msl_warning_on_seg,2,108676,
0,L:\MOX\MOX.C,data,False,_combat_near_star,2,108680,
0,L:\MOX\MOX.C,data,False,_combat_planet_seg2,2,108684,
0,L:\MOX\MOX.C,data,False,_large_plasma_web_seg,2,108688,
0,L:\MOX\MOX.C,data,False,_combat_map_planet_seg,2,108708,
0,L:\MOX\MOX.C,data,False,_level_symbol_seg,2,108712,
0,L:\MOX\MOX.C,data,False,_stellar_converter_remap_colors,2,108716,
0,L:\MOX\MOX.C,data,False,_large_stasis_bubble_seg,2,108720,
0,L:\MOX\MOX.C,data,False,_warp_core_remap_colors,2,108740,
0,L:\MOX\MOX.C,data,False,_small_plasma_web_seg,2,108744,
0,L:\MOX\MOX.C,data,False,_bhg_remap_colors,2,108764,
0,L:\MOX\MOX.C,data,False,_small_stasis_bubble_seg,2,108768,
0,L:\MOX\MOX.C,data,False,_titan_stasis_bubble_seg,2,108788,
0,L:\MOX\MOX.C,data,False,_medium_plasma_web_seg,2,108808,
0,L:\MOX\MOX.C,data,False,_ship_cursor,2,108828,
0,L:\MOX\MOX.C,data,False,_pulsar_remap_colors,2,108840,
0,L:\MOX\MOX.C,data,False,_scan_ship_seg,2,108844,
0,L:\MOX\MOX.C,data,False,_huge_stasis_bubble_seg,2,108848,
0,L:\MOX\MOX.C,data,False,_tractor_remap_colors,2,108868,
0,L:\MOX\MOX.C,data,False,_small_tractor_seg,2,108872,
0,L:\MOX\MOX.C,data,False,_stasis_bubble_remap_colors,2,108876,
0,L:\MOX\MOX.C,data,False,_shield_remap_colors,2,108880,
0,L:\MOX\MOX.C,data,False,_plasma_web_remap_colors,2,108884,
0,L:\MOX\MOX.C,data,False,_huge_plasma_web_seg,2,108888,
0,L:\MOX\MOX.C,data,False,_ship_turn_order,2,108908,
0,L:\MOX\MOX.C,data,False,_auto_combat_flag,2,109328,
0,L:\MOX\MOX.C,data,False,_missile,2,109332,
0,L:\MOX\MOX.C,data,False,_colony,2,109336,
0,L:\MOX\MOX.C,data,False,_fleet_background_seg,2,109340,
0,L:\MOX\MOX.C,data,False,_scrap_button_seg,2,109344,
0,L:\MOX\MOX.C,data,False,_fltscrn_big_icon,2,109348,
0,L:\MOX\MOX.C,data,False,_selected_box_seg,2,109352,
0,L:\MOX\MOX.C,data,False,_relocate_fleet_button_seg,2,109356,
0,L:\MOX\MOX.C,data,False,_dimmed_relocate_button_seg,2,109360,
0,L:\MOX\MOX.C,data,False,_down_scroll_button_seg,2,109364,
0,L:\MOX\MOX.C,data,False,_dimmed_officers_button_seg,2,109368,
0,L:\MOX\MOX.C,data,False,_next_fleet_button_seg,2,109372,
0,L:\MOX\MOX.C,data,False,_dimmed_scrap_button_seg,2,109376,
0,L:\MOX\MOX.C,data,False,_scanned_box_seg,2,109380,
0,L:\MOX\MOX.C,data,False,_fleet_all_button_seg,2,109384,
0,L:\MOX\MOX.C,data,False,_fleet_return_button_seg,2,109388,
0,L:\MOX\MOX.C,data,False,_dimmed_all_button_seg,2,109392,
0,L:\MOX\MOX.C,data,False,_fleet_bar_seg,2,109396,
0,L:\MOX\MOX.C,data,False,_officers_button_seg,2,109400,
0,L:\MOX\MOX.C,data,False,_up_scroll_button_seg,2,109404,
0,L:\MOX\MOX.C,data,False,_fleet_scroll_anim_seg,2,109408,
0,L:\MOX\MOX.C,data,False,_prev_fleet_button_seg,2,109412,
0,L:\MOX\MOX.C,data,False,_fltscrn_icon_selection_status,2,109416,
0,L:\MOX\MOX.C,data,False,_fltscrn_ship_icon_selection_list,2,109420,
0,L:\MOX\MOX.C,data,False,_fltscrn_flashing_monster_ship_icon,2,109424,
0,L:\MOX\MOX.C,data,False,_fltscrn_monster_ship_icon,2,109452,
0,L:\MOX\MOX.C,data,False,_temp_ptr_char_ptr_1,2,109480,
0,L:\MOX\MOX.C,data,False,_temp_int_ptr_1,2,109484,
0,L:\MOX\MOX.C,data,False,_temp_char_ptr_2,2,109488,
0,L:\MOX\MOX.C,data,False,_temp_char_ptr_1,2,109492,
0,L:\MOX\MOX.C,data,False,_temp_uint_ptr_2,2,109496,
0,L:\MOX\MOX.C,data,False,_temp_sint_ptr_2,2,109500,
0,L:\MOX\MOX.C,data,False,_temp_uint_ptr_1,2,109504,
0,L:\MOX\MOX.C,data,False,_win_def_ptr,2,109508,
0,L:\MOX\MOX.C,data,False,_tech_desc_seg,2,109512,
0,L:\MOX\MOX.C,data,False,_temp_int_1,2,109516,
0,L:\MOX\MOX.C,data,False,_temp_int_2,2,109520,
0,L:\MOX\MOX.C,data,False,_image_seg_ptr,2,109524,
0,L:\MOX\MOX.C,data,False,_cur_plyr_ptr,2,109528,
0,L:\MOX\MOX.C,data,False,_temp_sint_ptr_1,2,109532,
0,L:\MOX\MOX.C,data,False,_planet_size_string,2,109536,
0,L:\MOX\MOX.C,data,False,_mineral_class_string,2,109556,
0,L:\MOX\MOX.C,data,False,_help_category_labels,2,109576,
0,L:\MOX\MOX.C,data,False,_planet_atmosphere_string,2,109644,
0,L:\MOX\MOX.C,data,False,_spectral_class_string,2,109656,
0,L:\MOX\MOX.C,data,False,_planet_gravity_string,2,109684,
0,L:\MOX\MOX.C,data,False,_help_entry_list,2,109696,
0,L:\MOX\MOX.C,data,False,_msg,2,110196,
0,L:\MOX\MOX.C,data,False,_help,2,110200,
0,L:\MOX\MOX.C,data,False,_main_next_button_seg,2,110204,
0,L:\MOX\MOX.C,data,False,_ship_icon_width,2,110208,
0,L:\MOX\MOX.C,data,False,_far_star_seg,2,110212,
0,L:\MOX\MOX.C,data,False,_near_star_seg,2,110216,
0,L:\MOX\MOX.C,data,False,_main_races_button_seg,2,110220,
0,L:\MOX\MOX.C,data,False,_mid_star_seg,2,110224,
0,L:\MOX\MOX.C,data,False,_main_design_button_down_seg,2,110228,
0,L:\MOX\MOX.C,data,False,_system_asteroid_ring_seg,2,110232,
0,L:\MOX\MOX.C,data,False,_system_ring_seg,2,110252,
0,L:\MOX\MOX.C,data,False,_fleet_display_box_seg,2,110272,
0,L:\MOX\MOX.C,data,False,_main_info_button_seg,2,110276,
0,L:\MOX\MOX.C,data,False,_fleet_movement_box_bottom_seg,2,110280,
0,L:\MOX\MOX.C,data,False,_ship_icon_height,2,110284,
0,L:\MOX\MOX.C,data,False,_star_bg_seg,2,110288,
0,L:\MOX\MOX.C,data,False,_screen_seg,2,110292,
0,L:\MOX\MOX.C,data,False,_main_fleets_button_seg,2,110296,
0,L:\MOX\MOX.C,data,False,_fleet_movement_all_button_seg,2,110300,
0,L:\MOX\MOX.C,data,False,_main_design_button_seg,2,110304,
0,L:\MOX\MOX.C,data,False,_main_screen_seg,2,110308,
0,L:\MOX\MOX.C,data,False,_global_data_seg,2,110312,
0,L:\MOX\MOX.C,data,False,_main_game_button_seg,2,110316,
0,L:\MOX\MOX.C,data,False,_nebula_screen_seg,2,110320,
0,L:\MOX\MOX.C,data,False,_global_screen_seg,2,110324,
0,L:\MOX\MOX.C,data,False,_main_zoom_in_button_seg,2,110328,
0,L:\MOX\MOX.C,data,False,_cache_data_seg,2,110332,
0,L:\MOX\MOX.C,data,False,_main_zoom_out_button_seg,2,110336,
0,L:\MOX\MOX.C,data,False,_temp_screen_seg,2,110340,
0,L:\MOX\MOX.C,data,False,_building_cache_seg,2,110344,
0,L:\MOX\MOX.C,data,False,_colony_cache_seg,2,110348,
0,L:\MOX\MOX.C,data,False,_main_colonies_button_seg,2,110352,
0,L:\MOX\MOX.C,data,False,_other_players_ship_pict_seg,2,110356,
0,L:\MOX\MOX.C,data,False,_stardate,2,110552,
0,L:\MOX\MOX.C,data,False,_moveable_box,2,110556,
0,L:\MOX\MOX.C,data,False,_nebula,2,110696,
0,L:\MOX\MOX.C,data,False,_star,2,110700,
0,L:\MOX\MOX.C,data,False,_moveable_box_pict,2,110704,
0,L:\MOX\MOX.C,data,False,_planet,2,110804,
0,L:\MOX\MOX.C,data,False,_save_officers,2,110808,
0,L:\MOX\MOX.C,data,False,_leaders,2,110812,
0,L:\MOX\MOX.C,data,False,_officer_cancel_hire_button_seg,2,110816,
0,L:\MOX\MOX.C,data,False,_officer_pool_seg,2,110820,
0,L:\MOX\MOX.C,data,False,_dull_officer_dismiss_button_seg,2,110824,
0,L:\MOX\MOX.C,data,False,_officers_original_star_id,2,110828,
0,L:\MOX\MOX.C,data,False,_officer_scroll_box_seg,2,110832,
0,L:\MOX\MOX.C,data,False,_officer_unassigned_seg,2,110836,
0,L:\MOX\MOX.C,data,False,_officer_return_button_seg,2,110840,
0,L:\MOX\MOX.C,data,False,_officer_dismiss_button_seg,2,110844,
0,L:\MOX\MOX.C,data,False,_dull_officer_hire_button_seg,2,110848,
0,L:\MOX\MOX.C,data,False,_dull_officer_pool_button_seg,2,110852,
0,L:\MOX\MOX.C,data,False,_temp_officers_pict,2,110856,
0,L:\MOX\MOX.C,data,False,_officer_hire_replace_seg,2,110860,
0,L:\MOX\MOX.C,data,False,_officer_pool_button_seg,2,110864,
0,L:\MOX\MOX.C,data,False,_officers_original_ship_id,2,110868,
0,L:\MOX\MOX.C,data,False,_officer_pictures_screen_seg,2,110872,
0,L:\MOX\MOX.C,data,False,_officer_bright_window_seg,2,110876,
0,L:\MOX\MOX.C,data,False,_officer_dn_button_seg,2,110880,
0,L:\MOX\MOX.C,data,False,_officer_fleet_box_seg,2,110884,
0,L:\MOX\MOX.C,data,False,_officer_next_button_seg,2,110888,
0,L:\MOX\MOX.C,data,False,_officer_hire_button_seg,2,110892,
0,L:\MOX\MOX.C,data,False,_admin_skill_names,2,110896,
0,L:\MOX\MOX.C,data,False,_officer_colony_box_seg,2,110932,
0,L:\MOX\MOX.C,data,False,_officer_prev_button_seg,2,110936,
0,L:\MOX\MOX.C,data,False,_officer_normal_window_seg,2,110940,
0,L:\MOX\MOX.C,data,False,_officer_up_button_seg,2,110944,
0,L:\MOX\MOX.C,data,False,_officer_ship_ldrs_button_seg,2,110948,
0,L:\MOX\MOX.C,data,False,_officer_main_seg,2,110952,
0,L:\MOX\MOX.C,data,False,_officer_colony_ldrs_button_seg,2,110956,
0,L:\MOX\MOX.C,data,False,_global_cache_size,2,110960,
0,L:\MOX\MOX.C,data,False,_global_cache_seg,2,110964,
0,L:\MOX\MOX.C,data,False,_techname_seg,2,110968,
0,L:\MOX\MOX.C,data,False,_global_music_handle,2,110972,
0,L:\MOX\MOX.C,data,False,_o_colony_flag_seg,2,110976,
0,L:\MOX\MOX.C,data,False,_sys_disp,2,110980,
0,L:\MOX\MOX.C,data,False,_officer_id_list,2,110984,
0,L:\MOX\MOX.C,data,False,_star_box_seg,2,110988,
0,L:\MOX\MOX.C,data,False,_o_highlight_seg,2,110992,
0,L:\MOX\MOX.C,data,False,_o_ring_seg,2,110996,
0,L:\MOX\MOX.C,data,False,_ship_box_seg,2,111016,
0,L:\MOX\MOX.C,data,False,_star_fields_dim,2,111020,
0,L:\MOX\MOX.C,data,False,_fleet_box_close_sm_button_seg,2,111032,
0,L:\MOX\MOX.C,data,False,_system_display_ships,2,111036,
0,L:\MOX\MOX.C,data,False,_fleet_box_scroll_bar_seg,2,111216,
0,L:\MOX\MOX.C,data,False,_star_name_loaded_string,2,111220,
0,L:\MOX\MOX.C,data,False,_fleet_box_close_lg_button_seg,2,111224,
0,L:\MOX\MOX.C,data,False,_cmd_line_seed,2,111228,
0,L:\MOX\MOX.C,data,False,_fleet_box_transport_sm_button_seg,2,111232,
0,L:\MOX\MOX.C,data,False,_fleet_box_att_xenons_lg_button_seg,2,111236,
0,L:\MOX\MOX.C,data,False,_fleet_box_outpost_sm_button_seg,2,111240,
0,L:\MOX\MOX.C,data,False,_fleet_box_all_button_seg,2,111244,
0,L:\MOX\MOX.C,data,False,_fleet_box_transport_lg_button_seg,2,111248,
0,L:\MOX\MOX.C,data,False,_fleet_box_scroll_up_button_seg,2,111252,
0,L:\MOX\MOX.C,data,False,_fleet_box_name_lg_seg,2,111256,
0,L:\MOX\MOX.C,data,False,_fleet_box_engage_sm_button_seg,2,111260,
0,L:\MOX\MOX.C,data,False,_fleet_box_colonize_lg_button_seg,2,111264,
0,L:\MOX\MOX.C,data,False,_fleet_box_scroll_dn_button_seg,2,111268,
0,L:\MOX\MOX.C,data,False,_main_leaders_button_seg,2,111272,
0,L:\MOX\MOX.C,data,False,_fleet_box_bottom_sm_seg,2,111276,
0,L:\MOX\MOX.C,data,False,_fleet_box_name_sm_seg,2,111280,
0,L:\MOX\MOX.C,data,False,_fleet_box_outpost_lg_button_seg,2,111284,
0,L:\MOX\MOX.C,data,False,_fleet_box_colonize_sm_button_seg,2,111288,
0,L:\MOX\MOX.C,data,False,_fleet_box_grid_sm_seg,2,111292,
0,L:\MOX\MOX.C,data,False,_fleet_box_engage_lg_button_seg,2,111296,
0,L:\MOX\MOX.C,data,False,_fleet_box_att_xenons_sm_button_seg,2,111300,
0,L:\MOX\MOX.C,data,False,_main_planets_button_seg,2,111304,
0,L:\MOX\MOX.C,data,False,_fleet_box_bottom_lg_seg,2,111308,
0,L:\MOX\MOX.C,data,False,_global_bitmap_seg,2,111312,
0,L:\MOX\MOX.C,data,False,_fleet_box_grid_lg_seg,2,111316,
0,L:\MOX\MOX.C,data,False,_fleet_icon_screen_seg,2,111320,
0,L:\MOX\MOX.C,data,False,_highlighted_screen_seg,2,111324,
0,L:\MOX\MOX.C,data,False,_fleet_galaxy_star_seg,2,111328,
0,L:\MOX\MOX.C,data,False,_star_seg,2,111372,
0,L:\MOX\MOX.C,data,False,_darkened_turn_button_seg,2,111600,
0,L:\MOX\MOX.C,data,False,_other_ships_screen_seg,2,111604,
0,L:\MOX\MOX.C,data,False,_planet_mask_seg,2,111608,
0,L:\MOX\MOX.C,data,False,_fleet_box_selection_seg,2,111628,
0,L:\MOX\MOX.C,data,False,_asteroid_seg,2,111632,
0,L:\MOX\MOX.C,data,False,_highlighted_ship_seg,2,111636,
0,L:\MOX\MOX.C,data,False,_highlighted_star_seg,2,111640,
0,L:\MOX\MOX.C,data,False,_h_strings,2,111644,
0,L:\MOX\MOX.C,data,False,_galaxy_map_star_seg,2,128144,
0,L:\MOX\MOX.C,data,False,_rotating_planet_seg,2,128188,
0,L:\MOX\MOX.C,data,False,_planet_summary_galaxy_star_seg,2,128392,
0,L:\MOX\MOX.C,data,False,_diplomacy_request_invoke_seg,2,128436,
0,L:\MOX\MOX.C,data,False,_stardate_at_beg_of_turn,2,128440,
0,L:\MOX\MOX.C,data,False,_mainscrn_diplo_lights_seg,2,128444,
0,L:\MOX\MOX.C,data,False,_diplomacy_request_wait_seg,2,128448,
0,L:\MOX\MOX.C,data,False,_scroll_bar,2,128452,
0,L:\MOX\MOX.C,data,False,_mainscrn_plyr_done_lights_seg,2,128456,
0,L:\MOX\MOX.C,data,False,_diplomacy_request_popup_seg,2,128460,
0,L:\MOX\MOX.C,data,False,_diplomacy_request_accept_seg,2,128464,
0,L:\MOX\MOX.C,data,False,_ship_node,2,128468,
0,L:\MOX\MOX.C,data,False,_player,2,130968,
0,L:\MOX\MOX.C,data,False,_ship,2,130972,
0,L:\MOX\MOX.C,data,False,_personality_labels,2,130976,
0,L:\MOX\MOX.C,data,False,_fleet_movement_icon,2,131004,
0,L:\MOX\MOX.C,data,False,_treaty_labels,2,135504,
0,L:\MOX\MOX.C,data,False,_sound_buffer,2,135532,
0,L:\MOX\MOX.C,data,False,_hyper_field_title,2,135536,
0,L:\MOX\MOX.C,data,False,_antarans,2,135540,
0,L:\MOX\MOX.C,data,False,_weapon_mod_field_status,2,135606,
0,L:\MOX\MOX.C,data,False,_weapon_rack_field,2,135636,
0,L:\MOX\MOX.C,data,False,_weapon_arc_field,2,135646,
0,L:\MOX\MOX.C,data,False,_weapon_mod_fields,2,135656,
0,L:\MOX\MOX.C,data,False,_side_end_of_turn,2,135686,
0,L:\MOX\MOX.C,data,False,_ordnance_bonus,2,135716,
0,L:\MOX\MOX.C,data,False,_fighter_bomb_type,2,135746,
0,L:\MOX\MOX.C,data,False,_fighter_beam_type,2,135764,
0,L:\MOX\MOX.C,data,False,_monster_names,2,135782,
0,L:\MOX\MOX.C,data,False,_g_ship_move_info,2,135848,
0,L:\MOX\MOX.C,data,False,_system_display_ring_radius,2,135862,
0,L:\MOX\MOX.C,data,False,_box_off_flag,2,135872,
0,L:\MOX\MOX.C,data,False,_planet_seg_width,2,135882,
0,L:\MOX\MOX.C,data,False,_planet_buttons,2,135892,
0,L:\MOX\MOX.C,data,False,_planet_seg_height,2,135902,
0,L:\MOX\MOX.C,data,False,_moveable_box_order,2,135912,
0,L:\MOX\MOX.C,data,False,_black_hole_anim_count,2,135922,
0,L:\MOX\MOX.C,data,False,_h_string_ix,2,135932,
0,L:\MOX\MOX.C,data,False,_ship_icon_cycle,2,136726,
0,L:\MOX\MOX.C,data,False,_fleet_movement_box_ptr,2,136876,
0,L:\MOX\MOX.C,data,False,_save_game_description,2,136894,
0,L:\MOX\MOX.C,data,False,_screen_data,2,137264,
0,L:\MOX\MOX.C,data,False,_popup_base_y,2,137274,
0,L:\MOX\MOX.C,data,False,_popup_base_x,2,137276,
0,L:\MOX\MOX.C,data,False,_n_replacements,2,137278,
0,L:\MOX\MOX.C,data,False,_special_filter_button,2,137280,
0,L:\MOX\MOX.C,data,False,_beam_filter_button,2,137282,
0,L:\MOX\MOX.C,data,False,_bomb_filter_button,2,137284,
0,L:\MOX\MOX.C,data,False,_missile_filter_button,2,137286,
0,L:\MOX\MOX.C,data,False,_replacement_box_accept_button,2,137288,
0,L:\MOX\MOX.C,data,False,_shield_replacement_field,2,137290,
0,L:\MOX\MOX.C,data,False,_design_clear_button,2,137292,
0,L:\MOX\MOX.C,data,False,_design_build_button,2,137294,
0,L:\MOX\MOX.C,data,False,_special_scroll_dn_button,2,137296,
0,L:\MOX\MOX.C,data,False,_ship_icon_rt_button,2,137298,
0,L:\MOX\MOX.C,data,False,_design_size,2,137300,
0,L:\MOX\MOX.C,data,False,_design_screen_replacement_slot,2,137302,
0,L:\MOX\MOX.C,data,False,_special_systems_up_button,2,137304,
0,L:\MOX\MOX.C,data,False,_special_systems_dn_button,2,137306,
0,L:\MOX\MOX.C,data,False,_design_name_field,2,137308,
0,L:\MOX\MOX.C,data,False,_design_screen_replacement_item,2,137310,
0,L:\MOX\MOX.C,data,False,_design_screen_replacement_type,2,137312,
0,L:\MOX\MOX.C,data,False,_special_scroll_up_button,2,137314,
0,L:\MOX\MOX.C,data,False,_design_cancel_button,2,137316,
0,L:\MOX\MOX.C,data,False,_ship_icon_lf_button,2,137318,
0,L:\MOX\MOX.C,data,False,_combat_speed_hidden_field,2,137320,
0,L:\MOX\MOX.C,data,False,_combat_speed_minus_button,2,137322,
0,L:\MOX\MOX.C,data,False,_combat_speed_plus_button,2,137324,
0,L:\MOX\MOX.C,data,False,_weapons_dn_button,2,137326,
0,L:\MOX\MOX.C,data,False,_weapons_up_button,2,137328,
0,L:\MOX\MOX.C,data,False,_recharge_rate_minus_button,2,137330,
0,L:\MOX\MOX.C,data,False,_recharge_rate_plus_button,2,137332,
0,L:\MOX\MOX.C,data,False,_order_info_flag,2,137334,
0,L:\MOX\MOX.C,data,False,_cmbt_colony_id,2,137336,
0,L:\MOX\MOX.C,data,False,_ship_frame,2,137338,
0,L:\MOX\MOX.C,data,False,_combat_clock_frame,2,137340,
0,L:\MOX\MOX.C,data,False,_speedx2_flag,2,137342,
0,L:\MOX\MOX.C,data,False,_combat_far_x,2,137344,
0,L:\MOX\MOX.C,data,False,_combat_far_y,2,137346,
0,L:\MOX\MOX.C,data,False,_combat_mid_y,2,137348,
0,L:\MOX\MOX.C,data,False,_combat_mid_x,2,137350,
0,L:\MOX\MOX.C,data,False,_center_button,2,137352,
0,L:\MOX\MOX.C,data,False,_combat_near_y,2,137354,
0,L:\MOX\MOX.C,data,False,_combat_near_x,2,137356,
0,L:\MOX\MOX.C,data,False,_combat_defender_player,2,137358,
0,L:\MOX\MOX.C,data,False,_combat_turn,2,137360,
0,L:\MOX\MOX.C,data,False,_map_x,2,137362,
0,L:\MOX\MOX.C,data,False,_map_y,2,137364,
0,L:\MOX\MOX.C,data,False,_flee_button,2,137366,
0,L:\MOX\MOX.C,data,False,_auto_button,2,137368,
0,L:\MOX\MOX.C,data,False,_done_button,2,137370,
0,L:\MOX\MOX.C,data,False,_specials_button,2,137372,
0,L:\MOX\MOX.C,data,False,_ypos,2,137374,
0,L:\MOX\MOX.C,data,False,_wait_button,2,137376,
0,L:\MOX\MOX.C,data,False,_combat_attacker_count,2,137378,
0,L:\MOX\MOX.C,data,False,_grid_button,2,137380,
0,L:\MOX\MOX.C,data,False,_speedx2_button,2,137382,
0,L:\MOX\MOX.C,data,False,_shields_button,2,137384,
0,L:\MOX\MOX.C,data,False,_xpos,2,137386,
0,L:\MOX\MOX.C,data,False,_combat_attacker_player,2,137388,
0,L:\MOX\MOX.C,data,False,_self_destruct_button,2,137390,
0,L:\MOX\MOX.C,data,False,_msl_warning_button,2,137392,
0,L:\MOX\MOX.C,data,False,_draw_legal_boxes_button,2,137394,
0,L:\MOX\MOX.C,data,False,_map_field,2,137396,
0,L:\MOX\MOX.C,data,False,_msl_impact_warning_button,2,137398,
0,L:\MOX\MOX.C,data,False,_weapons_button,2,137400,
0,L:\MOX\MOX.C,data,False,_space_field,2,137402,
0,L:\MOX\MOX.C,data,False,_cmbt_info_button,2,137404,
0,L:\MOX\MOX.C,data,False,_combat_defender_count,2,137406,
0,L:\MOX\MOX.C,data,False,_combat_total_ship_count,2,137408,
0,L:\MOX\MOX.C,data,False,_auto_msl_warning_off,2,137410,
0,L:\MOX\MOX.C,data,False,_msl_impact_warning_flag,2,137412,
0,L:\MOX\MOX.C,data,False,_take_control_flag,2,137414,
0,L:\MOX\MOX.C,data,False,_ai_retreat_flag,2,137416,
0,L:\MOX\MOX.C,data,False,_in_nebula_flag,2,137418,
0,L:\MOX\MOX.C,data,False,_shields_flag,2,137420,
0,L:\MOX\MOX.C,data,False,_net_flag,2,137422,
0,L:\MOX\MOX.C,data,False,_saved_msl_warn,2,137424,
0,L:\MOX\MOX.C,data,False,_ship_data_id,2,137426,
0,L:\MOX\MOX.C,data,False,_skan_flag,2,137428,
0,L:\MOX\MOX.C,data,False,_ship_status_display,2,137430,
0,L:\MOX\MOX.C,data,False,_cur_ptr,2,137432,
0,L:\MOX\MOX.C,data,False,_missile_warning,2,137434,
0,L:\MOX\MOX.C,data,False,_take_control_button,2,137436,
0,L:\MOX\MOX.C,data,False,_super_fast_button,2,137438,
0,L:\MOX\MOX.C,data,False,_super_fast_flag,2,137440,
0,L:\MOX\MOX.C,data,False,_bio_weapon_flag,2,137442,
0,L:\MOX\MOX.C,data,False,_grid_flag,2,137444,
0,L:\MOX\MOX.C,data,False,_scan_button,2,137446,
0,L:\MOX\MOX.C,data,False,_board_flag,2,137448,
0,L:\MOX\MOX.C,data,False,_wait_ptr,2,137450,
0,L:\MOX\MOX.C,data,False,_board_button,2,137452,
0,L:\MOX\MOX.C,data,False,_draw_legal_boxes_flag,2,137454,
0,L:\MOX\MOX.C,data,False,_cur_combat_x,2,137456,
0,L:\MOX\MOX.C,data,False,_cur_combat_y,2,137458,
0,L:\MOX\MOX.C,data,False,_last_ship_status,2,137460,
0,L:\MOX\MOX.C,data,False,_apply_damage_to_planet,2,137462,
0,L:\MOX\MOX.C,data,False,_cur_ship,2,137464,
0,L:\MOX\MOX.C,data,False,_cur_missile_count,2,137466,
0,L:\MOX\MOX.C,data,False,_dont_draw_ship,2,137468,
0,L:\MOX\MOX.C,data,False,_ken_trace,2,137470,
0,L:\MOX\MOX.C,data,False,_auto_combat,2,137472,
0,L:\MOX\MOX.C,data,False,_auto_cmbt_button_value,2,137474,
0,L:\MOX\MOX.C,data,False,_draw_active_missiles,2,137476,
0,L:\MOX\MOX.C,data,False,_saved_msl_warning,2,137478,
0,L:\MOX\MOX.C,data,False,_net_destination,2,137480,
0,L:\MOX\MOX.C,data,False,_fltscrn_combat_button_status,2,137482,
0,L:\MOX\MOX.C,data,False,_fltscrn_support_button_status,2,137484,
0,L:\MOX\MOX.C,data,False,_scanned_small_ship,2,137486,
0,L:\MOX\MOX.C,data,False,_fltscrn_bar_value,2,137488,
0,L:\MOX\MOX.C,data,False,_n_big_icons_selected,2,137490,
0,L:\MOX\MOX.C,data,False,_def_number_2,2,137492,
0,L:\MOX\MOX.C,data,False,_def_number_1,2,137494,
0,L:\MOX\MOX.C,data,False,_ship_2_size,2,137496,
0,L:\MOX\MOX.C,data,False,_offpop_big_icon_selected,2,137498,
0,L:\MOX\MOX.C,data,False,_scanned_big_ship,2,137500,
0,L:\MOX\MOX.C,data,False,_att_number_1,2,137502,
0,L:\MOX\MOX.C,data,False,_att_number_2,2,137504,
0,L:\MOX\MOX.C,data,False,_crew_transfer_mode,2,137506,
0,L:\MOX\MOX.C,data,False,_fltscrn_bar_field,2,137508,
0,L:\MOX\MOX.C,data,False,_ship_1_size,2,137510,
0,L:\MOX\MOX.C,data,False,_first_fltscrn_icon,2,137512,
0,L:\MOX\MOX.C,data,False,_old_first_fltscrn_icon,2,137514,
0,L:\MOX\MOX.C,data,False,_n_fltscrn_big_icons_added,2,137516,
0,L:\MOX\MOX.C,data,False,_n_fltscrn_big_icons,2,137518,
0,L:\MOX\MOX.C,data,False,_old_fltscrn_stack_owner,2,137520,
0,L:\MOX\MOX.C,data,False,_fltscrn_stack_owner,2,137522,
0,L:\MOX\MOX.C,data,False,_active_count,2,137524,
0,L:\MOX\MOX.C,data,False,_temp_sint_8,2,137526,
0,L:\MOX\MOX.C,data,False,_temp_sint_4,2,137528,
0,L:\MOX\MOX.C,data,False,_temp_sint_5,2,137530,
0,L:\MOX\MOX.C,data,False,_temp_sint_6,2,137532,
0,L:\MOX\MOX.C,data,False,_temp_sint_7,2,137534,
0,L:\MOX\MOX.C,data,False,_temp_sint_1,2,137536,
0,L:\MOX\MOX.C,data,False,_temp_sint_2,2,137538,
0,L:\MOX\MOX.C,data,False,_temp_sint_3,2,137540,
0,L:\MOX\MOX.C,data,False,_temp_uint_1,2,137542,
0,L:\MOX\MOX.C,data,False,_temp_uint_2,2,137544,
0,L:\MOX\MOX.C,data,False,_antaran_resource_level,2,137546,
0,L:\MOX\MOX.C,data,False,_FULL_DRAW_SCREEN_FLAG,2,137548,
0,L:\MOX\MOX.C,data,False,_fleet_box_scroll_up_button,2,137550,
0,L:\MOX\MOX.C,data,False,_fleet_box_scroll_dn_button,2,137552,
0,L:\MOX\MOX.C,data,False,_ships_in_fleet,2,137554,
0,L:\MOX\MOX.C,data,False,_star_height,2,137556,
0,L:\MOX\MOX.C,data,False,_draw_main_screen_stencilled,2,137558,
0,L:\MOX\MOX.C,data,False,_fleet_ship_bar_value,2,137560,
0,L:\MOX\MOX.C,data,False,_galaxy_map_width,2,137562,
0,L:\MOX\MOX.C,data,False,_eta_star_id,2,137564,
0,L:\MOX\MOX.C,data,False,_multi_colored_line_start,2,137566,
0,L:\MOX\MOX.C,data,False,_galaxy_map_scanned_star,2,137568,
0,L:\MOX\MOX.C,data,False,_fleet_box_map_height,2,137570,
0,L:\MOX\MOX.C,data,False,_stencil_box_id,2,137572,
0,L:\MOX\MOX.C,data,False,_ship_icon_player_id,2,137574,
0,L:\MOX\MOX.C,data,False,_galaxy_map_grid_x,2,137576,
0,L:\MOX\MOX.C,data,False,_galaxy_map_grid_y,2,137578,
0,L:\MOX\MOX.C,data,False,_moved_box_to_top,2,137580,
0,L:\MOX\MOX.C,data,False,_star_width,2,137582,
0,L:\MOX\MOX.C,data,False,_galaxy_map_height,2,137584,
0,L:\MOX\MOX.C,data,False,_multi_colored_box_color_start,2,137586,
0,L:\MOX\MOX.C,data,False,_animated_star_frame_count,2,137588,
0,L:\MOX\MOX.C,data,False,_skip_fields,2,137590,
0,L:\MOX\MOX.C,data,False,_twinkle_star_ctr,2,137592,
0,L:\MOX\MOX.C,data,False,_galaxy_map_grid_field,2,137594,
0,L:\MOX\MOX.C,data,False,_max_zoom_count,2,137596,
0,L:\MOX\MOX.C,data,False,_far_star_y,2,137598,
0,L:\MOX\MOX.C,data,False,_far_star_x,2,137600,
0,L:\MOX\MOX.C,data,False,_fleet_movement_all_button,2,137602,
0,L:\MOX\MOX.C,data,False,_near_star_x,2,137604,
0,L:\MOX\MOX.C,data,False,_near_star_y,2,137606,
0,L:\MOX\MOX.C,data,False,_animated_star,2,137608,
0,L:\MOX\MOX.C,data,False,_mid_star_x,2,137610,
0,L:\MOX\MOX.C,data,False,_cur_map_x,2,137612,
0,L:\MOX\MOX.C,data,False,_mid_star_y,2,137614,
0,L:\MOX\MOX.C,data,False,_cur_map_y,2,137616,
0,L:\MOX\MOX.C,data,False,_cur_map_scale,2,137618,
0,L:\MOX\MOX.C,data,False,_NUM_SHIPS,2,137620,
0,L:\MOX\MOX.C,data,False,_NUM_COLONIES,2,137622,
0,L:\MOX\MOX.C,data,False,_NUM_PLAYERS,2,137624,
0,L:\MOX\MOX.C,data,False,_NUM_STARS,2,137626,
0,L:\MOX\MOX.C,data,False,_PLAYER_NUM,2,137628,
0,L:\MOX\MOX.C,data,False,_zoom_count,2,137630,
0,L:\MOX\MOX.C,data,False,_max_map_scale,2,137632,
0,L:\MOX\MOX.C,data,False,_planet_count,2,137634,
0,L:\MOX\MOX.C,data,False,_big_icon_x_offset,2,137636,
0,L:\MOX\MOX.C,data,False,_n_fltscrn_officers,2,137638,
0,L:\MOX\MOX.C,data,False,_big_icon_y_offset,2,137640,
0,L:\MOX\MOX.C,data,False,_hot_seat_flag,2,137642,
0,L:\MOX\MOX.C,data,False,_tactical_net_choice,2,137644,
0,L:\MOX\MOX.C,data,False,_system_display_grid_x,2,137646,
0,L:\MOX\MOX.C,data,False,_system_display_grid_y,2,137648,
0,L:\MOX\MOX.C,data,False,_system_display_grid_field,2,137650,
0,L:\MOX\MOX.C,data,False,_next_player_ship_icon,2,137652,
0,L:\MOX\MOX.C,data,False,_chance_for_antaran_invasion,2,137654,
0,L:\MOX\MOX.C,data,False,_fleet_box_ship_stack,2,137656,
0,L:\MOX\MOX.C,data,False,_fleet_box_ships_saved,2,137658,
0,L:\MOX\MOX.C,data,False,_old_small_ship_stack_ptr,2,137662,
0,L:\MOX\MOX.C,data,False,_system_icon_scanned,2,137664,
0,L:\MOX\MOX.C,data,False,_main_screen_grid_y,2,137666,
0,L:\MOX\MOX.C,data,False,_main_screen_grid_x,2,137668,
0,L:\MOX\MOX.C,data,False,_system_star_id,2,137670,
0,L:\MOX\MOX.C,data,False,_main_screen_grid_field,2,137672,
0,L:\MOX\MOX.C,data,False,_fleet_ship_scanned,2,137674,
0,L:\MOX\MOX.C,data,False,_fleet_box_outpost_button,2,137676,
0,L:\MOX\MOX.C,data,False,_fleet_box_colonize_button,2,137678,
0,L:\MOX\MOX.C,data,False,_system_star_id_for_auto_select,2,137680,
0,L:\MOX\MOX.C,data,False,_first_unselected_icon,2,137682,
0,L:\MOX\MOX.C,data,False,_fleet_box_attack_button,2,137684,
0,L:\MOX\MOX.C,data,False,_fleet_box_transport_button,2,137686,
0,L:\MOX\MOX.C,data,False,_small_ship_stack_ptr,2,137688,
0,L:\MOX\MOX.C,data,False,_fleet_box_engage_button,2,137690,
0,L:\MOX\MOX.C,data,False,_system_display_ship_scanned,2,137692,
0,L:\MOX\MOX.C,data,False,_global_exit_field,2,137694,
0,L:\MOX\MOX.C,data,False,_n_stats_to_generate,2,137696,
0,L:\MOX\MOX.C,data,False,_old_system_index,2,137698,
0,L:\MOX\MOX.C,data,False,_disallow_saves_code,2,137700,
0,L:\MOX\MOX.C,data,False,_system_display_base_x,2,137702,
0,L:\MOX\MOX.C,data,False,_system_display_base_y,2,137704,
0,L:\MOX\MOX.C,data,False,_max_debug_saves,2,137706,
0,L:\MOX\MOX.C,data,False,_turns_between_debug_saves,2,137708,
0,L:\MOX\MOX.C,data,False,_first_debug_save,2,137710,
0,L:\MOX\MOX.C,data,False,_fleet_icon_button_count,2,137712,
0,L:\MOX\MOX.C,data,False,_icon_overlay_x,2,137714,
0,L:\MOX\MOX.C,data,False,_icon_overlay_y,2,137716,
0,L:\MOX\MOX.C,data,False,_next_free_node,2,137718,
0,L:\MOX\MOX.C,data,False,_ship_icon_count,2,137720,
0,L:\MOX\MOX.C,data,False,_space_ship_icon_count,2,137722,
0,L:\MOX\MOX.C,data,False,_first_fleet_movement_icon,2,137724,
0,L:\MOX\MOX.C,data,False,_fleet_icon_buttons_added,2,137726,
0,L:\MOX\MOX.C,data,False,_fleet_movement_bar_field,2,137728,
0,L:\MOX\MOX.C,data,False,_ship_stack_count,2,137730,
0,L:\MOX\MOX.C,data,False,_fleet_movement_bar_value,2,137732,
0,L:\MOX\MOX.C,data,False,_first_node_ptr_in_stack,2,137734,
0,L:\MOX\MOX.C,data,False,_current_screen,2,137736,
0,L:\MOX\MOX.C,data,False,_MAP_MAX_Y,2,137738,
0,L:\MOX\MOX.C,data,False,_MAP_MAX_X,2,137740,
0,L:\MOX\MOX.C,data,False,_global_esc,2,137742,
0,L:\MOX\MOX.C,data,False,_return_screen,2,137744,
0,L:\MOX\MOX.C,data,False,_global_combat_data,2,137746,
0,L:\MOX\MOX.C,data,False,_player_mode,2,138059,
0,L:\MOX\MOX.C,data,False,_combat_bomb_result,2,138074,
0,L:\MOX\MOX.C,data,False,_active_player,2,138147,
0,L:\MOX\MOX.C,data,False,_fleet_box,2,138156,
0,L:\MOX\MOX.C,data,False,_saved_boxes,2,138189,
0,L:\MOX\MOX.C,data,False,_settings,2,138204,
0,L:\MOX\MOX.C,data,False,_fleet_icon_selection_status,2,138757,
0,L:\MOX\MOX.C,data,False,_fleet_box_ship_ids,2,138820,
0,L:\MOX\MOX.C,data,False,_fleet_box_selected_ship_ids,2,138883,
0,L:\MOX\MOX.C,data,False,_rot_plan_dim,2,138946,
0,L:\MOX\MOX.C,data,False,_mouse_xy,2,138951,
0,L:\MOX\MOX.C,data,False,_fltpop_scroll_bar,2,138960,
0,L:\MOX\MOX.C,data,False,_n_weapons_loaded,2,138989,
0,L:\MOX\MOX.C,data,False,_message_type,2,138990,
0,L:\MOX\MOX.C,data,False,_draw_design_screen_to_back,2,138991,
0,L:\MOX\MOX.C,data,False,_refit_ship,2,138993,
0,L:\MOX\MOX.C,data,False,_first_design_screen_call,2,138994,
0,L:\MOX\MOX.C,data,False,_n_special_systems,2,138995,
0,L:\MOX\MOX.C,data,False,_first_special_system_ctr,2,138996,
0,L:\MOX\MOX.C,data,False,_first_weapon_ctr,2,138997,
0,L:\MOX\MOX.C,data,False,_colony_defense_flags,2,138998,
0,L:\MOX\MOX.C,data,False,_add_officers_button,2,138999,
0,L:\MOX\MOX.C,data,False,_apply_rebate,2,139000,
0,L:\MOX\MOX.C,data,False,_add_scrap_button,2,139001,
0,L:\MOX\MOX.C,data,False,_skip_draw_ships,2,139002,
0,L:\MOX\MOX.C,data,False,_add_all_button,2,139003,
0,L:\MOX\MOX.C,data,False,_n_fltscrn_rows,2,139004,
0,L:\MOX\MOX.C,data,False,_icon_in_fleet_selected,2,139005,
0,L:\MOX\MOX.C,data,False,_draw_fleet_screen_to_back,2,139006,
0,L:\MOX\MOX.C,data,False,_add_relocate_button,2,139007,
0,L:\MOX\MOX.C,data,False,_first_time,2,139008,
0,L:\MOX\MOX.C,data,False,_red_color2,2,139009,
0,L:\MOX\MOX.C,data,False,_red_color1,2,139010,
0,L:\MOX\MOX.C,data,False,_blue_color2,2,139011,
0,L:\MOX\MOX.C,data,False,_blue_color1,2,139012,
0,L:\MOX\MOX.C,data,False,_refresh_mode,2,139013,
0,L:\MOX\MOX.C,data,False,_red_color_pulse_incr,2,139014,
0,L:\MOX\MOX.C,data,False,_red_color_pulse_value,2,139015,
0,L:\MOX\MOX.C,data,False,_fleet_movement_icons_on,2,139016,
0,L:\MOX\MOX.C,data,False,_global_var,2,139017,
0,L:\MOX\MOX.C,data,False,_star_bg_index,2,139018,
0,L:\MOX\MOX.C,data,False,_name_flag,2,139019,
0,L:\MOX\MOX.C,data,False,_zoom_in,2,139020,
0,L:\MOX\MOX.C,data,False,_NUM_NEBULAS,2,139021,
0,L:\MOX\MOX.C,data,False,_big_icon_display_max_icons,2,139022,
0,L:\MOX\MOX.C,data,False,_officer_scanned,2,139023,
0,L:\MOX\MOX.C,data,False,_big_icon_display_rows,2,139024,
0,L:\MOX\MOX.C,data,False,_draw_officer_to_back,2,139025,
0,L:\MOX\MOX.C,data,False,_officer_popup_type,2,139026,
0,L:\MOX\MOX.C,data,False,_drawing_officer_popup,2,139027,
0,L:\MOX\MOX.C,data,False,_big_icon_display_columns,2,139028,
0,L:\MOX\MOX.C,data,False,_officer_selected,2,139029,
0,L:\MOX\MOX.C,data,False,_combat_done_waiting,2,139030,
0,L:\MOX\MOX.C,data,False,_previous_report,2,139031,
0,L:\MOX\MOX.C,data,False,_look_at_colonies,2,139032,
0,L:\MOX\MOX.C,data,False,_previous_screen,2,139033,
0,L:\MOX\MOX.C,data,False,_first_time_drawn,2,139034,
0,L:\MOX\MOX.C,data,False,_add_help_fields,2,139035,
0,L:\MOX\MOX.C,data,False,_get_distance_between_stars,2,139036,
0,L:\MOX\MOX.C,data,False,_mainscr_palette,2,139037,
0,L:\MOX\MOX.C,data,False,_fix_palette,2,139038,
0,L:\MOX\MOX.C,data,False,_officer_scrn_type,2,139039,
0,L:\MOX\MOX.C,data,False,_fleet_box_scroll_first_ship,2,139040,
0,L:\MOX\MOX.C,data,False,_draw_system_display_without_button,2,139041,
0,L:\MOX\MOX.C,data,False,_pushed_screen_seg_for_planets,2,139042,
0,L:\MOX\MOX.C,data,False,_draw_expanding_box,2,139043,
0,L:\MOX\MOX.C,data,False,_main_screen_fade_flag,2,139044,
0,L:\MOX\MOX.C,data,False,_skip_reports,2,139045,
0,L:\MOX\MOX.C,data,False,_player_has_ship_in_system,2,139046,
0,L:\MOX\MOX.C,data,False,_first_time_thru_reports,2,139047,
0,L:\MOX\MOX.C,data,False,_draw_main_screen_to_back,2,139048,
0,L:\MOX\MOX.C,data,False,_galaxy_star_anim_count,2,139049,
0,L:\MOX\MOX.C,data,False,_maps_to_generate,2,139050,
0,L:\MOX\MOX.C,data,False,_g_galaxy_size,2,139051,
0,L:\MOX\MOX.C,data,False,_at_least_one_report,2,139052,
0,L:\MOX\MOX.C,data,False,_auto_turn_exit,2,139053,
0,L:\MOX\MOX.C,data,False,_palette_number,2,139054,
0,L:\MOX\MOX.C,data,False,_g_galaxy_age,2,139055,
0,L:\MOX\MOX.C,data,False,_selected_star_color_mod,2,139056,
0,L:\MOX\MOX.C,data,False,_selected_star_color_offset,2,139057,
0,L:\MOX\MOX.C,data,False,_mouse_button_pressed,2,139058,
0,L:\MOX\MOX.C,data,False,_just_moved_stack,2,139059,
0,L:\MOX\MOX.C,data,False,_mox_font_colors_offset,2,139060,
0,L:\MOX\MOX.C,data,False,_need_to_restore_help_list,2,139061,
0,L:\MOX\MOX.C,data,False,_debug_saves_on,2,139062,
0,L:\MOX\MOX.C,data,False,_dont_draw_main_screen_to_back,2,139063,
0,L:\MOX\MOX.C,data,False,_reloaded_ship_palette,2,139064,
0,L:\MOX\MOX.C,data,False,_at_least_one_tactical_combat,2,139065,
0,L:\MOX\MOX.C,data,False,_game_type,2,139066,
1,L:\MOX\MOX2.C,data,False,_leave_game_message,2,139068,
1,L:\MOX\MOX2.C,data,False,_init_game_message1,2,139168,
1,L:\MOX\MOX2.C,data,True,_skip_intro,2,139268,
1,L:\MOX\MOX2.C,data,False,_pan_main_menu_panel,2,139269,
1,L:\MOX\MOX2.C,data,False,_user_wants_n_space_monsters,2,139270,
1,L:\MOX\MOX2.C,data,True,_quick_start,2,139271,
2,L:\MOX\ALLOC.C,data,False,_special_names_seg,2,139276,
9,D:\MOX\ANTAROOM.C,data,False,_antaran_room_mouse_bitmap,2,139280,
9,D:\MOX\ANTAROOM.C,data,False,_antaran_room_message,2,139284,
10,D:\MOX\SMACK.C,data,False,_smack_auto_function,2,139288,
10,D:\MOX\SMACK.C,data,False,_smack_y,2,139292,
10,D:\MOX\SMACK.C,data,False,_smack_x,2,139294,
12,D:\MOX\COUNCIL.C,data,False,_council_member_votes,2,139296,
12,D:\MOX\COUNCIL.C,data,False,_council_members,2,139312,
12,D:\MOX\COUNCIL.C,data,False,_council_winner_seg,2,139320,
12,D:\MOX\COUNCIL.C,data,False,_council_nominees_seg,2,139352,
12,D:\MOX\COUNCIL.C,data,False,_council_light_race_seg,2,139360,
12,D:\MOX\COUNCIL.C,data,False,_council_dark_race_seg,2,139392,
12,D:\MOX\COUNCIL.C,data,False,_player_voted_winner_message_id,2,139424,
12,D:\MOX\COUNCIL.C,data,False,_council_nominee_votes,2,139444,
12,D:\MOX\COUNCIL.C,data,False,_council_no_votes_message,2,139448,
12,D:\MOX\COUNCIL.C,data,False,_council_vote_message,2,139452,
12,D:\MOX\COUNCIL.C,data,False,_council_mouse_bitmap,2,139456,
12,D:\MOX\COUNCIL.C,data,False,_council_message,2,139460,
12,D:\MOX\COUNCIL.C,data,False,_council_nominee_vote_total,2,139464,
12,D:\MOX\COUNCIL.C,data,False,_council_votes_message,2,139468,
12,D:\MOX\COUNCIL.C,data,False,_council_votes_total_message,2,139472,
12,D:\MOX\COUNCIL.C,data,False,_council_vote_cast,2,139476,
12,D:\MOX\COUNCIL.C,data,False,_council_total_votes,2,139478,
12,D:\MOX\COUNCIL.C,data,False,_council_nominees,2,139480,
12,D:\MOX\COUNCIL.C,data,False,_council_voter,2,139482,
12,D:\MOX\COUNCIL.C,data,False,_council_total_members,2,139483,
12,D:\MOX\COUNCIL.C,data,False,_winning_player,2,139484,
12,D:\MOX\COUNCIL.C,data,False,_council_vote_for,2,139485,
12,D:\MOX\COUNCIL.C,data,False,_council_state,2,139486,
13,D:\MOX\DIPLODEF.C,data,False,_council_winner,2,139488,
13,D:\MOX\DIPLODEF.C,data,False,_COUNCIL_FLAG,2,139490,
13,D:\MOX\DIPLODEF.C,data,False,_next_council_meeting_turn,2,139492,
14,D:\MOX\DIP-SCRN.C,data,False,_main_net_repulsive_diplomacy_list,2,139496,
14,D:\MOX\DIP-SCRN.C,data,False,_diplomacy_system_fields,2,139520,
14,D:\MOX\DIP-SCRN.C,data,False,_net_diplomacy_message,2,139664,
14,D:\MOX\DIP-SCRN.C,data,False,_offer_title,2,139672,
14,D:\MOX\DIP-SCRN.C,data,False,_propose_treaty_title,2,139676,
14,D:\MOX\DIP-SCRN.C,data,False,_propose_treaty_diplomacy_list,2,139680,
14,D:\MOX\DIP-SCRN.C,data,False,_demand_diplomacy_list,2,139708,
14,D:\MOX\DIP-SCRN.C,data,False,_main_repulsive_diplomacy_list,2,139752,
14,D:\MOX\DIP-SCRN.C,data,False,_break_treaty_title,2,139772,
14,D:\MOX\DIP-SCRN.C,data,False,_break_treaty_diplomacy_list,2,139776,
14,D:\MOX\DIP-SCRN.C,data,False,_agree_diplomacy_list,2,139804,
14,D:\MOX\DIP-SCRN.C,data,False,_demand_title,2,139816,
14,D:\MOX\DIP-SCRN.C,data,False,_offer_diplomacy_list,2,139820,
14,D:\MOX\DIP-SCRN.C,data,False,_main_diplomacy_list,2,139848,
14,D:\MOX\DIP-SCRN.C,data,False,_main_net_diplomacy_list,2,139884,
14,D:\MOX\DIP-SCRN.C,data,False,_player_name_ambassador_buffer,2,139928,
14,D:\MOX\DIP-SCRN.C,data,False,_system_homeworld_buffer,2,139932,
14,D:\MOX\DIP-SCRN.C,data,False,_player_number_name_buffer,2,139936,
14,D:\MOX\DIP-SCRN.C,data,False,_system_cancel_buffer,2,139940,
14,D:\MOX\DIP-SCRN.C,data,False,_system_unsurrenderable_buffer,2,139944,
14,D:\MOX\DIP-SCRN.C,data,False,_system_million_colonists_buffer,2,139948,
14,D:\MOX\DIP-SCRN.C,data,False,_enter_your_message_buffer,2,139952,
14,D:\MOX\DIP-SCRN.C,data,False,_diplomacy_system_star_background_seg,2,139956,
14,D:\MOX\DIP-SCRN.C,data,False,_statement_research_treaty_buffer,2,139960,
14,D:\MOX\DIP-SCRN.C,data,False,_choose_a_system_buffer,2,139964,
14,D:\MOX\DIP-SCRN.C,data,False,_you_were_framed_buffer,2,139968,
14,D:\MOX\DIP-SCRN.C,data,False,_statement_trade_treaty_buffer,2,139972,
14,D:\MOX\DIP-SCRN.C,data,False,_system_x_star_system_buffer,2,139976,
14,D:\MOX\DIP-SCRN.C,data,False,_percent_tribute_treaty_buffer,2,139980,
14,D:\MOX\DIP-SCRN.C,data,False,_diplomacy_mouse_bitmap,2,139984,
14,D:\MOX\DIP-SCRN.C,data,False,_main_diplomacy_title,2,139988,
14,D:\MOX\DIP-SCRN.C,data,False,_net_listen_mode_option_buffer,2,139992,
14,D:\MOX\DIP-SCRN.C,data,False,_target_tech_list,2,139996,
14,D:\MOX\DIP-SCRN.C,data,False,_exchange_tech_list,2,140208,
14,D:\MOX\DIP-SCRN.C,data,False,_net_diplomacy_chat_message,2,140420,
14,D:\MOX\DIP-SCRN.C,data,False,_net_listen_mode_good_bye_buffer,2,140520,
14,D:\MOX\DIP-SCRN.C,data,False,_chat_message,2,140524,
14,D:\MOX\DIP-SCRN.C,data,False,_receive_chat_message,2,140624,
14,D:\MOX\DIP-SCRN.C,data,False,_jim_help_list,2,140724,
14,D:\MOX\DIP-SCRN.C,data,False,_diplomacy_message,2,140874,
14,D:\MOX\DIP-SCRN.C,data,False,_diplomacy_list_choice,2,141124,
14,D:\MOX\DIP-SCRN.C,data,False,_diplomacy_new_music,2,141874,
14,D:\MOX\DIP-SCRN.C,data,False,_diplomacy_scan_input_flag,2,141876,
14,D:\MOX\DIP-SCRN.C,data,False,_old_response_message,2,141878,
14,D:\MOX\DIP-SCRN.C,data,False,_diplomacy_fade_music_flag,2,141880,
14,D:\MOX\DIP-SCRN.C,data,False,_diplomacy_system_planet_count,2,141882,
14,D:\MOX\DIP-SCRN.C,data,False,_diplomacy_good_music,2,141884,
14,D:\MOX\DIP-SCRN.C,data,False,_diplomacy_system_homeworld_flag,2,141886,
14,D:\MOX\DIP-SCRN.C,data,False,_response_message,2,141888,
14,D:\MOX\DIP-SCRN.C,data,False,_diplomacy_system_population,2,141890,
14,D:\MOX\DIP-SCRN.C,data,False,_diplomacy_current_music,2,141892,
14,D:\MOX\DIP-SCRN.C,data,False,_diplomacy_bad_music,2,141894,
14,D:\MOX\DIP-SCRN.C,data,False,_net_diplomacy_esc_pressed,2,141896,
14,D:\MOX\DIP-SCRN.C,data,False,_net_diplomacy_tech_offered,2,141898,
14,D:\MOX\DIP-SCRN.C,data,False,_exchange_tech_count,2,141900,
14,D:\MOX\DIP-SCRN.C,data,False,_net_diplomacy_treaty_type,2,141902,
14,D:\MOX\DIP-SCRN.C,data,False,_diplomacy_quit_chat_field,2,141904,
14,D:\MOX\DIP-SCRN.C,data,False,_synch_up_established_flag,2,141906,
14,D:\MOX\DIP-SCRN.C,data,False,_diplomacy_chat_field,2,141908,
14,D:\MOX\DIP-SCRN.C,data,False,_chat_width,2,141910,
14,D:\MOX\DIP-SCRN.C,data,False,_chat_base_y,2,141912,
14,D:\MOX\DIP-SCRN.C,data,False,_chat_base_x,2,141914,
14,D:\MOX\DIP-SCRN.C,data,False,_chat_height,2,141916,
14,D:\MOX\DIP-SCRN.C,data,False,_diplomacy_system_planet_list,2,141918,
14,D:\MOX\DIP-SCRN.C,data,False,_diplomacy_system_giver,2,141923,
14,D:\MOX\DIP-SCRN.C,data,False,_diplomacy_system_receiver,2,141924,
14,D:\MOX\DIP-SCRN.C,data,False,_ambassador_option,2,141925,
14,D:\MOX\DIP-SCRN.C,data,False,_current_ambassador,2,141926,
14,D:\MOX\DIP-SCRN.C,data,False,_talker_ambassador,2,141927,
14,D:\MOX\DIP-SCRN.C,data,False,_listen_ambassador,2,141928,
14,D:\MOX\DIP-SCRN.C,data,False,_chat_mode_flag,2,141929,
15,D:\MOX\EVENTS.C,data,False,_event_mouse_bitmap,2,141932,
15,D:\MOX\EVENTS.C,data,False,_event_display_seg,2,141936,
15,D:\MOX\EVENTS.C,data,False,_event_message,2,141940,
15,D:\MOX\EVENTS.C,data,False,_jim_saved_autofunction,2,142240,
15,D:\MOX\EVENTS.C,data,False,_event_data,2,142244,
15,D:\MOX\EVENTS.C,data,False,_last_event_year,2,142568,
15,D:\MOX\EVENTS.C,data,False,_event_delay_count,2,142572,
15,D:\MOX\EVENTS.C,data,False,_max_current_event,2,142574,
15,D:\MOX\EVENTS.C,data,False,_event_status_flag,2,142575,
15,D:\MOX\EVENTS.C,data,False,_current_event,2,142576,
16,D:\MOX\JIM.C,data,False,_darken_palette_value,2,142580,
17,D:\MOX\NPCDIPLO.C,data,False,_human_tech,2,142584,
17,D:\MOX\NPCDIPLO.C,data,False,_target_tech,2,143644,
18,D:\MOX\OTHERS\CMBTAI.C,data,False,_fleet_target,2,144704,
19,D:\MOX\OTHERS\CMBTDRW1.C,data,True,_green,2,144708,
19,D:\MOX\OTHERS\CMBTDRW1.C,data,False,_board_left_button_seg,2,144728,
19,D:\MOX\OTHERS\CMBTDRW1.C,data,False,_board_capture_button_seg,2,144732,
19,D:\MOX\OTHERS\CMBTDRW1.C,data,False,_board_right_button_seg,2,144736,
19,D:\MOX\OTHERS\CMBTDRW1.C,data,False,_board_raid_button_seg,2,144740,
19,D:\MOX\OTHERS\CMBTDRW1.C,data,False,_k_save,2,144744,
25,D:\MOX\OTHERS\COMBAT1.C,data,True,_end_of_turn_button,2,144756,
25,D:\MOX\OTHERS\COMBAT1.C,data,False,_start_of_turn,2,144760,
26,D:\MOX\OTHERS\COMBINIT.C,data,False,_real_attack_flag,2,144764,
27,D:\MOX\DIPLOMAC.C,data,False,_diplomacy_proposal_gold_bribe,2,144768,
27,D:\MOX\DIPLOMAC.C,data,False,_diplomacy_proposal_system_bribe,2,144770,
27,D:\MOX\DIPLOMAC.C,data,False,_diplomacy_proposal_tribute_bribe,2,144772,
27,D:\MOX\DIPLOMAC.C,data,False,_diplomacy_demand_rejected_message,2,144773,
27,D:\MOX\DIPLOMAC.C,data,False,_diplomacy_proposal_tech_bribe2,2,144774,
27,D:\MOX\DIPLOMAC.C,data,False,_diplomacy_proposal_tech_bribe1,2,144775,
30,D:\MOX\OTHERS\RACEOPT.C,data,False,_opt_string,2,144776,
30,D:\MOX\OTHERS\RACEOPT.C,data,False,_color_opt,2,145032,
30,D:\MOX\OTHERS\RACEOPT.C,data,False,_default_button_seg,2,145040,
30,D:\MOX\OTHERS\RACEOPT.C,data,False,_button_variable,2,145044,
30,D:\MOX\OTHERS\RACEOPT.C,data,False,_option_button,2,145064,
30,D:\MOX\OTHERS\RACEOPT.C,data,False,_accept_button_seg,2,145108,
30,D:\MOX\OTHERS\RACEOPT.C,data,False,_off_button_seg,2,145112,
30,D:\MOX\OTHERS\RACEOPT.C,data,False,_option_toggle,2,145116,
30,D:\MOX\OTHERS\RACEOPT.C,data,False,_pick_seg,2,145160,
30,D:\MOX\OTHERS\RACEOPT.C,data,False,_special_button_seg,2,145164,
30,D:\MOX\OTHERS\RACEOPT.C,data,False,_ability_costs,2,145168,
30,D:\MOX\OTHERS\RACEOPT.C,data,False,_group_button,2,145172,
30,D:\MOX\OTHERS\RACEOPT.C,data,False,_picks,2,145254,
30,D:\MOX\OTHERS\RACEOPT.C,data,False,_defalt,2,145256,
30,D:\MOX\OTHERS\RACEOPT.C,data,False,_exit_ken,2,145258,
30,D:\MOX\OTHERS\RACEOPT.C,data,False,_negative_picks,2,145260,
30,D:\MOX\OTHERS\RACEOPT.C,data,False,_accept,2,145262,
30,D:\MOX\OTHERS\RACEOPT.C,data,False,_name_button,2,145264,
30,D:\MOX\OTHERS\RACEOPT.C,data,False,_cur_race_name,2,145266,
31,D:\MOX\OTHERS\RACESEL.C,data,False,_flag_button_seg,2,145284,
31,D:\MOX\OTHERS\RACESEL.C,data,False,_race_button_seg,2,145316,
31,D:\MOX\OTHERS\RACESEL.C,data,False,_race_specials,2,145372,
31,D:\MOX\OTHERS\RACESEL.C,data,False,_color_flag,2,145428,
31,D:\MOX\OTHERS\RACESEL.C,data,False,_temp_ruler_name,2,145436,
31,D:\MOX\OTHERS\RACESEL.C,data,False,_race_button_status,2,145440,
31,D:\MOX\OTHERS\RACESEL.C,data,False,_race_name_list,2,145468,
31,D:\MOX\OTHERS\RACESEL.C,data,False,_last_race_seg,2,145472,
31,D:\MOX\OTHERS\RACESEL.C,data,False,_temp_home_name,2,145476,
31,D:\MOX\OTHERS\RACESEL.C,data,False,_race_flag,2,145480,
31,D:\MOX\OTHERS\RACESEL.C,data,False,_custom_flag,2,145494,
31,D:\MOX\OTHERS\RACESEL.C,data,False,_old_race,2,145496,
31,D:\MOX\OTHERS\RACESEL.C,data,False,_displayed_race,2,145498,
31,D:\MOX\OTHERS\RACESEL.C,data,False,_last_race_name,2,145500,
36,D:\MOX\OTHERS\HOTPOP.C,data,False,_begin_seg,2,145516,
36,D:\MOX\OTHERS\HOTPOP.C,data,False,_cancel_seg,2,145520,
36,D:\MOX\OTHERS\HOTPOP.C,data,False,_hot_pop_background_seg,2,145524,
36,D:\MOX\OTHERS\HOTPOP.C,data,False,_add_human_seg,2,145528,
36,D:\MOX\OTHERS\HOTPOP.C,data,False,_grid_background,2,145532,
36,D:\MOX\OTHERS\HOTPOP.C,data,False,_hotseat_human_players,2,145536,
37,D:\MOX\OTHERS\ADVCIV.C,data,True,_parsec,2,145540,
37,D:\MOX\OTHERS\ADVCIV.C,data,True,_adv_civ_player,2,145544,
37,D:\MOX\OTHERS\ADVCIV.C,data,True,_planet_worth_to_player,2,145548,
37,D:\MOX\OTHERS\ADVCIV.C,data,True,_star_colony_owner,2,145552,
37,D:\MOX\OTHERS\ADVCIV.C,data,True,_planet_selected_flag,2,145556,
38,D:\MOX\OTHERS\ANTARANS.C,data,True,_first_antaran_ship_id,2,145560,
38,D:\MOX\OTHERS\ANTARANS.C,data,True,_offensive_titan_ship_built,2,145562,
40,D:\MOX\OTHERS\DESBOX.C,data,True,_replacement_scroll_field,2,145764,
40,D:\MOX\OTHERS\DESBOX.C,data,True,_weapon_replacement_mods,2,145766,
40,D:\MOX\OTHERS\DESBOX.C,data,True,_replacement_scroll_up_button,2,145768,
40,D:\MOX\OTHERS\DESBOX.C,data,True,_replacement_box_middle_height,2,145770,
40,D:\MOX\OTHERS\DESBOX.C,data,True,_replacement_box_base_x,2,145772,
40,D:\MOX\OTHERS\DESBOX.C,data,True,_replacement_box_base_y,2,145774,
40,D:\MOX\OTHERS\DESBOX.C,data,True,_replacement_scroll_dn_button,2,145776,
40,D:\MOX\OTHERS\DESBOX.C,data,True,_field_item_chosen,2,145778,
40,D:\MOX\OTHERS\DESBOX.C,data,True,_replacement_box_width,2,145780,
40,D:\MOX\OTHERS\DESBOX.C,data,True,_weapon_replacement_arcs,2,145782,
40,D:\MOX\OTHERS\DESBOX.C,data,False,_weapon_replacement_rack,2,145784,
40,D:\MOX\OTHERS\DESBOX.C,data,True,_replacement_box_height,2,145786,
40,D:\MOX\OTHERS\DESBOX.C,data,True,_field_item_scanned,2,145788,
40,D:\MOX\OTHERS\DESBOX.C,data,True,_weapon_arc_rack_box_field,2,145790,
40,D:\MOX\OTHERS\DESBOX.C,data,True,_valid_arcs_racks,2,145792,
40,D:\MOX\OTHERS\DESBOX.C,data,True,_valid_mods,2,145797,
40,D:\MOX\OTHERS\DESBOX.C,data,False,_incr_value,2,145813,
41,D:\MOX\OTHERS\DESIGN.C,data,True,_printed_cost,2,145816,
41,D:\MOX\OTHERS\DESIGN.C,data,True,_dull_minus_button_seg,2,145820,
41,D:\MOX\OTHERS\DESIGN.C,data,True,_dark_build_design_button_seg,2,145824,
41,D:\MOX\OTHERS\DESIGN.C,data,True,_printed_space_avail,2,145828,
41,D:\MOX\OTHERS\DESIGN.C,data,True,_dull_plus_button_seg,2,145832,
41,D:\MOX\OTHERS\DESIGN.C,data,True,_add_size_button_flag,2,145836,
41,D:\MOX\OTHERS\DESIGN.C,data,True,_design_computer_replacement_field,2,145842,
41,D:\MOX\OTHERS\DESIGN.C,data,True,_design_shield_replacement_field,2,145844,
41,D:\MOX\OTHERS\DESIGN.C,data,True,_design_size_field,2,145846,
41,D:\MOX\OTHERS\DESIGN.C,data,True,_use_augmented_engines,2,145848,
41,D:\MOX\OTHERS\DESIGN.C,data,False,_replacement_wait_ctr,2,145849,
41,D:\MOX\OTHERS\DESIGN.C,data,True,_changed_design_name,2,145850,
42,D:\MOX\OTHERS\EVANHELP.C,data,True,_null_modem_setup_screen_help_list,2,145852,
42,D:\MOX\OTHERS\EVANHELP.C,data,True,_hotseat_setup_screen_help_list,2,145892,
42,D:\MOX\OTHERS\EVANHELP.C,data,True,_diplomacy_request_help_list,2,145932,
42,D:\MOX\OTHERS\EVANHELP.C,data,True,_coloff_screen_help_list,2,145972,
42,D:\MOX\OTHERS\EVANHELP.C,data,True,_fleet_screen_help_list,2,146132,
42,D:\MOX\OTHERS\EVANHELP.C,data,True,_weapon_replacement_screen_help_list,2,146452,
42,D:\MOX\OTHERS\EVANHELP.C,data,True,_prev_help_struct_pointer,2,146572,
42,D:\MOX\OTHERS\EVANHELP.C,data,True,_shipoff_screen_help_list,2,146576,
42,D:\MOX\OTHERS\EVANHELP.C,data,True,_modem_setup_screen_help_list,2,146906,
42,D:\MOX\OTHERS\EVANHELP.C,data,True,_design_screen_help_list,2,146996,
42,D:\MOX\OTHERS\EVANHELP.C,data,True,_prev_help_list_active,2,147126,
42,D:\MOX\OTHERS\EVANHELP.C,data,True,_prev_help_list_count,2,147128,
43,D:\MOX\OTHERS\FLEETPOP.C,data,True,_n_added_buttons,2,147132,
44,D:\MOX\OTHERS\FLT1.C,data,True,_multi_button_combat_seg,2,147136,
44,D:\MOX\OTHERS\FLT1.C,data,True,_multi_button_support_seg,2,147140,
44,D:\MOX\OTHERS\FLT1.C,data,True,_support_filter_button,2,147144,
44,D:\MOX\OTHERS\FLT1.C,data,True,_combat_filter_button,2,147146,
44,D:\MOX\OTHERS\FLT1.C,data,True,_fleet_screen_bad_ship_id,2,147148,
44,D:\MOX\OTHERS\FLT1.C,data,True,_n_player_ships,2,147150,
44,D:\MOX\OTHERS\FLT1.C,data,True,_relocate_button_mode,2,147153,
44,D:\MOX\OTHERS\FLT1.C,data,False,_skip_draw_fltscrn_ship_pictures,2,147154,
46,D:\MOX\OTHERS\GENDRAW.C,data,True,_box_bitmap,2,147156,
46,D:\MOX\OTHERS\GENDRAW.C,data,True,_gendraw_af,2,147160,
46,D:\MOX\OTHERS\GENDRAW.C,data,True,_image_seg,2,147164,
46,D:\MOX\OTHERS\GENDRAW.C,data,True,_message_field_save,2,147176,
46,D:\MOX\OTHERS\GENDRAW.C,data,True,_animation_frame,2,147198,
46,D:\MOX\OTHERS\GENDRAW.C,data,True,_save_refresh_mode,2,147200,
46,D:\MOX\OTHERS\GENDRAW.C,data,True,_direction,2,147204,
46,D:\MOX\OTHERS\GENDRAW.C,data,True,_message_box_y,2,147206,
46,D:\MOX\OTHERS\GENDRAW.C,data,True,_warning_box,2,147208,
48,D:\MOX\OTHERS\HAROLD.C,data,True,_saved_mouse_list,2,147212,
48,D:\MOX\OTHERS\HAROLD.C,data,False,_flic_offset_x,2,147332,
48,D:\MOX\OTHERS\HAROLD.C,data,False,_flic_offset_y,2,147356,
48,D:\MOX\OTHERS\HAROLD.C,data,True,_prev_mouse_list,2,147380,
48,D:\MOX\OTHERS\HAROLD.C,data,True,_saved_mouse_list_count,2,147392,
48,D:\MOX\OTHERS\HAROLD.C,data,True,_prev_mouse_list_count,2,147394,
48,D:\MOX\OTHERS\HAROLD.C,data,False,_set_fade_for_first_fltpop,2,147396,
49,D:\MOX\OTHERS\HOMEGEN.C,data,True,_nearest_food_worlds,2,147400,
49,D:\MOX\OTHERS\HOMEGEN.C,data,True,_HOME_WORLD_GEN_MAX_CTR,2,147416,
49,D:\MOX\OTHERS\HOMEGEN.C,data,True,_home,2,147420,
49,D:\MOX\OTHERS\HOMEGEN.C,data,True,_good_stars,2,147424,
49,D:\MOX\OTHERS\HOMEGEN.C,data,True,_star_list,2,147428,
50,D:\MOX\OTHERS\LOADSAVE.C,data,True,_months,2,147432,
50,D:\MOX\OTHERS\LOADSAVE.C,data,False,_game_popup_fields,2,147512,
50,D:\MOX\OTHERS\LOADSAVE.C,data,True,_screen_bitmap,2,147516,
50,D:\MOX\OTHERS\LOADSAVE.C,data,True,_dark_load_button_seg,2,147520,
50,D:\MOX\OTHERS\LOADSAVE.C,data,True,_game_anims,2,147524,
50,D:\MOX\OTHERS\LOADSAVE.C,data,True,_empty_save_slot_message,2,147528,
50,D:\MOX\OTHERS\LOADSAVE.C,data,True,_music_level_field,2,147548,
50,D:\MOX\OTHERS\LOADSAVE.C,data,True,_hotkey_field,2,147550,
50,D:\MOX\OTHERS\LOADSAVE.C,data,True,_sfx_level_field,2,147552,
50,D:\MOX\OTHERS\LOADSAVE.C,data,True,_print_data_to_bitmap,2,147554,
50,D:\MOX\OTHERS\LOADSAVE.C,data,True,_skip_draw_load_save,2,147555,
50,D:\MOX\OTHERS\LOADSAVE.C,data,True,_dont_draw_darkened_buttons,2,147556,
50,D:\MOX\OTHERS\LOADSAVE.C,data,True,_draw_load_save_to_back,2,147557,
50,D:\MOX\OTHERS\LOADSAVE.C,data,True,_loaded_new_game,2,147558,
50,D:\MOX\OTHERS\LOADSAVE.C,data,True,_double_clicked,2,147559,
50,D:\MOX\OTHERS\LOADSAVE.C,data,True,_loaded_debug_save,2,147560,
50,D:\MOX\OTHERS\LOADSAVE.C,data,True,_save_button_active,2,147561,
51,D:\MOX\OTHERS\MAINMENU.C,data,False,_credits,2,147564,
51,D:\MOX\OTHERS\MAINMENU.C,data,True,_bitmap,2,147568,
51,D:\MOX\OTHERS\MAINMENU.C,data,True,_credit_count,2,147572,
51,D:\MOX\OTHERS\MAINMENU.C,data,True,_credit_y,2,147576,
51,D:\MOX\OTHERS\MAINMENU.C,data,True,_credit_x,2,147580,
51,D:\MOX\OTHERS\MAINMENU.C,data,False,_mainmenu_last_seg,2,147584,
51,D:\MOX\OTHERS\MAINMENU.C,data,True,_gametype,2,147588,
51,D:\MOX\OTHERS\MAINMENU.C,data,False,_mainmenu_first_seg,2,147592,
51,D:\MOX\OTHERS\MAINMENU.C,data,True,_main_menu_background_seg,2,147596,
51,D:\MOX\OTHERS\MAINMENU.C,data,True,_mainmenu,2,147600,
51,D:\MOX\OTHERS\MAINMENU.C,data,True,_credits_font_style,2,147604,
51,D:\MOX\OTHERS\MAINMENU.C,data,True,_delay_count,2,147606,
51,D:\MOX\OTHERS\MAINMENU.C,data,True,_max_credits,2,147608,
51,D:\MOX\OTHERS\MAINMENU.C,data,True,_credits_column_one,2,147610,
51,D:\MOX\OTHERS\MAINMENU.C,data,True,_draw_main_menu_to_back,2,147611,
51,D:\MOX\OTHERS\MAINMENU.C,data,True,_credit_num,2,147612,
51,D:\MOX\OTHERS\MAINMENU.C,data,True,_do_credits,2,147613,
51,D:\MOX\OTHERS\MAINMENU.C,data,True,_credits_font_spacing,2,147614,
52,D:\MOX\OTHERS\MAINSCR.C,data,False,_hotseat_system_box,2,147616,
52,D:\MOX\OTHERS\MAINSCR.C,data,False,_hotseat_fleet_box,2,147680,
52,D:\MOX\OTHERS\MAINSCR.C,data,False,_hotseat_map_scale,2,147744,
52,D:\MOX\OTHERS\MAINSCR.C,data,False,_player_lights_seg,2,147752,
52,D:\MOX\OTHERS\MAINSCR.C,data,True,_diplo_lights_anim_frame,2,147784,
52,D:\MOX\OTHERS\MAINSCR.C,data,False,_temp_bitmap,2,147792,
52,D:\MOX\OTHERS\MAINSCR.C,data,True,_last_field,2,147796,
52,D:\MOX\OTHERS\MAINSCR.C,data,True,_box_seed,2,147798,
52,D:\MOX\OTHERS\MAINSCR.C,data,False,_command_points_window_field,2,147800,
52,D:\MOX\OTHERS\MAINSCR.C,data,False,_treasury_window_field,2,147802,
52,D:\MOX\OTHERS\MAINSCR.C,data,False,_whole_screen_field,2,147804,
52,D:\MOX\OTHERS\MAINSCR.C,data,False,_zoom_box_x,2,147806,
52,D:\MOX\OTHERS\MAINSCR.C,data,False,_zoom_box_y,2,147808,
52,D:\MOX\OTHERS\MAINSCR.C,data,False,_next_button,2,147810,
52,D:\MOX\OTHERS\MAINSCR.C,data,True,_n_twinkling_stars,2,147812,
52,D:\MOX\OTHERS\MAINSCR.C,data,False,_freighters_window_field,2,147814,
52,D:\MOX\OTHERS\MAINSCR.C,data,False,_research_window_field,2,147816,
52,D:\MOX\OTHERS\MAINSCR.C,data,False,_food_window_field,2,147818,
52,D:\MOX\OTHERS\MAINSCR.C,data,False,_exit_button,2,147820,
52,D:\MOX\OTHERS\MAINSCR.C,data,False,_first_field,2,147822,
52,D:\MOX\OTHERS\MAINSCR.C,data,False,_exit_game_hot_key,2,147824,
52,D:\MOX\OTHERS\MAINSCR.C,data,False,_races_button,2,147826,
52,D:\MOX\OTHERS\MAINSCR.C,data,False,_design_button,2,147828,
52,D:\MOX\OTHERS\MAINSCR.C,data,False,_zoom_in_button,2,147830,
52,D:\MOX\OTHERS\MAINSCR.C,data,False,_zoom_out_button,2,147832,
52,D:\MOX\OTHERS\MAINSCR.C,data,False,_info_button,2,147834,
52,D:\MOX\OTHERS\MAINSCR.C,data,False,_game_button,2,147836,
52,D:\MOX\OTHERS\MAINSCR.C,data,False,_colonies_button,2,147838,
52,D:\MOX\OTHERS\MAINSCR.C,data,False,_main_screen_ship_icon_scanned,2,147840,
52,D:\MOX\OTHERS\MAINSCR.C,data,False,_leaders_button,2,147842,
52,D:\MOX\OTHERS\MAINSCR.C,data,False,_planets_button,2,147844,
52,D:\MOX\OTHERS\MAINSCR.C,data,False,_fleet_icon_chosen,2,147846,
52,D:\MOX\OTHERS\MAINSCR.C,data,False,_fleets_button,2,147848,
52,D:\MOX\OTHERS\MAINSCR.C,data,True,_main_screen_scanned_star,2,147850,
52,D:\MOX\OTHERS\MAINSCR.C,data,False,_debug_field,2,147852,
52,D:\MOX\OTHERS\MAINSCR.C,data,False,_already_faded_into_main_screen,2,147854,
52,D:\MOX\OTHERS\MAINSCR.C,data,True,_clear_fleet_fields,2,147855,
52,D:\MOX\OTHERS\MAINSCR.C,data,False,_add_mainscrn_debug_field,2,147856,
52,D:\MOX\OTHERS\MAINSCR.C,data,False,_draw_ship_icons_flag,2,147857,
52,D:\MOX\OTHERS\MAINSCR.C,data,True,_zoom_box_color_increment,2,147858,
52,D:\MOX\OTHERS\MAINSCR.C,data,True,_zoom_box_counter,2,147859,
52,D:\MOX\OTHERS\MAINSCR.C,data,False,_check_next_turn_exit_field,2,147860,
52,D:\MOX\OTHERS\MAINSCR.C,data,False,_fleet_ship_selection_status,2,147861,
52,D:\MOX\OTHERS\MAINSCR.C,data,False,_in_auto_next_turn_mode,2,147862,
52,D:\MOX\OTHERS\MAINSCR.C,data,True,_zoom_box_increment_value,2,147863,
52,D:\MOX\OTHERS\MAINSCR.C,data,False,_next_turn_hit,2,147864,
52,D:\MOX\OTHERS\MAINSCR.C,data,True,_fltpop_field_selection_status,2,147865,
52,D:\MOX\OTHERS\MAINSCR.C,data,True,_moving_a_stack,2,147866,
52,D:\MOX\OTHERS\MAINSCR.C,data,True,_track_time_flag,2,147867,
52,D:\MOX\OTHERS\MAINSCR.C,data,True,_merging_relocations,2,147868,
52,D:\MOX\OTHERS\MAINSCR.C,data,False,_officer_screen_return_screen,2,147869,
52,D:\MOX\OTHERS\MAINSCR.C,data,True,_mouse_btn_pressed,2,147870,
52,D:\MOX\OTHERS\MAINSCR.C,data,True,_warn_about_cheaters,2,147871,
53,D:\MOX\OTHERS\MAINSCR2.C,data,False,_main_screen_fade_in_flag,2,147872,
53,D:\MOX\OTHERS\MAINSCR2.C,data,False,_in_reports_phase,2,147873,
53,D:\MOX\OTHERS\MAINSCR2.C,data,False,_force_main_screen_fade,2,147874,
54,D:\MOX\OTHERS\MAPGEN.C,data,False,_planet_group_type_stat,2,147876,
54,D:\MOX\OTHERS\MAPGEN.C,data,False,_planet_type_stat,2,147892,
54,D:\MOX\OTHERS\MAPGEN.C,data,False,_climate_stat,2,147932,
54,D:\MOX\OTHERS\MAPGEN.C,data,True,_tests_failed,2,147972,
54,D:\MOX\OTHERS\MAPGEN.C,data,False,_satellite_stat,2,147980,
54,D:\MOX\OTHERS\MAPGEN.C,data,False,_stat_count,2,148004,
54,D:\MOX\OTHERS\MAPGEN.C,data,False,_gravity_stat,2,148008,
54,D:\MOX\OTHERS\MAPGEN.C,data,False,_spectral_class_stat,2,148020,
54,D:\MOX\OTHERS\MAPGEN.C,data,False,_nebula_stat,2,148048,
54,D:\MOX\OTHERS\MAPGEN.C,data,False,_total_planets,2,148068,
54,D:\MOX\OTHERS\MAPGEN.C,data,False,_planet_special_stat,2,148072,
54,D:\MOX\OTHERS\MAPGEN.C,data,False,_gen,2,148084,
54,D:\MOX\OTHERS\MAPGEN.C,data,False,_planet_size_stat,2,148088,
54,D:\MOX\OTHERS\MAPGEN.C,data,False,_star_size_stat,2,148108,
54,D:\MOX\OTHERS\MAPGEN.C,data,False,_atmosphere_stat,2,148120,
54,D:\MOX\OTHERS\MAPGEN.C,data,False,_mineral_type_stat,2,148132,
54,D:\MOX\OTHERS\MAPGEN.C,data,True,_fMapgenxy,2,148152,
54,D:\MOX\OTHERS\MAPGEN.C,data,True,_name_index,2,148156,
54,D:\MOX\OTHERS\MAPGEN.C,data,True,_name_seg,2,148160,
54,D:\MOX\OTHERS\MAPGEN.C,data,True,_n_planets,2,148164,
54,D:\MOX\OTHERS\MAPGEN.C,data,True,_fMapgen,2,148168,
54,D:\MOX\OTHERS\MAPGEN.C,data,True,_num_maps_to_generate,2,148172,
54,D:\MOX\OTHERS\MAPGEN.C,data,False,_pl,2,148176,
54,D:\MOX\OTHERS\MAPGEN.C,data,True,_special_count,2,148180,
54,D:\MOX\OTHERS\MAPGEN.C,data,True,_n_stars,2,148192,
54,D:\MOX\OTHERS\MAPGEN.C,data,False,_fill_msg_bitmap,2,148196,
54,D:\MOX\OTHERS\MAPGEN.C,data,True,_evan_ptr,2,148200,
54,D:\MOX\OTHERS\MAPGEN.C,data,True,_star_count,2,148204,
54,D:\MOX\OTHERS\MAPGEN.C,data,True,_t_roll,2,148206,
54,D:\MOX\OTHERS\MAPGEN.C,data,False,_fill_msg_ctr,2,148208,
54,D:\MOX\OTHERS\MAPGEN.C,data,False,_companion_star,2,148210,
54,D:\MOX\OTHERS\MAPGEN.C,data,False,_fill_msg,2,148212,
54,D:\MOX\OTHERS\MAPGEN.C,data,True,_gen_stats,2,148247,
54,D:\MOX\OTHERS\MAPGEN.C,data,True,_n_maps_generated,2,148248,
54,D:\MOX\OTHERS\MAPGEN.C,data,False,_n_space_monsters,2,148249,
54,D:\MOX\OTHERS\MAPGEN.C,data,False,_make_food_planet,2,148250,
55,D:\MOX\OTHERS\MISC.C,data,False,_mox_font_colors,2,148252,
55,D:\MOX\OTHERS\MISC.C,data,True,_mouse_clock_image_num,2,148260,
57,D:\MOX\OTHERS\NAMESTAR.C,data,True,_g_remap_colors,2,148264,
57,D:\MOX\OTHERS\NAMESTAR.C,data,True,_input_box,2,148272,
58,D:\MOX\OTHERS\OFFICER.C,data,True,_officer_skill_help,2,148488,
58,D:\MOX\OTHERS\OFFICER.C,data,True,_ldrpict,2,148568,
58,D:\MOX\OTHERS\OFFICER.C,data,True,_officer_skill_description_string,2,148572,
58,D:\MOX\OTHERS\OFFICER.C,data,True,_prev_leaders,2,148680,
58,D:\MOX\OTHERS\OFFICER.C,data,True,_officer_skill_name_string,2,148684,
58,D:\MOX\OTHERS\OFFICER.C,data,True,_officer_dismiss_btn,2,148792,
58,D:\MOX\OTHERS\OFFICER.C,data,True,_officer_pool_btn,2,148794,
58,D:\MOX\OTHERS\OFFICER.C,data,False,_fleet_icon_ship_id_to_move,2,148796,
58,D:\MOX\OTHERS\OFFICER.C,data,False,_officer_star_displayed,2,148798,
58,D:\MOX\OTHERS\OFFICER.C,data,False,_officer_star_chosen,2,148800,
58,D:\MOX\OTHERS\OFFICER.C,data,True,_offscrn_ask_for_hire_popup,2,148802,
58,D:\MOX\OTHERS\OFFICER.C,data,True,_officer_button_mode,2,148804,
58,D:\MOX\OTHERS\OFFICER.C,data,True,_offscrn_skip_draw_ships,2,148805,
58,D:\MOX\OTHERS\OFFICER.C,data,False,_offscrn_flash_incr,2,148806,
58,D:\MOX\OTHERS\OFFICER.C,data,False,_offscrn_flash_dir,2,148807,
58,D:\MOX\OTHERS\OFFICER.C,data,False,_offscrn_flash_value,2,148808,
59,D:\MOX\OTHERS\PLNTSUM.C,data,True,_can_reach_star,2,148812,
59,D:\MOX\OTHERS\PLNTSUM.C,data,True,_p_rotating_planet,2,148884,
59,D:\MOX\OTHERS\PLNTSUM.C,data,True,_screen,2,148888,
59,D:\MOX\OTHERS\PLNTSUM.C,data,True,_climate_bit_field,2,148892,
59,D:\MOX\OTHERS\PLNTSUM.C,data,True,_planet_summary,2,148896,
59,D:\MOX\OTHERS\PLNTSUM.C,data,True,_ship_summary,2,148900,
59,D:\MOX\OTHERS\PLNTSUM.C,data,True,_n_plntsum_ships,2,148904,
59,D:\MOX\OTHERS\PLNTSUM.C,data,True,_last_ship_moved,2,148906,
59,D:\MOX\OTHERS\PLNTSUM.C,data,True,_send_choice,2,148908,
59,D:\MOX\OTHERS\PLNTSUM.C,data,True,_plntsum_scroll_bar,2,148910,
59,D:\MOX\OTHERS\PLNTSUM.C,data,True,_n_ships_in_summary,2,148912,
59,D:\MOX\OTHERS\PLNTSUM.C,data,True,_planet_explored,2,148914,
59,D:\MOX\OTHERS\PLNTSUM.C,data,True,_wait_ctr,2,148959,
59,D:\MOX\OTHERS\PLNTSUM.C,data,True,_draw_colony_button_status,2,148960,
59,D:\MOX\OTHERS\PLNTSUM.C,data,True,_flash_color_value,2,148961,
59,D:\MOX\OTHERS\PLNTSUM.C,data,True,_draw_outpost_button_status,2,148962,
59,D:\MOX\OTHERS\PLNTSUM.C,data,True,_skip_draw_planets,2,148963,
59,D:\MOX\OTHERS\PLNTSUM.C,data,True,_can_reach_scanned_planet,2,148964,
59,D:\MOX\OTHERS\PLNTSUM.C,data,True,_fade_flag,2,148965,
59,D:\MOX\OTHERS\PLNTSUM.C,data,True,_draw_screen_to_back,2,148966,
59,D:\MOX\OTHERS\PLNTSUM.C,data,True,_recalc_first_planet,2,148967,
59,D:\MOX\OTHERS\PLNTSUM.C,data,True,_box_field_scanned,2,148968,
59,D:\MOX\OTHERS\PLNTSUM.C,data,True,_found_outpost_ship,2,148969,
59,D:\MOX\OTHERS\PLNTSUM.C,data,True,_found_colony_ship,2,148970,
60,D:\MOX\OTHERS\SCORE.C,data,False,_hof,2,148988,
60,D:\MOX\OTHERS\SCORE.C,data,True,_hi,2,149440,
60,D:\MOX\OTHERS\SCORE.C,data,True,_entry_to_flash,2,149444,
60,D:\MOX\OTHERS\SCORE.C,data,True,_difficulty_string,2,149446,
63,D:\MOX\OTHERS\SYS.C,data,False,_remap_gray_mask_palette,2,149524,
63,D:\MOX\OTHERS\SYS.C,data,False,_sys_data_buffer,2,152084,
63,D:\MOX\OTHERS\SYS.C,data,True,_system_display_sun_seg,2,152088,
63,D:\MOX\OTHERS\SYS.C,data,True,_sys_disp_bitmap,2,152092,
63,D:\MOX\OTHERS\SYS.C,data,True,_planet_palette,2,152096,
63,D:\MOX\OTHERS\SYS.C,data,False,_mask_header,2,152100,
63,D:\MOX\OTHERS\SYS.C,data,True,_star_description_string,2,152104,
63,D:\MOX\OTHERS\SYS.C,data,True,_planet_anim_ctr,2,152359,
63,D:\MOX\OTHERS\SYS.C,data,False,_skip_draw_system_planets,2,152364,
63,D:\MOX\OTHERS\SYS.C,data,True,_draw_sun_before_planet,2,152365,
63,D:\MOX\OTHERS\SYS.C,data,True,_evan_show_prime_flag,2,152366,
63,D:\MOX\OTHERS\SYS.C,data,False,_skip_draw_system_display,2,152367,
64,D:\MOX\OTHERS\TEXTBOX.C,data,True,_textbox_field_save,2,152368,
64,D:\MOX\OTHERS\TEXTBOX.C,data,True,_textbox_seg,2,152404,
64,D:\MOX\OTHERS\TEXTBOX.C,data,True,_textbox_af,2,152408,
64,D:\MOX\OTHERS\TEXTBOX.C,data,True,_bottom_y,2,152412,
64,D:\MOX\OTHERS\TEXTBOX.C,data,True,_box_y,2,152414,
64,D:\MOX\OTHERS\TEXTBOX.C,data,True,_box_x,2,152416,
64,D:\MOX\OTHERS\TEXTBOX.C,data,True,_old_help_list_active,2,152420,
64,D:\MOX\OTHERS\TEXTBOX.C,data,True,_old_draw_fields_flag,2,152422,
64,D:\MOX\OTHERS\TEXTBOX.C,data,True,_box_size,2,152424,
64,D:\MOX\OTHERS\TEXTBOX.C,data,True,_reload_saved_block,2,152426,
65,D:\MOX\OTHERS\BEAMS.C,data,False,_env_shield_anims,2,152432,
65,D:\MOX\OTHERS\BEAMS.C,data,False,_laser_burst_anim,2,152592,
65,D:\MOX\OTHERS\BEAMS.C,data,False,_shield_anims,2,152848,
65,D:\MOX\OTHERS\BEAMS.C,data,False,_combined_pict,2,153008,
65,D:\MOX\OTHERS\BEAMS.C,data,False,_shield_pict,2,153012,
65,D:\MOX\OTHERS\BEAMS.C,data,False,_envelop_pict,2,153016,
65,D:\MOX\OTHERS\BEAMS.C,data,True,_mauler_ball_seg,2,153020,
65,D:\MOX\OTHERS\BEAMS.C,data,False,_pict,2,153028,
65,D:\MOX\OTHERS\BEAMS.C,data,False,_burst_pict,2,153032,
65,D:\MOX\OTHERS\BEAMS.C,data,False,_explode_pict,2,153036,
65,D:\MOX\OTHERS\BEAMS.C,data,True,_g_sfx_n,2,153040,
65,D:\MOX\OTHERS\BEAMS.C,data,True,_g_weapon_n,2,153042,
65,D:\MOX\OTHERS\BEAMS.C,data,False,_msg_queue,2,153044,
67,D:\MOX\OTHERS\COLBCACH.C,data,False,_bldg_cache_index,2,153500,
67,D:\MOX\OTHERS\COLBCACH.C,data,False,_bldg_cache_col,2,153580,
67,D:\MOX\OTHERS\COLBCACH.C,data,False,_bldg_cache_row,2,153660,
67,D:\MOX\OTHERS\COLBCACH.C,data,False,_bldg_cache,2,153740,
67,D:\MOX\OTHERS\COLBCACH.C,data,False,_bldg_cache_time_stamp,2,153900,
67,D:\MOX\OTHERS\COLBCACH.C,data,False,_bldg_cache_seg,2,154060,
68,D:\MOX\OTHERS\COLBLDG.C,data,False,_bldg_bitm,2,155020,
68,D:\MOX\OTHERS\COLBLDG.C,data,False,_colsum_pal_anim,2,155024,
68,D:\MOX\OTHERS\COLBLDG.C,data,True,_desc_record_ptr,2,155028,
68,D:\MOX\OTHERS\COLBLDG.C,data,True,_building_fields,2,155060,
68,D:\MOX\OTHERS\COLBLDG.C,data,False,_buffer,2,155276,
68,D:\MOX\OTHERS\COLBLDG.C,data,True,_colony_bldg_saved_screen,2,155302,
68,D:\MOX\OTHERS\COLBLDG.C,data,True,_refitting_ship_n,2,155304,
68,D:\MOX\OTHERS\COLBLDG.C,data,True,_scanned_prod,2,155306,
68,D:\MOX\OTHERS\COLBLDG.C,data,True,_colony_auto_building,2,155308,
69,D:\MOX\OTHERS\COLBOMB.C,data,False,_backup_results_ptr,2,155316,
69,D:\MOX\OTHERS\COLBOMB.C,data,False,_results_ptr,2,155320,
69,D:\MOX\OTHERS\COLBOMB.C,data,False,_n_bombs,2,155324,
69,D:\MOX\OTHERS\COLBOMB.C,data,False,_bombs,2,155328,
70,D:\MOX\OTHERS\COLDRAW.C,data,False,_veggie_list,2,155704,
70,D:\MOX\OTHERS\COLDRAW.C,data,False,_veggie_anims,2,156568,
70,D:\MOX\OTHERS\COLDRAW.C,data,False,_g_link_list,2,156984,
70,D:\MOX\OTHERS\COLDRAW.C,data,False,_g_n_links,2,157026,
70,D:\MOX\OTHERS\COLDRAW.C,data,False,_road_list,2,157028,
71,D:\MOX\OTHERS\COLGCBT.C,data,True,_g_units,2,158612,
71,D:\MOX\OTHERS\COLGCBT.C,data,True,_explosion_anim,2,160612,
71,D:\MOX\OTHERS\COLGCBT.C,data,True,_heart_anim,2,160616,
71,D:\MOX\OTHERS\COLGCBT.C,data,True,_frame_anim,2,160620,
71,D:\MOX\OTHERS\COLGCBT.C,data,False,_flip_bitm_seg2,2,160624,
71,D:\MOX\OTHERS\COLGCBT.C,data,False,_flip_bitm_seg,2,160628,
71,D:\MOX\OTHERS\COLGCBT.C,data,True,_g_attack_ptr,2,160632,
71,D:\MOX\OTHERS\COLGCBT.C,data,True,_g_defend_ptr,2,160636,
71,D:\MOX\OTHERS\COLGCBT.C,data,True,_display_fast,2,160644,
71,D:\MOX\OTHERS\COLGCBT.C,data,True,_top_line,2,160646,
71,D:\MOX\OTHERS\COLGCBT.C,data,True,_start_combat,2,160648,
72,D:\MOX\OTHERS\COLLAND.C,data,True,_pod1l_sfx,2,160652,
72,D:\MOX\OTHERS\COLLAND.C,data,True,_pod2d_sfx,2,160656,
72,D:\MOX\OTHERS\COLLAND.C,data,True,_l_anims,2,160660,
72,D:\MOX\OTHERS\COLLAND.C,data,True,_pod1d_sfx,2,160664,
72,D:\MOX\OTHERS\COLLAND.C,data,True,_pod2l_sfx,2,160668,
74,D:\MOX\OTHERS\COLONY.C,data,True,_import_anims,2,160676,
74,D:\MOX\OTHERS\COLONY.C,data,True,_job_anims,2,160708,
74,D:\MOX\OTHERS\COLONY.C,data,True,_military_anims,2,161044,
74,D:\MOX\OTHERS\COLONY.C,data,True,_govt_anims,2,161324,
74,D:\MOX\OTHERS\COLONY.C,data,True,_conquered_anims,2,161356,
74,D:\MOX\OTHERS\COLONY.C,data,True,_wee_import_anims,2,161412,
74,D:\MOX\OTHERS\COLONY.C,data,True,_wee_prod_anims,2,161444,
74,D:\MOX\OTHERS\COLONY.C,data,True,_prod_anims,2,161476,
74,D:\MOX\OTHERS\COLONY.C,data,True,_spy_anim,2,161508,
74,D:\MOX\OTHERS\COLONY.C,data,True,_colony_bldg_fields,2,161564,
74,D:\MOX\OTHERS\COLONY.C,data,False,_ocean_planet_cache_seg,2,161636,
74,D:\MOX\OTHERS\COLONY.C,data,False,_planet_cache_time_stamp,2,161640,
74,D:\MOX\OTHERS\COLONY.C,data,False,_ocean_planet_cache,2,161660,
74,D:\MOX\OTHERS\COLONY.C,data,False,_planet_cache_seg,2,161664,
74,D:\MOX\OTHERS\COLONY.C,data,False,_planet_cache,2,161684,
74,D:\MOX\OTHERS\COLONY.C,data,False,_colony_handle,2,161704,
74,D:\MOX\OTHERS\COLONY.C,data,True,_native_anim,2,161708,
74,D:\MOX\OTHERS\COLONY.C,data,False,_swap_bitm,2,161712,
74,D:\MOX\OTHERS\COLONY.C,data,False,_g_count,2,161716,
74,D:\MOX\OTHERS\COLONY.C,data,False,_star_handle,2,161720,
74,D:\MOX\OTHERS\COLONY.C,data,False,_planet_handle,2,161724,
74,D:\MOX\OTHERS\COLONY.C,data,False,_ship_bitm,2,161728,
74,D:\MOX\OTHERS\COLONY.C,data,False,_mouse_bitm,2,161732,
74,D:\MOX\OTHERS\COLONY.C,data,False,_orbit_n,2,161736,
74,D:\MOX\OTHERS\COLONY.C,data,False,_ship_pic_bitm,2,161740,
74,D:\MOX\OTHERS\COLONY.C,data,True,_android_anim,2,161744,
74,D:\MOX\OTHERS\COLONY.C,data,False,_pop_fields,2,161748,
74,D:\MOX\OTHERS\COLONY.C,data,False,_sys_disp_scanned_star_handle,2,161832,
74,D:\MOX\OTHERS\COLONY.C,data,False,_sys_disp_star_handle,2,161836,
74,D:\MOX\OTHERS\COLONY.C,data,False,_sys_disp_scanned_planned_handle,2,161840,
74,D:\MOX\OTHERS\COLONY.C,data,False,_settler_fields_ref,2,161844,
74,D:\MOX\OTHERS\COLONY.C,data,False,_pop_fields_ref,2,161928,
74,D:\MOX\OTHERS\COLONY.C,data,True,_colony_satellite_fields,2,162180,
74,D:\MOX\OTHERS\COLONY.C,data,False,_sys_disp_planet_handle,2,162200,
74,D:\MOX\OTHERS\COLONY.C,data,True,_colony_satellites,2,162204,
74,D:\MOX\OTHERS\COLONY.C,data,False,_planet_cache_entry,2,162224,
74,D:\MOX\OTHERS\COLONY.C,data,False,_sys_disp_fields,2,162234,
74,D:\MOX\OTHERS\COLONY.C,data,False,_sys_disp_summ_fields,2,162240,
74,D:\MOX\OTHERS\COLONY.C,data,False,_sys_disp_planet_fields,2,162250,
74,D:\MOX\OTHERS\COLONY.C,data,False,_pop_fields_count,2,162260,
74,D:\MOX\OTHERS\COLONY.C,data,False,_pop_fields_coord_var,2,162266,
74,D:\MOX\OTHERS\COLONY.C,data,False,_job_fields,2,162272,
74,D:\MOX\OTHERS\COLONY.C,data,False,_ocean_planet_cache_entry,2,162278,
74,D:\MOX\OTHERS\COLONY.C,data,True,_colony_saved_screen,2,162280,
74,D:\MOX\OTHERS\COLONY.C,data,False,_galaxy_map_name_field,2,162282,
74,D:\MOX\OTHERS\COLONY.C,data,False,_settler_fields,2,162284,
74,D:\MOX\OTHERS\COLONY.C,data,False,_g_scanned_planet,2,162286,
74,D:\MOX\OTHERS\COLONY.C,data,False,_settler_fields_coord_var,2,162290,
74,D:\MOX\OTHERS\COLONY.C,data,False,_settler_fields_count,2,162292,
74,D:\MOX\OTHERS\COLONY.C,data,True,_g_mil_y,2,162294,
74,D:\MOX\OTHERS\COLONY.C,data,True,_g_mil_x,2,162296,
75,D:\MOX\OTHERS\COLREFIT.C,data,True,_g_ship_list_ptr,2,162324,
75,D:\MOX\OTHERS\COLREFIT.C,data,False,_g_scroll_ptr,2,162328,
75,D:\MOX\OTHERS\COLREFIT.C,data,True,_g_ship_field_list_ptr,2,162336,
75,D:\MOX\OTHERS\COLREFIT.C,data,True,_g_ship_n,2,162342,
75,D:\MOX\OTHERS\COLREFIT.C,data,True,_n_ships_in_list,2,162344,
75,D:\MOX\OTHERS\COLREFIT.C,data,True,_n_ships_onscreen,2,162346,
76,D:\MOX\OTHERS\COLSUM.C,data,True,_wee_event_strings,2,162348,
76,D:\MOX\OTHERS\COLSUM.C,data,True,_list_buy_data,2,165012,
76,D:\MOX\OTHERS\COLSUM.C,data,True,_list_buy_fields,2,165092,
76,D:\MOX\OTHERS\COLSUM.C,data,True,_colony_summary_saved_screen,2,165292,
77,D:\MOX\OTHERS\COLSYSDI.C,data,True,_planet_anims,2,165296,
77,D:\MOX\OTHERS\COLSYSDI.C,data,True,_gas_giant_planet_seg,2,165496,
77,D:\MOX\OTHERS\COLSYSDI.C,data,True,_asteroid_planet_seg,2,165500,
77,D:\MOX\OTHERS\COLSYSDI.C,data,True,_blinker_seg,2,165504,
78,D:\MOX\OTHERS\COLXPORT.C,data,True,_cheezy_hack_col_count,2,165524,
78,D:\MOX\OTHERS\COLXPORT.C,data,True,_list_col_pop_ref,2,165548,
78,D:\MOX\OTHERS\COLXPORT.C,data,True,_list_col_job_fields,2,166052,
78,D:\MOX\OTHERS\COLXPORT.C,data,False,_g_colony_list_ptr,2,166064,
78,D:\MOX\OTHERS\COLXPORT.C,data,True,_list_col_coord_vars,2,166068,
78,D:\MOX\OTHERS\COLXPORT.C,data,True,_list_col,2,166080,
78,D:\MOX\OTHERS\COLXPORT.C,data,True,_list_col_prod_fields,2,166092,
78,D:\MOX\OTHERS\COLXPORT.C,data,True,_list_col_pop_count,2,166104,
78,D:\MOX\OTHERS\COLXPORT.C,data,True,_list_fields,2,166116,
79,D:\MOX\OTHERS\ERIC.C,data,False,_cinematic_saved_autofunction,2,166132,
79,D:\MOX\OTHERS\ERIC.C,data,True,_g_old_time,2,166136,
79,D:\MOX\OTHERS\ERIC.C,data,True,_g_time,2,166140,
79,D:\MOX\OTHERS\ERIC.C,data,False,_old_cycle,2,166144,
80,D:\MOX\OTHERS\FAKEBUTS.C,data,False,_fake_buttons,2,166148,
80,D:\MOX\OTHERS\FAKEBUTS.C,data,False,_click_thru_fields,2,166398,
81,D:\MOX\OTHERS\FIREPTS.C,data,True,_fp_data_ptr,2,166976,
81,D:\MOX\OTHERS\FIREPTS.C,data,True,_fp_seg,2,167008,
82,D:\MOX\OTHERS\FLCQUEUE.C,data,True,_flic_queue,2,167012,
83,D:\MOX\OTHERS\MAINPUPS.C,data,False,_g_data_ptr,2,168364,
83,D:\MOX\OTHERS\MAINPUPS.C,data,True,_temp_af,2,168368,
83,D:\MOX\OTHERS\MAINPUPS.C,data,True,_g_msg,2,168372,
83,D:\MOX\OTHERS\MAINPUPS.C,data,True,_g_str_ptr,2,168376,
83,D:\MOX\OTHERS\MAINPUPS.C,data,False,_eric_saved_autofunction2,2,168380,
83,D:\MOX\OTHERS\MAINPUPS.C,data,False,_eric_saved_autofunction,2,168384,
83,D:\MOX\OTHERS\MAINPUPS.C,data,True,_mp_fields,2,168388,
83,D:\MOX\OTHERS\MAINPUPS.C,data,False,_stats_array,2,168440,
83,D:\MOX\OTHERS\MAINPUPS.C,data,True,_g_temp_tax_rate,2,168494,
83,D:\MOX\OTHERS\MAINPUPS.C,data,True,_g_state,2,168496,
83,D:\MOX\OTHERS\MAINPUPS.C,data,True,_g_max,2,168498,
83,D:\MOX\OTHERS\MAINPUPS.C,data,True,_g_var,2,168500,
83,D:\MOX\OTHERS\MAINPUPS.C,data,True,_g_min,2,168502,
83,D:\MOX\OTHERS\MAINPUPS.C,data,True,_field_state,2,168504,
83,D:\MOX\OTHERS\MAINPUPS.C,data,True,_g_refresh_mode,2,168510,
83,D:\MOX\OTHERS\MAINPUPS.C,data,True,_last_scanned_field,2,168512,
84,D:\MOX\OTHERS\NEWGAME.C,data,True,_combat_button_strings,2,168516,
84,D:\MOX\OTHERS\NEWGAME.C,data,True,_gal_size_button_strings,2,168524,
84,D:\MOX\OTHERS\NEWGAME.C,data,False,_color_ken,2,168540,
84,D:\MOX\OTHERS\NEWGAME.C,data,False,_gal_size_anims,2,168548,
84,D:\MOX\OTHERS\NEWGAME.C,data,True,_gal_age_button_strings,2,168564,
84,D:\MOX\OTHERS\NEWGAME.C,data,True,_civ_button_strings,2,168576,
84,D:\MOX\OTHERS\NEWGAME.C,data,True,_opp_button_strings,2,168588,
84,D:\MOX\OTHERS\NEWGAME.C,data,True,_hack_msg,2,168616,
84,D:\MOX\OTHERS\NEWGAME.C,data,False,_difficulty_anims,2,168664,
84,D:\MOX\OTHERS\NEWGAME.C,data,True,_diff_button_strings,2,168684,
84,D:\MOX\OTHERS\NEWGAME.C,data,False,_tech_level_anims,2,168704,
84,D:\MOX\OTHERS\NEWGAME.C,data,False,_button_seg,2,168716,
84,D:\MOX\OTHERS\NEWGAME.C,data,False,_cancel_button_seg,2,168720,
84,D:\MOX\OTHERS\NEWGAME.C,data,False,_num_players_anims,2,168724,
84,D:\MOX\OTHERS\NEWGAME.C,data,False,_gal_age_anims,2,168752,
84,D:\MOX\OTHERS\NEWGAME.C,data,False,_newgame_accept_button_seg,2,168784,
84,D:\MOX\OTHERS\NEWGAME.C,data,False,_background_seg,2,168788,
84,D:\MOX\OTHERS\NEWGAME.C,data,True,_gal_age_button_variable,2,168792,
84,D:\MOX\OTHERS\NEWGAME.C,data,True,_xenon_attacks_button_variable,2,168794,
84,D:\MOX\OTHERS\NEWGAME.C,data,True,_combat_button_variable,2,168796,
84,D:\MOX\OTHERS\NEWGAME.C,data,True,_gal_size_button_variable,2,168798,
84,D:\MOX\OTHERS\NEWGAME.C,data,True,_civ_button_variable,2,168800,
84,D:\MOX\OTHERS\NEWGAME.C,data,True,_diff_button_variable,2,168802,
84,D:\MOX\OTHERS\NEWGAME.C,data,True,_random_events_button_variable,2,168804,
84,D:\MOX\OTHERS\NEWGAME.C,data,True,_opp_button_variable,2,168806,
85,D:\MOX\OTHERS\OCPOLPUP.C,data,True,_value,2,168812,
88,D:\MOX\OTHERS\ESTRINGS.C,data,True,_string_data,2,168816,
88,D:\MOX\OTHERS\ESTRINGS.C,data,True,_strings,2,189816,
89,D:\MOX\OTHERS\NEWPUP.C,data,True,_saved_autofunction,2,193068,
89,D:\MOX\OTHERS\NEWPUP.C,data,True,_x_fields,2,193072,
91,D:\MOX\OTHERS\AIBUILD.C,data,True,_player_n_colony_ships,2,193076,
91,D:\MOX\OTHERS\AIBUILD.C,data,True,_player_n_freighter_groups_wanted,2,193100,
91,D:\MOX\OTHERS\AIBUILD.C,data,True,_player_total_strength_vs_colonies,2,193108,
91,D:\MOX\OTHERS\AIBUILD.C,data,True,_player_n_transports,2,193140,
91,D:\MOX\OTHERS\AIBUILD.C,data,True,_player_n_spies,2,193156,
91,D:\MOX\OTHERS\AIBUILD.C,data,True,_player_ship_sizes,2,193172,
91,D:\MOX\OTHERS\AIBUILD.C,data,False,_player_total_strength_vs_ships,2,193620,
92,D:\MOX\OTHERS\AIDATA.C,data,True,_g_contextual_planet_values,2,193716,
92,D:\MOX\OTHERS\AIDATA.C,data,True,_g_base_planet_values,2,199476,
92,D:\MOX\OTHERS\AIDATA.C,data,False,_ship_n_turns_to,2,205236,
92,D:\MOX\OTHERS\AIDATA.C,data,True,_n_turns_from_to_intermediate,2,205240,
92,D:\MOX\OTHERS\AIDATA.C,data,True,_planet_stage_weights,2,205244,
92,D:\MOX\OTHERS\AIDATA.C,data,True,_ship_n_turns_to_intermediate,2,205248,
92,D:\MOX\OTHERS\AIDATA.C,data,False,_airefit,2,205252,
92,D:\MOX\OTHERS\AIDATA.C,data,False,_i_all_combat_ships,2,205256,
92,D:\MOX\OTHERS\AIDATA.C,data,False,_ship_refit_desirabilities,2,205260,
92,D:\MOX\OTHERS\AIDATA.C,data,False,_aitech,2,205264,
92,D:\MOX\OTHERS\AIDATA.C,data,False,_all_ships,2,205268,
92,D:\MOX\OTHERS\AIDATA.C,data,False,_enroute_human_ships,2,205272,
92,D:\MOX\OTHERS\AIDATA.C,data,False,_ship_strengths,2,205276,
92,D:\MOX\OTHERS\AIDATA.C,data,False,_star_stage_weights,2,205280,
92,D:\MOX\OTHERS\AIDATA.C,data,False,_enroute_ships,2,205284,
92,D:\MOX\OTHERS\AIDATA.C,data,False,_n_turns_from_to,2,205288,
92,D:\MOX\OTHERS\AIDATA.C,data,False,_ai_colony_info,2,205292,
92,D:\MOX\OTHERS\AIDATA.C,data,False,_enroute_ship_strengths,2,205296,
92,D:\MOX\OTHERS\AIDATA.C,data,False,_ship_strengths_in_nebula,2,205300,
92,D:\MOX\OTHERS\AIDATA.C,data,False,_ai_star_info,2,205304,
92,D:\MOX\OTHERS\AIDATA.C,data,False,_ship_bomb_strengths,2,205308,
92,D:\MOX\OTHERS\AIDATA.C,data,False,_star_in_extended_range_of_player,2,205312,
92,D:\MOX\OTHERS\AIDATA.C,data,False,_ai_player_info,2,205316,
92,D:\MOX\OTHERS\AIDATA.C,data,False,_possible_ship_strengths,2,205320,
92,D:\MOX\OTHERS\AIDATA.C,data,False,_enroute_nonstealthy_ships,2,205324,
92,D:\MOX\OTHERS\AIDATA.C,data,False,_base_star_stage_weights,2,205328,
92,D:\MOX\OTHERS\AIDATA.C,data,False,_star_in_range_of_player,2,205332,
92,D:\MOX\OTHERS\AIDATA.C,data,False,_n_all_ships,2,205336,
93,D:\MOX\OTHERS\AIDUDES.C,data,True,_our_blockaded,2,205344,
93,D:\MOX\OTHERS\AIDUDES.C,data,True,_Sort_Pops_colony,2,205348,
93,D:\MOX\OTHERS\AIDUDES.C,data,True,_Sort_Pops_colony_info,2,205352,
93,D:\MOX\OTHERS\AIDUDES.C,data,True,_our_colonies,2,205356,
93,D:\MOX\OTHERS\AIDUDES.C,data,True,_our_unblockaded,2,205360,
93,D:\MOX\OTHERS\AIDUDES.C,data,True,_n_our_unblockaded,2,205366,
93,D:\MOX\OTHERS\AIDUDES.C,data,True,_n_our_colonies,2,205368,
93,D:\MOX\OTHERS\AIDUDES.C,data,True,_n_our_blockaded,2,205370,
95,D:\MOX\OTHERS\AIMOVE.C,data,True,_nonplayer_here,2,205372,
95,D:\MOX\OTHERS\AIMOVE.C,data,True,_flee_stars,2,205376,
95,D:\MOX\OTHERS\AIMOVE.C,data,True,_colonizable,2,205380,
95,D:\MOX\OTHERS\AIMOVE.C,data,True,_p_ai,2,205384,
95,D:\MOX\OTHERS\AIMOVE.C,data,True,_i_ai,2,205388,
95,D:\MOX\OTHERS\AIMOVE.C,data,True,_n_colonizable,2,205390,
101,D:\MOX\OTHERS\CHAT.C,data,False,_chat_info,2,205392,
102,D:\MOX\OTHERS\COLCALC.C,data,True,_d_from_d_s_ships_msg,2,205396,
102,D:\MOX\OTHERS\COLCALC.C,data,True,_d_from_d_fortresses_msg,2,205400,
102,D:\MOX\OTHERS\COLCALC.C,data,True,_command_summary_msg,2,205404,
102,D:\MOX\OTHERS\COLCALC.C,data,True,_d_from_d_battlestations_msg,2,205408,
102,D:\MOX\OTHERS\COLCALC.C,data,True,_from_imperium_msg,2,205412,
102,D:\MOX\OTHERS\COLCALC.C,data,True,_total_command_points_used_msg,2,205416,
102,D:\MOX\OTHERS\COLCALC.C,data,True,_d_from_1_noncombat_ship_msg,2,205420,
102,D:\MOX\OTHERS\COLCALC.C,data,True,_from_warlord_msg,2,205424,
102,D:\MOX\OTHERS\COLCALC.C,data,True,_total_command_points_msg,2,205428,
102,D:\MOX\OTHERS\COLCALC.C,data,True,_ship_maintenance_costs_msg,2,205432,
102,D:\MOX\OTHERS\COLCALC.C,data,True,_total_command_point_used_msg,2,205436,
102,D:\MOX\OTHERS\COLCALC.C,data,True,_d_from_d_noncombat_ships_msg,2,205440,
102,D:\MOX\OTHERS\COLCALC.C,data,True,_d_from_1_s_ship_msg,2,205444,
102,D:\MOX\OTHERS\COLCALC.C,data,True,_d_from_1_battlestation_msg,2,205448,
102,D:\MOX\OTHERS\COLCALC.C,data,True,_d_from_1_fortress_msg,2,205452,
102,D:\MOX\OTHERS\COLCALC.C,data,True,_total_food_produced_msg,2,205456,
102,D:\MOX\OTHERS\COLCALC.C,data,True,_used_msg,2,205460,
102,D:\MOX\OTHERS\COLCALC.C,data,True,_research_summary_msg,2,205464,
102,D:\MOX\OTHERS\COLCALC.C,data,True,_trade_goods_msg,2,205468,
102,D:\MOX\OTHERS\COLCALC.C,data,True,_bc_summary_msg,2,205472,
102,D:\MOX\OTHERS\COLCALC.C,data,True,_total_research_produced_msg,2,205476,
102,D:\MOX\OTHERS\COLCALC.C,data,True,_pollution_penalty_msg,2,205480,
102,D:\MOX\OTHERS\COLCALC.C,data,True,_taxes_collected_msg,2,205484,
102,D:\MOX\OTHERS\COLCALC.C,data,True,_artifacts_bonus_msg,2,205488,
102,D:\MOX\OTHERS\COLCALC.C,data,True,_d_from_1_star_base_msg,2,205492,
102,D:\MOX\OTHERS\COLCALC.C,data,True,_intelligence_bonus_msg,2,205496,
102,D:\MOX\OTHERS\COLCALC.C,data,True,_replicated_to_d_food_msg,2,205500,
102,D:\MOX\OTHERS\COLCALC.C,data,True,_taxed_from_industry_msg,2,205504,
102,D:\MOX\OTHERS\COLCALC.C,data,True,_taxed_msg,2,205508,
102,D:\MOX\OTHERS\COLCALC.C,data,True,_industry_summary_msg,2,205512,
102,D:\MOX\OTHERS\COLCALC.C,data,True,_food_summary_msg,2,205516,
102,D:\MOX\OTHERS\COLCALC.C,data,True,_government_bonus_msg,2,205520,
102,D:\MOX\OTHERS\COLCALC.C,data,True,_produced_by_scientists_msg,2,205524,
102,D:\MOX\OTHERS\COLCALC.C,data,True,_special_income_msg,2,205528,
102,D:\MOX\OTHERS\COLCALC.C,data,True,_total_income_msg,2,205532,
102,D:\MOX\OTHERS\COLCALC.C,data,True,_starting_command_points_msg,2,205536,
102,D:\MOX\OTHERS\COLCALC.C,data,True,_government_penalty_msg,2,205540,
102,D:\MOX\OTHERS\COLCALC.C,data,True,_total_industry_produced_msg,2,205544,
102,D:\MOX\OTHERS\COLCALC.C,data,True,_produced_by_workers_msg,2,205548,
102,D:\MOX\OTHERS\COLCALC.C,data,True,_d_from_d_star_bases_msg,2,205552,
102,D:\MOX\OTHERS\COLCALC.C,data,True,_base_msg,2,205556,
102,D:\MOX\OTHERS\COLCALC.C,data,True,_gravity_penalty_msg,2,205560,
102,D:\MOX\OTHERS\COLCALC.C,data,True,_unification_has_no_morale_msg,2,205564,
102,D:\MOX\OTHERS\COLCALC.C,data,True,_android_bonus_msg,2,205568,
102,D:\MOX\OTHERS\COLCALC.C,data,True,_produced_by_farmers_msg,2,205572,
102,D:\MOX\OTHERS\COLCALC.C,data,True,_government_morale_msg,2,205576,
102,D:\MOX\OTHERS\COLCALC.C,data,True,_bonus_msg,2,205580,
102,D:\MOX\OTHERS\COLCALC.C,data,True,_morale_summary_msg,2,205584,
102,D:\MOX\OTHERS\COLCALC.C,data,True,_mixed_races_msg,2,205588,
102,D:\MOX\OTHERS\COLCALC.C,data,True,_native_bonus_msg,2,205592,
102,D:\MOX\OTHERS\COLCALC.C,data,True,_anomaly_msg,2,205596,
102,D:\MOX\OTHERS\COLCALC.C,data,True,_no_capital_msg,2,205600,
102,D:\MOX\OTHERS\COLCALC.C,data,True,_total_morale_msg,2,205604,
102,D:\MOX\OTHERS\COLCALC.C,data,True,_leader_bonus_msg,2,205608,
102,D:\MOX\OTHERS\COLCALC.C,data,True,_no_barracks_msg,2,205612,
102,D:\MOX\OTHERS\COLCALC.C,data,True,_conquered_penalty_msg,2,205616,
102,D:\MOX\OTHERS\COLCALC.C,data,True,_morale_bonus_msg,2,205620,
102,D:\MOX\OTHERS\COLCALC.C,data,True,_blockaded_penalty_msg,2,205624,
102,D:\MOX\OTHERS\COLCALC.C,data,True,_aquatic_bonus_msg,2,205628,
102,D:\MOX\OTHERS\COLCALC.C,data,True,_morale_penalty_msg,2,205632,
104,D:\MOX\OTHERS\COMBFIND.C,data,True,_attack_confirmed,2,205688,
104,D:\MOX\OTHERS\COMBFIND.C,data,True,_battle_stars,2,205692,
104,D:\MOX\OTHERS\COMBFIND.C,data,True,_target,2,205696,
104,D:\MOX\OTHERS\COMBFIND.C,data,True,_player_needs_to_attack,2,205740,
104,D:\MOX\OTHERS\COMBFIND.C,data,True,_star_has_player,2,205744,
104,D:\MOX\OTHERS\COMBFIND.C,data,True,_star_has_nonplayer,2,205748,
104,D:\MOX\OTHERS\COMBFIND.C,data,True,_colony_seized_by_mind_control_msg,2,205752,
104,D:\MOX\OTHERS\COMBFIND.C,data,True,_s_attacks_you_at_s_msg,2,205756,
104,D:\MOX\OTHERS\COMBFIND.C,data,True,_research_treaty_msg,2,205760,
104,D:\MOX\OTHERS\COMBFIND.C,data,True,_noncombat_ships_destroyed_msg,2,205764,
104,D:\MOX\OTHERS\COMBFIND.C,data,True,_trade_treaty_msg,2,205768,
104,D:\MOX\OTHERS\COMBFIND.C,data,True,_you_have_following_treaties_msg,2,205772,
104,D:\MOX\OTHERS\COMBFIND.C,data,True,_really_risk_war_msg,2,205776,
104,D:\MOX\OTHERS\COMBFIND.C,data,True,_receiving_tribute_msg,2,205780,
104,D:\MOX\OTHERS\COMBFIND.C,data,True,_outpost_destroyed_msg,2,205784,
104,D:\MOX\OTHERS\COMBFIND.C,data,True,_combat_is_reported_between_s_and_s_msg,2,205788,
104,D:\MOX\OTHERS\COMBFIND.C,data,False,_current_star_has_player,2,205792,
104,D:\MOX\OTHERS\COMBFIND.C,data,False,_current_star_has_nonplayer,2,205796,
104,D:\MOX\OTHERS\COMBFIND.C,data,True,_n_battle_stars,2,205800,
106,D:\MOX\OTHERS\GEO.C,data,True,_dads,2,205804,
109,D:\MOX\OTHERS\MAINTAIN.C,data,True,_ship_worths,2,205808,
110,D:\MOX\OTHERS\MSG.C,data,True,_lost_colony_reason_strings,2,205812,
110,D:\MOX\OTHERS\MSG.C,data,True,_msg_colony_or_outpost,2,205828,
110,D:\MOX\OTHERS\MSG.C,data,False,_first_msg,2,205836,
110,D:\MOX\OTHERS\MSG.C,data,False,_msgs,2,205844,
110,D:\MOX\OTHERS\MSG.C,data,False,_n_msgs,2,207644,
110,D:\MOX\OTHERS\MSG.C,data,False,_max_msgs,2,207652,
110,D:\MOX\OTHERS\MSG.C,data,True,_msg_april1_fmt,2,207660,
110,D:\MOX\OTHERS\MSG.C,data,True,_msg_defensive_spy_fmt,2,207664,
110,D:\MOX\OTHERS\MSG.C,data,True,_msg_eel_spawned_fmt,2,207668,
110,D:\MOX\OTHERS\MSG.C,data,True,_msg_d_ships_killed_retreating_fmt,2,207672,
110,D:\MOX\OTHERS\MSG.C,data,True,_msg_offensive_spy_fmt,2,207676,
110,D:\MOX\OTHERS\MSG.C,data,True,_msg_artifacts_fmt,2,207680,
110,D:\MOX\OTHERS\MSG.C,data,True,_msg_scrap_leader_fmt,2,207684,
110,D:\MOX\OTHERS\MSG.C,data,True,_msg_diplomacy_strings,2,207688,
110,D:\MOX\OTHERS\MSG.C,data,True,_failed_retreat_reason_strings,2,207708,
110,D:\MOX\OTHERS\MSG.C,data,True,_msg_failed_retreat_leader_fmt,2,207720,
110,D:\MOX\OTHERS\MSG.C,data,True,_msg_spy_assassinated_fmt,2,207724,
110,D:\MOX\OTHERS\MSG.C,data,True,_leader_fate_strings,2,207728,
110,D:\MOX\OTHERS\MSG.C,data,True,_msg_anomaly_fmt,2,207740,
110,D:\MOX\OTHERS\MSG.C,data,True,_msg_eel_vanished_fmt,2,207744,
110,D:\MOX\OTHERS\MSG.C,data,True,_msg_1_ship_killed_retreating_fmt,2,207748,
110,D:\MOX\OTHERS\MSG.C,data,True,_msg_spy_assassinated_victim_fmt,2,207752,
110,D:\MOX\OTHERS\MSG.C,data,True,_msg_colony_1_rebel_won_fmt,2,207756,
110,D:\MOX\OTHERS\MSG.C,data,True,_msg_hyperspace_beast_ate_other_ship_fmt,2,207760,
110,D:\MOX\OTHERS\MSG.C,data,True,_msg_colony_android_killed_organic_fmt,2,207764,
110,D:\MOX\OTHERS\MSG.C,data,True,_msg_colony_boom_fmt,2,207768,
110,D:\MOX\OTHERS\MSG.C,data,True,_msg_colony_d_rebels_won_fmt,2,207772,
110,D:\MOX\OTHERS\MSG.C,data,True,_msg_artemis_leader_fmt,2,207776,
110,D:\MOX\OTHERS\MSG.C,data,True,_msg_lost_defending_spies_fmt,2,207780,
110,D:\MOX\OTHERS\MSG.C,data,True,_msg_colony_plague_fmt,2,207784,
110,D:\MOX\OTHERS\MSG.C,data,True,_msg_colony_1_rebel_lost_fmt,2,207788,
110,D:\MOX\OTHERS\MSG.C,data,True,_msg_colony_1_settler_arrived_fmt,2,207792,
110,D:\MOX\OTHERS\MSG.C,data,True,_msg_hyperspace_flux_fmt,2,207796,
110,D:\MOX\OTHERS\MSG.C,data,True,_msg_colony_no_room_for_android_fmt,2,207800,
110,D:\MOX\OTHERS\MSG.C,data,True,_msg_hyperspace_beast_ate_your_ship_fmt,2,207804,
110,D:\MOX\OTHERS\MSG.C,data,True,_msg_colony_d_settlers_arrived_over_limit_fmt,2,207808,
110,D:\MOX\OTHERS\MSG.C,data,True,_msg_colony_d_settlers_arrived_fmt,2,207812,
110,D:\MOX\OTHERS\MSG.C,data,True,_msg_lost_attacking_spy_fmt,2,207816,
110,D:\MOX\OTHERS\MSG.C,data,True,_msg_lost_defending_spy_fmt,2,207820,
110,D:\MOX\OTHERS\MSG.C,data,True,_msg_colony_your_rebellion_won_fmt,2,207824,
110,D:\MOX\OTHERS\MSG.C,data,True,_msg_colony_your_rebellion_lost_fmt,2,207828,
110,D:\MOX\OTHERS\MSG.C,data,True,_msg_hyperspace_beast_hungry_fmt,2,207832,
110,D:\MOX\OTHERS\MSG.C,data,True,_msg_artemis_fmt,2,207836,
110,D:\MOX\OTHERS\MSG.C,data,True,_msg_colony_settlers_arrived_blockaded_fmt,2,207840,
110,D:\MOX\OTHERS\MSG.C,data,True,_msg_colony_comet_fmt,2,207844,
110,D:\MOX\OTHERS\MSG.C,data,True,_msg_colony_d_rebels_lost_fmt,2,207848,
110,D:\MOX\OTHERS\MSG.C,data,True,_msg_colony_1_settler_arrived_over_limit_fmt,2,207852,
110,D:\MOX\OTHERS\MSG.C,data,True,_msg_colony_built_ship_fmt,2,207856,
110,D:\MOX\OTHERS\MSG.C,data,True,_msg_colony_built_auto_build_fmt,2,207860,
110,D:\MOX\OTHERS\MSG.C,data,True,_msg_scrap_ship_bc_fmt,2,207864,
110,D:\MOX\OTHERS\MSG.C,data,True,_s_and_s_declare_war_fmt,2,207868,
110,D:\MOX\OTHERS\MSG.C,data,True,_msg_colony_starvation_both_fmt,2,207872,
110,D:\MOX\OTHERS\MSG.C,data,True,_msg_colony_built_android_farmer_fmt,2,207876,
110,D:\MOX\OTHERS\MSG.C,data,True,_msg_colony_starvation_food_fmt,2,207880,
110,D:\MOX\OTHERS\MSG.C,data,True,_msg_lost_colony_leader_fmt,2,207884,
110,D:\MOX\OTHERS\MSG.C,data,True,_msg_colony_built_refit_fmt,2,207888,
110,D:\MOX\OTHERS\MSG.C,data,True,_msg_colony_assimilation_fmt,2,207892,
110,D:\MOX\OTHERS\MSG.C,data,True,_msg_colony_built_android_scientist_fmt,2,207896,
110,D:\MOX\OTHERS\MSG.C,data,True,_msg_colony_built_next_queue_fmt,2,207900,
110,D:\MOX\OTHERS\MSG.C,data,True,_msg_colony_built_android_worker_fmt,2,207904,
110,D:\MOX\OTHERS\MSG.C,data,True,_msg_lost_ship_fmt,2,207908,
110,D:\MOX\OTHERS\MSG.C,data,True,_s_and_s_declare_alliance_fmt,2,207912,
110,D:\MOX\OTHERS\MSG.C,data,True,_msg_colony_built_spy_fmt,2,207916,
110,D:\MOX\OTHERS\MSG.C,data,True,_msg_colony_built_freighter_fmt,2,207920,
110,D:\MOX\OTHERS\MSG.C,data,True,_msg_lost_colony_fmt,2,207924,
110,D:\MOX\OTHERS\MSG.C,data,True,_msg_financial_fmt,2,207928,
110,D:\MOX\OTHERS\MSG.C,data,True,_msg_colony_built_building_fmt,2,207932,
110,D:\MOX\OTHERS\MSG.C,data,True,_msg_scrap_ship_hyperspace_fmt,2,207936,
110,D:\MOX\OTHERS\MSG.C,data,True,_msg_colony_scrap_building_fmt,2,207940,
110,D:\MOX\OTHERS\MSG.C,data,True,_msg_colony_starvation_ind_fmt,2,207944,
110,D:\MOX\OTHERS\MSG.C,data,True,_msg_colony_genocide_fmt,2,207948,
110,D:\MOX\OTHERS\MSG.C,data,True,_native_msg,2,207952,
111,D:\MOX\OTHERS\MULTPLAY.C,data,True,_global_chat_string,2,207956,
111,D:\MOX\OTHERS\MULTPLAY.C,data,True,_cur_colors,2,208036,
111,D:\MOX\OTHERS\MULTPLAY.C,data,True,_orig_colors,2,208044,
111,D:\MOX\OTHERS\MULTPLAY.C,data,True,_g_mp_screen,2,208052,
111,D:\MOX\OTHERS\MULTPLAY.C,data,False,_allow_chat_mode,2,208543,
111,D:\MOX\OTHERS\MULTPLAY.C,data,True,_draw_game_popup_to_back,2,208544,
112,D:\MOX\OTHERS\NETMOX.C,data,True,_modem_disk_error,2,208548,
112,D:\MOX\OTHERS\NETMOX.C,data,True,_incompatible_versions_error,2,208552,
112,D:\MOX\OTHERS\NETMOX.C,data,True,_modem_diff_buffer_error,2,208556,
112,D:\MOX\OTHERS\NETMOX.C,data,True,_sending_chunk_d_of_d_fmt,2,208560,
112,D:\MOX\OTHERS\NETMOX.C,data,True,_lost_net_user_error,2,208564,
112,D:\MOX\OTHERS\NETMOX.C,data,True,_only_1_host_allowed_error,2,208568,
112,D:\MOX\OTHERS\NETMOX.C,data,True,_ambassador_left_before_you_arrived_fmt,2,208572,
112,D:\MOX\OTHERS\NETMOX.C,data,True,_net_send_error,2,208576,
112,D:\MOX\OTHERS\NETMOX.C,data,False,_net,2,208580,
112,D:\MOX\OTHERS\NETMOX.C,data,True,_secret_modem_file,2,209102,
112,D:\MOX\OTHERS\NETMOX.C,data,True,_in_receive_message,2,209119,
113,D:\MOX\OTHERS\NETSTART.C,data,True,_answering_failed_error,2,209120,
113,D:\MOX\OTHERS\NETSTART.C,data,True,_windows_string,2,209124,
113,D:\MOX\OTHERS\NETSTART.C,data,True,_comm_failure_string,2,209128,
113,D:\MOX\OTHERS\NETSTART.C,data,True,_game_full_string,2,209132,
113,D:\MOX\OTHERS\NETSTART.C,data,True,_really_begin_game_with_unused_slots_msg,2,209136,
113,D:\MOX\OTHERS\NETSTART.C,data,True,_no_more_player_slots_error,2,209140,
113,D:\MOX\OTHERS\NETSTART.C,data,True,_really_start_with_only_1_msg,2,209144,
113,D:\MOX\OTHERS\NETSTART.C,data,True,_dialing_failed_error,2,209148,
113,D:\MOX\OTHERS\NETSTART.C,data,True,_receiving_chunk_d_of_d,2,209152,
114,D:\MOX\OTHERS\NETTURN.C,data,True,_have_d_of_d_chunks_fmt,2,209156,
114,D:\MOX\OTHERS\NETTURN.C,data,False,_waiting_fmt,2,209160,
115,D:\MOX\OTHERS\NEWTECH.C,data,False,_best_category,2,209164,
116,D:\MOX\OTHERS\REPORT.C,data,False,_something_interesting_happened,2,209188,
116,D:\MOX\OTHERS\REPORT.C,data,True,_your_spy_steals_fmt,2,209196,
116,D:\MOX\OTHERS\REPORT.C,data,True,_enemy_spy_destroys_fmt,2,209200,
116,D:\MOX\OTHERS\REPORT.C,data,True,_really_trash_colony_base_fmt,2,209204,
116,D:\MOX\OTHERS\REPORT.C,data,True,_colonize_preselected_planet_fmt,2,209208,
116,D:\MOX\OTHERS\REPORT.C,data,True,_enemy_spy_steals_fmt,2,209212,
116,D:\MOX\OTHERS\REPORT.C,data,True,_outpost_preselected_planet_fmt,2,209216,
116,D:\MOX\OTHERS\REPORT.C,data,True,_your_spy_destroys_fmt,2,209220,
116,D:\MOX\OTHERS\REPORT.C,data,True,_you_framed_fmt,2,209224,
116,D:\MOX\OTHERS\REPORT.C,data,False,_reports,2,209228,
116,D:\MOX\OTHERS\REPORT.C,data,False,_n_reports,2,210178,
116,D:\MOX\OTHERS\REPORT.C,data,False,_done_colonize_check,2,210180,
116,D:\MOX\OTHERS\REPORT.C,data,False,_done_player_reports,2,210189,
116,D:\MOX\OTHERS\REPORT.C,data,False,_displayed_gnn,2,210190,
116,D:\MOX\OTHERS\REPORT.C,data,False,_displayed_msgs,2,210191,
117,D:\MOX\OTHERS\RUSS.C,data,True,_russ_strings,2,210192,
117,D:\MOX\OTHERS\RUSS.C,data,False,_all_ai_game,2,216692,
120,D:\MOX\OTHERS\SPY.C,data,True,_spy_bonuses,2,216696,
122,D:\MOX\BILL.C,data,True,_dest_file_name,2,216728,
122,D:\MOX\BILL.C,data,False,__pp_max_height,2,216760,
122,D:\MOX\BILL.C,data,False,__pp_max_width,2,216762,
124,D:\MOX\FMTPARA.C,data,True,_variable,2,216764,
124,D:\MOX\FMTPARA.C,data,True,_first_char_p,2,216828,
124,D:\MOX\FMTPARA.C,data,True,_style_p,2,216832,
124,D:\MOX\FMTPARA.C,data,True,_end_char_p,2,216836,
124,D:\MOX\FMTPARA.C,data,True,_line_p,2,216840,
124,D:\MOX\FMTPARA.C,data,True,_break_p,2,216844,
124,D:\MOX\FMTPARA.C,data,True,_char_p,2,216848,
124,D:\MOX\FMTPARA.C,data,True,_para_p,2,216852,
124,D:\MOX\FMTPARA.C,data,False,_para_global,2,216856,
124,D:\MOX\FMTPARA.C,data,True,_insert_case,2,216950,
125,D:\MOX\INFO.C,data,True,_hist_graph_palettes,2,217024,
125,D:\MOX\INFO.C,data,True,_g_category_str_p,2,217056,
125,D:\MOX\INFO.C,data,True,_g_how_to_str_p,2,217060,
125,D:\MOX\INFO.C,data,False,_race_statistics_specials_help,2,217068,
125,D:\MOX\INFO.C,data,False,_g_header_p,2,217568,
125,D:\MOX\INFO.C,data,False,_g_selected_list_p,2,217572,
125,D:\MOX\INFO.C,data,False,_g_tech_image_seg,2,217576,
125,D:\MOX\INFO.C,data,False,_g_bitmap2_p,2,217580,
125,D:\MOX\INFO.C,data,False,_g_bitmap1_p,2,217584,
125,D:\MOX\INFO.C,data,True,_g_first_how_to_field,2,217588,
125,D:\MOX\INFO.C,data,True,_g_first_category_field,2,217590,
125,D:\MOX\INFO.C,data,True,_g_reference_ix,2,217592,
125,D:\MOX\INFO.C,data,False,_race_statistics_specials_help_count,2,217594,
125,D:\MOX\INFO.C,data,False,_g_first_list_field,2,217596,
125,D:\MOX\INFO.C,data,False,_g_selected_app_id,2,217598,
125,D:\MOX\INFO.C,data,False,_g_last_list_field,2,217600,
125,D:\MOX\INFO.C,data,False,_g_prior_choice,2,217602,
125,D:\MOX\INFO.C,data,False,_g_exit_field,2,217604,
125,D:\MOX\INFO.C,data,False,_g_list_update_needed,2,217606,
125,D:\MOX\INFO.C,data,True,_g_reference_screen_type,2,217607,
125,D:\MOX\INFO.C,data,False,_race_statistics_page,2,217609,
128,D:\MOX\RACESCRN.C,data,False,_declare_war_buffer,2,217612,
128,D:\MOX\RACESCRN.C,data,False,_receiving_treaty_buffer,2,217732,
128,D:\MOX\RACESCRN.C,data,False,_giving_treaty_buffer,2,217812,
128,D:\MOX\RACESCRN.C,data,False,_netbox_seg,2,217892,
128,D:\MOX\RACESCRN.C,data,True,_g_mouse_seg,2,217896,
128,D:\MOX\RACESCRN.C,data,True,_arrow_seg,2,217900,
128,D:\MOX\RACESCRN.C,data,True,_g_display_p,2,217904,
128,D:\MOX\RACESCRN.C,data,False,_diplomacy_net_wait_buffer,2,217908,
128,D:\MOX\RACESCRN.C,data,True,_g_agent_group_p,2,218008,
128,D:\MOX\RACESCRN.C,data,True,_g_mouse_group_p,2,218012,
128,D:\MOX\RACESCRN.C,data,False,_diplomacy_net_requeting_buffer,2,218016,
128,D:\MOX\RACESCRN.C,data,False,_ignoring_str,2,218116,
128,D:\MOX\RACESCRN.C,data,False,_no_contact_str,2,218136,
128,D:\MOX\RACESCRN.C,data,False,_agent_bonus_str,2,218156,
128,D:\MOX\RACESCRN.C,data,False,_spy_bonus_str,2,218176,
128,D:\MOX\RACESCRN.C,data,False,_trade_treaty_buffer,2,218196,
128,D:\MOX\RACESCRN.C,data,False,_research_treaty_buffer,2,218226,
128,D:\MOX\RACESCRN.C,data,True,_g_agent_field,2,218256,
128,D:\MOX\RACESCRN.C,data,True,_g_spy_xfer_count,2,218258,
128,D:\MOX\RACESCRN.C,data,False,_relation_text,2,218260,
128,D:\MOX\RACESCRN.C,data,True,_net_state,2,218515,
128,D:\MOX\RACESCRN.C,data,True,_g_in_spy_mode,2,218516,
128,D:\MOX\RACESCRN.C,data,True,_g_in_who_mode,2,218517,
129,D:\MOX\SCIENCE.C,data,False,_science_mouse_bitmap,2,218520,
130,D:\MOX\TECH.C,data,False,_saved_hyper_advanced_tech,2,218524,
130,D:\MOX\TECH.C,data,False,_tech_color,2,218532,
130,D:\MOX\TECH.C,data,False,_tech_group_names,2,218572,
130,D:\MOX\TECH.C,data,True,_g_selected_list_entry_p,2,218772,
130,D:\MOX\TECH.C,data,False,_g_entries_p,2,218776,
130,D:\MOX\TECH.C,data,False,_g_selected_entry_p,2,218780,
130,D:\MOX\TECH.C,data,True,_tech_field_save,2,218784,
130,D:\MOX\TECH.C,data,True,_g_first_tech_field,2,218802,
130,D:\MOX\TECH.C,data,True,_g_scrn_x,2,218804,
130,D:\MOX\TECH.C,data,True,_g_scrn_y,2,218806,
130,D:\MOX\TECH.C,data,True,_g_last_tech_field,2,218808,
130,D:\MOX\TECH.C,data,True,_g_changing_tech,2,218810,
130,D:\MOX\TECH.C,data,True,_g_cursor_box_color,2,218811,
131,D:\MOX\TURNSUM.C,data,True,_g_selected_msg_p,2,218812,
131,D:\MOX\TURNSUM.C,data,True,_g_turn_message_ix,2,218816,
