caller_module_index,caller_module,caller,callee_module_index,callee_module,callee,call_sites
1,L:\MOX\MOX2.C,Check_Command_Line_Parameters_,1,L:\MOX\MOX2.C,Get_Value_From_String_,3
1,L:\MOX\MOX2.C,Check_Command_Line_Parameters_,3,L:\MOX\FILEDEF.C,Load_Game_,1
1,L:\MOX\MOX2.C,Check_Command_Line_Parameters_,3,L:\MOX\FILEDEF.C,Save_Out_Settings_To_Temp_File_,1
1,L:\MOX\MOX2.C,Load_Mox_Global_Strings_,48,D:\MOX\OTHERS\HAROLD.C,Load_H_Strings_,1
1,L:\MOX\MOX2.C,Load_Mox_Global_Strings_,117,D:\MOX\OTHERS\RUSS.C,Load_Russ_Strings_,1
1,L:\MOX\MOX2.C,Screen_Control_,4,L:\MOX\INITGAME.C,Init_New_Game_,1
1,L:\MOX\MOX2.C,Screen_Control_,6,L:\MOX\NEXTTURN.C,Next_Turn_,1
1,L:\MOX\MOX2.C,Screen_Control_,36,D:\MOX\OTHERS\HOTPOP.C,Hotseat_Screen_,1
1,L:\MOX\MOX2.C,Screen_Control_,41,D:\MOX\OTHERS\DESIGN.C,Design_Screen_,1
1,L:\MOX\MOX2.C,Screen_Control_,44,D:\MOX\OTHERS\FLT1.C,Fleet_Screen_,1
1,L:\MOX\MOX2.C,Screen_Control_,48,D:\MOX\OTHERS\HAROLD.C,Planet_Data_Screen_,1
1,L:\MOX\MOX2.C,Screen_Control_,50,D:\MOX\OTHERS\LOADSAVE.C,_Game_Popup_,1
1,L:\MOX\MOX2.C,Screen_Control_,51,D:\MOX\OTHERS\MAINMENU.C,Main_Menu_Screen_,1
1,L:\MOX\MOX2.C,Screen_Control_,52,D:\MOX\OTHERS\MAINSCR.C,Main_Screen_,1
1,L:\MOX\MOX2.C,Screen_Control_,53,D:\MOX\OTHERS\MAINSCR2.C,Building_Outposts_In_Main_Screen_,1
1,L:\MOX\MOX2.C,Screen_Control_,53,D:\MOX\OTHERS\MAINSCR2.C,Distance_Between_Stars_Screen_,1
1,L:\MOX\MOX2.C,Screen_Control_,53,D:\MOX\OTHERS\MAINSCR2.C,Planet_Colonization_In_Main_Screen_,1
1,L:\MOX\MOX2.C,Screen_Control_,53,D:\MOX\OTHERS\MAINSCR2.C,Reports_Screen_,1
1,L:\MOX\MOX2.C,Screen_Control_,53,D:\MOX\OTHERS\MAINSCR2.C,Scrap_Freighters_,1
1,L:\MOX\MOX2.C,Screen_Control_,53,D:\MOX\OTHERS\MAINSCR2.C,Show_Command_Points_Screen_,1
1,L:\MOX\MOX2.C,Screen_Control_,53,D:\MOX\OTHERS\MAINSCR2.C,Unloading_Transports_In_Main_Screen_,1
1,L:\MOX\MOX2.C,Screen_Control_,58,D:\MOX\OTHERS\OFFICER.C,Officers_Screen_,1
1,L:\MOX\MOX2.C,Screen_Control_,59,D:\MOX\OTHERS\PLNTSUM.C,Planet_Summary_Screen_,1
1,L:\MOX\MOX2.C,Screen_Control_,60,D:\MOX\OTHERS\SCORE.C,Hall_Of_Fame_Screen_,1
1,L:\MOX\MOX2.C,Screen_Control_,68,D:\MOX\OTHERS\COLBLDG.C,Build_Queue_Popup_,1
1,L:\MOX\MOX2.C,Screen_Control_,72,D:\MOX\OTHERS\COLLAND.C,Colony_Landing_Screen_,1
1,L:\MOX\MOX2.C,Screen_Control_,74,D:\MOX\OTHERS\COLONY.C,Colony_Screen_,1
1,L:\MOX\MOX2.C,Screen_Control_,76,D:\MOX\OTHERS\COLSUM.C,Colony_Summary_Screen_,1
1,L:\MOX\MOX2.C,Screen_Control_,84,D:\MOX\OTHERS\NEWGAME.C,Newgame_Screen_,2
1,L:\MOX\MOX2.C,Screen_Control_,111,D:\MOX\OTHERS\MULTPLAY.C,Hotseat_Select_Player_,1
1,L:\MOX\MOX2.C,Screen_Control_,111,D:\MOX\OTHERS\MULTPLAY.C,Multi_Player_Screen_,1
1,L:\MOX\MOX2.C,Screen_Control_,113,D:\MOX\OTHERS\NETSTART.C,Join_Net_Screen_,1
1,L:\MOX\MOX2.C,Screen_Control_,113,D:\MOX\OTHERS\NETSTART.C,Load_Net_Screen_,1
1,L:\MOX\MOX2.C,Screen_Control_,113,D:\MOX\OTHERS\NETSTART.C,Start_Net_Screen_,1
1,L:\MOX\MOX2.C,Screen_Control_,114,D:\MOX\OTHERS\NETTURN.C,Net_Next_Turn_,1
1,L:\MOX\MOX2.C,Screen_Control_,125,D:\MOX\INFO.C,Info_Screen_,1
1,L:\MOX\MOX2.C,Screen_Control_,128,D:\MOX\RACESCRN.C,Race_Screen_,1
1,L:\MOX\MOX2.C,Screen_Control_,130,D:\MOX\TECH.C,Tech_Change_,1
1,L:\MOX\MOX2.C,Screen_Control_,131,D:\MOX\TURNSUM.C,Turn_Summary_Popup_,1
1,L:\MOX\MOX2.C,_TOGGLE_PAGES_,117,D:\MOX\OTHERS\RUSS.C,Mox_Update_,1
1,L:\MOX\MOX2.C,main2_,1,L:\MOX\MOX2.C,Check_Command_Line_Parameters_,1
1,L:\MOX\MOX2.C,main2_,1,L:\MOX\MOX2.C,Screen_Control_,1
1,L:\MOX\MOX2.C,main2_,1,L:\MOX\MOX2.C,Set_Mox_Alt_Path_,1
1,L:\MOX\MOX2.C,main2_,1,L:\MOX\MOX2.C,Set_Mox_Language_,1
1,L:\MOX\MOX2.C,main2_,2,L:\MOX\ALLOC.C,Allocate_Data_Space_,1
1,L:\MOX\MOX2.C,main2_,3,L:\MOX\FILEDEF.C,Load_Game_,1
1,L:\MOX\MOX2.C,main2_,3,L:\MOX\FILEDEF.C,Load_Game_Settings_,1
1,L:\MOX\MOX2.C,main2_,3,L:\MOX\FILEDEF.C,Read_Moo_Custom_Player_Data_,1
1,L:\MOX\MOX2.C,main2_,3,L:\MOX\FILEDEF.C,Update_Game_Settings_Version_Number_,1
1,L:\MOX\MOX2.C,main2_,4,L:\MOX\INITGAME.C,Init_New_Game_,1
1,L:\MOX\MOX2.C,main2_,4,L:\MOX\INITGAME.C,Set_Default_Game_Settings_,1
1,L:\MOX\MOX2.C,main2_,5,L:\MOX\LOADER.C,Load_Pictures_,1
1,L:\MOX\MOX2.C,main2_,16,D:\MOX\JIM.C,Draw_Logos_,1
1,L:\MOX\MOX2.C,main2_,16,D:\MOX\JIM.C,Play_Background_Music_,1
1,L:\MOX\MOX2.C,main2_,29,D:\MOX\OTHERS\KEN.C,Ken_Init_,1
1,L:\MOX\MOX2.C,main2_,48,D:\MOX\OTHERS\HAROLD.C,Get_Font_File_,1
1,L:\MOX\MOX2.C,main2_,48,D:\MOX\OTHERS\HAROLD.C,Load_H_Strings_,1
1,L:\MOX\MOX2.C,main2_,48,D:\MOX\OTHERS\HAROLD.C,Set_Sound_Volume_To_Settings_,1
1,L:\MOX\MOX2.C,main2_,55,D:\MOX\OTHERS\MISC.C,Font_Colors2_,1
1,L:\MOX\MOX2.C,main2_,88,D:\MOX\OTHERS\ESTRINGS.C,Load_E_Strings_,1
1,L:\MOX\MOX2.C,main2_,117,D:\MOX\OTHERS\RUSS.C,Load_Russ_Strings_,1
1,L:\MOX\MOX2.C,main2_,117,D:\MOX\OTHERS\RUSS.C,Mox_Update_,4
3,L:\MOX\FILEDEF.C,Get_Saved_Game_Descriptions_,48,D:\MOX\OTHERS\HAROLD.C,H_Message_,2
3,L:\MOX\FILEDEF.C,Load_Game_,4,L:\MOX\INITGAME.C,Set_Defaults_,1
3,L:\MOX\FILEDEF.C,Load_Game_,39,D:\MOX\OTHERS\ASSERT.C,hgetch_,1
3,L:\MOX\FILEDEF.C,Load_Game_,43,D:\MOX\OTHERS\FLEETPOP.C,Reload_Fleet_Box_Data_,1
3,L:\MOX\FILEDEF.C,Load_Game_,46,D:\MOX\OTHERS\GENDRAW.C,Warning_Box_,1
3,L:\MOX\FILEDEF.C,Load_Game_,48,D:\MOX\OTHERS\HAROLD.C,Confirm_Planet_And_Star_Index_Link_,1
3,L:\MOX\FILEDEF.C,Load_Game_,48,D:\MOX\OTHERS\HAROLD.C,Load_Leader_Titles_,1
3,L:\MOX\FILEDEF.C,Load_Game_,48,D:\MOX\OTHERS\HAROLD.C,Restore_Mouse_List_,1
3,L:\MOX\FILEDEF.C,Load_Game_,48,D:\MOX\OTHERS\HAROLD.C,Save_Mouse_List_,1
3,L:\MOX\FILEDEF.C,Load_Game_,52,D:\MOX\OTHERS\MAINSCR.C,Update_Ship_Icons_In_Between_Turns_,1
3,L:\MOX\FILEDEF.C,Load_Game_,52,D:\MOX\OTHERS\MAINSCR.C,Update_Star_Owners_,1
3,L:\MOX\FILEDEF.C,Load_Game_,54,D:\MOX\OTHERS\MAPGEN.C,Load_Nebula_Pictures_,1
3,L:\MOX\FILEDEF.C,Load_Game_,55,D:\MOX\OTHERS\MISC.C,Increment_Mouse_Clock_Image_,1
3,L:\MOX\FILEDEF.C,Load_Game_,56,D:\MOX\OTHERS\MOVEBOX.C,Moveable_Box_Selected_,1
3,L:\MOX\FILEDEF.C,Load_Game_,102,D:\MOX\OTHERS\COLCALC.C,Rebuild_WFI_List_,1
3,L:\MOX\FILEDEF.C,Load_Game_,117,D:\MOX\OTHERS\RUSS.C,Assert_Settings_,3
3,L:\MOX\FILEDEF.C,Load_Game_,117,D:\MOX\OTHERS\RUSS.C,Mox_Update_,12
3,L:\MOX\FILEDEF.C,Load_Game_,117,D:\MOX\OTHERS\RUSS.C,PFMT_,1
3,L:\MOX\FILEDEF.C,Load_Game_,117,D:\MOX\OTHERS\RUSS.C,Release_All_Blocks_,1
3,L:\MOX\FILEDEF.C,Load_Game_,122,D:\MOX\BILL.C,Cache_Player_Scientist_Anim_,1
3,L:\MOX\FILEDEF.C,Load_Game_Settings_,48,D:\MOX\OTHERS\HAROLD.C,Set_Sound_Volume_To_Settings_,1
3,L:\MOX\FILEDEF.C,Load_Game_Settings_,117,D:\MOX\OTHERS\RUSS.C,Assert_Settings_,2
3,L:\MOX\FILEDEF.C,Make_Autosave_File_Name_,3,L:\MOX\FILEDEF.C,Get_Multi_Player_N_Humans_,1
3,L:\MOX\FILEDEF.C,Save_Game_,3,L:\MOX\FILEDEF.C,Save_Game_Settings_,1
3,L:\MOX\FILEDEF.C,Save_Game_,46,D:\MOX\OTHERS\GENDRAW.C,Message_Box_,1
3,L:\MOX\FILEDEF.C,Save_Game_,48,D:\MOX\OTHERS\HAROLD.C,Restore_Mouse_List_,1
3,L:\MOX\FILEDEF.C,Save_Game_,48,D:\MOX\OTHERS\HAROLD.C,Save_Mouse_List_,1
3,L:\MOX\FILEDEF.C,Save_Game_,55,D:\MOX\OTHERS\MISC.C,Increment_Mouse_Clock_Image_,1
3,L:\MOX\FILEDEF.C,Save_Game_,117,D:\MOX\OTHERS\RUSS.C,Assert_Settings_,2
3,L:\MOX\FILEDEF.C,Save_Game_,117,D:\MOX\OTHERS\RUSS.C,Mox_Update_,12
3,L:\MOX\FILEDEF.C,Save_Game_Settings_,117,D:\MOX\OTHERS\RUSS.C,Assert_Settings_,2
3,L:\MOX\FILEDEF.C,Save_Out_Settings_To_Temp_File_,39,D:\MOX\OTHERS\ASSERT.C,hgetch_,1
3,L:\MOX\FILEDEF.C,Save_Out_Settings_To_Temp_File_,117,D:\MOX\OTHERS\RUSS.C,PFMT_,1
3,L:\MOX\FILEDEF.C,Save_Session_Related_Settings_,117,D:\MOX\OTHERS\RUSS.C,Assert_Settings_,2
3,L:\MOX\FILEDEF.C,Update_Game_Settings_Version_Number_,3,L:\MOX\FILEDEF.C,Load_Game_Settings_,1
3,L:\MOX\FILEDEF.C,Update_Game_Settings_Version_Number_,3,L:\MOX\FILEDEF.C,Save_Game_Settings_,1
3,L:\MOX\FILEDEF.C,Update_Game_Settings_Version_Number_,4,L:\MOX\INITGAME.C,Set_Default_Game_Settings_,1
4,L:\MOX\INITGAME.C,Init_Leaders_,48,D:\MOX\OTHERS\HAROLD.C,Get_Officer_Data_LBX_Name_,1
4,L:\MOX\INITGAME.C,Init_Leaders_,58,D:\MOX\OTHERS\OFFICER.C,Get_Random_Skills_,1
4,L:\MOX\INITGAME.C,Init_Leaders_,58,D:\MOX\OTHERS\OFFICER.C,Officer_Skill_Value_,1
4,L:\MOX\INITGAME.C,Init_Leaders_,117,D:\MOX\OTHERS\RUSS.C,Mox_Update_,1
4,L:\MOX\INITGAME.C,Init_New_Game_,1,L:\MOX\MOX2.C,Set_Game_Random_Seed_,2
4,L:\MOX\INITGAME.C,Init_New_Game_,1,L:\MOX\MOX2.C,_TOGGLE_PAGES_,1
4,L:\MOX\INITGAME.C,Init_New_Game_,3,L:\MOX\FILEDEF.C,Save_Game_,1
4,L:\MOX\INITGAME.C,Init_New_Game_,3,L:\MOX\FILEDEF.C,Save_Game_Settings_,1
4,L:\MOX\INITGAME.C,Init_New_Game_,3,L:\MOX\FILEDEF.C,Save_Moo_Custom_Player_Data_,1
4,L:\MOX\INITGAME.C,Init_New_Game_,4,L:\MOX\INITGAME.C,Init_Colonies_Array_,1
4,L:\MOX\INITGAME.C,Init_New_Game_,4,L:\MOX\INITGAME.C,Init_Leaders_,1
4,L:\MOX\INITGAME.C,Init_New_Game_,4,L:\MOX\INITGAME.C,Init_Players_,1
4,L:\MOX\INITGAME.C,Init_New_Game_,4,L:\MOX\INITGAME.C,Init_Ships_Array_,1
4,L:\MOX\INITGAME.C,Init_New_Game_,4,L:\MOX\INITGAME.C,Make_System_Monsters_Into_Ships_,1
4,L:\MOX\INITGAME.C,Init_New_Game_,4,L:\MOX\INITGAME.C,Set_Defaults_,1
4,L:\MOX\INITGAME.C,Init_New_Game_,4,L:\MOX\INITGAME.C,Set_Initial_Colony_Auto_Selects_,1
4,L:\MOX\INITGAME.C,Init_New_Game_,29,D:\MOX\OTHERS\KEN.C,Ken_Init_,2
4,L:\MOX\INITGAME.C,Init_New_Game_,37,D:\MOX\OTHERS\ADVCIV.C,Advanced_Civilization_Colonies_,1
4,L:\MOX\INITGAME.C,Init_New_Game_,37,D:\MOX\OTHERS\ADVCIV.C,Assign_Advanced_Civilization_Starting_Ships_,1
4,L:\MOX\INITGAME.C,Init_New_Game_,48,D:\MOX\OTHERS\HAROLD.C,Confirm_Planet_And_Star_Index_Link_,1
4,L:\MOX\INITGAME.C,Init_New_Game_,48,D:\MOX\OTHERS\HAROLD.C,Harold_Defaults_,1
4,L:\MOX\INITGAME.C,Init_New_Game_,48,D:\MOX\OTHERS\HAROLD.C,Harold_Init_,1
4,L:\MOX\INITGAME.C,Init_New_Game_,48,D:\MOX\OTHERS\HAROLD.C,Set_All_Visited_Flags_,1
4,L:\MOX\INITGAME.C,Init_New_Game_,49,D:\MOX\OTHERS\HOMEGEN.C,Generate_Home_Worlds_,1
4,L:\MOX\INITGAME.C,Init_New_Game_,49,D:\MOX\OTHERS\HOMEGEN.C,Make_System_Monsters_,1
4,L:\MOX\INITGAME.C,Init_New_Game_,52,D:\MOX\OTHERS\MAINSCR.C,Draw_Mini_Main_Screen_,1
4,L:\MOX\INITGAME.C,Init_New_Game_,52,D:\MOX\OTHERS\MAINSCR.C,Update_Star_Owners_,2
4,L:\MOX\INITGAME.C,Init_New_Game_,54,D:\MOX\OTHERS\MAPGEN.C,Assign_Marooned_Heroes_,1
4,L:\MOX\INITGAME.C,Init_New_Game_,54,D:\MOX\OTHERS\MAPGEN.C,Enforce_Planet_Max_,1
4,L:\MOX\INITGAME.C,Init_New_Game_,54,D:\MOX\OTHERS\MAPGEN.C,Generate_Wormhole_Links_,1
4,L:\MOX\INITGAME.C,Init_New_Game_,54,D:\MOX\OTHERS\MAPGEN.C,Load_Nebula_Pictures_,1
4,L:\MOX\INITGAME.C,Init_New_Game_,54,D:\MOX\OTHERS\MAPGEN.C,Set_Black_Hole_Visited_Flags_,1
4,L:\MOX\INITGAME.C,Init_New_Game_,54,D:\MOX\OTHERS\MAPGEN.C,Universe_Generation_,1
4,L:\MOX\INITGAME.C,Init_New_Game_,58,D:\MOX\OTHERS\OFFICER.C,Allocate_Adv_Civ_Game_Officers_,1
4,L:\MOX\INITGAME.C,Init_New_Game_,79,D:\MOX\OTHERS\ERIC.C,Eric_Defaults_,1
4,L:\MOX\INITGAME.C,Init_New_Game_,79,D:\MOX\OTHERS\ERIC.C,Eric_Init_,1
4,L:\MOX\INITGAME.C,Init_New_Game_,102,D:\MOX\OTHERS\COLCALC.C,Compute_All_Star_Colony_Stuff_,1
4,L:\MOX\INITGAME.C,Init_New_Game_,102,D:\MOX\OTHERS\COLCALC.C,Init_Surrenders_,1
4,L:\MOX\INITGAME.C,Init_New_Game_,102,D:\MOX\OTHERS\COLCALC.C,Twiddle_Initial_Homeworlds_,1
4,L:\MOX\INITGAME.C,Init_New_Game_,103,D:\MOX\OTHERS\COLONIZE.C,Allocate_New_Colony_Slots_,1
4,L:\MOX\INITGAME.C,Init_New_Game_,106,D:\MOX\OTHERS\GEO.C,Initialize_Black_Hole_Blocks_,1
4,L:\MOX\INITGAME.C,Init_New_Game_,106,D:\MOX\OTHERS\GEO.C,Initialize_Star_In_Nebula_Info_,1
4,L:\MOX\INITGAME.C,Init_New_Game_,110,D:\MOX\OTHERS\MSG.C,Allocate_Msg_Slots_,1
4,L:\MOX\INITGAME.C,Init_New_Game_,116,D:\MOX\OTHERS\REPORT.C,Initialize_Reports_,1
4,L:\MOX\INITGAME.C,Init_New_Game_,117,D:\MOX\OTHERS\RUSS.C,Mox_Update_,29
4,L:\MOX\INITGAME.C,Init_New_Game_,117,D:\MOX\OTHERS\RUSS.C,PFMT_,2
4,L:\MOX\INITGAME.C,Init_New_Game_,119,D:\MOX\OTHERS\SHIPMOVE.C,Allocate_New_Ship_Slots_,1
4,L:\MOX\INITGAME.C,Init_New_Game_,121,D:\MOX\OTHERS\TRADE.C,Process_Trade_And_Research_Agreements_,1
4,L:\MOX\INITGAME.C,Init_New_Game_,122,D:\MOX\BILL.C,Bill_Default_,1
4,L:\MOX\INITGAME.C,Init_New_Game_,122,D:\MOX\BILL.C,Bill_Init_,1
4,L:\MOX\INITGAME.C,Init_New_Game_,122,D:\MOX\BILL.C,Cache_Player_Scientist_Anim_,1
4,L:\MOX\INITGAME.C,Init_New_Session_,54,D:\MOX\OTHERS\MAPGEN.C,Load_Nebula_Pictures_,1
4,L:\MOX\INITGAME.C,Init_Players_,11,D:\MOX\RACECUST.C,Race_Customization_,1
4,L:\MOX\INITGAME.C,Init_Players_,27,D:\MOX\DIPLOMAC.C,Init_Diplomatic_Relations_,1
4,L:\MOX\INITGAME.C,Init_Players_,28,D:\MOX\OTHERS\INITSHIP.C,Best_Ship_Fuel_,1
4,L:\MOX\INITGAME.C,Init_Players_,28,D:\MOX\OTHERS\INITSHIP.C,Init_Ship_Designs_,1
4,L:\MOX\INITGAME.C,Init_Players_,29,D:\MOX\OTHERS\KEN.C,Init_NPC_Personalities_Objectives_Themes_,1
4,L:\MOX\INITGAME.C,Init_Players_,33,D:\MOX\OTHERS\TECHINIT.C,Init_Player_Tech_,1
4,L:\MOX\INITGAME.C,Init_Players_,49,D:\MOX\OTHERS\HOMEGEN.C,Assign_Home_Star_Names_,1
4,L:\MOX\INITGAME.C,Init_Players_,117,D:\MOX\OTHERS\RUSS.C,Mox_Update_,16
4,L:\MOX\INITGAME.C,Init_Ships_Array_,119,D:\MOX\OTHERS\SHIPMOVE.C,Allocate_New_Ship_Slots_,1
4,L:\MOX\INITGAME.C,Make_System_Monsters_Into_Ships_,49,D:\MOX\OTHERS\HOMEGEN.C,Random_Planet_,1
4,L:\MOX\INITGAME.C,Make_System_Monsters_Into_Ships_,49,D:\MOX\OTHERS\HOMEGEN.C,Upgrade_Planet_Guarded_By_Monster_,1
4,L:\MOX\INITGAME.C,Make_System_Monsters_Into_Ships_,62,D:\MOX\OTHERS\SHIPS.C,Build_Nonplayer_Ship_,2
4,L:\MOX\INITGAME.C,Set_Default_Game_Settings_,4,L:\MOX\INITGAME.C,Write_Game_Settings_,1
4,L:\MOX\INITGAME.C,Set_Default_Game_Settings_,111,D:\MOX\OTHERS\MULTPLAY.C,Set_Default_Modem_Settings_,1
4,L:\MOX\INITGAME.C,Set_Defaults_,29,D:\MOX\OTHERS\KEN.C,Ken_Init_,1
4,L:\MOX\INITGAME.C,Set_Defaults_,48,D:\MOX\OTHERS\HAROLD.C,Harold_Defaults_,1
4,L:\MOX\INITGAME.C,Set_Defaults_,79,D:\MOX\OTHERS\ERIC.C,Eric_Defaults_,1
4,L:\MOX\INITGAME.C,Set_Defaults_,122,D:\MOX\BILL.C,Bill_Default_,1
4,L:\MOX\INITGAME.C,Set_Initial_Colony_Auto_Selects_,47,D:\MOX\OTHERS\HACCESS.C,Set_Colony_Auto_Select_For_Star_,1
4,L:\MOX\INITGAME.C,Test_Create_Ship_,45,D:\MOX\OTHERS\FLT2.C,Crew_Quality_,1
5,L:\MOX\LOADER.C,Load_Main_Screen_Pictures_,117,D:\MOX\OTHERS\RUSS.C,Mox_Update_,4
5,L:\MOX\LOADER.C,Load_Pictures_,5,L:\MOX\LOADER.C,Load_Main_Screen_Pictures_,1
5,L:\MOX\LOADER.C,Load_Pictures_,33,D:\MOX\OTHERS\TECHINIT.C,Init_Tech_,1
5,L:\MOX\LOADER.C,Load_Pictures_,74,D:\MOX\OTHERS\COLONY.C,Load_Colony_Anims_,1
5,L:\MOX\LOADER.C,Load_Pictures_,117,D:\MOX\OTHERS\RUSS.C,Mox_Update_,3
6,L:\MOX\NEXTTURN.C,Do_Autosave_,3,L:\MOX\FILEDEF.C,Save_Game_,1
6,L:\MOX\NEXTTURN.C,Next_Turn_,1,L:\MOX\MOX2.C,_TOGGLE_PAGES_,1
6,L:\MOX\NEXTTURN.C,Next_Turn_,6,L:\MOX\NEXTTURN.C,Do_Autosave_,1
6,L:\MOX\NEXTTURN.C,Next_Turn_,6,L:\MOX\NEXTTURN.C,Get_Winner_,1
6,L:\MOX\NEXTTURN.C,Next_Turn_,6,L:\MOX\NEXTTURN.C,Next_Turn_Calc_,1
6,L:\MOX\NEXTTURN.C,Next_Turn_,48,D:\MOX\OTHERS\HAROLD.C,Confirm_Planet_And_Star_Index_Link_,1
6,L:\MOX\NEXTTURN.C,Next_Turn_,60,D:\MOX\OTHERS\SCORE.C,End_Of_Game_Hi_Score_,2
6,L:\MOX\NEXTTURN.C,Next_Turn_,79,D:\MOX\OTHERS\ERIC.C,Fast_Fade_Out_,2
6,L:\MOX\NEXTTURN.C,Next_Turn_,79,D:\MOX\OTHERS\ERIC.C,Play_Antaran_Win_Flic_,1
6,L:\MOX\NEXTTURN.C,Next_Turn_,79,D:\MOX\OTHERS\ERIC.C,Play_Loose_Flic_,1
6,L:\MOX\NEXTTURN.C,Next_Turn_,79,D:\MOX\OTHERS\ERIC.C,Play_Normal_Win_Flic_,1
6,L:\MOX\NEXTTURN.C,Next_Turn_,102,D:\MOX\OTHERS\COLCALC.C,N_Living_Human_Players_,1
6,L:\MOX\NEXTTURN.C,Next_Turn_,102,D:\MOX\OTHERS\COLCALC.C,N_Living_Players_,1
6,L:\MOX\NEXTTURN.C,Next_Turn_Calc_,7,L:\MOX\ERICNET.C,Do_All_Ships_XP_Check_,1
6,L:\MOX\NEXTTURN.C,Next_Turn_Calc_,12,D:\MOX\COUNCIL.C,Check_For_Council_Meeting_,1
6,L:\MOX\NEXTTURN.C,Next_Turn_Calc_,14,D:\MOX\DIP-SCRN.C,Resolve_Delayed_Diplomacy_Orders_,1
6,L:\MOX\NEXTTURN.C,Next_Turn_Calc_,14,D:\MOX\DIP-SCRN.C,Set_Opportunity_Attacks_,1
6,L:\MOX\NEXTTURN.C,Next_Turn_Calc_,15,D:\MOX\EVENTS.C,Determine_Event_,1
6,L:\MOX\NEXTTURN.C,Next_Turn_Calc_,15,D:\MOX\EVENTS.C,Event_Twiddle_,1
6,L:\MOX\NEXTTURN.C,Next_Turn_Calc_,17,D:\MOX\NPCDIPLO.C,NPC_Diplomacy_,1
6,L:\MOX\NEXTTURN.C,Next_Turn_Calc_,27,D:\MOX\DIPLOMAC.C,Clear_Diplomacy_Messages_,1
6,L:\MOX\NEXTTURN.C,Next_Turn_Calc_,27,D:\MOX\DIPLOMAC.C,Determine_Diplomacy_Messages_,1
6,L:\MOX\NEXTTURN.C,Next_Turn_Calc_,27,D:\MOX\DIPLOMAC.C,Determine_First_Contacts_,1
6,L:\MOX\NEXTTURN.C,Next_Turn_Calc_,27,D:\MOX\DIPLOMAC.C,Diplomacy_Growth_,1
6,L:\MOX\NEXTTURN.C,Next_Turn_Calc_,27,D:\MOX\DIPLOMAC.C,End_Of_Turn_Diplomacy_Adjustments_,1
6,L:\MOX\NEXTTURN.C,Next_Turn_Calc_,28,D:\MOX\OTHERS\INITSHIP.C,Repair_Ships_At_Colonies_,1
6,L:\MOX\NEXTTURN.C,Next_Turn_Calc_,38,D:\MOX\OTHERS\ANTARANS.C,Antaran_Invasion_Check_,1
6,L:\MOX\NEXTTURN.C,Next_Turn_Calc_,58,D:\MOX\OTHERS\OFFICER.C,Assert_Marooned_Leaders_,1
6,L:\MOX\NEXTTURN.C,Next_Turn_Calc_,58,D:\MOX\OTHERS\OFFICER.C,Check_For_Officer_Level_,1
6,L:\MOX\NEXTTURN.C,Next_Turn_Calc_,58,D:\MOX\OTHERS\OFFICER.C,Decrement_Officer_ETA_,1
6,L:\MOX\NEXTTURN.C,Next_Turn_Calc_,58,D:\MOX\OTHERS\OFFICER.C,Random_Officer_Check_,1
6,L:\MOX\NEXTTURN.C,Next_Turn_Calc_,91,D:\MOX\OTHERS\AIBUILD.C,Compute_Empire_Building_Needs_,1
6,L:\MOX\NEXTTURN.C,Next_Turn_Calc_,92,D:\MOX\OTHERS\AIDATA.C,Compute_AI_Data_,1
6,L:\MOX\NEXTTURN.C,Next_Turn_Calc_,92,D:\MOX\OTHERS\AIDATA.C,Deallocate_AI_Data_,1
6,L:\MOX\NEXTTURN.C,Next_Turn_Calc_,93,D:\MOX\OTHERS\AIDUDES.C,All_Colony_AI_,1
6,L:\MOX\NEXTTURN.C,Next_Turn_Calc_,94,D:\MOX\OTHERS\AILEADER.C,Do_AI_Leaders_,1
6,L:\MOX\NEXTTURN.C,Next_Turn_Calc_,95,D:\MOX\OTHERS\AIMOVE.C,Move_All_AI_,1
6,L:\MOX\NEXTTURN.C,Next_Turn_Calc_,97,D:\MOX\OTHERS\AITECH.C,All_AI_Tech_Select_,1
6,L:\MOX\NEXTTURN.C,Next_Turn_Calc_,97,D:\MOX\OTHERS\AITECH.C,Apply_Evolutionary_Upgrades_,1
6,L:\MOX\NEXTTURN.C,Next_Turn_Calc_,102,D:\MOX\OTHERS\COLCALC.C,Apply_All_Colony_Changes_,1
6,L:\MOX\NEXTTURN.C,Next_Turn_Calc_,102,D:\MOX\OTHERS\COLCALC.C,Apply_All_Player_Changes_,1
6,L:\MOX\NEXTTURN.C,Next_Turn_Calc_,102,D:\MOX\OTHERS\COLCALC.C,Compute_Blockades_,1
6,L:\MOX\NEXTTURN.C,Next_Turn_Calc_,102,D:\MOX\OTHERS\COLCALC.C,Do_Colony_Calculations_,2
6,L:\MOX\NEXTTURN.C,Next_Turn_Calc_,102,D:\MOX\OTHERS\COLCALC.C,Do_Surrenders_,1
6,L:\MOX\NEXTTURN.C,Next_Turn_Calc_,103,D:\MOX\OTHERS\COLONIZE.C,All_AI_Colonize_,1
6,L:\MOX\NEXTTURN.C,Next_Turn_Calc_,103,D:\MOX\OTHERS\COLONIZE.C,Allocate_New_Colony_Slots_,1
6,L:\MOX\NEXTTURN.C,Next_Turn_Calc_,104,D:\MOX\OTHERS\COMBFIND.C,Search_For_Battles_,1
6,L:\MOX\NEXTTURN.C,Next_Turn_Calc_,105,D:\MOX\OTHERS\CONTACT.C,Compute_Contacts_,1
6,L:\MOX\NEXTTURN.C,Next_Turn_Calc_,107,D:\MOX\OTHERS\INVASION.C,Check_All_Rebellions_,1
6,L:\MOX\NEXTTURN.C,Next_Turn_Calc_,108,D:\MOX\OTHERS\LOSTSHIP.C,Lose_Out_Of_Range_Ships_,1
6,L:\MOX\NEXTTURN.C,Next_Turn_Calc_,109,D:\MOX\OTHERS\MAINTAIN.C,Make_Scrap_Ships_Dead_,1
6,L:\MOX\NEXTTURN.C,Next_Turn_Calc_,110,D:\MOX\OTHERS\MSG.C,Add_Ongoing_Event_Msgs_,1
6,L:\MOX\NEXTTURN.C,Next_Turn_Calc_,110,D:\MOX\OTHERS\MSG.C,Allocate_Msg_Slots_,1
6,L:\MOX\NEXTTURN.C,Next_Turn_Calc_,116,D:\MOX\OTHERS\REPORT.C,Initialize_Reports_,1
6,L:\MOX\NEXTTURN.C,Next_Turn_Calc_,118,D:\MOX\OTHERS\SETTLER.C,Move_Settlers_,1
6,L:\MOX\NEXTTURN.C,Next_Turn_Calc_,119,D:\MOX\OTHERS\SHIPMOVE.C,Allocate_New_Ship_Slots_,1
6,L:\MOX\NEXTTURN.C,Next_Turn_Calc_,119,D:\MOX\OTHERS\SHIPMOVE.C,Move_All_Ships_Toward_Stars_,1
6,L:\MOX\NEXTTURN.C,Next_Turn_Calc_,119,D:\MOX\OTHERS\SHIPMOVE.C,Reset_Needless_Ignore_Combat_Ships_Flags_,1
6,L:\MOX\NEXTTURN.C,Next_Turn_Calc_,120,D:\MOX\OTHERS\SPY.C,Resolve_Spies_,1
6,L:\MOX\NEXTTURN.C,Next_Turn_Calc_,121,D:\MOX\OTHERS\TRADE.C,Process_Trade_And_Research_Agreements_,1
6,L:\MOX\NEXTTURN.C,Next_Turn_Calc_,122,D:\MOX\BILL.C,Record_History_,1
7,L:\MOX\ERICNET.C,Add_Building_,68,D:\MOX\OTHERS\COLBLDG.C,Delete_Prod_From_Colony_Queue_,7
7,L:\MOX\ERICNET.C,Add_Building_,102,D:\MOX\OTHERS\COLCALC.C,Compute_Star_Colony_Stuff_,1
7,L:\MOX\ERICNET.C,Add_Building_,107,D:\MOX\OTHERS\INVASION.C,Colony_Infantry_Barracks_Limit_,1
7,L:\MOX\ERICNET.C,Add_Building_,107,D:\MOX\OTHERS\INVASION.C,Colony_Tank_Barracks_Limit_,1
7,L:\MOX\ERICNET.C,Add_Building_,119,D:\MOX\OTHERS\SHIPMOVE.C,Update_Ship_ETAs_,1
7,L:\MOX\ERICNET.C,Best_Instructor_Bonus_,58,D:\MOX\OTHERS\OFFICER.C,Officer_Has_Special_Skill_,2
7,L:\MOX\ERICNET.C,Best_Instructor_Bonus_,58,D:\MOX\OTHERS\OFFICER.C,Officer_Skill_Bonus_,1
7,L:\MOX\ERICNET.C,Do_All_Ships_XP_Check_,7,L:\MOX\ERICNET.C,Best_Instructor_Bonus_,1
7,L:\MOX\ERICNET.C,Do_All_Ships_XP_Check_,7,L:\MOX\ERICNET.C,Do_XP_For_Ship_,1
7,L:\MOX\ERICNET.C,Do_All_Ships_XP_Check_,47,D:\MOX\OTHERS\HACCESS.C,Ship_Owner_,1
7,L:\MOX\ERICNET.C,Do_XP_For_Ship_,7,L:\MOX\ERICNET.C,Calc_Ship_Level_,1
7,L:\MOX\ERICNET.C,Do_XP_For_Ship_,7,L:\MOX\ERICNET.C,Do_Academy_At_Location_Check_,1
7,L:\MOX\ERICNET.C,Init_Homeworld_Colony2_,4,L:\MOX\INITGAME.C,Init_Colony_,1
7,L:\MOX\ERICNET.C,Init_Homeworld_Colony2_,7,L:\MOX\ERICNET.C,Add_Building_,2
7,L:\MOX\ERICNET.C,Init_Homeworld_Colony2_,28,D:\MOX\OTHERS\INITSHIP.C,Load_Colony_Ship_Design_,1
7,L:\MOX\ERICNET.C,Init_Homeworld_Colony2_,39,D:\MOX\OTHERS\ASSERT.C,hgetch_,1
7,L:\MOX\ERICNET.C,Init_Homeworld_Colony2_,68,D:\MOX\OTHERS\COLBLDG.C,Create_Ship_,3
7,L:\MOX\ERICNET.C,Init_Homeworld_Colony2_,74,D:\MOX\OTHERS\COLONY.C,Set_Colony_Globals_,1
7,L:\MOX\ERICNET.C,Init_Homeworld_Colony2_,102,D:\MOX\OTHERS\COLCALC.C,Colony_Can_Build_Product_,1
7,L:\MOX\ERICNET.C,Init_Homeworld_Colony2_,102,D:\MOX\OTHERS\COLCALC.C,Colony_Race_Pop_Limit_,1
7,L:\MOX\ERICNET.C,Init_Homeworld_Colony2_,117,D:\MOX\OTHERS\RUSS.C,PFMT_,1
7,L:\MOX\ERICNET.C,Init_Homeworld_Colony_,7,L:\MOX\ERICNET.C,Init_Homeworld_Colony2_,1
7,L:\MOX\ERICNET.C,Remove_Building_,68,D:\MOX\OTHERS\COLBLDG.C,Delete_From_Colony_Queue_,2
7,L:\MOX\ERICNET.C,Remove_Building_,68,D:\MOX\OTHERS\COLBLDG.C,Delete_Prod_From_Colony_Queue_,1
7,L:\MOX\ERICNET.C,Remove_Building_,102,D:\MOX\OTHERS\COLCALC.C,Colony_Calculation_,1
7,L:\MOX\ERICNET.C,Remove_Building_,102,D:\MOX\OTHERS\COLCALC.C,Colony_Environmental_Stuff_,1
7,L:\MOX\ERICNET.C,Remove_Building_,102,D:\MOX\OTHERS\COLCALC.C,Compute_Star_Colony_Stuff_,1
7,L:\MOX\ERICNET.C,Remove_Building_,107,D:\MOX\OTHERS\INVASION.C,Assign_New_Home_Planet_,1
7,L:\MOX\ERICNET.C,Remove_Building_,107,D:\MOX\OTHERS\INVASION.C,Enforce_Population_Limits_At_Colony_,1
7,L:\MOX\ERICNET.C,Remove_Building_,119,D:\MOX\OTHERS\SHIPMOVE.C,Update_Ship_ETAs_,1
9,D:\MOX\ANTAROOM.C,Draw_Main_Antaran_Room_Screen_,16,D:\MOX\JIM.C,Play_Streaming_Music_,1
9,D:\MOX\ANTAROOM.C,Draw_Main_Antaran_Room_Screen_,122,D:\MOX\BILL.C,_Get_Paragraph_Max_Height_,1
9,D:\MOX\ANTAROOM.C,Draw_Main_Antaran_Room_Screen_,122,D:\MOX\BILL.C,_Print_Paragraph_,1
9,D:\MOX\ANTAROOM.C,Main_Antaran_Room_Screen_,1,L:\MOX\MOX2.C,Get_Auto_Function_,1
9,D:\MOX\ANTAROOM.C,Main_Antaran_Room_Screen_,1,L:\MOX\MOX2.C,Put_Auto_Function_,1
9,D:\MOX\ANTAROOM.C,Main_Antaran_Room_Screen_,1,L:\MOX\MOX2.C,_TOGGLE_PAGES_,1
9,D:\MOX\ANTAROOM.C,Main_Antaran_Room_Screen_,9,D:\MOX\ANTAROOM.C,Draw_Main_Antaran_Room_Screen_,1
9,D:\MOX\ANTAROOM.C,Main_Antaran_Room_Screen_,9,D:\MOX\ANTAROOM.C,Get_Antaran_Room_Message_,1
9,D:\MOX\ANTAROOM.C,Main_Antaran_Room_Screen_,9,D:\MOX\ANTAROOM.C,Reload_Main_Antaran_Room_Screen_,1
9,D:\MOX\ANTAROOM.C,Main_Antaran_Room_Screen_,16,D:\MOX\JIM.C,Play_Background_Music_,1
9,D:\MOX\ANTAROOM.C,Main_Antaran_Room_Screen_,16,D:\MOX\JIM.C,Play_Streaming_Music_,1
9,D:\MOX\ANTAROOM.C,Main_Antaran_Room_Screen_,79,D:\MOX\OTHERS\ERIC.C,Fast_Fade_Out_,2
9,D:\MOX\ANTAROOM.C,Main_Antaran_Room_Screen_,79,D:\MOX\OTHERS\ERIC.C,Set_Fade_Percent_,2
9,D:\MOX\ANTAROOM.C,Main_Antaran_Room_Screen_,79,D:\MOX\OTHERS\ERIC.C,Set_Fade_Speed_Percent_,2
9,D:\MOX\ANTAROOM.C,Main_Antaran_Room_Screen_,117,D:\MOX\OTHERS\RUSS.C,Release_All_Blocks_,1
10,D:\MOX\SMACK.C,Play_Cinematic_,1,L:\MOX\MOX2.C,Get_Auto_Function_,1
10,D:\MOX\SMACK.C,Play_Cinematic_,1,L:\MOX\MOX2.C,Put_Auto_Function_,1
10,D:\MOX\SMACK.C,Play_Cinematic_,10,D:\MOX\SMACK.C,Smack_Fade_,3
10,D:\MOX\SMACK.C,Play_Cinematic_,16,D:\MOX\JIM.C,Play_Background_Music_,1
10,D:\MOX\SMACK.C,Play_Cinematic_,79,D:\MOX\OTHERS\ERIC.C,Fast_Fade_Out_,1
10,D:\MOX\SMACK.C,Play_Cinematic_,79,D:\MOX\OTHERS\ERIC.C,Set_Fade_Percent_,2
10,D:\MOX\SMACK.C,Play_Cinematic_,79,D:\MOX\OTHERS\ERIC.C,Set_Fade_Speed_Percent_,1
10,D:\MOX\SMACK.C,Play_Cinematic_,117,D:\MOX\OTHERS\RUSS.C,Mox_Update_,2
10,D:\MOX\SMACK.C,Smack_Fade_,79,D:\MOX\OTHERS\ERIC.C,Get_Fade_Percent_,2
12,D:\MOX\COUNCIL.C,Check_For_Council_Meeting_,12,D:\MOX\COUNCIL.C,Main_Council_Screen_,1
12,D:\MOX\COUNCIL.C,Control_Main_Council_Screen_,1,L:\MOX\MOX2.C,_TOGGLE_PAGES_,1
12,D:\MOX\COUNCIL.C,Control_Main_Council_Screen_,12,D:\MOX\COUNCIL.C,Draw_Main_Council_Screen_,1
12,D:\MOX\COUNCIL.C,Council_Accept_Ruling_,12,D:\MOX\COUNCIL.C,Control_Main_Council_Screen_,1
12,D:\MOX\COUNCIL.C,Council_Accept_Ruling_,12,D:\MOX\COUNCIL.C,Council_Player_Voted_Winner_,1
12,D:\MOX\COUNCIL.C,Council_Accept_Ruling_,12,D:\MOX\COUNCIL.C,Get_Council_Message_,1
12,D:\MOX\COUNCIL.C,Council_Accept_Ruling_,16,D:\MOX\JIM.C,Get_Text_Message_,3
12,D:\MOX\COUNCIL.C,Council_Accept_Ruling_,27,D:\MOX\DIPLOMAC.C,Break_Research_,1
12,D:\MOX\COUNCIL.C,Council_Accept_Ruling_,27,D:\MOX\DIPLOMAC.C,Break_Trade_,1
12,D:\MOX\COUNCIL.C,Council_Accept_Ruling_,27,D:\MOX\DIPLOMAC.C,Break_Treaties_,1
12,D:\MOX\COUNCIL.C,Council_Accept_Ruling_,27,D:\MOX\DIPLOMAC.C,Break_Tribute_,1
12,D:\MOX\COUNCIL.C,Council_Accept_Ruling_,27,D:\MOX\DIPLOMAC.C,Declare_War_,1
12,D:\MOX\COUNCIL.C,Council_Accept_Ruling_,79,D:\MOX\OTHERS\ERIC.C,Play_Diplomatic_Win_Flic_,1
12,D:\MOX\COUNCIL.C,Council_Accept_Ruling_,102,D:\MOX\OTHERS\COLCALC.C,Do_Surrenders_,1
12,D:\MOX\COUNCIL.C,Council_Accept_Ruling_,102,D:\MOX\OTHERS\COLCALC.C,May_Surrender_Empire_,1
12,D:\MOX\COUNCIL.C,Council_Accept_Ruling_,102,D:\MOX\OTHERS\COLCALC.C,Surrender_Empire_,1
12,D:\MOX\COUNCIL.C,Council_Finished_Voting_,12,D:\MOX\COUNCIL.C,Control_Main_Council_Screen_,1
12,D:\MOX\COUNCIL.C,Council_Finished_Voting_,12,D:\MOX\COUNCIL.C,Get_Council_Message_,1
12,D:\MOX\COUNCIL.C,Council_Player_Vote_,12,D:\MOX\COUNCIL.C,Council_Vote_Result_,1
12,D:\MOX\COUNCIL.C,Council_Player_Vote_,16,D:\MOX\JIM.C,Decode_Text_Stat_,1
12,D:\MOX\COUNCIL.C,Council_Player_Vote_,16,D:\MOX\JIM.C,Get_Text_Message_,4
12,D:\MOX\COUNCIL.C,Council_Player_Voted_Winner_,12,D:\MOX\COUNCIL.C,Drive_Council_Player_Voted_Winner_,1
12,D:\MOX\COUNCIL.C,Council_Vote_Result_,12,D:\MOX\COUNCIL.C,Control_Main_Council_Screen_,1
12,D:\MOX\COUNCIL.C,Council_Vote_Result_,12,D:\MOX\COUNCIL.C,Get_Council_Message_,1
12,D:\MOX\COUNCIL.C,Council_Vote_Result_,27,D:\MOX\DIPLOMAC.C,Change_Relations_,6
12,D:\MOX\COUNCIL.C,Council_Votes_,12,D:\MOX\COUNCIL.C,Council_Player_Vote_,1
12,D:\MOX\COUNCIL.C,Council_Votes_,12,D:\MOX\COUNCIL.C,Council_Vote_Result_,3
12,D:\MOX\COUNCIL.C,Council_Votes_,12,D:\MOX\COUNCIL.C,Vote_Check_,2
12,D:\MOX\COUNCIL.C,Draw_Council_Player_Voted_Winner_,16,D:\MOX\JIM.C,Play_Streaming_Music_,1
12,D:\MOX\COUNCIL.C,Draw_Council_Player_Voted_Winner_,117,D:\MOX\OTHERS\RUSS.C,Mox_Update_,1
12,D:\MOX\COUNCIL.C,Draw_Council_Player_Voted_Winner_,122,D:\MOX\BILL.C,_Get_Paragraph_Max_Height_,1
12,D:\MOX\COUNCIL.C,Draw_Council_Player_Voted_Winner_,122,D:\MOX\BILL.C,_Print_Paragraph_,1
12,D:\MOX\COUNCIL.C,Draw_Main_Council_Screen_,16,D:\MOX\JIM.C,Decode_Text_Name_And_Stat_,1
12,D:\MOX\COUNCIL.C,Draw_Main_Council_Screen_,16,D:\MOX\JIM.C,Decode_Text_Race_And_Name_,1
12,D:\MOX\COUNCIL.C,Draw_Main_Council_Screen_,16,D:\MOX\JIM.C,Play_Streaming_Music_,1
12,D:\MOX\COUNCIL.C,Draw_Main_Council_Screen_,117,D:\MOX\OTHERS\RUSS.C,Mox_Update_,1
12,D:\MOX\COUNCIL.C,Draw_Main_Council_Screen_,122,D:\MOX\BILL.C,_Get_Paragraph_Max_Height_,1
12,D:\MOX\COUNCIL.C,Draw_Main_Council_Screen_,122,D:\MOX\BILL.C,_Print_Paragraph_,1
12,D:\MOX\COUNCIL.C,Drive_Council_Player_Voted_Winner_,1,L:\MOX\MOX2.C,_TOGGLE_PAGES_,1
12,D:\MOX\COUNCIL.C,Drive_Council_Player_Voted_Winner_,12,D:\MOX\COUNCIL.C,Draw_Council_Player_Voted_Winner_,1
12,D:\MOX\COUNCIL.C,Drive_Council_Player_Voted_Winner_,12,D:\MOX\COUNCIL.C,Get_Player_Voted_Winner_Message_,1
12,D:\MOX\COUNCIL.C,Get_Council_Message_,16,D:\MOX\JIM.C,Decode_Text_Name_And_Name_,1
12,D:\MOX\COUNCIL.C,Get_Council_Message_,16,D:\MOX\JIM.C,Decode_Text_Name_And_Stat_,1
12,D:\MOX\COUNCIL.C,Get_Council_Message_,16,D:\MOX\JIM.C,Decode_Text_Race_And_Name_,2
12,D:\MOX\COUNCIL.C,Get_Council_Message_,16,D:\MOX\JIM.C,Get_Text_Message_,7
12,D:\MOX\COUNCIL.C,Load_Council_Text_Messages_,16,D:\MOX\JIM.C,Get_Text_Message_,4
12,D:\MOX\COUNCIL.C,Main_Council_Screen_,1,L:\MOX\MOX2.C,Get_Auto_Function_,1
12,D:\MOX\COUNCIL.C,Main_Council_Screen_,1,L:\MOX\MOX2.C,Put_Auto_Function_,1
12,D:\MOX\COUNCIL.C,Main_Council_Screen_,12,D:\MOX\COUNCIL.C,Control_Main_Council_Screen_,1
12,D:\MOX\COUNCIL.C,Main_Council_Screen_,12,D:\MOX\COUNCIL.C,Council_Accept_Ruling_,1
12,D:\MOX\COUNCIL.C,Main_Council_Screen_,12,D:\MOX\COUNCIL.C,Council_Finished_Voting_,1
12,D:\MOX\COUNCIL.C,Main_Council_Screen_,12,D:\MOX\COUNCIL.C,Council_Votes_,1
12,D:\MOX\COUNCIL.C,Main_Council_Screen_,12,D:\MOX\COUNCIL.C,Get_Council_Message_,1
12,D:\MOX\COUNCIL.C,Main_Council_Screen_,12,D:\MOX\COUNCIL.C,Reload_Main_Council_Screen_,1
12,D:\MOX\COUNCIL.C,Main_Council_Screen_,16,D:\MOX\JIM.C,Play_Background_Music_,1
12,D:\MOX\COUNCIL.C,Main_Council_Screen_,16,D:\MOX\JIM.C,Play_Streaming_Music_,1
12,D:\MOX\COUNCIL.C,Main_Council_Screen_,55,D:\MOX\OTHERS\MISC.C,Fade_Into_Screen_,1
12,D:\MOX\COUNCIL.C,Main_Council_Screen_,79,D:\MOX\OTHERS\ERIC.C,Fast_Fade_Out_,2
12,D:\MOX\COUNCIL.C,Main_Council_Screen_,79,D:\MOX\OTHERS\ERIC.C,Set_Fade_Percent_,2
12,D:\MOX\COUNCIL.C,Main_Council_Screen_,79,D:\MOX\OTHERS\ERIC.C,Set_Fade_Speed_Percent_,2
12,D:\MOX\COUNCIL.C,Main_Council_Screen_,117,D:\MOX\OTHERS\RUSS.C,Release_All_Blocks_,1
12,D:\MOX\COUNCIL.C,Reload_Main_Council_Screen_,12,D:\MOX\COUNCIL.C,Calc_Council_Vote_,1
12,D:\MOX\COUNCIL.C,Reload_Main_Council_Screen_,12,D:\MOX\COUNCIL.C,Load_Council_Text_Messages_,1
12,D:\MOX\COUNCIL.C,Reload_Main_Council_Screen_,117,D:\MOX\OTHERS\RUSS.C,Mox_Update_,4
12,D:\MOX\COUNCIL.C,Vote_Check_,47,D:\MOX\OTHERS\HACCESS.C,Orion_Owner_,1
14,D:\MOX\DIP-SCRN.C,Accepted_Npc_Demand_Resolution_,27,D:\MOX\DIPLOMAC.C,Change_Relations_,1
14,D:\MOX\DIP-SCRN.C,Add_Diplomacy_Turn_Summary_Messages_,110,D:\MOX\OTHERS\MSG.C,Add_Alliance_Msg_,1
14,D:\MOX\DIP-SCRN.C,Add_Diplomacy_Turn_Summary_Messages_,110,D:\MOX\OTHERS\MSG.C,Add_Nonaggression_Msg_,1
14,D:\MOX\DIP-SCRN.C,Add_Diplomacy_Turn_Summary_Messages_,110,D:\MOX\OTHERS\MSG.C,Add_Peace_Msg_,1
14,D:\MOX\DIP-SCRN.C,Add_Diplomacy_Turn_Summary_Messages_,110,D:\MOX\OTHERS\MSG.C,Add_War_Msg_,1
14,D:\MOX\DIP-SCRN.C,Check_Better_Offer_Available_,14,D:\MOX\DIP-SCRN.C,Check_Surrender_System_,1
14,D:\MOX\DIP-SCRN.C,Check_Better_Offer_Available_,14,D:\MOX\DIP-SCRN.C,Get_Diplomacy_Tech_List_,1
14,D:\MOX\DIP-SCRN.C,Check_Human_Treaty_Proposal_,14,D:\MOX\DIP-SCRN.C,Diplomacy_Listen_Mode_,1
14,D:\MOX\DIP-SCRN.C,Check_Human_Treaty_Proposal_,14,D:\MOX\DIP-SCRN.C,Diplomacy_Load_New_Ambassador_,2
14,D:\MOX\DIP-SCRN.C,Check_Human_Treaty_Proposal_,14,D:\MOX\DIP-SCRN.C,Get_Human_Treaty_Choice_,1
14,D:\MOX\DIP-SCRN.C,Check_Human_Treaty_Proposal_,14,D:\MOX\DIP-SCRN.C,Get_Listen_Mode_Message_,1
14,D:\MOX\DIP-SCRN.C,Check_Human_Treaty_Proposal_,112,D:\MOX\OTHERS\NETMOX.C,Mox_Send_Message_,1
14,D:\MOX\DIP-SCRN.C,Check_Human_Treaty_Proposal_,117,D:\MOX\OTHERS\RUSS.C,Mox_Update_,1
14,D:\MOX\DIP-SCRN.C,Check_Surrender_System_,102,D:\MOX\OTHERS\COLCALC.C,May_Surrender_Star_,1
14,D:\MOX\DIP-SCRN.C,Diplomacy_Break_Treaty_,14,D:\MOX\DIP-SCRN.C,Diplomacy_Break_Treaty_Resolution_,1
14,D:\MOX\DIP-SCRN.C,Diplomacy_Break_Treaty_,14,D:\MOX\DIP-SCRN.C,Setup_Diplomacy_Help_,1
14,D:\MOX\DIP-SCRN.C,Diplomacy_Break_Treaty_Resolution_,14,D:\MOX\DIP-SCRN.C,Diplomacy_Display_Response_,1
14,D:\MOX\DIP-SCRN.C,Diplomacy_Break_Treaty_Resolution_,14,D:\MOX\DIP-SCRN.C,Diplomacy_Load_New_Ambassador_,2
14,D:\MOX\DIP-SCRN.C,Diplomacy_Break_Treaty_Resolution_,14,D:\MOX\DIP-SCRN.C,Get_Human_Break_Treaty_Message_,1
14,D:\MOX\DIP-SCRN.C,Diplomacy_Break_Treaty_Resolution_,27,D:\MOX\DIPLOMAC.C,Break_Research_,1
14,D:\MOX\DIP-SCRN.C,Diplomacy_Break_Treaty_Resolution_,27,D:\MOX\DIPLOMAC.C,Break_Trade_,1
14,D:\MOX\DIP-SCRN.C,Diplomacy_Break_Treaty_Resolution_,27,D:\MOX\DIPLOMAC.C,Break_Treaties_,2
14,D:\MOX\DIP-SCRN.C,Diplomacy_Break_Treaty_Resolution_,27,D:\MOX\DIPLOMAC.C,Break_Tribute_,1
14,D:\MOX\DIP-SCRN.C,Diplomacy_Break_Treaty_Resolution_,27,D:\MOX\DIPLOMAC.C,Get_Break_Research_Message_,1
14,D:\MOX\DIP-SCRN.C,Diplomacy_Break_Treaty_Resolution_,27,D:\MOX\DIPLOMAC.C,Get_Break_Trade_Message_,1
14,D:\MOX\DIP-SCRN.C,Diplomacy_Break_Treaty_Resolution_,27,D:\MOX\DIPLOMAC.C,Get_Break_Treaty_Message_,1
14,D:\MOX\DIP-SCRN.C,Diplomacy_Break_Treaty_Resolution_,27,D:\MOX\DIPLOMAC.C,Get_Break_Tribute_Treaty_Message_,1
14,D:\MOX\DIP-SCRN.C,Diplomacy_Break_Treaty_Resolution_,112,D:\MOX\OTHERS\NETMOX.C,Mox_Send_Message_,1
14,D:\MOX\DIP-SCRN.C,Diplomacy_Break_Treaty_Resolution_,117,D:\MOX\OTHERS\RUSS.C,Mox_Update_,1
14,D:\MOX\DIP-SCRN.C,Diplomacy_Chat_,14,D:\MOX\DIP-SCRN.C,Setup_Full_Screen_Diplomacy_Help_,1
14,D:\MOX\DIP-SCRN.C,Diplomacy_Chat_,112,D:\MOX\OTHERS\NETMOX.C,Mox_Send_Message_,1
14,D:\MOX\DIP-SCRN.C,Diplomacy_Chat_,117,D:\MOX\OTHERS\RUSS.C,Mox_Update_,1
14,D:\MOX\DIP-SCRN.C,Diplomacy_Declare_War_Resolution_,14,D:\MOX\DIP-SCRN.C,Diplomacy_Display_Response_,1
14,D:\MOX\DIP-SCRN.C,Diplomacy_Declare_War_Resolution_,14,D:\MOX\DIP-SCRN.C,Diplomacy_Generic_List_,1
14,D:\MOX\DIP-SCRN.C,Diplomacy_Declare_War_Resolution_,14,D:\MOX\DIP-SCRN.C,Diplomacy_Load_New_Ambassador_,2
14,D:\MOX\DIP-SCRN.C,Diplomacy_Declare_War_Resolution_,14,D:\MOX\DIP-SCRN.C,Get_Human_Declare_War_Message_,1
14,D:\MOX\DIP-SCRN.C,Diplomacy_Declare_War_Resolution_,14,D:\MOX\DIP-SCRN.C,Setup_Full_Screen_Diplomacy_Help_,1
14,D:\MOX\DIP-SCRN.C,Diplomacy_Declare_War_Resolution_,16,D:\MOX\JIM.C,Get_Text_Message_,2
14,D:\MOX\DIP-SCRN.C,Diplomacy_Declare_War_Resolution_,27,D:\MOX\DIPLOMAC.C,Adjust_Diplomat_Modifiers_,1
14,D:\MOX\DIP-SCRN.C,Diplomacy_Declare_War_Resolution_,27,D:\MOX\DIPLOMAC.C,Declare_War_,1
14,D:\MOX\DIP-SCRN.C,Diplomacy_Declare_War_Resolution_,27,D:\MOX\DIPLOMAC.C,Get_Declare_War_Message_,1
14,D:\MOX\DIP-SCRN.C,Diplomacy_Declare_War_Resolution_,112,D:\MOX\OTHERS\NETMOX.C,Mox_Send_Message_,1
14,D:\MOX\DIP-SCRN.C,Diplomacy_Declare_War_Resolution_,117,D:\MOX\OTHERS\RUSS.C,Mox_Update_,1
14,D:\MOX\DIP-SCRN.C,Diplomacy_Demand_,14,D:\MOX\DIP-SCRN.C,Check_Surrender_System_,1
14,D:\MOX\DIP-SCRN.C,Diplomacy_Demand_,14,D:\MOX\DIP-SCRN.C,Diplomacy_Generic_Exchange_Tech_List_,1
14,D:\MOX\DIP-SCRN.C,Diplomacy_Demand_,14,D:\MOX\DIP-SCRN.C,Diplomacy_Generic_List_,3
14,D:\MOX\DIP-SCRN.C,Diplomacy_Demand_,14,D:\MOX\DIP-SCRN.C,Diplomacy_Give_In_To_Demand_,1
14,D:\MOX\DIP-SCRN.C,Diplomacy_Demand_,14,D:\MOX\DIP-SCRN.C,Diplomacy_System_Display_,1
14,D:\MOX\DIP-SCRN.C,Diplomacy_Demand_,14,D:\MOX\DIP-SCRN.C,Get_Diplomacy_Demand_Treaty_List_,3
14,D:\MOX\DIP-SCRN.C,Diplomacy_Demand_,14,D:\MOX\DIP-SCRN.C,Get_Human_Demand_Response_,9
14,D:\MOX\DIP-SCRN.C,Diplomacy_Demand_,14,D:\MOX\DIP-SCRN.C,Setup_Diplomacy_Help_,1
14,D:\MOX\DIP-SCRN.C,Diplomacy_Demand_,16,D:\MOX\JIM.C,Get_Text_Message_,3
14,D:\MOX\DIP-SCRN.C,Diplomacy_Demand_,17,D:\MOX\NPCDIPLO.C,Get_Differential_Tech_List_,1
14,D:\MOX\DIP-SCRN.C,Diplomacy_Demand_,27,D:\MOX\DIPLOMAC.C,Adjust_Diplomat_Modifiers_,9
14,D:\MOX\DIP-SCRN.C,Diplomacy_Demand_,27,D:\MOX\DIPLOMAC.C,Get_Demand_Response_,9
14,D:\MOX\DIP-SCRN.C,Diplomacy_Demand_,119,D:\MOX\OTHERS\SHIPMOVE.C,Player_Has_Ships_Pestering_Other_Player_,1
14,D:\MOX\DIP-SCRN.C,Diplomacy_Determine_Treaty_Proposal_,14,D:\MOX\DIP-SCRN.C,Check_Human_Treaty_Proposal_,1
14,D:\MOX\DIP-SCRN.C,Diplomacy_Determine_Treaty_Proposal_,14,D:\MOX\DIP-SCRN.C,Diplomacy_Human_Need_Better_Offer_,1
14,D:\MOX\DIP-SCRN.C,Diplomacy_Determine_Treaty_Proposal_,14,D:\MOX\DIP-SCRN.C,Diplomacy_Need_Better_Offer_,1
14,D:\MOX\DIP-SCRN.C,Diplomacy_Determine_Treaty_Proposal_,14,D:\MOX\DIP-SCRN.C,Get_Human_Form_Treaty_Message_,1
14,D:\MOX\DIP-SCRN.C,Diplomacy_Determine_Treaty_Proposal_,17,D:\MOX\NPCDIPLO.C,NPC_Message_Rejection_Check_,1
14,D:\MOX\DIP-SCRN.C,Diplomacy_Determine_Treaty_Proposal_,27,D:\MOX\DIPLOMAC.C,Check_Treaty_Proposal_,1
14,D:\MOX\DIP-SCRN.C,Diplomacy_Display_Response_,1,L:\MOX\MOX2.C,_TOGGLE_PAGES_,1
14,D:\MOX\DIP-SCRN.C,Diplomacy_Display_Response_,14,D:\MOX\DIP-SCRN.C,Draw_Diplomacy_Synch_Mode_,1
14,D:\MOX\DIP-SCRN.C,Diplomacy_Exchange_Technology_,14,D:\MOX\DIP-SCRN.C,Diplomacy_Generic_Exchange_Tech_List_,2
14,D:\MOX\DIP-SCRN.C,Diplomacy_Exchange_Technology_,14,D:\MOX\DIP-SCRN.C,Diplomacy_Generic_List_,3
14,D:\MOX\DIP-SCRN.C,Diplomacy_Exchange_Technology_,14,D:\MOX\DIP-SCRN.C,Diplomacy_Listen_Mode_,1
14,D:\MOX\DIP-SCRN.C,Diplomacy_Exchange_Technology_,14,D:\MOX\DIP-SCRN.C,Diplomacy_Load_New_Ambassador_,2
14,D:\MOX\DIP-SCRN.C,Diplomacy_Exchange_Technology_,14,D:\MOX\DIP-SCRN.C,Get_Human_Tech_Exchange_Accept_Message_,1
14,D:\MOX\DIP-SCRN.C,Diplomacy_Exchange_Technology_,14,D:\MOX\DIP-SCRN.C,Get_Human_Tech_Exchange_Decline_Message_,1
14,D:\MOX\DIP-SCRN.C,Diplomacy_Exchange_Technology_,14,D:\MOX\DIP-SCRN.C,Get_Human_Tech_Exchange_First_Message_,1
14,D:\MOX\DIP-SCRN.C,Diplomacy_Exchange_Technology_,14,D:\MOX\DIP-SCRN.C,Get_Human_Tech_Exchange_Message_,3
14,D:\MOX\DIP-SCRN.C,Diplomacy_Exchange_Technology_,14,D:\MOX\DIP-SCRN.C,Get_Listen_Mode_Message_,1
14,D:\MOX\DIP-SCRN.C,Diplomacy_Exchange_Technology_,16,D:\MOX\JIM.C,Get_Text_Message_,5
14,D:\MOX\DIP-SCRN.C,Diplomacy_Exchange_Technology_,17,D:\MOX\NPCDIPLO.C,Get_Differential_Tech_List_,1
14,D:\MOX\DIP-SCRN.C,Diplomacy_Exchange_Technology_,17,D:\MOX\NPCDIPLO.C,Get_Exchange_Tech_List_,1
14,D:\MOX\DIP-SCRN.C,Diplomacy_Exchange_Technology_,17,D:\MOX\NPCDIPLO.C,NPC_Message_Rejection_Check_,1
14,D:\MOX\DIP-SCRN.C,Diplomacy_Exchange_Technology_,27,D:\MOX\DIPLOMAC.C,Adjust_Diplomat_Modifiers_,1
14,D:\MOX\DIP-SCRN.C,Diplomacy_Exchange_Technology_,27,D:\MOX\DIPLOMAC.C,Change_Relations_,1
14,D:\MOX\DIP-SCRN.C,Diplomacy_Exchange_Technology_,102,D:\MOX\OTHERS\COLCALC.C,Player_Gets_Tech_App_,2
14,D:\MOX\DIP-SCRN.C,Diplomacy_Exchange_Technology_,112,D:\MOX\OTHERS\NETMOX.C,Mox_Send_Message_,2
14,D:\MOX\DIP-SCRN.C,Diplomacy_Exchange_Technology_,117,D:\MOX\OTHERS\RUSS.C,Mox_Update_,2
14,D:\MOX\DIP-SCRN.C,Diplomacy_Fade_In_,1,L:\MOX\MOX2.C,_TOGGLE_PAGES_,1
14,D:\MOX\DIP-SCRN.C,Diplomacy_Fade_In_,14,D:\MOX\DIP-SCRN.C,Diplomacy_Mouse_Init_,1
14,D:\MOX\DIP-SCRN.C,Diplomacy_Fade_In_,14,D:\MOX\DIP-SCRN.C,Get_Diplomacy_Statement_,1
14,D:\MOX\DIP-SCRN.C,Diplomacy_Fade_In_,14,D:\MOX\DIP-SCRN.C,Setup_Ambassador_Pic_,1
14,D:\MOX\DIP-SCRN.C,Diplomacy_Fade_In_,14,D:\MOX\DIP-SCRN.C,Setup_Back_Page_,1
14,D:\MOX\DIP-SCRN.C,Diplomacy_Fade_In_,16,D:\MOX\JIM.C,Play_Streaming_Music_,1
14,D:\MOX\DIP-SCRN.C,Diplomacy_Generic_Exchange_Tech_List_,14,D:\MOX\DIP-SCRN.C,Setup_Diplomacy_Help_,1
14,D:\MOX\DIP-SCRN.C,Diplomacy_Generic_Exchange_Tech_List_,16,D:\MOX\JIM.C,Get_Text_Message_,3
14,D:\MOX\DIP-SCRN.C,Diplomacy_Generic_Exchange_Tech_List_,130,D:\MOX\TECH.C,Technology_Applications_Name_,1
14,D:\MOX\DIP-SCRN.C,Diplomacy_Generic_List_,14,D:\MOX\DIP-SCRN.C,Setup_Full_Screen_Diplomacy_Help_,1
14,D:\MOX\DIP-SCRN.C,Diplomacy_Generic_List_,16,D:\MOX\JIM.C,Get_Text_Message_,1
14,D:\MOX\DIP-SCRN.C,Diplomacy_Generic_System_List_,14,D:\MOX\DIP-SCRN.C,Diplomacy_System_Scan_,1
14,D:\MOX\DIP-SCRN.C,Diplomacy_Generic_System_List_,14,D:\MOX\DIP-SCRN.C,Get_Human_Demand_Message_,1
14,D:\MOX\DIP-SCRN.C,Diplomacy_Generic_System_List_,16,D:\MOX\JIM.C,Decode_Text_Stat_,1
14,D:\MOX\DIP-SCRN.C,Diplomacy_Generic_System_List_,16,D:\MOX\JIM.C,Decode_Text_System_,1
14,D:\MOX\DIP-SCRN.C,Diplomacy_Generic_System_List_,16,D:\MOX\JIM.C,Get_Text_Message_,6
14,D:\MOX\DIP-SCRN.C,Diplomacy_Generic_System_List_,102,D:\MOX\OTHERS\COLCALC.C,Get_System_Population_,1
14,D:\MOX\DIP-SCRN.C,Diplomacy_Give_In_To_Demand_,27,D:\MOX\DIPLOMAC.C,Start_Tribute_Treaty_,1
14,D:\MOX\DIP-SCRN.C,Diplomacy_Give_In_To_Demand_,102,D:\MOX\OTHERS\COLCALC.C,May_Surrender_Star_,1
14,D:\MOX\DIP-SCRN.C,Diplomacy_Give_In_To_Demand_,102,D:\MOX\OTHERS\COLCALC.C,Player_Gets_Tech_App_,1
14,D:\MOX\DIP-SCRN.C,Diplomacy_Give_In_To_Demand_,102,D:\MOX\OTHERS\COLCALC.C,Surrender_Star_,1
14,D:\MOX\DIP-SCRN.C,Diplomacy_Human_Need_Better_Offer_,14,D:\MOX\DIP-SCRN.C,Check_Surrender_System_,1
14,D:\MOX\DIP-SCRN.C,Diplomacy_Human_Need_Better_Offer_,14,D:\MOX\DIP-SCRN.C,Diplomacy_Generic_List_,4
14,D:\MOX\DIP-SCRN.C,Diplomacy_Human_Need_Better_Offer_,14,D:\MOX\DIP-SCRN.C,Diplomacy_Generic_System_List_,1
14,D:\MOX\DIP-SCRN.C,Diplomacy_Human_Need_Better_Offer_,14,D:\MOX\DIP-SCRN.C,Diplomacy_Listen_Mode_,3
14,D:\MOX\DIP-SCRN.C,Diplomacy_Human_Need_Better_Offer_,14,D:\MOX\DIP-SCRN.C,Diplomacy_Load_New_Ambassador_,5
14,D:\MOX\DIP-SCRN.C,Diplomacy_Human_Need_Better_Offer_,14,D:\MOX\DIP-SCRN.C,Diplomacy_Offer_Money_,1
14,D:\MOX\DIP-SCRN.C,Diplomacy_Human_Need_Better_Offer_,14,D:\MOX\DIP-SCRN.C,Diplomacy_System_Display_,1
14,D:\MOX\DIP-SCRN.C,Diplomacy_Human_Need_Better_Offer_,14,D:\MOX\DIP-SCRN.C,Get_Diplomacy_Tech_List_,1
14,D:\MOX\DIP-SCRN.C,Diplomacy_Human_Need_Better_Offer_,14,D:\MOX\DIP-SCRN.C,Get_Listen_Mode_Message_,3
14,D:\MOX\DIP-SCRN.C,Diplomacy_Human_Need_Better_Offer_,16,D:\MOX\JIM.C,Decode_Text_Race_And_Name_,1
14,D:\MOX\DIP-SCRN.C,Diplomacy_Human_Need_Better_Offer_,16,D:\MOX\JIM.C,Get_Text_Message_,7
14,D:\MOX\DIP-SCRN.C,Diplomacy_Human_Need_Better_Offer_,102,D:\MOX\OTHERS\COLCALC.C,May_Surrender_Star_,2
14,D:\MOX\DIP-SCRN.C,Diplomacy_Human_Need_Better_Offer_,102,D:\MOX\OTHERS\COLCALC.C,Player_Gets_Tech_App_,2
14,D:\MOX\DIP-SCRN.C,Diplomacy_Human_Need_Better_Offer_,102,D:\MOX\OTHERS\COLCALC.C,Surrender_Star_,2
14,D:\MOX\DIP-SCRN.C,Diplomacy_Human_Need_Better_Offer_,112,D:\MOX\OTHERS\NETMOX.C,Mox_Send_Message_,3
14,D:\MOX\DIP-SCRN.C,Diplomacy_Human_Need_Better_Offer_,117,D:\MOX\OTHERS\RUSS.C,Mox_Update_,3
14,D:\MOX\DIP-SCRN.C,Diplomacy_Human_Need_Better_Offer_,130,D:\MOX\TECH.C,Technology_Applications_Name_,2
14,D:\MOX\DIP-SCRN.C,Diplomacy_Initial_Synch_Up_,112,D:\MOX\OTHERS\NETMOX.C,Mox_Send_Message_,1
14,D:\MOX\DIP-SCRN.C,Diplomacy_Initial_Synch_Up_,117,D:\MOX\OTHERS\RUSS.C,Mox_Update_,1
14,D:\MOX\DIP-SCRN.C,Diplomacy_Listen_Mode_,1,L:\MOX\MOX2.C,_TOGGLE_PAGES_,1
14,D:\MOX\DIP-SCRN.C,Diplomacy_Listen_Mode_,14,D:\MOX\DIP-SCRN.C,Diplomacy_Chat_,1
14,D:\MOX\DIP-SCRN.C,Diplomacy_Listen_Mode_,14,D:\MOX\DIP-SCRN.C,Draw_Diplomacy_Listen_Mode_,1
14,D:\MOX\DIP-SCRN.C,Diplomacy_Listen_Mode_,14,D:\MOX\DIP-SCRN.C,Setup_Full_Screen_Diplomacy_Help_,1
14,D:\MOX\DIP-SCRN.C,Diplomacy_Listen_Mode_,112,D:\MOX\OTHERS\NETMOX.C,Mox_Send_Message_,1
14,D:\MOX\DIP-SCRN.C,Diplomacy_Listen_Mode_,117,D:\MOX\OTHERS\RUSS.C,Mox_Update_,1
14,D:\MOX\DIP-SCRN.C,Diplomacy_Load_New_Ambassador_,14,D:\MOX\DIP-SCRN.C,Diplomacy_Mouse_Init_,1
14,D:\MOX\DIP-SCRN.C,Diplomacy_Load_New_Ambassador_,79,D:\MOX\OTHERS\ERIC.C,Fast_Fade_Out_,1
14,D:\MOX\DIP-SCRN.C,Diplomacy_Load_New_Ambassador_,79,D:\MOX\OTHERS\ERIC.C,Set_Fade_Percent_,1
14,D:\MOX\DIP-SCRN.C,Diplomacy_Load_New_Ambassador_,79,D:\MOX\OTHERS\ERIC.C,Set_Fade_Speed_Percent_,1
14,D:\MOX\DIP-SCRN.C,Diplomacy_Main_Net_Chat_,1,L:\MOX\MOX2.C,_TOGGLE_PAGES_,1
14,D:\MOX\DIP-SCRN.C,Diplomacy_Main_Net_Chat_,14,D:\MOX\DIP-SCRN.C,Diplomacy_Chat_,1
14,D:\MOX\DIP-SCRN.C,Diplomacy_Mouse_Init_,14,D:\MOX\DIP-SCRN.C,Load_Diplomacy_Text_Messages_,1
14,D:\MOX\DIP-SCRN.C,Diplomacy_Need_Better_Offer_,16,D:\MOX\JIM.C,Get_Text_Message_,1
14,D:\MOX\DIP-SCRN.C,Diplomacy_Need_Better_Offer_,102,D:\MOX\OTHERS\COLCALC.C,May_Surrender_Star_,1
14,D:\MOX\DIP-SCRN.C,Diplomacy_Need_Better_Offer_,102,D:\MOX\OTHERS\COLCALC.C,Player_Gets_Tech_App_,1
14,D:\MOX\DIP-SCRN.C,Diplomacy_Need_Better_Offer_,102,D:\MOX\OTHERS\COLCALC.C,Surrender_Star_,1
14,D:\MOX\DIP-SCRN.C,Diplomacy_Net_Switcheroo_,112,D:\MOX\OTHERS\NETMOX.C,Mox_Send_Message_,1
14,D:\MOX\DIP-SCRN.C,Diplomacy_Net_Switcheroo_,117,D:\MOX\OTHERS\RUSS.C,Mox_Update_,1
14,D:\MOX\DIP-SCRN.C,Diplomacy_Offer_Gift_,14,D:\MOX\DIP-SCRN.C,Check_Surrender_System_,1
14,D:\MOX\DIP-SCRN.C,Diplomacy_Offer_Gift_,14,D:\MOX\DIP-SCRN.C,Diplomacy_Generic_Exchange_Tech_List_,1
14,D:\MOX\DIP-SCRN.C,Diplomacy_Offer_Gift_,14,D:\MOX\DIP-SCRN.C,Diplomacy_Offer_Money_,1
14,D:\MOX\DIP-SCRN.C,Diplomacy_Offer_Gift_,14,D:\MOX\DIP-SCRN.C,Diplomacy_System_Display_,1
14,D:\MOX\DIP-SCRN.C,Diplomacy_Offer_Gift_,14,D:\MOX\DIP-SCRN.C,Get_Human_Gift_Response_,2
14,D:\MOX\DIP-SCRN.C,Diplomacy_Offer_Gift_,14,D:\MOX\DIP-SCRN.C,Setup_Diplomacy_Help_,1
14,D:\MOX\DIP-SCRN.C,Diplomacy_Offer_Gift_,17,D:\MOX\NPCDIPLO.C,Get_Differential_Tech_List_,1
14,D:\MOX\DIP-SCRN.C,Diplomacy_Offer_Gift_,17,D:\MOX\NPCDIPLO.C,Get_Exchange_Tech_List_,1
14,D:\MOX\DIP-SCRN.C,Diplomacy_Offer_Gift_,17,D:\MOX\NPCDIPLO.C,NPC_Proposal_Rejection_Accept_,3
14,D:\MOX\DIP-SCRN.C,Diplomacy_Offer_Gift_,27,D:\MOX\DIPLOMAC.C,Get_Gift_Response_,3
14,D:\MOX\DIP-SCRN.C,Diplomacy_Offer_Gift_,27,D:\MOX\DIPLOMAC.C,Start_Tribute_Treaty_,2
14,D:\MOX\DIP-SCRN.C,Diplomacy_Offer_Gift_,102,D:\MOX\OTHERS\COLCALC.C,May_Surrender_Star_,1
14,D:\MOX\DIP-SCRN.C,Diplomacy_Offer_Gift_,102,D:\MOX\OTHERS\COLCALC.C,Player_Gets_Tech_App_,1
14,D:\MOX\DIP-SCRN.C,Diplomacy_Offer_Gift_,102,D:\MOX\OTHERS\COLCALC.C,Surrender_Star_,1
14,D:\MOX\DIP-SCRN.C,Diplomacy_Offer_Money_,14,D:\MOX\DIP-SCRN.C,Get_Human_Gift_Response_,1
14,D:\MOX\DIP-SCRN.C,Diplomacy_Offer_Money_,14,D:\MOX\DIP-SCRN.C,Setup_Full_Screen_Diplomacy_Help_,1
14,D:\MOX\DIP-SCRN.C,Diplomacy_Offer_Money_,16,D:\MOX\JIM.C,Get_Text_Message_,2
14,D:\MOX\DIP-SCRN.C,Diplomacy_Offer_Money_,17,D:\MOX\NPCDIPLO.C,NPC_Proposal_Rejection_Accept_,1
14,D:\MOX\DIP-SCRN.C,Diplomacy_Offer_Money_,27,D:\MOX\DIPLOMAC.C,Get_Gift_Response_,1
14,D:\MOX\DIP-SCRN.C,Diplomacy_Propose_Treaty_,14,D:\MOX\DIP-SCRN.C,Diplomacy_Determine_Treaty_Proposal_,5
14,D:\MOX\DIP-SCRN.C,Diplomacy_Propose_Treaty_,14,D:\MOX\DIP-SCRN.C,Setup_Diplomacy_Help_,1
14,D:\MOX\DIP-SCRN.C,Diplomacy_Propose_Treaty_,17,D:\MOX\NPCDIPLO.C,Get_Exchange_Tech_List_,1
14,D:\MOX\DIP-SCRN.C,Diplomacy_Propose_Treaty_,27,D:\MOX\DIPLOMAC.C,Adjust_Diplomat_Modifiers_,5
14,D:\MOX\DIP-SCRN.C,Diplomacy_Propose_Treaty_,27,D:\MOX\DIPLOMAC.C,Declare_Peace_,1
14,D:\MOX\DIP-SCRN.C,Diplomacy_Propose_Treaty_,27,D:\MOX\DIPLOMAC.C,Start_Research_Treaty_,1
14,D:\MOX\DIP-SCRN.C,Diplomacy_Propose_Treaty_,27,D:\MOX\DIPLOMAC.C,Start_Trade_Treaty_,1
14,D:\MOX\DIP-SCRN.C,Diplomacy_Propose_Treaty_,27,D:\MOX\DIPLOMAC.C,Start_Treaty_,1
14,D:\MOX\DIP-SCRN.C,Diplomacy_Propose_Treaty_,27,D:\MOX\DIPLOMAC.C,Valid_Treaty_Proposal_,5
14,D:\MOX\DIP-SCRN.C,Diplomacy_Screen_,14,D:\MOX\DIP-SCRN.C,Diplomacy_Display_Response_,1
14,D:\MOX\DIP-SCRN.C,Diplomacy_Screen_,14,D:\MOX\DIP-SCRN.C,Diplomacy_Fade_In_,2
14,D:\MOX\DIP-SCRN.C,Diplomacy_Screen_,14,D:\MOX\DIP-SCRN.C,Get_Main_Diplomacy_Choices_,1
14,D:\MOX\DIP-SCRN.C,Diplomacy_Screen_,14,D:\MOX\DIP-SCRN.C,Get_Main_Repulsive_Diplomacy_Choices_,1
14,D:\MOX\DIP-SCRN.C,Diplomacy_Screen_,14,D:\MOX\DIP-SCRN.C,Get_Net_Diplomacy_Choices_,1
14,D:\MOX\DIP-SCRN.C,Diplomacy_Screen_,16,D:\MOX\JIM.C,Play_Background_Music_,1
14,D:\MOX\DIP-SCRN.C,Diplomacy_Screen_,27,D:\MOX\DIPLOMAC.C,Find_Worst_Modifier_,1
14,D:\MOX\DIP-SCRN.C,Diplomacy_Screen_,79,D:\MOX\OTHERS\ERIC.C,Fast_Fade_Out_,2
14,D:\MOX\DIP-SCRN.C,Diplomacy_Screen_,79,D:\MOX\OTHERS\ERIC.C,Set_Fade_Percent_,2
14,D:\MOX\DIP-SCRN.C,Diplomacy_Screen_,79,D:\MOX\OTHERS\ERIC.C,Set_Fade_Speed_Percent_,2
14,D:\MOX\DIP-SCRN.C,Diplomacy_Screen_,117,D:\MOX\OTHERS\RUSS.C,Release_All_Blocks_,1
14,D:\MOX\DIP-SCRN.C,Diplomacy_Set_Main_Options_,17,D:\MOX\NPCDIPLO.C,Get_Differential_Tech_List_,2
14,D:\MOX\DIP-SCRN.C,Diplomacy_Set_Main_Options_,27,D:\MOX\DIPLOMAC.C,Valid_Treaty_Proposal_,5
14,D:\MOX\DIP-SCRN.C,Diplomacy_Set_Main_Options_,102,D:\MOX\OTHERS\COLCALC.C,May_Surrender_Empire_,1
14,D:\MOX\DIP-SCRN.C,Diplomacy_Surrender_,14,D:\MOX\DIP-SCRN.C,Diplomacy_Display_Response_,1
14,D:\MOX\DIP-SCRN.C,Diplomacy_Surrender_,14,D:\MOX\DIP-SCRN.C,Diplomacy_Generic_List_,1
14,D:\MOX\DIP-SCRN.C,Diplomacy_Surrender_,14,D:\MOX\DIP-SCRN.C,Diplomacy_Load_New_Ambassador_,2
14,D:\MOX\DIP-SCRN.C,Diplomacy_Surrender_,14,D:\MOX\DIP-SCRN.C,Get_Human_Surrender_Message_,1
14,D:\MOX\DIP-SCRN.C,Diplomacy_Surrender_,14,D:\MOX\DIP-SCRN.C,Setup_Full_Screen_Diplomacy_Help_,1
14,D:\MOX\DIP-SCRN.C,Diplomacy_Surrender_,16,D:\MOX\JIM.C,Get_Text_Message_,2
14,D:\MOX\DIP-SCRN.C,Diplomacy_Surrender_,102,D:\MOX\OTHERS\COLCALC.C,May_Surrender_Empire_,1
14,D:\MOX\DIP-SCRN.C,Diplomacy_Surrender_,102,D:\MOX\OTHERS\COLCALC.C,Surrender_Empire_,1
14,D:\MOX\DIP-SCRN.C,Diplomacy_Surrender_,112,D:\MOX\OTHERS\NETMOX.C,Mox_Send_Message_,1
14,D:\MOX\DIP-SCRN.C,Diplomacy_Surrender_,117,D:\MOX\OTHERS\RUSS.C,Mox_Update_,1
14,D:\MOX\DIP-SCRN.C,Diplomacy_Synch_Mode_,1,L:\MOX\MOX2.C,_TOGGLE_PAGES_,1
14,D:\MOX\DIP-SCRN.C,Diplomacy_Synch_Mode_,14,D:\MOX\DIP-SCRN.C,Draw_Diplomacy_Synch_Mode_,1
14,D:\MOX\DIP-SCRN.C,Diplomacy_System_Display_,1,L:\MOX\MOX2.C,_TOGGLE_PAGES_,1
14,D:\MOX\DIP-SCRN.C,Diplomacy_System_Display_,14,D:\MOX\DIP-SCRN.C,Diplomacy_System_Scan_,2
14,D:\MOX\DIP-SCRN.C,Diplomacy_System_Display_,14,D:\MOX\DIP-SCRN.C,Draw_Diplomacy_System_Display_,1
14,D:\MOX\DIP-SCRN.C,Diplomacy_System_Display_,14,D:\MOX\DIP-SCRN.C,Setup_Full_Screen_Diplomacy_Help_,1
14,D:\MOX\DIP-SCRN.C,Diplomacy_System_Display_,16,D:\MOX\JIM.C,Decode_Text_Name_And_Name_,1
14,D:\MOX\DIP-SCRN.C,Diplomacy_System_Display_,16,D:\MOX\JIM.C,Decode_Text_Stat_,1
14,D:\MOX\DIP-SCRN.C,Diplomacy_System_Display_,16,D:\MOX\JIM.C,Decode_Text_System_,1
14,D:\MOX\DIP-SCRN.C,Diplomacy_System_Display_,16,D:\MOX\JIM.C,Get_Text_Message_,3
14,D:\MOX\DIP-SCRN.C,Diplomacy_System_Display_,56,D:\MOX\OTHERS\MOVEBOX.C,Get_Galaxy_Map_Star_XY_,1
14,D:\MOX\DIP-SCRN.C,Diplomacy_System_Display_,102,D:\MOX\OTHERS\COLCALC.C,Get_System_Population_,1
14,D:\MOX\DIP-SCRN.C,Diplomacy_System_Display_,102,D:\MOX\OTHERS\COLCALC.C,May_Surrender_Star_,1
14,D:\MOX\DIP-SCRN.C,Draw_Diplomacy_Fade_In_Screen_,16,D:\MOX\JIM.C,Play_Streaming_Music_,1
14,D:\MOX\DIP-SCRN.C,Draw_Diplomacy_Generic_System_List_,14,D:\MOX\DIP-SCRN.C,Draw_Diplomacy_Synch_Mode_,1
14,D:\MOX\DIP-SCRN.C,Draw_Diplomacy_Generic_System_List_,14,D:\MOX\DIP-SCRN.C,Draw_Diplomacy_System_,1
14,D:\MOX\DIP-SCRN.C,Draw_Diplomacy_Generic_System_List_,14,D:\MOX\DIP-SCRN.C,Draw_Diplomacy_System_Text_,1
14,D:\MOX\DIP-SCRN.C,Draw_Diplomacy_Listen_Mode_,14,D:\MOX\DIP-SCRN.C,Draw_Diplomacy_Synch_Mode_,1
14,D:\MOX\DIP-SCRN.C,Draw_Diplomacy_Synch_Mode_,14,D:\MOX\DIP-SCRN.C,Get_Diplomacy_Statement_,1
14,D:\MOX\DIP-SCRN.C,Draw_Diplomacy_Synch_Mode_,14,D:\MOX\DIP-SCRN.C,Setup_Ambassador_Pic_,1
14,D:\MOX\DIP-SCRN.C,Draw_Diplomacy_Synch_Mode_,14,D:\MOX\DIP-SCRN.C,Setup_Back_Page_,1
14,D:\MOX\DIP-SCRN.C,Draw_Diplomacy_Synch_Mode_,16,D:\MOX\JIM.C,Decode_Text_Name_And_Stat_,1
14,D:\MOX\DIP-SCRN.C,Draw_Diplomacy_Synch_Mode_,16,D:\MOX\JIM.C,Decode_Text_Race_And_Name_,1
14,D:\MOX\DIP-SCRN.C,Draw_Diplomacy_Synch_Mode_,16,D:\MOX\JIM.C,Play_Streaming_Music_,1
14,D:\MOX\DIP-SCRN.C,Draw_Diplomacy_Synch_Mode_,117,D:\MOX\OTHERS\RUSS.C,Mox_Update_,1
14,D:\MOX\DIP-SCRN.C,Draw_Diplomacy_Synch_Mode_,124,D:\MOX\FMTPARA.C,Get_Formatted_Paragraph_Max_Height_,1
14,D:\MOX\DIP-SCRN.C,Draw_Diplomacy_Synch_Mode_,124,D:\MOX\FMTPARA.C,Print_Formatted_Paragraph_,1
14,D:\MOX\DIP-SCRN.C,Draw_Diplomacy_System_,56,D:\MOX\OTHERS\MOVEBOX.C,Draw_Galaxy_Map_Box_,1
14,D:\MOX\DIP-SCRN.C,Draw_Diplomacy_System_Display_,14,D:\MOX\DIP-SCRN.C,Draw_Diplomacy_Synch_Mode_,1
14,D:\MOX\DIP-SCRN.C,Draw_Diplomacy_System_Display_,14,D:\MOX\DIP-SCRN.C,Draw_Diplomacy_System_,1
14,D:\MOX\DIP-SCRN.C,Draw_Diplomacy_System_Display_,14,D:\MOX\DIP-SCRN.C,Draw_Diplomacy_System_Text_,1
14,D:\MOX\DIP-SCRN.C,Draw_Diplomacy_System_Text_,102,D:\MOX\OTHERS\COLCALC.C,May_Surrender_Star_,1
14,D:\MOX\DIP-SCRN.C,Get_Diplomacy_Statement_,14,D:\MOX\DIP-SCRN.C,An_,1
14,D:\MOX\DIP-SCRN.C,Get_Diplomacy_Statement_,16,D:\MOX\JIM.C,Decode_Text_Stat_,1
14,D:\MOX\DIP-SCRN.C,Get_Diplomacy_Statement_,16,D:\MOX\JIM.C,Decode_Text_System_,1
14,D:\MOX\DIP-SCRN.C,Get_Diplomacy_Statement_,16,D:\MOX\JIM.C,Get_Text_Message_,2
14,D:\MOX\DIP-SCRN.C,Get_Diplomacy_Statement_,130,D:\MOX\TECH.C,Technology_Applications_Name_,2
14,D:\MOX\DIP-SCRN.C,Get_Diplomacy_Tech_Exchange_Lists_,17,D:\MOX\NPCDIPLO.C,Get_Differential_Tech_List_,2
14,D:\MOX\DIP-SCRN.C,Get_Diplomacy_Tech_Exchange_Lists_,97,D:\MOX\OTHERS\AITECH.C,Get_Max_Technology_Value_,1
14,D:\MOX\DIP-SCRN.C,Get_Diplomacy_Tech_List_,17,D:\MOX\NPCDIPLO.C,Get_Differential_Tech_List_,1
14,D:\MOX\DIP-SCRN.C,Get_Diplomacy_Tech_List_,97,D:\MOX\OTHERS\AITECH.C,Get_Max_Technology_Value_,1
14,D:\MOX\DIP-SCRN.C,Get_Human_Break_Treaty_Message_,16,D:\MOX\JIM.C,Decode_Text_Race_And_Name_,1
14,D:\MOX\DIP-SCRN.C,Get_Human_Break_Treaty_Message_,16,D:\MOX\JIM.C,Get_Text_Message_,1
14,D:\MOX\DIP-SCRN.C,Get_Human_Demand_Choice_,14,D:\MOX\DIP-SCRN.C,Diplomacy_Generic_List_,1
14,D:\MOX\DIP-SCRN.C,Get_Human_Demand_Choice_,14,D:\MOX\DIP-SCRN.C,Diplomacy_Generic_System_List_,1
14,D:\MOX\DIP-SCRN.C,Get_Human_Demand_Choice_,16,D:\MOX\JIM.C,Get_Text_Message_,3
14,D:\MOX\DIP-SCRN.C,Get_Human_Demand_Message_,16,D:\MOX\JIM.C,Decode_Text_Name_And_Name_,1
14,D:\MOX\DIP-SCRN.C,Get_Human_Demand_Message_,16,D:\MOX\JIM.C,Decode_Text_Name_And_Stat_,1
14,D:\MOX\DIP-SCRN.C,Get_Human_Demand_Message_,16,D:\MOX\JIM.C,Decode_Text_Name_And_System_,1
14,D:\MOX\DIP-SCRN.C,Get_Human_Demand_Message_,16,D:\MOX\JIM.C,Decode_Text_Name_And_Tech_,1
14,D:\MOX\DIP-SCRN.C,Get_Human_Demand_Message_,16,D:\MOX\JIM.C,Decode_Text_Race_And_Name_,1
14,D:\MOX\DIP-SCRN.C,Get_Human_Demand_Message_,16,D:\MOX\JIM.C,Get_Text_Message_,6
14,D:\MOX\DIP-SCRN.C,Get_Human_Demand_Response_,14,D:\MOX\DIP-SCRN.C,Diplomacy_Listen_Mode_,1
14,D:\MOX\DIP-SCRN.C,Get_Human_Demand_Response_,14,D:\MOX\DIP-SCRN.C,Diplomacy_Load_New_Ambassador_,2
14,D:\MOX\DIP-SCRN.C,Get_Human_Demand_Response_,14,D:\MOX\DIP-SCRN.C,Get_Human_Demand_Choice_,1
14,D:\MOX\DIP-SCRN.C,Get_Human_Demand_Response_,14,D:\MOX\DIP-SCRN.C,Get_Human_Demand_Message_,1
14,D:\MOX\DIP-SCRN.C,Get_Human_Demand_Response_,14,D:\MOX\DIP-SCRN.C,Get_Listen_Mode_Message_,1
14,D:\MOX\DIP-SCRN.C,Get_Human_Demand_Response_,112,D:\MOX\OTHERS\NETMOX.C,Mox_Send_Message_,1
14,D:\MOX\DIP-SCRN.C,Get_Human_Demand_Response_,117,D:\MOX\OTHERS\RUSS.C,Mox_Update_,1
14,D:\MOX\DIP-SCRN.C,Get_Human_Gift_Response_,14,D:\MOX\DIP-SCRN.C,Diplomacy_Display_Response_,1
14,D:\MOX\DIP-SCRN.C,Get_Human_Gift_Response_,14,D:\MOX\DIP-SCRN.C,Diplomacy_Load_New_Ambassador_,2
14,D:\MOX\DIP-SCRN.C,Get_Human_Gift_Response_,14,D:\MOX\DIP-SCRN.C,Get_Human_Offer_Gift_Message_,1
14,D:\MOX\DIP-SCRN.C,Get_Human_Gift_Response_,112,D:\MOX\OTHERS\NETMOX.C,Mox_Send_Message_,1
14,D:\MOX\DIP-SCRN.C,Get_Human_Gift_Response_,117,D:\MOX\OTHERS\RUSS.C,Mox_Update_,1
14,D:\MOX\DIP-SCRN.C,Get_Human_Offer_Gift_Message_,16,D:\MOX\JIM.C,Decode_Text_Name_And_Stat_,1
14,D:\MOX\DIP-SCRN.C,Get_Human_Offer_Gift_Message_,16,D:\MOX\JIM.C,Decode_Text_Name_And_System_,1
14,D:\MOX\DIP-SCRN.C,Get_Human_Offer_Gift_Message_,16,D:\MOX\JIM.C,Decode_Text_Name_And_Tech_,1
14,D:\MOX\DIP-SCRN.C,Get_Human_Offer_Gift_Message_,16,D:\MOX\JIM.C,Get_Text_Message_,4
14,D:\MOX\DIP-SCRN.C,Get_Human_Propose_Treaty_Message_,16,D:\MOX\JIM.C,Get_Text_Message_,1
14,D:\MOX\DIP-SCRN.C,Get_Human_Surrender_Message_,16,D:\MOX\JIM.C,Decode_Text_Race_And_Name_,1
14,D:\MOX\DIP-SCRN.C,Get_Human_Surrender_Message_,16,D:\MOX\JIM.C,Get_Text_Message_,1
14,D:\MOX\DIP-SCRN.C,Get_Human_Tech_Exchange_Choice_,14,D:\MOX\DIP-SCRN.C,Diplomacy_Generic_List_,1
14,D:\MOX\DIP-SCRN.C,Get_Human_Tech_Exchange_Choice_,16,D:\MOX\JIM.C,Get_Text_Message_,3
14,D:\MOX\DIP-SCRN.C,Get_Human_Tech_Exchange_First_Message_,16,D:\MOX\JIM.C,Decode_Text_Name_And_Other_Tech_,1
14,D:\MOX\DIP-SCRN.C,Get_Human_Tech_Exchange_First_Message_,16,D:\MOX\JIM.C,Get_Text_Message_,1
14,D:\MOX\DIP-SCRN.C,Get_Human_Tech_Exchange_Message_,16,D:\MOX\JIM.C,Decode_Text_Name_Tech_And_Other_Tech_,1
14,D:\MOX\DIP-SCRN.C,Get_Human_Tech_Exchange_Message_,16,D:\MOX\JIM.C,Get_Text_Message_,1
14,D:\MOX\DIP-SCRN.C,Get_Human_Treaty_Choice_,14,D:\MOX\DIP-SCRN.C,Check_Better_Offer_Available_,1
14,D:\MOX\DIP-SCRN.C,Get_Human_Treaty_Choice_,14,D:\MOX\DIP-SCRN.C,Diplomacy_Generic_List_,1
14,D:\MOX\DIP-SCRN.C,Get_Human_Treaty_Choice_,14,D:\MOX\DIP-SCRN.C,Get_Human_Propose_Treaty_Message_,1
14,D:\MOX\DIP-SCRN.C,Get_Human_Treaty_Choice_,16,D:\MOX\JIM.C,Get_Text_Message_,4
14,D:\MOX\DIP-SCRN.C,Get_Main_Diplomacy_Choices_,14,D:\MOX\DIP-SCRN.C,Diplomacy_Break_Treaty_,1
14,D:\MOX\DIP-SCRN.C,Get_Main_Diplomacy_Choices_,14,D:\MOX\DIP-SCRN.C,Diplomacy_Declare_War_Resolution_,1
14,D:\MOX\DIP-SCRN.C,Get_Main_Diplomacy_Choices_,14,D:\MOX\DIP-SCRN.C,Diplomacy_Demand_,1
14,D:\MOX\DIP-SCRN.C,Get_Main_Diplomacy_Choices_,14,D:\MOX\DIP-SCRN.C,Diplomacy_Display_Response_,2
14,D:\MOX\DIP-SCRN.C,Get_Main_Diplomacy_Choices_,14,D:\MOX\DIP-SCRN.C,Diplomacy_Exchange_Technology_,1
14,D:\MOX\DIP-SCRN.C,Get_Main_Diplomacy_Choices_,14,D:\MOX\DIP-SCRN.C,Diplomacy_Offer_Gift_,1
14,D:\MOX\DIP-SCRN.C,Get_Main_Diplomacy_Choices_,14,D:\MOX\DIP-SCRN.C,Diplomacy_Propose_Treaty_,1
14,D:\MOX\DIP-SCRN.C,Get_Main_Diplomacy_Choices_,14,D:\MOX\DIP-SCRN.C,Diplomacy_Set_Main_Options_,1
14,D:\MOX\DIP-SCRN.C,Get_Main_Diplomacy_Choices_,14,D:\MOX\DIP-SCRN.C,Diplomacy_Surrender_,1
14,D:\MOX\DIP-SCRN.C,Get_Main_Diplomacy_Choices_,14,D:\MOX\DIP-SCRN.C,Setup_Diplomacy_Help_,1
14,D:\MOX\DIP-SCRN.C,Get_Main_Diplomacy_Choices_,17,D:\MOX\NPCDIPLO.C,Get_Exchange_Tech_List_,1
14,D:\MOX\DIP-SCRN.C,Get_Main_Diplomacy_Choices_,27,D:\MOX\DIPLOMAC.C,Find_Worst_Modifier_,1
14,D:\MOX\DIP-SCRN.C,Get_Main_Repulsive_Diplomacy_Choices_,14,D:\MOX\DIP-SCRN.C,Diplomacy_Declare_War_Resolution_,1
14,D:\MOX\DIP-SCRN.C,Get_Main_Repulsive_Diplomacy_Choices_,14,D:\MOX\DIP-SCRN.C,Diplomacy_Determine_Treaty_Proposal_,1
14,D:\MOX\DIP-SCRN.C,Get_Main_Repulsive_Diplomacy_Choices_,14,D:\MOX\DIP-SCRN.C,Diplomacy_Display_Response_,3
14,D:\MOX\DIP-SCRN.C,Get_Main_Repulsive_Diplomacy_Choices_,14,D:\MOX\DIP-SCRN.C,Diplomacy_Main_Net_Chat_,1
14,D:\MOX\DIP-SCRN.C,Get_Main_Repulsive_Diplomacy_Choices_,14,D:\MOX\DIP-SCRN.C,Diplomacy_Surrender_,1
14,D:\MOX\DIP-SCRN.C,Get_Main_Repulsive_Diplomacy_Choices_,14,D:\MOX\DIP-SCRN.C,Setup_Diplomacy_Help_,1
14,D:\MOX\DIP-SCRN.C,Get_Main_Repulsive_Diplomacy_Choices_,27,D:\MOX\DIPLOMAC.C,Adjust_Diplomat_Modifiers_,1
14,D:\MOX\DIP-SCRN.C,Get_Main_Repulsive_Diplomacy_Choices_,27,D:\MOX\DIPLOMAC.C,Declare_Peace_,1
14,D:\MOX\DIP-SCRN.C,Get_Main_Repulsive_Diplomacy_Choices_,27,D:\MOX\DIPLOMAC.C,Find_Worst_Modifier_,1
14,D:\MOX\DIP-SCRN.C,Get_Main_Repulsive_Diplomacy_Choices_,102,D:\MOX\OTHERS\COLCALC.C,May_Surrender_Empire_,1
14,D:\MOX\DIP-SCRN.C,Get_Main_Repulsive_Diplomacy_Choices_,112,D:\MOX\OTHERS\NETMOX.C,Mox_Send_Message_,1
14,D:\MOX\DIP-SCRN.C,Get_Main_Repulsive_Diplomacy_Choices_,117,D:\MOX\OTHERS\RUSS.C,Mox_Update_,1
14,D:\MOX\DIP-SCRN.C,Get_Net_Diplomacy_Choices_,14,D:\MOX\DIP-SCRN.C,Diplomacy_Break_Treaty_,1
14,D:\MOX\DIP-SCRN.C,Get_Net_Diplomacy_Choices_,14,D:\MOX\DIP-SCRN.C,Diplomacy_Declare_War_Resolution_,1
14,D:\MOX\DIP-SCRN.C,Get_Net_Diplomacy_Choices_,14,D:\MOX\DIP-SCRN.C,Diplomacy_Demand_,1
14,D:\MOX\DIP-SCRN.C,Get_Net_Diplomacy_Choices_,14,D:\MOX\DIP-SCRN.C,Diplomacy_Display_Response_,3
14,D:\MOX\DIP-SCRN.C,Get_Net_Diplomacy_Choices_,14,D:\MOX\DIP-SCRN.C,Diplomacy_Exchange_Technology_,1
14,D:\MOX\DIP-SCRN.C,Get_Net_Diplomacy_Choices_,14,D:\MOX\DIP-SCRN.C,Diplomacy_Generic_Exchange_Tech_List_,1
14,D:\MOX\DIP-SCRN.C,Get_Net_Diplomacy_Choices_,14,D:\MOX\DIP-SCRN.C,Diplomacy_Generic_List_,2
14,D:\MOX\DIP-SCRN.C,Get_Net_Diplomacy_Choices_,14,D:\MOX\DIP-SCRN.C,Diplomacy_Generic_System_List_,1
14,D:\MOX\DIP-SCRN.C,Get_Net_Diplomacy_Choices_,14,D:\MOX\DIP-SCRN.C,Diplomacy_Give_In_To_Demand_,1
14,D:\MOX\DIP-SCRN.C,Get_Net_Diplomacy_Choices_,14,D:\MOX\DIP-SCRN.C,Diplomacy_Listen_Mode_,1
14,D:\MOX\DIP-SCRN.C,Get_Net_Diplomacy_Choices_,14,D:\MOX\DIP-SCRN.C,Diplomacy_Main_Net_Chat_,1
14,D:\MOX\DIP-SCRN.C,Get_Net_Diplomacy_Choices_,14,D:\MOX\DIP-SCRN.C,Diplomacy_Net_Switcheroo_,1
14,D:\MOX\DIP-SCRN.C,Get_Net_Diplomacy_Choices_,14,D:\MOX\DIP-SCRN.C,Diplomacy_Offer_Gift_,1
14,D:\MOX\DIP-SCRN.C,Get_Net_Diplomacy_Choices_,14,D:\MOX\DIP-SCRN.C,Diplomacy_Propose_Treaty_,1
14,D:\MOX\DIP-SCRN.C,Get_Net_Diplomacy_Choices_,14,D:\MOX\DIP-SCRN.C,Diplomacy_Set_Main_Options_,1
14,D:\MOX\DIP-SCRN.C,Get_Net_Diplomacy_Choices_,14,D:\MOX\DIP-SCRN.C,Diplomacy_Surrender_,1
14,D:\MOX\DIP-SCRN.C,Get_Net_Diplomacy_Choices_,14,D:\MOX\DIP-SCRN.C,Diplomacy_Synch_Mode_,2
14,D:\MOX\DIP-SCRN.C,Get_Net_Diplomacy_Choices_,14,D:\MOX\DIP-SCRN.C,Get_Human_Break_Treaty_Message_,1
14,D:\MOX\DIP-SCRN.C,Get_Net_Diplomacy_Choices_,14,D:\MOX\DIP-SCRN.C,Get_Human_Declare_War_Message_,1
14,D:\MOX\DIP-SCRN.C,Get_Net_Diplomacy_Choices_,14,D:\MOX\DIP-SCRN.C,Get_Human_Demand_Choice_,1
14,D:\MOX\DIP-SCRN.C,Get_Net_Diplomacy_Choices_,14,D:\MOX\DIP-SCRN.C,Get_Human_Demand_Message_,1
14,D:\MOX\DIP-SCRN.C,Get_Net_Diplomacy_Choices_,14,D:\MOX\DIP-SCRN.C,Get_Human_Offer_Gift_Message_,1
14,D:\MOX\DIP-SCRN.C,Get_Net_Diplomacy_Choices_,14,D:\MOX\DIP-SCRN.C,Get_Human_Surrender_Message_,1
14,D:\MOX\DIP-SCRN.C,Get_Net_Diplomacy_Choices_,14,D:\MOX\DIP-SCRN.C,Get_Human_Tech_Exchange_Accept_Message_,1
14,D:\MOX\DIP-SCRN.C,Get_Net_Diplomacy_Choices_,14,D:\MOX\DIP-SCRN.C,Get_Human_Tech_Exchange_Decline_Message_,1
14,D:\MOX\DIP-SCRN.C,Get_Net_Diplomacy_Choices_,14,D:\MOX\DIP-SCRN.C,Get_Human_Tech_Exchange_First_Message_,1
14,D:\MOX\DIP-SCRN.C,Get_Net_Diplomacy_Choices_,14,D:\MOX\DIP-SCRN.C,Get_Human_Treaty_Choice_,1
14,D:\MOX\DIP-SCRN.C,Get_Net_Diplomacy_Choices_,14,D:\MOX\DIP-SCRN.C,Get_Listen_Mode_Message_,8
14,D:\MOX\DIP-SCRN.C,Get_Net_Diplomacy_Choices_,14,D:\MOX\DIP-SCRN.C,Get_Main_Repulsive_Diplomacy_Choices_,1
14,D:\MOX\DIP-SCRN.C,Get_Net_Diplomacy_Choices_,14,D:\MOX\DIP-SCRN.C,Setup_Diplomacy_Help_,1
14,D:\MOX\DIP-SCRN.C,Get_Net_Diplomacy_Choices_,14,D:\MOX\DIP-SCRN.C,Start_Net_Treaty_,4
14,D:\MOX\DIP-SCRN.C,Get_Net_Diplomacy_Choices_,16,D:\MOX\JIM.C,Get_Text_Message_,3
14,D:\MOX\DIP-SCRN.C,Get_Net_Diplomacy_Choices_,17,D:\MOX\NPCDIPLO.C,Get_Differential_Tech_List_,1
14,D:\MOX\DIP-SCRN.C,Get_Net_Diplomacy_Choices_,27,D:\MOX\DIPLOMAC.C,Break_Research_,1
14,D:\MOX\DIP-SCRN.C,Get_Net_Diplomacy_Choices_,27,D:\MOX\DIPLOMAC.C,Break_Trade_,1
14,D:\MOX\DIP-SCRN.C,Get_Net_Diplomacy_Choices_,27,D:\MOX\DIPLOMAC.C,Break_Treaties_,1
14,D:\MOX\DIP-SCRN.C,Get_Net_Diplomacy_Choices_,27,D:\MOX\DIPLOMAC.C,Break_Tribute_,1
14,D:\MOX\DIP-SCRN.C,Get_Net_Diplomacy_Choices_,27,D:\MOX\DIPLOMAC.C,Declare_War_,1
14,D:\MOX\DIP-SCRN.C,Get_Net_Diplomacy_Choices_,27,D:\MOX\DIPLOMAC.C,Start_Tribute_Treaty_,1
14,D:\MOX\DIP-SCRN.C,Get_Net_Diplomacy_Choices_,102,D:\MOX\OTHERS\COLCALC.C,May_Surrender_Star_,2
14,D:\MOX\DIP-SCRN.C,Get_Net_Diplomacy_Choices_,102,D:\MOX\OTHERS\COLCALC.C,Player_Gets_Tech_App_,4
14,D:\MOX\DIP-SCRN.C,Get_Net_Diplomacy_Choices_,102,D:\MOX\OTHERS\COLCALC.C,Surrender_Star_,2
14,D:\MOX\DIP-SCRN.C,Get_Net_Diplomacy_Choices_,112,D:\MOX\OTHERS\NETMOX.C,Mox_Send_Message_,6
14,D:\MOX\DIP-SCRN.C,Get_Net_Diplomacy_Choices_,117,D:\MOX\OTHERS\RUSS.C,Mox_Update_,6
14,D:\MOX\DIP-SCRN.C,Get_Net_Diplomacy_Choices_,130,D:\MOX\TECH.C,Technology_Applications_Name_,1
14,D:\MOX\DIP-SCRN.C,Get_Non_Player_Proposals_,1,L:\MOX\MOX2.C,_TOGGLE_PAGES_,1
14,D:\MOX\DIP-SCRN.C,Get_Non_Player_Proposals_,14,D:\MOX\DIP-SCRN.C,Diplomacy_Generic_Exchange_Tech_List_,1
14,D:\MOX\DIP-SCRN.C,Get_Non_Player_Proposals_,14,D:\MOX\DIP-SCRN.C,Draw_Diplomacy_Synch_Mode_,1
14,D:\MOX\DIP-SCRN.C,Get_Non_Player_Proposals_,14,D:\MOX\DIP-SCRN.C,Setup_Full_Screen_Diplomacy_Help_,1
14,D:\MOX\DIP-SCRN.C,Get_Non_Player_Proposals_,16,D:\MOX\JIM.C,Get_Text_Message_,4
14,D:\MOX\DIP-SCRN.C,Get_Non_Player_Proposals_,17,D:\MOX\NPCDIPLO.C,Get_Differential_Tech_List_,1
14,D:\MOX\DIP-SCRN.C,Get_Non_Player_Proposals_,102,D:\MOX\OTHERS\COLCALC.C,Player_Gets_Tech_App_,2
14,D:\MOX\DIP-SCRN.C,Load_Diplomacy_Text_Messages_,16,D:\MOX\JIM.C,Get_Text_Message_,61
14,D:\MOX\DIP-SCRN.C,Load_Diplomacy_Text_Messages_,117,D:\MOX\OTHERS\RUSS.C,Mox_Update_,28
14,D:\MOX\DIP-SCRN.C,Npc_Diplomacy_Screen_,1,L:\MOX\MOX2.C,Get_Auto_Function_,1
14,D:\MOX\DIP-SCRN.C,Npc_Diplomacy_Screen_,79,D:\MOX\OTHERS\ERIC.C,Fast_Fade_Out_,1
14,D:\MOX\DIP-SCRN.C,Npc_Diplomacy_Screen_,79,D:\MOX\OTHERS\ERIC.C,Set_Fade_Percent_,1
14,D:\MOX\DIP-SCRN.C,Npc_Diplomacy_Screen_,79,D:\MOX\OTHERS\ERIC.C,Set_Fade_Speed_Percent_,1
14,D:\MOX\DIP-SCRN.C,Npc_Display_Diplomacy_Messages_,1,L:\MOX\MOX2.C,Put_Auto_Function_,1
14,D:\MOX\DIP-SCRN.C,Npc_Display_Diplomacy_Messages_,14,D:\MOX\DIP-SCRN.C,Accepted_Npc_Demand_Resolution_,3
14,D:\MOX\DIP-SCRN.C,Npc_Display_Diplomacy_Messages_,14,D:\MOX\DIP-SCRN.C,Diplomacy_Display_Response_,5
14,D:\MOX\DIP-SCRN.C,Npc_Display_Diplomacy_Messages_,14,D:\MOX\DIP-SCRN.C,Diplomacy_Fade_In_,1
14,D:\MOX\DIP-SCRN.C,Npc_Display_Diplomacy_Messages_,14,D:\MOX\DIP-SCRN.C,Get_Non_Player_Proposals_,1
14,D:\MOX\DIP-SCRN.C,Npc_Display_Diplomacy_Messages_,14,D:\MOX\DIP-SCRN.C,Npc_Diplomacy_Screen_,1
14,D:\MOX\DIP-SCRN.C,Npc_Display_Diplomacy_Messages_,14,D:\MOX\DIP-SCRN.C,Npc_Give_Gift_,4
14,D:\MOX\DIP-SCRN.C,Npc_Display_Diplomacy_Messages_,16,D:\MOX\JIM.C,Play_Background_Music_,1
14,D:\MOX\DIP-SCRN.C,Npc_Display_Diplomacy_Messages_,17,D:\MOX\NPCDIPLO.C,NPC_Proposal_Rejection_Accept_,2
14,D:\MOX\DIP-SCRN.C,Npc_Display_Diplomacy_Messages_,27,D:\MOX\DIPLOMAC.C,Break_Research_,2
14,D:\MOX\DIP-SCRN.C,Npc_Display_Diplomacy_Messages_,27,D:\MOX\DIPLOMAC.C,Break_Trade_,2
14,D:\MOX\DIP-SCRN.C,Npc_Display_Diplomacy_Messages_,27,D:\MOX\DIPLOMAC.C,Break_Treaties_,3
14,D:\MOX\DIP-SCRN.C,Npc_Display_Diplomacy_Messages_,27,D:\MOX\DIPLOMAC.C,Break_Tribute_,2
14,D:\MOX\DIP-SCRN.C,Npc_Display_Diplomacy_Messages_,27,D:\MOX\DIPLOMAC.C,Change_Relations_,1
14,D:\MOX\DIP-SCRN.C,Npc_Display_Diplomacy_Messages_,27,D:\MOX\DIPLOMAC.C,Declare_Peace_,2
14,D:\MOX\DIP-SCRN.C,Npc_Display_Diplomacy_Messages_,27,D:\MOX\DIPLOMAC.C,Declare_War_,3
14,D:\MOX\DIP-SCRN.C,Npc_Display_Diplomacy_Messages_,27,D:\MOX\DIPLOMAC.C,Start_Research_Treaty_,1
14,D:\MOX\DIP-SCRN.C,Npc_Display_Diplomacy_Messages_,27,D:\MOX\DIPLOMAC.C,Start_Trade_Treaty_,1
14,D:\MOX\DIP-SCRN.C,Npc_Display_Diplomacy_Messages_,27,D:\MOX\DIPLOMAC.C,Start_Treaty_,1
14,D:\MOX\DIP-SCRN.C,Npc_Display_Diplomacy_Messages_,79,D:\MOX\OTHERS\ERIC.C,Fast_Fade_Out_,1
14,D:\MOX\DIP-SCRN.C,Npc_Display_Diplomacy_Messages_,79,D:\MOX\OTHERS\ERIC.C,Set_Fade_Percent_,1
14,D:\MOX\DIP-SCRN.C,Npc_Display_Diplomacy_Messages_,79,D:\MOX\OTHERS\ERIC.C,Set_Fade_Speed_Percent_,1
14,D:\MOX\DIP-SCRN.C,Npc_Display_Diplomacy_Messages_,117,D:\MOX\OTHERS\RUSS.C,Release_All_Blocks_,1
14,D:\MOX\DIP-SCRN.C,Npc_Give_Gift_,27,D:\MOX\DIPLOMAC.C,Start_Tribute_Treaty_,1
14,D:\MOX\DIP-SCRN.C,Npc_Give_Gift_,102,D:\MOX\OTHERS\COLCALC.C,May_Surrender_Star_,1
14,D:\MOX\DIP-SCRN.C,Npc_Give_Gift_,102,D:\MOX\OTHERS\COLCALC.C,Player_Gets_Tech_App_,1
14,D:\MOX\DIP-SCRN.C,Npc_Give_Gift_,102,D:\MOX\OTHERS\COLCALC.C,Surrender_Star_,1
14,D:\MOX\DIP-SCRN.C,Resolve_Delayed_Diplomacy_Orders_,27,D:\MOX\DIPLOMAC.C,Break_Treaties_,1
14,D:\MOX\DIP-SCRN.C,Resolve_Delayed_Diplomacy_Orders_,27,D:\MOX\DIPLOMAC.C,Declare_Peace_,1
14,D:\MOX\DIP-SCRN.C,Resolve_Delayed_Diplomacy_Orders_,27,D:\MOX\DIPLOMAC.C,Declare_War_,1
14,D:\MOX\DIP-SCRN.C,Set_Opportunity_Attacks_,15,D:\MOX\EVENTS.C,Event_Check_Hyperspace_Flux_,1
14,D:\MOX\DIP-SCRN.C,Set_Opportunity_Attacks_,95,D:\MOX\OTHERS\AIMOVE.C,Find_Opportunity_Attack_,1
14,D:\MOX\DIP-SCRN.C,Start_Net_Treaty_,14,D:\MOX\DIP-SCRN.C,Get_Human_Form_Treaty_Message_,1
14,D:\MOX\DIP-SCRN.C,Start_Net_Treaty_,27,D:\MOX\DIPLOMAC.C,Declare_Peace_,1
14,D:\MOX\DIP-SCRN.C,Start_Net_Treaty_,27,D:\MOX\DIPLOMAC.C,Start_Research_Treaty_,1
14,D:\MOX\DIP-SCRN.C,Start_Net_Treaty_,27,D:\MOX\DIPLOMAC.C,Start_Trade_Treaty_,1
14,D:\MOX\DIP-SCRN.C,Start_Net_Treaty_,27,D:\MOX\DIPLOMAC.C,Start_Treaty_,1
15,D:\MOX\EVENTS.C,Allocate_Comet_Hit_,100,D:\MOX\OTHERS\BOMB.C,Apply_Bomb_Hits_,1
15,D:\MOX\EVENTS.C,Allocate_Earthquake_Hit_,100,D:\MOX\OTHERS\BOMB.C,Apply_Bomb_Hits_,1
15,D:\MOX\EVENTS.C,Allocate_Industrial_Accident_Hit_,100,D:\MOX\OTHERS\BOMB.C,Apply_Bomb_Hits_,1
15,D:\MOX\EVENTS.C,Check_For_Event_,1,L:\MOX\MOX2.C,Put_Auto_Function_,1
15,D:\MOX\EVENTS.C,Check_For_Event_,15,D:\MOX\EVENTS.C,Reset_Events_,1
15,D:\MOX\EVENTS.C,Check_For_Event_,15,D:\MOX\EVENTS.C,Setup_Next_Event_,1
15,D:\MOX\EVENTS.C,Check_For_Event_,16,D:\MOX\JIM.C,Play_Background_Music_,1
15,D:\MOX\EVENTS.C,Check_For_Event_,79,D:\MOX\OTHERS\ERIC.C,Fast_Fade_Out_,1
15,D:\MOX\EVENTS.C,Check_For_Event_,79,D:\MOX\OTHERS\ERIC.C,Set_Fade_Percent_,1
15,D:\MOX\EVENTS.C,Check_For_Event_,79,D:\MOX\OTHERS\ERIC.C,Set_Fade_Speed_Percent_,1
15,D:\MOX\EVENTS.C,Check_For_Event_,117,D:\MOX\OTHERS\RUSS.C,Release_All_Blocks_,1
15,D:\MOX\EVENTS.C,Determine_Event_,15,D:\MOX\EVENTS.C,Colony_Has_Event_,3
15,D:\MOX\EVENTS.C,Determine_Event_,15,D:\MOX\EVENTS.C,Colony_Research_Points_,2
15,D:\MOX\EVENTS.C,Determine_Event_,15,D:\MOX\EVENTS.C,Determine_Lucky_Players_Events_,1
15,D:\MOX\EVENTS.C,Determine_Event_,15,D:\MOX\EVENTS.C,Event_Check_Hyperspace_Flux_,6
15,D:\MOX\EVENTS.C,Determine_Event_,15,D:\MOX\EVENTS.C,Event_Check_Planet_Warning_,1
15,D:\MOX\EVENTS.C,Determine_Event_,15,D:\MOX\EVENTS.C,Event_Pirate_Activity_Strength_,1
15,D:\MOX\EVENTS.C,Determine_Event_,15,D:\MOX\EVENTS.C,Get_Event_Climate_Change_Colony_,1
15,D:\MOX\EVENTS.C,Determine_Event_,15,D:\MOX\EVENTS.C,Get_Event_Industrial_Accident_Colony_,1
15,D:\MOX\EVENTS.C,Determine_Event_,15,D:\MOX\EVENTS.C,Get_Event_Mineral_Depletion_Colony_,1
15,D:\MOX\EVENTS.C,Determine_Event_,15,D:\MOX\EVENTS.C,Get_Event_Mineral_Deposit_Colony_,1
15,D:\MOX\EVENTS.C,Determine_Event_,15,D:\MOX\EVENTS.C,Get_Event_Victim_,1
15,D:\MOX\EVENTS.C,Determine_Event_,15,D:\MOX\EVENTS.C,Pick_Completely_Random_Star_,1
15,D:\MOX\EVENTS.C,Determine_Event_,15,D:\MOX\EVENTS.C,Pick_Random_Colony_No_Capitol_,3
15,D:\MOX\EVENTS.C,Determine_Event_,15,D:\MOX\EVENTS.C,Pick_Random_Colony_No_Outpost_,1
15,D:\MOX\EVENTS.C,Determine_Event_,15,D:\MOX\EVENTS.C,Pick_Random_Player_In_Contact_,1
15,D:\MOX\EVENTS.C,Determine_Event_,15,D:\MOX\EVENTS.C,Pick_Random_Ship_,2
15,D:\MOX\EVENTS.C,Determine_Event_,15,D:\MOX\EVENTS.C,Pick_Random_Star_,4
15,D:\MOX\EVENTS.C,Determine_Event_,15,D:\MOX\EVENTS.C,Star_Has_Event_,3
15,D:\MOX\EVENTS.C,Determine_Event_,15,D:\MOX\EVENTS.C,Update_Lucky_Players_Events_,1
15,D:\MOX\EVENTS.C,Determine_Event_,29,D:\MOX\OTHERS\KEN.C,Get_Derelict_Applications_,1
15,D:\MOX\EVENTS.C,Determine_Event_,102,D:\MOX\OTHERS\COLCALC.C,Planet_Max_Population_For_Player_,1
15,D:\MOX\EVENTS.C,Determine_Event_,119,D:\MOX\OTHERS\SHIPMOVE.C,Do_Wormhole_Event_,1
15,D:\MOX\EVENTS.C,Draw_Event_Screen_,16,D:\MOX\JIM.C,Play_Streaming_Music_,1
15,D:\MOX\EVENTS.C,Draw_Event_Screen_,124,D:\MOX\FMTPARA.C,Get_Formatted_Paragraph_Max_Height_,1
15,D:\MOX\EVENTS.C,Draw_Event_Screen_,124,D:\MOX\FMTPARA.C,Print_Formatted_Paragraph_,1
15,D:\MOX\EVENTS.C,Drive_Event_Screen_,1,L:\MOX\MOX2.C,_TOGGLE_PAGES_,1
15,D:\MOX\EVENTS.C,Drive_Event_Screen_,15,D:\MOX\EVENTS.C,Draw_Event_Screen_,1
15,D:\MOX\EVENTS.C,Event_Twiddle_,15,D:\MOX\EVENTS.C,Allocate_Comet_Hit_,1
15,D:\MOX\EVENTS.C,Event_Twiddle_,15,D:\MOX\EVENTS.C,Allocate_Earthquake_Hit_,1
15,D:\MOX\EVENTS.C,Event_Twiddle_,15,D:\MOX\EVENTS.C,Allocate_Industrial_Accident_Hit_,1
15,D:\MOX\EVENTS.C,Event_Twiddle_,15,D:\MOX\EVENTS.C,Colony_Research_Points_,2
15,D:\MOX\EVENTS.C,Event_Twiddle_,15,D:\MOX\EVENTS.C,Get_Event_Victim_,1
15,D:\MOX\EVENTS.C,Event_Twiddle_,15,D:\MOX\EVENTS.C,Ship_Size_Points_At_Star_,2
15,D:\MOX\EVENTS.C,Event_Twiddle_,27,D:\MOX\DIPLOMAC.C,Change_Relations_,1
15,D:\MOX\EVENTS.C,Event_Twiddle_,58,D:\MOX\OTHERS\OFFICER.C,Kill_Officer_,1
15,D:\MOX\EVENTS.C,Event_Twiddle_,62,D:\MOX\OTHERS\SHIPS.C,Build_Nonplayer_Ship_,1
15,D:\MOX\EVENTS.C,Event_Twiddle_,62,D:\MOX\OTHERS\SHIPS.C,Kill_Ship_,1
15,D:\MOX\EVENTS.C,Event_Twiddle_,68,D:\MOX\OTHERS\COLBLDG.C,Delete_Prod_From_Colony_Queue_,1
15,D:\MOX\EVENTS.C,Event_Twiddle_,100,D:\MOX\OTHERS\BOMB.C,Destroy_Colony_,1
15,D:\MOX\EVENTS.C,Event_Twiddle_,102,D:\MOX\OTHERS\COLCALC.C,Colony_Calculation_,7
15,D:\MOX\EVENTS.C,Event_Twiddle_,102,D:\MOX\OTHERS\COLCALC.C,Give_Player_Field_,1
15,D:\MOX\EVENTS.C,Event_Twiddle_,102,D:\MOX\OTHERS\COLCALC.C,Player_Gets_Tech_App_,2
15,D:\MOX\EVENTS.C,Event_Twiddle_,119,D:\MOX\OTHERS\SHIPMOVE.C,Do_Hyperspace_Beast_,1
15,D:\MOX\EVENTS.C,Find_Nearest_Player_Colony_to_Ship_,15,D:\MOX\EVENTS.C,Colony_To_Ship_Dist2_,1
15,D:\MOX\EVENTS.C,Get_Antaran_Victim_,29,D:\MOX\OTHERS\KEN.C,Get_Weighted_Choice_,1
15,D:\MOX\EVENTS.C,Get_Event_Climate_Change_Colony_,15,D:\MOX\EVENTS.C,Pick_Random_Colony_No_Outpost_,1
15,D:\MOX\EVENTS.C,Get_Event_Industrial_Accident_Colony_,15,D:\MOX\EVENTS.C,Pick_Random_Colony_No_Capitol_,1
15,D:\MOX\EVENTS.C,Get_Event_Message_,15,D:\MOX\EVENTS.C,Event_Get_Fleet_Strength_,1
15,D:\MOX\EVENTS.C,Get_Event_Message_,16,D:\MOX\JIM.C,Get_Text_Message_,4
15,D:\MOX\EVENTS.C,Get_Event_Message_,47,D:\MOX\OTHERS\HACCESS.C,Get_Planet_Name_,1
15,D:\MOX\EVENTS.C,Get_Event_Message_,102,D:\MOX\OTHERS\COLCALC.C,Compute_Total_Building_Costs_,1
15,D:\MOX\EVENTS.C,Get_Event_Mineral_Depletion_Colony_,15,D:\MOX\EVENTS.C,Pick_Random_Colony_No_Capitol_,1
15,D:\MOX\EVENTS.C,Get_Event_Mineral_Deposit_Colony_,15,D:\MOX\EVENTS.C,Pick_Random_Colony_No_Outpost_,1
15,D:\MOX\EVENTS.C,Get_Event_Victim_,15,D:\MOX\EVENTS.C,Player_Has_Bad_Event_,1
15,D:\MOX\EVENTS.C,Get_Event_Victim_,29,D:\MOX\OTHERS\KEN.C,Get_Weighted_Choice_,1
15,D:\MOX\EVENTS.C,Reset_Events_,15,D:\MOX\EVENTS.C,Init_Events_,1
15,D:\MOX\EVENTS.C,Setup_Next_Event_,15,D:\MOX\EVENTS.C,Drive_Event_Screen_,2
15,D:\MOX\EVENTS.C,Setup_Next_Event_,15,D:\MOX\EVENTS.C,Get_Event_Message_,3
15,D:\MOX\EVENTS.C,Setup_Next_Event_,15,D:\MOX\EVENTS.C,Load_Event_Picture_,1
15,D:\MOX\EVENTS.C,Setup_Next_Event_,15,D:\MOX\EVENTS.C,Start_Main_Event_,1
15,D:\MOX\EVENTS.C,Setup_Next_Event_,16,D:\MOX\JIM.C,Get_Text_Message_,1
15,D:\MOX\EVENTS.C,Setup_Next_Event_,52,D:\MOX\OTHERS\MAINSCR.C,Mini_Main_Screen_Text_Box_,1
15,D:\MOX\EVENTS.C,Start_Main_Event_,1,L:\MOX\MOX2.C,Get_Auto_Function_,1
15,D:\MOX\EVENTS.C,Start_Main_Event_,15,D:\MOX\EVENTS.C,Event_Fade_In_,1
15,D:\MOX\EVENTS.C,Start_Main_Event_,16,D:\MOX\JIM.C,Play_Streaming_Music_,1
15,D:\MOX\EVENTS.C,Start_Main_Event_,79,D:\MOX\OTHERS\ERIC.C,Fast_Fade_Out_,1
15,D:\MOX\EVENTS.C,Start_Main_Event_,79,D:\MOX\OTHERS\ERIC.C,Set_Fade_Percent_,1
15,D:\MOX\EVENTS.C,Start_Main_Event_,79,D:\MOX\OTHERS\ERIC.C,Set_Fade_Speed_Percent_,1
16,D:\MOX\JIM.C,Decode_Text_Message_,47,D:\MOX\OTHERS\HACCESS.C,Get_Planet_Name_,1
16,D:\MOX\JIM.C,Decode_Text_Message_,130,D:\MOX\TECH.C,Technology_Applications_Name_,1
16,D:\MOX\JIM.C,Decode_Text_Message_,130,D:\MOX\TECH.C,Technology_Fields_Name_,1
16,D:\MOX\JIM.C,Decode_Text_Name_And_Other_Tech_,16,D:\MOX\JIM.C,Decode_Text_Message_,1
16,D:\MOX\JIM.C,Decode_Text_Name_And_Stat_,16,D:\MOX\JIM.C,Decode_Text_Message_,1
16,D:\MOX\JIM.C,Decode_Text_Name_Tech_And_Other_Tech_,16,D:\MOX\JIM.C,Decode_Text_Message_,1
16,D:\MOX\JIM.C,Decode_Text_Stat_,16,D:\MOX\JIM.C,Decode_Text_Message_,1
16,D:\MOX\JIM.C,Decode_Text_Year_,16,D:\MOX\JIM.C,Decode_Text_Message_,1
16,D:\MOX\JIM.C,Draw_Logos_,10,D:\MOX\SMACK.C,Play_Cinematic_,2
16,D:\MOX\JIM.C,Draw_Logos_,16,D:\MOX\JIM.C,Check_For_Simtex_Logo_,1
16,D:\MOX\JIM.C,Draw_Logos_,16,D:\MOX\JIM.C,Logo_Fade_Out_,2
16,D:\MOX\JIM.C,Draw_Logos_,16,D:\MOX\JIM.C,Slow_Fade_In_,1
16,D:\MOX\JIM.C,Draw_Logos_,51,D:\MOX\OTHERS\MAINMENU.C,Get_File_Animation_Total_Frames_,2
16,D:\MOX\JIM.C,Draw_Logos_,79,D:\MOX\OTHERS\ERIC.C,Fast_Fade_In_,1
16,D:\MOX\JIM.C,Draw_Logos_,117,D:\MOX\OTHERS\RUSS.C,Mox_Update_,5
16,D:\MOX\JIM.C,Fade_Down_Background_Music_,117,D:\MOX\OTHERS\RUSS.C,Mox_Update_,1
16,D:\MOX\JIM.C,Get_Text_Message_,117,D:\MOX\OTHERS\RUSS.C,Mox_Update_,2
16,D:\MOX\JIM.C,Jim_Hot_Key_,16,D:\MOX\JIM.C,Fade_Down_Background_Music_,1
16,D:\MOX\JIM.C,Logo_Fade_Out_,1,L:\MOX\MOX2.C,_TOGGLE_PAGES_,1
16,D:\MOX\JIM.C,Logo_Fade_Out_,117,D:\MOX\OTHERS\RUSS.C,Mox_Update_,1
16,D:\MOX\JIM.C,Play_Background_Music_,117,D:\MOX\OTHERS\RUSS.C,Mox_Update_,1
16,D:\MOX\JIM.C,Play_Combat_Music_,117,D:\MOX\OTHERS\RUSS.C,Mox_Update_,1
16,D:\MOX\JIM.C,Slow_Fade_In_,117,D:\MOX\OTHERS\RUSS.C,Mox_Update_,1
17,D:\MOX\NPCDIPLO.C,Eliminate_NPC_Treaty_Conflicts_,27,D:\MOX\DIPLOMAC.C,Break_Treaties_,2
17,D:\MOX\NPCDIPLO.C,Get_Differential_Tech_List_,102,D:\MOX\OTHERS\COLCALC.C,Player_May_Get_Tech_App_,1
17,D:\MOX\NPCDIPLO.C,Get_Differential_Tech_List_,115,D:\MOX\OTHERS\NEWTECH.C,Calc_Tech_Value_,1
17,D:\MOX\NPCDIPLO.C,Get_Differential_Tech_List_,115,D:\MOX\OTHERS\NEWTECH.C,Set_Competition_Tech_Values_,1
17,D:\MOX\NPCDIPLO.C,Get_Exchange_Tech_List_,17,D:\MOX\NPCDIPLO.C,Get_Tech_Exchange_Reaction_,1
17,D:\MOX\NPCDIPLO.C,Get_Exchange_Tech_List_,102,D:\MOX\OTHERS\COLCALC.C,Player_May_Get_Tech_App_,2
17,D:\MOX\NPCDIPLO.C,Get_Exchange_Tech_List_,115,D:\MOX\OTHERS\NEWTECH.C,Calc_Tech_Value_,2
17,D:\MOX\NPCDIPLO.C,Get_Exchange_Tech_List_,115,D:\MOX\OTHERS\NEWTECH.C,Set_Competition_Tech_Values_,2
17,D:\MOX\NPCDIPLO.C,Get_Tech_Exchange_Reaction_,102,D:\MOX\OTHERS\COLCALC.C,Best_Leader_Diplomat_Bonus_,1
17,D:\MOX\NPCDIPLO.C,Honor_Alliances_,27,D:\MOX\DIPLOMAC.C,Change_Relations_,1
17,D:\MOX\NPCDIPLO.C,Honor_Alliances_,27,D:\MOX\DIPLOMAC.C,Declare_War_,1
17,D:\MOX\NPCDIPLO.C,NPC_Declarations_Of_War_,15,D:\MOX\EVENTS.C,Event_Check_Hyperspace_Flux_,2
17,D:\MOX\NPCDIPLO.C,NPC_Declarations_Of_War_,27,D:\MOX\DIPLOMAC.C,Change_Relations_,2
17,D:\MOX\NPCDIPLO.C,NPC_Declarations_Of_War_,27,D:\MOX\DIPLOMAC.C,Declare_War_,2
17,D:\MOX\NPCDIPLO.C,NPC_Declarations_Of_War_,27,D:\MOX\DIPLOMAC.C,Fleet_Strength_Comparison_,7
17,D:\MOX\NPCDIPLO.C,NPC_Declarations_Of_War_,27,D:\MOX\DIPLOMAC.C,Get_Player_Diplomacy_Personality_,1
17,D:\MOX\NPCDIPLO.C,NPC_Diplomacy_,17,D:\MOX\NPCDIPLO.C,NPC_Declarations_Of_War_,1
17,D:\MOX\NPCDIPLO.C,NPC_Diplomacy_,17,D:\MOX\NPCDIPLO.C,NPC_Diplomacy_Buildup_Penalties_,1
17,D:\MOX\NPCDIPLO.C,NPC_Diplomacy_,17,D:\MOX\NPCDIPLO.C,NPC_Peace_Negotiations_,1
17,D:\MOX\NPCDIPLO.C,NPC_Diplomacy_,17,D:\MOX\NPCDIPLO.C,NPC_Threats_,1
17,D:\MOX\NPCDIPLO.C,NPC_Diplomacy_,17,D:\MOX\NPCDIPLO.C,NPC_To_NPC_Treaty_Negotiations_,1
17,D:\MOX\NPCDIPLO.C,NPC_Diplomacy_,27,D:\MOX\DIPLOMAC.C,NPC_Sneak_Attacks_,1
17,D:\MOX\NPCDIPLO.C,NPC_Diplomacy_Buildup_Penalties_,27,D:\MOX\DIPLOMAC.C,Change_Relations_,1
17,D:\MOX\NPCDIPLO.C,NPC_Good_Proposal_Check_,102,D:\MOX\OTHERS\COLCALC.C,Best_Leader_Diplomat_Bonus_,1
17,D:\MOX\NPCDIPLO.C,NPC_Peace_Negotiations_,15,D:\MOX\EVENTS.C,Event_Surrender_,1
17,D:\MOX\NPCDIPLO.C,NPC_Peace_Negotiations_,17,D:\MOX\NPCDIPLO.C,NPC_Surrender_Check_,1
17,D:\MOX\NPCDIPLO.C,NPC_Peace_Negotiations_,27,D:\MOX\DIPLOMAC.C,Declare_Peace_,1
17,D:\MOX\NPCDIPLO.C,NPC_Peace_Negotiations_,102,D:\MOX\OTHERS\COLCALC.C,Surrender_Empire_,1
17,D:\MOX\NPCDIPLO.C,NPC_Required_Alliances_,27,D:\MOX\DIPLOMAC.C,Declare_War_,1
17,D:\MOX\NPCDIPLO.C,NPC_Surrender_Check_,102,D:\MOX\OTHERS\COLCALC.C,May_Surrender_Empire_,4
17,D:\MOX\NPCDIPLO.C,NPC_Tech_Exchange_Check_,17,D:\MOX\NPCDIPLO.C,Get_Differential_Tech_List_,1
17,D:\MOX\NPCDIPLO.C,NPC_Tech_Exchange_Check_,17,D:\MOX\NPCDIPLO.C,Get_Tech_Exchange_Expectation_,1
17,D:\MOX\NPCDIPLO.C,NPC_Tech_Exchange_Check_,115,D:\MOX\OTHERS\NEWTECH.C,Calc_Tech_Value_,1
17,D:\MOX\NPCDIPLO.C,NPC_Tech_Exchange_Check_,115,D:\MOX\OTHERS\NEWTECH.C,Set_Competition_Tech_Values_,1
17,D:\MOX\NPCDIPLO.C,NPC_To_Human_Diplomacy_,102,D:\MOX\OTHERS\COLCALC.C,Player_Gets_Tech_App_,2
17,D:\MOX\NPCDIPLO.C,NPC_To_Human_Diplomacy_,102,D:\MOX\OTHERS\COLCALC.C,Player_May_Get_Tech_App_,2
17,D:\MOX\NPCDIPLO.C,NPC_To_NPC_Treaty_Negotiations_,17,D:\MOX\NPCDIPLO.C,Eliminate_NPC_Treaty_Conflicts_,1
17,D:\MOX\NPCDIPLO.C,NPC_To_NPC_Treaty_Negotiations_,17,D:\MOX\NPCDIPLO.C,Honor_Alliances_,1
17,D:\MOX\NPCDIPLO.C,NPC_To_NPC_Treaty_Negotiations_,27,D:\MOX\DIPLOMAC.C,Adjust_Diplomat_Modifiers_,3
17,D:\MOX\NPCDIPLO.C,NPC_To_NPC_Treaty_Negotiations_,27,D:\MOX\DIPLOMAC.C,Change_Relations_,1
17,D:\MOX\NPCDIPLO.C,NPC_To_NPC_Treaty_Negotiations_,27,D:\MOX\DIPLOMAC.C,Fleet_Strength_Comparison_,1
17,D:\MOX\NPCDIPLO.C,NPC_To_NPC_Treaty_Negotiations_,27,D:\MOX\DIPLOMAC.C,Start_Treaty_,1
17,D:\MOX\NPCDIPLO.C,NPC_To_NPC_Treaty_Negotiations_,27,D:\MOX\DIPLOMAC.C,Start_Tribute_Treaty_,1
18,D:\MOX\OTHERS\CMBTAI.C,Ai_Self_Destruct_Check_,18,D:\MOX\OTHERS\CMBTAI.C,Range_To_Ship_,1
18,D:\MOX\OTHERS\CMBTAI.C,Ai_Self_Destruct_Check_,18,D:\MOX\OTHERS\CMBTAI.C,Range_To_XY_,1
18,D:\MOX\OTHERS\CMBTAI.C,Ai_Self_Destruct_Check_,20,D:\MOX\OTHERS\CMBTFIR2.C,Crew_Boarding_Combat_Bonus_,2
18,D:\MOX\OTHERS\CMBTAI.C,Ai_Self_Destruct_Check_,20,D:\MOX\OTHERS\CMBTFIR2.C,Get_Fleet_Commando_Bonus_,2
18,D:\MOX\OTHERS\CMBTAI.C,Ai_Self_Destruct_Check_,20,D:\MOX\OTHERS\CMBTFIR2.C,Get_Fleet_Security_Bonus_,1
18,D:\MOX\OTHERS\CMBTAI.C,Ai_Self_Destruct_Check_,22,D:\MOX\OTHERS\CMBTMIS.C,Missile_Owner_,1
18,D:\MOX\OTHERS\CMBTAI.C,Ai_Self_Destruct_Check_,23,D:\MOX\OTHERS\CMBTMOV1.C,Ship_Is_In_Stasis_,1
18,D:\MOX\OTHERS\CMBTAI.C,Ai_Self_Destruct_Check_,26,D:\MOX\OTHERS\COMBINIT.C,Does_Combat_Ship_Have_Special_,2
18,D:\MOX\OTHERS\CMBTAI.C,Ai_Self_Destruct_Check_,107,D:\MOX\OTHERS\INVASION.C,Get_Boarding_Info_,1
18,D:\MOX\OTHERS\CMBTAI.C,Ai_Stasis_Check_,18,D:\MOX\OTHERS\CMBTAI.C,Release_Smallest_Ship_From_Stasis_,1
18,D:\MOX\OTHERS\CMBTAI.C,Ai_Stasis_Check_,21,D:\MOX\OTHERS\CMBTFIRE.C,Does_Combat_Planet_Have_Defenses_,1
18,D:\MOX\OTHERS\CMBTAI.C,Ai_Stasis_Check_,23,D:\MOX\OTHERS\CMBTMOV1.C,Ship_Is_In_Stasis_,1
18,D:\MOX\OTHERS\CMBTAI.C,Auto_Move_Ship_,18,D:\MOX\OTHERS\CMBTAI.C,Evaluate_Possible_Move_,1
18,D:\MOX\OTHERS\CMBTAI.C,Auto_Move_Ship_,23,D:\MOX\OTHERS\CMBTMOV1.C,Move_Cost_,1
18,D:\MOX\OTHERS\CMBTAI.C,Auto_Move_Ship_,23,D:\MOX\OTHERS\CMBTMOV1.C,Move_Ship_,1
18,D:\MOX\OTHERS\CMBTAI.C,Auto_Move_Ship_,23,D:\MOX\OTHERS\CMBTMOV1.C,Turn_To_Face_,1
18,D:\MOX\OTHERS\CMBTAI.C,Average_Missile_Kills_,18,D:\MOX\OTHERS\CMBTAI.C,Range_To_XY_,1
18,D:\MOX\OTHERS\CMBTAI.C,Average_Missile_Kills_,22,D:\MOX\OTHERS\CMBTMIS.C,Get_Missile_Hits_,1
18,D:\MOX\OTHERS\CMBTAI.C,Average_Missile_Kills_,22,D:\MOX\OTHERS\CMBTMIS.C,Missile_Dcv_,2
18,D:\MOX\OTHERS\CMBTAI.C,Average_Missile_Kills_,26,D:\MOX\OTHERS\COMBINIT.C,Does_Combat_Ship_Have_Special_,1
18,D:\MOX\OTHERS\CMBTAI.C,Boarding_Action_Type_,18,D:\MOX\OTHERS\CMBTAI.C,Range_To_Ship_,1
18,D:\MOX\OTHERS\CMBTAI.C,Boarding_Action_Type_,19,D:\MOX\OTHERS\CMBTDRW1.C,Relative_Bearing_,1
18,D:\MOX\OTHERS\CMBTAI.C,Boarding_Action_Type_,20,D:\MOX\OTHERS\CMBTFIR2.C,Already_Boarded_,2
18,D:\MOX\OTHERS\CMBTAI.C,Boarding_Action_Type_,20,D:\MOX\OTHERS\CMBTFIR2.C,Crew_Boarding_Combat_Bonus_,2
18,D:\MOX\OTHERS\CMBTAI.C,Boarding_Action_Type_,20,D:\MOX\OTHERS\CMBTFIR2.C,Get_Fleet_Commando_Bonus_,2
18,D:\MOX\OTHERS\CMBTAI.C,Boarding_Action_Type_,20,D:\MOX\OTHERS\CMBTFIR2.C,Get_Fleet_Security_Bonus_,1
18,D:\MOX\OTHERS\CMBTAI.C,Boarding_Action_Type_,21,D:\MOX\OTHERS\CMBTFIRE.C,Facing_Shield_,1
18,D:\MOX\OTHERS\CMBTAI.C,Boarding_Action_Type_,25,D:\MOX\OTHERS\COMBAT1.C,Calc_Current_Speed_,1
18,D:\MOX\OTHERS\CMBTAI.C,Boarding_Action_Type_,25,D:\MOX\OTHERS\COMBAT1.C,Combat_Ship_Is_Functional_,1
18,D:\MOX\OTHERS\CMBTAI.C,Boarding_Action_Type_,26,D:\MOX\OTHERS\COMBINIT.C,Does_Combat_Ship_Have_Special_,3
18,D:\MOX\OTHERS\CMBTAI.C,Boarding_Action_Type_,107,D:\MOX\OTHERS\INVASION.C,Get_Boarding_Info_,1
18,D:\MOX\OTHERS\CMBTAI.C,Bring_Weapons_To_Bear_,19,D:\MOX\OTHERS\CMBTDRW1.C,Get_Weapon_Arc_,1
18,D:\MOX\OTHERS\CMBTAI.C,Bring_Weapons_To_Bear_,19,D:\MOX\OTHERS\CMBTDRW1.C,Relative_Bearing_,1
18,D:\MOX\OTHERS\CMBTAI.C,Bring_Weapons_To_Bear_,19,D:\MOX\OTHERS\CMBTDRW1.C,Relative_Bearing_XY_,1
18,D:\MOX\OTHERS\CMBTAI.C,Bring_Weapons_To_Bear_,21,D:\MOX\OTHERS\CMBTFIRE.C,Target_Is_Legal_For_Weapon_,1
18,D:\MOX\OTHERS\CMBTAI.C,Bring_Weapons_To_Bear_,23,D:\MOX\OTHERS\CMBTMOV1.C,Turn_Cost_,1
18,D:\MOX\OTHERS\CMBTAI.C,Choose_Target_,18,D:\MOX\OTHERS\CMBTAI.C,Select_Ship_To_Target_,1
18,D:\MOX\OTHERS\CMBTAI.C,Combat_Ship_Class_,18,D:\MOX\OTHERS\CMBTAI.C,Expected_Weapon_Damage_,6
18,D:\MOX\OTHERS\CMBTAI.C,Crystal_Control_,19,D:\MOX\OTHERS\CMBTDRW1.C,Refresh_Combat_Screen_Full_,1
18,D:\MOX\OTHERS\CMBTAI.C,Crystal_Control_,20,D:\MOX\OTHERS\CMBTFIR2.C,Capture_Ship_,1
18,D:\MOX\OTHERS\CMBTAI.C,Crystal_Control_,29,D:\MOX\OTHERS\KEN.C,Ken_Get_Text_Message_,1
18,D:\MOX\OTHERS\CMBTAI.C,Crystal_Control_,46,D:\MOX\OTHERS\GENDRAW.C,Message_Box_,1
18,D:\MOX\OTHERS\CMBTAI.C,Do_Auto_Ship_Turn_,1,L:\MOX\MOX2.C,_TOGGLE_PAGES_,1
18,D:\MOX\OTHERS\CMBTAI.C,Do_Auto_Ship_Turn_,18,D:\MOX\OTHERS\CMBTAI.C,Ai_Self_Destruct_Check_,1
18,D:\MOX\OTHERS\CMBTAI.C,Do_Auto_Ship_Turn_,18,D:\MOX\OTHERS\CMBTAI.C,Ai_Stasis_Check_,3
18,D:\MOX\OTHERS\CMBTAI.C,Do_Auto_Ship_Turn_,18,D:\MOX\OTHERS\CMBTAI.C,Auto_Move_Ship_,1
18,D:\MOX\OTHERS\CMBTAI.C,Do_Auto_Ship_Turn_,18,D:\MOX\OTHERS\CMBTAI.C,Boarding_Action_Type_,2
18,D:\MOX\OTHERS\CMBTAI.C,Do_Auto_Ship_Turn_,18,D:\MOX\OTHERS\CMBTAI.C,Choose_Target_,1
18,D:\MOX\OTHERS\CMBTAI.C,Do_Auto_Ship_Turn_,18,D:\MOX\OTHERS\CMBTAI.C,Combat_Ship_Class_,1
18,D:\MOX\OTHERS\CMBTAI.C,Do_Auto_Ship_Turn_,18,D:\MOX\OTHERS\CMBTAI.C,Crystal_Control_,1
18,D:\MOX\OTHERS\CMBTAI.C,Do_Auto_Ship_Turn_,18,D:\MOX\OTHERS\CMBTAI.C,Does_Ship_Have_Missiles_Incoming_,1
18,D:\MOX\OTHERS\CMBTAI.C,Do_Auto_Ship_Turn_,18,D:\MOX\OTHERS\CMBTAI.C,Get_Current_Target_,2
18,D:\MOX\OTHERS\CMBTAI.C,Do_Auto_Ship_Turn_,18,D:\MOX\OTHERS\CMBTAI.C,Is_Ship_Out_Of_Ammo_,1
18,D:\MOX\OTHERS\CMBTAI.C,Do_Auto_Ship_Turn_,18,D:\MOX\OTHERS\CMBTAI.C,Is_Ship_Targeted_By_Missile_,1
18,D:\MOX\OTHERS\CMBTAI.C,Do_Auto_Ship_Turn_,18,D:\MOX\OTHERS\CMBTAI.C,Range_To_Ship_,1
18,D:\MOX\OTHERS\CMBTAI.C,Do_Auto_Ship_Turn_,18,D:\MOX\OTHERS\CMBTAI.C,Range_To_XY_,1
18,D:\MOX\OTHERS\CMBTAI.C,Do_Auto_Ship_Turn_,18,D:\MOX\OTHERS\CMBTAI.C,Resolve_Ai_Boarding_,2
18,D:\MOX\OTHERS\CMBTAI.C,Do_Auto_Ship_Turn_,18,D:\MOX\OTHERS\CMBTAI.C,Safe_To_Fire_Sphere_Weapon_,1
18,D:\MOX\OTHERS\CMBTAI.C,Do_Auto_Ship_Turn_,18,D:\MOX\OTHERS\CMBTAI.C,Toggle_Auto_Combat_Flags_,3
18,D:\MOX\OTHERS\CMBTAI.C,Do_Auto_Ship_Turn_,19,D:\MOX\OTHERS\CMBTDRW1.C,Draw_Main_Combat_Screen_,1
18,D:\MOX\OTHERS\CMBTAI.C,Do_Auto_Ship_Turn_,19,D:\MOX\OTHERS\CMBTDRW1.C,Ship_Completely_On_Screen_,1
18,D:\MOX\OTHERS\CMBTAI.C,Do_Auto_Ship_Turn_,21,D:\MOX\OTHERS\CMBTFIRE.C,Destroy_Ship_,1
18,D:\MOX\OTHERS\CMBTAI.C,Do_Auto_Ship_Turn_,21,D:\MOX\OTHERS\CMBTFIRE.C,Fire_Ship_,2
18,D:\MOX\OTHERS\CMBTAI.C,Do_Auto_Ship_Turn_,21,D:\MOX\OTHERS\CMBTFIRE.C,Get_Beam_Weapon_Modifiers_,1
18,D:\MOX\OTHERS\CMBTAI.C,Do_Auto_Ship_Turn_,21,D:\MOX\OTHERS\CMBTFIRE.C,Is_Combat_Ship_Dead_,2
18,D:\MOX\OTHERS\CMBTAI.C,Do_Auto_Ship_Turn_,23,D:\MOX\OTHERS\CMBTMOV1.C,Ship_Is_In_Stasis_,1
18,D:\MOX\OTHERS\CMBTAI.C,Do_Auto_Ship_Turn_,25,D:\MOX\OTHERS\COMBAT1.C,Assign_Combat_Grids_,1
18,D:\MOX\OTHERS\CMBTAI.C,Do_Auto_Ship_Turn_,25,D:\MOX\OTHERS\COMBAT1.C,Combat_Ship_Is_Functional_,1
18,D:\MOX\OTHERS\CMBTAI.C,Do_Auto_Ship_Turn_,25,D:\MOX\OTHERS\COMBAT1.C,Enemy_Dissipator_Exists_,1
18,D:\MOX\OTHERS\CMBTAI.C,Do_Auto_Ship_Turn_,26,D:\MOX\OTHERS\COMBINIT.C,Snap_Center_Combat_Screen_,1
18,D:\MOX\OTHERS\CMBTAI.C,Does_Ship_Have_Missiles_Incoming_,18,D:\MOX\OTHERS\CMBTAI.C,Will_Missile_Do_Damage_,1
18,D:\MOX\OTHERS\CMBTAI.C,Does_Ship_Have_Missiles_Incoming_,22,D:\MOX\OTHERS\CMBTMIS.C,Missile_Owner_,1
18,D:\MOX\OTHERS\CMBTAI.C,Expected_Beam_Bomb_Damage_,21,D:\MOX\OTHERS\CMBTFIRE.C,Get_Beam_Weapon_Modifiers_,1
18,D:\MOX\OTHERS\CMBTAI.C,Expected_Beam_Bomb_Damage_,22,D:\MOX\OTHERS\CMBTMIS.C,Missile_Dcv_,1
18,D:\MOX\OTHERS\CMBTAI.C,Expected_Beam_Bomb_Damage_,26,D:\MOX\OTHERS\COMBINIT.C,Does_Combat_Ship_Have_Special_,3
18,D:\MOX\OTHERS\CMBTAI.C,Expected_Beam_Bomb_Damage_,28,D:\MOX\OTHERS\INITSHIP.C,Best_Ship_Shield_,1
18,D:\MOX\OTHERS\CMBTAI.C,Expected_Beam_Bomb_Damage_,106,D:\MOX\OTHERS\GEO.C,Actual_Expected_Damage_,1
18,D:\MOX\OTHERS\CMBTAI.C,Expected_Missile_Damage_,21,D:\MOX\OTHERS\CMBTFIRE.C,Does_Combat_Planet_Have_Defenses_,1
18,D:\MOX\OTHERS\CMBTAI.C,Expected_Missile_Damage_,26,D:\MOX\OTHERS\COMBINIT.C,Does_Combat_Ship_Have_Special_,1
18,D:\MOX\OTHERS\CMBTAI.C,Expected_Weapon_Damage_,18,D:\MOX\OTHERS\CMBTAI.C,Expected_Beam_Bomb_Damage_,1
18,D:\MOX\OTHERS\CMBTAI.C,Expected_Weapon_Damage_,18,D:\MOX\OTHERS\CMBTAI.C,Expected_Missile_Damage_,1
18,D:\MOX\OTHERS\CMBTAI.C,Expected_Weapon_Damage_,19,D:\MOX\OTHERS\CMBTDRW1.C,Get_Weapon_Arc_,2
18,D:\MOX\OTHERS\CMBTAI.C,Expected_Weapon_Damage_,19,D:\MOX\OTHERS\CMBTDRW1.C,Relative_Bearing_,1
18,D:\MOX\OTHERS\CMBTAI.C,Expected_Weapon_Damage_,19,D:\MOX\OTHERS\CMBTDRW1.C,Relative_Bearing_XY_,1
18,D:\MOX\OTHERS\CMBTAI.C,Expected_Weapon_Damage_,21,D:\MOX\OTHERS\CMBTFIRE.C,Target_Is_Legal_For_Weapon_,1
18,D:\MOX\OTHERS\CMBTAI.C,Expected_Weapon_Damage_,21,D:\MOX\OTHERS\CMBTFIRE.C,Weapon_In_Range_,1
18,D:\MOX\OTHERS\CMBTAI.C,Expected_Weapon_Damage_,22,D:\MOX\OTHERS\CMBTMIS.C,Get_Missile_Hits_,1
18,D:\MOX\OTHERS\CMBTAI.C,Expected_Weapon_Damage_,25,D:\MOX\OTHERS\COMBAT1.C,Weapon_Is_On_,1
18,D:\MOX\OTHERS\CMBTAI.C,Expected_Weapon_Damage_,26,D:\MOX\OTHERS\COMBINIT.C,Does_Combat_Ship_Have_Special_,1
18,D:\MOX\OTHERS\CMBTAI.C,Get_Current_Missile_Target_,18,D:\MOX\OTHERS\CMBTAI.C,Target_Missile_Value_,1
18,D:\MOX\OTHERS\CMBTAI.C,Get_Current_Missile_Target_,18,D:\MOX\OTHERS\CMBTAI.C,Will_Missile_Do_Damage_,1
18,D:\MOX\OTHERS\CMBTAI.C,Get_Current_Ship_Target_,18,D:\MOX\OTHERS\CMBTAI.C,Target_Ship_Value_,1
18,D:\MOX\OTHERS\CMBTAI.C,Get_Current_Ship_Target_,19,D:\MOX\OTHERS\CMBTDRW1.C,Get_Weapon_Arc_,1
18,D:\MOX\OTHERS\CMBTAI.C,Get_Current_Ship_Target_,19,D:\MOX\OTHERS\CMBTDRW1.C,Relative_Bearing_,1
18,D:\MOX\OTHERS\CMBTAI.C,Get_Current_Ship_Target_,21,D:\MOX\OTHERS\CMBTFIRE.C,Does_Combat_Planet_Have_Defenses_,1
18,D:\MOX\OTHERS\CMBTAI.C,Get_Current_Ship_Target_,21,D:\MOX\OTHERS\CMBTFIRE.C,Weapon_In_Range_,1
18,D:\MOX\OTHERS\CMBTAI.C,Get_Current_Ship_Target_,23,D:\MOX\OTHERS\CMBTMOV1.C,Ship_Is_In_Stasis_,1
18,D:\MOX\OTHERS\CMBTAI.C,Get_Current_Ship_Target_,25,D:\MOX\OTHERS\COMBAT1.C,Weapon_Is_On_,1
18,D:\MOX\OTHERS\CMBTAI.C,Get_Current_Target_,18,D:\MOX\OTHERS\CMBTAI.C,Get_Current_Missile_Target_,2
18,D:\MOX\OTHERS\CMBTAI.C,Get_Current_Target_,18,D:\MOX\OTHERS\CMBTAI.C,Get_Current_Ship_Target_,2
18,D:\MOX\OTHERS\CMBTAI.C,Get_Effective_Beam_Strength_,18,D:\MOX\OTHERS\CMBTAI.C,Get_Effective_Weapon_Damage_,1
18,D:\MOX\OTHERS\CMBTAI.C,Get_Effective_Beam_Strength_,117,D:\MOX\OTHERS\RUSS.C,Mox_Update_,1
18,D:\MOX\OTHERS\CMBTAI.C,Get_Effective_Missile_Strength_,18,D:\MOX\OTHERS\CMBTAI.C,Average_Missile_Kills_,1
18,D:\MOX\OTHERS\CMBTAI.C,Get_Effective_Missile_Strength_,18,D:\MOX\OTHERS\CMBTAI.C,Convert_Ordinal_To_Msl_Type_,5
18,D:\MOX\OTHERS\CMBTAI.C,Get_Effective_Missile_Strength_,18,D:\MOX\OTHERS\CMBTAI.C,Get_Effective_Beam_Strength_,1
18,D:\MOX\OTHERS\CMBTAI.C,Get_Effective_Missile_Strength_,21,D:\MOX\OTHERS\CMBTFIRE.C,Weapon_Can_Fire_At_Missiles_,1
18,D:\MOX\OTHERS\CMBTAI.C,Get_Effective_Missile_Strength_,28,D:\MOX\OTHERS\INITSHIP.C,Best_Ship_Shield_,1
18,D:\MOX\OTHERS\CMBTAI.C,Get_Effective_Missile_Strength_,117,D:\MOX\OTHERS\RUSS.C,Mox_Update_,3
18,D:\MOX\OTHERS\CMBTAI.C,Get_Long_Range_Beam_Strength_,18,D:\MOX\OTHERS\CMBTAI.C,Get_Effective_Weapon_Damage_,1
18,D:\MOX\OTHERS\CMBTAI.C,Get_Long_Range_Beam_Strength_,26,D:\MOX\OTHERS\COMBINIT.C,Does_Combat_Ship_Have_Special_,2
18,D:\MOX\OTHERS\CMBTAI.C,Get_Long_Range_Beam_Strength_,117,D:\MOX\OTHERS\RUSS.C,Mox_Update_,1
18,D:\MOX\OTHERS\CMBTAI.C,Get_Player_Mode_,18,D:\MOX\OTHERS\CMBTAI.C,Get_Effective_Beam_Strength_,2
18,D:\MOX\OTHERS\CMBTAI.C,Get_Player_Mode_,18,D:\MOX\OTHERS\CMBTAI.C,Get_Effective_Missile_Strength_,2
18,D:\MOX\OTHERS\CMBTAI.C,Get_Player_Mode_,18,D:\MOX\OTHERS\CMBTAI.C,Get_Long_Range_Beam_Strength_,2
18,D:\MOX\OTHERS\CMBTAI.C,Get_Player_Mode_,18,D:\MOX\OTHERS\CMBTAI.C,Retreat_Check_,1
18,D:\MOX\OTHERS\CMBTAI.C,Get_Total_Hits_,20,D:\MOX\OTHERS\CMBTFIR2.C,Total_Internal_Space_,1
18,D:\MOX\OTHERS\CMBTAI.C,Get_Total_Hits_,21,D:\MOX\OTHERS\CMBTFIRE.C,Does_Combat_Planet_Have_Defenses_,1
18,D:\MOX\OTHERS\CMBTAI.C,Get_Total_Hits_,26,D:\MOX\OTHERS\COMBINIT.C,Calc_Combat_Shield_Max_,1
18,D:\MOX\OTHERS\CMBTAI.C,Get_Total_Hits_,28,D:\MOX\OTHERS\INITSHIP.C,Best_Armor_,1
18,D:\MOX\OTHERS\CMBTAI.C,Is_Ship_Out_Of_Ammo_,18,D:\MOX\OTHERS\CMBTAI.C,Check_For_Launched_Fighters_,1
18,D:\MOX\OTHERS\CMBTAI.C,Is_Ship_Out_Of_Ammo_,26,D:\MOX\OTHERS\COMBINIT.C,Does_Combat_Ship_Have_Special_,2
18,D:\MOX\OTHERS\CMBTAI.C,Missile_Overkill_Check_,18,D:\MOX\OTHERS\CMBTAI.C,Expected_Missile_Damage_,1
18,D:\MOX\OTHERS\CMBTAI.C,Missile_Overkill_Check_,18,D:\MOX\OTHERS\CMBTAI.C,Get_Total_Hits_,2
18,D:\MOX\OTHERS\CMBTAI.C,Range_To_Missile_,18,D:\MOX\OTHERS\CMBTAI.C,Range_To_XY_,1
18,D:\MOX\OTHERS\CMBTAI.C,Range_To_Ship_,26,D:\MOX\OTHERS\COMBINIT.C,Ship_Center_Offsets_,2
18,D:\MOX\OTHERS\CMBTAI.C,Range_To_XY_,26,D:\MOX\OTHERS\COMBINIT.C,Ship_Center_Offsets_,1
18,D:\MOX\OTHERS\CMBTAI.C,Release_Smallest_Ship_From_Stasis_,21,D:\MOX\OTHERS\CMBTFIRE.C,Remove_Stasis_Beam_,1
18,D:\MOX\OTHERS\CMBTAI.C,Release_Smallest_Ship_From_Stasis_,23,D:\MOX\OTHERS\CMBTMOV1.C,Ship_Is_In_Stasis_,1
18,D:\MOX\OTHERS\CMBTAI.C,Resolve_Ai_Boarding_,18,D:\MOX\OTHERS\CMBTAI.C,Range_To_Ship_,1
18,D:\MOX\OTHERS\CMBTAI.C,Resolve_Ai_Boarding_,20,D:\MOX\OTHERS\CMBTFIR2.C,Resolve_Capture_,1
18,D:\MOX\OTHERS\CMBTAI.C,Resolve_Ai_Boarding_,20,D:\MOX\OTHERS\CMBTFIR2.C,Resolve_Raid_,1
18,D:\MOX\OTHERS\CMBTAI.C,Resolve_Ai_Boarding_,20,D:\MOX\OTHERS\CMBTFIR2.C,Set_Boarded_Flag_,2
18,D:\MOX\OTHERS\CMBTAI.C,Resolve_Ai_Boarding_,20,D:\MOX\OTHERS\CMBTFIR2.C,Set_Capturing_Flag_,1
18,D:\MOX\OTHERS\CMBTAI.C,Resolve_Ai_Boarding_,23,D:\MOX\OTHERS\CMBTMOV1.C,Wait_Until_Net_Opponent_Finished_,1
18,D:\MOX\OTHERS\CMBTAI.C,Resolve_Ai_Boarding_,25,D:\MOX\OTHERS\COMBAT1.C,Send_Tactical_Combat_Message_,1
18,D:\MOX\OTHERS\CMBTAI.C,Resolve_Ai_Boarding_,26,D:\MOX\OTHERS\COMBINIT.C,Does_Combat_Ship_Have_Special_,2
18,D:\MOX\OTHERS\CMBTAI.C,Retreat_Check_,18,D:\MOX\OTHERS\CMBTAI.C,Expected_Weapon_Damage_,1
18,D:\MOX\OTHERS\CMBTAI.C,Retreat_Check_,18,D:\MOX\OTHERS\CMBTAI.C,Get_Total_Hits_,1
18,D:\MOX\OTHERS\CMBTAI.C,Retreat_Check_,21,D:\MOX\OTHERS\CMBTFIRE.C,Does_Combat_Planet_Have_Defenses_,2
18,D:\MOX\OTHERS\CMBTAI.C,Retreat_Check_,25,D:\MOX\OTHERS\COMBAT1.C,Enemy_Dissipator_Exists_,1
18,D:\MOX\OTHERS\CMBTAI.C,Safe_To_Fire_Sphere_Weapon_,18,D:\MOX\OTHERS\CMBTAI.C,Range_To_Ship_,1
18,D:\MOX\OTHERS\CMBTAI.C,Safe_To_Fire_Sphere_Weapon_,18,D:\MOX\OTHERS\CMBTAI.C,Range_To_XY_,1
18,D:\MOX\OTHERS\CMBTAI.C,Safe_To_Fire_Sphere_Weapon_,22,D:\MOX\OTHERS\CMBTMIS.C,Missile_Owner_,1
18,D:\MOX\OTHERS\CMBTAI.C,Safe_To_Fire_Sphere_Weapon_,23,D:\MOX\OTHERS\CMBTMOV1.C,Ship_Is_In_Stasis_,1
18,D:\MOX\OTHERS\CMBTAI.C,Select_Missile_To_Target_,18,D:\MOX\OTHERS\CMBTAI.C,Bring_Weapons_To_Bear_,1
18,D:\MOX\OTHERS\CMBTAI.C,Select_Missile_To_Target_,18,D:\MOX\OTHERS\CMBTAI.C,Range_To_XY_,1
18,D:\MOX\OTHERS\CMBTAI.C,Select_Missile_To_Target_,18,D:\MOX\OTHERS\CMBTAI.C,Target_Missile_Value_,1
18,D:\MOX\OTHERS\CMBTAI.C,Select_Missile_To_Target_,18,D:\MOX\OTHERS\CMBTAI.C,Will_Missile_Do_Damage_,1
18,D:\MOX\OTHERS\CMBTAI.C,Select_Ship_To_Target_,18,D:\MOX\OTHERS\CMBTAI.C,Target_Ship_Value_,1
18,D:\MOX\OTHERS\CMBTAI.C,Select_Ship_To_Target_,23,D:\MOX\OTHERS\CMBTMOV1.C,Ship_Is_In_Stasis_,1
18,D:\MOX\OTHERS\CMBTAI.C,Target_Missile_Value_,18,D:\MOX\OTHERS\CMBTAI.C,Expected_Weapon_Damage_,1
18,D:\MOX\OTHERS\CMBTAI.C,Target_Missile_Value_,18,D:\MOX\OTHERS\CMBTAI.C,Range_To_XY_,1
18,D:\MOX\OTHERS\CMBTAI.C,Target_Missile_Value_,18,D:\MOX\OTHERS\CMBTAI.C,Will_Missile_Do_Damage_,1
18,D:\MOX\OTHERS\CMBTAI.C,Target_Missile_Value_,22,D:\MOX\OTHERS\CMBTMIS.C,Get_Missile_Hits_,1
18,D:\MOX\OTHERS\CMBTAI.C,Target_Missile_Value_,26,D:\MOX\OTHERS\COMBINIT.C,Does_Combat_Ship_Have_Special_,1
18,D:\MOX\OTHERS\CMBTAI.C,Target_Ship_Value_,18,D:\MOX\OTHERS\CMBTAI.C,Expected_Weapon_Damage_,2
18,D:\MOX\OTHERS\CMBTAI.C,Target_Ship_Value_,18,D:\MOX\OTHERS\CMBTAI.C,Get_Total_Hits_,1
18,D:\MOX\OTHERS\CMBTAI.C,Target_Ship_Value_,18,D:\MOX\OTHERS\CMBTAI.C,Missile_Overkill_Check_,1
18,D:\MOX\OTHERS\CMBTAI.C,Target_Ship_Value_,18,D:\MOX\OTHERS\CMBTAI.C,Range_To_Ship_,1
18,D:\MOX\OTHERS\CMBTAI.C,Target_Ship_Value_,19,D:\MOX\OTHERS\CMBTDRW1.C,Relative_Bearing_,1
18,D:\MOX\OTHERS\CMBTAI.C,Target_Ship_Value_,20,D:\MOX\OTHERS\CMBTFIR2.C,Being_Captured_,1
18,D:\MOX\OTHERS\CMBTAI.C,Target_Ship_Value_,21,D:\MOX\OTHERS\CMBTFIRE.C,Facing_Shield_,1
18,D:\MOX\OTHERS\CMBTAI.C,Target_Ship_Value_,23,D:\MOX\OTHERS\CMBTMOV1.C,Ship_In_Black_Hole_,1
18,D:\MOX\OTHERS\CMBTAI.C,Target_Ship_Value_,23,D:\MOX\OTHERS\CMBTMOV1.C,Ship_Is_In_Stasis_,1
18,D:\MOX\OTHERS\CMBTAI.C,Toggle_Auto_Combat_Flags_,112,D:\MOX\OTHERS\NETMOX.C,Mox_Send_Message_,1
19,D:\MOX\OTHERS\CMBTDRW1.C,Board_Popup_,1,L:\MOX\MOX2.C,_TOGGLE_PAGES_,3
19,D:\MOX\OTHERS\CMBTDRW1.C,Board_Popup_,19,D:\MOX\OTHERS\CMBTDRW1.C,Draw_Board_Popup_,2
19,D:\MOX\OTHERS\CMBTDRW1.C,Board_Popup_,19,D:\MOX\OTHERS\CMBTDRW1.C,Draw_Main_Combat_Screen_,1
19,D:\MOX\OTHERS\CMBTDRW1.C,Board_Popup_,19,D:\MOX\OTHERS\CMBTDRW1.C,Full_Draw_Combat_Screen_,1
19,D:\MOX\OTHERS\CMBTDRW1.C,Board_Popup_,19,D:\MOX\OTHERS\CMBTDRW1.C,Refresh_Combat_Screen_Full_,1
19,D:\MOX\OTHERS\CMBTDRW1.C,Board_Popup_,25,D:\MOX\OTHERS\COMBAT1.C,Assign_Combat_Grids_,1
19,D:\MOX\OTHERS\CMBTDRW1.C,Combat_Draw_View_Ship_,19,D:\MOX\OTHERS\CMBTDRW1.C,Crew_Quality_String_,1
19,D:\MOX\OTHERS\CMBTDRW1.C,Combat_Draw_View_Ship_,19,D:\MOX\OTHERS\CMBTDRW1.C,Draw_Ship_Status_,1
19,D:\MOX\OTHERS\CMBTDRW1.C,Combat_Draw_View_Ship_,19,D:\MOX\OTHERS\CMBTDRW1.C,Remap_Draw_Ship_Status_,1
19,D:\MOX\OTHERS\CMBTDRW1.C,Combat_Draw_View_Ship_,26,D:\MOX\OTHERS\COMBINIT.C,Type_Of_Space_Station_,1
19,D:\MOX\OTHERS\CMBTDRW1.C,Combat_Draw_View_Ship_,28,D:\MOX\OTHERS\INITSHIP.C,Best_Armor_,1
19,D:\MOX\OTHERS\CMBTDRW1.C,Combat_Draw_View_Ship_,28,D:\MOX\OTHERS\INITSHIP.C,Best_Ship_Shield_,1
19,D:\MOX\OTHERS\CMBTDRW1.C,Combat_Draw_View_Ship_,29,D:\MOX\OTHERS\KEN.C,Ken_Get_Text_Message_,26
19,D:\MOX\OTHERS\CMBTDRW1.C,Crew_Quality_String_,29,D:\MOX\OTHERS\KEN.C,Ken_Get_Text_Message_,5
19,D:\MOX\OTHERS\CMBTDRW1.C,Detailed_View_Ship_,1,L:\MOX\MOX2.C,Execute_Auto_Function_,1
19,D:\MOX\OTHERS\CMBTDRW1.C,Detailed_View_Ship_,1,L:\MOX\MOX2.C,Get_Auto_Function_,1
19,D:\MOX\OTHERS\CMBTDRW1.C,Detailed_View_Ship_,1,L:\MOX\MOX2.C,Put_Auto_Function_,1
19,D:\MOX\OTHERS\CMBTDRW1.C,Detailed_View_Ship_,1,L:\MOX\MOX2.C,_TOGGLE_PAGES_,2
19,D:\MOX\OTHERS\CMBTDRW1.C,Detailed_View_Ship_,19,D:\MOX\OTHERS\CMBTDRW1.C,Combat_Draw_View_Ship_,1
19,D:\MOX\OTHERS\CMBTDRW1.C,Detailed_View_Ship_,26,D:\MOX\OTHERS\COMBINIT.C,Load_Display_Combat_Ship_,1
19,D:\MOX\OTHERS\CMBTDRW1.C,Detailed_View_Ship_,28,D:\MOX\OTHERS\INITSHIP.C,Get_Ship_Combat_Bonuses_,1
19,D:\MOX\OTHERS\CMBTDRW1.C,Detailed_View_Ship_,42,D:\MOX\OTHERS\EVANHELP.C,Restore_Help_List_,1
19,D:\MOX\OTHERS\CMBTDRW1.C,Detailed_View_Ship_,42,D:\MOX\OTHERS\EVANHELP.C,Save_Help_List_,1
19,D:\MOX\OTHERS\CMBTDRW1.C,Detailed_View_Ship_,58,D:\MOX\OTHERS\OFFICER.C,Load_Officer_Picture_,2
19,D:\MOX\OTHERS\CMBTDRW1.C,Display_Combat_View_Ship_,1,L:\MOX\MOX2.C,_TOGGLE_PAGES_,1
19,D:\MOX\OTHERS\CMBTDRW1.C,Display_Combat_View_Ship_,19,D:\MOX\OTHERS\CMBTDRW1.C,Detailed_View_Ship_,1
19,D:\MOX\OTHERS\CMBTDRW1.C,Display_Combat_View_Ship_,19,D:\MOX\OTHERS\CMBTDRW1.C,Draw_Main_Combat_Screen_,1
19,D:\MOX\OTHERS\CMBTDRW1.C,Display_Combat_View_Ship_,19,D:\MOX\OTHERS\CMBTDRW1.C,Draw_Special_Status_Display_,1
19,D:\MOX\OTHERS\CMBTDRW1.C,Display_Combat_View_Ship_,19,D:\MOX\OTHERS\CMBTDRW1.C,Draw_Weapon_Status_Display_,1
19,D:\MOX\OTHERS\CMBTDRW1.C,Display_Combat_View_Ship_,19,D:\MOX\OTHERS\CMBTDRW1.C,Full_Draw_Combat_Screen_,1
19,D:\MOX\OTHERS\CMBTDRW1.C,Display_Combat_View_Ship_,19,D:\MOX\OTHERS\CMBTDRW1.C,Refresh_Combat_Screen_Full_,1
19,D:\MOX\OTHERS\CMBTDRW1.C,Display_Combat_View_Ship_,25,D:\MOX\OTHERS\COMBAT1.C,Add_Tactical_Combat_Fields_,1
19,D:\MOX\OTHERS\CMBTDRW1.C,Display_Combat_View_Ship_,25,D:\MOX\OTHERS\COMBAT1.C,Assign_Combat_Grids_,1
19,D:\MOX\OTHERS\CMBTDRW1.C,Draw_Board_Popup_,122,D:\MOX\BILL.C,_Print_Paragraph_,1
19,D:\MOX\OTHERS\CMBTDRW1.C,Draw_Bombs_,1,L:\MOX\MOX2.C,_TOGGLE_PAGES_,2
19,D:\MOX\OTHERS\CMBTDRW1.C,Draw_Bombs_,7,L:\MOX\ERICNET.C,Mox_Play_Sound_,1
19,D:\MOX\OTHERS\CMBTDRW1.C,Draw_Bombs_,19,D:\MOX\OTHERS\CMBTDRW1.C,Draw_Main_Combat_Screen_,2
19,D:\MOX\OTHERS\CMBTDRW1.C,Draw_Bombs_,19,D:\MOX\OTHERS\CMBTDRW1.C,Full_Draw_Combat_Screen_,1
19,D:\MOX\OTHERS\CMBTDRW1.C,Draw_Bombs_,19,D:\MOX\OTHERS\CMBTDRW1.C,Get_Ship_Center_Draw_XY_,3
19,D:\MOX\OTHERS\CMBTDRW1.C,Draw_Bombs_,19,D:\MOX\OTHERS\CMBTDRW1.C,Ship_Completely_On_Screen_,1
19,D:\MOX\OTHERS\CMBTDRW1.C,Draw_Bombs_,23,D:\MOX\OTHERS\CMBTMOV1.C,Get_Facing_,1
19,D:\MOX\OTHERS\CMBTDRW1.C,Draw_Bombs_,26,D:\MOX\OTHERS\COMBINIT.C,Does_Combat_Ship_Have_Special_,1
19,D:\MOX\OTHERS\CMBTDRW1.C,Draw_Bombs_,26,D:\MOX\OTHERS\COMBINIT.C,Snap_Center_Combat_Screen_,1
19,D:\MOX\OTHERS\CMBTDRW1.C,Draw_Bombs_,65,D:\MOX\OTHERS\BEAMS.C,Add_Damage_Indicator_For_Biological_,1
19,D:\MOX\OTHERS\CMBTDRW1.C,Draw_Bombs_,65,D:\MOX\OTHERS\BEAMS.C,Add_Damage_Indicator_For_Missile_,1
19,D:\MOX\OTHERS\CMBTDRW1.C,Draw_Bombs_,65,D:\MOX\OTHERS\BEAMS.C,Draw_Damage_Message_Queue_,1
19,D:\MOX\OTHERS\CMBTDRW1.C,Draw_Bombs_,65,D:\MOX\OTHERS\BEAMS.C,Draw_Damage_Message_Queue_Until_Done_,1
19,D:\MOX\OTHERS\CMBTDRW1.C,Draw_Bombs_,66,D:\MOX\OTHERS\CMBTSPEC.C,Draw_Transporter_Bomb_Beam_,1
19,D:\MOX\OTHERS\CMBTDRW1.C,Draw_Crew_Level_Stars_,29,D:\MOX\OTHERS\KEN.C,Ken_Get_Text_Message_,1
19,D:\MOX\OTHERS\CMBTDRW1.C,Draw_Fake_Combat_Buttons_,19,D:\MOX\OTHERS\CMBTDRW1.C,Draw_Option_Panel_Lights_,1
19,D:\MOX\OTHERS\CMBTDRW1.C,Draw_Grey_Damage_Bars_,20,D:\MOX\OTHERS\CMBTFIR2.C,Max_Total_Internal_Space_,2
19,D:\MOX\OTHERS\CMBTDRW1.C,Draw_Grey_Damage_Bars_,20,D:\MOX\OTHERS\CMBTFIR2.C,Total_Internal_Space_,2
19,D:\MOX\OTHERS\CMBTDRW1.C,Draw_Grey_Damage_Bars_,21,D:\MOX\OTHERS\CMBTFIRE.C,Does_Combat_Planet_Have_Defenses_,1
19,D:\MOX\OTHERS\CMBTDRW1.C,Draw_Grey_Damage_Bars_,26,D:\MOX\OTHERS\COMBINIT.C,Does_Combat_Ship_Have_Special_,1
19,D:\MOX\OTHERS\CMBTDRW1.C,Draw_Grey_Damage_Bars_,26,D:\MOX\OTHERS\COMBINIT.C,Type_Of_Space_Station_,1
19,D:\MOX\OTHERS\CMBTDRW1.C,Draw_Grey_Damage_Bars_,28,D:\MOX\OTHERS\INITSHIP.C,Best_Armor_,1
19,D:\MOX\OTHERS\CMBTDRW1.C,Draw_Internals_Display_,29,D:\MOX\OTHERS\KEN.C,Ken_Get_Text_Message_,10
19,D:\MOX\OTHERS\CMBTDRW1.C,Draw_Legal_Boxes_,20,D:\MOX\OTHERS\CMBTFIR2.C,Used_Teleporter_,1
19,D:\MOX\OTHERS\CMBTDRW1.C,Draw_Legal_Boxes_,26,D:\MOX\OTHERS\COMBINIT.C,Does_Combat_Ship_Have_Special_,2
19,D:\MOX\OTHERS\CMBTDRW1.C,Draw_Main_Combat_Screen_,19,D:\MOX\OTHERS\CMBTDRW1.C,Draw_Blip2_,1
19,D:\MOX\OTHERS\CMBTDRW1.C,Draw_Main_Combat_Screen_,19,D:\MOX\OTHERS\CMBTDRW1.C,Draw_Blip3_,1
19,D:\MOX\OTHERS\CMBTDRW1.C,Draw_Main_Combat_Screen_,19,D:\MOX\OTHERS\CMBTDRW1.C,Draw_Blip4_,1
19,D:\MOX\OTHERS\CMBTDRW1.C,Draw_Main_Combat_Screen_,19,D:\MOX\OTHERS\CMBTDRW1.C,Draw_Blip5_,1
19,D:\MOX\OTHERS\CMBTDRW1.C,Draw_Main_Combat_Screen_,19,D:\MOX\OTHERS\CMBTDRW1.C,Draw_Crew_Level_Stars_,1
19,D:\MOX\OTHERS\CMBTDRW1.C,Draw_Main_Combat_Screen_,19,D:\MOX\OTHERS\CMBTDRW1.C,Draw_Fake_Combat_Buttons_,2
19,D:\MOX\OTHERS\CMBTDRW1.C,Draw_Main_Combat_Screen_,19,D:\MOX\OTHERS\CMBTDRW1.C,Draw_Grey_Damage_Bars_,1
19,D:\MOX\OTHERS\CMBTDRW1.C,Draw_Main_Combat_Screen_,19,D:\MOX\OTHERS\CMBTDRW1.C,Draw_Internals_Display_,2
19,D:\MOX\OTHERS\CMBTDRW1.C,Draw_Main_Combat_Screen_,19,D:\MOX\OTHERS\CMBTDRW1.C,Draw_Option_Panel_Lights_,1
19,D:\MOX\OTHERS\CMBTDRW1.C,Draw_Main_Combat_Screen_,19,D:\MOX\OTHERS\CMBTDRW1.C,Draw_Reduced_Combat_Map_,1
19,D:\MOX\OTHERS\CMBTDRW1.C,Draw_Main_Combat_Screen_,19,D:\MOX\OTHERS\CMBTDRW1.C,Draw_Reduced_Map_Box_,1
19,D:\MOX\OTHERS\CMBTDRW1.C,Draw_Main_Combat_Screen_,19,D:\MOX\OTHERS\CMBTDRW1.C,Draw_Shield_Arcs_,1
19,D:\MOX\OTHERS\CMBTDRW1.C,Draw_Main_Combat_Screen_,19,D:\MOX\OTHERS\CMBTDRW1.C,Draw_Ship_,1
19,D:\MOX\OTHERS\CMBTDRW1.C,Draw_Main_Combat_Screen_,19,D:\MOX\OTHERS\CMBTDRW1.C,Draw_Ship_Status_,1
19,D:\MOX\OTHERS\CMBTDRW1.C,Draw_Main_Combat_Screen_,19,D:\MOX\OTHERS\CMBTDRW1.C,Draw_Special_Status_Display_,2
19,D:\MOX\OTHERS\CMBTDRW1.C,Draw_Main_Combat_Screen_,19,D:\MOX\OTHERS\CMBTDRW1.C,Draw_Weapon_Status_Display_,4
19,D:\MOX\OTHERS\CMBTDRW1.C,Draw_Main_Combat_Screen_,19,D:\MOX\OTHERS\CMBTDRW1.C,Ship_On_Screen_,1
19,D:\MOX\OTHERS\CMBTDRW1.C,Draw_Main_Combat_Screen_,22,D:\MOX\OTHERS\CMBTMIS.C,Draw_Missile_Status_,1
19,D:\MOX\OTHERS\CMBTDRW1.C,Draw_Main_Combat_Screen_,22,D:\MOX\OTHERS\CMBTMIS.C,Draw_Missiles_,1
19,D:\MOX\OTHERS\CMBTDRW1.C,Draw_Main_Combat_Screen_,22,D:\MOX\OTHERS\CMBTMIS.C,On_Combat_Screen_,1
19,D:\MOX\OTHERS\CMBTDRW1.C,Draw_Main_Combat_Screen_,25,D:\MOX\OTHERS\COMBAT1.C,Ship_Controlled_By_Computer_,1
19,D:\MOX\OTHERS\CMBTDRW1.C,Draw_Main_Combat_Screen_,122,D:\MOX\BILL.C,Squeeze_Print_Centered_,2
19,D:\MOX\OTHERS\CMBTDRW1.C,Draw_Reduced_Combat_Map_,19,D:\MOX\OTHERS\CMBTDRW1.C,Draw_Blip2_,1
19,D:\MOX\OTHERS\CMBTDRW1.C,Draw_Reduced_Combat_Map_,19,D:\MOX\OTHERS\CMBTDRW1.C,Draw_Blip3_,1
19,D:\MOX\OTHERS\CMBTDRW1.C,Draw_Reduced_Combat_Map_,19,D:\MOX\OTHERS\CMBTDRW1.C,Draw_Blip4_,2
19,D:\MOX\OTHERS\CMBTDRW1.C,Draw_Reduced_Combat_Map_,19,D:\MOX\OTHERS\CMBTDRW1.C,Draw_Blip5_,1
19,D:\MOX\OTHERS\CMBTDRW1.C,Draw_Retreating_Ship_,1,L:\MOX\MOX2.C,_TOGGLE_PAGES_,1
19,D:\MOX\OTHERS\CMBTDRW1.C,Draw_Retreating_Ship_,7,L:\MOX\ERICNET.C,Mox_Play_Sound_,1
19,D:\MOX\OTHERS\CMBTDRW1.C,Draw_Retreating_Ship_,19,D:\MOX\OTHERS\CMBTDRW1.C,Draw_Main_Combat_Screen_,1
19,D:\MOX\OTHERS\CMBTDRW1.C,Draw_Retreating_Ship_,19,D:\MOX\OTHERS\CMBTDRW1.C,Draw_Ship_,1
19,D:\MOX\OTHERS\CMBTDRW1.C,Draw_Retreating_Ship_,19,D:\MOX\OTHERS\CMBTDRW1.C,Draw_Ship_To_Bitmap_,1
19,D:\MOX\OTHERS\CMBTDRW1.C,Draw_Retreating_Ship_,19,D:\MOX\OTHERS\CMBTDRW1.C,Get_Ship_Center_Draw_XY_,2
19,D:\MOX\OTHERS\CMBTDRW1.C,Draw_Retreating_Ship_,21,D:\MOX\OTHERS\CMBTFIRE.C,Is_Combat_Ship_Dead_,1
19,D:\MOX\OTHERS\CMBTDRW1.C,Draw_Retreating_Ship_,23,D:\MOX\OTHERS\CMBTMOV1.C,Rotate_Ship_,1
19,D:\MOX\OTHERS\CMBTDRW1.C,Draw_Retreating_Ship_,26,D:\MOX\OTHERS\COMBINIT.C,Snap_Center_Combat_Screen_,1
19,D:\MOX\OTHERS\CMBTDRW1.C,Draw_Retreating_Ship_,55,D:\MOX\OTHERS\MISC.C,Restore_Window_Status_,1
19,D:\MOX\OTHERS\CMBTDRW1.C,Draw_Retreating_Ship_,55,D:\MOX\OTHERS\MISC.C,Save_Window_Status_,1
19,D:\MOX\OTHERS\CMBTDRW1.C,Draw_Shield_Arcs_,26,D:\MOX\OTHERS\COMBINIT.C,Ship_Center_Offsets_,1
19,D:\MOX\OTHERS\CMBTDRW1.C,Draw_Ship_,19,D:\MOX\OTHERS\CMBTDRW1.C,Get_Draw_Ship_Offsets_,1
19,D:\MOX\OTHERS\CMBTDRW1.C,Draw_Ship_,19,D:\MOX\OTHERS\CMBTDRW1.C,Plasma_Darken_,1
19,D:\MOX\OTHERS\CMBTDRW1.C,Draw_Ship_,20,D:\MOX\OTHERS\CMBTFIR2.C,Combat_Ship_Done_,4
19,D:\MOX\OTHERS\CMBTDRW1.C,Draw_Ship_,21,D:\MOX\OTHERS\CMBTFIRE.C,Draw_BHG_,1
19,D:\MOX\OTHERS\CMBTDRW1.C,Draw_Ship_,21,D:\MOX\OTHERS\CMBTFIRE.C,Draw_Energy_Absorber_,1
19,D:\MOX\OTHERS\CMBTDRW1.C,Draw_Ship_,23,D:\MOX\OTHERS\CMBTMOV1.C,Ship_In_Black_Hole_,2
19,D:\MOX\OTHERS\CMBTDRW1.C,Draw_Ship_,23,D:\MOX\OTHERS\CMBTMOV1.C,Ship_Is_In_Stasis_,2
19,D:\MOX\OTHERS\CMBTDRW1.C,Draw_Ship_,26,D:\MOX\OTHERS\COMBINIT.C,Ship_Center_Offsets_,1
19,D:\MOX\OTHERS\CMBTDRW1.C,Draw_Ship_,66,D:\MOX\OTHERS\CMBTSPEC.C,Draw_Plasma_Web_,1
19,D:\MOX\OTHERS\CMBTDRW1.C,Draw_Ship_,66,D:\MOX\OTHERS\CMBTSPEC.C,Draw_Stasis_Ball_,1
19,D:\MOX\OTHERS\CMBTDRW1.C,Draw_Ship_Status_,19,D:\MOX\OTHERS\CMBTDRW1.C,Draw_Ship_To_Bitmap_,2
19,D:\MOX\OTHERS\CMBTDRW1.C,Draw_Ship_Status_,29,D:\MOX\OTHERS\KEN.C,Ken_Get_Text_Message_,4
19,D:\MOX\OTHERS\CMBTDRW1.C,Draw_Ship_To_Bitmap_,19,D:\MOX\OTHERS\CMBTDRW1.C,Plasma_Darken_,1
19,D:\MOX\OTHERS\CMBTDRW1.C,Draw_Special_Status_Display_,21,D:\MOX\OTHERS\CMBTFIRE.C,Special_Is_On_,1
19,D:\MOX\OTHERS\CMBTDRW1.C,Draw_Special_Status_Display_,29,D:\MOX\OTHERS\KEN.C,Ken_Get_Text_Message_,1
19,D:\MOX\OTHERS\CMBTDRW1.C,Draw_Super_Fast_Screen_,1,L:\MOX\MOX2.C,_TOGGLE_PAGES_,1
19,D:\MOX\OTHERS\CMBTDRW1.C,Draw_Super_Fast_Screen_,19,D:\MOX\OTHERS\CMBTDRW1.C,Draw_Internals_Display_,1
19,D:\MOX\OTHERS\CMBTDRW1.C,Draw_Super_Fast_Screen_,19,D:\MOX\OTHERS\CMBTDRW1.C,Draw_Main_Combat_Screen_,1
19,D:\MOX\OTHERS\CMBTDRW1.C,Draw_Super_Fast_Screen_,19,D:\MOX\OTHERS\CMBTDRW1.C,Draw_Special_Status_Display_,1
19,D:\MOX\OTHERS\CMBTDRW1.C,Draw_Super_Fast_Screen_,19,D:\MOX\OTHERS\CMBTDRW1.C,Draw_Weapon_Status_Display_,1
19,D:\MOX\OTHERS\CMBTDRW1.C,Draw_Super_Fast_Screen_,19,D:\MOX\OTHERS\CMBTDRW1.C,Full_Draw_Combat_Screen_,1
19,D:\MOX\OTHERS\CMBTDRW1.C,Draw_Weapon_Arcs_,26,D:\MOX\OTHERS\COMBINIT.C,Ship_Center_Offsets_,1
19,D:\MOX\OTHERS\CMBTDRW1.C,Draw_Weapon_Status_Display_,19,D:\MOX\OTHERS\CMBTDRW1.C,Get_Weapon_Arc_,2
19,D:\MOX\OTHERS\CMBTDRW1.C,Draw_Weapon_Status_Display_,19,D:\MOX\OTHERS\CMBTDRW1.C,Relative_Bearing_,1
19,D:\MOX\OTHERS\CMBTDRW1.C,Draw_Weapon_Status_Display_,19,D:\MOX\OTHERS\CMBTDRW1.C,Relative_Bearing_XY_,1
19,D:\MOX\OTHERS\CMBTDRW1.C,Draw_Weapon_Status_Display_,21,D:\MOX\OTHERS\CMBTFIRE.C,Target_Is_Legal_For_Weapon_,1
19,D:\MOX\OTHERS\CMBTDRW1.C,Draw_Weapon_Status_Display_,21,D:\MOX\OTHERS\CMBTFIRE.C,Weapon_In_Range_,2
19,D:\MOX\OTHERS\CMBTDRW1.C,Draw_Weapon_Status_Display_,25,D:\MOX\OTHERS\COMBAT1.C,Ship_Controlled_By_Computer_,1
19,D:\MOX\OTHERS\CMBTDRW1.C,Draw_Weapon_Status_Display_,25,D:\MOX\OTHERS\COMBAT1.C,Weapon_Is_On_,1
19,D:\MOX\OTHERS\CMBTDRW1.C,Draw_Weapon_Status_Display_,29,D:\MOX\OTHERS\KEN.C,Ken_Get_Text_Message_,2
19,D:\MOX\OTHERS\CMBTDRW1.C,Full_Draw_Combat_Screen_,19,D:\MOX\OTHERS\CMBTDRW1.C,Draw_Crew_Level_Stars_,1
19,D:\MOX\OTHERS\CMBTDRW1.C,Full_Draw_Combat_Screen_,19,D:\MOX\OTHERS\CMBTDRW1.C,Draw_Grey_Damage_Bars_,1
19,D:\MOX\OTHERS\CMBTDRW1.C,Full_Draw_Combat_Screen_,19,D:\MOX\OTHERS\CMBTDRW1.C,Draw_Internals_Display_,1
19,D:\MOX\OTHERS\CMBTDRW1.C,Full_Draw_Combat_Screen_,19,D:\MOX\OTHERS\CMBTDRW1.C,Draw_Legal_Boxes_,1
19,D:\MOX\OTHERS\CMBTDRW1.C,Full_Draw_Combat_Screen_,19,D:\MOX\OTHERS\CMBTDRW1.C,Draw_Reduced_Combat_Map_,1
19,D:\MOX\OTHERS\CMBTDRW1.C,Full_Draw_Combat_Screen_,19,D:\MOX\OTHERS\CMBTDRW1.C,Draw_Ship_Status_,1
19,D:\MOX\OTHERS\CMBTDRW1.C,Full_Draw_Combat_Screen_,66,D:\MOX\OTHERS\CMBTSPEC.C,Draw_Continuing_Tractor_,1
19,D:\MOX\OTHERS\CMBTDRW1.C,Full_Draw_Combat_Screen_,117,D:\MOX\OTHERS\RUSS.C,Mox_Update_,17
19,D:\MOX\OTHERS\CMBTDRW1.C,Full_Draw_Combat_Screen_,122,D:\MOX\BILL.C,Squeeze_Print_Centered_,1
19,D:\MOX\OTHERS\CMBTDRW1.C,Get_Ship_Anim_Dimensions_,19,D:\MOX\OTHERS\CMBTDRW1.C,Draw_Ship_To_Bitmap_,1
19,D:\MOX\OTHERS\CMBTDRW1.C,Get_Ship_Center_Draw_XY_,26,D:\MOX\OTHERS\COMBINIT.C,Ship_Center_Offsets_,1
19,D:\MOX\OTHERS\CMBTDRW1.C,Move_Options_Background_,1,L:\MOX\MOX2.C,_TOGGLE_PAGES_,3
19,D:\MOX\OTHERS\CMBTDRW1.C,Move_Options_Background_,19,D:\MOX\OTHERS\CMBTDRW1.C,Draw_Fake_Combat_Buttons_,2
19,D:\MOX\OTHERS\CMBTDRW1.C,Move_Options_Background_,19,D:\MOX\OTHERS\CMBTDRW1.C,Draw_Main_Combat_Screen_,2
19,D:\MOX\OTHERS\CMBTDRW1.C,Move_Options_Background_,19,D:\MOX\OTHERS\CMBTDRW1.C,Full_Draw_Combat_Screen_,2
19,D:\MOX\OTHERS\CMBTDRW1.C,Move_Options_Background_,19,D:\MOX\OTHERS\CMBTDRW1.C,Refresh_Combat_Screen_Full_,1
19,D:\MOX\OTHERS\CMBTDRW1.C,Move_Options_Background_,25,D:\MOX\OTHERS\COMBAT1.C,Add_Tactical_Combat_Fields_,1
19,D:\MOX\OTHERS\CMBTDRW1.C,Move_Options_Background_,25,D:\MOX\OTHERS\COMBAT1.C,Assign_Combat_Grids_,1
19,D:\MOX\OTHERS\CMBTDRW1.C,Refresh_Combat_Screen_Full_,1,L:\MOX\MOX2.C,_TOGGLE_PAGES_,1
19,D:\MOX\OTHERS\CMBTDRW1.C,Refresh_Combat_Screen_Full_,19,D:\MOX\OTHERS\CMBTDRW1.C,Draw_Internals_Display_,1
19,D:\MOX\OTHERS\CMBTDRW1.C,Refresh_Combat_Screen_Full_,19,D:\MOX\OTHERS\CMBTDRW1.C,Draw_Main_Combat_Screen_,1
19,D:\MOX\OTHERS\CMBTDRW1.C,Refresh_Combat_Screen_Full_,19,D:\MOX\OTHERS\CMBTDRW1.C,Draw_Special_Status_Display_,1
19,D:\MOX\OTHERS\CMBTDRW1.C,Refresh_Combat_Screen_Full_,19,D:\MOX\OTHERS\CMBTDRW1.C,Draw_Weapon_Status_Display_,1
19,D:\MOX\OTHERS\CMBTDRW1.C,Refresh_Combat_Screen_Full_,19,D:\MOX\OTHERS\CMBTDRW1.C,Full_Draw_Combat_Screen_,1
19,D:\MOX\OTHERS\CMBTDRW1.C,Refresh_Combat_Screen_Full_,25,D:\MOX\OTHERS\COMBAT1.C,Add_Tactical_Combat_Fields_,1
19,D:\MOX\OTHERS\CMBTDRW1.C,Refresh_Combat_Screen_Full_,25,D:\MOX\OTHERS\COMBAT1.C,Assign_Combat_Grids_,1
19,D:\MOX\OTHERS\CMBTDRW1.C,Relative_Bearing_,26,D:\MOX\OTHERS\COMBINIT.C,Ship_Center_Offsets_,2
19,D:\MOX\OTHERS\CMBTDRW1.C,Relative_Bearing_XY_,26,D:\MOX\OTHERS\COMBINIT.C,Ship_Center_Offsets_,1
19,D:\MOX\OTHERS\CMBTDRW1.C,Remap_Draw_Ship_Status_,29,D:\MOX\OTHERS\KEN.C,Get_Ship_Id_Picture_Seg_,1
19,D:\MOX\OTHERS\CMBTDRW1.C,Scroll_Draw_Combat_Screen_,19,D:\MOX\OTHERS\CMBTDRW1.C,Draw_Fake_Combat_Buttons_,1
19,D:\MOX\OTHERS\CMBTDRW1.C,Scroll_Draw_Combat_Screen_,19,D:\MOX\OTHERS\CMBTDRW1.C,Draw_Internals_Display_,1
19,D:\MOX\OTHERS\CMBTDRW1.C,Scroll_Draw_Combat_Screen_,19,D:\MOX\OTHERS\CMBTDRW1.C,Draw_Option_Panel_Lights_,1
19,D:\MOX\OTHERS\CMBTDRW1.C,Scroll_Draw_Combat_Screen_,19,D:\MOX\OTHERS\CMBTDRW1.C,Draw_Reduced_Combat_Map_,1
19,D:\MOX\OTHERS\CMBTDRW1.C,Scroll_Draw_Combat_Screen_,19,D:\MOX\OTHERS\CMBTDRW1.C,Draw_Reduced_Map_Box_,1
19,D:\MOX\OTHERS\CMBTDRW1.C,Scroll_Draw_Combat_Screen_,19,D:\MOX\OTHERS\CMBTDRW1.C,Draw_Ship_,1
19,D:\MOX\OTHERS\CMBTDRW1.C,Scroll_Draw_Combat_Screen_,19,D:\MOX\OTHERS\CMBTDRW1.C,Draw_Special_Status_Display_,1
19,D:\MOX\OTHERS\CMBTDRW1.C,Scroll_Draw_Combat_Screen_,19,D:\MOX\OTHERS\CMBTDRW1.C,Draw_Weapon_Status_Display_,1
19,D:\MOX\OTHERS\CMBTDRW1.C,Scroll_Draw_Combat_Screen_,22,D:\MOX\OTHERS\CMBTMIS.C,Draw_Missiles_,1
19,D:\MOX\OTHERS\CMBTDRW1.C,Scroll_Draw_Combat_Screen_,66,D:\MOX\OTHERS\CMBTSPEC.C,Draw_Continuing_Tractor_,1
19,D:\MOX\OTHERS\CMBTDRW1.C,Ship_Completely_On_Screen_,22,D:\MOX\OTHERS\CMBTMIS.C,On_Combat_Screen_,4
19,D:\MOX\OTHERS\CMBTDRW1.C,Ship_On_Screen_,22,D:\MOX\OTHERS\CMBTMIS.C,On_Combat_Screen_,2
20,D:\MOX\OTHERS\CMBTFIR2.C,Apply_Combat_Artemis_Net_,21,D:\MOX\OTHERS\CMBTFIRE.C,Apply_Ship_Damage_,1
20,D:\MOX\OTHERS\CMBTFIR2.C,Apply_Combat_Artemis_Net_,21,D:\MOX\OTHERS\CMBTFIRE.C,Is_Combat_Ship_Dead_,2
20,D:\MOX\OTHERS\CMBTFIR2.C,Apply_Combat_Artemis_Net_,24,D:\MOX\OTHERS\COMBAT.C,Apply_Damage_To_Qship_,1
20,D:\MOX\OTHERS\CMBTFIR2.C,Apply_Combat_Artemis_Net_,26,D:\MOX\OTHERS\COMBINIT.C,Calc_Combat_Shield_Max_,1
20,D:\MOX\OTHERS\CMBTFIR2.C,Apply_Internal_Damage_,21,D:\MOX\OTHERS\CMBTFIRE.C,Remove_Stasis_Beam_,1
20,D:\MOX\OTHERS\CMBTFIR2.C,Apply_Internal_Damage_,25,D:\MOX\OTHERS\COMBAT1.C,Calc_Current_Speed_,1
20,D:\MOX\OTHERS\CMBTFIR2.C,Apply_Internal_Damage_,26,D:\MOX\OTHERS\COMBINIT.C,Calc_Combat_Shield_Max_,1
20,D:\MOX\OTHERS\CMBTFIR2.C,Capture_Ship_,21,D:\MOX\OTHERS\CMBTFIRE.C,Destroy_Ship_,1
20,D:\MOX\OTHERS\CMBTFIR2.C,Capture_Ship_,21,D:\MOX\OTHERS\CMBTFIRE.C,Retarget_Missiles_Aimed_At_,1
20,D:\MOX\OTHERS\CMBTFIR2.C,Capture_Ship_,25,D:\MOX\OTHERS\COMBAT1.C,Remove_Continuing_Effect_Specials_,1
20,D:\MOX\OTHERS\CMBTFIR2.C,Capture_Ship_,26,D:\MOX\OTHERS\COMBINIT.C,Does_Combat_Ship_Have_Special_,1
20,D:\MOX\OTHERS\CMBTFIR2.C,Capture_Ship_,58,D:\MOX\OTHERS\OFFICER.C,Kill_Officer_,1
20,D:\MOX\OTHERS\CMBTFIR2.C,Combat_Bonus_,20,D:\MOX\OTHERS\CMBTFIR2.C,Defensive_Combat_Bonus_,1
20,D:\MOX\OTHERS\CMBTFIR2.C,Combat_Bonus_,20,D:\MOX\OTHERS\CMBTFIR2.C,Offensive_Combat_Bonus_,1
20,D:\MOX\OTHERS\CMBTFIR2.C,Commando_Bonus_,58,D:\MOX\OTHERS\OFFICER.C,Owned_Officer_Level_,2
20,D:\MOX\OTHERS\CMBTFIR2.C,Damage_From_Ship_Exploding_,26,D:\MOX\OTHERS\COMBINIT.C,Does_Combat_Ship_Have_Special_,1
20,D:\MOX\OTHERS\CMBTFIR2.C,Defensive_Combat_Bonus_,20,D:\MOX\OTHERS\CMBTFIR2.C,Fleet_Defensive_Bonus_,1
20,D:\MOX\OTHERS\CMBTFIR2.C,Defensive_Combat_Bonus_,20,D:\MOX\OTHERS\CMBTFIR2.C,Ship_Specials_Defensive_Bonus_,1
20,D:\MOX\OTHERS\CMBTFIR2.C,Defensive_Fire_Check_,18,D:\MOX\OTHERS\CMBTAI.C,Expected_Weapon_Damage_,1
20,D:\MOX\OTHERS\CMBTFIR2.C,Defensive_Fire_Check_,18,D:\MOX\OTHERS\CMBTAI.C,Range_To_XY_,2
20,D:\MOX\OTHERS\CMBTFIR2.C,Defensive_Fire_Check_,20,D:\MOX\OTHERS\CMBTFIR2.C,Max_Defensive_Fire_Range_,1
20,D:\MOX\OTHERS\CMBTFIR2.C,Defensive_Fire_Check_,21,D:\MOX\OTHERS\CMBTFIRE.C,Fire_Ship_,1
20,D:\MOX\OTHERS\CMBTFIR2.C,Defensive_Fire_Check_,21,D:\MOX\OTHERS\CMBTFIRE.C,Is_Combat_Ship_Dead_,1
20,D:\MOX\OTHERS\CMBTFIR2.C,Defensive_Fire_Check_,25,D:\MOX\OTHERS\COMBAT1.C,Combat_Ship_Is_Functional_,1
20,D:\MOX\OTHERS\CMBTFIR2.C,Defensive_Fire_Check_,26,D:\MOX\OTHERS\COMBINIT.C,Ship_Center_Offsets_,1
20,D:\MOX\OTHERS\CMBTFIR2.C,Engineer_Bonus_,58,D:\MOX\OTHERS\OFFICER.C,Owned_Officer_Level_,1
20,D:\MOX\OTHERS\CMBTFIR2.C,Fighter_Pilot_Bonus_,58,D:\MOX\OTHERS\OFFICER.C,Owned_Officer_Level_,2
20,D:\MOX\OTHERS\CMBTFIR2.C,Final_Fire_,18,D:\MOX\OTHERS\CMBTAI.C,Safe_To_Fire_Sphere_Weapon_,1
20,D:\MOX\OTHERS\CMBTFIR2.C,Final_Fire_,18,D:\MOX\OTHERS\CMBTAI.C,Will_Missile_Do_Damage_,1
20,D:\MOX\OTHERS\CMBTFIR2.C,Final_Fire_,21,D:\MOX\OTHERS\CMBTFIRE.C,Fire_Ship_,1
20,D:\MOX\OTHERS\CMBTFIR2.C,Final_Fire_,26,D:\MOX\OTHERS\COMBINIT.C,Ship_Center_Offsets_,1
20,D:\MOX\OTHERS\CMBTFIR2.C,Fleet_Defensive_Bonus_,20,D:\MOX\OTHERS\CMBTFIR2.C,Helmsman_Bonus_,2
20,D:\MOX\OTHERS\CMBTFIR2.C,Fleet_Defensive_Bonus_,26,D:\MOX\OTHERS\COMBINIT.C,Does_Combat_Ship_Have_Special_,1
20,D:\MOX\OTHERS\CMBTFIR2.C,Fleet_Offensive_Bonus_,20,D:\MOX\OTHERS\CMBTFIR2.C,Galactic_Lore_Bonus_,1
20,D:\MOX\OTHERS\CMBTFIR2.C,Fleet_Offensive_Bonus_,20,D:\MOX\OTHERS\CMBTFIR2.C,Weaponry_Bonus_,1
20,D:\MOX\OTHERS\CMBTFIR2.C,Fleet_Offensive_Bonus_,26,D:\MOX\OTHERS\COMBINIT.C,Does_Combat_Ship_Have_Special_,1
20,D:\MOX\OTHERS\CMBTFIR2.C,Galactic_Lore_Bonus_,58,D:\MOX\OTHERS\OFFICER.C,Owned_Officer_Level_,1
20,D:\MOX\OTHERS\CMBTFIR2.C,Get_Fleet_Commando_Bonus_,20,D:\MOX\OTHERS\CMBTFIR2.C,Commando_Bonus_,1
20,D:\MOX\OTHERS\CMBTFIR2.C,Get_Fleet_Engineer_Bonus_,20,D:\MOX\OTHERS\CMBTFIR2.C,Engineer_Bonus_,1
20,D:\MOX\OTHERS\CMBTFIR2.C,Get_Fleet_Ordnance_Bonus_,20,D:\MOX\OTHERS\CMBTFIR2.C,Leader_Ordnance_Bonus_,1
20,D:\MOX\OTHERS\CMBTFIR2.C,Get_Fleet_Pilot_Bonus_,20,D:\MOX\OTHERS\CMBTFIR2.C,Fighter_Pilot_Bonus_,1
20,D:\MOX\OTHERS\CMBTFIR2.C,Get_Fleet_Security_Bonus_,20,D:\MOX\OTHERS\CMBTFIR2.C,Security_Bonus_,1
20,D:\MOX\OTHERS\CMBTFIR2.C,Helmsman_Bonus_,58,D:\MOX\OTHERS\OFFICER.C,Owned_Officer_Level_,1
20,D:\MOX\OTHERS\CMBTFIR2.C,Init_Boarding_Action_,19,D:\MOX\OTHERS\CMBTDRW1.C,Board_Popup_,1
20,D:\MOX\OTHERS\CMBTFIR2.C,Init_Boarding_Action_,29,D:\MOX\OTHERS\KEN.C,Ken_Get_Text_Message_,1
20,D:\MOX\OTHERS\CMBTFIR2.C,Init_Internal_Space_,41,D:\MOX\OTHERS\DESIGN.C,One_Weapon_Space_Without_M_Level_,2
20,D:\MOX\OTHERS\CMBTFIR2.C,Leader_Ordnance_Bonus_,58,D:\MOX\OTHERS\OFFICER.C,Owned_Officer_Level_,1
20,D:\MOX\OTHERS\CMBTFIR2.C,Max_Defensive_Fire_Range_,23,D:\MOX\OTHERS\CMBTMOV1.C,Move_Cost_,1
20,D:\MOX\OTHERS\CMBTFIR2.C,Max_Defensive_Fire_Range_,25,D:\MOX\OTHERS\COMBAT1.C,Calc_Current_Speed_,1
20,D:\MOX\OTHERS\CMBTFIR2.C,Offensive_Combat_Bonus_,20,D:\MOX\OTHERS\CMBTFIR2.C,Computer_Bonus_,1
20,D:\MOX\OTHERS\CMBTFIR2.C,Offensive_Combat_Bonus_,20,D:\MOX\OTHERS\CMBTFIR2.C,Fleet_Offensive_Bonus_,1
20,D:\MOX\OTHERS\CMBTFIR2.C,Offensive_Combat_Bonus_,26,D:\MOX\OTHERS\COMBINIT.C,Does_Combat_Ship_Have_Special_,1
20,D:\MOX\OTHERS\CMBTFIR2.C,Repair_Combat_Ship_,20,D:\MOX\OTHERS\CMBTFIR2.C,Max_Total_Internal_Space_,1
20,D:\MOX\OTHERS\CMBTFIR2.C,Repair_Combat_Ship_,26,D:\MOX\OTHERS\COMBINIT.C,Does_Combat_Ship_Have_Special_,1
20,D:\MOX\OTHERS\CMBTFIR2.C,Repair_Combat_Ship_,28,D:\MOX\OTHERS\INITSHIP.C,Get_Ship_Armor_Hits_,1
20,D:\MOX\OTHERS\CMBTFIR2.C,Resolve_Capture_,7,L:\MOX\ERICNET.C,Mox_Play_Sound_,1
20,D:\MOX\OTHERS\CMBTFIR2.C,Resolve_Capture_,19,D:\MOX\OTHERS\CMBTDRW1.C,Refresh_Combat_Screen_Full_,1
20,D:\MOX\OTHERS\CMBTFIR2.C,Resolve_Capture_,20,D:\MOX\OTHERS\CMBTFIR2.C,Capture_Ship_,1
20,D:\MOX\OTHERS\CMBTFIR2.C,Resolve_Capture_,20,D:\MOX\OTHERS\CMBTFIR2.C,Get_Fleet_Commando_Bonus_,2
20,D:\MOX\OTHERS\CMBTFIR2.C,Resolve_Capture_,20,D:\MOX\OTHERS\CMBTFIR2.C,Get_Fleet_Security_Bonus_,1
20,D:\MOX\OTHERS\CMBTFIR2.C,Resolve_Capture_,26,D:\MOX\OTHERS\COMBINIT.C,Does_Combat_Ship_Have_Special_,1
20,D:\MOX\OTHERS\CMBTFIR2.C,Resolve_Capture_,29,D:\MOX\OTHERS\KEN.C,Ken_Get_Text_Message_,5
20,D:\MOX\OTHERS\CMBTFIR2.C,Resolve_Capture_,64,D:\MOX\OTHERS\TEXTBOX.C,Text_Box_,1
20,D:\MOX\OTHERS\CMBTFIR2.C,Resolve_Capture_,64,D:\MOX\OTHERS\TEXTBOX.C,Timed_Text_Box_,1
20,D:\MOX\OTHERS\CMBTFIR2.C,Resolve_Capture_,107,D:\MOX\OTHERS\INVASION.C,Get_Boarding_Info_,1
20,D:\MOX\OTHERS\CMBTFIR2.C,Resolve_Capture_,107,D:\MOX\OTHERS\INVASION.C,Ground_Combat_Round_,1
20,D:\MOX\OTHERS\CMBTFIR2.C,Resolve_Capture_,124,D:\MOX\FMTPARA.C,Set_Paragraph_Sint_Pointer_,8
20,D:\MOX\OTHERS\CMBTFIR2.C,Resolve_Raid_,7,L:\MOX\ERICNET.C,Mox_Play_Sound_,1
20,D:\MOX\OTHERS\CMBTFIR2.C,Resolve_Raid_,19,D:\MOX\OTHERS\CMBTDRW1.C,Refresh_Combat_Screen_Full_,1
20,D:\MOX\OTHERS\CMBTFIR2.C,Resolve_Raid_,20,D:\MOX\OTHERS\CMBTFIR2.C,Apply_Internal_Damage_,1
20,D:\MOX\OTHERS\CMBTFIR2.C,Resolve_Raid_,20,D:\MOX\OTHERS\CMBTFIR2.C,Crew_Boarding_Combat_Bonus_,2
20,D:\MOX\OTHERS\CMBTFIR2.C,Resolve_Raid_,20,D:\MOX\OTHERS\CMBTFIR2.C,Get_Combat_Ship_Special_Id_,1
20,D:\MOX\OTHERS\CMBTFIR2.C,Resolve_Raid_,20,D:\MOX\OTHERS\CMBTFIR2.C,Get_Fleet_Commando_Bonus_,2
20,D:\MOX\OTHERS\CMBTFIR2.C,Resolve_Raid_,20,D:\MOX\OTHERS\CMBTFIR2.C,Get_Fleet_Security_Bonus_,1
20,D:\MOX\OTHERS\CMBTFIR2.C,Resolve_Raid_,20,D:\MOX\OTHERS\CMBTFIR2.C,Select_Raid_Internal_,1
20,D:\MOX\OTHERS\CMBTFIR2.C,Resolve_Raid_,21,D:\MOX\OTHERS\CMBTFIRE.C,Destroy_Ship_,1
20,D:\MOX\OTHERS\CMBTFIR2.C,Resolve_Raid_,21,D:\MOX\OTHERS\CMBTFIRE.C,Is_Combat_Ship_Dead_,1
20,D:\MOX\OTHERS\CMBTFIR2.C,Resolve_Raid_,26,D:\MOX\OTHERS\COMBINIT.C,Does_Combat_Ship_Have_Special_,1
20,D:\MOX\OTHERS\CMBTFIR2.C,Resolve_Raid_,29,D:\MOX\OTHERS\KEN.C,Ken_Get_Text_Message_,13
20,D:\MOX\OTHERS\CMBTFIR2.C,Resolve_Raid_,64,D:\MOX\OTHERS\TEXTBOX.C,Text_Box_,1
20,D:\MOX\OTHERS\CMBTFIR2.C,Resolve_Raid_,64,D:\MOX\OTHERS\TEXTBOX.C,Timed_Text_Box_,1
20,D:\MOX\OTHERS\CMBTFIR2.C,Resolve_Raid_,107,D:\MOX\OTHERS\INVASION.C,Get_Boarding_Info_,1
20,D:\MOX\OTHERS\CMBTFIR2.C,Security_Bonus_,58,D:\MOX\OTHERS\OFFICER.C,Owned_Officer_Level_,1
20,D:\MOX\OTHERS\CMBTFIR2.C,Select_Internal_,20,D:\MOX\OTHERS\CMBTFIR2.C,Total_Internal_Space_,1
20,D:\MOX\OTHERS\CMBTFIR2.C,Select_Internal_,117,D:\MOX\OTHERS\RUSS.C,Get_Weighted_Choice_Short_,1
20,D:\MOX\OTHERS\CMBTFIR2.C,Select_Raid_Internal_,20,D:\MOX\OTHERS\CMBTFIR2.C,Total_Internal_Space_,1
20,D:\MOX\OTHERS\CMBTFIR2.C,Select_Raid_Internal_,117,D:\MOX\OTHERS\RUSS.C,Get_Weighted_Choice_Short_,1
20,D:\MOX\OTHERS\CMBTFIR2.C,Set_Combat_Ordnance_Values_,20,D:\MOX\OTHERS\CMBTFIR2.C,Get_Fleet_Ordnance_Bonus_,2
20,D:\MOX\OTHERS\CMBTFIR2.C,Ship_Specials_Defensive_Bonus_,26,D:\MOX\OTHERS\COMBINIT.C,Does_Combat_Ship_Have_Special_,5
20,D:\MOX\OTHERS\CMBTFIR2.C,Ship_Specials_Offensive_Bonus_,26,D:\MOX\OTHERS\COMBINIT.C,Does_Combat_Ship_Have_Special_,1
20,D:\MOX\OTHERS\CMBTFIR2.C,Weaponry_Bonus_,58,D:\MOX\OTHERS\OFFICER.C,Owned_Officer_Level_,1
21,D:\MOX\OTHERS\CMBTFIRE.C,Apply_Damage_To_Missile_,22,D:\MOX\OTHERS\CMBTMIS.C,Get_Missile_Hits_,1
21,D:\MOX\OTHERS\CMBTFIRE.C,Apply_Damage_To_Planet_,21,D:\MOX\OTHERS\CMBTFIRE.C,Destroy_Colony_Defense_,1
21,D:\MOX\OTHERS\CMBTFIRE.C,Apply_Damage_To_Planet_,21,D:\MOX\OTHERS\CMBTFIRE.C,Does_Combat_Planet_Have_Defenses_,1
21,D:\MOX\OTHERS\CMBTFIRE.C,Apply_Damage_To_Planet_,26,D:\MOX\OTHERS\COMBINIT.C,Does_Combat_Ship_Have_Special_,1
21,D:\MOX\OTHERS\CMBTFIRE.C,Apply_Damage_To_Planet_,28,D:\MOX\OTHERS\INITSHIP.C,Best_Armor_,1
21,D:\MOX\OTHERS\CMBTFIRE.C,Apply_Damage_To_Planet_,100,D:\MOX\OTHERS\BOMB.C,Apply_Bomb_Hits_,2
21,D:\MOX\OTHERS\CMBTFIRE.C,Apply_Ship_Damage_,20,D:\MOX\OTHERS\CMBTFIR2.C,Apply_Internal_Damage_,2
21,D:\MOX\OTHERS\CMBTFIRE.C,Apply_Ship_Damage_,20,D:\MOX\OTHERS\CMBTFIR2.C,Kill_Crew_,1
21,D:\MOX\OTHERS\CMBTFIRE.C,Apply_Ship_Damage_,20,D:\MOX\OTHERS\CMBTFIR2.C,Select_Internal_,2
21,D:\MOX\OTHERS\CMBTFIRE.C,Apply_Ship_Damage_,21,D:\MOX\OTHERS\CMBTFIRE.C,Apply_Damage_To_Planet_,1
21,D:\MOX\OTHERS\CMBTFIRE.C,Apply_Ship_Damage_,21,D:\MOX\OTHERS\CMBTFIRE.C,Is_Combat_Ship_Dead_,2
21,D:\MOX\OTHERS\CMBTFIRE.C,Apply_Ship_Damage_,26,D:\MOX\OTHERS\COMBINIT.C,Does_Combat_Ship_Have_Special_,9
21,D:\MOX\OTHERS\CMBTFIRE.C,BHG_,1,L:\MOX\MOX2.C,_TOGGLE_PAGES_,1
21,D:\MOX\OTHERS\CMBTFIRE.C,BHG_,7,L:\MOX\ERICNET.C,Mox_Play_Sound_,1
21,D:\MOX\OTHERS\CMBTFIRE.C,BHG_,19,D:\MOX\OTHERS\CMBTDRW1.C,Draw_Main_Combat_Screen_,1
21,D:\MOX\OTHERS\CMBTFIRE.C,BHG_,26,D:\MOX\OTHERS\COMBINIT.C,Ship_Center_Offsets_,2
21,D:\MOX\OTHERS\CMBTFIRE.C,Destroy_Colony_Defense_,7,L:\MOX\ERICNET.C,Remove_Building_,1
21,D:\MOX\OTHERS\CMBTFIRE.C,Destroy_Ship_,21,D:\MOX\OTHERS\CMBTFIRE.C,Retarget_Missiles_Aimed_At_,1
21,D:\MOX\OTHERS\CMBTFIRE.C,Destroy_Ship_,25,D:\MOX\OTHERS\COMBAT1.C,Remove_Continuing_Effect_Specials_,1
21,D:\MOX\OTHERS\CMBTFIRE.C,Destroy_Ship_,66,D:\MOX\OTHERS\CMBTSPEC.C,Destroy_Ship_FX_,1
21,D:\MOX\OTHERS\CMBTFIRE.C,Draw_BHG_,26,D:\MOX\OTHERS\COMBINIT.C,Ship_Center_Offsets_,1
21,D:\MOX\OTHERS\CMBTFIRE.C,Draw_Energy_Absorber_,26,D:\MOX\OTHERS\COMBINIT.C,Ship_Center_Offsets_,1
21,D:\MOX\OTHERS\CMBTFIRE.C,Energy_Absorber_Attack_,18,D:\MOX\OTHERS\CMBTAI.C,Range_To_Ship_,1
21,D:\MOX\OTHERS\CMBTFIRE.C,Energy_Absorber_Attack_,19,D:\MOX\OTHERS\CMBTDRW1.C,Relative_Bearing_,1
21,D:\MOX\OTHERS\CMBTFIRE.C,Energy_Absorber_Attack_,19,D:\MOX\OTHERS\CMBTDRW1.C,Ship_Completely_On_Screen_,1
21,D:\MOX\OTHERS\CMBTFIRE.C,Energy_Absorber_Attack_,21,D:\MOX\OTHERS\CMBTFIRE.C,Apply_Ship_Damage_,1
21,D:\MOX\OTHERS\CMBTFIRE.C,Energy_Absorber_Attack_,21,D:\MOX\OTHERS\CMBTFIRE.C,Destroy_Ship_,1
21,D:\MOX\OTHERS\CMBTFIRE.C,Energy_Absorber_Attack_,21,D:\MOX\OTHERS\CMBTFIRE.C,Facing_Shield_,1
21,D:\MOX\OTHERS\CMBTFIRE.C,Energy_Absorber_Attack_,21,D:\MOX\OTHERS\CMBTFIRE.C,Get_Beam_Weapon_Modifiers_,1
21,D:\MOX\OTHERS\CMBTFIRE.C,Energy_Absorber_Attack_,21,D:\MOX\OTHERS\CMBTFIRE.C,Is_Combat_Ship_Dead_,1
21,D:\MOX\OTHERS\CMBTFIRE.C,Energy_Absorber_Attack_,26,D:\MOX\OTHERS\COMBINIT.C,Does_Combat_Ship_Have_Special_,3
21,D:\MOX\OTHERS\CMBTFIRE.C,Energy_Absorber_Attack_,26,D:\MOX\OTHERS\COMBINIT.C,Snap_Center_Combat_Screen_,1
21,D:\MOX\OTHERS\CMBTFIRE.C,Energy_Absorber_Attack_,65,D:\MOX\OTHERS\BEAMS.C,Beam_SFX_,1
21,D:\MOX\OTHERS\CMBTFIRE.C,Fire_Beam_Weapon_,18,D:\MOX\OTHERS\CMBTAI.C,Range_To_Missile_,1
21,D:\MOX\OTHERS\CMBTFIRE.C,Fire_Beam_Weapon_,18,D:\MOX\OTHERS\CMBTAI.C,Range_To_Ship_,1
21,D:\MOX\OTHERS\CMBTFIRE.C,Fire_Beam_Weapon_,19,D:\MOX\OTHERS\CMBTDRW1.C,Relative_Bearing_,1
21,D:\MOX\OTHERS\CMBTFIRE.C,Fire_Beam_Weapon_,21,D:\MOX\OTHERS\CMBTFIRE.C,Apply_Damage_To_Missile_,1
21,D:\MOX\OTHERS\CMBTFIRE.C,Fire_Beam_Weapon_,21,D:\MOX\OTHERS\CMBTFIRE.C,Apply_Ship_Damage_,2
21,D:\MOX\OTHERS\CMBTFIRE.C,Fire_Beam_Weapon_,21,D:\MOX\OTHERS\CMBTFIRE.C,Facing_Shield_,1
21,D:\MOX\OTHERS\CMBTFIRE.C,Fire_Beam_Weapon_,21,D:\MOX\OTHERS\CMBTFIRE.C,Get_Beam_Weapon_Modifiers_,1
21,D:\MOX\OTHERS\CMBTFIRE.C,Fire_Beam_Weapon_,22,D:\MOX\OTHERS\CMBTMIS.C,Missile_Dcv_,1
21,D:\MOX\OTHERS\CMBTFIRE.C,Fire_Beam_Weapon_,26,D:\MOX\OTHERS\COMBINIT.C,Does_Combat_Ship_Have_Special_,6
21,D:\MOX\OTHERS\CMBTFIRE.C,Fire_Bomb_,21,D:\MOX\OTHERS\CMBTFIRE.C,Apply_Damage_To_Planet_,1
21,D:\MOX\OTHERS\CMBTFIRE.C,Fire_Fighter_Beam_,21,D:\MOX\OTHERS\CMBTFIRE.C,Apply_Damage_To_Missile_,1
21,D:\MOX\OTHERS\CMBTFIRE.C,Fire_Fighter_Beam_,21,D:\MOX\OTHERS\CMBTFIRE.C,Apply_Ship_Damage_,1
21,D:\MOX\OTHERS\CMBTFIRE.C,Fire_Fighter_Beam_,22,D:\MOX\OTHERS\CMBTMIS.C,Fighter_Ocv_,2
21,D:\MOX\OTHERS\CMBTFIRE.C,Fire_Fighter_Beam_,22,D:\MOX\OTHERS\CMBTMIS.C,Is_Missile_Target_Alive_,2
21,D:\MOX\OTHERS\CMBTFIRE.C,Fire_Fighter_Beam_,22,D:\MOX\OTHERS\CMBTMIS.C,Kill_Missile_,1
21,D:\MOX\OTHERS\CMBTFIRE.C,Fire_Fighter_Beam_,22,D:\MOX\OTHERS\CMBTMIS.C,Missile_Dcv_,1
21,D:\MOX\OTHERS\CMBTFIRE.C,Fire_Fighter_Beam_,22,D:\MOX\OTHERS\CMBTMIS.C,Retarget_Missile_,1
21,D:\MOX\OTHERS\CMBTFIRE.C,Fire_Fighter_Bomb_,21,D:\MOX\OTHERS\CMBTFIRE.C,Apply_Ship_Damage_,1
21,D:\MOX\OTHERS\CMBTFIRE.C,Fire_Ship_,19,D:\MOX\OTHERS\CMBTDRW1.C,Draw_Bombs_,1
21,D:\MOX\OTHERS\CMBTFIRE.C,Fire_Ship_,19,D:\MOX\OTHERS\CMBTDRW1.C,Draw_Crew_Level_Stars_,1
21,D:\MOX\OTHERS\CMBTFIRE.C,Fire_Ship_,19,D:\MOX\OTHERS\CMBTDRW1.C,Draw_Grey_Damage_Bars_,1
21,D:\MOX\OTHERS\CMBTFIRE.C,Fire_Ship_,19,D:\MOX\OTHERS\CMBTDRW1.C,Draw_Ship_Status_,1
21,D:\MOX\OTHERS\CMBTFIRE.C,Fire_Ship_,19,D:\MOX\OTHERS\CMBTDRW1.C,Get_Weapon_Arc_,2
21,D:\MOX\OTHERS\CMBTFIRE.C,Fire_Ship_,19,D:\MOX\OTHERS\CMBTDRW1.C,Relative_Bearing_,2
21,D:\MOX\OTHERS\CMBTFIRE.C,Fire_Ship_,19,D:\MOX\OTHERS\CMBTDRW1.C,Relative_Bearing_XY_,1
21,D:\MOX\OTHERS\CMBTFIRE.C,Fire_Ship_,19,D:\MOX\OTHERS\CMBTDRW1.C,Ship_Completely_On_Screen_,1
21,D:\MOX\OTHERS\CMBTFIRE.C,Fire_Ship_,21,D:\MOX\OTHERS\CMBTFIRE.C,Apply_Ship_Damage_,1
21,D:\MOX\OTHERS\CMBTFIRE.C,Fire_Ship_,21,D:\MOX\OTHERS\CMBTFIRE.C,Destroy_Ship_,2
21,D:\MOX\OTHERS\CMBTFIRE.C,Fire_Ship_,21,D:\MOX\OTHERS\CMBTFIRE.C,Facing_Shield_,1
21,D:\MOX\OTHERS\CMBTFIRE.C,Fire_Ship_,21,D:\MOX\OTHERS\CMBTFIRE.C,Fire_Beam_Weapon_,1
21,D:\MOX\OTHERS\CMBTFIRE.C,Fire_Ship_,21,D:\MOX\OTHERS\CMBTFIRE.C,Fire_Bomb_,1
21,D:\MOX\OTHERS\CMBTFIRE.C,Fire_Ship_,21,D:\MOX\OTHERS\CMBTFIRE.C,Fire_Special_Weapon_,1
21,D:\MOX\OTHERS\CMBTFIRE.C,Fire_Ship_,21,D:\MOX\OTHERS\CMBTFIRE.C,Is_Combat_Ship_Dead_,5
21,D:\MOX\OTHERS\CMBTFIRE.C,Fire_Ship_,21,D:\MOX\OTHERS\CMBTFIRE.C,Pre_Weapon_Specials_,1
21,D:\MOX\OTHERS\CMBTFIRE.C,Fire_Ship_,21,D:\MOX\OTHERS\CMBTFIRE.C,Target_Is_Legal_For_Weapon_,1
21,D:\MOX\OTHERS\CMBTFIRE.C,Fire_Ship_,21,D:\MOX\OTHERS\CMBTFIRE.C,Weapon_In_Range_,1
21,D:\MOX\OTHERS\CMBTFIRE.C,Fire_Ship_,22,D:\MOX\OTHERS\CMBTMIS.C,Fire_Missile_,1
21,D:\MOX\OTHERS\CMBTFIRE.C,Fire_Ship_,22,D:\MOX\OTHERS\CMBTMIS.C,On_Combat_Screen_,1
21,D:\MOX\OTHERS\CMBTFIRE.C,Fire_Ship_,23,D:\MOX\OTHERS\CMBTMOV1.C,Ship_Is_In_Stasis_,1
21,D:\MOX\OTHERS\CMBTFIRE.C,Fire_Ship_,25,D:\MOX\OTHERS\COMBAT1.C,Weapon_Is_On_,1
21,D:\MOX\OTHERS\CMBTFIRE.C,Fire_Ship_,26,D:\MOX\OTHERS\COMBINIT.C,Ship_Center_Offsets_,1
21,D:\MOX\OTHERS\CMBTFIRE.C,Fire_Ship_,26,D:\MOX\OTHERS\COMBINIT.C,Snap_Center_Combat_Screen_,1
21,D:\MOX\OTHERS\CMBTFIRE.C,Fire_Ship_,65,D:\MOX\OTHERS\BEAMS.C,Beam_SFX_,2
21,D:\MOX\OTHERS\CMBTFIRE.C,Fire_Ship_,66,D:\MOX\OTHERS\CMBTSPEC.C,Draw_Cloak_,2
21,D:\MOX\OTHERS\CMBTFIRE.C,Fire_Special_Weapon_,18,D:\MOX\OTHERS\CMBTAI.C,Range_To_Ship_,1
21,D:\MOX\OTHERS\CMBTFIRE.C,Fire_Special_Weapon_,21,D:\MOX\OTHERS\CMBTFIRE.C,BHG_,1
21,D:\MOX\OTHERS\CMBTFIRE.C,Fire_Special_Weapon_,21,D:\MOX\OTHERS\CMBTFIRE.C,Retarget_Missiles_Aimed_At_,1
21,D:\MOX\OTHERS\CMBTFIRE.C,Fire_Special_Weapon_,22,D:\MOX\OTHERS\CMBTMIS.C,Missile_Owner_,1
21,D:\MOX\OTHERS\CMBTFIRE.C,Fire_Special_Weapon_,26,D:\MOX\OTHERS\COMBINIT.C,Ship_Center_Offsets_,1
21,D:\MOX\OTHERS\CMBTFIRE.C,Fire_Special_Weapon_,66,D:\MOX\OTHERS\CMBTSPEC.C,Anti_Missile_Rockets_,1
21,D:\MOX\OTHERS\CMBTFIRE.C,Fire_Special_Weapon_,66,D:\MOX\OTHERS\CMBTSPEC.C,Do_Spherical_SFX_,3
21,D:\MOX\OTHERS\CMBTFIRE.C,Fire_Special_Weapon_,66,D:\MOX\OTHERS\CMBTSPEC.C,Draw_Stasis_Beam_,1
21,D:\MOX\OTHERS\CMBTFIRE.C,Fire_Special_Weapon_,66,D:\MOX\OTHERS\CMBTSPEC.C,Gyro_Destablizer_,1
21,D:\MOX\OTHERS\CMBTFIRE.C,Fire_Special_Weapon_,66,D:\MOX\OTHERS\CMBTSPEC.C,Plasma_Web_,1
21,D:\MOX\OTHERS\CMBTFIRE.C,Fire_Special_Weapon_,66,D:\MOX\OTHERS\CMBTSPEC.C,Stellar_Converter_,1
21,D:\MOX\OTHERS\CMBTFIRE.C,Fire_Special_Weapon_,66,D:\MOX\OTHERS\CMBTSPEC.C,Tractor_Beam_,1
21,D:\MOX\OTHERS\CMBTFIRE.C,Get_Beam_Range_To_Hit_Bonus_,26,D:\MOX\OTHERS\COMBINIT.C,Does_Combat_Ship_Have_Special_,1
21,D:\MOX\OTHERS\CMBTFIRE.C,Get_Beam_Weapon_Modifiers_,21,D:\MOX\OTHERS\CMBTFIRE.C,Get_Beam_Range_To_Hit_Bonus_,1
21,D:\MOX\OTHERS\CMBTFIRE.C,Get_Beam_Weapon_Modifiers_,26,D:\MOX\OTHERS\COMBINIT.C,Does_Combat_Ship_Have_Special_,1
21,D:\MOX\OTHERS\CMBTFIRE.C,Is_Combat_Ship_Dead_,26,D:\MOX\OTHERS\COMBINIT.C,Does_Combat_Ship_Have_Special_,1
21,D:\MOX\OTHERS\CMBTFIRE.C,Place_Ship_In_Stasis_,21,D:\MOX\OTHERS\CMBTFIRE.C,Retarget_Missiles_Aimed_At_,1
21,D:\MOX\OTHERS\CMBTFIRE.C,Pre_Weapon_Specials_,18,D:\MOX\OTHERS\CMBTAI.C,Range_To_Missile_,1
21,D:\MOX\OTHERS\CMBTFIRE.C,Pre_Weapon_Specials_,18,D:\MOX\OTHERS\CMBTAI.C,Range_To_Ship_,1
21,D:\MOX\OTHERS\CMBTFIRE.C,Pre_Weapon_Specials_,21,D:\MOX\OTHERS\CMBTFIRE.C,Energy_Absorber_Attack_,1
21,D:\MOX\OTHERS\CMBTFIRE.C,Pre_Weapon_Specials_,21,D:\MOX\OTHERS\CMBTFIRE.C,Special_Is_On_,1
21,D:\MOX\OTHERS\CMBTFIRE.C,Pre_Weapon_Specials_,22,D:\MOX\OTHERS\CMBTMIS.C,Missile_Type_,1
21,D:\MOX\OTHERS\CMBTFIRE.C,Retarget_Missiles_Aimed_At_,22,D:\MOX\OTHERS\CMBTMIS.C,Kill_Missile_,1
21,D:\MOX\OTHERS\CMBTFIRE.C,Retarget_Missiles_Aimed_At_,22,D:\MOX\OTHERS\CMBTMIS.C,Retarget_Missile_,1
21,D:\MOX\OTHERS\CMBTFIRE.C,Special_Is_Turned_On_,21,D:\MOX\OTHERS\CMBTFIRE.C,Special_Is_On_,1
21,D:\MOX\OTHERS\CMBTFIRE.C,Target_Is_Legal_For_Weapon_,21,D:\MOX\OTHERS\CMBTFIRE.C,Weapon_Can_Fire_At_Missiles_,1
21,D:\MOX\OTHERS\CMBTFIRE.C,Target_Is_Legal_For_Weapon_,23,D:\MOX\OTHERS\CMBTMOV1.C,Ship_Is_In_Stasis_,1
21,D:\MOX\OTHERS\CMBTFIRE.C,Weapon_In_Range_,18,D:\MOX\OTHERS\CMBTAI.C,Range_To_Missile_,1
21,D:\MOX\OTHERS\CMBTFIRE.C,Weapon_In_Range_,18,D:\MOX\OTHERS\CMBTAI.C,Range_To_Ship_,1
21,D:\MOX\OTHERS\CMBTFIRE.C,Weapon_In_Range_,26,D:\MOX\OTHERS\COMBINIT.C,Does_Combat_Ship_Have_Special_,1
22,D:\MOX\OTHERS\CMBTMIS.C,Draw_Fighter_,22,D:\MOX\OTHERS\CMBTMIS.C,Get_Multiple_Missile_Coords_,1
22,D:\MOX\OTHERS\CMBTMIS.C,Draw_Fighter_,22,D:\MOX\OTHERS\CMBTMIS.C,Missile_Type_,1
22,D:\MOX\OTHERS\CMBTMIS.C,Draw_Missile_,22,D:\MOX\OTHERS\CMBTMIS.C,Draw_Fighter_,1
22,D:\MOX\OTHERS\CMBTMIS.C,Draw_Missile_,22,D:\MOX\OTHERS\CMBTMIS.C,Get_Multiple_Missile_Coords_,1
22,D:\MOX\OTHERS\CMBTMIS.C,Draw_Missile_,22,D:\MOX\OTHERS\CMBTMIS.C,Get_Multiple_Torpedo_Coords_,1
22,D:\MOX\OTHERS\CMBTMIS.C,Draw_Missile_,22,D:\MOX\OTHERS\CMBTMIS.C,Missile_On_Combat_Screen_,1
22,D:\MOX\OTHERS\CMBTMIS.C,Draw_Missile_,22,D:\MOX\OTHERS\CMBTMIS.C,Missile_Type_,1
22,D:\MOX\OTHERS\CMBTMIS.C,Draw_Missile_,22,D:\MOX\OTHERS\CMBTMIS.C,Picture_Count_,2
22,D:\MOX\OTHERS\CMBTMIS.C,Draw_Missile_Status_,22,D:\MOX\OTHERS\CMBTMIS.C,Draw_Missile_,1
22,D:\MOX\OTHERS\CMBTMIS.C,Draw_Missile_Status_,29,D:\MOX\OTHERS\KEN.C,Ken_Get_Text_Message_,3
22,D:\MOX\OTHERS\CMBTMIS.C,Draw_Missiles_,22,D:\MOX\OTHERS\CMBTMIS.C,Draw_Missile_,1
22,D:\MOX\OTHERS\CMBTMIS.C,Fighter_Combat_SFX_,1,L:\MOX\MOX2.C,_TOGGLE_PAGES_,2
22,D:\MOX\OTHERS\CMBTMIS.C,Fighter_Combat_SFX_,19,D:\MOX\OTHERS\CMBTDRW1.C,Draw_Main_Combat_Screen_,2
22,D:\MOX\OTHERS\CMBTMIS.C,Fighter_Combat_SFX_,19,D:\MOX\OTHERS\CMBTDRW1.C,Draw_Ship_,2
22,D:\MOX\OTHERS\CMBTMIS.C,Fighter_Combat_SFX_,19,D:\MOX\OTHERS\CMBTDRW1.C,Ship_Completely_On_Screen_,1
22,D:\MOX\OTHERS\CMBTMIS.C,Fighter_Combat_SFX_,22,D:\MOX\OTHERS\CMBTMIS.C,Draw_Fighter_,1
22,D:\MOX\OTHERS\CMBTMIS.C,Fighter_Combat_SFX_,22,D:\MOX\OTHERS\CMBTMIS.C,Get_Multiple_Missile_Coords_,1
22,D:\MOX\OTHERS\CMBTMIS.C,Fighter_Combat_SFX_,22,D:\MOX\OTHERS\CMBTMIS.C,Missile_Owner_,1
22,D:\MOX\OTHERS\CMBTMIS.C,Fighter_Combat_SFX_,22,D:\MOX\OTHERS\CMBTMIS.C,On_Combat_Screen_,1
22,D:\MOX\OTHERS\CMBTMIS.C,Fighter_Combat_SFX_,26,D:\MOX\OTHERS\COMBINIT.C,Ship_Center_Offsets_,3
22,D:\MOX\OTHERS\CMBTMIS.C,Fighter_Combat_SFX_,26,D:\MOX\OTHERS\COMBINIT.C,Snap_Center_Combat_Screen_,2
22,D:\MOX\OTHERS\CMBTMIS.C,Fighter_Combat_SFX_,65,D:\MOX\OTHERS\BEAMS.C,Add_Damage_Indicator_For_Missile_,1
22,D:\MOX\OTHERS\CMBTMIS.C,Fighter_Combat_SFX_,65,D:\MOX\OTHERS\BEAMS.C,Add_Damage_Indicator_For_Ship_,1
22,D:\MOX\OTHERS\CMBTMIS.C,Fighter_Combat_SFX_,65,D:\MOX\OTHERS\BEAMS.C,Done_Drawing_Damage_Message_Queue_,1
22,D:\MOX\OTHERS\CMBTMIS.C,Fighter_Combat_SFX_,65,D:\MOX\OTHERS\BEAMS.C,Draw_Damage_Message_Queue_,1
22,D:\MOX\OTHERS\CMBTMIS.C,Fighter_Combat_SFX_,65,D:\MOX\OTHERS\BEAMS.C,Draw_Damage_Message_Queue_Until_Done_,1
22,D:\MOX\OTHERS\CMBTMIS.C,Fighter_Combat_SFX_,65,D:\MOX\OTHERS\BEAMS.C,Draw_Fighter_Beam_,1
22,D:\MOX\OTHERS\CMBTMIS.C,Fighter_Ocv_,20,D:\MOX\OTHERS\CMBTFIR2.C,Fleet_Offensive_Bonus_,1
22,D:\MOX\OTHERS\CMBTMIS.C,Fighter_Ocv_,20,D:\MOX\OTHERS\CMBTFIR2.C,Get_Fleet_Pilot_Bonus_,1
22,D:\MOX\OTHERS\CMBTMIS.C,Fighter_Ocv_,28,D:\MOX\OTHERS\INITSHIP.C,Best_Computer_,1
22,D:\MOX\OTHERS\CMBTMIS.C,Fire_Missile_,22,D:\MOX\OTHERS\CMBTMIS.C,Kill_Missile_,1
22,D:\MOX\OTHERS\CMBTMIS.C,Fire_Missile_,22,D:\MOX\OTHERS\CMBTMIS.C,Missile_Facing_,1
22,D:\MOX\OTHERS\CMBTMIS.C,Fire_Missile_,22,D:\MOX\OTHERS\CMBTMIS.C,Missile_Speed_,1
22,D:\MOX\OTHERS\CMBTMIS.C,Fire_Missile_,22,D:\MOX\OTHERS\CMBTMIS.C,Next_Missile_Id_,1
22,D:\MOX\OTHERS\CMBTMIS.C,Fire_Missile_,22,D:\MOX\OTHERS\CMBTMIS.C,Resolve_Missile_,1
22,D:\MOX\OTHERS\CMBTMIS.C,Fire_Missile_,26,D:\MOX\OTHERS\COMBINIT.C,Ship_Center_Offsets_,2
22,D:\MOX\OTHERS\CMBTMIS.C,Fire_Missile_,66,D:\MOX\OTHERS\CMBTSPEC.C,Missile_Launch_FX_,1
22,D:\MOX\OTHERS\CMBTMIS.C,Get_Missile_Hits_,28,D:\MOX\OTHERS\INITSHIP.C,Best_Armor_,4
22,D:\MOX\OTHERS\CMBTMIS.C,Is_Missile_Target_Alive_,21,D:\MOX\OTHERS\CMBTFIRE.C,Is_Combat_Ship_Dead_,1
22,D:\MOX\OTHERS\CMBTMIS.C,Kill_Missile_,22,D:\MOX\OTHERS\CMBTMIS.C,Retarget_Missile_,1
22,D:\MOX\OTHERS\CMBTMIS.C,Missile_Coord_Movement_,22,D:\MOX\OTHERS\CMBTMIS.C,Coord_Movement_,1
22,D:\MOX\OTHERS\CMBTMIS.C,Missile_Dcv_,20,D:\MOX\OTHERS\CMBTFIR2.C,Get_Fleet_Pilot_Bonus_,1
22,D:\MOX\OTHERS\CMBTMIS.C,Missile_Dcv_,22,D:\MOX\OTHERS\CMBTMIS.C,Missile_Speed_,1
22,D:\MOX\OTHERS\CMBTMIS.C,Missile_Facing_,23,D:\MOX\OTHERS\CMBTMOV1.C,Get_Facing_,1
22,D:\MOX\OTHERS\CMBTMIS.C,Missile_Facing_,26,D:\MOX\OTHERS\COMBINIT.C,Ship_Center_Offsets_,1
22,D:\MOX\OTHERS\CMBTMIS.C,Missile_Facing_To_XY_,23,D:\MOX\OTHERS\CMBTMOV1.C,Get_Facing_,1
22,D:\MOX\OTHERS\CMBTMIS.C,Missile_Speed_,28,D:\MOX\OTHERS\INITSHIP.C,Best_Warp_Drive_,1
22,D:\MOX\OTHERS\CMBTMIS.C,Move_Missile_,22,D:\MOX\OTHERS\CMBTMIS.C,Coord_Movement_,1
22,D:\MOX\OTHERS\CMBTMIS.C,Move_Missile_,22,D:\MOX\OTHERS\CMBTMIS.C,Did_Missile_Hit_,1
22,D:\MOX\OTHERS\CMBTMIS.C,Move_Missile_,22,D:\MOX\OTHERS\CMBTMIS.C,Kill_Missile_,1
22,D:\MOX\OTHERS\CMBTMIS.C,Move_Missile_,22,D:\MOX\OTHERS\CMBTMIS.C,Missile_Owner_,1
22,D:\MOX\OTHERS\CMBTMIS.C,Move_Missile_,22,D:\MOX\OTHERS\CMBTMIS.C,Missile_Speed_,1
22,D:\MOX\OTHERS\CMBTMIS.C,Move_Missile_,22,D:\MOX\OTHERS\CMBTMIS.C,Move_Missile_,1
22,D:\MOX\OTHERS\CMBTMIS.C,Move_Missile_,22,D:\MOX\OTHERS\CMBTMIS.C,Resolve_Missile_,1
22,D:\MOX\OTHERS\CMBTMIS.C,Move_Missile_,23,D:\MOX\OTHERS\CMBTMOV1.C,Get_Facing_,1
22,D:\MOX\OTHERS\CMBTMIS.C,Resolve_Missile_,1,L:\MOX\MOX2.C,_TOGGLE_PAGES_,1
22,D:\MOX\OTHERS\CMBTMIS.C,Resolve_Missile_,19,D:\MOX\OTHERS\CMBTDRW1.C,Draw_Main_Combat_Screen_,1
22,D:\MOX\OTHERS\CMBTMIS.C,Resolve_Missile_,19,D:\MOX\OTHERS\CMBTDRW1.C,Draw_Ship_,1
22,D:\MOX\OTHERS\CMBTMIS.C,Resolve_Missile_,19,D:\MOX\OTHERS\CMBTDRW1.C,Relative_Bearing_XY_,2
22,D:\MOX\OTHERS\CMBTMIS.C,Resolve_Missile_,19,D:\MOX\OTHERS\CMBTDRW1.C,Ship_Completely_On_Screen_,1
22,D:\MOX\OTHERS\CMBTMIS.C,Resolve_Missile_,20,D:\MOX\OTHERS\CMBTFIR2.C,Final_Fire_,1
22,D:\MOX\OTHERS\CMBTMIS.C,Resolve_Missile_,20,D:\MOX\OTHERS\CMBTFIR2.C,Resolve_Capture_,1
22,D:\MOX\OTHERS\CMBTMIS.C,Resolve_Missile_,21,D:\MOX\OTHERS\CMBTFIRE.C,Apply_Ship_Damage_,2
22,D:\MOX\OTHERS\CMBTMIS.C,Resolve_Missile_,21,D:\MOX\OTHERS\CMBTFIRE.C,Destroy_Ship_,1
22,D:\MOX\OTHERS\CMBTMIS.C,Resolve_Missile_,21,D:\MOX\OTHERS\CMBTFIRE.C,Does_Combat_Planet_Have_Defenses_,1
22,D:\MOX\OTHERS\CMBTMIS.C,Resolve_Missile_,21,D:\MOX\OTHERS\CMBTFIRE.C,Facing_Shield_,1
22,D:\MOX\OTHERS\CMBTMIS.C,Resolve_Missile_,21,D:\MOX\OTHERS\CMBTFIRE.C,Fire_Fighter_Beam_,1
22,D:\MOX\OTHERS\CMBTMIS.C,Resolve_Missile_,21,D:\MOX\OTHERS\CMBTFIRE.C,Fire_Fighter_Bomb_,1
22,D:\MOX\OTHERS\CMBTMIS.C,Resolve_Missile_,21,D:\MOX\OTHERS\CMBTFIRE.C,Is_Combat_Ship_Dead_,1
22,D:\MOX\OTHERS\CMBTMIS.C,Resolve_Missile_,22,D:\MOX\OTHERS\CMBTMIS.C,Fighter_Combat_SFX_,1
22,D:\MOX\OTHERS\CMBTMIS.C,Resolve_Missile_,22,D:\MOX\OTHERS\CMBTMIS.C,Find_Weakest_Shield_,1
22,D:\MOX\OTHERS\CMBTMIS.C,Resolve_Missile_,22,D:\MOX\OTHERS\CMBTMIS.C,Is_Missile_Target_Alive_,1
22,D:\MOX\OTHERS\CMBTMIS.C,Resolve_Missile_,22,D:\MOX\OTHERS\CMBTMIS.C,Kill_Missile_,2
22,D:\MOX\OTHERS\CMBTMIS.C,Resolve_Missile_,22,D:\MOX\OTHERS\CMBTMIS.C,Missile_Owner_,1
22,D:\MOX\OTHERS\CMBTMIS.C,Resolve_Missile_,22,D:\MOX\OTHERS\CMBTMIS.C,Missile_Speed_,1
22,D:\MOX\OTHERS\CMBTMIS.C,Resolve_Missile_,22,D:\MOX\OTHERS\CMBTMIS.C,Retarget_Missile_,1
22,D:\MOX\OTHERS\CMBTMIS.C,Resolve_Missile_,25,D:\MOX\OTHERS\COMBAT1.C,Combat_Ship_Is_Functional_,1
22,D:\MOX\OTHERS\CMBTMIS.C,Resolve_Missile_,26,D:\MOX\OTHERS\COMBINIT.C,Does_Combat_Ship_Have_Special_,2
22,D:\MOX\OTHERS\CMBTMIS.C,Resolve_Missile_,26,D:\MOX\OTHERS\COMBINIT.C,Ship_Center_Offsets_,3
22,D:\MOX\OTHERS\CMBTMIS.C,Resolve_Missile_,26,D:\MOX\OTHERS\COMBINIT.C,Snap_Center_Combat_Screen_,1
22,D:\MOX\OTHERS\CMBTMIS.C,Resolve_Missile_,65,D:\MOX\OTHERS\BEAMS.C,Add_Damage_Indicator_For_Ship_,1
22,D:\MOX\OTHERS\CMBTMIS.C,Resolve_Missile_,65,D:\MOX\OTHERS\BEAMS.C,Done_Drawing_Damage_Message_Queue_,1
22,D:\MOX\OTHERS\CMBTMIS.C,Resolve_Missile_,65,D:\MOX\OTHERS\BEAMS.C,Draw_Damage_Message_Queue_,1
22,D:\MOX\OTHERS\CMBTMIS.C,Resolve_Missile_,65,D:\MOX\OTHERS\BEAMS.C,Draw_Shield_Hit_Once_Through_,1
22,D:\MOX\OTHERS\CMBTMIS.C,Resolve_Missile_,66,D:\MOX\OTHERS\CMBTSPEC.C,Lightning_Field_,1
22,D:\MOX\OTHERS\CMBTMIS.C,Retarget_Missile_,18,D:\MOX\OTHERS\CMBTAI.C,Range_To_Missile_,1
22,D:\MOX\OTHERS\CMBTMIS.C,Retarget_Missile_,21,D:\MOX\OTHERS\CMBTFIRE.C,Does_Combat_Planet_Have_Defenses_,1
22,D:\MOX\OTHERS\CMBTMIS.C,Retarget_Missile_,21,D:\MOX\OTHERS\CMBTFIRE.C,Target_Is_Legal_For_Weapon_,1
22,D:\MOX\OTHERS\CMBTMIS.C,Retarget_Missile_,22,D:\MOX\OTHERS\CMBTMIS.C,Kill_Missile_,1
22,D:\MOX\OTHERS\CMBTMIS.C,Retarget_Missile_,23,D:\MOX\OTHERS\CMBTMOV1.C,Ship_Is_In_Stasis_,1
23,D:\MOX\OTHERS\CMBTMOV1.C,Draw_Teleporting_Ship_,1,L:\MOX\MOX2.C,_TOGGLE_PAGES_,1
23,D:\MOX\OTHERS\CMBTMOV1.C,Draw_Teleporting_Ship_,7,L:\MOX\ERICNET.C,Mox_Play_Sound_,1
23,D:\MOX\OTHERS\CMBTMOV1.C,Draw_Teleporting_Ship_,19,D:\MOX\OTHERS\CMBTDRW1.C,Draw_Main_Combat_Screen_,1
23,D:\MOX\OTHERS\CMBTMOV1.C,Draw_Teleporting_Ship_,19,D:\MOX\OTHERS\CMBTDRW1.C,Draw_Ship_To_Bitmap_,2
23,D:\MOX\OTHERS\CMBTMOV1.C,Draw_Teleporting_Ship_,19,D:\MOX\OTHERS\CMBTDRW1.C,Full_Draw_Combat_Screen_,1
23,D:\MOX\OTHERS\CMBTMOV1.C,Draw_Teleporting_Ship_,19,D:\MOX\OTHERS\CMBTDRW1.C,Get_Draw_Ship_Offsets_,1
23,D:\MOX\OTHERS\CMBTMOV1.C,Draw_Teleporting_Ship_,22,D:\MOX\OTHERS\CMBTMIS.C,On_Combat_Screen_,1
23,D:\MOX\OTHERS\CMBTMOV1.C,Draw_Teleporting_Ship_,26,D:\MOX\OTHERS\COMBINIT.C,Snap_Center_Combat_Screen_,1
23,D:\MOX\OTHERS\CMBTMOV1.C,Move_Cost_,23,D:\MOX\OTHERS\CMBTMOV1.C,Get_Facing_,1
23,D:\MOX\OTHERS\CMBTMOV1.C,Move_Cost_,26,D:\MOX\OTHERS\COMBINIT.C,Does_Combat_Ship_Have_Special_,2
23,D:\MOX\OTHERS\CMBTMOV1.C,Move_Ship_,1,L:\MOX\MOX2.C,_TOGGLE_PAGES_,1
23,D:\MOX\OTHERS\CMBTMOV1.C,Move_Ship_,18,D:\MOX\OTHERS\CMBTAI.C,Range_To_Ship_,1
23,D:\MOX\OTHERS\CMBTMOV1.C,Move_Ship_,18,D:\MOX\OTHERS\CMBTAI.C,Range_To_XY_,1
23,D:\MOX\OTHERS\CMBTMOV1.C,Move_Ship_,19,D:\MOX\OTHERS\CMBTDRW1.C,Draw_Internals_Display_,1
23,D:\MOX\OTHERS\CMBTMOV1.C,Move_Ship_,19,D:\MOX\OTHERS\CMBTDRW1.C,Draw_Main_Combat_Screen_,2
23,D:\MOX\OTHERS\CMBTMOV1.C,Move_Ship_,19,D:\MOX\OTHERS\CMBTDRW1.C,Draw_Ship_,1
23,D:\MOX\OTHERS\CMBTMOV1.C,Move_Ship_,19,D:\MOX\OTHERS\CMBTDRW1.C,Draw_Special_Status_Display_,1
23,D:\MOX\OTHERS\CMBTMOV1.C,Move_Ship_,19,D:\MOX\OTHERS\CMBTDRW1.C,Draw_Weapon_Status_Display_,1
23,D:\MOX\OTHERS\CMBTMOV1.C,Move_Ship_,19,D:\MOX\OTHERS\CMBTDRW1.C,Full_Draw_Combat_Screen_,1
23,D:\MOX\OTHERS\CMBTMOV1.C,Move_Ship_,20,D:\MOX\OTHERS\CMBTFIR2.C,Defensive_Fire_Check_,1
23,D:\MOX\OTHERS\CMBTMOV1.C,Move_Ship_,20,D:\MOX\OTHERS\CMBTFIR2.C,Set_Teleporter_Used_,1
23,D:\MOX\OTHERS\CMBTMOV1.C,Move_Ship_,20,D:\MOX\OTHERS\CMBTFIR2.C,Used_Teleporter_,1
23,D:\MOX\OTHERS\CMBTMOV1.C,Move_Ship_,21,D:\MOX\OTHERS\CMBTFIRE.C,Is_Combat_Ship_Dead_,2
23,D:\MOX\OTHERS\CMBTMOV1.C,Move_Ship_,22,D:\MOX\OTHERS\CMBTMIS.C,Draw_Missile_,1
23,D:\MOX\OTHERS\CMBTMOV1.C,Move_Ship_,22,D:\MOX\OTHERS\CMBTMIS.C,Move_Missile_,1
23,D:\MOX\OTHERS\CMBTMOV1.C,Move_Ship_,22,D:\MOX\OTHERS\CMBTMIS.C,Resolve_Missile_,1
23,D:\MOX\OTHERS\CMBTMOV1.C,Move_Ship_,23,D:\MOX\OTHERS\CMBTMOV1.C,Draw_Teleporting_Ship_,1
23,D:\MOX\OTHERS\CMBTMOV1.C,Move_Ship_,23,D:\MOX\OTHERS\CMBTMOV1.C,Get_Facing_,2
23,D:\MOX\OTHERS\CMBTMOV1.C,Move_Ship_,23,D:\MOX\OTHERS\CMBTMOV1.C,Move_Cost_,1
23,D:\MOX\OTHERS\CMBTMOV1.C,Move_Ship_,23,D:\MOX\OTHERS\CMBTMOV1.C,Rotate_Ship_,1
23,D:\MOX\OTHERS\CMBTMOV1.C,Move_Ship_,23,D:\MOX\OTHERS\CMBTMOV1.C,Test_Move_Until_Impact_,1
23,D:\MOX\OTHERS\CMBTMOV1.C,Move_Ship_,26,D:\MOX\OTHERS\COMBINIT.C,Does_Combat_Ship_Have_Special_,4
23,D:\MOX\OTHERS\CMBTMOV1.C,Move_Ship_,26,D:\MOX\OTHERS\COMBINIT.C,Ship_Center_Offsets_,1
23,D:\MOX\OTHERS\CMBTMOV1.C,Move_Ship_,66,D:\MOX\OTHERS\CMBTSPEC.C,Draw_Moving_Tractor_,1
23,D:\MOX\OTHERS\CMBTMOV1.C,Move_Ship_,66,D:\MOX\OTHERS\CMBTSPEC.C,End_Ship_Engine_SFX_,1
23,D:\MOX\OTHERS\CMBTMOV1.C,Move_Ship_,66,D:\MOX\OTHERS\CMBTSPEC.C,Start_Ship_Engine_SFX_,1
23,D:\MOX\OTHERS\CMBTMOV1.C,Rotate_Ship_,1,L:\MOX\MOX2.C,_TOGGLE_PAGES_,1
23,D:\MOX\OTHERS\CMBTMOV1.C,Rotate_Ship_,19,D:\MOX\OTHERS\CMBTDRW1.C,Draw_Main_Combat_Screen_,1
23,D:\MOX\OTHERS\CMBTMOV1.C,Rotate_Ship_,19,D:\MOX\OTHERS\CMBTDRW1.C,Draw_Ship_,1
23,D:\MOX\OTHERS\CMBTMOV1.C,Rotate_Ship_,19,D:\MOX\OTHERS\CMBTDRW1.C,Ship_On_Screen_,1
23,D:\MOX\OTHERS\CMBTMOV1.C,Rotate_Ship_,20,D:\MOX\OTHERS\CMBTFIR2.C,Defensive_Fire_Check_,1
23,D:\MOX\OTHERS\CMBTMOV1.C,Rotate_Ship_,21,D:\MOX\OTHERS\CMBTFIRE.C,Is_Combat_Ship_Dead_,1
23,D:\MOX\OTHERS\CMBTMOV1.C,Rotate_Ship_,22,D:\MOX\OTHERS\CMBTMIS.C,Draw_Missile_,1
23,D:\MOX\OTHERS\CMBTMOV1.C,Rotate_Ship_,22,D:\MOX\OTHERS\CMBTMIS.C,Move_Missile_,1
23,D:\MOX\OTHERS\CMBTMOV1.C,Rotate_Ship_,22,D:\MOX\OTHERS\CMBTMIS.C,Resolve_Missile_,1
23,D:\MOX\OTHERS\CMBTMOV1.C,Rotate_Ship_,26,D:\MOX\OTHERS\COMBINIT.C,Ship_Center_Offsets_,1
23,D:\MOX\OTHERS\CMBTMOV1.C,Rotate_Ship_,66,D:\MOX\OTHERS\CMBTSPEC.C,Draw_Continuing_Tractor_,1
23,D:\MOX\OTHERS\CMBTMOV1.C,Rotate_Ship_Until_Impact_,18,D:\MOX\OTHERS\CMBTAI.C,Will_Missile_Do_Damage_,1
23,D:\MOX\OTHERS\CMBTMOV1.C,Rotate_Ship_Until_Impact_,22,D:\MOX\OTHERS\CMBTMIS.C,Move_Missile_,1
23,D:\MOX\OTHERS\CMBTMOV1.C,Rotate_Ship_Until_Impact_,26,D:\MOX\OTHERS\COMBINIT.C,Ship_Center_Offsets_,1
23,D:\MOX\OTHERS\CMBTMOV1.C,Test_Move_Until_Impact_,18,D:\MOX\OTHERS\CMBTAI.C,Will_Missile_Do_Damage_,1
23,D:\MOX\OTHERS\CMBTMOV1.C,Test_Move_Until_Impact_,22,D:\MOX\OTHERS\CMBTMIS.C,Move_Missile_,1
23,D:\MOX\OTHERS\CMBTMOV1.C,Test_Move_Until_Impact_,23,D:\MOX\OTHERS\CMBTMOV1.C,Get_Facing_,1
23,D:\MOX\OTHERS\CMBTMOV1.C,Test_Move_Until_Impact_,23,D:\MOX\OTHERS\CMBTMOV1.C,Rotate_Ship_Until_Impact_,1
23,D:\MOX\OTHERS\CMBTMOV1.C,Test_Move_Until_Impact_,23,D:\MOX\OTHERS\CMBTMOV1.C,Ship_In_Legal_Square_,1
23,D:\MOX\OTHERS\CMBTMOV1.C,Test_Move_Until_Impact_,26,D:\MOX\OTHERS\COMBINIT.C,Ship_Center_Offsets_,1
23,D:\MOX\OTHERS\CMBTMOV1.C,Turn_Cost_,26,D:\MOX\OTHERS\COMBINIT.C,Does_Combat_Ship_Have_Special_,2
23,D:\MOX\OTHERS\CMBTMOV1.C,Turn_To_Face_,19,D:\MOX\OTHERS\CMBTDRW1.C,Refresh_Combat_Screen_Full_,1
23,D:\MOX\OTHERS\CMBTMOV1.C,Turn_To_Face_,23,D:\MOX\OTHERS\CMBTMOV1.C,Get_Facing_,1
23,D:\MOX\OTHERS\CMBTMOV1.C,Turn_To_Face_,23,D:\MOX\OTHERS\CMBTMOV1.C,Rotate_Ship_,1
23,D:\MOX\OTHERS\CMBTMOV1.C,Turn_To_Face_,25,D:\MOX\OTHERS\COMBAT1.C,Assign_Combat_Grids_,1
23,D:\MOX\OTHERS\CMBTMOV1.C,Turn_To_Face_,26,D:\MOX\OTHERS\COMBINIT.C,Does_Combat_Ship_Have_Special_,2
23,D:\MOX\OTHERS\CMBTMOV1.C,Wait_Until_Net_Opponent_Finished_,1,L:\MOX\MOX2.C,_TOGGLE_PAGES_,1
23,D:\MOX\OTHERS\CMBTMOV1.C,Wait_Until_Net_Opponent_Finished_,19,D:\MOX\OTHERS\CMBTDRW1.C,Draw_Main_Combat_Screen_,1
23,D:\MOX\OTHERS\CMBTMOV1.C,Wait_Until_Net_Opponent_Finished_,29,D:\MOX\OTHERS\KEN.C,Ken_Get_Text_Message_,1
23,D:\MOX\OTHERS\CMBTMOV1.C,Wait_Until_Net_Opponent_Finished_,112,D:\MOX\OTHERS\NETMOX.C,Mox_Send_Message_,1
23,D:\MOX\OTHERS\CMBTMOV1.C,Wait_Until_Net_Opponent_Finished_,117,D:\MOX\OTHERS\RUSS.C,Mox_Update_,1
24,D:\MOX\OTHERS\COMBAT.C,Beam_Attack_,24,D:\MOX\OTHERS\COMBAT.C,Apply_Damage_To_Qship_,1
24,D:\MOX\OTHERS\COMBAT.C,Beam_Attack_,24,D:\MOX\OTHERS\COMBAT.C,QGet_Target_,1
24,D:\MOX\OTHERS\COMBAT.C,Bombardment_,24,D:\MOX\OTHERS\COMBAT.C,Strategic_Bombardment_,1
24,D:\MOX\OTHERS\COMBAT.C,Bombardment_,24,D:\MOX\OTHERS\COMBAT.C,Tactical_Bombardment_,1
24,D:\MOX\OTHERS\COMBAT.C,Build_End_Of_Combat_Message_,24,D:\MOX\OTHERS\COMBAT.C,Get_Non_Player_Name_,2
24,D:\MOX\OTHERS\COMBAT.C,Build_End_Of_Combat_Message_,29,D:\MOX\OTHERS\KEN.C,Ken_Get_Text_Message_,6
24,D:\MOX\OTHERS\COMBAT.C,Build_End_Of_Combat_Message_,47,D:\MOX\OTHERS\HACCESS.C,Get_Planet_Name_,1
24,D:\MOX\OTHERS\COMBAT.C,Get_Leader_Combat_Bonuses_,20,D:\MOX\OTHERS\CMBTFIR2.C,Engineer_Bonus_,1
24,D:\MOX\OTHERS\COMBAT.C,Get_Leader_Combat_Bonuses_,20,D:\MOX\OTHERS\CMBTFIR2.C,Galactic_Lore_Bonus_,1
24,D:\MOX\OTHERS\COMBAT.C,Get_Leader_Combat_Bonuses_,20,D:\MOX\OTHERS\CMBTFIR2.C,Helmsman_Bonus_,1
24,D:\MOX\OTHERS\COMBAT.C,Get_Leader_Combat_Bonuses_,20,D:\MOX\OTHERS\CMBTFIR2.C,Leader_Ordnance_Bonus_,1
24,D:\MOX\OTHERS\COMBAT.C,Get_Leader_Combat_Bonuses_,20,D:\MOX\OTHERS\CMBTFIR2.C,Weaponry_Bonus_,1
24,D:\MOX\OTHERS\COMBAT.C,Message_Box_Titled_,64,D:\MOX\OTHERS\TEXTBOX.C,Do_Text_Box_,1
24,D:\MOX\OTHERS\COMBAT.C,Missile_Attack_,24,D:\MOX\OTHERS\COMBAT.C,Apply_Damage_To_Qship_,1
24,D:\MOX\OTHERS\COMBAT.C,Missile_Attack_,24,D:\MOX\OTHERS\COMBAT.C,QGet_Target_,1
24,D:\MOX\OTHERS\COMBAT.C,Missile_Attack_,28,D:\MOX\OTHERS\INITSHIP.C,Strat_Missile_Weapon_Count_,1
24,D:\MOX\OTHERS\COMBAT.C,QLoad_Antaran_Defense_Fleet_,24,D:\MOX\OTHERS\COMBAT.C,QLoad_Combat_Antaran_Ship_,1
24,D:\MOX\OTHERS\COMBAT.C,QLoad_Antaran_Defense_Fleet_,28,D:\MOX\OTHERS\INITSHIP.C,Best_Beam_Weapon_,1
24,D:\MOX\OTHERS\COMBAT.C,QLoad_Antaran_Defense_Fleet_,28,D:\MOX\OTHERS\INITSHIP.C,Best_Missile_Weapon_,1
24,D:\MOX\OTHERS\COMBAT.C,QLoad_Antaran_Defense_Fleet_,34,D:\MOX\OTHERS\AIPOWER.C,Base_Generic_Ocv_,1
24,D:\MOX\OTHERS\COMBAT.C,QLoad_Combat_Antaran_Ship_,28,D:\MOX\OTHERS\INITSHIP.C,Best_Armor_,1
24,D:\MOX\OTHERS\COMBAT.C,QLoad_Combat_Antaran_Ship_,28,D:\MOX\OTHERS\INITSHIP.C,Best_Beam_Weapon_,1
24,D:\MOX\OTHERS\COMBAT.C,QLoad_Combat_Antaran_Ship_,28,D:\MOX\OTHERS\INITSHIP.C,Best_Bomb_Weapon_,1
24,D:\MOX\OTHERS\COMBAT.C,QLoad_Combat_Antaran_Ship_,28,D:\MOX\OTHERS\INITSHIP.C,Best_Missile_Weapon_,1
24,D:\MOX\OTHERS\COMBAT.C,QLoad_Combat_Antaran_Ship_,28,D:\MOX\OTHERS\INITSHIP.C,Best_Ship_Shield_,1
24,D:\MOX\OTHERS\COMBAT.C,QLoad_Combat_Antaran_Ship_,28,D:\MOX\OTHERS\INITSHIP.C,Best_Strat_Special_Weapon_,1
24,D:\MOX\OTHERS\COMBAT.C,QLoad_Combat_Antaran_Ship_,34,D:\MOX\OTHERS\AIPOWER.C,Base_Generic_Ocv_,1
24,D:\MOX\OTHERS\COMBAT.C,Qload_Ships_,24,D:\MOX\OTHERS\COMBAT.C,Get_Colony_Hits_,1
24,D:\MOX\OTHERS\COMBAT.C,Qload_Ships_,28,D:\MOX\OTHERS\INITSHIP.C,Best_Armor_,1
24,D:\MOX\OTHERS\COMBAT.C,Qload_Ships_,28,D:\MOX\OTHERS\INITSHIP.C,Best_Beam_Weapon_,1
24,D:\MOX\OTHERS\COMBAT.C,Qload_Ships_,28,D:\MOX\OTHERS\INITSHIP.C,Best_Bomb_Weapon_,1
24,D:\MOX\OTHERS\COMBAT.C,Qload_Ships_,28,D:\MOX\OTHERS\INITSHIP.C,Best_Missile_Weapon_,1
24,D:\MOX\OTHERS\COMBAT.C,Qload_Ships_,28,D:\MOX\OTHERS\INITSHIP.C,Best_Ship_Shield_,1
24,D:\MOX\OTHERS\COMBAT.C,Qload_Ships_,28,D:\MOX\OTHERS\INITSHIP.C,Best_Strat_Special_Weapon_,2
24,D:\MOX\OTHERS\COMBAT.C,Qload_Ships_,28,D:\MOX\OTHERS\INITSHIP.C,Best_Warp_Drive_,1
24,D:\MOX\OTHERS\COMBAT.C,Qload_Ships_,28,D:\MOX\OTHERS\INITSHIP.C,Update_Strategic_Ship_,1
24,D:\MOX\OTHERS\COMBAT.C,Qload_Ships_,34,D:\MOX\OTHERS\AIPOWER.C,Base_Generic_Ocv_,1
24,D:\MOX\OTHERS\COMBAT.C,Resolve_Strat_Colony_Damage_,7,L:\MOX\ERICNET.C,Remove_Building_,4
24,D:\MOX\OTHERS\COMBAT.C,Stellar_Converter_Attack_,24,D:\MOX\OTHERS\COMBAT.C,Apply_Damage_To_Qship_,1
24,D:\MOX\OTHERS\COMBAT.C,Strat_Bomb_Attack_,24,D:\MOX\OTHERS\COMBAT.C,Apply_Damage_To_Qship_,1
24,D:\MOX\OTHERS\COMBAT.C,Strat_Special_Attack_,24,D:\MOX\OTHERS\COMBAT.C,Apply_Damage_To_Qship_,1
24,D:\MOX\OTHERS\COMBAT.C,Strat_Special_Attack_,24,D:\MOX\OTHERS\COMBAT.C,QGet_Target_,1
24,D:\MOX\OTHERS\COMBAT.C,Strat_Special_Attack_,28,D:\MOX\OTHERS\INITSHIP.C,Strat_Special_Weapon_Count_,1
24,D:\MOX\OTHERS\COMBAT.C,Strategic_Bombardment_,24,D:\MOX\OTHERS\COMBAT.C,Beam_Attack_,1
24,D:\MOX\OTHERS\COMBAT.C,Strategic_Bombardment_,24,D:\MOX\OTHERS\COMBAT.C,Missile_Attack_,1
24,D:\MOX\OTHERS\COMBAT.C,Strategic_Bombardment_,24,D:\MOX\OTHERS\COMBAT.C,Qload_Ships_,2
24,D:\MOX\OTHERS\COMBAT.C,Strategic_Bombardment_,24,D:\MOX\OTHERS\COMBAT.C,Strat_Bomb_Attack_,1
24,D:\MOX\OTHERS\COMBAT.C,Strategic_Combat_,1,L:\MOX\MOX2.C,Get_Auto_Function_,1
24,D:\MOX\OTHERS\COMBAT.C,Strategic_Combat_,1,L:\MOX\MOX2.C,Put_Auto_Function_,1
24,D:\MOX\OTHERS\COMBAT.C,Strategic_Combat_,7,L:\MOX\ERICNET.C,Remove_Building_,1
24,D:\MOX\OTHERS\COMBAT.C,Strategic_Combat_,20,D:\MOX\OTHERS\CMBTFIR2.C,Apply_Combat_Artemis_Net_,1
24,D:\MOX\OTHERS\COMBAT.C,Strategic_Combat_,24,D:\MOX\OTHERS\COMBAT.C,Apply_Damage_To_Qship_,1
24,D:\MOX\OTHERS\COMBAT.C,Strategic_Combat_,24,D:\MOX\OTHERS\COMBAT.C,Beam_Attack_,2
24,D:\MOX\OTHERS\COMBAT.C,Strategic_Combat_,24,D:\MOX\OTHERS\COMBAT.C,Build_End_Of_Combat_Message_,1
24,D:\MOX\OTHERS\COMBAT.C,Strategic_Combat_,24,D:\MOX\OTHERS\COMBAT.C,Get_Leader_Combat_Bonuses_,2
24,D:\MOX\OTHERS\COMBAT.C,Strategic_Combat_,24,D:\MOX\OTHERS\COMBAT.C,Missile_Attack_,1
24,D:\MOX\OTHERS\COMBAT.C,Strategic_Combat_,24,D:\MOX\OTHERS\COMBAT.C,QGet_Target_,2
24,D:\MOX\OTHERS\COMBAT.C,Strategic_Combat_,24,D:\MOX\OTHERS\COMBAT.C,QGet_Target_SC_,1
24,D:\MOX\OTHERS\COMBAT.C,Strategic_Combat_,24,D:\MOX\OTHERS\COMBAT.C,QLoad_Antaran_Defense_Fleet_,1
24,D:\MOX\OTHERS\COMBAT.C,Strategic_Combat_,24,D:\MOX\OTHERS\COMBAT.C,Qload_Ships_,2
24,D:\MOX\OTHERS\COMBAT.C,Strategic_Combat_,24,D:\MOX\OTHERS\COMBAT.C,Resolve_Strat_Colony_Damage_,1
24,D:\MOX\OTHERS\COMBAT.C,Strategic_Combat_,24,D:\MOX\OTHERS\COMBAT.C,Strat_Bomb_Attack_,1
24,D:\MOX\OTHERS\COMBAT.C,Strategic_Combat_,24,D:\MOX\OTHERS\COMBAT.C,Strat_Special_Attack_,1
24,D:\MOX\OTHERS\COMBAT.C,Strategic_Combat_,28,D:\MOX\OTHERS\INITSHIP.C,Get_Ship_Structure_,1
24,D:\MOX\OTHERS\COMBAT.C,Strategic_Combat_,38,D:\MOX\OTHERS\ANTARANS.C,Kill_Antaran_Defensive_Ship_,1
24,D:\MOX\OTHERS\COMBAT.C,Strategic_Combat_,38,D:\MOX\OTHERS\ANTARANS.C,Kill_Antaran_Offensive_Ship_,1
24,D:\MOX\OTHERS\COMBAT.C,Strategic_Combat_,48,D:\MOX\OTHERS\HAROLD.C,Player_Has_Artemis_Net_,1
24,D:\MOX\OTHERS\COMBAT.C,Strategic_Combat_,58,D:\MOX\OTHERS\OFFICER.C,Kill_Officer_,2
24,D:\MOX\OTHERS\COMBAT.C,Strategic_Combat_,58,D:\MOX\OTHERS\OFFICER.C,Move_Officer_To_Pool_,3
24,D:\MOX\OTHERS\COMBAT.C,Strategic_Combat_,62,D:\MOX\OTHERS\SHIPS.C,Kill_Ship_,3
24,D:\MOX\OTHERS\COMBAT.C,Strategic_Combat_,100,D:\MOX\OTHERS\BOMB.C,Destroy_Colony_,1
24,D:\MOX\OTHERS\COMBAT.C,Strategic_Combat_,112,D:\MOX\OTHERS\NETMOX.C,Russ_Change_Relations_,2
24,D:\MOX\OTHERS\COMBAT.C,Strategic_Combat_,112,D:\MOX\OTHERS\NETMOX.C,Russ_Event_Monster_Update_,2
24,D:\MOX\OTHERS\COMBAT.C,Tactical_Bombardment_,20,D:\MOX\OTHERS\CMBTFIR2.C,Defensive_Combat_Bonus_,2
24,D:\MOX\OTHERS\COMBAT.C,Tactical_Bombardment_,20,D:\MOX\OTHERS\CMBTFIR2.C,Offensive_Combat_Bonus_,1
24,D:\MOX\OTHERS\COMBAT.C,Tactical_Bombardment_,20,D:\MOX\OTHERS\CMBTFIR2.C,Set_Combat_Ordnance_Values_,1
24,D:\MOX\OTHERS\COMBAT.C,Tactical_Bombardment_,21,D:\MOX\OTHERS\CMBTFIRE.C,Fire_Ship_,1
24,D:\MOX\OTHERS\COMBAT.C,Tactical_Bombardment_,26,D:\MOX\OTHERS\COMBINIT.C,Init_Special_Devices_,1
24,D:\MOX\OTHERS\COMBAT.C,Tactical_Bombardment_,26,D:\MOX\OTHERS\COMBINIT.C,Load_Combat_Ship_,1
24,D:\MOX\OTHERS\COMBAT.C,Tactical_Bombardment_,26,D:\MOX\OTHERS\COMBINIT.C,Load_Tactical_Colony_,1
25,D:\MOX\OTHERS\COMBAT1.C,Add_Missile_Fields_,22,D:\MOX\OTHERS\CMBTMIS.C,On_Combat_Screen_,1
25,D:\MOX\OTHERS\COMBAT1.C,Add_Tactical_Combat_Fields_,25,D:\MOX\OTHERS\COMBAT1.C,Add_Missile_Fields_,1
25,D:\MOX\OTHERS\COMBAT1.C,Add_Tactical_Combat_Fields_,25,D:\MOX\OTHERS\COMBAT1.C,Set_Combat_Help_Fields_,1
25,D:\MOX\OTHERS\COMBAT1.C,Assign_Combat_Grids_,25,D:\MOX\OTHERS\COMBAT1.C,Assign_Mouse_Images_,1
25,D:\MOX\OTHERS\COMBAT1.C,Assign_Combat_Grids_,25,D:\MOX\OTHERS\COMBAT1.C,Set_Legal_Moves_,1
25,D:\MOX\OTHERS\COMBAT1.C,Assign_Mouse_Images_,23,D:\MOX\OTHERS\CMBTMOV1.C,Get_Facing_,1
25,D:\MOX\OTHERS\COMBAT1.C,Assign_Mouse_Images_,23,D:\MOX\OTHERS\CMBTMOV1.C,Ship_Is_In_Stasis_,1
25,D:\MOX\OTHERS\COMBAT1.C,Calc_Current_Speed_,23,D:\MOX\OTHERS\CMBTMOV1.C,Ship_In_Black_Hole_,1
25,D:\MOX\OTHERS\COMBAT1.C,Calc_Current_Speed_,25,D:\MOX\OTHERS\COMBAT1.C,Combat_Ship_Is_Functional_,1
25,D:\MOX\OTHERS\COMBAT1.C,Check_For_Winner_,21,D:\MOX\OTHERS\CMBTFIRE.C,Does_Combat_Planet_Have_Defenses_,1
25,D:\MOX\OTHERS\COMBAT1.C,Combat_Ship_Is_Functional_,23,D:\MOX\OTHERS\CMBTMOV1.C,Ship_Is_In_Stasis_,1
25,D:\MOX\OTHERS\COMBAT1.C,Do_Combat_Turn_,1,L:\MOX\MOX2.C,_TOGGLE_PAGES_,2
25,D:\MOX\OTHERS\COMBAT1.C,Do_Combat_Turn_,18,D:\MOX\OTHERS\CMBTAI.C,Do_Auto_Ship_Turn_,2
25,D:\MOX\OTHERS\COMBAT1.C,Do_Combat_Turn_,18,D:\MOX\OTHERS\CMBTAI.C,Get_Player_Mode_,2
25,D:\MOX\OTHERS\COMBAT1.C,Do_Combat_Turn_,18,D:\MOX\OTHERS\CMBTAI.C,Toggle_Auto_Combat_Flags_,1
25,D:\MOX\OTHERS\COMBAT1.C,Do_Combat_Turn_,19,D:\MOX\OTHERS\CMBTDRW1.C,Display_Combat_View_Ship_,1
25,D:\MOX\OTHERS\COMBAT1.C,Do_Combat_Turn_,19,D:\MOX\OTHERS\CMBTDRW1.C,Draw_Main_Combat_Screen_,2
25,D:\MOX\OTHERS\COMBAT1.C,Do_Combat_Turn_,19,D:\MOX\OTHERS\CMBTDRW1.C,Draw_Super_Fast_Screen_,1
25,D:\MOX\OTHERS\COMBAT1.C,Do_Combat_Turn_,19,D:\MOX\OTHERS\CMBTDRW1.C,Move_Options_Background_,2
25,D:\MOX\OTHERS\COMBAT1.C,Do_Combat_Turn_,19,D:\MOX\OTHERS\CMBTDRW1.C,Refresh_Combat_Screen_Full_,10
25,D:\MOX\OTHERS\COMBAT1.C,Do_Combat_Turn_,20,D:\MOX\OTHERS\CMBTFIR2.C,Already_Boarded_,1
25,D:\MOX\OTHERS\COMBAT1.C,Do_Combat_Turn_,20,D:\MOX\OTHERS\CMBTFIR2.C,Max_Defensive_Fire_Range_,1
25,D:\MOX\OTHERS\COMBAT1.C,Do_Combat_Turn_,20,D:\MOX\OTHERS\CMBTFIR2.C,Resolve_Capture_,1
25,D:\MOX\OTHERS\COMBAT1.C,Do_Combat_Turn_,20,D:\MOX\OTHERS\CMBTFIR2.C,Resolve_Raid_,1
25,D:\MOX\OTHERS\COMBAT1.C,Do_Combat_Turn_,20,D:\MOX\OTHERS\CMBTFIR2.C,Set_Boarded_Flag_,2
25,D:\MOX\OTHERS\COMBAT1.C,Do_Combat_Turn_,20,D:\MOX\OTHERS\CMBTFIR2.C,Set_Combat_Ship_Done_,1
25,D:\MOX\OTHERS\COMBAT1.C,Do_Combat_Turn_,20,D:\MOX\OTHERS\CMBTFIR2.C,Used_Teleporter_,4
25,D:\MOX\OTHERS\COMBAT1.C,Do_Combat_Turn_,21,D:\MOX\OTHERS\CMBTFIRE.C,Destroy_Ship_,2
25,D:\MOX\OTHERS\COMBAT1.C,Do_Combat_Turn_,21,D:\MOX\OTHERS\CMBTFIRE.C,Fire_Ship_,3
25,D:\MOX\OTHERS\COMBAT1.C,Do_Combat_Turn_,21,D:\MOX\OTHERS\CMBTFIRE.C,Is_Combat_Ship_Dead_,3
25,D:\MOX\OTHERS\COMBAT1.C,Do_Combat_Turn_,21,D:\MOX\OTHERS\CMBTFIRE.C,Remove_Stasis_Beam_,2
25,D:\MOX\OTHERS\COMBAT1.C,Do_Combat_Turn_,22,D:\MOX\OTHERS\CMBTMIS.C,Missile_Owner_,1
25,D:\MOX\OTHERS\COMBAT1.C,Do_Combat_Turn_,22,D:\MOX\OTHERS\CMBTMIS.C,Retarget_Missile_,1
25,D:\MOX\OTHERS\COMBAT1.C,Do_Combat_Turn_,23,D:\MOX\OTHERS\CMBTMOV1.C,Move_Cost_,2
25,D:\MOX\OTHERS\COMBAT1.C,Do_Combat_Turn_,23,D:\MOX\OTHERS\CMBTMOV1.C,Move_Ship_,2
25,D:\MOX\OTHERS\COMBAT1.C,Do_Combat_Turn_,23,D:\MOX\OTHERS\CMBTMOV1.C,Rotate_Ship_,1
25,D:\MOX\OTHERS\COMBAT1.C,Do_Combat_Turn_,23,D:\MOX\OTHERS\CMBTMOV1.C,Ship_Is_In_Stasis_,7
25,D:\MOX\OTHERS\COMBAT1.C,Do_Combat_Turn_,23,D:\MOX\OTHERS\CMBTMOV1.C,Turn_To_Face_,2
25,D:\MOX\OTHERS\COMBAT1.C,Do_Combat_Turn_,23,D:\MOX\OTHERS\CMBTMOV1.C,Wait_Until_Net_Opponent_Finished_,15
25,D:\MOX\OTHERS\COMBAT1.C,Do_Combat_Turn_,25,D:\MOX\OTHERS\COMBAT1.C,Add_Tactical_Combat_Fields_,8
25,D:\MOX\OTHERS\COMBAT1.C,Do_Combat_Turn_,25,D:\MOX\OTHERS\COMBAT1.C,Assign_Combat_Grids_,10
25,D:\MOX\OTHERS\COMBAT1.C,Do_Combat_Turn_,25,D:\MOX\OTHERS\COMBAT1.C,Enemy_Dissipator_Exists_,1
25,D:\MOX\OTHERS\COMBAT1.C,Do_Combat_Turn_,25,D:\MOX\OTHERS\COMBAT1.C,Init_Ship_For_Start_Of_Turn_,1
25,D:\MOX\OTHERS\COMBAT1.C,Do_Combat_Turn_,25,D:\MOX\OTHERS\COMBAT1.C,Initiate_Boarding_Action_,1
25,D:\MOX\OTHERS\COMBAT1.C,Do_Combat_Turn_,25,D:\MOX\OTHERS\COMBAT1.C,Next_Ship_,10
25,D:\MOX\OTHERS\COMBAT1.C,Do_Combat_Turn_,25,D:\MOX\OTHERS\COMBAT1.C,Seeking_Missiles_,1
25,D:\MOX\OTHERS\COMBAT1.C,Do_Combat_Turn_,25,D:\MOX\OTHERS\COMBAT1.C,Send_Tactical_Combat_Message_,15
25,D:\MOX\OTHERS\COMBAT1.C,Do_Combat_Turn_,25,D:\MOX\OTHERS\COMBAT1.C,Set_Combat_Help_Fields_,2
25,D:\MOX\OTHERS\COMBAT1.C,Do_Combat_Turn_,25,D:\MOX\OTHERS\COMBAT1.C,Set_Cur_Ship_To_,2
25,D:\MOX\OTHERS\COMBAT1.C,Do_Combat_Turn_,25,D:\MOX\OTHERS\COMBAT1.C,Ship_Done_Check_,2
25,D:\MOX\OTHERS\COMBAT1.C,Do_Combat_Turn_,26,D:\MOX\OTHERS\COMBINIT.C,Does_Combat_Ship_Have_Special_,2
25,D:\MOX\OTHERS\COMBAT1.C,Do_Combat_Turn_,26,D:\MOX\OTHERS\COMBINIT.C,Scroll_Combat_Screen_,1
25,D:\MOX\OTHERS\COMBAT1.C,Do_Combat_Turn_,26,D:\MOX\OTHERS\COMBINIT.C,Snap_Center_Combat_Screen_,3
25,D:\MOX\OTHERS\COMBAT1.C,Do_Combat_Turn_,29,D:\MOX\OTHERS\KEN.C,Ken_Get_Text_Message_,6
25,D:\MOX\OTHERS\COMBAT1.C,Do_Combat_Turn_,46,D:\MOX\OTHERS\GENDRAW.C,Do_Confirmation_Box_,2
25,D:\MOX\OTHERS\COMBAT1.C,Do_Combat_Turn_,46,D:\MOX\OTHERS\GENDRAW.C,Message_Box_,4
25,D:\MOX\OTHERS\COMBAT1.C,Do_Combat_Turn_,66,D:\MOX\OTHERS\CMBTSPEC.C,Draw_Cloak_,8
25,D:\MOX\OTHERS\COMBAT1.C,Do_Combat_Turn_,112,D:\MOX\OTHERS\NETMOX.C,Mox_Send_Message_,1
25,D:\MOX\OTHERS\COMBAT1.C,Do_Combat_Turn_,117,D:\MOX\OTHERS\RUSS.C,Mox_Update_,3
25,D:\MOX\OTHERS\COMBAT1.C,Enemy_Dissipator_Exists_,26,D:\MOX\OTHERS\COMBINIT.C,Does_Combat_Ship_Have_Special_,1
25,D:\MOX\OTHERS\COMBAT1.C,Init_Ship_For_Start_Of_Turn_,20,D:\MOX\OTHERS\CMBTFIR2.C,Being_Captured_,1
25,D:\MOX\OTHERS\COMBAT1.C,Init_Ship_For_Start_Of_Turn_,20,D:\MOX\OTHERS\CMBTFIR2.C,Set_Capturing_Flag_,1
25,D:\MOX\OTHERS\COMBAT1.C,Init_Ship_For_Start_Of_Turn_,23,D:\MOX\OTHERS\CMBTMOV1.C,Wait_Until_Net_Opponent_Finished_,1
25,D:\MOX\OTHERS\COMBAT1.C,Init_Ship_For_Start_Of_Turn_,25,D:\MOX\OTHERS\COMBAT1.C,Calc_Current_Speed_,1
25,D:\MOX\OTHERS\COMBAT1.C,Init_Ship_For_Start_Of_Turn_,25,D:\MOX\OTHERS\COMBAT1.C,Retreat_Ship_,1
25,D:\MOX\OTHERS\COMBAT1.C,Init_Ship_For_Start_Of_Turn_,26,D:\MOX\OTHERS\COMBINIT.C,Does_Combat_Ship_Have_Special_,2
25,D:\MOX\OTHERS\COMBAT1.C,Initiate_Boarding_Action_,18,D:\MOX\OTHERS\CMBTAI.C,Range_To_Ship_,1
25,D:\MOX\OTHERS\COMBAT1.C,Initiate_Boarding_Action_,19,D:\MOX\OTHERS\CMBTDRW1.C,Refresh_Combat_Screen_Full_,2
25,D:\MOX\OTHERS\COMBAT1.C,Initiate_Boarding_Action_,19,D:\MOX\OTHERS\CMBTDRW1.C,Relative_Bearing_,1
25,D:\MOX\OTHERS\COMBAT1.C,Initiate_Boarding_Action_,20,D:\MOX\OTHERS\CMBTFIR2.C,Init_Boarding_Action_,1
25,D:\MOX\OTHERS\COMBAT1.C,Initiate_Boarding_Action_,20,D:\MOX\OTHERS\CMBTFIR2.C,Resolve_Capture_,1
25,D:\MOX\OTHERS\COMBAT1.C,Initiate_Boarding_Action_,20,D:\MOX\OTHERS\CMBTFIR2.C,Resolve_Raid_,1
25,D:\MOX\OTHERS\COMBAT1.C,Initiate_Boarding_Action_,20,D:\MOX\OTHERS\CMBTFIR2.C,Set_Boarded_Flag_,2
25,D:\MOX\OTHERS\COMBAT1.C,Initiate_Boarding_Action_,21,D:\MOX\OTHERS\CMBTFIRE.C,Facing_Shield_,1
25,D:\MOX\OTHERS\COMBAT1.C,Initiate_Boarding_Action_,23,D:\MOX\OTHERS\CMBTMOV1.C,Wait_Until_Net_Opponent_Finished_,1
25,D:\MOX\OTHERS\COMBAT1.C,Initiate_Boarding_Action_,25,D:\MOX\OTHERS\COMBAT1.C,Calc_Current_Speed_,1
25,D:\MOX\OTHERS\COMBAT1.C,Initiate_Boarding_Action_,25,D:\MOX\OTHERS\COMBAT1.C,Send_Tactical_Combat_Message_,1
25,D:\MOX\OTHERS\COMBAT1.C,Initiate_Boarding_Action_,26,D:\MOX\OTHERS\COMBINIT.C,Does_Combat_Ship_Have_Special_,3
25,D:\MOX\OTHERS\COMBAT1.C,Initiate_Boarding_Action_,29,D:\MOX\OTHERS\KEN.C,Ken_Get_Text_Message_,4
25,D:\MOX\OTHERS\COMBAT1.C,Initiate_Boarding_Action_,46,D:\MOX\OTHERS\GENDRAW.C,Warning_Box_,3
25,D:\MOX\OTHERS\COMBAT1.C,Initiate_Boarding_Action_,66,D:\MOX\OTHERS\CMBTSPEC.C,Draw_Cloak_,4
25,D:\MOX\OTHERS\COMBAT1.C,Next_Ship_,19,D:\MOX\OTHERS\CMBTDRW1.C,Draw_Super_Fast_Screen_,1
25,D:\MOX\OTHERS\COMBAT1.C,Next_Ship_,19,D:\MOX\OTHERS\CMBTDRW1.C,Refresh_Combat_Screen_Full_,1
25,D:\MOX\OTHERS\COMBAT1.C,Next_Ship_,19,D:\MOX\OTHERS\CMBTDRW1.C,Ship_Completely_On_Screen_,1
25,D:\MOX\OTHERS\COMBAT1.C,Next_Ship_,21,D:\MOX\OTHERS\CMBTFIRE.C,Does_Combat_Planet_Have_Defenses_,1
25,D:\MOX\OTHERS\COMBAT1.C,Next_Ship_,23,D:\MOX\OTHERS\CMBTMOV1.C,Wait_Until_Net_Opponent_Finished_,1
25,D:\MOX\OTHERS\COMBAT1.C,Next_Ship_,25,D:\MOX\OTHERS\COMBAT1.C,Add_Tactical_Combat_Fields_,1
25,D:\MOX\OTHERS\COMBAT1.C,Next_Ship_,25,D:\MOX\OTHERS\COMBAT1.C,Assign_Combat_Grids_,1
25,D:\MOX\OTHERS\COMBAT1.C,Next_Ship_,25,D:\MOX\OTHERS\COMBAT1.C,Check_For_Winner_,1
25,D:\MOX\OTHERS\COMBAT1.C,Next_Ship_,25,D:\MOX\OTHERS\COMBAT1.C,Combat_Ship_Is_Functional_,1
25,D:\MOX\OTHERS\COMBAT1.C,Next_Ship_,26,D:\MOX\OTHERS\COMBINIT.C,Snap_Center_Combat_Screen_,1
25,D:\MOX\OTHERS\COMBAT1.C,Next_Ship_,112,D:\MOX\OTHERS\NETMOX.C,Mox_Send_Message_,1
25,D:\MOX\OTHERS\COMBAT1.C,Remove_Continuing_Effect_Specials_,21,D:\MOX\OTHERS\CMBTFIRE.C,Remove_Stasis_Beam_,1
25,D:\MOX\OTHERS\COMBAT1.C,Retreat_Ship_,19,D:\MOX\OTHERS\CMBTDRW1.C,Draw_Retreating_Ship_,1
25,D:\MOX\OTHERS\COMBAT1.C,Retreat_Ship_,19,D:\MOX\OTHERS\CMBTDRW1.C,Ship_On_Screen_,1
25,D:\MOX\OTHERS\COMBAT1.C,Retreat_Ship_,21,D:\MOX\OTHERS\CMBTFIRE.C,Is_Combat_Ship_Dead_,1
25,D:\MOX\OTHERS\COMBAT1.C,Retreat_Ship_,21,D:\MOX\OTHERS\CMBTFIRE.C,Retarget_Missiles_Aimed_At_,1
25,D:\MOX\OTHERS\COMBAT1.C,Retreat_Ship_,25,D:\MOX\OTHERS\COMBAT1.C,Remove_Continuing_Effect_Specials_,1
25,D:\MOX\OTHERS\COMBAT1.C,Retreat_Ship_,26,D:\MOX\OTHERS\COMBINIT.C,Snap_Center_Combat_Screen_,1
25,D:\MOX\OTHERS\COMBAT1.C,Seeking_Missiles_,1,L:\MOX\MOX2.C,_TOGGLE_PAGES_,1
25,D:\MOX\OTHERS\COMBAT1.C,Seeking_Missiles_,19,D:\MOX\OTHERS\CMBTDRW1.C,Draw_Main_Combat_Screen_,1
25,D:\MOX\OTHERS\COMBAT1.C,Seeking_Missiles_,22,D:\MOX\OTHERS\CMBTMIS.C,Kill_Missile_,1
25,D:\MOX\OTHERS\COMBAT1.C,Seeking_Missiles_,22,D:\MOX\OTHERS\CMBTMIS.C,Missile_On_Combat_Screen_,1
25,D:\MOX\OTHERS\COMBAT1.C,Seeking_Missiles_,22,D:\MOX\OTHERS\CMBTMIS.C,Missile_Owner_,1
25,D:\MOX\OTHERS\COMBAT1.C,Seeking_Missiles_,22,D:\MOX\OTHERS\CMBTMIS.C,Move_Missile_,1
25,D:\MOX\OTHERS\COMBAT1.C,Seeking_Missiles_,22,D:\MOX\OTHERS\CMBTMIS.C,Resolve_Missile_,1
25,D:\MOX\OTHERS\COMBAT1.C,Seeking_Missiles_,26,D:\MOX\OTHERS\COMBINIT.C,Ship_Center_Offsets_,2
25,D:\MOX\OTHERS\COMBAT1.C,Send_Tactical_Combat_Message_,112,D:\MOX\OTHERS\NETMOX.C,Mox_Send_Message_,1
25,D:\MOX\OTHERS\COMBAT1.C,Set_Cur_Ship_To_,19,D:\MOX\OTHERS\CMBTDRW1.C,Refresh_Combat_Screen_Full_,1
25,D:\MOX\OTHERS\COMBAT1.C,Set_Cur_Ship_To_,21,D:\MOX\OTHERS\CMBTFIRE.C,Does_Combat_Planet_Have_Defenses_,1
25,D:\MOX\OTHERS\COMBAT1.C,Set_Legal_Moves_,18,D:\MOX\OTHERS\CMBTAI.C,Range_To_XY_,1
25,D:\MOX\OTHERS\COMBAT1.C,Set_Legal_Moves_,20,D:\MOX\OTHERS\CMBTFIR2.C,Used_Teleporter_,2
25,D:\MOX\OTHERS\COMBAT1.C,Set_Legal_Moves_,21,D:\MOX\OTHERS\CMBTFIRE.C,Special_Is_Turned_On_,1
25,D:\MOX\OTHERS\COMBAT1.C,Set_Legal_Moves_,23,D:\MOX\OTHERS\CMBTMOV1.C,Move_Cost_,1
25,D:\MOX\OTHERS\COMBAT1.C,Set_Legal_Moves_,26,D:\MOX\OTHERS\COMBINIT.C,Does_Combat_Ship_Have_Special_,3
25,D:\MOX\OTHERS\COMBAT1.C,Set_Ocv_Dcv_For_All_,20,D:\MOX\OTHERS\CMBTFIR2.C,Defensive_Combat_Bonus_,2
25,D:\MOX\OTHERS\COMBAT1.C,Set_Ocv_Dcv_For_All_,20,D:\MOX\OTHERS\CMBTFIR2.C,Offensive_Combat_Bonus_,1
25,D:\MOX\OTHERS\COMBAT1.C,qsort_ship_initiative_,25,D:\MOX\OTHERS\COMBAT1.C,Ship_Initiative_Value_,2
26,D:\MOX\OTHERS\COMBINIT.C,Apply_Bio_Weapon_Penalty_,112,D:\MOX\OTHERS\NETMOX.C,Russ_Change_Relations_,1
26,D:\MOX\OTHERS\COMBINIT.C,Calc_Combat_Shield_Max_,26,D:\MOX\OTHERS\COMBINIT.C,Does_Combat_Ship_Have_Special_,2
26,D:\MOX\OTHERS\COMBINIT.C,Deploy_Ships_,26,D:\MOX\OTHERS\COMBINIT.C,Ship_Can_Deploy_At_,2
26,D:\MOX\OTHERS\COMBINIT.C,End_Of_Combat_,7,L:\MOX\ERICNET.C,Remove_Building_,1
26,D:\MOX\OTHERS\COMBINIT.C,End_Of_Combat_,20,D:\MOX\OTHERS\CMBTFIR2.C,Clear_Internal_Space_,1
26,D:\MOX\OTHERS\COMBINIT.C,End_Of_Combat_,20,D:\MOX\OTHERS\CMBTFIR2.C,Get_Fleet_Engineer_Bonus_,1
26,D:\MOX\OTHERS\COMBINIT.C,End_Of_Combat_,26,D:\MOX\OTHERS\COMBINIT.C,Apply_Bio_Weapon_Penalty_,1
26,D:\MOX\OTHERS\COMBINIT.C,End_Of_Combat_,26,D:\MOX\OTHERS\COMBINIT.C,Does_Combat_Ship_Have_Special_,1
26,D:\MOX\OTHERS\COMBINIT.C,End_Of_Combat_,26,D:\MOX\OTHERS\COMBINIT.C,Init_Special_Devices_,1
26,D:\MOX\OTHERS\COMBINIT.C,End_Of_Combat_,26,D:\MOX\OTHERS\COMBINIT.C,Unload_Combat_Ship_,1
26,D:\MOX\OTHERS\COMBINIT.C,End_Of_Combat_,28,D:\MOX\OTHERS\INITSHIP.C,Get_Ship_Armor_Hits_,1
26,D:\MOX\OTHERS\COMBINIT.C,End_Of_Combat_,38,D:\MOX\OTHERS\ANTARANS.C,Kill_Antaran_Defensive_Ship_,1
26,D:\MOX\OTHERS\COMBINIT.C,End_Of_Combat_,38,D:\MOX\OTHERS\ANTARANS.C,Kill_Antaran_Offensive_Ship_,1
26,D:\MOX\OTHERS\COMBINIT.C,End_Of_Combat_,58,D:\MOX\OTHERS\OFFICER.C,Give_Officer_XP_,2
26,D:\MOX\OTHERS\COMBINIT.C,End_Of_Combat_,58,D:\MOX\OTHERS\OFFICER.C,Kill_Officer_,2
26,D:\MOX\OTHERS\COMBINIT.C,End_Of_Combat_,58,D:\MOX\OTHERS\OFFICER.C,Move_Officer_To_Pool_,3
26,D:\MOX\OTHERS\COMBINIT.C,End_Of_Combat_,62,D:\MOX\OTHERS\SHIPS.C,Kill_Ship_,1
26,D:\MOX\OTHERS\COMBINIT.C,End_Of_Combat_,100,D:\MOX\OTHERS\BOMB.C,Destroy_Colony_,1
26,D:\MOX\OTHERS\COMBINIT.C,End_Of_Combat_,112,D:\MOX\OTHERS\NETMOX.C,Russ_Change_Relations_,2
26,D:\MOX\OTHERS\COMBINIT.C,End_Of_Turn_Bookeeping_,26,D:\MOX\OTHERS\COMBINIT.C,Recharge_Shields_,1
26,D:\MOX\OTHERS\COMBINIT.C,End_Of_Turn_Bookeeping_,26,D:\MOX\OTHERS\COMBINIT.C,Repair_All_Combat_Ships_,1
26,D:\MOX\OTHERS\COMBINIT.C,Increment_Bhg_,21,D:\MOX\OTHERS\CMBTFIRE.C,Destroy_Ship_,1
26,D:\MOX\OTHERS\COMBINIT.C,Increment_Bhg_,23,D:\MOX\OTHERS\CMBTMOV1.C,Ship_In_Black_Hole_,1
26,D:\MOX\OTHERS\COMBINIT.C,Increment_Bhg_,23,D:\MOX\OTHERS\CMBTMOV1.C,Ship_Is_In_Stasis_,1
26,D:\MOX\OTHERS\COMBINIT.C,Init_Special_Devices_,26,D:\MOX\OTHERS\COMBINIT.C,Does_Combat_Ship_Have_Special_,4
26,D:\MOX\OTHERS\COMBINIT.C,Load_Antaran_Defense_Fleet_,26,D:\MOX\OTHERS\COMBINIT.C,Load_Antaran_Star_Fortress_,1
26,D:\MOX\OTHERS\COMBINIT.C,Load_Antaran_Defense_Fleet_,26,D:\MOX\OTHERS\COMBINIT.C,Load_Combat_Antaran_Ship_,1
26,D:\MOX\OTHERS\COMBINIT.C,Load_Antaran_Planet_,20,D:\MOX\OTHERS\CMBTFIR2.C,Init_Internal_Space_,1
26,D:\MOX\OTHERS\COMBINIT.C,Load_Antaran_Planet_,117,D:\MOX\OTHERS\RUSS.C,Mox_Update_,2
26,D:\MOX\OTHERS\COMBINIT.C,Load_Antaran_Star_Fortress_,20,D:\MOX\OTHERS\CMBTFIR2.C,Init_Internal_Space_,1
26,D:\MOX\OTHERS\COMBINIT.C,Load_Antaran_Star_Fortress_,41,D:\MOX\OTHERS\DESIGN.C,Weapon_Space_,4
26,D:\MOX\OTHERS\COMBINIT.C,Load_Colony_Defense_,26,D:\MOX\OTHERS\COMBINIT.C,Load_Combat_Satelite_,1
26,D:\MOX\OTHERS\COMBINIT.C,Load_Colony_Defense_,26,D:\MOX\OTHERS\COMBINIT.C,Load_Tactical_Colony_,1
26,D:\MOX\OTHERS\COMBINIT.C,Load_Colony_Defense_,26,D:\MOX\OTHERS\COMBINIT.C,Type_Of_Space_Station_,1
26,D:\MOX\OTHERS\COMBINIT.C,Load_Combat_Colony_Picture_,117,D:\MOX\OTHERS\RUSS.C,Mox_Update_,3
26,D:\MOX\OTHERS\COMBINIT.C,Load_Combat_Satelite_,20,D:\MOX\OTHERS\CMBTFIR2.C,Init_Internal_Space_,1
26,D:\MOX\OTHERS\COMBINIT.C,Load_Combat_Satelite_,26,D:\MOX\OTHERS\COMBINIT.C,Calc_Combat_Shield_Max_,1
26,D:\MOX\OTHERS\COMBINIT.C,Load_Combat_Satelite_,26,D:\MOX\OTHERS\COMBINIT.C,Does_Combat_Ship_Have_Special_,1
26,D:\MOX\OTHERS\COMBINIT.C,Load_Combat_Satelite_,28,D:\MOX\OTHERS\INITSHIP.C,Best_Armor_,1
26,D:\MOX\OTHERS\COMBINIT.C,Load_Combat_Satelite_,28,D:\MOX\OTHERS\INITSHIP.C,Best_Beam_Weapon_,3
26,D:\MOX\OTHERS\COMBINIT.C,Load_Combat_Satelite_,28,D:\MOX\OTHERS\INITSHIP.C,Best_Computer_,1
26,D:\MOX\OTHERS\COMBINIT.C,Load_Combat_Satelite_,28,D:\MOX\OTHERS\INITSHIP.C,Best_Missile_Weapon_NT_,1
26,D:\MOX\OTHERS\COMBINIT.C,Load_Combat_Satelite_,28,D:\MOX\OTHERS\INITSHIP.C,Best_Point_Defense_Weapon_By_Size_,2
26,D:\MOX\OTHERS\COMBINIT.C,Load_Combat_Satelite_,28,D:\MOX\OTHERS\INITSHIP.C,Best_Ship_Shield_,1
26,D:\MOX\OTHERS\COMBINIT.C,Load_Combat_Satelite_,41,D:\MOX\OTHERS\DESIGN.C,Miniaturization_Level_,1
26,D:\MOX\OTHERS\COMBINIT.C,Load_Combat_Satelite_,41,D:\MOX\OTHERS\DESIGN.C,Weapon_Space_,4
26,D:\MOX\OTHERS\COMBINIT.C,Load_Combat_Ship_,20,D:\MOX\OTHERS\CMBTFIR2.C,Init_Internal_Space_,1
26,D:\MOX\OTHERS\COMBINIT.C,Load_Combat_Ship_,26,D:\MOX\OTHERS\COMBINIT.C,Calc_Combat_Shield_Max_,1
26,D:\MOX\OTHERS\COMBINIT.C,Load_Combat_Ship_,26,D:\MOX\OTHERS\COMBINIT.C,Init_Special_Devices_,1
26,D:\MOX\OTHERS\COMBINIT.C,Load_Combat_Ship_,28,D:\MOX\OTHERS\INITSHIP.C,Best_Warp_Drive_,1
26,D:\MOX\OTHERS\COMBINIT.C,Load_Combat_Ship_,28,D:\MOX\OTHERS\INITSHIP.C,Get_Ship_Armor_Hits_,1
26,D:\MOX\OTHERS\COMBINIT.C,Load_Combat_Ship_,28,D:\MOX\OTHERS\INITSHIP.C,Get_Ship_Structure_,1
26,D:\MOX\OTHERS\COMBINIT.C,Load_Combat_Ship_Palette_,117,D:\MOX\OTHERS\RUSS.C,Mox_Update_,2
26,D:\MOX\OTHERS\COMBINIT.C,Load_Display_Combat_Ship_,20,D:\MOX\OTHERS\CMBTFIR2.C,Init_Internal_Space_,1
26,D:\MOX\OTHERS\COMBINIT.C,Load_Display_Combat_Ship_,28,D:\MOX\OTHERS\INITSHIP.C,Get_Ship_Armor_Hits_,1
26,D:\MOX\OTHERS\COMBINIT.C,Load_Display_Combat_Ship_,28,D:\MOX\OTHERS\INITSHIP.C,Get_Ship_Structure_,1
26,D:\MOX\OTHERS\COMBINIT.C,Load_Display_Combat_Ship_,28,D:\MOX\OTHERS\INITSHIP.C,Update_Strategic_Ship_,1
26,D:\MOX\OTHERS\COMBINIT.C,Load_Individual_Ship_Pictures_,117,D:\MOX\OTHERS\RUSS.C,Mox_Update_,8
26,D:\MOX\OTHERS\COMBINIT.C,Load_Tactical_Colony_,20,D:\MOX\OTHERS\CMBTFIR2.C,Init_Internal_Space_,1
26,D:\MOX\OTHERS\COMBINIT.C,Load_Tactical_Colony_,26,D:\MOX\OTHERS\COMBINIT.C,Load_Combat_Colony_Picture_,1
26,D:\MOX\OTHERS\COMBINIT.C,Load_Tactical_Colony_,28,D:\MOX\OTHERS\INITSHIP.C,Best_Armor_,1
26,D:\MOX\OTHERS\COMBINIT.C,Load_Tactical_Colony_,28,D:\MOX\OTHERS\INITSHIP.C,Best_Beam_Weapon_,1
26,D:\MOX\OTHERS\COMBINIT.C,Load_Tactical_Colony_,28,D:\MOX\OTHERS\INITSHIP.C,Best_Computer_,1
26,D:\MOX\OTHERS\COMBINIT.C,Load_Tactical_Colony_,28,D:\MOX\OTHERS\INITSHIP.C,Best_Missile_Weapon_NT_,1
26,D:\MOX\OTHERS\COMBINIT.C,Load_Tactical_Colony_,28,D:\MOX\OTHERS\INITSHIP.C,Best_Point_Defense_Weapon_By_Size_,1
26,D:\MOX\OTHERS\COMBINIT.C,Load_Tactical_Colony_,28,D:\MOX\OTHERS\INITSHIP.C,Best_Ship_Shield_,1
26,D:\MOX\OTHERS\COMBINIT.C,Load_Tactical_Colony_,41,D:\MOX\OTHERS\DESIGN.C,Miniaturization_Level_,3
26,D:\MOX\OTHERS\COMBINIT.C,Load_Tactical_Colony_,41,D:\MOX\OTHERS\DESIGN.C,Weapon_Space_,3
26,D:\MOX\OTHERS\COMBINIT.C,Load_Tactical_Colony_,47,D:\MOX\OTHERS\HACCESS.C,Get_Planet_Name_No_Prime_,1
26,D:\MOX\OTHERS\COMBINIT.C,Plasma_Web_Damage_,19,D:\MOX\OTHERS\CMBTDRW1.C,Ship_Completely_On_Screen_,1
26,D:\MOX\OTHERS\COMBINIT.C,Plasma_Web_Damage_,21,D:\MOX\OTHERS\CMBTFIRE.C,Apply_Ship_Damage_,1
26,D:\MOX\OTHERS\COMBINIT.C,Plasma_Web_Damage_,21,D:\MOX\OTHERS\CMBTFIRE.C,Destroy_Ship_,1
26,D:\MOX\OTHERS\COMBINIT.C,Plasma_Web_Damage_,21,D:\MOX\OTHERS\CMBTFIRE.C,Is_Combat_Ship_Dead_,1
26,D:\MOX\OTHERS\COMBINIT.C,Plasma_Web_Damage_,23,D:\MOX\OTHERS\CMBTMOV1.C,Ship_Is_In_Stasis_,1
26,D:\MOX\OTHERS\COMBINIT.C,Plasma_Web_Damage_,26,D:\MOX\OTHERS\COMBINIT.C,Snap_Center_Combat_Screen_,1
26,D:\MOX\OTHERS\COMBINIT.C,Plasma_Web_Damage_,65,D:\MOX\OTHERS\BEAMS.C,Add_Damage_Indicator_For_Ship_,1
26,D:\MOX\OTHERS\COMBINIT.C,Plasma_Web_Damage_,65,D:\MOX\OTHERS\BEAMS.C,Draw_Damage_Message_Queue_Until_Done_,1
26,D:\MOX\OTHERS\COMBINIT.C,Recharge_Shields_,23,D:\MOX\OTHERS\CMBTMOV1.C,Ship_Is_In_Stasis_,1
26,D:\MOX\OTHERS\COMBINIT.C,Recharge_Shields_,26,D:\MOX\OTHERS\COMBINIT.C,Does_Combat_Ship_Have_Special_,1
26,D:\MOX\OTHERS\COMBINIT.C,Repair_All_Combat_Ships_,20,D:\MOX\OTHERS\CMBTFIR2.C,Get_Fleet_Engineer_Bonus_,2
26,D:\MOX\OTHERS\COMBINIT.C,Repair_All_Combat_Ships_,20,D:\MOX\OTHERS\CMBTFIR2.C,Repair_Combat_Ship_,1
26,D:\MOX\OTHERS\COMBINIT.C,Repair_All_Combat_Ships_,23,D:\MOX\OTHERS\CMBTMOV1.C,Ship_Is_In_Stasis_,1
26,D:\MOX\OTHERS\COMBINIT.C,Repair_All_Combat_Ships_,26,D:\MOX\OTHERS\COMBINIT.C,Does_Combat_Ship_Have_Special_,1
26,D:\MOX\OTHERS\COMBINIT.C,Scroll_Combat_Screen_,1,L:\MOX\MOX2.C,_TOGGLE_PAGES_,1
26,D:\MOX\OTHERS\COMBINIT.C,Scroll_Combat_Screen_,19,D:\MOX\OTHERS\CMBTDRW1.C,Refresh_Combat_Screen_Full_,1
26,D:\MOX\OTHERS\COMBINIT.C,Scroll_Combat_Screen_,19,D:\MOX\OTHERS\CMBTDRW1.C,Scroll_Draw_Combat_Screen_,1
26,D:\MOX\OTHERS\COMBINIT.C,Scroll_Combat_Screen_,25,D:\MOX\OTHERS\COMBAT1.C,Add_Tactical_Combat_Fields_,1
26,D:\MOX\OTHERS\COMBINIT.C,Scroll_Combat_Screen_,25,D:\MOX\OTHERS\COMBAT1.C,Assign_Combat_Grids_,1
26,D:\MOX\OTHERS\COMBINIT.C,Snap_Center_Combat_Screen_,19,D:\MOX\OTHERS\CMBTDRW1.C,Refresh_Combat_Screen_Full_,1
26,D:\MOX\OTHERS\COMBINIT.C,Snap_Center_Combat_Screen_,25,D:\MOX\OTHERS\COMBAT1.C,Add_Tactical_Combat_Fields_,1
26,D:\MOX\OTHERS\COMBINIT.C,Snap_Center_Combat_Screen_,25,D:\MOX\OTHERS\COMBAT1.C,Assign_Combat_Grids_,1
26,D:\MOX\OTHERS\COMBINIT.C,Tactical_Combat_,1,L:\MOX\MOX2.C,Get_Auto_Function_,1
26,D:\MOX\OTHERS\COMBINIT.C,Tactical_Combat_,1,L:\MOX\MOX2.C,Put_Auto_Function_,1
26,D:\MOX\OTHERS\COMBINIT.C,Tactical_Combat_,16,D:\MOX\JIM.C,Play_Background_Music_,1
26,D:\MOX\OTHERS\COMBINIT.C,Tactical_Combat_,16,D:\MOX\JIM.C,Play_Combat_Music_,1
26,D:\MOX\OTHERS\COMBINIT.C,Tactical_Combat_,19,D:\MOX\OTHERS\CMBTDRW1.C,Create_Ship_Darken_Map_,1
26,D:\MOX\OTHERS\COMBINIT.C,Tactical_Combat_,19,D:\MOX\OTHERS\CMBTDRW1.C,Draw_Super_Fast_Screen_,5
26,D:\MOX\OTHERS\COMBINIT.C,Tactical_Combat_,20,D:\MOX\OTHERS\CMBTFIR2.C,Apply_Combat_Artemis_Net_,1
26,D:\MOX\OTHERS\COMBINIT.C,Tactical_Combat_,20,D:\MOX\OTHERS\CMBTFIR2.C,Defensive_Combat_Bonus_,2
26,D:\MOX\OTHERS\COMBINIT.C,Tactical_Combat_,20,D:\MOX\OTHERS\CMBTFIR2.C,Offensive_Combat_Bonus_,1
26,D:\MOX\OTHERS\COMBINIT.C,Tactical_Combat_,20,D:\MOX\OTHERS\CMBTFIR2.C,Set_Combat_Ordnance_Values_,1
26,D:\MOX\OTHERS\COMBINIT.C,Tactical_Combat_,21,D:\MOX\OTHERS\CMBTFIRE.C,Does_Combat_Planet_Have_Defenses_,1
26,D:\MOX\OTHERS\COMBINIT.C,Tactical_Combat_,23,D:\MOX\OTHERS\CMBTMOV1.C,Wait_Until_Net_Opponent_Finished_,1
26,D:\MOX\OTHERS\COMBINIT.C,Tactical_Combat_,25,D:\MOX\OTHERS\COMBAT1.C,Add_Tactical_Combat_Fields_,1
26,D:\MOX\OTHERS\COMBINIT.C,Tactical_Combat_,25,D:\MOX\OTHERS\COMBAT1.C,Calc_Current_Speed_,1
26,D:\MOX\OTHERS\COMBINIT.C,Tactical_Combat_,25,D:\MOX\OTHERS\COMBAT1.C,Check_For_Winner_,8
26,D:\MOX\OTHERS\COMBINIT.C,Tactical_Combat_,25,D:\MOX\OTHERS\COMBAT1.C,Do_Combat_Turn_,6
26,D:\MOX\OTHERS\COMBINIT.C,Tactical_Combat_,26,D:\MOX\OTHERS\COMBINIT.C,Colony_Has_Defenses_,1
26,D:\MOX\OTHERS\COMBINIT.C,Tactical_Combat_,26,D:\MOX\OTHERS\COMBINIT.C,Deploy_Ships_,1
26,D:\MOX\OTHERS\COMBINIT.C,Tactical_Combat_,26,D:\MOX\OTHERS\COMBINIT.C,Does_Combat_Ship_Have_Special_,8
26,D:\MOX\OTHERS\COMBINIT.C,Tactical_Combat_,26,D:\MOX\OTHERS\COMBINIT.C,End_Of_Combat_,1
26,D:\MOX\OTHERS\COMBINIT.C,Tactical_Combat_,26,D:\MOX\OTHERS\COMBINIT.C,End_Of_Turn_Bookeeping_,1
26,D:\MOX\OTHERS\COMBINIT.C,Tactical_Combat_,26,D:\MOX\OTHERS\COMBINIT.C,Increment_Bhg_,2
26,D:\MOX\OTHERS\COMBINIT.C,Tactical_Combat_,26,D:\MOX\OTHERS\COMBINIT.C,Init_Special_Devices_,1
26,D:\MOX\OTHERS\COMBINIT.C,Tactical_Combat_,26,D:\MOX\OTHERS\COMBINIT.C,Load_Antaran_Defense_Fleet_,1
26,D:\MOX\OTHERS\COMBINIT.C,Tactical_Combat_,26,D:\MOX\OTHERS\COMBINIT.C,Load_Antaran_Planet_,1
26,D:\MOX\OTHERS\COMBINIT.C,Tactical_Combat_,26,D:\MOX\OTHERS\COMBINIT.C,Load_Colony_Defense_,1
26,D:\MOX\OTHERS\COMBINIT.C,Tactical_Combat_,26,D:\MOX\OTHERS\COMBINIT.C,Load_Combat_Ship_,2
26,D:\MOX\OTHERS\COMBINIT.C,Tactical_Combat_,26,D:\MOX\OTHERS\COMBINIT.C,Load_Combat_Ship_Palette_,2
26,D:\MOX\OTHERS\COMBINIT.C,Tactical_Combat_,26,D:\MOX\OTHERS\COMBINIT.C,Load_Individual_Ship_Pictures_,2
26,D:\MOX\OTHERS\COMBINIT.C,Tactical_Combat_,26,D:\MOX\OTHERS\COMBINIT.C,Plasma_Web_Damage_,4
26,D:\MOX\OTHERS\COMBINIT.C,Tactical_Combat_,28,D:\MOX\OTHERS\INITSHIP.C,Best_Bomb_Weapon_,2
26,D:\MOX\OTHERS\COMBINIT.C,Tactical_Combat_,28,D:\MOX\OTHERS\INITSHIP.C,Best_Point_Defense_Weapon_,2
26,D:\MOX\OTHERS\COMBINIT.C,Tactical_Combat_,29,D:\MOX\OTHERS\KEN.C,Ken_Get_Text_Message_,1
26,D:\MOX\OTHERS\COMBINIT.C,Tactical_Combat_,46,D:\MOX\OTHERS\GENDRAW.C,Message_Box_,1
26,D:\MOX\OTHERS\COMBINIT.C,Tactical_Combat_,48,D:\MOX\OTHERS\HAROLD.C,Player_Has_Artemis_Net_,1
26,D:\MOX\OTHERS\COMBINIT.C,Tactical_Combat_,52,D:\MOX\OTHERS\MAINSCR.C,Allocate_First_Screen_Seg_,1
26,D:\MOX\OTHERS\COMBINIT.C,Tactical_Combat_,52,D:\MOX\OTHERS\MAINSCR.C,Set_Reload_Fleet_Box_Palette_Flag_,1
26,D:\MOX\OTHERS\COMBINIT.C,Tactical_Combat_,52,D:\MOX\OTHERS\MAINSCR.C,Update_Ship_Icons_In_Between_Turns_,1
26,D:\MOX\OTHERS\COMBINIT.C,Tactical_Combat_,55,D:\MOX\OTHERS\MISC.C,Fade_Into_Screen_,1
26,D:\MOX\OTHERS\COMBINIT.C,Tactical_Combat_,65,D:\MOX\OTHERS\BEAMS.C,Load_Combat_Beam_Stuff_,1
26,D:\MOX\OTHERS\COMBINIT.C,Tactical_Combat_,79,D:\MOX\OTHERS\ERIC.C,Fast_Fade_Out_,2
26,D:\MOX\OTHERS\COMBINIT.C,Tactical_Combat_,79,D:\MOX\OTHERS\ERIC.C,Play_Dimensional_Portal_Flic_,1
26,D:\MOX\OTHERS\COMBINIT.C,Tactical_Combat_,79,D:\MOX\OTHERS\ERIC.C,Set_Fade_Percent_,1
26,D:\MOX\OTHERS\COMBINIT.C,Tactical_Combat_,106,D:\MOX\OTHERS\GEO.C,Point_Is_In_Some_Nebula_,1
26,D:\MOX\OTHERS\COMBINIT.C,Tactical_Combat_,112,D:\MOX\OTHERS\NETMOX.C,Mox_Send_Message_,1
26,D:\MOX\OTHERS\COMBINIT.C,Tactical_Combat_,112,D:\MOX\OTHERS\NETMOX.C,Russ_Event_Monster_Update_,2
26,D:\MOX\OTHERS\COMBINIT.C,Tactical_Combat_,117,D:\MOX\OTHERS\RUSS.C,Mox_Update_,50
26,D:\MOX\OTHERS\COMBINIT.C,Unload_Combat_Ship_,25,D:\MOX\OTHERS\COMBAT1.C,Calc_Current_Speed_,1
26,D:\MOX\OTHERS\COMBINIT.C,Unload_Combat_Ship_,28,D:\MOX\OTHERS\INITSHIP.C,Get_Ship_Armor_Hits_,1
27,D:\MOX\DIPLOMAC.C,Change_Relations_,27,D:\MOX\DIPLOMAC.C,Reward_Check_,1
27,D:\MOX\DIPLOMAC.C,Check_Treaty_Proposal_,27,D:\MOX\DIPLOMAC.C,Diplomacy_Test_,5
27,D:\MOX\DIPLOMAC.C,Check_Treaty_Proposal_,27,D:\MOX\DIPLOMAC.C,Fleet_Strength_Comparison_,1
27,D:\MOX\DIPLOMAC.C,Check_Treaty_Proposal_,27,D:\MOX\DIPLOMAC.C,Get_Demands_,3
27,D:\MOX\DIPLOMAC.C,Check_Treaty_Proposal_,27,D:\MOX\DIPLOMAC.C,Get_War_Count_,2
27,D:\MOX\DIPLOMAC.C,Check_Treaty_Proposal_,27,D:\MOX\DIPLOMAC.C,Set_Demands_,4
27,D:\MOX\DIPLOMAC.C,Check_Treaty_Proposal_,27,D:\MOX\DIPLOMAC.C,Total_War_Loss_Comparison_,1
27,D:\MOX\DIPLOMAC.C,Check_Treaty_Proposal_,95,D:\MOX\OTHERS\AIMOVE.C,Number_Of_Attacks_Underway_,2
27,D:\MOX\DIPLOMAC.C,Clear_Diplomacy_Messages_,27,D:\MOX\DIPLOMAC.C,Modifier_Diplomacy_Adjustments_,1
27,D:\MOX\DIPLOMAC.C,Declare_War_,27,D:\MOX\DIPLOMAC.C,Break_Research_,1
27,D:\MOX\DIPLOMAC.C,Declare_War_,27,D:\MOX\DIPLOMAC.C,Break_Trade_,1
27,D:\MOX\DIPLOMAC.C,Declare_War_,27,D:\MOX\DIPLOMAC.C,Break_Treaties_,1
27,D:\MOX\DIPLOMAC.C,Declare_War_,27,D:\MOX\DIPLOMAC.C,Break_Tribute_,1
27,D:\MOX\DIPLOMAC.C,Determine_Bad_Message_,27,D:\MOX\DIPLOMAC.C,Break_Research_,1
27,D:\MOX\DIPLOMAC.C,Determine_Bad_Message_,27,D:\MOX\DIPLOMAC.C,Break_Trade_,1
27,D:\MOX\DIPLOMAC.C,Determine_Bad_Message_,27,D:\MOX\DIPLOMAC.C,Break_Treaties_,1
27,D:\MOX\DIPLOMAC.C,Determine_Bad_Message_,27,D:\MOX\DIPLOMAC.C,Declare_War_,1
27,D:\MOX\DIPLOMAC.C,Determine_Bad_Message_,27,D:\MOX\DIPLOMAC.C,Get_Demands_,1
27,D:\MOX\DIPLOMAC.C,Determine_Bad_Message_,27,D:\MOX\DIPLOMAC.C,Get_Player_Diplomacy_Personality_,1
27,D:\MOX\DIPLOMAC.C,Determine_Bad_Message_,27,D:\MOX\DIPLOMAC.C,Peace_Proposal_,1
27,D:\MOX\DIPLOMAC.C,Determine_Bad_Message_,27,D:\MOX\DIPLOMAC.C,Set_Demands_,1
27,D:\MOX\DIPLOMAC.C,Determine_Bad_Message_,27,D:\MOX\DIPLOMAC.C,Sneak_Attack_Or_Declare_War_,1
27,D:\MOX\DIPLOMAC.C,Determine_Diplomacy_Messages_,17,D:\MOX\NPCDIPLO.C,NPC_Required_Alliances_,1
27,D:\MOX\DIPLOMAC.C,Determine_Diplomacy_Messages_,27,D:\MOX\DIPLOMAC.C,Declare_War_,1
27,D:\MOX\DIPLOMAC.C,Determine_Diplomacy_Messages_,27,D:\MOX\DIPLOMAC.C,Determine_Bad_Message_,1
27,D:\MOX\DIPLOMAC.C,Determine_Diplomacy_Messages_,27,D:\MOX\DIPLOMAC.C,Determine_Good_Message_,1
27,D:\MOX\DIPLOMAC.C,Determine_Diplomacy_Messages_,27,D:\MOX\DIPLOMAC.C,Limit_Treaty_Modifiers_,1
27,D:\MOX\DIPLOMAC.C,Determine_Diplomacy_Messages_,27,D:\MOX\DIPLOMAC.C,Peace_Proposal_,1
27,D:\MOX\DIPLOMAC.C,Determine_Diplomacy_Messages_,27,D:\MOX\DIPLOMAC.C,Required_Alliances_,1
27,D:\MOX\DIPLOMAC.C,Determine_Diplomacy_Messages_,27,D:\MOX\DIPLOMAC.C,Unprovoked_Good_Messages_,1
27,D:\MOX\DIPLOMAC.C,Determine_First_Contacts_,27,D:\MOX\DIPLOMAC.C,Change_Relations_,1
27,D:\MOX\DIPLOMAC.C,Determine_Good_Message_,27,D:\MOX\DIPLOMAC.C,Get_Demands_,2
27,D:\MOX\DIPLOMAC.C,Determine_Good_Message_,27,D:\MOX\DIPLOMAC.C,Set_Demands_,1
27,D:\MOX\DIPLOMAC.C,Diplomacy_Growth_,27,D:\MOX\DIPLOMAC.C,Change_Relations_,8
27,D:\MOX\DIPLOMAC.C,Diplomacy_Growth_,95,D:\MOX\OTHERS\AIMOVE.C,Player_Threatens_Player_,1
27,D:\MOX\DIPLOMAC.C,Diplomacy_Test_,27,D:\MOX\DIPLOMAC.C,Adjust_Diplomat_Modifiers_,1
27,D:\MOX\DIPLOMAC.C,Diplomacy_Test_,102,D:\MOX\OTHERS\COLCALC.C,Best_Leader_Diplomat_Bonus_,1
27,D:\MOX\DIPLOMAC.C,End_Of_Turn_Diplomacy_Adjustments_,14,D:\MOX\DIP-SCRN.C,Add_Diplomacy_Turn_Summary_Messages_,1
27,D:\MOX\DIPLOMAC.C,End_Of_Turn_Diplomacy_Adjustments_,17,D:\MOX\NPCDIPLO.C,NPC_Treaty_Hatred_,1
27,D:\MOX\DIPLOMAC.C,End_Of_Turn_Diplomacy_Adjustments_,27,D:\MOX\DIPLOMAC.C,Diplomacy_Broken_Contacts_,1
27,D:\MOX\DIPLOMAC.C,End_Of_Turn_Diplomacy_Adjustments_,110,D:\MOX\OTHERS\MSG.C,Add_Peace_Ended_Msg_,1
27,D:\MOX\DIPLOMAC.C,Get_Break_Research_Message_,27,D:\MOX\DIPLOMAC.C,Break_Treaties_,1
27,D:\MOX\DIPLOMAC.C,Get_Break_Research_Message_,27,D:\MOX\DIPLOMAC.C,Fleet_Comparison_,1
27,D:\MOX\DIPLOMAC.C,Get_Break_Research_Message_,27,D:\MOX\DIPLOMAC.C,Get_War_Count_,1
27,D:\MOX\DIPLOMAC.C,Get_Break_Trade_Message_,27,D:\MOX\DIPLOMAC.C,Break_Treaties_,1
27,D:\MOX\DIPLOMAC.C,Get_Break_Trade_Message_,27,D:\MOX\DIPLOMAC.C,Fleet_Comparison_,1
27,D:\MOX\DIPLOMAC.C,Get_Break_Trade_Message_,27,D:\MOX\DIPLOMAC.C,Get_War_Count_,1
27,D:\MOX\DIPLOMAC.C,Get_Break_Treaty_Message_,27,D:\MOX\DIPLOMAC.C,Declare_War_,1
27,D:\MOX\DIPLOMAC.C,Get_Break_Treaty_Message_,27,D:\MOX\DIPLOMAC.C,Fleet_Comparison_,1
27,D:\MOX\DIPLOMAC.C,Get_Break_Treaty_Message_,27,D:\MOX\DIPLOMAC.C,Get_War_Count_,1
27,D:\MOX\DIPLOMAC.C,Get_Break_Tribute_Treaty_Message_,27,D:\MOX\DIPLOMAC.C,Declare_War_,1
27,D:\MOX\DIPLOMAC.C,Get_Break_Tribute_Treaty_Message_,27,D:\MOX\DIPLOMAC.C,Fleet_Comparison_,1
27,D:\MOX\DIPLOMAC.C,Get_Break_Tribute_Treaty_Message_,27,D:\MOX\DIPLOMAC.C,Get_War_Count_,1
27,D:\MOX\DIPLOMAC.C,Get_Demand_Response_,27,D:\MOX\DIPLOMAC.C,Adjust_Diplomat_Modifiers_,5
27,D:\MOX\DIPLOMAC.C,Get_Demand_Response_,27,D:\MOX\DIPLOMAC.C,Break_Research_,1
27,D:\MOX\DIPLOMAC.C,Get_Demand_Response_,27,D:\MOX\DIPLOMAC.C,Break_Trade_,1
27,D:\MOX\DIPLOMAC.C,Get_Demand_Response_,27,D:\MOX\DIPLOMAC.C,Break_Treaties_,1
27,D:\MOX\DIPLOMAC.C,Get_Demand_Response_,27,D:\MOX\DIPLOMAC.C,Declare_War_,1
27,D:\MOX\DIPLOMAC.C,Get_Demand_Response_,27,D:\MOX\DIPLOMAC.C,Find_Worst_Modifier_,1
27,D:\MOX\DIPLOMAC.C,Get_Demand_Response_,27,D:\MOX\DIPLOMAC.C,Fleet_Comparison_,2
27,D:\MOX\DIPLOMAC.C,Get_Demand_Response_,27,D:\MOX\DIPLOMAC.C,Get_Player_Diplomacy_Personality_,2
27,D:\MOX\DIPLOMAC.C,Get_Demand_Response_,27,D:\MOX\DIPLOMAC.C,Population_Comparison_,1
27,D:\MOX\DIPLOMAC.C,Get_Demand_Response_,27,D:\MOX\DIPLOMAC.C,Tech_Comparison_,1
27,D:\MOX\DIPLOMAC.C,Get_Demand_Response_,97,D:\MOX\OTHERS\AITECH.C,Get_Max_Technology_Value_,1
27,D:\MOX\DIPLOMAC.C,Get_Demand_Response_,102,D:\MOX\OTHERS\COLCALC.C,Get_System_Population_,1
27,D:\MOX\DIPLOMAC.C,Get_Demand_Response_,115,D:\MOX\OTHERS\NEWTECH.C,Calc_Tech_Value_,1
27,D:\MOX\DIPLOMAC.C,Get_Demands_,17,D:\MOX\NPCDIPLO.C,Get_Differential_Tech_List_,1
27,D:\MOX\DIPLOMAC.C,Get_Demands_,102,D:\MOX\OTHERS\COLCALC.C,Get_Surrender_System_,1
27,D:\MOX\DIPLOMAC.C,Get_Demands_,102,D:\MOX\OTHERS\COLCALC.C,May_Surrender_Star_,1
27,D:\MOX\DIPLOMAC.C,Get_Gift_Response_,102,D:\MOX\OTHERS\COLCALC.C,Get_System_Population_,1
27,D:\MOX\DIPLOMAC.C,Init_Diplomatic_Relations_,17,D:\MOX\NPCDIPLO.C,Clear_Last_Proposal_Turn_,1
27,D:\MOX\DIPLOMAC.C,NPC_Sneak_Attacks_,27,D:\MOX\DIPLOMAC.C,Declare_Peace_,2
27,D:\MOX\DIPLOMAC.C,NPC_Sneak_Attacks_,27,D:\MOX\DIPLOMAC.C,Get_Player_Diplomacy_Personality_,2
27,D:\MOX\DIPLOMAC.C,NPC_Sneak_Attacks_,27,D:\MOX\DIPLOMAC.C,Set_Demands_,1
27,D:\MOX\DIPLOMAC.C,NPC_Sneak_Attacks_,27,D:\MOX\DIPLOMAC.C,Sneak_Attack_Evaluations_,1
27,D:\MOX\DIPLOMAC.C,Peace_Proposal_,27,D:\MOX\DIPLOMAC.C,Fleet_Strength_Comparison_,1
27,D:\MOX\DIPLOMAC.C,Peace_Proposal_,27,D:\MOX\DIPLOMAC.C,Get_Demands_,2
27,D:\MOX\DIPLOMAC.C,Peace_Proposal_,27,D:\MOX\DIPLOMAC.C,Get_Player_Diplomacy_Personality_,1
27,D:\MOX\DIPLOMAC.C,Peace_Proposal_,27,D:\MOX\DIPLOMAC.C,Get_War_Count_,2
27,D:\MOX\DIPLOMAC.C,Peace_Proposal_,27,D:\MOX\DIPLOMAC.C,Set_Demands_,2
27,D:\MOX\DIPLOMAC.C,Peace_Proposal_,27,D:\MOX\DIPLOMAC.C,Total_War_Loss_Comparison_,1
27,D:\MOX\DIPLOMAC.C,Peace_Proposal_,95,D:\MOX\OTHERS\AIMOVE.C,Number_Of_Attacks_Underway_,3
27,D:\MOX\DIPLOMAC.C,Reward_Check_,27,D:\MOX\DIPLOMAC.C,Change_Relations_,1
27,D:\MOX\DIPLOMAC.C,Sneak_Attack_Evaluations_,27,D:\MOX\DIPLOMAC.C,Fleet_Strength_Comparison_,4
27,D:\MOX\DIPLOMAC.C,Sneak_Attack_Evaluations_,27,D:\MOX\DIPLOMAC.C,Get_Demands_,1
27,D:\MOX\DIPLOMAC.C,Sneak_Attack_Evaluations_,27,D:\MOX\DIPLOMAC.C,Get_Player_Diplomacy_Personality_,2
27,D:\MOX\DIPLOMAC.C,Sneak_Attack_Evaluations_,97,D:\MOX\OTHERS\AITECH.C,System_Proximity_Count_,1
27,D:\MOX\DIPLOMAC.C,Sneak_Attack_Evaluations_,102,D:\MOX\OTHERS\COLCALC.C,Best_Leader_Diplomat_Bonus_,1
27,D:\MOX\DIPLOMAC.C,Sneak_Attack_Evaluations_,102,D:\MOX\OTHERS\COLCALC.C,Get_Player_Max_Population_,1
27,D:\MOX\DIPLOMAC.C,Sneak_Attack_Or_Declare_War_,27,D:\MOX\DIPLOMAC.C,Declare_War_,1
27,D:\MOX\DIPLOMAC.C,Sneak_Attack_Or_Declare_War_,27,D:\MOX\DIPLOMAC.C,Get_Player_Diplomacy_Personality_,1
27,D:\MOX\DIPLOMAC.C,Sneak_Attack_War_Check_,27,D:\MOX\DIPLOMAC.C,Declare_War_,1
27,D:\MOX\DIPLOMAC.C,Sneak_Attack_War_Check_,27,D:\MOX\DIPLOMAC.C,Get_War_Count_,1
27,D:\MOX\DIPLOMAC.C,Start_Research_Treaty_,121,D:\MOX\OTHERS\TRADE.C,Start_Research_Agreement_,1
27,D:\MOX\DIPLOMAC.C,Start_Trade_Treaty_,121,D:\MOX\OTHERS\TRADE.C,Start_Trade_Agreement_,1
27,D:\MOX\DIPLOMAC.C,Tech_Comparison_,97,D:\MOX\OTHERS\AITECH.C,Get_Max_Technology_Value_,4
27,D:\MOX\DIPLOMAC.C,Unprovoked_Good_Messages_,17,D:\MOX\NPCDIPLO.C,Clear_Last_Proposal_Turn_,2
27,D:\MOX\DIPLOMAC.C,Unprovoked_Good_Messages_,17,D:\MOX\NPCDIPLO.C,NPC_Good_Proposal_Check_,1
27,D:\MOX\DIPLOMAC.C,Unprovoked_Good_Messages_,17,D:\MOX\NPCDIPLO.C,NPC_Tech_Exchange_Check_,1
27,D:\MOX\DIPLOMAC.C,Unprovoked_Good_Messages_,27,D:\MOX\DIPLOMAC.C,Fleet_Strength_Comparison_,2
27,D:\MOX\DIPLOMAC.C,Unprovoked_Good_Messages_,27,D:\MOX\DIPLOMAC.C,Get_Demands_,1
27,D:\MOX\DIPLOMAC.C,Unprovoked_Good_Messages_,27,D:\MOX\DIPLOMAC.C,Set_Demands_,1
28,D:\MOX\OTHERS\INITSHIP.C,Auto_Strategic_Design_Ship_,28,D:\MOX\OTHERS\INITSHIP.C,Best_Armor_,1
28,D:\MOX\OTHERS\INITSHIP.C,Auto_Strategic_Design_Ship_,28,D:\MOX\OTHERS\INITSHIP.C,Best_Computer_,1
28,D:\MOX\OTHERS\INITSHIP.C,Auto_Strategic_Design_Ship_,28,D:\MOX\OTHERS\INITSHIP.C,Best_Ship_Shield_,1
28,D:\MOX\OTHERS\INITSHIP.C,Auto_Strategic_Design_Ship_,28,D:\MOX\OTHERS\INITSHIP.C,Best_Warp_Drive_,1
28,D:\MOX\OTHERS\INITSHIP.C,Auto_Strategic_Design_Ship_,28,D:\MOX\OTHERS\INITSHIP.C,Get_FTL_Speed_,1
28,D:\MOX\OTHERS\INITSHIP.C,Auto_Strategic_Design_Ship_,28,D:\MOX\OTHERS\INITSHIP.C,Update_Strategic_Design_Weapons_Specials_,1
28,D:\MOX\OTHERS\INITSHIP.C,Auto_Strategic_Design_Ship_,41,D:\MOX\OTHERS\DESIGN.C,Cost_Reduction_For_Govt_Type_,1
28,D:\MOX\OTHERS\INITSHIP.C,Best_Point_Defense_Weapon_,41,D:\MOX\OTHERS\DESIGN.C,Miniaturization_Level_,1
28,D:\MOX\OTHERS\INITSHIP.C,Best_Point_Defense_Weapon_By_Size_,28,D:\MOX\OTHERS\INITSHIP.C,Point_Defense_Damage_Per_Space_,1
28,D:\MOX\OTHERS\INITSHIP.C,Best_Point_Defense_Weapon_By_Size_,41,D:\MOX\OTHERS\DESIGN.C,Miniaturization_Level_,1
28,D:\MOX\OTHERS\INITSHIP.C,Calc_Player_FTL_Speed_,28,D:\MOX\OTHERS\INITSHIP.C,Best_Warp_Drive_,1
28,D:\MOX\OTHERS\INITSHIP.C,Check_For_Auto_Refit_,28,D:\MOX\OTHERS\INITSHIP.C,Best_Armor_,1
28,D:\MOX\OTHERS\INITSHIP.C,Check_For_Auto_Refit_,28,D:\MOX\OTHERS\INITSHIP.C,Best_Computer_,1
28,D:\MOX\OTHERS\INITSHIP.C,Check_For_Auto_Refit_,28,D:\MOX\OTHERS\INITSHIP.C,Best_Ship_Shield_,1
28,D:\MOX\OTHERS\INITSHIP.C,Cost_Of_Strategic_Design_,41,D:\MOX\OTHERS\DESIGN.C,Cost_Reduction_For_Govt_Type_,1
28,D:\MOX\OTHERS\INITSHIP.C,Get_Ship_Combat_Bonuses_,20,D:\MOX\OTHERS\CMBTFIR2.C,Helmsman_Bonus_,1
28,D:\MOX\OTHERS\INITSHIP.C,Get_Ship_Combat_Bonuses_,20,D:\MOX\OTHERS\CMBTFIR2.C,Weaponry_Bonus_,1
28,D:\MOX\OTHERS\INITSHIP.C,Get_Ship_Combat_Bonuses_,28,D:\MOX\OTHERS\INITSHIP.C,Get_Design_Combat_Bonuses_,1
28,D:\MOX\OTHERS\INITSHIP.C,Get_Ship_Structure_,28,D:\MOX\OTHERS\INITSHIP.C,Get_Design_Structure_,1
28,D:\MOX\OTHERS\INITSHIP.C,Get_Structure_,28,D:\MOX\OTHERS\INITSHIP.C,Best_Armor_,1
28,D:\MOX\OTHERS\INITSHIP.C,Init_Ship_Designs_,28,D:\MOX\OTHERS\INITSHIP.C,Auto_Strategic_Design_Ship_,1
28,D:\MOX\OTHERS\INITSHIP.C,Init_Ship_Designs_,35,D:\MOX\OTHERS\AIDESIGN.C,Auto_Design_Ship_,3
28,D:\MOX\OTHERS\INITSHIP.C,Init_Ship_Designs_,41,D:\MOX\OTHERS\DESIGN.C,Get_Ship_Design_Name_,1
28,D:\MOX\OTHERS\INITSHIP.C,Load_Amoeba_Ship_Design_,28,D:\MOX\OTHERS\INITSHIP.C,Best_Warp_Drive_,2
28,D:\MOX\OTHERS\INITSHIP.C,Load_Colony_Ship_Design_,28,D:\MOX\OTHERS\INITSHIP.C,Best_Armor_,1
28,D:\MOX\OTHERS\INITSHIP.C,Load_Colony_Ship_Design_,28,D:\MOX\OTHERS\INITSHIP.C,Best_Warp_Drive_,1
28,D:\MOX\OTHERS\INITSHIP.C,Load_Colony_Ship_Design_,102,D:\MOX\OTHERS\COLCALC.C,Ship_Type_Cost_For_Player_,1
28,D:\MOX\OTHERS\INITSHIP.C,Load_Crystal_Ship_Design_,28,D:\MOX\OTHERS\INITSHIP.C,Best_Warp_Drive_,2
28,D:\MOX\OTHERS\INITSHIP.C,Load_Doom_Star_Ship_Design_,35,D:\MOX\OTHERS\AIDESIGN.C,Auto_Design_Ship_,1
28,D:\MOX\OTHERS\INITSHIP.C,Load_Dragon_Ship_Design_,28,D:\MOX\OTHERS\INITSHIP.C,Best_Warp_Drive_,2
28,D:\MOX\OTHERS\INITSHIP.C,Load_Eel_Ship_Design_,28,D:\MOX\OTHERS\INITSHIP.C,Best_Warp_Drive_,2
28,D:\MOX\OTHERS\INITSHIP.C,Load_Guardian_Ship_Design_,28,D:\MOX\OTHERS\INITSHIP.C,Best_Warp_Drive_,1
28,D:\MOX\OTHERS\INITSHIP.C,Load_Hydra_Ship_Design_,28,D:\MOX\OTHERS\INITSHIP.C,Best_Armor_,1
28,D:\MOX\OTHERS\INITSHIP.C,Load_Hydra_Ship_Design_,28,D:\MOX\OTHERS\INITSHIP.C,Best_Warp_Drive_,2
28,D:\MOX\OTHERS\INITSHIP.C,Load_Outpost_Ship_Design_,28,D:\MOX\OTHERS\INITSHIP.C,Best_Armor_,1
28,D:\MOX\OTHERS\INITSHIP.C,Load_Outpost_Ship_Design_,28,D:\MOX\OTHERS\INITSHIP.C,Best_Warp_Drive_,1
28,D:\MOX\OTHERS\INITSHIP.C,Load_Outpost_Ship_Design_,102,D:\MOX\OTHERS\COLCALC.C,Ship_Type_Cost_For_Player_,1
28,D:\MOX\OTHERS\INITSHIP.C,Load_Small_Antaran_Combat_Ship_,20,D:\MOX\OTHERS\CMBTFIR2.C,Init_Internal_Space_,1
28,D:\MOX\OTHERS\INITSHIP.C,Load_Titan_Antaran_Combat_Ship_,20,D:\MOX\OTHERS\CMBTFIR2.C,Init_Internal_Space_,1
28,D:\MOX\OTHERS\INITSHIP.C,Load_Transport_Ship_Design_,28,D:\MOX\OTHERS\INITSHIP.C,Best_Armor_,1
28,D:\MOX\OTHERS\INITSHIP.C,Load_Transport_Ship_Design_,28,D:\MOX\OTHERS\INITSHIP.C,Best_Warp_Drive_,1
28,D:\MOX\OTHERS\INITSHIP.C,Load_Transport_Ship_Design_,102,D:\MOX\OTHERS\COLCALC.C,Ship_Type_Cost_For_Player_,1
28,D:\MOX\OTHERS\INITSHIP.C,Point_Defense_Damage_Per_Space_,41,D:\MOX\OTHERS\DESIGN.C,Weapon_Space_,1
28,D:\MOX\OTHERS\INITSHIP.C,Repair_Ships_At_Colonies_,28,D:\MOX\OTHERS\INITSHIP.C,Best_Warp_Drive_,1
28,D:\MOX\OTHERS\INITSHIP.C,Repair_Ships_At_Colonies_,28,D:\MOX\OTHERS\INITSHIP.C,Repair_Ship_Full_,1
28,D:\MOX\OTHERS\INITSHIP.C,Update_Automatic_Design_Equipment_,28,D:\MOX\OTHERS\INITSHIP.C,Best_Armor_,1
28,D:\MOX\OTHERS\INITSHIP.C,Update_Automatic_Design_Equipment_,28,D:\MOX\OTHERS\INITSHIP.C,Best_Warp_Drive_,1
28,D:\MOX\OTHERS\INITSHIP.C,Update_Automatic_Design_Equipment_,28,D:\MOX\OTHERS\INITSHIP.C,Get_FTL_Speed_,1
28,D:\MOX\OTHERS\INITSHIP.C,Update_Automatic_Design_Equipment_,41,D:\MOX\OTHERS\DESIGN.C,Cost_Of_Design_,1
28,D:\MOX\OTHERS\INITSHIP.C,Update_Equipment_On_Ships_Being_Built_,28,D:\MOX\OTHERS\INITSHIP.C,Best_Armor_,1
28,D:\MOX\OTHERS\INITSHIP.C,Update_Equipment_On_Ships_Being_Built_,28,D:\MOX\OTHERS\INITSHIP.C,Best_Warp_Drive_,1
28,D:\MOX\OTHERS\INITSHIP.C,Update_Equipment_On_Ships_Being_Built_,28,D:\MOX\OTHERS\INITSHIP.C,Get_FTL_Speed_,1
28,D:\MOX\OTHERS\INITSHIP.C,Update_Player_Ship_Designs_,28,D:\MOX\OTHERS\INITSHIP.C,Update_Automatic_Design_Equipment_,1
28,D:\MOX\OTHERS\INITSHIP.C,Update_Player_Ship_Designs_,28,D:\MOX\OTHERS\INITSHIP.C,Update_Equipment_On_Ships_Being_Built_,2
28,D:\MOX\OTHERS\INITSHIP.C,Update_Player_Ship_Designs_,28,D:\MOX\OTHERS\INITSHIP.C,Update_Player_Strategic_Ship_Designs_,1
28,D:\MOX\OTHERS\INITSHIP.C,Update_Player_Ship_Designs_,35,D:\MOX\OTHERS\AIDESIGN.C,Auto_Design_Ship_,1
28,D:\MOX\OTHERS\INITSHIP.C,Update_Player_Strategic_Ship_Designs_,28,D:\MOX\OTHERS\INITSHIP.C,Auto_Strategic_Design_Ship_,1
28,D:\MOX\OTHERS\INITSHIP.C,Update_Strategic_Design_Weapons_Specials_,28,D:\MOX\OTHERS\INITSHIP.C,Best_Beam_Damage_Special_,1
28,D:\MOX\OTHERS\INITSHIP.C,Update_Strategic_Design_Weapons_Specials_,28,D:\MOX\OTHERS\INITSHIP.C,Best_Beam_Defense_Special_,1
28,D:\MOX\OTHERS\INITSHIP.C,Update_Strategic_Design_Weapons_Specials_,28,D:\MOX\OTHERS\INITSHIP.C,Best_Beam_To_Hit_Special_,1
28,D:\MOX\OTHERS\INITSHIP.C,Update_Strategic_Design_Weapons_Specials_,28,D:\MOX\OTHERS\INITSHIP.C,Best_Beam_Weapon_,1
28,D:\MOX\OTHERS\INITSHIP.C,Update_Strategic_Design_Weapons_Specials_,28,D:\MOX\OTHERS\INITSHIP.C,Best_Bomb_Weapon_,1
28,D:\MOX\OTHERS\INITSHIP.C,Update_Strategic_Design_Weapons_Specials_,28,D:\MOX\OTHERS\INITSHIP.C,Best_Missile_Damage_Special_,1
28,D:\MOX\OTHERS\INITSHIP.C,Update_Strategic_Design_Weapons_Specials_,28,D:\MOX\OTHERS\INITSHIP.C,Best_Missile_Defense_Special_,1
28,D:\MOX\OTHERS\INITSHIP.C,Update_Strategic_Design_Weapons_Specials_,28,D:\MOX\OTHERS\INITSHIP.C,Best_Missile_Weapon_,1
28,D:\MOX\OTHERS\INITSHIP.C,Update_Strategic_Design_Weapons_Specials_,28,D:\MOX\OTHERS\INITSHIP.C,Best_Strat_Special_Weapon_,1
28,D:\MOX\OTHERS\INITSHIP.C,Update_Strategic_Design_Weapons_Specials_,28,D:\MOX\OTHERS\INITSHIP.C,Strat_Beam_Weapon_Count_,1
28,D:\MOX\OTHERS\INITSHIP.C,Update_Strategic_Ship_,28,D:\MOX\OTHERS\INITSHIP.C,Best_Armor_,1
28,D:\MOX\OTHERS\INITSHIP.C,Update_Strategic_Ship_,28,D:\MOX\OTHERS\INITSHIP.C,Best_Computer_,1
28,D:\MOX\OTHERS\INITSHIP.C,Update_Strategic_Ship_,28,D:\MOX\OTHERS\INITSHIP.C,Best_Ship_Shield_,1
28,D:\MOX\OTHERS\INITSHIP.C,Update_Strategic_Ship_,28,D:\MOX\OTHERS\INITSHIP.C,Best_Warp_Drive_,1
28,D:\MOX\OTHERS\INITSHIP.C,Update_Strategic_Ship_,28,D:\MOX\OTHERS\INITSHIP.C,Get_FTL_Speed_,1
28,D:\MOX\OTHERS\INITSHIP.C,Update_Strategic_Ship_,28,D:\MOX\OTHERS\INITSHIP.C,Update_Strategic_Design_Weapons_Specials_,1
28,D:\MOX\OTHERS\INITSHIP.C,Update_Strategic_Ship_Designs_,28,D:\MOX\OTHERS\INITSHIP.C,Auto_Strategic_Design_Ship_,1
29,D:\MOX\OTHERS\KEN.C,Get_Derelict_Applications_,28,D:\MOX\OTHERS\INITSHIP.C,Best_Beam_Weapon_,1
29,D:\MOX\OTHERS\KEN.C,Get_Derelict_Applications_,28,D:\MOX\OTHERS\INITSHIP.C,Best_Ship_Shield_,1
29,D:\MOX\OTHERS\KEN.C,Get_Ship_Id_Picture_Seg_,29,D:\MOX\OTHERS\KEN.C,Get_Ship_Picture_Segk_,1
29,D:\MOX\OTHERS\KEN.C,Ken_Get_Text_Message_,16,D:\MOX\JIM.C,Get_Text_Message_,1
30,D:\MOX\OTHERS\RACEOPT.C,Calculate_EM_Picks_,30,D:\MOX\OTHERS\RACEOPT.C,Calculate_Picks_,1
30,D:\MOX\OTHERS\RACEOPT.C,Draw_Racial_Option_Screen_,30,D:\MOX\OTHERS\RACEOPT.C,Real_Ability_Cost_,1
30,D:\MOX\OTHERS\RACEOPT.C,Evolutionary_Mutation_Screen_,1,L:\MOX\MOX2.C,Get_Auto_Function_,1
30,D:\MOX\OTHERS\RACEOPT.C,Evolutionary_Mutation_Screen_,1,L:\MOX\MOX2.C,Put_Auto_Function_,1
30,D:\MOX\OTHERS\RACEOPT.C,Evolutionary_Mutation_Screen_,1,L:\MOX\MOX2.C,_TOGGLE_PAGES_,7
30,D:\MOX\OTHERS\RACEOPT.C,Evolutionary_Mutation_Screen_,29,D:\MOX\OTHERS\KEN.C,Ken_Get_Text_Message_,6
30,D:\MOX\OTHERS\RACEOPT.C,Evolutionary_Mutation_Screen_,30,D:\MOX\OTHERS\RACEOPT.C,Add_Race_Options_Fields_EM_,2
30,D:\MOX\OTHERS\RACEOPT.C,Evolutionary_Mutation_Screen_,30,D:\MOX\OTHERS\RACEOPT.C,Calculate_Picks_,5
30,D:\MOX\OTHERS\RACEOPT.C,Evolutionary_Mutation_Screen_,30,D:\MOX\OTHERS\RACEOPT.C,Convert_Flags_To_Player_EM_,1
30,D:\MOX\OTHERS\RACEOPT.C,Evolutionary_Mutation_Screen_,30,D:\MOX\OTHERS\RACEOPT.C,Convert_Player_To_Flags_EM_,1
30,D:\MOX\OTHERS\RACEOPT.C,Evolutionary_Mutation_Screen_,30,D:\MOX\OTHERS\RACEOPT.C,Draw_Race_Option_Background_,7
30,D:\MOX\OTHERS\RACEOPT.C,Evolutionary_Mutation_Screen_,30,D:\MOX\OTHERS\RACEOPT.C,Draw_Racial_Option_Screen_,7
30,D:\MOX\OTHERS\RACEOPT.C,Evolutionary_Mutation_Screen_,30,D:\MOX\OTHERS\RACEOPT.C,Reload_Option_Strings_,1
30,D:\MOX\OTHERS\RACEOPT.C,Evolutionary_Mutation_Screen_,30,D:\MOX\OTHERS\RACEOPT.C,Reload_Racial_Option_Screen_,1
30,D:\MOX\OTHERS\RACEOPT.C,Evolutionary_Mutation_Screen_,30,D:\MOX\OTHERS\RACEOPT.C,Set_Race_Option_Help_List_,1
30,D:\MOX\OTHERS\RACEOPT.C,Evolutionary_Mutation_Screen_,46,D:\MOX\OTHERS\GENDRAW.C,Message_Box_,1
30,D:\MOX\OTHERS\RACEOPT.C,Evolutionary_Mutation_Screen_,46,D:\MOX\OTHERS\GENDRAW.C,Warning_Box_,4
30,D:\MOX\OTHERS\RACEOPT.C,Evolutionary_Mutation_Screen_,55,D:\MOX\OTHERS\MISC.C,Fade_Into_Screen_,1
30,D:\MOX\OTHERS\RACEOPT.C,Evolutionary_Mutation_Screen_,79,D:\MOX\OTHERS\ERIC.C,Fast_Fade_In_,1
30,D:\MOX\OTHERS\RACEOPT.C,Evolutionary_Mutation_Screen_,79,D:\MOX\OTHERS\ERIC.C,Fast_Fade_Out_,1
30,D:\MOX\OTHERS\RACEOPT.C,Player_Score_Modifier_,30,D:\MOX\OTHERS\RACEOPT.C,Calculate_Picks_,1
30,D:\MOX\OTHERS\RACEOPT.C,Player_Score_Modifier_,30,D:\MOX\OTHERS\RACEOPT.C,Convert_Player_To_Flags_EM_,1
30,D:\MOX\OTHERS\RACEOPT.C,Racial_Option_Screen_,1,L:\MOX\MOX2.C,_TOGGLE_PAGES_,8
30,D:\MOX\OTHERS\RACEOPT.C,Racial_Option_Screen_,29,D:\MOX\OTHERS\KEN.C,Ken_Get_Text_Message_,5
30,D:\MOX\OTHERS\RACEOPT.C,Racial_Option_Screen_,30,D:\MOX\OTHERS\RACEOPT.C,Add_Race_Options_Fields_,3
30,D:\MOX\OTHERS\RACEOPT.C,Racial_Option_Screen_,30,D:\MOX\OTHERS\RACEOPT.C,Calculate_Picks_,7
30,D:\MOX\OTHERS\RACEOPT.C,Racial_Option_Screen_,30,D:\MOX\OTHERS\RACEOPT.C,Convert_Flags_To_Player_,1
30,D:\MOX\OTHERS\RACEOPT.C,Racial_Option_Screen_,30,D:\MOX\OTHERS\RACEOPT.C,Convert_Player_To_Flags_,1
30,D:\MOX\OTHERS\RACEOPT.C,Racial_Option_Screen_,30,D:\MOX\OTHERS\RACEOPT.C,Draw_Race_Option_Background_,7
30,D:\MOX\OTHERS\RACEOPT.C,Racial_Option_Screen_,30,D:\MOX\OTHERS\RACEOPT.C,Draw_Racial_Option_Screen_,7
30,D:\MOX\OTHERS\RACEOPT.C,Racial_Option_Screen_,30,D:\MOX\OTHERS\RACEOPT.C,Reload_Racial_Option_Screen_,1
30,D:\MOX\OTHERS\RACEOPT.C,Racial_Option_Screen_,30,D:\MOX\OTHERS\RACEOPT.C,Set_Race_Option_Help_List_,2
30,D:\MOX\OTHERS\RACEOPT.C,Racial_Option_Screen_,31,D:\MOX\OTHERS\RACESEL.C,Flag_Screen_,1
30,D:\MOX\OTHERS\RACEOPT.C,Racial_Option_Screen_,31,D:\MOX\OTHERS\RACESEL.C,Naming_Popup_,1
30,D:\MOX\OTHERS\RACEOPT.C,Racial_Option_Screen_,46,D:\MOX\OTHERS\GENDRAW.C,Warning_Box_,5
30,D:\MOX\OTHERS\RACEOPT.C,Racial_Option_Screen_,79,D:\MOX\OTHERS\ERIC.C,Fast_Fade_Out_,1
30,D:\MOX\OTHERS\RACEOPT.C,Racial_Option_Screen_,117,D:\MOX\OTHERS\RUSS.C,Mox_Update_,3
30,D:\MOX\OTHERS\RACEOPT.C,Reload_Racial_Option_Screen_,30,D:\MOX\OTHERS\RACEOPT.C,Reload_Option_Strings_,1
30,D:\MOX\OTHERS\RACEOPT.C,Reload_Racial_Option_Screen_,117,D:\MOX\OTHERS\RUSS.C,Mox_Update_,4
30,D:\MOX\OTHERS\RACEOPT.C,Setup_Evolutionary_Upgrade_,30,D:\MOX\OTHERS\RACEOPT.C,Evolutionary_Mutation_Screen_,1
31,D:\MOX\OTHERS\RACESEL.C,Draw_Race_Selection_Screen_,29,D:\MOX\OTHERS\KEN.C,Ken_Get_Text_Message_,1
31,D:\MOX\OTHERS\RACESEL.C,Draw_Race_Selection_Screen_,31,D:\MOX\OTHERS\RACESEL.C,Message_Build_,3
31,D:\MOX\OTHERS\RACESEL.C,Draw_Race_Selection_Screen_,122,D:\MOX\BILL.C,_Print_Paragraph_,2
31,D:\MOX\OTHERS\RACESEL.C,Flag_Screen_,1,L:\MOX\MOX2.C,_TOGGLE_PAGES_,4
31,D:\MOX\OTHERS\RACESEL.C,Flag_Screen_,29,D:\MOX\OTHERS\KEN.C,Ken_Get_Text_Message_,1
31,D:\MOX\OTHERS\RACESEL.C,Flag_Screen_,31,D:\MOX\OTHERS\RACESEL.C,Draw_Flag_Screen_,2
31,D:\MOX\OTHERS\RACESEL.C,Flag_Screen_,46,D:\MOX\OTHERS\GENDRAW.C,Message_Box_,1
31,D:\MOX\OTHERS\RACESEL.C,Flag_Screen_,113,D:\MOX\OTHERS\NETSTART.C,Request_Banner_Color_,1
31,D:\MOX\OTHERS\RACESEL.C,Message_Build_,29,D:\MOX\OTHERS\KEN.C,Ken_Get_Text_Message_,1
31,D:\MOX\OTHERS\RACESEL.C,Naming_Popup_,1,L:\MOX\MOX2.C,_TOGGLE_PAGES_,1
31,D:\MOX\OTHERS\RACESEL.C,Naming_Popup_,29,D:\MOX\OTHERS\KEN.C,Ken_Get_Text_Message_,1
31,D:\MOX\OTHERS\RACESEL.C,Naming_Popup_,57,D:\MOX\OTHERS\NAMESTAR.C,Remapped_Input_Box_Popup_,1
31,D:\MOX\OTHERS\RACESEL.C,Naming_Popup_,57,D:\MOX\OTHERS\NAMESTAR.C,Star_Name_Popup_Screen_Center_X_,1
31,D:\MOX\OTHERS\RACESEL.C,Naming_Popup_,57,D:\MOX\OTHERS\NAMESTAR.C,Star_Name_Popup_Screen_Center_Y_,1
31,D:\MOX\OTHERS\RACESEL.C,Race_Selection_Screen_,1,L:\MOX\MOX2.C,_TOGGLE_PAGES_,4
31,D:\MOX\OTHERS\RACESEL.C,Race_Selection_Screen_,29,D:\MOX\OTHERS\KEN.C,Ken_Get_Text_Message_,2
31,D:\MOX\OTHERS\RACESEL.C,Race_Selection_Screen_,30,D:\MOX\OTHERS\RACEOPT.C,Racial_Option_Screen_,2
31,D:\MOX\OTHERS\RACESEL.C,Race_Selection_Screen_,31,D:\MOX\OTHERS\RACESEL.C,Draw_Race_Selection_Screen_,3
31,D:\MOX\OTHERS\RACESEL.C,Race_Selection_Screen_,31,D:\MOX\OTHERS\RACESEL.C,Flag_Screen_,1
31,D:\MOX\OTHERS\RACESEL.C,Race_Selection_Screen_,31,D:\MOX\OTHERS\RACESEL.C,Naming_Popup_,1
31,D:\MOX\OTHERS\RACESEL.C,Race_Selection_Screen_,31,D:\MOX\OTHERS\RACESEL.C,Reload_Race_Selection_Screen_,4
31,D:\MOX\OTHERS\RACESEL.C,Race_Selection_Screen_,31,D:\MOX\OTHERS\RACESEL.C,Set_Race_Select_Help_,4
31,D:\MOX\OTHERS\RACESEL.C,Race_Selection_Screen_,46,D:\MOX\OTHERS\GENDRAW.C,Message_Box_,2
31,D:\MOX\OTHERS\RACESEL.C,Race_Selection_Screen_,79,D:\MOX\OTHERS\ERIC.C,Fast_Fade_In_,1
31,D:\MOX\OTHERS\RACESEL.C,Race_Selection_Screen_,79,D:\MOX\OTHERS\ERIC.C,Fast_Fade_Out_,2
31,D:\MOX\OTHERS\RACESEL.C,Race_Selection_Screen_,113,D:\MOX\OTHERS\NETSTART.C,Request_Race_,3
31,D:\MOX\OTHERS\RACESEL.C,Race_Selection_Screen_,113,D:\MOX\OTHERS\NETSTART.C,Unrequest_Race_,3
31,D:\MOX\OTHERS\RACESEL.C,Race_Selection_Screen_,117,D:\MOX\OTHERS\RUSS.C,Mox_Update_,2
31,D:\MOX\OTHERS\RACESEL.C,Reload_Race_Selection_Screen_,31,D:\MOX\OTHERS\RACESEL.C,Convert_Custom_Race_Flags_,1
31,D:\MOX\OTHERS\RACESEL.C,Reload_Race_Selection_Screen_,117,D:\MOX\OTHERS\RUSS.C,Mox_Update_,4
32,D:\MOX\OTHERS\SHIPSTAK.C,Find_Ship_Stacks_,32,D:\MOX\OTHERS\SHIPSTAK.C,Remove_Non_Detected_Ships_,1
32,D:\MOX\OTHERS\SHIPSTAK.C,Find_Ship_Stacks_,32,D:\MOX\OTHERS\SHIPSTAK.C,Sort_Ships_In_Stack_,1
32,D:\MOX\OTHERS\SHIPSTAK.C,Ken_Test_,39,D:\MOX\OTHERS\ASSERT.C,hgetch_,1
32,D:\MOX\OTHERS\SHIPSTAK.C,Remove_Non_Detected_Ships_,32,D:\MOX\OTHERS\SHIPSTAK.C,Delete_Ship_Node_,2
32,D:\MOX\OTHERS\SHIPSTAK.C,Remove_Non_Detected_Ships_,32,D:\MOX\OTHERS\SHIPSTAK.C,Ship_Has_Special_,1
32,D:\MOX\OTHERS\SHIPSTAK.C,Remove_Non_Detected_Ships_,48,D:\MOX\OTHERS\HAROLD.C,Player_Has_Visited_,1
32,D:\MOX\OTHERS\SHIPSTAK.C,Ship_Has_Stealth_Device_,32,D:\MOX\OTHERS\SHIPSTAK.C,Ship_Has_Special_,3
32,D:\MOX\OTHERS\SHIPSTAK.C,Sort_Ships_In_Stack_,32,D:\MOX\OTHERS\SHIPSTAK.C,Build_Ship_Type_Array_,1
32,D:\MOX\OTHERS\SHIPSTAK.C,Update_Ship_Stack_,32,D:\MOX\OTHERS\SHIPSTAK.C,Sort_Ships_In_Stack_,1
33,D:\MOX\OTHERS\TECHINIT.C,Init_Player_Tech_,28,D:\MOX\OTHERS\INITSHIP.C,Best_Warp_Drive_,1
33,D:\MOX\OTHERS\TECHINIT.C,Init_Player_Tech_,28,D:\MOX\OTHERS\INITSHIP.C,Calc_Player_FTL_Speed_,1
33,D:\MOX\OTHERS\TECHINIT.C,Init_Player_Tech_,33,D:\MOX\OTHERS\TECHINIT.C,Tech_Is_Legal_For_Player_,4
33,D:\MOX\OTHERS\TECHINIT.C,Init_Player_Tech_,115,D:\MOX\OTHERS\NEWTECH.C,Choose_Tech_Application_,1
33,D:\MOX\OTHERS\TECHINIT.C,Init_Tech_,33,D:\MOX\OTHERS\TECHINIT.C,Load_Tech_Names_,1
33,D:\MOX\OTHERS\TECHINIT.C,Init_Tech_,117,D:\MOX\OTHERS\RUSS.C,Mox_Update_,11
33,D:\MOX\OTHERS\TECHINIT.C,Load_Tech_Names_,5,L:\MOX\LOADER.C,Load_Player_Special_Names_,1
33,D:\MOX\OTHERS\TECHINIT.C,Load_Tech_Names_,117,D:\MOX\OTHERS\RUSS.C,Mox_Update_,14
34,D:\MOX\OTHERS\AIPOWER.C,Base_Generic_Dcv_,28,D:\MOX\OTHERS\INITSHIP.C,Best_Warp_Drive_,1
34,D:\MOX\OTHERS\AIPOWER.C,Base_Generic_Ocv_,28,D:\MOX\OTHERS\INITSHIP.C,Best_Computer_,1
34,D:\MOX\OTHERS\AIPOWER.C,Colony_Ground_Strength_Vs_Player_,34,D:\MOX\OTHERS\AIPOWER.C,Fighter_Garrison_Strength_,1
34,D:\MOX\OTHERS\AIPOWER.C,Colony_Ground_Strength_Vs_Player_,34,D:\MOX\OTHERS\AIPOWER.C,Missile_Base_Strength_,1
34,D:\MOX\OTHERS\AIPOWER.C,Colony_Ground_Strength_Vs_Player_,34,D:\MOX\OTHERS\AIPOWER.C,Phasor_Base_Strength_,1
34,D:\MOX\OTHERS\AIPOWER.C,Colony_Space_Strength_Vs_Player_,34,D:\MOX\OTHERS\AIPOWER.C,Satelite_Strength_Vs_Ships_,1
34,D:\MOX\OTHERS\AIPOWER.C,Current_Ship_Hits_,34,D:\MOX\OTHERS\AIPOWER.C,Max_Ship_Hits_,1
34,D:\MOX\OTHERS\AIPOWER.C,Fighter_Garrison_Strength_,28,D:\MOX\OTHERS\INITSHIP.C,Best_Bomb_Weapon_,1
34,D:\MOX\OTHERS\AIPOWER.C,Fighter_Garrison_Strength_,28,D:\MOX\OTHERS\INITSHIP.C,Best_Point_Defense_Weapon_,1
34,D:\MOX\OTHERS\AIPOWER.C,Fighter_Garrison_Strength_,34,D:\MOX\OTHERS\AIPOWER.C,Get_Best_Ship_Shield_Value_,1
34,D:\MOX\OTHERS\AIPOWER.C,Get_Best_Ship_Shield_Value_,28,D:\MOX\OTHERS\INITSHIP.C,Best_Ship_Shield_,1
34,D:\MOX\OTHERS\AIPOWER.C,Max_Ship_Hits_,28,D:\MOX\OTHERS\INITSHIP.C,Best_Armor_,2
34,D:\MOX\OTHERS\AIPOWER.C,Max_Ship_Hits_,28,D:\MOX\OTHERS\INITSHIP.C,Get_Ship_Armor_Hits_,1
34,D:\MOX\OTHERS\AIPOWER.C,Max_Ship_Hits_,28,D:\MOX\OTHERS\INITSHIP.C,Get_Ship_Structure_,1
34,D:\MOX\OTHERS\AIPOWER.C,Missile_Base_Strength_,28,D:\MOX\OTHERS\INITSHIP.C,Best_Missile_Weapon_NT_,1
34,D:\MOX\OTHERS\AIPOWER.C,Missile_Base_Strength_,34,D:\MOX\OTHERS\AIPOWER.C,Get_Best_Ship_Shield_Value_,1
34,D:\MOX\OTHERS\AIPOWER.C,Missile_Base_Strength_,41,D:\MOX\OTHERS\DESIGN.C,Weapon_Space_,1
34,D:\MOX\OTHERS\AIPOWER.C,Phasor_Base_Strength_,28,D:\MOX\OTHERS\INITSHIP.C,Best_Beam_Weapon_,1
34,D:\MOX\OTHERS\AIPOWER.C,Phasor_Base_Strength_,34,D:\MOX\OTHERS\AIPOWER.C,Get_Best_Ship_Shield_Value_,1
34,D:\MOX\OTHERS\AIPOWER.C,Phasor_Base_Strength_,41,D:\MOX\OTHERS\DESIGN.C,Weapon_Space_,1
34,D:\MOX\OTHERS\AIPOWER.C,Satelite_Strength_Vs_Ships_,28,D:\MOX\OTHERS\INITSHIP.C,Best_Beam_Weapon_,1
34,D:\MOX\OTHERS\AIPOWER.C,Satelite_Strength_Vs_Ships_,28,D:\MOX\OTHERS\INITSHIP.C,Best_Computer_,1
34,D:\MOX\OTHERS\AIPOWER.C,Satelite_Strength_Vs_Ships_,28,D:\MOX\OTHERS\INITSHIP.C,Best_Missile_Weapon_NT_,1
34,D:\MOX\OTHERS\AIPOWER.C,Satelite_Strength_Vs_Ships_,34,D:\MOX\OTHERS\AIPOWER.C,Base_Generic_Dcv_,1
34,D:\MOX\OTHERS\AIPOWER.C,Satelite_Strength_Vs_Ships_,34,D:\MOX\OTHERS\AIPOWER.C,Get_Best_Ship_Shield_Value_,1
34,D:\MOX\OTHERS\AIPOWER.C,Satelite_Strength_Vs_Ships_,34,D:\MOX\OTHERS\AIPOWER.C,Strength_Hits_Modifier_,1
34,D:\MOX\OTHERS\AIPOWER.C,Satelite_Strength_Vs_Ships_,41,D:\MOX\OTHERS\DESIGN.C,Weapon_Space_,3
34,D:\MOX\OTHERS\AIPOWER.C,Ship_Strength_Vs_Planetary_Shield_,34,D:\MOX\OTHERS\AIPOWER.C,Current_Ship_Hits_,1
34,D:\MOX\OTHERS\AIPOWER.C,Ship_Strength_Vs_Planetary_Shield_,34,D:\MOX\OTHERS\AIPOWER.C,Max_Ship_Hits_,1
34,D:\MOX\OTHERS\AIPOWER.C,Ship_Strength_Vs_Shield_,28,D:\MOX\OTHERS\INITSHIP.C,Best_Bomb_Weapon_,1
34,D:\MOX\OTHERS\AIPOWER.C,Ship_Strength_Vs_Shield_,28,D:\MOX\OTHERS\INITSHIP.C,Best_Computer_,1
34,D:\MOX\OTHERS\AIPOWER.C,Ship_Strength_Vs_Shield_,28,D:\MOX\OTHERS\INITSHIP.C,Best_Point_Defense_Weapon_,1
34,D:\MOX\OTHERS\AIPOWER.C,Ship_Strength_Vs_Shield_,28,D:\MOX\OTHERS\INITSHIP.C,Best_Ship_Shield_,1
34,D:\MOX\OTHERS\AIPOWER.C,Ship_Strength_Vs_Shield_,28,D:\MOX\OTHERS\INITSHIP.C,Get_Ship_Combat_Bonuses_,1
34,D:\MOX\OTHERS\AIPOWER.C,Ship_Strength_Vs_Shield_,28,D:\MOX\OTHERS\INITSHIP.C,Update_Strategic_Ship_,1
34,D:\MOX\OTHERS\AIPOWER.C,Ship_Strength_Vs_Shield_,34,D:\MOX\OTHERS\AIPOWER.C,Base_Generic_Dcv_,1
34,D:\MOX\OTHERS\AIPOWER.C,Ship_Strength_Vs_Shield_,34,D:\MOX\OTHERS\AIPOWER.C,Max_Ship_Hits_,1
34,D:\MOX\OTHERS\AIPOWER.C,Ship_Strength_Vs_Shield_,34,D:\MOX\OTHERS\AIPOWER.C,Modified_Weapon_Strength_,1
34,D:\MOX\OTHERS\AIPOWER.C,Ship_Strength_Vs_Shield_,34,D:\MOX\OTHERS\AIPOWER.C,Strength_Hits_Modifier_,1
34,D:\MOX\OTHERS\AIPOWER.C,Ship_Strength_Vs_Ships_,34,D:\MOX\OTHERS\AIPOWER.C,Get_Best_Ship_Shield_Value_,1
34,D:\MOX\OTHERS\AIPOWER.C,Ship_Strength_Vs_Ships_,34,D:\MOX\OTHERS\AIPOWER.C,Ship_Strength_Vs_Shield_,1
34,D:\MOX\OTHERS\AIPOWER.C,Ship_Strength_Vs_Ships_In_Nebula_,34,D:\MOX\OTHERS\AIPOWER.C,Ship_Strength_Vs_Shield_,1
35,D:\MOX\OTHERS\AIDESIGN.C,Add_Beam_Weapon_To_Design_,35,D:\MOX\OTHERS\AIDESIGN.C,Determine_Beam_Weapon_Modifications_,1
35,D:\MOX\OTHERS\AIDESIGN.C,Add_Beam_Weapon_To_Design_,41,D:\MOX\OTHERS\DESIGN.C,Weapon_Space_,2
35,D:\MOX\OTHERS\AIDESIGN.C,Add_Bomb_Weapon_To_Design_,35,D:\MOX\OTHERS\AIDESIGN.C,Determine_Bomb_Weapon_,1
35,D:\MOX\OTHERS\AIDESIGN.C,Add_Bomb_Weapon_To_Design_,41,D:\MOX\OTHERS\DESIGN.C,Weapon_Space_,2
35,D:\MOX\OTHERS\AIDESIGN.C,Add_Fighters_To_Design_,41,D:\MOX\OTHERS\DESIGN.C,Weapon_Space_,4
35,D:\MOX\OTHERS\AIDESIGN.C,Add_Missile_Weapon_To_Design_,35,D:\MOX\OTHERS\AIDESIGN.C,Determine_Missile_Weapon_Modifications_,1
35,D:\MOX\OTHERS\AIDESIGN.C,Add_Missile_Weapon_To_Design_,41,D:\MOX\OTHERS\DESIGN.C,Weapon_Space_,2
35,D:\MOX\OTHERS\AIDESIGN.C,Add_Specials_To_Design_,35,D:\MOX\OTHERS\AIDESIGN.C,Special_Legal_For_Design_,1
35,D:\MOX\OTHERS\AIDESIGN.C,Add_Specials_To_Design_,41,D:\MOX\OTHERS\DESIGN.C,Miniaturization_Category_,1
35,D:\MOX\OTHERS\AIDESIGN.C,Add_Specials_To_Design_,41,D:\MOX\OTHERS\DESIGN.C,Space_Given_M_Level_,1
35,D:\MOX\OTHERS\AIDESIGN.C,Add_Specials_To_Design_,41,D:\MOX\OTHERS\DESIGN.C,Tech_Level_,1
35,D:\MOX\OTHERS\AIDESIGN.C,Add_Specials_To_Design_,41,D:\MOX\OTHERS\DESIGN.C,Weapon_Space_,3
35,D:\MOX\OTHERS\AIDESIGN.C,Add_Theme_Special_To_Design_,35,D:\MOX\OTHERS\AIDESIGN.C,Add_Specials_To_Design_,1
35,D:\MOX\OTHERS\AIDESIGN.C,Auto_Design_Ship_,28,D:\MOX\OTHERS\INITSHIP.C,Best_Armor_,1
35,D:\MOX\OTHERS\AIDESIGN.C,Auto_Design_Ship_,28,D:\MOX\OTHERS\INITSHIP.C,Best_Computer_,1
35,D:\MOX\OTHERS\AIDESIGN.C,Auto_Design_Ship_,28,D:\MOX\OTHERS\INITSHIP.C,Best_Ship_Shield_,1
35,D:\MOX\OTHERS\AIDESIGN.C,Auto_Design_Ship_,28,D:\MOX\OTHERS\INITSHIP.C,Best_Warp_Drive_,1
35,D:\MOX\OTHERS\AIDESIGN.C,Auto_Design_Ship_,28,D:\MOX\OTHERS\INITSHIP.C,Get_FTL_Speed_,1
35,D:\MOX\OTHERS\AIDESIGN.C,Auto_Design_Ship_,29,D:\MOX\OTHERS\KEN.C,Ken_Get_Text_Message_,1
35,D:\MOX\OTHERS\AIDESIGN.C,Auto_Design_Ship_,35,D:\MOX\OTHERS\AIDESIGN.C,Add_Beam_Weapon_To_Design_,15
35,D:\MOX\OTHERS\AIDESIGN.C,Auto_Design_Ship_,35,D:\MOX\OTHERS\AIDESIGN.C,Add_Bomb_Weapon_To_Design_,1
35,D:\MOX\OTHERS\AIDESIGN.C,Auto_Design_Ship_,35,D:\MOX\OTHERS\AIDESIGN.C,Add_Fighters_To_Design_,2
35,D:\MOX\OTHERS\AIDESIGN.C,Auto_Design_Ship_,35,D:\MOX\OTHERS\AIDESIGN.C,Add_Missile_Weapon_To_Design_,3
35,D:\MOX\OTHERS\AIDESIGN.C,Auto_Design_Ship_,35,D:\MOX\OTHERS\AIDESIGN.C,Add_Specials_To_Design_,11
35,D:\MOX\OTHERS\AIDESIGN.C,Auto_Design_Ship_,35,D:\MOX\OTHERS\AIDESIGN.C,Add_Theme_Special_To_Design_,7
35,D:\MOX\OTHERS\AIDESIGN.C,Auto_Design_Ship_,35,D:\MOX\OTHERS\AIDESIGN.C,Get_Competition_Player_Tech_Values_,14
35,D:\MOX\OTHERS\AIDESIGN.C,Auto_Design_Ship_,35,D:\MOX\OTHERS\AIDESIGN.C,Get_Ship_Class_,1
35,D:\MOX\OTHERS\AIDESIGN.C,Auto_Design_Ship_,41,D:\MOX\OTHERS\DESIGN.C,Cost_Of_Design_,1
35,D:\MOX\OTHERS\AIDESIGN.C,Auto_Design_Ship_,41,D:\MOX\OTHERS\DESIGN.C,Get_Ship_Design_Name_,1
35,D:\MOX\OTHERS\AIDESIGN.C,Auto_Design_Ship_,41,D:\MOX\OTHERS\DESIGN.C,Miniaturization_Category_,1
35,D:\MOX\OTHERS\AIDESIGN.C,Auto_Design_Ship_,41,D:\MOX\OTHERS\DESIGN.C,Miniaturization_Level_,1
35,D:\MOX\OTHERS\AIDESIGN.C,Auto_Design_Ship_,41,D:\MOX\OTHERS\DESIGN.C,Shield_Space_Given_M_Level_,1
35,D:\MOX\OTHERS\AIDESIGN.C,Auto_Design_Ship_,41,D:\MOX\OTHERS\DESIGN.C,Space_Given_M_Level_,1
35,D:\MOX\OTHERS\AIDESIGN.C,Determine_Beam_Weapon_Modifications_,28,D:\MOX\OTHERS\INITSHIP.C,Best_Computer_,1
35,D:\MOX\OTHERS\AIDESIGN.C,Determine_Beam_Weapon_Modifications_,28,D:\MOX\OTHERS\INITSHIP.C,Best_Point_Defense_Weapon_By_Size_,1
35,D:\MOX\OTHERS\AIDESIGN.C,Determine_Beam_Weapon_Modifications_,28,D:\MOX\OTHERS\INITSHIP.C,Best_Warp_Drive_,1
35,D:\MOX\OTHERS\AIDESIGN.C,Determine_Beam_Weapon_Modifications_,34,D:\MOX\OTHERS\AIPOWER.C,Get_Best_Ship_Shield_Value_,1
35,D:\MOX\OTHERS\AIDESIGN.C,Determine_Beam_Weapon_Modifications_,35,D:\MOX\OTHERS\AIDESIGN.C,Get_Competition_Player_Tech_Values_,1
35,D:\MOX\OTHERS\AIDESIGN.C,Determine_Beam_Weapon_Modifications_,41,D:\MOX\OTHERS\DESIGN.C,Miniaturization_Level_,1
35,D:\MOX\OTHERS\AIDESIGN.C,Determine_Beam_Weapon_Modifications_,41,D:\MOX\OTHERS\DESIGN.C,Weapon_Space_,2
35,D:\MOX\OTHERS\AIDESIGN.C,Determine_Bomb_Weapon_,35,D:\MOX\OTHERS\AIDESIGN.C,Get_Competition_Player_Tech_Values_,2
35,D:\MOX\OTHERS\AIDESIGN.C,Determine_Bomb_Weapon_,41,D:\MOX\OTHERS\DESIGN.C,Miniaturization_Level_,1
35,D:\MOX\OTHERS\AIDESIGN.C,Determine_Missile_Weapon_Modifications_,34,D:\MOX\OTHERS\AIPOWER.C,Get_Best_Ship_Shield_Value_,1
35,D:\MOX\OTHERS\AIDESIGN.C,Determine_Missile_Weapon_Modifications_,35,D:\MOX\OTHERS\AIDESIGN.C,Get_Competition_Player_Tech_Values_,1
35,D:\MOX\OTHERS\AIDESIGN.C,Determine_Missile_Weapon_Modifications_,41,D:\MOX\OTHERS\DESIGN.C,Miniaturization_Level_,1
35,D:\MOX\OTHERS\AIDESIGN.C,Determine_Missile_Weapon_Modifications_,41,D:\MOX\OTHERS\DESIGN.C,Weapon_Space_,5
35,D:\MOX\OTHERS\AIDESIGN.C,Get_Ship_Class_,35,D:\MOX\OTHERS\AIDESIGN.C,Fighters_Available_,1
35,D:\MOX\OTHERS\AIDESIGN.C,Get_Ship_Class_,35,D:\MOX\OTHERS\AIDESIGN.C,Special_Devices_Available_,1
35,D:\MOX\OTHERS\AIDESIGN.C,Get_Ship_Class_,35,D:\MOX\OTHERS\AIDESIGN.C,Special_Weapons_Available_,1
35,D:\MOX\OTHERS\AIDESIGN.C,Human_Player_Best_Weapons_Are_Beams_,35,D:\MOX\OTHERS\AIDESIGN.C,Get_Competition_Player_Tech_Values_,2
36,D:\MOX\OTHERS\HOTPOP.C,Draw_Hotseat_Screen_,55,D:\MOX\OTHERS\MISC.C,Font_Colors2_,2
36,D:\MOX\OTHERS\HOTPOP.C,Fade_Into_Hotseat_Screen_,1,L:\MOX\MOX2.C,_TOGGLE_PAGES_,1
36,D:\MOX\OTHERS\HOTPOP.C,Fade_Into_Hotseat_Screen_,79,D:\MOX\OTHERS\ERIC.C,Fast_Fade_In_,1
36,D:\MOX\OTHERS\HOTPOP.C,Fade_Into_Hotseat_Screen_,79,D:\MOX\OTHERS\ERIC.C,Fast_Fade_Out_,1
36,D:\MOX\OTHERS\HOTPOP.C,Hotseat_Screen_,1,L:\MOX\MOX2.C,_TOGGLE_PAGES_,1
36,D:\MOX\OTHERS\HOTPOP.C,Hotseat_Screen_,4,L:\MOX\INITGAME.C,Init_New_Game_,1
36,D:\MOX\OTHERS\HOTPOP.C,Hotseat_Screen_,31,D:\MOX\OTHERS\RACESEL.C,Race_Selection_Screen_,1
36,D:\MOX\OTHERS\HOTPOP.C,Hotseat_Screen_,36,D:\MOX\OTHERS\HOTPOP.C,Draw_Hotseat_Screen_,1
36,D:\MOX\OTHERS\HOTPOP.C,Hotseat_Screen_,36,D:\MOX\OTHERS\HOTPOP.C,Init_Hotseat_Screen_,2
36,D:\MOX\OTHERS\HOTPOP.C,Hotseat_Screen_,42,D:\MOX\OTHERS\EVANHELP.C,Set_Hotseat_Setup_Screen_Help_List_,1
36,D:\MOX\OTHERS\HOTPOP.C,Hotseat_Screen_,46,D:\MOX\OTHERS\GENDRAW.C,Do_Confirmation_Box_,2
36,D:\MOX\OTHERS\HOTPOP.C,Hotseat_Screen_,48,D:\MOX\OTHERS\HAROLD.C,H_Message_,4
36,D:\MOX\OTHERS\HOTPOP.C,Init_Hotseat_Screen_,36,D:\MOX\OTHERS\HOTPOP.C,Fade_Into_Hotseat_Screen_,1
36,D:\MOX\OTHERS\HOTPOP.C,Init_Hotseat_Screen_,36,D:\MOX\OTHERS\HOTPOP.C,Reload_Hotseat_Screen_,1
37,D:\MOX\OTHERS\ADVCIV.C,Advanced_Civilization_Colonies_,7,L:\MOX\ERICNET.C,Init_Non_Homeworld_Colony_,1
37,D:\MOX\OTHERS\ADVCIV.C,Advanced_Civilization_Colonies_,37,D:\MOX\OTHERS\ADVCIV.C,Build_Parsec_Star_Distances_,1
37,D:\MOX\OTHERS\ADVCIV.C,Advanced_Civilization_Colonies_,37,D:\MOX\OTHERS\ADVCIV.C,Choose_Adv_Civ_Planets_,1
37,D:\MOX\OTHERS\ADVCIV.C,Advanced_Civilization_Colonies_,37,D:\MOX\OTHERS\ADVCIV.C,Twiddle_Selected_Adv_Civ_Planets_,1
37,D:\MOX\OTHERS\ADVCIV.C,Advanced_Civilization_Colonies_,117,D:\MOX\OTHERS\RUSS.C,Mox_Update_,5
37,D:\MOX\OTHERS\ADVCIV.C,Assign_Advanced_Civilization_Starting_Ships_,7,L:\MOX\ERICNET.C,Init_Advanced_Civilization_Fleet_,1
37,D:\MOX\OTHERS\ADVCIV.C,Build_Adv_Civ_Star_List_,37,D:\MOX\OTHERS\ADVCIV.C,Build_Adv_Civ_Planet_List_,1
37,D:\MOX\OTHERS\ADVCIV.C,Build_Adv_Civ_Star_List_,37,D:\MOX\OTHERS\ADVCIV.C,Get_Worth_For_All_Planets_,1
37,D:\MOX\OTHERS\ADVCIV.C,Build_Adv_Civ_Star_List_,37,D:\MOX\OTHERS\ADVCIV.C,Player_Has_Colony_At_Star_,1
37,D:\MOX\OTHERS\ADVCIV.C,Build_Parsec_Star_Distances_,106,D:\MOX\OTHERS\GEO.C,Parsecs_Between_Stars_,1
37,D:\MOX\OTHERS\ADVCIV.C,Choose_Adv_Civ_Planets_,37,D:\MOX\OTHERS\ADVCIV.C,Build_Adv_Civ_Star_List_,1
37,D:\MOX\OTHERS\ADVCIV.C,Choose_Adv_Civ_Planets_,37,D:\MOX\OTHERS\ADVCIV.C,Get_Next_Adv_Civ_Planet_,1
37,D:\MOX\OTHERS\ADVCIV.C,Choose_Adv_Civ_Planets_,48,D:\MOX\OTHERS\HAROLD.C,Randomize_List_,1
37,D:\MOX\OTHERS\ADVCIV.C,Get_Adv_Civ_Planet_Worthiness_,37,D:\MOX\OTHERS\ADVCIV.C,Proximity_Bonus_,1
37,D:\MOX\OTHERS\ADVCIV.C,Get_Adv_Civ_Planet_Worthiness_,92,D:\MOX\OTHERS\AIDATA.C,Uncolonized_Planet_Worth_To_Player_,1
37,D:\MOX\OTHERS\ADVCIV.C,Get_Players_Planet_Worthiness_Average_,37,D:\MOX\OTHERS\ADVCIV.C,Get_Adv_Civ_Planet_Worthiness_,1
37,D:\MOX\OTHERS\ADVCIV.C,Get_Worth_For_All_Planets_,37,D:\MOX\OTHERS\ADVCIV.C,Get_Adv_Civ_Planet_Worthiness_,1
37,D:\MOX\OTHERS\ADVCIV.C,Init_Adv_Civ_Homeworlds_,7,L:\MOX\ERICNET.C,Init_Non_Homeworld_Colony_,1
37,D:\MOX\OTHERS\ADVCIV.C,Twiddle_Planet_,117,D:\MOX\OTHERS\RUSS.C,Get_Weighted_Choice_Char_,1
37,D:\MOX\OTHERS\ADVCIV.C,Twiddle_Selected_Adv_Civ_Planets_,37,D:\MOX\OTHERS\ADVCIV.C,Get_Players_Planet_Worthiness_Average_,3
37,D:\MOX\OTHERS\ADVCIV.C,Twiddle_Selected_Adv_Civ_Planets_,37,D:\MOX\OTHERS\ADVCIV.C,Twiddle_Planet_,1
37,D:\MOX\OTHERS\ADVCIV.C,Twiddle_Selected_Adv_Civ_Planets_,54,D:\MOX\OTHERS\MAPGEN.C,Get_A_Planet_Or_Star_Special_,1
37,D:\MOX\OTHERS\ADVCIV.C,Twiddle_Selected_Adv_Civ_Planets_,54,D:\MOX\OTHERS\MAPGEN.C,Set_Secondary_Planet_Data_,1
37,D:\MOX\OTHERS\ADVCIV.C,Write_Adv_Civ_Planet_Info_,37,D:\MOX\OTHERS\ADVCIV.C,Get_Adv_Civ_Planet_Worthiness_,1
37,D:\MOX\OTHERS\ADVCIV.C,Write_Adv_Civ_Planet_Info_,37,D:\MOX\OTHERS\ADVCIV.C,Get_Saved_Planet_Worth_,1
38,D:\MOX\OTHERS\ANTARANS.C,Antaran_Invasion_Check_,38,D:\MOX\OTHERS\ANTARANS.C,Antarans_Should_Attack_,1
38,D:\MOX\OTHERS\ANTARANS.C,Antaran_Invasion_Check_,38,D:\MOX\OTHERS\ANTARANS.C,Build_Antaran_Defensive_Ships_,1
38,D:\MOX\OTHERS\ANTARANS.C,Antaran_Invasion_Check_,38,D:\MOX\OTHERS\ANTARANS.C,Build_Antaran_Offensive_Ships_,1
38,D:\MOX\OTHERS\ANTARANS.C,Antaran_Invasion_Check_,38,D:\MOX\OTHERS\ANTARANS.C,Deploy_Antaran_Ships_,1
38,D:\MOX\OTHERS\ANTARANS.C,Antaran_Invasion_Check_,38,D:\MOX\OTHERS\ANTARANS.C,Increment_Antaran_Resource_Level_,1
38,D:\MOX\OTHERS\ANTARANS.C,Antaran_Total_Resources_,38,D:\MOX\OTHERS\ANTARANS.C,Antaran_Offensive_Force_,1
38,D:\MOX\OTHERS\ANTARANS.C,Antarans_Should_Attack_,38,D:\MOX\OTHERS\ANTARANS.C,Antaran_Defensive_Force_,1
38,D:\MOX\OTHERS\ANTARANS.C,Antarans_Should_Attack_,38,D:\MOX\OTHERS\ANTARANS.C,Antaran_Offensive_Force_,1
38,D:\MOX\OTHERS\ANTARANS.C,Build_Antaran_Defensive_Ships_,38,D:\MOX\OTHERS\ANTARANS.C,Build_Antaran_Ships_,1
38,D:\MOX\OTHERS\ANTARANS.C,Build_Antaran_Ships_,38,D:\MOX\OTHERS\ANTARANS.C,Antaran_Delay_,1
38,D:\MOX\OTHERS\ANTARANS.C,Build_Antaran_Ships_,38,D:\MOX\OTHERS\ANTARANS.C,No_Medium_Ships_After_N_Turns_,1
38,D:\MOX\OTHERS\ANTARANS.C,Build_Antaran_Ships_,38,D:\MOX\OTHERS\ANTARANS.C,No_Small_Ships_After_N_Turns_,1
38,D:\MOX\OTHERS\ANTARANS.C,Build_List_Of_Stars_By_Player_,47,D:\MOX\OTHERS\HACCESS.C,N_Colonies_At_Star_,1
38,D:\MOX\OTHERS\ANTARANS.C,Deploy_Antaran_Ships_,15,D:\MOX\EVENTS.C,Get_Antaran_Victim_,1
38,D:\MOX\OTHERS\ANTARANS.C,Deploy_Antaran_Ships_,28,D:\MOX\OTHERS\INITSHIP.C,Load_Antaran_Ship_Design_,1
38,D:\MOX\OTHERS\ANTARANS.C,Deploy_Antaran_Ships_,38,D:\MOX\OTHERS\ANTARANS.C,Get_Antaran_Target_Star_,1
38,D:\MOX\OTHERS\ANTARANS.C,Deploy_Antaran_Ships_,38,D:\MOX\OTHERS\ANTARANS.C,Next_Antaran_Ship_Size_,1
38,D:\MOX\OTHERS\ANTARANS.C,Deploy_Antaran_Ships_,62,D:\MOX\OTHERS\SHIPS.C,Set_Nonplayer_Ship_XY_,1
38,D:\MOX\OTHERS\ANTARANS.C,Deploy_Antaran_Ships_,119,D:\MOX\OTHERS\SHIPMOVE.C,Create_Nonplayer_Ship_,1
38,D:\MOX\OTHERS\ANTARANS.C,Deploy_Antaran_Ships_,119,D:\MOX\OTHERS\SHIPMOVE.C,Make_Ships_Move_To_,1
38,D:\MOX\OTHERS\ANTARANS.C,Deploy_Antaran_Ships_,119,D:\MOX\OTHERS\SHIPMOVE.C,Ships_Try_To_Move_To_,1
38,D:\MOX\OTHERS\ANTARANS.C,Get_Antaran_Target_Star_,38,D:\MOX\OTHERS\ANTARANS.C,Build_List_Of_Stars_By_Player_,1
38,D:\MOX\OTHERS\ANTARANS.C,Increment_Antaran_Resource_Level_,38,D:\MOX\OTHERS\ANTARANS.C,Antaran_Defensive_Force_At_Maximum_,1
38,D:\MOX\OTHERS\ANTARANS.C,Increment_Antaran_Resource_Level_,38,D:\MOX\OTHERS\ANTARANS.C,Antaran_Delay_,1
39,D:\MOX\OTHERS\ASSERT.C,__assertha_,39,D:\MOX\OTHERS\ASSERT.C,hgetch_,1
40,D:\MOX\OTHERS\DESBOX.C,Add_Replacement_Weapon_Fields_,40,D:\MOX\OTHERS\DESBOX.C,Clear_Weapon_Replacement_Fields_,1
40,D:\MOX\OTHERS\DESBOX.C,Add_Replacement_Weapon_Fields_,40,D:\MOX\OTHERS\DESBOX.C,Get_Weapon_Mod_Field_XYs_,1
40,D:\MOX\OTHERS\DESBOX.C,Add_Replacement_Weapon_Fields_,40,D:\MOX\OTHERS\DESBOX.C,Mod_Allowed_On_Weapon_Type_,1
40,D:\MOX\OTHERS\DESBOX.C,Add_Replacement_Weapon_Fields_,40,D:\MOX\OTHERS\DESBOX.C,New_Arc_Space_,1
40,D:\MOX\OTHERS\DESBOX.C,Add_Replacement_Weapon_Fields_,40,D:\MOX\OTHERS\DESBOX.C,Should_Add_Mod_,1
40,D:\MOX\OTHERS\DESBOX.C,Add_Replacement_Weapon_Fields_,40,D:\MOX\OTHERS\DESBOX.C,Valid_Modifications_,1
40,D:\MOX\OTHERS\DESBOX.C,Add_Replacement_Weapon_Fields_,40,D:\MOX\OTHERS\DESBOX.C,Weapon_Choice_Valid_,1
40,D:\MOX\OTHERS\DESBOX.C,Add_Replacement_Weapon_Fields_,41,D:\MOX\OTHERS\DESIGN.C,Weapon_Needs_Racks_,1
40,D:\MOX\OTHERS\DESBOX.C,Add_Replacement_Weapon_Fields_,41,D:\MOX\OTHERS\DESIGN.C,Weapon_Space_,1
40,D:\MOX\OTHERS\DESBOX.C,Add_Replacement_Weapon_Fields_,41,D:\MOX\OTHERS\DESIGN.C,Weapon_Type_,1
40,D:\MOX\OTHERS\DESBOX.C,Draw_Darkened_Design_Screen_,1,L:\MOX\MOX2.C,_TOGGLE_PAGES_,1
40,D:\MOX\OTHERS\DESBOX.C,Draw_Darkened_Design_Screen_,41,D:\MOX\OTHERS\DESIGN.C,Draw_Design_Screen_,1
40,D:\MOX\OTHERS\DESBOX.C,Draw_Darkened_Design_Screen_,55,D:\MOX\OTHERS\MISC.C,_Darken_Fill_,1
40,D:\MOX\OTHERS\DESBOX.C,Draw_Generic_Replacement_Box_,16,D:\MOX\JIM.C,Play_Streaming_Music_,1
40,D:\MOX\OTHERS\DESBOX.C,Draw_Generic_Replacement_Box_,40,D:\MOX\OTHERS\DESBOX.C,Print_Computer_Data_,1
40,D:\MOX\OTHERS\DESBOX.C,Draw_Generic_Replacement_Box_,40,D:\MOX\OTHERS\DESBOX.C,Print_Shield_Data_,1
40,D:\MOX\OTHERS\DESBOX.C,Draw_Generic_Replacement_Box_Help_,42,D:\MOX\OTHERS\EVANHELP.C,Get_Application_Description_,2
40,D:\MOX\OTHERS\DESBOX.C,Draw_Generic_Replacement_Box_Help_,64,D:\MOX\OTHERS\TEXTBOX.C,Draw_Help_Entry_,1
40,D:\MOX\OTHERS\DESBOX.C,Draw_Generic_Replacement_Box_Help_,64,D:\MOX\OTHERS\TEXTBOX.C,Text_Box_,1
40,D:\MOX\OTHERS\DESBOX.C,Draw_Special_Systems_Replacement_Box_,40,D:\MOX\OTHERS\DESBOX.C,Print_Special_System_Data_,1
40,D:\MOX\OTHERS\DESBOX.C,Draw_Special_Systems_Replacement_Box_,61,D:\MOX\OTHERS\SCROLL.C,Draw_Generic_Vertical_Scroll_Bar_,1
40,D:\MOX\OTHERS\DESBOX.C,Draw_Special_Systems_Scroll_Bar_,55,D:\MOX\OTHERS\MISC.C,Restore_Window_Status_,1
40,D:\MOX\OTHERS\DESBOX.C,Draw_Special_Systems_Scroll_Bar_,55,D:\MOX\OTHERS\MISC.C,Save_Window_Status_,1
40,D:\MOX\OTHERS\DESBOX.C,Draw_Weapons_Mod_Box_,40,D:\MOX\OTHERS\DESBOX.C,Get_Weapon_Mod_Field_XYs_,1
40,D:\MOX\OTHERS\DESBOX.C,Draw_Weapons_Mod_Box_,40,D:\MOX\OTHERS\DESBOX.C,Mod_Allowed_On_Weapon_Type_,1
40,D:\MOX\OTHERS\DESBOX.C,Draw_Weapons_Mod_Box_,40,D:\MOX\OTHERS\DESBOX.C,Should_Add_Mod_,1
40,D:\MOX\OTHERS\DESBOX.C,Draw_Weapons_Replacement_Box_,40,D:\MOX\OTHERS\DESBOX.C,Draw_Weapons_Arc_Box_,1
40,D:\MOX\OTHERS\DESBOX.C,Draw_Weapons_Replacement_Box_,40,D:\MOX\OTHERS\DESBOX.C,Draw_Weapons_Mod_Box_,1
40,D:\MOX\OTHERS\DESBOX.C,Draw_Weapons_Replacement_Box_,40,D:\MOX\OTHERS\DESBOX.C,Draw_Weapons_Rack_Box_,1
40,D:\MOX\OTHERS\DESBOX.C,Draw_Weapons_Replacement_Box_,40,D:\MOX\OTHERS\DESBOX.C,Print_Main_Weapon_Box_,1
40,D:\MOX\OTHERS\DESBOX.C,Draw_Weapons_Replacement_Box_,40,D:\MOX\OTHERS\DESBOX.C,Weapon_Index_,1
40,D:\MOX\OTHERS\DESBOX.C,Draw_Weapons_Replacement_Box_,41,D:\MOX\OTHERS\DESIGN.C,Weapon_Needs_Racks_,1
40,D:\MOX\OTHERS\DESBOX.C,Draw_Weapons_Replacement_Box_,61,D:\MOX\OTHERS\SCROLL.C,Draw_Generic_Vertical_Scroll_Bar_,1
40,D:\MOX\OTHERS\DESBOX.C,Draw_Weapons_Scroll_Bar_,55,D:\MOX\OTHERS\MISC.C,Save_Window_Status_,1
40,D:\MOX\OTHERS\DESBOX.C,Generic_Replacement_Box_,1,L:\MOX\MOX2.C,_TOGGLE_PAGES_,2
40,D:\MOX\OTHERS\DESBOX.C,Generic_Replacement_Box_,40,D:\MOX\OTHERS\DESBOX.C,Add_Generic_Replacement_Fields_,1
40,D:\MOX\OTHERS\DESBOX.C,Generic_Replacement_Box_,40,D:\MOX\OTHERS\DESBOX.C,Draw_Generic_Replacement_Box_,1
40,D:\MOX\OTHERS\DESBOX.C,Generic_Replacement_Box_,40,D:\MOX\OTHERS\DESBOX.C,Draw_Generic_Replacement_Box_Help_,1
40,D:\MOX\OTHERS\DESBOX.C,Generic_Replacement_Box_,40,D:\MOX\OTHERS\DESBOX.C,Generic_Replacement_Box_Choices_,1
40,D:\MOX\OTHERS\DESBOX.C,Generic_Replacement_Box_,40,D:\MOX\OTHERS\DESBOX.C,Generic_Replacement_Box_Dimensions_,1
40,D:\MOX\OTHERS\DESBOX.C,Generic_Replacement_Box_,40,D:\MOX\OTHERS\DESBOX.C,Redraw_Main_Design_Screen_To_Background_,1
40,D:\MOX\OTHERS\DESBOX.C,Generic_Replacement_Box_,41,D:\MOX\OTHERS\DESIGN.C,Draw_Design_Screen_,1
40,D:\MOX\OTHERS\DESBOX.C,Generic_Replacement_Box_,55,D:\MOX\OTHERS\MISC.C,_Darken_Fill_,1
40,D:\MOX\OTHERS\DESBOX.C,Get_Weapon_Mod_Field_XYs_,40,D:\MOX\OTHERS\DESBOX.C,Should_Add_Mod_,1
40,D:\MOX\OTHERS\DESBOX.C,Get_Weapon_Mod_Field_XYs_,41,D:\MOX\OTHERS\DESIGN.C,Weapon_Type_,1
40,D:\MOX\OTHERS\DESBOX.C,Mod_Allowed_On_Weapon_Type_,41,D:\MOX\OTHERS\DESIGN.C,Weapon_Type_,1
40,D:\MOX\OTHERS\DESBOX.C,New_Arc_Space_,41,D:\MOX\OTHERS\DESIGN.C,Weapon_Space_,1
40,D:\MOX\OTHERS\DESBOX.C,New_Mod_Space_,41,D:\MOX\OTHERS\DESIGN.C,Weapon_Space_,1
40,D:\MOX\OTHERS\DESBOX.C,Print_Computer_Data_,41,D:\MOX\OTHERS\DESIGN.C,Computer_Cost_,1
40,D:\MOX\OTHERS\DESBOX.C,Print_Computer_Data_,41,D:\MOX\OTHERS\DESIGN.C,Cost_Given_M_Level_,1
40,D:\MOX\OTHERS\DESBOX.C,Print_Computer_Data_,41,D:\MOX\OTHERS\DESIGN.C,Tech_Level_,1
40,D:\MOX\OTHERS\DESBOX.C,Print_Computer_Data_,48,D:\MOX\OTHERS\HAROLD.C,H_Message_,1
40,D:\MOX\OTHERS\DESBOX.C,Print_Computer_Data_,55,D:\MOX\OTHERS\MISC.C,Font_Colors2_,4
40,D:\MOX\OTHERS\DESBOX.C,Print_Computer_Data_,55,D:\MOX\OTHERS\MISC.C,Get_LBX_Message_,3
40,D:\MOX\OTHERS\DESBOX.C,Print_Main_Weapon_Box_,41,D:\MOX\OTHERS\DESIGN.C,Design_Weapon_Damage_String_,1
40,D:\MOX\OTHERS\DESBOX.C,Print_Main_Weapon_Box_,41,D:\MOX\OTHERS\DESIGN.C,Tech_Level_,1
40,D:\MOX\OTHERS\DESBOX.C,Print_Main_Weapon_Box_,41,D:\MOX\OTHERS\DESIGN.C,Weapon_Cost_,2
40,D:\MOX\OTHERS\DESBOX.C,Print_Main_Weapon_Box_,41,D:\MOX\OTHERS\DESIGN.C,Weapon_Needs_Racks_,3
40,D:\MOX\OTHERS\DESBOX.C,Print_Main_Weapon_Box_,41,D:\MOX\OTHERS\DESIGN.C,Weapon_Rack_Size_To_Value_,1
40,D:\MOX\OTHERS\DESBOX.C,Print_Main_Weapon_Box_,41,D:\MOX\OTHERS\DESIGN.C,Weapon_Space_,1
40,D:\MOX\OTHERS\DESBOX.C,Print_Main_Weapon_Box_,48,D:\MOX\OTHERS\HAROLD.C,H_Message_,7
40,D:\MOX\OTHERS\DESBOX.C,Print_Main_Weapon_Box_,55,D:\MOX\OTHERS\MISC.C,Change_Font_Style_,2
40,D:\MOX\OTHERS\DESBOX.C,Print_Main_Weapon_Box_,55,D:\MOX\OTHERS\MISC.C,Font_Colors2_,6
40,D:\MOX\OTHERS\DESBOX.C,Print_Main_Weapon_Box_,55,D:\MOX\OTHERS\MISC.C,Get_Font_Colors_,1
40,D:\MOX\OTHERS\DESBOX.C,Print_Main_Weapon_Box_,55,D:\MOX\OTHERS\MISC.C,Increase_Font_Color_Range_,1
40,D:\MOX\OTHERS\DESBOX.C,Print_Main_Weapon_Box_,55,D:\MOX\OTHERS\MISC.C,Set_Font_Default_Spacing_,2
40,D:\MOX\OTHERS\DESBOX.C,Print_Shield_Data_,41,D:\MOX\OTHERS\DESIGN.C,Cost_Given_M_Level_,1
40,D:\MOX\OTHERS\DESBOX.C,Print_Shield_Data_,41,D:\MOX\OTHERS\DESIGN.C,Space_Given_M_Level_,1
40,D:\MOX\OTHERS\DESBOX.C,Print_Shield_Data_,41,D:\MOX\OTHERS\DESIGN.C,Tech_Level_,2
40,D:\MOX\OTHERS\DESBOX.C,Print_Shield_Data_,48,D:\MOX\OTHERS\HAROLD.C,H_Message_,2
40,D:\MOX\OTHERS\DESBOX.C,Print_Shield_Data_,55,D:\MOX\OTHERS\MISC.C,Font_Colors2_,4
40,D:\MOX\OTHERS\DESBOX.C,Print_Shield_Data_,55,D:\MOX\OTHERS\MISC.C,Get_LBX_Message_,2
40,D:\MOX\OTHERS\DESBOX.C,Print_Special_System_Data_,40,D:\MOX\OTHERS\DESBOX.C,Special_System_Exclusion_,1
40,D:\MOX\OTHERS\DESBOX.C,Print_Special_System_Data_,40,D:\MOX\OTHERS\DESBOX.C,System_Added_Cost_And_Space_,1
40,D:\MOX\OTHERS\DESBOX.C,Print_Special_System_Data_,48,D:\MOX\OTHERS\HAROLD.C,H_Message_,5
40,D:\MOX\OTHERS\DESBOX.C,Print_Special_System_Data_,55,D:\MOX\OTHERS\MISC.C,Font_Colors2_,5
40,D:\MOX\OTHERS\DESBOX.C,Print_Special_System_Data_,55,D:\MOX\OTHERS\MISC.C,Get_Font_Colors_,2
40,D:\MOX\OTHERS\DESBOX.C,Print_Special_System_Data_,55,D:\MOX\OTHERS\MISC.C,Get_Font_Style_,3
40,D:\MOX\OTHERS\DESBOX.C,Print_Special_System_Data_,55,D:\MOX\OTHERS\MISC.C,Increase_Font_Color_Range_,1
40,D:\MOX\OTHERS\DESBOX.C,Print_Special_System_Data_,55,D:\MOX\OTHERS\MISC.C,Set_Fitted_Font_Style_,1
40,D:\MOX\OTHERS\DESBOX.C,Print_Special_System_Data_,55,D:\MOX\OTHERS\MISC.C,Set_Font_Default_Spacing_,2
40,D:\MOX\OTHERS\DESBOX.C,Print_Weapon_Mod_Help_Description_,64,D:\MOX\OTHERS\TEXTBOX.C,Get_Help_Lbx_Name_,1
40,D:\MOX\OTHERS\DESBOX.C,Print_Weapon_Mod_Help_Description_,64,D:\MOX\OTHERS\TEXTBOX.C,Text_Box_,1
40,D:\MOX\OTHERS\DESBOX.C,Print_Weapon_Modification_Message_,40,D:\MOX\OTHERS\DESBOX.C,New_Mod_Space_,1
40,D:\MOX\OTHERS\DESBOX.C,Print_Weapon_Modification_Message_,41,D:\MOX\OTHERS\DESIGN.C,Miniaturization_Level_,1
40,D:\MOX\OTHERS\DESBOX.C,Print_Weapon_Modification_Message_,46,D:\MOX\OTHERS\GENDRAW.C,Message_Box_,1
40,D:\MOX\OTHERS\DESBOX.C,Print_Weapon_Modification_Message_,48,D:\MOX\OTHERS\HAROLD.C,H_Message_,1
40,D:\MOX\OTHERS\DESBOX.C,Print_Weapon_Modification_Message_,55,D:\MOX\OTHERS\MISC.C,Get_LBX_Message_,3
40,D:\MOX\OTHERS\DESBOX.C,Redraw_Main_Design_Screen_To_Background_,41,D:\MOX\OTHERS\DESIGN.C,Draw_Design_Screen_,1
40,D:\MOX\OTHERS\DESBOX.C,Set_Up_Weapon_Display_,40,D:\MOX\OTHERS\DESBOX.C,Set_Up_Weapon_Scroll_Bar_,1
40,D:\MOX\OTHERS\DESBOX.C,Set_Up_Weapon_Display_,41,D:\MOX\OTHERS\DESIGN.C,Weapon_Needs_Racks_,1
40,D:\MOX\OTHERS\DESBOX.C,Set_Up_Weapon_Display_,79,D:\MOX\OTHERS\ERIC.C,Get_Sint_Index_From_List_,1
40,D:\MOX\OTHERS\DESBOX.C,Space_With_Weapon_,41,D:\MOX\OTHERS\DESIGN.C,Miniaturization_Category_,3
40,D:\MOX\OTHERS\DESBOX.C,Space_With_Weapon_,41,D:\MOX\OTHERS\DESIGN.C,Space_Given_M_Level_,3
40,D:\MOX\OTHERS\DESBOX.C,Space_With_Weapon_,41,D:\MOX\OTHERS\DESIGN.C,Tech_Level_,3
40,D:\MOX\OTHERS\DESBOX.C,Space_With_Weapon_,41,D:\MOX\OTHERS\DESIGN.C,Weapon_Needs_Racks_,1
40,D:\MOX\OTHERS\DESBOX.C,Space_With_Weapon_,41,D:\MOX\OTHERS\DESIGN.C,Weapon_Rack_Size_To_Value_,1
40,D:\MOX\OTHERS\DESBOX.C,Space_With_Weapons_,40,D:\MOX\OTHERS\DESBOX.C,Space_With_Weapon_,1
40,D:\MOX\OTHERS\DESBOX.C,Special_System_Choices_,41,D:\MOX\OTHERS\DESIGN.C,Miniaturization_Category_,1
40,D:\MOX\OTHERS\DESBOX.C,Special_System_Choices_,41,D:\MOX\OTHERS\DESIGN.C,Space_Given_M_Level_,1
40,D:\MOX\OTHERS\DESBOX.C,Special_System_Choices_,41,D:\MOX\OTHERS\DESIGN.C,Tech_Level_,1
40,D:\MOX\OTHERS\DESBOX.C,Special_Systems_Box_,1,L:\MOX\MOX2.C,_TOGGLE_PAGES_,2
40,D:\MOX\OTHERS\DESBOX.C,Special_Systems_Box_,40,D:\MOX\OTHERS\DESBOX.C,Add_Special_System_Fields_,2
40,D:\MOX\OTHERS\DESBOX.C,Special_Systems_Box_,40,D:\MOX\OTHERS\DESBOX.C,Draw_Special_Systems_Replacement_Box_,1
40,D:\MOX\OTHERS\DESBOX.C,Special_Systems_Box_,40,D:\MOX\OTHERS\DESBOX.C,Items_Selected_,1
40,D:\MOX\OTHERS\DESBOX.C,Special_Systems_Box_,40,D:\MOX\OTHERS\DESBOX.C,Redraw_Main_Design_Screen_To_Background_,1
40,D:\MOX\OTHERS\DESBOX.C,Special_Systems_Box_,40,D:\MOX\OTHERS\DESBOX.C,Special_System_Choices_,1
40,D:\MOX\OTHERS\DESBOX.C,Special_Systems_Box_,40,D:\MOX\OTHERS\DESBOX.C,Special_System_Exclusion_,1
40,D:\MOX\OTHERS\DESBOX.C,Special_Systems_Box_,40,D:\MOX\OTHERS\DESBOX.C,Special_System_Replacement_Box_Dimensions_,1
40,D:\MOX\OTHERS\DESBOX.C,Special_Systems_Box_,41,D:\MOX\OTHERS\DESIGN.C,Clear_Special_System_Slot_,1
40,D:\MOX\OTHERS\DESBOX.C,Special_Systems_Box_,41,D:\MOX\OTHERS\DESIGN.C,Draw_Design_Screen_,1
40,D:\MOX\OTHERS\DESBOX.C,Special_Systems_Box_,41,D:\MOX\OTHERS\DESIGN.C,Miniaturization_Category_,1
40,D:\MOX\OTHERS\DESBOX.C,Special_Systems_Box_,41,D:\MOX\OTHERS\DESIGN.C,Space_Given_M_Level_,1
40,D:\MOX\OTHERS\DESBOX.C,Special_Systems_Box_,41,D:\MOX\OTHERS\DESIGN.C,Tech_Level_,1
40,D:\MOX\OTHERS\DESBOX.C,Special_Systems_Box_,41,D:\MOX\OTHERS\DESIGN.C,Update_Calculated_Design_Data_,1
40,D:\MOX\OTHERS\DESBOX.C,Special_Systems_Box_,42,D:\MOX\OTHERS\EVANHELP.C,Get_Application_Description_,1
40,D:\MOX\OTHERS\DESBOX.C,Special_Systems_Box_,46,D:\MOX\OTHERS\GENDRAW.C,Warning_Box_,1
40,D:\MOX\OTHERS\DESBOX.C,Special_Systems_Box_,55,D:\MOX\OTHERS\MISC.C,Get_LBX_Message_,3
40,D:\MOX\OTHERS\DESBOX.C,Special_Systems_Box_,55,D:\MOX\OTHERS\MISC.C,Is_Vowel_,2
40,D:\MOX\OTHERS\DESBOX.C,Special_Systems_Box_,55,D:\MOX\OTHERS\MISC.C,_Darken_Fill_,1
40,D:\MOX\OTHERS\DESBOX.C,Special_Systems_Box_,61,D:\MOX\OTHERS\SCROLL.C,Get_Vertical_Scroll_Bar_Height_,1
40,D:\MOX\OTHERS\DESBOX.C,Special_Systems_Box_,61,D:\MOX\OTHERS\SCROLL.C,Scroll_Down_One_Item_,1
40,D:\MOX\OTHERS\DESBOX.C,Special_Systems_Box_,61,D:\MOX\OTHERS\SCROLL.C,Scroll_Up_One_Item_,1
40,D:\MOX\OTHERS\DESBOX.C,Special_Systems_Box_,64,D:\MOX\OTHERS\TEXTBOX.C,Draw_Help_Entry_,2
40,D:\MOX\OTHERS\DESBOX.C,Special_Systems_Box_,64,D:\MOX\OTHERS\TEXTBOX.C,Text_Box_,1
40,D:\MOX\OTHERS\DESBOX.C,System_Added_Cost_And_Space_,41,D:\MOX\OTHERS\DESIGN.C,Cost_Given_M_Level_,1
40,D:\MOX\OTHERS\DESBOX.C,System_Added_Cost_And_Space_,41,D:\MOX\OTHERS\DESIGN.C,Miniaturization_Category_,1
40,D:\MOX\OTHERS\DESBOX.C,System_Added_Cost_And_Space_,41,D:\MOX\OTHERS\DESIGN.C,Space_Given_M_Level_,1
40,D:\MOX\OTHERS\DESBOX.C,System_Added_Cost_And_Space_,41,D:\MOX\OTHERS\DESIGN.C,Tech_Level_,2
40,D:\MOX\OTHERS\DESBOX.C,Update_Weapon_Replacement_,40,D:\MOX\OTHERS\DESBOX.C,Set_New_Weapon_Modifications_,1
40,D:\MOX\OTHERS\DESBOX.C,Update_Weapon_Replacement_,40,D:\MOX\OTHERS\DESBOX.C,Weapon_Choice_Valid_,1
40,D:\MOX\OTHERS\DESBOX.C,Update_Weapon_Replacement_,40,D:\MOX\OTHERS\DESBOX.C,Weapon_Index_,1
40,D:\MOX\OTHERS\DESBOX.C,Update_Weapon_Replacement_,41,D:\MOX\OTHERS\DESIGN.C,Clear_Weapon_Slot_,1
40,D:\MOX\OTHERS\DESBOX.C,Update_Weapon_Replacement_,41,D:\MOX\OTHERS\DESIGN.C,Update_Calculated_Design_Data_,2
40,D:\MOX\OTHERS\DESBOX.C,Update_Weapon_Replacement_,41,D:\MOX\OTHERS\DESIGN.C,Weapon_Cost_,1
40,D:\MOX\OTHERS\DESBOX.C,Update_Weapon_Replacement_,41,D:\MOX\OTHERS\DESIGN.C,Weapon_Needs_Racks_,1
40,D:\MOX\OTHERS\DESBOX.C,Update_Weapon_Replacement_,41,D:\MOX\OTHERS\DESIGN.C,Weapon_Space_,1
40,D:\MOX\OTHERS\DESBOX.C,Update_Weapon_Replacement_,41,D:\MOX\OTHERS\DESIGN.C,Weapon_Type_,1
40,D:\MOX\OTHERS\DESBOX.C,Update_Weapon_Replacement_,46,D:\MOX\OTHERS\GENDRAW.C,Message_Box_,1
40,D:\MOX\OTHERS\DESBOX.C,Valid_Modifications_,40,D:\MOX\OTHERS\DESBOX.C,New_Mod_Space_,2
40,D:\MOX\OTHERS\DESBOX.C,Valid_Modifications_,41,D:\MOX\OTHERS\DESIGN.C,Miniaturization_Level_,1
40,D:\MOX\OTHERS\DESBOX.C,Weapon_Choice_Valid_,40,D:\MOX\OTHERS\DESBOX.C,Weapon_Index_,1
40,D:\MOX\OTHERS\DESBOX.C,Weapon_Choice_Valid_,41,D:\MOX\OTHERS\DESIGN.C,Weapon_Type_,1
40,D:\MOX\OTHERS\DESBOX.C,Weapon_Choice_Valid_,48,D:\MOX\OTHERS\HAROLD.C,H_Message_,1
40,D:\MOX\OTHERS\DESBOX.C,Weapon_Choices_,40,D:\MOX\OTHERS\DESBOX.C,Have_Tractor_Beam_Weapon_,1
40,D:\MOX\OTHERS\DESBOX.C,Weapon_Choices_,40,D:\MOX\OTHERS\DESBOX.C,Set_Up_Weapon_Scroll_Bar_,1
40,D:\MOX\OTHERS\DESBOX.C,Weapon_Choices_,41,D:\MOX\OTHERS\DESIGN.C,Miniaturization_Category_,3
40,D:\MOX\OTHERS\DESBOX.C,Weapon_Choices_,41,D:\MOX\OTHERS\DESIGN.C,Space_Given_M_Level_,3
40,D:\MOX\OTHERS\DESBOX.C,Weapon_Choices_,41,D:\MOX\OTHERS\DESIGN.C,Tech_Level_,3
40,D:\MOX\OTHERS\DESBOX.C,Weapon_Choices_,41,D:\MOX\OTHERS\DESIGN.C,Weapon_Needs_Racks_,1
40,D:\MOX\OTHERS\DESBOX.C,Weapon_Choices_,41,D:\MOX\OTHERS\DESIGN.C,Weapon_Rack_Size_To_Value_,1
40,D:\MOX\OTHERS\DESBOX.C,Weapon_Choices_,41,D:\MOX\OTHERS\DESIGN.C,Weapon_Type_,1
40,D:\MOX\OTHERS\DESBOX.C,Weapon_Choices_,48,D:\MOX\OTHERS\HAROLD.C,H_Message_,1
40,D:\MOX\OTHERS\DESBOX.C,Weapon_Replacement_Help_,41,D:\MOX\OTHERS\DESIGN.C,Weapon_Needs_Racks_,1
40,D:\MOX\OTHERS\DESBOX.C,Weapon_Replacement_Help_,42,D:\MOX\OTHERS\EVANHELP.C,Set_Weapon_Replacement_Screen_Help_List_,1
40,D:\MOX\OTHERS\DESBOX.C,Weapons_Replacement_Box_,1,L:\MOX\MOX2.C,_TOGGLE_PAGES_,2
40,D:\MOX\OTHERS\DESBOX.C,Weapons_Replacement_Box_,40,D:\MOX\OTHERS\DESBOX.C,Add_Replacement_Weapon_Fields_,2
40,D:\MOX\OTHERS\DESBOX.C,Weapons_Replacement_Box_,40,D:\MOX\OTHERS\DESBOX.C,Draw_Weapons_Replacement_Box_,1
40,D:\MOX\OTHERS\DESBOX.C,Weapons_Replacement_Box_,40,D:\MOX\OTHERS\DESBOX.C,Get_Weapons_Box_Base_Dimensions_,2
40,D:\MOX\OTHERS\DESBOX.C,Weapons_Replacement_Box_,40,D:\MOX\OTHERS\DESBOX.C,Print_Weapon_Mod_Help_Description_,1
40,D:\MOX\OTHERS\DESBOX.C,Weapons_Replacement_Box_,40,D:\MOX\OTHERS\DESBOX.C,Print_Weapon_Modification_Message_,1
40,D:\MOX\OTHERS\DESBOX.C,Weapons_Replacement_Box_,40,D:\MOX\OTHERS\DESBOX.C,Redraw_Main_Design_Screen_To_Background_,1
40,D:\MOX\OTHERS\DESBOX.C,Weapons_Replacement_Box_,40,D:\MOX\OTHERS\DESBOX.C,Scan_Replacement_Fields_,1
40,D:\MOX\OTHERS\DESBOX.C,Weapons_Replacement_Box_,40,D:\MOX\OTHERS\DESBOX.C,Set_Up_Weapon_Display_,2
40,D:\MOX\OTHERS\DESBOX.C,Weapons_Replacement_Box_,40,D:\MOX\OTHERS\DESBOX.C,Space_With_Weapons_,2
40,D:\MOX\OTHERS\DESBOX.C,Weapons_Replacement_Box_,40,D:\MOX\OTHERS\DESBOX.C,Update_Field_Item_Chosen_,1
40,D:\MOX\OTHERS\DESBOX.C,Weapons_Replacement_Box_,40,D:\MOX\OTHERS\DESBOX.C,Update_Weapon_Replacement_,2
40,D:\MOX\OTHERS\DESBOX.C,Weapons_Replacement_Box_,40,D:\MOX\OTHERS\DESBOX.C,Weapon_Choices_,2
40,D:\MOX\OTHERS\DESBOX.C,Weapons_Replacement_Box_,40,D:\MOX\OTHERS\DESBOX.C,Weapon_Index_,1
40,D:\MOX\OTHERS\DESBOX.C,Weapons_Replacement_Box_,40,D:\MOX\OTHERS\DESBOX.C,Weapon_Replacement_Help_,3
40,D:\MOX\OTHERS\DESBOX.C,Weapons_Replacement_Box_,41,D:\MOX\OTHERS\DESIGN.C,Draw_Design_Screen_,1
40,D:\MOX\OTHERS\DESBOX.C,Weapons_Replacement_Box_,41,D:\MOX\OTHERS\DESIGN.C,Weapon_Type_,3
40,D:\MOX\OTHERS\DESBOX.C,Weapons_Replacement_Box_,42,D:\MOX\OTHERS\EVANHELP.C,Get_Application_Description_,1
40,D:\MOX\OTHERS\DESBOX.C,Weapons_Replacement_Box_,46,D:\MOX\OTHERS\GENDRAW.C,Message_Box_,2
40,D:\MOX\OTHERS\DESBOX.C,Weapons_Replacement_Box_,48,D:\MOX\OTHERS\HAROLD.C,H_Message_,5
40,D:\MOX\OTHERS\DESBOX.C,Weapons_Replacement_Box_,55,D:\MOX\OTHERS\MISC.C,Get_LBX_Message_,3
40,D:\MOX\OTHERS\DESBOX.C,Weapons_Replacement_Box_,55,D:\MOX\OTHERS\MISC.C,_Darken_Fill_,1
40,D:\MOX\OTHERS\DESBOX.C,Weapons_Replacement_Box_,61,D:\MOX\OTHERS\SCROLL.C,Get_Vertical_Scroll_Bar_Height_,1
40,D:\MOX\OTHERS\DESBOX.C,Weapons_Replacement_Box_,61,D:\MOX\OTHERS\SCROLL.C,Scroll_Down_One_Item_,1
40,D:\MOX\OTHERS\DESBOX.C,Weapons_Replacement_Box_,61,D:\MOX\OTHERS\SCROLL.C,Scroll_Up_One_Item_,1
40,D:\MOX\OTHERS\DESBOX.C,Weapons_Replacement_Box_,64,D:\MOX\OTHERS\TEXTBOX.C,Draw_Help_Entry_,2
40,D:\MOX\OTHERS\DESBOX.C,Weapons_Replacement_Box_,64,D:\MOX\OTHERS\TEXTBOX.C,Text_Box_,1
41,D:\MOX\OTHERS\DESIGN.C,Add_Design_Buttons_,41,D:\MOX\OTHERS\DESIGN.C,Add_Size_Button_,1
41,D:\MOX\OTHERS\DESIGN.C,Add_Design_Buttons_,41,D:\MOX\OTHERS\DESIGN.C,Get_Ship_Size_Button_Field_XY_,1
41,D:\MOX\OTHERS\DESIGN.C,Add_Design_Buttons_,41,D:\MOX\OTHERS\DESIGN.C,Replacement_Exists_,2
41,D:\MOX\OTHERS\DESIGN.C,Add_Design_Buttons_,41,D:\MOX\OTHERS\DESIGN.C,Weapon_Space_,1
41,D:\MOX\OTHERS\DESIGN.C,Add_Design_Buttons_,55,D:\MOX\OTHERS\MISC.C,Get_Mox_Font_Colors_,1
41,D:\MOX\OTHERS\DESIGN.C,Bonus_For_Regular_Mods_,55,D:\MOX\OTHERS\MISC.C,Bit_Value_To_Num_,12
41,D:\MOX\OTHERS\DESIGN.C,Bonus_For_Special_Mods_,55,D:\MOX\OTHERS\MISC.C,Bit_Value_To_Num_,1
41,D:\MOX\OTHERS\DESIGN.C,Build_Design_Template_,41,D:\MOX\OTHERS\DESIGN.C,Current_Design_Base_Combat_Speed_,1
41,D:\MOX\OTHERS\DESIGN.C,Build_Design_Template_,41,D:\MOX\OTHERS\DESIGN.C,Current_Design_Has_Special_System_,1
41,D:\MOX\OTHERS\DESIGN.C,Build_Initial_Design_Template_,28,D:\MOX\OTHERS\INITSHIP.C,Best_Armor_,1
41,D:\MOX\OTHERS\DESIGN.C,Build_Initial_Design_Template_,28,D:\MOX\OTHERS\INITSHIP.C,Best_Computer_,1
41,D:\MOX\OTHERS\DESIGN.C,Build_Initial_Design_Template_,28,D:\MOX\OTHERS\INITSHIP.C,Best_Ship_Fuel_,1
41,D:\MOX\OTHERS\DESIGN.C,Build_Initial_Design_Template_,28,D:\MOX\OTHERS\INITSHIP.C,Best_Ship_Shield_,1
41,D:\MOX\OTHERS\DESIGN.C,Build_Initial_Design_Template_,28,D:\MOX\OTHERS\INITSHIP.C,Best_Warp_Drive_,1
41,D:\MOX\OTHERS\DESIGN.C,Build_Initial_Design_Template_,41,D:\MOX\OTHERS\DESIGN.C,Current_Design_Base_Combat_Speed_,1
41,D:\MOX\OTHERS\DESIGN.C,Build_Initial_Design_Template_,41,D:\MOX\OTHERS\DESIGN.C,Current_Design_Has_Special_System_,1
41,D:\MOX\OTHERS\DESIGN.C,Build_Initial_Design_Template_,41,D:\MOX\OTHERS\DESIGN.C,Update_Calculated_Design_Data_,1
41,D:\MOX\OTHERS\DESIGN.C,Build_Initial_Design_Template_,41,D:\MOX\OTHERS\DESIGN.C,Weapon_Needs_Racks_,1
41,D:\MOX\OTHERS\DESIGN.C,Build_Initial_Design_Template_,47,D:\MOX\OTHERS\HACCESS.C,Current_Design_Size_,1
41,D:\MOX\OTHERS\DESIGN.C,Build_Initial_Design_Template_,47,D:\MOX\OTHERS\HACCESS.C,Design_Name_,1
41,D:\MOX\OTHERS\DESIGN.C,Build_Initial_Design_Template_,47,D:\MOX\OTHERS\HACCESS.C,Design_Picture_Num_,1
41,D:\MOX\OTHERS\DESIGN.C,Build_Initial_Design_Template_,47,D:\MOX\OTHERS\HACCESS.C,Design_Weapon_,1
41,D:\MOX\OTHERS\DESIGN.C,Build_Initial_Design_Template_,47,D:\MOX\OTHERS\HACCESS.C,Design_Weapon_Ammo_,1
41,D:\MOX\OTHERS\DESIGN.C,Build_Initial_Design_Template_,47,D:\MOX\OTHERS\HACCESS.C,Design_Weapon_Count_,1
41,D:\MOX\OTHERS\DESIGN.C,Build_Initial_Design_Template_,47,D:\MOX\OTHERS\HACCESS.C,Design_Weapon_Firing_Arc_,1
41,D:\MOX\OTHERS\DESIGN.C,Build_Initial_Design_Template_,47,D:\MOX\OTHERS\HACCESS.C,Design_Weapon_Specials_,1
41,D:\MOX\OTHERS\DESIGN.C,Check_For_Auto_Repeat_,41,D:\MOX\OTHERS\DESIGN.C,Update_Calculated_Design_Data_,1
41,D:\MOX\OTHERS\DESIGN.C,Check_For_Auto_Repeat_,41,D:\MOX\OTHERS\DESIGN.C,Weapon_Space_,1
41,D:\MOX\OTHERS\DESIGN.C,Check_Generic_Replacement_Fields_,28,D:\MOX\OTHERS\INITSHIP.C,Best_Computer_,1
41,D:\MOX\OTHERS\DESIGN.C,Check_Generic_Replacement_Fields_,28,D:\MOX\OTHERS\INITSHIP.C,Best_Ship_Shield_,1
41,D:\MOX\OTHERS\DESIGN.C,Check_Generic_Replacement_Fields_,40,D:\MOX\OTHERS\DESBOX.C,Generic_Replacement_Box_,2
41,D:\MOX\OTHERS\DESIGN.C,Check_Generic_Replacement_Fields_,41,D:\MOX\OTHERS\DESIGN.C,Has_Damper_Field_,1
41,D:\MOX\OTHERS\DESIGN.C,Check_Generic_Replacement_Fields_,46,D:\MOX\OTHERS\GENDRAW.C,Warning_Box_,2
41,D:\MOX\OTHERS\DESIGN.C,Check_Generic_Replacement_Fields_,48,D:\MOX\OTHERS\HAROLD.C,H_Message_,2
41,D:\MOX\OTHERS\DESIGN.C,Check_Plus_Minus_Buttons_,41,D:\MOX\OTHERS\DESIGN.C,Get_Ship_Design_Name_,1
41,D:\MOX\OTHERS\DESIGN.C,Check_Special_System_Fields_,40,D:\MOX\OTHERS\DESBOX.C,Special_Systems_Box_,1
41,D:\MOX\OTHERS\DESIGN.C,Check_Special_System_Fields_,42,D:\MOX\OTHERS\EVANHELP.C,Get_Application_Description_,1
41,D:\MOX\OTHERS\DESIGN.C,Check_Special_System_Fields_,64,D:\MOX\OTHERS\TEXTBOX.C,Text_Box_,1
41,D:\MOX\OTHERS\DESIGN.C,Check_Weapon_Fields_,40,D:\MOX\OTHERS\DESBOX.C,Weapons_Replacement_Box_,1
41,D:\MOX\OTHERS\DESIGN.C,Check_Weapon_Fields_,42,D:\MOX\OTHERS\EVANHELP.C,Get_Application_Description_,1
41,D:\MOX\OTHERS\DESIGN.C,Check_Weapon_Fields_,64,D:\MOX\OTHERS\TEXTBOX.C,Text_Box_,1
41,D:\MOX\OTHERS\DESIGN.C,Clear_Design_,28,D:\MOX\OTHERS\INITSHIP.C,Best_Armor_,1
41,D:\MOX\OTHERS\DESIGN.C,Clear_Design_,28,D:\MOX\OTHERS\INITSHIP.C,Best_Computer_,1
41,D:\MOX\OTHERS\DESIGN.C,Clear_Design_,28,D:\MOX\OTHERS\INITSHIP.C,Best_Ship_Fuel_,1
41,D:\MOX\OTHERS\DESIGN.C,Clear_Design_,28,D:\MOX\OTHERS\INITSHIP.C,Best_Warp_Drive_,1
41,D:\MOX\OTHERS\DESIGN.C,Clear_Design_,41,D:\MOX\OTHERS\DESIGN.C,Update_Calculated_Design_Data_,1
41,D:\MOX\OTHERS\DESIGN.C,Cost_Of_Design_,28,D:\MOX\OTHERS\INITSHIP.C,Best_Ship_Fuel_,1
41,D:\MOX\OTHERS\DESIGN.C,Cost_Of_Design_,41,D:\MOX\OTHERS\DESIGN.C,Current_Design_Base_Combat_Speed_,1
41,D:\MOX\OTHERS\DESIGN.C,Cost_Of_Design_,41,D:\MOX\OTHERS\DESIGN.C,Current_Design_Has_Special_System_,1
41,D:\MOX\OTHERS\DESIGN.C,Cost_Of_Design_,41,D:\MOX\OTHERS\DESIGN.C,Update_Calculated_Design_Data_,1
41,D:\MOX\OTHERS\DESIGN.C,Current_Design_Armor_Absorption_,41,D:\MOX\OTHERS\DESIGN.C,Current_Design_Has_Special_System_,1
41,D:\MOX\OTHERS\DESIGN.C,Current_Design_Combat_Speed_,41,D:\MOX\OTHERS\DESIGN.C,Current_Design_Base_Combat_Speed_,1
41,D:\MOX\OTHERS\DESIGN.C,Current_Design_Combat_Speed_,41,D:\MOX\OTHERS\DESIGN.C,Current_Design_Has_Special_System_,1
41,D:\MOX\OTHERS\DESIGN.C,Current_Design_Shield_Absorption_,41,D:\MOX\OTHERS\DESIGN.C,Current_Design_Has_Special_System_,1
41,D:\MOX\OTHERS\DESIGN.C,Current_Design_Structural_Points_,28,D:\MOX\OTHERS\INITSHIP.C,Get_Structure_,1
41,D:\MOX\OTHERS\DESIGN.C,Current_Design_Structural_Points_,41,D:\MOX\OTHERS\DESIGN.C,Current_Design_Has_Special_System_,1
41,D:\MOX\OTHERS\DESIGN.C,Design_Cost_For_Player_,41,D:\MOX\OTHERS\DESIGN.C,Build_Initial_Design_Template_,1
41,D:\MOX\OTHERS\DESIGN.C,Design_Screen_,1,L:\MOX\MOX2.C,_TOGGLE_PAGES_,3
41,D:\MOX\OTHERS\DESIGN.C,Design_Screen_,16,D:\MOX\JIM.C,Play_Background_Music_,1
41,D:\MOX\OTHERS\DESIGN.C,Design_Screen_,16,D:\MOX\JIM.C,Play_Streaming_Music_,3
41,D:\MOX\OTHERS\DESIGN.C,Design_Screen_,29,D:\MOX\OTHERS\KEN.C,Load_Player_Ship_Palette_,2
41,D:\MOX\OTHERS\DESIGN.C,Design_Screen_,41,D:\MOX\OTHERS\DESIGN.C,Add_Design_Buttons_,3
41,D:\MOX\OTHERS\DESIGN.C,Design_Screen_,41,D:\MOX\OTHERS\DESIGN.C,Build_Initial_Design_Template_,1
41,D:\MOX\OTHERS\DESIGN.C,Design_Screen_,41,D:\MOX\OTHERS\DESIGN.C,Check_For_Auto_Repeat_,3
41,D:\MOX\OTHERS\DESIGN.C,Design_Screen_,41,D:\MOX\OTHERS\DESIGN.C,Check_Generic_Replacement_Fields_,1
41,D:\MOX\OTHERS\DESIGN.C,Design_Screen_,41,D:\MOX\OTHERS\DESIGN.C,Check_Plus_Minus_Buttons_,1
41,D:\MOX\OTHERS\DESIGN.C,Design_Screen_,41,D:\MOX\OTHERS\DESIGN.C,Check_Special_System_Fields_,1
41,D:\MOX\OTHERS\DESIGN.C,Design_Screen_,41,D:\MOX\OTHERS\DESIGN.C,Check_Weapon_Fields_,1
41,D:\MOX\OTHERS\DESIGN.C,Design_Screen_,41,D:\MOX\OTHERS\DESIGN.C,Clear_Design_,1
41,D:\MOX\OTHERS\DESIGN.C,Design_Screen_,41,D:\MOX\OTHERS\DESIGN.C,Draw_Down_Buttons_,3
41,D:\MOX\OTHERS\DESIGN.C,Design_Screen_,41,D:\MOX\OTHERS\DESIGN.C,Get_Ship_Design_Name_,1
41,D:\MOX\OTHERS\DESIGN.C,Design_Screen_,41,D:\MOX\OTHERS\DESIGN.C,Load_Design_Screen_Pictures_,1
41,D:\MOX\OTHERS\DESIGN.C,Design_Screen_,41,D:\MOX\OTHERS\DESIGN.C,Print_Current_Design_,3
41,D:\MOX\OTHERS\DESIGN.C,Design_Screen_,41,D:\MOX\OTHERS\DESIGN.C,Print_Ship_Size_Error_Message_,1
41,D:\MOX\OTHERS\DESIGN.C,Design_Screen_,41,D:\MOX\OTHERS\DESIGN.C,Total_Design_Cost_,1
41,D:\MOX\OTHERS\DESIGN.C,Design_Screen_,41,D:\MOX\OTHERS\DESIGN.C,Update_Calculated_Design_Data_,1
41,D:\MOX\OTHERS\DESIGN.C,Design_Screen_,41,D:\MOX\OTHERS\DESIGN.C,Update_Player_Design_,1
41,D:\MOX\OTHERS\DESIGN.C,Design_Screen_,41,D:\MOX\OTHERS\DESIGN.C,Weapon_Space_,1
41,D:\MOX\OTHERS\DESIGN.C,Design_Screen_,42,D:\MOX\OTHERS\EVANHELP.C,Set_Design_Screen_Help_List_,2
41,D:\MOX\OTHERS\DESIGN.C,Design_Screen_,47,D:\MOX\OTHERS\HACCESS.C,Design_Name_,2
41,D:\MOX\OTHERS\DESIGN.C,Design_Screen_,79,D:\MOX\OTHERS\ERIC.C,Fast_Fade_In_,1
41,D:\MOX\OTHERS\DESIGN.C,Design_Screen_,79,D:\MOX\OTHERS\ERIC.C,Fast_Fade_Out_,1
41,D:\MOX\OTHERS\DESIGN.C,Design_Template_Costs_,41,D:\MOX\OTHERS\DESIGN.C,Cost_Given_M_Level_,4
41,D:\MOX\OTHERS\DESIGN.C,Design_Template_Costs_,41,D:\MOX\OTHERS\DESIGN.C,Tech_Level_,4
41,D:\MOX\OTHERS\DESIGN.C,Design_Template_Costs_,41,D:\MOX\OTHERS\DESIGN.C,Weapon_Cost_,1
41,D:\MOX\OTHERS\DESIGN.C,Design_Template_Space_Requirements_,41,D:\MOX\OTHERS\DESIGN.C,Miniaturization_Category_,2
41,D:\MOX\OTHERS\DESIGN.C,Design_Template_Space_Requirements_,41,D:\MOX\OTHERS\DESIGN.C,Shield_Space_,1
41,D:\MOX\OTHERS\DESIGN.C,Design_Template_Space_Requirements_,41,D:\MOX\OTHERS\DESIGN.C,Space_Given_M_Level_,3
41,D:\MOX\OTHERS\DESIGN.C,Design_Template_Space_Requirements_,41,D:\MOX\OTHERS\DESIGN.C,Tech_Level_,3
41,D:\MOX\OTHERS\DESIGN.C,Design_Template_Space_Requirements_,41,D:\MOX\OTHERS\DESIGN.C,Weapon_Space_,1
41,D:\MOX\OTHERS\DESIGN.C,Design_Weapon_Damage_String_,28,D:\MOX\OTHERS\INITSHIP.C,Best_Bomb_Weapon_,1
41,D:\MOX\OTHERS\DESIGN.C,Design_Weapon_Damage_String_,28,D:\MOX\OTHERS\INITSHIP.C,Best_Point_Defense_Weapon_,1
41,D:\MOX\OTHERS\DESIGN.C,Design_Weapon_Damage_String_,48,D:\MOX\OTHERS\HAROLD.C,H_Message_,1
41,D:\MOX\OTHERS\DESIGN.C,Draw_Design_Screen_,16,D:\MOX\JIM.C,Play_Streaming_Music_,1
41,D:\MOX\OTHERS\DESIGN.C,Draw_Design_Screen_,41,D:\MOX\OTHERS\DESIGN.C,Check_For_Auto_Repeat_,1
41,D:\MOX\OTHERS\DESIGN.C,Draw_Design_Screen_,41,D:\MOX\OTHERS\DESIGN.C,Draw_Down_Buttons_,1
41,D:\MOX\OTHERS\DESIGN.C,Draw_Design_Screen_,41,D:\MOX\OTHERS\DESIGN.C,Print_Current_Design_,1
41,D:\MOX\OTHERS\DESIGN.C,Draw_Down_Buttons_,41,D:\MOX\OTHERS\DESIGN.C,Get_Ship_Size_Button_Field_XY_,2
41,D:\MOX\OTHERS\DESIGN.C,Get_Colony_Handle_,48,D:\MOX\OTHERS\HAROLD.C,Planet_Index_,1
41,D:\MOX\OTHERS\DESIGN.C,Load_Design_Screen_Pictures_,41,D:\MOX\OTHERS\DESIGN.C,Get_Tech_Description_Lbx_Name_,1
41,D:\MOX\OTHERS\DESIGN.C,Load_Design_Screen_Pictures_,117,D:\MOX\OTHERS\RUSS.C,Mox_Update_,9
41,D:\MOX\OTHERS\DESIGN.C,Miniaturization_Category_,47,D:\MOX\OTHERS\HACCESS.C,Weapons_Index_From_Tech_App_,1
41,D:\MOX\OTHERS\DESIGN.C,Modify_Weapon_By_Arcs_,41,D:\MOX\OTHERS\DESIGN.C,N_Weapon_Arcs_,1
41,D:\MOX\OTHERS\DESIGN.C,N_Replacements_For_Generic_Item_,28,D:\MOX\OTHERS\INITSHIP.C,Best_Computer_,1
41,D:\MOX\OTHERS\DESIGN.C,N_Replacements_For_Generic_Item_,28,D:\MOX\OTHERS\INITSHIP.C,Best_Ship_Shield_,1
41,D:\MOX\OTHERS\DESIGN.C,One_Weapon_Space_,41,D:\MOX\OTHERS\DESIGN.C,Miniaturization_Category_,3
41,D:\MOX\OTHERS\DESIGN.C,One_Weapon_Space_,41,D:\MOX\OTHERS\DESIGN.C,Space_Given_M_Level_,3
41,D:\MOX\OTHERS\DESIGN.C,One_Weapon_Space_,41,D:\MOX\OTHERS\DESIGN.C,Tech_Level_,3
41,D:\MOX\OTHERS\DESIGN.C,One_Weapon_Space_,41,D:\MOX\OTHERS\DESIGN.C,Weapon_Type_,1
41,D:\MOX\OTHERS\DESIGN.C,One_Weapon_Space_Without_M_Level_,41,D:\MOX\OTHERS\DESIGN.C,Bonus_For_Regular_Mods_,1
41,D:\MOX\OTHERS\DESIGN.C,One_Weapon_Space_Without_M_Level_,41,D:\MOX\OTHERS\DESIGN.C,Bonus_For_Special_Mods_,1
41,D:\MOX\OTHERS\DESIGN.C,Print_Current_Design_,28,D:\MOX\OTHERS\INITSHIP.C,Get_Design_Combat_Bonuses_,1
41,D:\MOX\OTHERS\DESIGN.C,Print_Current_Design_,28,D:\MOX\OTHERS\INITSHIP.C,Get_Structure_,1
41,D:\MOX\OTHERS\DESIGN.C,Print_Current_Design_,29,D:\MOX\OTHERS\KEN.C,Get_Ship_Picture_Seg_,1
41,D:\MOX\OTHERS\DESIGN.C,Print_Current_Design_,41,D:\MOX\OTHERS\DESIGN.C,Build_Design_Template_,1
41,D:\MOX\OTHERS\DESIGN.C,Print_Current_Design_,41,D:\MOX\OTHERS\DESIGN.C,Current_Design_Armor_Absorption_,1
41,D:\MOX\OTHERS\DESIGN.C,Print_Current_Design_,41,D:\MOX\OTHERS\DESIGN.C,Current_Design_Combat_Speed_,1
41,D:\MOX\OTHERS\DESIGN.C,Print_Current_Design_,41,D:\MOX\OTHERS\DESIGN.C,Current_Design_Has_Special_System_,2
41,D:\MOX\OTHERS\DESIGN.C,Print_Current_Design_,41,D:\MOX\OTHERS\DESIGN.C,Design_Weapon_Damage_String_,1
41,D:\MOX\OTHERS\DESIGN.C,Print_Current_Design_,41,D:\MOX\OTHERS\DESIGN.C,Printed_Design_Cost_,1
41,D:\MOX\OTHERS\DESIGN.C,Print_Current_Design_,41,D:\MOX\OTHERS\DESIGN.C,Set_Flashing_Colors_,8
41,D:\MOX\OTHERS\DESIGN.C,Print_Current_Design_,41,D:\MOX\OTHERS\DESIGN.C,Shield_Strength_,1
41,D:\MOX\OTHERS\DESIGN.C,Print_Current_Design_,41,D:\MOX\OTHERS\DESIGN.C,Space_For_System_Replacement_,1
41,D:\MOX\OTHERS\DESIGN.C,Print_Current_Design_,41,D:\MOX\OTHERS\DESIGN.C,Space_For_Weapon_Replacement_,1
41,D:\MOX\OTHERS\DESIGN.C,Print_Current_Design_,41,D:\MOX\OTHERS\DESIGN.C,Weapon_Arc_String_,1
41,D:\MOX\OTHERS\DESIGN.C,Print_Current_Design_,41,D:\MOX\OTHERS\DESIGN.C,Weapon_Mod_String_,1
41,D:\MOX\OTHERS\DESIGN.C,Print_Current_Design_,41,D:\MOX\OTHERS\DESIGN.C,Weapon_Type_,1
41,D:\MOX\OTHERS\DESIGN.C,Print_Current_Design_,48,D:\MOX\OTHERS\HAROLD.C,H_Message_,25
41,D:\MOX\OTHERS\DESIGN.C,Print_Current_Design_,55,D:\MOX\OTHERS\MISC.C,Change_Font_Style_,2
41,D:\MOX\OTHERS\DESIGN.C,Print_Current_Design_,55,D:\MOX\OTHERS\MISC.C,Font_Colors2_,2
41,D:\MOX\OTHERS\DESIGN.C,Print_Current_Design_,55,D:\MOX\OTHERS\MISC.C,Get_Mox_Font_Colors_,3
41,D:\MOX\OTHERS\DESIGN.C,Print_Ship_Size_Error_Message_,46,D:\MOX\OTHERS\GENDRAW.C,Message_Box_,1
41,D:\MOX\OTHERS\DESIGN.C,Print_Ship_Size_Error_Message_,47,D:\MOX\OTHERS\HACCESS.C,Get_Planet_Name_,1
41,D:\MOX\OTHERS\DESIGN.C,Print_Ship_Size_Error_Message_,48,D:\MOX\OTHERS\HAROLD.C,Planet_Index_,1
41,D:\MOX\OTHERS\DESIGN.C,Print_Ship_Size_Error_Message_,55,D:\MOX\OTHERS\MISC.C,Get_LBX_Message_,1
41,D:\MOX\OTHERS\DESIGN.C,Printed_Design_Cost_,41,D:\MOX\OTHERS\DESIGN.C,Build_Design_Template_,1
41,D:\MOX\OTHERS\DESIGN.C,Printed_Design_Cost_,91,D:\MOX\OTHERS\AIBUILD.C,Refit_Cost_,1
41,D:\MOX\OTHERS\DESIGN.C,Replacement_Exists_,40,D:\MOX\OTHERS\DESBOX.C,Application_Type_,1
41,D:\MOX\OTHERS\DESIGN.C,Set_Flashing_Colors_,55,D:\MOX\OTHERS\MISC.C,Get_Font_Colors_,1
41,D:\MOX\OTHERS\DESIGN.C,Shield_Cost_Given_M_Level_,41,D:\MOX\OTHERS\DESIGN.C,Cost_Given_M_Level_,1
41,D:\MOX\OTHERS\DESIGN.C,Shield_Cost_Given_M_Level_,41,D:\MOX\OTHERS\DESIGN.C,Tech_Level_,1
41,D:\MOX\OTHERS\DESIGN.C,Shield_Space_Given_M_Level_,41,D:\MOX\OTHERS\DESIGN.C,Space_Given_M_Level_,1
41,D:\MOX\OTHERS\DESIGN.C,Shield_Space_Given_M_Level_,41,D:\MOX\OTHERS\DESIGN.C,Tech_Level_,1
41,D:\MOX\OTHERS\DESIGN.C,Shield_Strength_,41,D:\MOX\OTHERS\DESIGN.C,Current_Design_Has_Special_System_,1
41,D:\MOX\OTHERS\DESIGN.C,Space_For_System_Replacement_,40,D:\MOX\OTHERS\DESBOX.C,Application_Type_,1
41,D:\MOX\OTHERS\DESIGN.C,Space_For_System_Replacement_,41,D:\MOX\OTHERS\DESIGN.C,Miniaturization_Category_,1
41,D:\MOX\OTHERS\DESIGN.C,Space_For_System_Replacement_,41,D:\MOX\OTHERS\DESIGN.C,Space_Given_M_Level_,1
41,D:\MOX\OTHERS\DESIGN.C,Space_For_System_Replacement_,41,D:\MOX\OTHERS\DESIGN.C,Tech_Level_,1
41,D:\MOX\OTHERS\DESIGN.C,Space_For_Weapon_Replacement_,40,D:\MOX\OTHERS\DESBOX.C,Application_Type_,1
41,D:\MOX\OTHERS\DESIGN.C,Space_For_Weapon_Replacement_,41,D:\MOX\OTHERS\DESIGN.C,One_Weapon_Space_,1
41,D:\MOX\OTHERS\DESIGN.C,Space_For_Weapon_Replacement_,41,D:\MOX\OTHERS\DESIGN.C,Tech_App_To_Tech_Id_,1
41,D:\MOX\OTHERS\DESIGN.C,Tech_Level_,39,D:\MOX\OTHERS\ASSERT.C,hgetch_,1
41,D:\MOX\OTHERS\DESIGN.C,Tech_Level_,41,D:\MOX\OTHERS\DESIGN.C,Miniaturization_Level_,1
41,D:\MOX\OTHERS\DESIGN.C,Tech_Level_,117,D:\MOX\OTHERS\RUSS.C,PFMT_,1
41,D:\MOX\OTHERS\DESIGN.C,Total_Design_Cost_,41,D:\MOX\OTHERS\DESIGN.C,Cost_Reduction_For_Govt_Type_,1
41,D:\MOX\OTHERS\DESIGN.C,Update_Calculated_Design_Data_,41,D:\MOX\OTHERS\DESIGN.C,Current_Design_Shield_,1
41,D:\MOX\OTHERS\DESIGN.C,Update_Calculated_Design_Data_,41,D:\MOX\OTHERS\DESIGN.C,Design_Template_Costs_,1
41,D:\MOX\OTHERS\DESIGN.C,Update_Calculated_Design_Data_,41,D:\MOX\OTHERS\DESIGN.C,Design_Template_Space_Requirements_,1
41,D:\MOX\OTHERS\DESIGN.C,Update_Calculated_Design_Data_,41,D:\MOX\OTHERS\DESIGN.C,Has_Damper_Field_,1
41,D:\MOX\OTHERS\DESIGN.C,Update_Calculated_Design_Data_,41,D:\MOX\OTHERS\DESIGN.C,Total_Design_Cost_,1
41,D:\MOX\OTHERS\DESIGN.C,Update_Calculated_Design_Data_,41,D:\MOX\OTHERS\DESIGN.C,Total_Space_Used_,1
41,D:\MOX\OTHERS\DESIGN.C,Update_Calculated_Design_Data_,41,D:\MOX\OTHERS\DESIGN.C,Update_N_Spec_Systems_In_Design_,1
41,D:\MOX\OTHERS\DESIGN.C,Update_Calculated_Design_Data_,42,D:\MOX\OTHERS\EVANHELP.C,Set_Design_Screen_Help_List_,1
41,D:\MOX\OTHERS\DESIGN.C,Update_Player_Design_,28,D:\MOX\OTHERS\INITSHIP.C,Get_FTL_Speed_,1
41,D:\MOX\OTHERS\DESIGN.C,Update_Player_Design_,41,D:\MOX\OTHERS\DESIGN.C,Current_Design_Combat_Speed_,1
41,D:\MOX\OTHERS\DESIGN.C,Update_Player_Design_,47,D:\MOX\OTHERS\HACCESS.C,Design_Name_,1
41,D:\MOX\OTHERS\DESIGN.C,Weapon_Arc_String_,29,D:\MOX\OTHERS\KEN.C,Ken_Get_Text_Message_,1
41,D:\MOX\OTHERS\DESIGN.C,Weapon_Cost_,41,D:\MOX\OTHERS\DESIGN.C,Bonus_For_Regular_Mods_,1
41,D:\MOX\OTHERS\DESIGN.C,Weapon_Cost_,41,D:\MOX\OTHERS\DESIGN.C,Bonus_For_Special_Mods_,1
41,D:\MOX\OTHERS\DESIGN.C,Weapon_Cost_,41,D:\MOX\OTHERS\DESIGN.C,Cost_Given_M_Level_,1
41,D:\MOX\OTHERS\DESIGN.C,Weapon_Cost_,41,D:\MOX\OTHERS\DESIGN.C,Tech_Level_,1
41,D:\MOX\OTHERS\DESIGN.C,Weapon_Cost_,41,D:\MOX\OTHERS\DESIGN.C,Weapon_Type_,1
41,D:\MOX\OTHERS\DESIGN.C,Weapon_Mod_String_,48,D:\MOX\OTHERS\HAROLD.C,H_Message_,1
41,D:\MOX\OTHERS\DESIGN.C,Weapon_Space_,41,D:\MOX\OTHERS\DESIGN.C,Bonus_For_Regular_Mods_,1
41,D:\MOX\OTHERS\DESIGN.C,Weapon_Space_,41,D:\MOX\OTHERS\DESIGN.C,Bonus_For_Special_Mods_,1
41,D:\MOX\OTHERS\DESIGN.C,Weapon_Space_,41,D:\MOX\OTHERS\DESIGN.C,Miniaturization_Category_,1
41,D:\MOX\OTHERS\DESIGN.C,Weapon_Space_,41,D:\MOX\OTHERS\DESIGN.C,Space_Given_M_Level_,1
41,D:\MOX\OTHERS\DESIGN.C,Weapon_Space_,41,D:\MOX\OTHERS\DESIGN.C,Tech_Level_,1
41,D:\MOX\OTHERS\DESIGN.C,Weapon_Space_,41,D:\MOX\OTHERS\DESIGN.C,Weapon_Type_,1
42,D:\MOX\OTHERS\EVANHELP.C,Get_Application_Description_,64,D:\MOX\OTHERS\TEXTBOX.C,Get_Help_Lbx_Name_,1
42,D:\MOX\OTHERS\EVANHELP.C,Get_Help_LBX_Message_,64,D:\MOX\OTHERS\TEXTBOX.C,Get_Help_Lbx_Name_,1
42,D:\MOX\OTHERS\EVANHELP.C,Set_Main_Screen_Help_List_,56,D:\MOX\OTHERS\MOVEBOX.C,Moveable_Box_Selected_,1
42,D:\MOX\OTHERS\EVANHELP.C,Set_Modem_Setup_Screen_Help_List_,42,D:\MOX\OTHERS\EVANHELP.C,Offset_Help_Field_XYs_,1
42,D:\MOX\OTHERS\EVANHELP.C,Set_Null_Modem_Setup_Screen_Help_List_,42,D:\MOX\OTHERS\EVANHELP.C,Offset_Help_Field_XYs_,1
43,D:\MOX\OTHERS\FLEETPOP.C,Add_Fleet_Movement_Box_Fields_,43,D:\MOX\OTHERS\FLEETPOP.C,Add_Added_Buttons_,1
43,D:\MOX\OTHERS\FLEETPOP.C,Add_Fleet_Movement_Box_Fields_,43,D:\MOX\OTHERS\FLEETPOP.C,Fleet_Box_Data_,1
43,D:\MOX\OTHERS\FLEETPOP.C,Add_Fleet_Movement_Box_Fields_,43,D:\MOX\OTHERS\FLEETPOP.C,N_Fleet_Icons_,1
43,D:\MOX\OTHERS\FLEETPOP.C,Add_Fleet_Movement_Box_Fields_,47,D:\MOX\OTHERS\HACCESS.C,Fleet_Movement_Ship_Id_,1
43,D:\MOX\OTHERS\FLEETPOP.C,Add_Fleet_Movement_Box_Fields_,47,D:\MOX\OTHERS\HACCESS.C,Node_Ptr_From_Ship_Stack_,3
43,D:\MOX\OTHERS\FLEETPOP.C,Add_Fleet_Movement_Box_Fields_,47,D:\MOX\OTHERS\HACCESS.C,Player_Can_Order_Ship_,1
43,D:\MOX\OTHERS\FLEETPOP.C,Add_Fleet_Movement_Box_Fields_,47,D:\MOX\OTHERS\HACCESS.C,Ship_Owner_,1
43,D:\MOX\OTHERS\FLEETPOP.C,Add_Fleet_Movement_Box_Fields_,56,D:\MOX\OTHERS\MOVEBOX.C,Add_Whole_Window_Field_,1
43,D:\MOX\OTHERS\FLEETPOP.C,At_Least_One_Ship_Of_Type_Selected_,47,D:\MOX\OTHERS\HACCESS.C,Get_Fleet_Box_Selected_Ship_Ids_,1
43,D:\MOX\OTHERS\FLEETPOP.C,Can_Build_Outpost_,48,D:\MOX\OTHERS\HAROLD.C,Planet_Has_Outpost_,1
43,D:\MOX\OTHERS\FLEETPOP.C,Can_Select_Fleet_Box_Ship_,47,D:\MOX\OTHERS\HACCESS.C,Ship_Stack_Owner_,1
43,D:\MOX\OTHERS\FLEETPOP.C,Check_For_Attack_Antares_Button_,43,D:\MOX\OTHERS\FLEETPOP.C,Set_Attack_Antares_Button_Flag_,1
43,D:\MOX\OTHERS\FLEETPOP.C,Check_For_Build_Outpost_Button_,43,D:\MOX\OTHERS\FLEETPOP.C,Set_Build_Outpost_Button_Flag_,1
43,D:\MOX\OTHERS\FLEETPOP.C,Check_For_Colonization_Button_,43,D:\MOX\OTHERS\FLEETPOP.C,Set_Colonize_Button_Flag_,1
43,D:\MOX\OTHERS\FLEETPOP.C,Check_For_Engage_Enemy_Forces_Button_,43,D:\MOX\OTHERS\FLEETPOP.C,Set_Engage_Enemy_Forces_Flag_,1
43,D:\MOX\OTHERS\FLEETPOP.C,Check_For_Transport_Troops_Button_,43,D:\MOX\OTHERS\FLEETPOP.C,Set_Transport_Troops_Flag_,1
43,D:\MOX\OTHERS\FLEETPOP.C,Draw_Damage_Bars_,34,D:\MOX\OTHERS\AIPOWER.C,Current_Ship_Hits_,1
43,D:\MOX\OTHERS\FLEETPOP.C,Draw_Damage_Bars_,34,D:\MOX\OTHERS\AIPOWER.C,Max_Ship_Hits_,1
43,D:\MOX\OTHERS\FLEETPOP.C,Draw_Fleet_Movement_Box_,29,D:\MOX\OTHERS\KEN.C,Get_Ship_Id_Picture_Seg_,1
43,D:\MOX\OTHERS\FLEETPOP.C,Draw_Fleet_Movement_Box_,29,D:\MOX\OTHERS\KEN.C,Load_Player_Ship_Palette_,1
43,D:\MOX\OTHERS\FLEETPOP.C,Draw_Fleet_Movement_Box_,42,D:\MOX\OTHERS\EVANHELP.C,Set_Main_Screen_Help_List_,1
43,D:\MOX\OTHERS\FLEETPOP.C,Draw_Fleet_Movement_Box_,43,D:\MOX\OTHERS\FLEETPOP.C,Buffer_Reload_Fleetpop_Frame_,1
43,D:\MOX\OTHERS\FLEETPOP.C,Draw_Fleet_Movement_Box_,43,D:\MOX\OTHERS\FLEETPOP.C,Draw_Damage_Bars_,1
43,D:\MOX\OTHERS\FLEETPOP.C,Draw_Fleet_Movement_Box_,43,D:\MOX\OTHERS\FLEETPOP.C,Draw_Fleet_Movement_Box_,1
43,D:\MOX\OTHERS\FLEETPOP.C,Draw_Fleet_Movement_Box_,43,D:\MOX\OTHERS\FLEETPOP.C,Draw_Fleet_Pop_Added_Buttons_,1
43,D:\MOX\OTHERS\FLEETPOP.C,Draw_Fleet_Movement_Box_,43,D:\MOX\OTHERS\FLEETPOP.C,Draw_Large_Fleet_Box_Frame_,1
43,D:\MOX\OTHERS\FLEETPOP.C,Draw_Fleet_Movement_Box_,43,D:\MOX\OTHERS\FLEETPOP.C,Draw_Small_Fleet_Box_Frame_,1
43,D:\MOX\OTHERS\FLEETPOP.C,Draw_Fleet_Movement_Box_,43,D:\MOX\OTHERS\FLEETPOP.C,Fleet_Box_Data_,1
43,D:\MOX\OTHERS\FLEETPOP.C,Draw_Fleet_Movement_Box_,43,D:\MOX\OTHERS\FLEETPOP.C,N_Fleet_Icons_,1
43,D:\MOX\OTHERS\FLEETPOP.C,Draw_Fleet_Movement_Box_,43,D:\MOX\OTHERS\FLEETPOP.C,Print_Fleet_Box_Info_,1
43,D:\MOX\OTHERS\FLEETPOP.C,Draw_Fleet_Movement_Box_,43,D:\MOX\OTHERS\FLEETPOP.C,Set_Fleet_Movement_Icon_Selections_,1
43,D:\MOX\OTHERS\FLEETPOP.C,Draw_Fleet_Movement_Box_,47,D:\MOX\OTHERS\HACCESS.C,Build_Saved_Ship_Array_,1
43,D:\MOX\OTHERS\FLEETPOP.C,Draw_Fleet_Movement_Box_,47,D:\MOX\OTHERS\HACCESS.C,Clear_Fleet_Box_Selected_Ship_Status_,1
43,D:\MOX\OTHERS\FLEETPOP.C,Draw_Fleet_Movement_Box_,47,D:\MOX\OTHERS\HACCESS.C,Fleet_Movement_Icon_Selected_,1
43,D:\MOX\OTHERS\FLEETPOP.C,Draw_Fleet_Movement_Box_,47,D:\MOX\OTHERS\HACCESS.C,Fleet_Movement_Ship_Id_,1
43,D:\MOX\OTHERS\FLEETPOP.C,Draw_Fleet_Movement_Box_,47,D:\MOX\OTHERS\HACCESS.C,Is_Combat_Ship_,1
43,D:\MOX\OTHERS\FLEETPOP.C,Draw_Fleet_Movement_Box_,47,D:\MOX\OTHERS\HACCESS.C,Node_Ptr_From_Ship_Stack_,2
43,D:\MOX\OTHERS\FLEETPOP.C,Draw_Fleet_Movement_Box_,47,D:\MOX\OTHERS\HACCESS.C,Race_Name_,1
43,D:\MOX\OTHERS\FLEETPOP.C,Draw_Fleet_Movement_Box_,47,D:\MOX\OTHERS\HACCESS.C,Ship_Icon_Id_From_Node_Ptr_,1
43,D:\MOX\OTHERS\FLEETPOP.C,Draw_Fleet_Movement_Box_,47,D:\MOX\OTHERS\HACCESS.C,Ship_Stack_Owner_,1
43,D:\MOX\OTHERS\FLEETPOP.C,Draw_Fleet_Movement_Box_,48,D:\MOX\OTHERS\HAROLD.C,H_Message_,1
43,D:\MOX\OTHERS\FLEETPOP.C,Draw_Fleet_Movement_Box_,52,D:\MOX\OTHERS\MAINSCR.C,Draw_Exploding_Plasma_Box_,1
43,D:\MOX\OTHERS\FLEETPOP.C,Draw_Fleet_Movement_Box_,55,D:\MOX\OTHERS\MISC.C,Get_Mox_Font_Colors_,2
43,D:\MOX\OTHERS\FLEETPOP.C,Draw_Fleet_Movement_Box_,61,D:\MOX\OTHERS\SCROLL.C,Draw_Generic_Vertical_Scroll_Bar_,1
43,D:\MOX\OTHERS\FLEETPOP.C,Draw_Fleet_Movement_Box_,61,D:\MOX\OTHERS\SCROLL.C,Get_Vertical_Scroll_Bar_Height_,1
43,D:\MOX\OTHERS\FLEETPOP.C,Draw_Large_Fleet_Box_Frame_,55,D:\MOX\OTHERS\MISC.C,Restore_Window_Status_,1
43,D:\MOX\OTHERS\FLEETPOP.C,Draw_Large_Fleet_Box_Frame_,55,D:\MOX\OTHERS\MISC.C,Save_Window_Status_,1
43,D:\MOX\OTHERS\FLEETPOP.C,Draw_Small_Fleet_Box_Frame_,43,D:\MOX\OTHERS\FLEETPOP.C,Fleet_Box_Grid_Height_,1
43,D:\MOX\OTHERS\FLEETPOP.C,Draw_Small_Fleet_Box_Frame_,55,D:\MOX\OTHERS\MISC.C,Restore_Window_Status_,2
43,D:\MOX\OTHERS\FLEETPOP.C,Draw_Small_Fleet_Box_Frame_,55,D:\MOX\OTHERS\MISC.C,Save_Window_Status_,2
43,D:\MOX\OTHERS\FLEETPOP.C,First_Unselected_Icon_,43,D:\MOX\OTHERS\FLEETPOP.C,Fleet_Box_Height_,1
43,D:\MOX\OTHERS\FLEETPOP.C,First_Unselected_Icon_,43,D:\MOX\OTHERS\FLEETPOP.C,Set_Added_Button_Stuff_,1
43,D:\MOX\OTHERS\FLEETPOP.C,First_Unselected_Icon_,43,D:\MOX\OTHERS\FLEETPOP.C,Set_Fleet_Movement_Box_Dimensions_,1
43,D:\MOX\OTHERS\FLEETPOP.C,First_Unselected_Icon_,47,D:\MOX\OTHERS\HACCESS.C,Fleet_Movement_Icon_Selected_,1
43,D:\MOX\OTHERS\FLEETPOP.C,Fleet_Box_Data_,43,D:\MOX\OTHERS\FLEETPOP.C,Fleet_Box_Height_,1
43,D:\MOX\OTHERS\FLEETPOP.C,Fleet_Box_Height_,43,D:\MOX\OTHERS\FLEETPOP.C,Fleet_Box_Grid_Height_,1
43,D:\MOX\OTHERS\FLEETPOP.C,Get_Absolute_Location_Scan_Info_,48,D:\MOX\OTHERS\HAROLD.C,Absolute_Location_,1
43,D:\MOX\OTHERS\FLEETPOP.C,Get_Absolute_Location_Scan_Info_,48,D:\MOX\OTHERS\HAROLD.C,Player_Has_Visited_,1
43,D:\MOX\OTHERS\FLEETPOP.C,Get_Fleetpop_Scanned_Ship_Info_,47,D:\MOX\OTHERS\HACCESS.C,Fleet_Movement_Ship_Id_,1
43,D:\MOX\OTHERS\FLEETPOP.C,Get_Fleetpop_Scanned_Ship_Info_,47,D:\MOX\OTHERS\HACCESS.C,Is_Combat_Ship_,1
43,D:\MOX\OTHERS\FLEETPOP.C,Get_Fleetpop_Scanned_Ship_Info_,47,D:\MOX\OTHERS\HACCESS.C,Ship_Owner_,1
43,D:\MOX\OTHERS\FLEETPOP.C,N_Fleet_Icons_,47,D:\MOX\OTHERS\HACCESS.C,Ship_Owner_,1
43,D:\MOX\OTHERS\FLEETPOP.C,Print_Fleet_Box_Info_,43,D:\MOX\OTHERS\FLEETPOP.C,Get_Absolute_Location_Scan_Info_,1
43,D:\MOX\OTHERS\FLEETPOP.C,Print_Fleet_Box_Info_,43,D:\MOX\OTHERS\FLEETPOP.C,Get_Fleetpop_Scanned_Ship_Info_,1
43,D:\MOX\OTHERS\FLEETPOP.C,Print_Fleet_Box_Info_,43,D:\MOX\OTHERS\FLEETPOP.C,Some_Icon_Selected_,1
43,D:\MOX\OTHERS\FLEETPOP.C,Print_Fleet_Box_Info_,47,D:\MOX\OTHERS\HACCESS.C,Fleet_Movement_Ship_Id_,1
43,D:\MOX\OTHERS\FLEETPOP.C,Print_Fleet_Box_Info_,48,D:\MOX\OTHERS\HAROLD.C,H_Message_,7
43,D:\MOX\OTHERS\FLEETPOP.C,Print_Fleet_Box_Info_,48,D:\MOX\OTHERS\HAROLD.C,Player_Has_Visited_,2
43,D:\MOX\OTHERS\FLEETPOP.C,Print_Fleet_Box_Info_,55,D:\MOX\OTHERS\MISC.C,Get_Mox_Font_Colors_,1
43,D:\MOX\OTHERS\FLEETPOP.C,Print_Fleet_Box_Info_,55,D:\MOX\OTHERS\MISC.C,Set_Fitted_Font_Style_,1
43,D:\MOX\OTHERS\FLEETPOP.C,Print_Fleet_Box_Info_,55,D:\MOX\OTHERS\MISC.C,Set_Font_Colors_,1
43,D:\MOX\OTHERS\FLEETPOP.C,Print_Fleet_Box_Info_,79,D:\MOX\OTHERS\ERIC.C,Print_Paragraph_Centered_,1
43,D:\MOX\OTHERS\FLEETPOP.C,Reload_Fleet_Box_Data_,43,D:\MOX\OTHERS\FLEETPOP.C,N_Fleet_Icons_,1
43,D:\MOX\OTHERS\FLEETPOP.C,Reload_Fleet_Box_Data_,47,D:\MOX\OTHERS\HACCESS.C,Get_Stack_Start_From_Saved_Ship_Array_,1
43,D:\MOX\OTHERS\FLEETPOP.C,Reload_Fleet_Box_Data_,47,D:\MOX\OTHERS\HACCESS.C,Node_Ptr_From_Ship_Stack_,1
43,D:\MOX\OTHERS\FLEETPOP.C,Reload_Fleet_Box_Palette_,29,D:\MOX\OTHERS\KEN.C,Load_Player_Ship_Palette_,1
43,D:\MOX\OTHERS\FLEETPOP.C,Reload_Ship_Selection_Status_,47,D:\MOX\OTHERS\HACCESS.C,Node_Ptr_From_Ship_Stack_,1
43,D:\MOX\OTHERS\FLEETPOP.C,Reload_Ship_Selection_Status_,47,D:\MOX\OTHERS\HACCESS.C,Ship_Stack_Owner_,1
43,D:\MOX\OTHERS\FLEETPOP.C,Reload_Ship_Selection_Status_,52,D:\MOX\OTHERS\MAINSCR.C,Ship_Can_Be_Selected_,1
43,D:\MOX\OTHERS\FLEETPOP.C,Save_Ship_Selection_Status_,47,D:\MOX\OTHERS\HACCESS.C,Node_Ptr_From_Ship_Stack_,1
43,D:\MOX\OTHERS\FLEETPOP.C,Save_Ship_Selection_Status_,47,D:\MOX\OTHERS\HACCESS.C,Ship_Stack_Owner_,1
43,D:\MOX\OTHERS\FLEETPOP.C,Set_Added_Button_Stuff_,43,D:\MOX\OTHERS\FLEETPOP.C,Set_Attack_Antares_Button_Flag_,1
43,D:\MOX\OTHERS\FLEETPOP.C,Set_Added_Button_Stuff_,43,D:\MOX\OTHERS\FLEETPOP.C,Set_Build_Outpost_Button_Flag_,1
43,D:\MOX\OTHERS\FLEETPOP.C,Set_Added_Button_Stuff_,43,D:\MOX\OTHERS\FLEETPOP.C,Set_Colonize_Button_Flag_,1
43,D:\MOX\OTHERS\FLEETPOP.C,Set_Added_Button_Stuff_,43,D:\MOX\OTHERS\FLEETPOP.C,Set_Engage_Enemy_Forces_Flag_,1
43,D:\MOX\OTHERS\FLEETPOP.C,Set_Added_Button_Stuff_,43,D:\MOX\OTHERS\FLEETPOP.C,Set_Fleet_Box_Data_Dimensions_,1
43,D:\MOX\OTHERS\FLEETPOP.C,Set_Added_Button_Stuff_,43,D:\MOX\OTHERS\FLEETPOP.C,Set_Transport_Troops_Flag_,1
43,D:\MOX\OTHERS\FLEETPOP.C,Set_Attack_Antares_Button_Flag_,47,D:\MOX\OTHERS\HACCESS.C,Is_Combat_Ship_,1
43,D:\MOX\OTHERS\FLEETPOP.C,Set_Attack_Antares_Button_Flag_,48,D:\MOX\OTHERS\HAROLD.C,Absolute_Location_,1
43,D:\MOX\OTHERS\FLEETPOP.C,Set_Attack_Antares_Button_Flag_,48,D:\MOX\OTHERS\HAROLD.C,Star_Has_Dimensional_Portal_,1
43,D:\MOX\OTHERS\FLEETPOP.C,Set_Attack_Antares_Button_Flag_,48,D:\MOX\OTHERS\HAROLD.C,XY_To_Star_Id_,1
43,D:\MOX\OTHERS\FLEETPOP.C,Set_Build_Outpost_Button_Flag_,43,D:\MOX\OTHERS\FLEETPOP.C,Can_Build_Outpost_,1
43,D:\MOX\OTHERS\FLEETPOP.C,Set_Build_Outpost_Button_Flag_,47,D:\MOX\OTHERS\HACCESS.C,Ship_Owner_,1
43,D:\MOX\OTHERS\FLEETPOP.C,Set_Colonize_Button_Flag_,43,D:\MOX\OTHERS\FLEETPOP.C,Planet_Is_Colonizable_,1
43,D:\MOX\OTHERS\FLEETPOP.C,Set_Colonize_Button_Flag_,47,D:\MOX\OTHERS\HACCESS.C,Ship_Owner_,2
43,D:\MOX\OTHERS\FLEETPOP.C,Set_Engage_Enemy_Forces_Flag_,47,D:\MOX\OTHERS\HACCESS.C,Ship_Owner_,2
43,D:\MOX\OTHERS\FLEETPOP.C,Set_Engage_Enemy_Forces_Flag_,48,D:\MOX\OTHERS\HAROLD.C,XY_To_Star_Id_,1
43,D:\MOX\OTHERS\FLEETPOP.C,Set_Fleet_Movement_Box_Dimensions_,43,D:\MOX\OTHERS\FLEETPOP.C,Fleet_Box_Grid_Height_,1
43,D:\MOX\OTHERS\FLEETPOP.C,Set_Fleet_Movement_Box_Dimensions_,43,D:\MOX\OTHERS\FLEETPOP.C,Fleet_Box_Height_,1
43,D:\MOX\OTHERS\FLEETPOP.C,Set_Fleet_Movement_Icon_Selections_,43,D:\MOX\OTHERS\FLEETPOP.C,Ship_Should_Be_Auto_Selected_,1
43,D:\MOX\OTHERS\FLEETPOP.C,Set_Fleet_Movement_Icon_Selections_,47,D:\MOX\OTHERS\HACCESS.C,Ship_Owner_,1
43,D:\MOX\OTHERS\FLEETPOP.C,Set_Fleet_Movement_Icon_Selections_,52,D:\MOX\OTHERS\MAINSCR.C,Ship_Can_Be_Selected_,1
43,D:\MOX\OTHERS\FLEETPOP.C,Set_Transport_Troops_Flag_,47,D:\MOX\OTHERS\HACCESS.C,Ship_Owner_,2
43,D:\MOX\OTHERS\FLEETPOP.C,Set_Transport_Troops_Flag_,48,D:\MOX\OTHERS\HAROLD.C,XY_To_Star_Id_,1
43,D:\MOX\OTHERS\FLEETPOP.C,Ship_Should_Be_Auto_Selected_,52,D:\MOX\OTHERS\MAINSCR.C,Ship_Can_Be_Selected_,1
43,D:\MOX\OTHERS\FLEETPOP.C,Ship_Should_Be_Auto_Selected_,61,D:\MOX\OTHERS\SCROLL.C,Get_Vertical_Scroll_Bar_Height_,1
43,D:\MOX\OTHERS\FLEETPOP.C,Some_Icon_Selected_,47,D:\MOX\OTHERS\HACCESS.C,Get_Fleet_Box_Selected_Ship_Ids_,1
43,D:\MOX\OTHERS\FLEETPOP.C,Some_Icon_Selected_,56,D:\MOX\OTHERS\MOVEBOX.C,Moveable_Box_Selected_,1
44,D:\MOX\OTHERS\FLT1.C,Add_Fleet_Screen_Fields_,44,D:\MOX\OTHERS\FLT1.C,At_Least_One_Officer_,1
44,D:\MOX\OTHERS\FLT1.C,Add_Fleet_Screen_Fields_,45,D:\MOX\OTHERS\FLT2.C,Add_Fltscrn_Small_Icon_Fields_,1
44,D:\MOX\OTHERS\FLT1.C,Add_Fleet_Screen_Fields_,45,D:\MOX\OTHERS\FLT2.C,Fleet_Screen_Big_Icon_Fields_,1
44,D:\MOX\OTHERS\FLT1.C,Add_Fleet_Screen_Fields_,56,D:\MOX\OTHERS\MOVEBOX.C,Add_Galaxy_Map_Fields_2_,1
44,D:\MOX\OTHERS\FLT1.C,Cancel_Star_Relocation_,47,D:\MOX\OTHERS\HACCESS.C,Clear_Star_Relocation_,1
44,D:\MOX\OTHERS\FLT1.C,Cancel_Star_Relocation_,48,D:\MOX\OTHERS\HAROLD.C,H_Message_,1
44,D:\MOX\OTHERS\FLT1.C,Cancel_Star_Relocation_,48,D:\MOX\OTHERS\HAROLD.C,User_Box_,1
44,D:\MOX\OTHERS\FLT1.C,Cant_Order_Ship_Message_,48,D:\MOX\OTHERS\HAROLD.C,H_Message_,1
44,D:\MOX\OTHERS\FLT1.C,Cant_Order_Ship_Message_,48,D:\MOX\OTHERS\HAROLD.C,User_Box_,1
44,D:\MOX\OTHERS\FLT1.C,Draw_Flashing_Small_Ship_Icon_,44,D:\MOX\OTHERS\FLT1.C,F_Ship_Icon_From_Node_Ptr_,1
44,D:\MOX\OTHERS\FLT1.C,Draw_Flashing_Small_Ship_Icon_,47,D:\MOX\OTHERS\HACCESS.C,Ship_Owner_,1
44,D:\MOX\OTHERS\FLT1.C,Draw_Fleet_Screen_,44,D:\MOX\OTHERS\FLT1.C,Draw_Box_Around_Scanned_Ship_,1
44,D:\MOX\OTHERS\FLT1.C,Draw_Fleet_Screen_,44,D:\MOX\OTHERS\FLT1.C,Draw_Flashing_Small_Ship_Icon_,1
44,D:\MOX\OTHERS\FLT1.C,Draw_Fleet_Screen_,44,D:\MOX\OTHERS\FLT1.C,Draw_Fltscrn_Big_Ship_Icons_,1
44,D:\MOX\OTHERS\FLT1.C,Draw_Fleet_Screen_,44,D:\MOX\OTHERS\FLT1.C,Draw_Fltscrn_Relocation_Lines_,1
44,D:\MOX\OTHERS\FLT1.C,Draw_Fleet_Screen_,44,D:\MOX\OTHERS\FLT1.C,Draw_Fltscrn_Ship_Destination_Lines_,1
44,D:\MOX\OTHERS\FLT1.C,Draw_Fleet_Screen_,44,D:\MOX\OTHERS\FLT1.C,Draw_Fltscrn_Small_Ship_Icons_,1
44,D:\MOX\OTHERS\FLT1.C,Draw_Fleet_Screen_,45,D:\MOX\OTHERS\FLT2.C,Print_Fltscrn_Scanned_Star_Name_,1
44,D:\MOX\OTHERS\FLT1.C,Draw_Fleet_Screen_,45,D:\MOX\OTHERS\FLT2.C,Print_Scanned_Ship_Data_,1
44,D:\MOX\OTHERS\FLT1.C,Draw_Fleet_Screen_,56,D:\MOX\OTHERS\MOVEBOX.C,Draw_Galaxy_Map_Box_,1
44,D:\MOX\OTHERS\FLT1.C,Draw_Fleet_Screen_,58,D:\MOX\OTHERS\OFFICER.C,Print_Galmap_Scanned_Ship_,1
44,D:\MOX\OTHERS\FLT1.C,Draw_Fleet_Screen_,61,D:\MOX\OTHERS\SCROLL.C,Draw_Generic_Vertical_Scroll_Bar_,1
44,D:\MOX\OTHERS\FLT1.C,Draw_Fltscrn_Big_Ship_Icons_,29,D:\MOX\OTHERS\KEN.C,Get_Ship_Id_Picture_Seg_,2
44,D:\MOX\OTHERS\FLT1.C,Draw_Fltscrn_Big_Ship_Icons_,43,D:\MOX\OTHERS\FLEETPOP.C,Draw_Damage_Bars_,1
44,D:\MOX\OTHERS\FLT1.C,Draw_Fltscrn_Big_Ship_Icons_,44,D:\MOX\OTHERS\FLT1.C,Draw_Box_Around_Scanned_Ship_,1
44,D:\MOX\OTHERS\FLT1.C,Draw_Fltscrn_Big_Ship_Icons_,45,D:\MOX\OTHERS\FLT2.C,Get_Fltscrn_Big_Icon_XY_,1
44,D:\MOX\OTHERS\FLT1.C,Draw_Fltscrn_Big_Ship_Icons_,47,D:\MOX\OTHERS\HACCESS.C,Is_Combat_Ship_,1
44,D:\MOX\OTHERS\FLT1.C,Draw_Fltscrn_Big_Ship_Icons_,47,D:\MOX\OTHERS\HACCESS.C,Ship_Owner_,1
44,D:\MOX\OTHERS\FLT1.C,Draw_Fltscrn_Relocation_Lines_,47,D:\MOX\OTHERS\HACCESS.C,Relocation_,1
44,D:\MOX\OTHERS\FLT1.C,Draw_Fltscrn_Relocation_Lines_,47,D:\MOX\OTHERS\HACCESS.C,Star_Has_Relocation_,1
44,D:\MOX\OTHERS\FLT1.C,Draw_Fltscrn_Relocation_Lines_,56,D:\MOX\OTHERS\MOVEBOX.C,Get_Galaxy_Map_Star_XY_,2
44,D:\MOX\OTHERS\FLT1.C,Draw_Fltscrn_Relocation_Lines_,62,D:\MOX\OTHERS\SHIPS.C,Draw_Ship_Destination_Line_,1
44,D:\MOX\OTHERS\FLT1.C,Draw_Fltscrn_Ship_Destination_Lines_,44,D:\MOX\OTHERS\FLT1.C,F_Ship_Icon_From_Node_Ptr_,1
44,D:\MOX\OTHERS\FLT1.C,Draw_Fltscrn_Ship_Destination_Lines_,44,D:\MOX\OTHERS\FLT1.C,First_Selected_Ship_,1
44,D:\MOX\OTHERS\FLT1.C,Draw_Fltscrn_Ship_Destination_Lines_,47,D:\MOX\OTHERS\HACCESS.C,Ship_Icon_Ship_Id_,1
44,D:\MOX\OTHERS\FLT1.C,Draw_Fltscrn_Ship_Destination_Lines_,47,D:\MOX\OTHERS\HACCESS.C,Ship_Owner_,1
44,D:\MOX\OTHERS\FLT1.C,Draw_Fltscrn_Ship_Destination_Lines_,48,D:\MOX\OTHERS\HAROLD.C,Absolute_Location_,1
44,D:\MOX\OTHERS\FLT1.C,Draw_Fltscrn_Ship_Destination_Lines_,48,D:\MOX\OTHERS\HAROLD.C,Actual_Star_Id_,1
44,D:\MOX\OTHERS\FLT1.C,Draw_Fltscrn_Ship_Destination_Lines_,56,D:\MOX\OTHERS\MOVEBOX.C,Get_Galaxy_Map_Star_XY_,2
44,D:\MOX\OTHERS\FLT1.C,Draw_Fltscrn_Ship_Destination_Lines_,62,D:\MOX\OTHERS\SHIPS.C,Draw_Ship_Destination_Line_,2
44,D:\MOX\OTHERS\FLT1.C,Draw_Fltscrn_Ship_Destination_Lines_,62,D:\MOX\OTHERS\SHIPS.C,Enemy_Ship_Heading_Toward_Our_Colony_,1
44,D:\MOX\OTHERS\FLT1.C,Draw_Fltscrn_Small_Ship_Icons_,47,D:\MOX\OTHERS\HACCESS.C,Ship_Stack_Owner_,1
44,D:\MOX\OTHERS\FLT1.C,Fleet_Screen_,1,L:\MOX\MOX2.C,_TOGGLE_PAGES_,2
44,D:\MOX\OTHERS\FLT1.C,Fleet_Screen_,19,D:\MOX\OTHERS\CMBTDRW1.C,Detailed_View_Ship_,1
44,D:\MOX\OTHERS\FLT1.C,Fleet_Screen_,29,D:\MOX\OTHERS\KEN.C,Load_Player_Ship_Palette_,1
44,D:\MOX\OTHERS\FLT1.C,Fleet_Screen_,42,D:\MOX\OTHERS\EVANHELP.C,Set_Fleet_Screen_Help_List_,3
44,D:\MOX\OTHERS\FLT1.C,Fleet_Screen_,44,D:\MOX\OTHERS\FLT1.C,Add_Fleet_Screen_Fields_,2
44,D:\MOX\OTHERS\FLT1.C,Fleet_Screen_,44,D:\MOX\OTHERS\FLT1.C,Build_Scrap_List_,1
44,D:\MOX\OTHERS\FLT1.C,Fleet_Screen_,44,D:\MOX\OTHERS\FLT1.C,Cancel_Star_Relocation_,1
44,D:\MOX\OTHERS\FLT1.C,Fleet_Screen_,44,D:\MOX\OTHERS\FLT1.C,Draw_Fleet_Screen_,2
44,D:\MOX\OTHERS\FLT1.C,Fleet_Screen_,44,D:\MOX\OTHERS\FLT1.C,First_Selected_Ship_,1
44,D:\MOX\OTHERS\FLT1.C,Fleet_Screen_,44,D:\MOX\OTHERS\FLT1.C,N_Fltscrn_Ships_Selected_,1
44,D:\MOX\OTHERS\FLT1.C,Fleet_Screen_,44,D:\MOX\OTHERS\FLT1.C,Next_Ship_Icon_,2
44,D:\MOX\OTHERS\FLT1.C,Fleet_Screen_,44,D:\MOX\OTHERS\FLT1.C,Previous_Ship_Icon_,1
44,D:\MOX\OTHERS\FLT1.C,Fleet_Screen_,44,D:\MOX\OTHERS\FLT1.C,Reload_Fleet_Screen_,1
44,D:\MOX\OTHERS\FLT1.C,Fleet_Screen_,44,D:\MOX\OTHERS\FLT1.C,Scan_Small_Ship_Icons_,1
44,D:\MOX\OTHERS\FLT1.C,Fleet_Screen_,44,D:\MOX\OTHERS\FLT1.C,Scrap_Ships_,1
44,D:\MOX\OTHERS\FLT1.C,Fleet_Screen_,44,D:\MOX\OTHERS\FLT1.C,Set_Fltscrn_Big_Icons_,1
44,D:\MOX\OTHERS\FLT1.C,Fleet_Screen_,44,D:\MOX\OTHERS\FLT1.C,Star_Relocation_,1
44,D:\MOX\OTHERS\FLT1.C,Fleet_Screen_,44,D:\MOX\OTHERS\FLT1.C,Update_Selection_Flags_,1
44,D:\MOX\OTHERS\FLT1.C,Fleet_Screen_,45,D:\MOX\OTHERS\FLT2.C,Fix_Palette_,1
44,D:\MOX\OTHERS\FLT1.C,Fleet_Screen_,45,D:\MOX\OTHERS\FLT2.C,Fltscrn_Move_Ships_,1
44,D:\MOX\OTHERS\FLT1.C,Fleet_Screen_,45,D:\MOX\OTHERS\FLT2.C,Fltscrn_Ships_To_Be_Displayed_,1
44,D:\MOX\OTHERS\FLT1.C,Fleet_Screen_,45,D:\MOX\OTHERS\FLT2.C,Scan_Fltscrn_Big_Icons_,1
44,D:\MOX\OTHERS\FLT1.C,Fleet_Screen_,45,D:\MOX\OTHERS\FLT2.C,Set_Fltscrn_Small_Ship_Icon_XYs_,2
44,D:\MOX\OTHERS\FLT1.C,Fleet_Screen_,45,D:\MOX\OTHERS\FLT2.C,Set_Initial_Stack_Pointer_,1
44,D:\MOX\OTHERS\FLT1.C,Fleet_Screen_,45,D:\MOX\OTHERS\FLT2.C,Set_Small_Ship_Stack_Pointer_,1
44,D:\MOX\OTHERS\FLT1.C,Fleet_Screen_,47,D:\MOX\OTHERS\HACCESS.C,Clear_All_Star_Relocations_,1
44,D:\MOX\OTHERS\FLT1.C,Fleet_Screen_,47,D:\MOX\OTHERS\HACCESS.C,Clear_Fleet_Box_Selected_Ship_Status_,1
44,D:\MOX\OTHERS\FLT1.C,Fleet_Screen_,47,D:\MOX\OTHERS\HACCESS.C,Player_Can_Order_Ship_,1
44,D:\MOX\OTHERS\FLT1.C,Fleet_Screen_,47,D:\MOX\OTHERS\HACCESS.C,Set_All_Star_Relocations_,1
44,D:\MOX\OTHERS\FLT1.C,Fleet_Screen_,47,D:\MOX\OTHERS\HACCESS.C,Ship_Owner_,2
44,D:\MOX\OTHERS\FLT1.C,Fleet_Screen_,47,D:\MOX\OTHERS\HACCESS.C,Ship_Stack_Owner_,2
44,D:\MOX\OTHERS\FLT1.C,Fleet_Screen_,48,D:\MOX\OTHERS\HAROLD.C,H_Message_,5
44,D:\MOX\OTHERS\FLT1.C,Fleet_Screen_,48,D:\MOX\OTHERS\HAROLD.C,N_Player_Ships_,2
44,D:\MOX\OTHERS\FLT1.C,Fleet_Screen_,48,D:\MOX\OTHERS\HAROLD.C,User_Box_,5
44,D:\MOX\OTHERS\FLT1.C,Fleet_Screen_,52,D:\MOX\OTHERS\MAINSCR.C,Scan_Galaxy_Map_Fields_,1
44,D:\MOX\OTHERS\FLT1.C,Fleet_Screen_,56,D:\MOX\OTHERS\MOVEBOX.C,Moveable_Box_Selected_,1
44,D:\MOX\OTHERS\FLT1.C,Fleet_Screen_,56,D:\MOX\OTHERS\MOVEBOX.C,Vanish_Fleet_Movement_Box_,1
44,D:\MOX\OTHERS\FLT1.C,Fleet_Screen_,58,D:\MOX\OTHERS\OFFICER.C,Move_From_Limbo_To_Pool_,1
44,D:\MOX\OTHERS\FLT1.C,Fleet_Screen_,61,D:\MOX\OTHERS\SCROLL.C,Get_Vertical_Scroll_Bar_Height_,2
44,D:\MOX\OTHERS\FLT1.C,Fleet_Screen_,61,D:\MOX\OTHERS\SCROLL.C,Scroll_Down_One_Item_,1
44,D:\MOX\OTHERS\FLT1.C,Fleet_Screen_,61,D:\MOX\OTHERS\SCROLL.C,Scroll_Up_One_Item_,1
44,D:\MOX\OTHERS\FLT1.C,Fleet_Screen_,62,D:\MOX\OTHERS\SHIPS.C,Build_Ship_Icons_,1
44,D:\MOX\OTHERS\FLT1.C,Fleet_Screen_,63,D:\MOX\OTHERS\SYS.C,Clear_System_Display_Loaded_Flag_,1
44,D:\MOX\OTHERS\FLT1.C,Fleet_Screen_,79,D:\MOX\OTHERS\ERIC.C,Fast_Fade_In_,1
44,D:\MOX\OTHERS\FLT1.C,Fleet_Screen_,79,D:\MOX\OTHERS\ERIC.C,Fast_Fade_Out_,1
44,D:\MOX\OTHERS\FLT1.C,Get_Scrap_Ship_Value_,61,D:\MOX\OTHERS\SCROLL.C,Get_Vertical_Scroll_Bar_Height_,1
44,D:\MOX\OTHERS\FLT1.C,Get_Scrap_Ship_Value_,109,D:\MOX\OTHERS\MAINTAIN.C,Ship_Scrap_Value_,1
44,D:\MOX\OTHERS\FLT1.C,Get_Technology_From_Scrapped_Ship_,28,D:\MOX\OTHERS\INITSHIP.C,Best_Ship_Fuel_,1
44,D:\MOX\OTHERS\FLT1.C,Get_Technology_From_Scrapped_Ship_,47,D:\MOX\OTHERS\HACCESS.C,Player_Has_Tech_,6
44,D:\MOX\OTHERS\FLT1.C,Get_Technology_From_Scrapped_Ship_,48,D:\MOX\OTHERS\HAROLD.C,User_Box_,1
44,D:\MOX\OTHERS\FLT1.C,Get_Technology_From_Scrapped_Ship_,55,D:\MOX\OTHERS\MISC.C,Get_LBX_Message_,1
44,D:\MOX\OTHERS\FLT1.C,Get_Technology_From_Scrapped_Ship_,102,D:\MOX\OTHERS\COLCALC.C,Player_Gets_Tech_App_,1
44,D:\MOX\OTHERS\FLT1.C,Next_Ship_Icon_,45,D:\MOX\OTHERS\FLT2.C,Fltscrn_Ships_To_Be_Displayed_,1
44,D:\MOX\OTHERS\FLT1.C,Next_Ship_Icon_,47,D:\MOX\OTHERS\HACCESS.C,Ship_Stack_Owner_,3
44,D:\MOX\OTHERS\FLT1.C,Okay_To_Set_Relocate_From_Star_,44,D:\MOX\OTHERS\FLT1.C,Okay_To_Set_Relocate_Star_,1
44,D:\MOX\OTHERS\FLT1.C,Okay_To_Set_Relocate_Star_,47,D:\MOX\OTHERS\HACCESS.C,Player_Has_Colony_In_System_,1
44,D:\MOX\OTHERS\FLT1.C,Okay_To_Set_Relocate_Star_,47,D:\MOX\OTHERS\HACCESS.C,Race_Name_,1
44,D:\MOX\OTHERS\FLT1.C,Okay_To_Set_Relocate_Star_,48,D:\MOX\OTHERS\HAROLD.C,H_Message_,3
44,D:\MOX\OTHERS\FLT1.C,Okay_To_Set_Relocate_Star_,48,D:\MOX\OTHERS\HAROLD.C,Player_Has_Visited_,1
44,D:\MOX\OTHERS\FLT1.C,Okay_To_Set_Relocate_Star_,48,D:\MOX\OTHERS\HAROLD.C,Star_Guarded_By_Monster_,1
44,D:\MOX\OTHERS\FLT1.C,Okay_To_Set_Relocate_Star_,48,D:\MOX\OTHERS\HAROLD.C,User_Box_,2
44,D:\MOX\OTHERS\FLT1.C,Okay_To_Set_Relocate_To_Star_,44,D:\MOX\OTHERS\FLT1.C,Okay_To_Set_Relocate_Star_,1
44,D:\MOX\OTHERS\FLT1.C,Okay_To_Set_Relocate_To_Star_,48,D:\MOX\OTHERS\HAROLD.C,H_Message_,1
44,D:\MOX\OTHERS\FLT1.C,Okay_To_Set_Relocate_To_Star_,48,D:\MOX\OTHERS\HAROLD.C,User_Box_,1
44,D:\MOX\OTHERS\FLT1.C,Plunder_Ships_For_Tech_,44,D:\MOX\OTHERS\FLT1.C,Get_Technology_From_Scrapped_Ship_,1
44,D:\MOX\OTHERS\FLT1.C,Previous_Ship_Icon_,45,D:\MOX\OTHERS\FLT2.C,Fltscrn_Ships_To_Be_Displayed_,1
44,D:\MOX\OTHERS\FLT1.C,Previous_Ship_Icon_,47,D:\MOX\OTHERS\HACCESS.C,Ship_Stack_Owner_,3
44,D:\MOX\OTHERS\FLT1.C,Reload_Fleet_Screen_,44,D:\MOX\OTHERS\FLT1.C,Allocate_Fltscrn_Next_Screen_Seg_,1
44,D:\MOX\OTHERS\FLT1.C,Reload_Fleet_Screen_,44,D:\MOX\OTHERS\FLT1.C,Load_Fltscrn_Officer_Picture_,1
44,D:\MOX\OTHERS\FLT1.C,Reload_Fleet_Screen_,44,D:\MOX\OTHERS\FLT1.C,Reload_Small_Ship_Icons_,1
44,D:\MOX\OTHERS\FLT1.C,Reload_Fleet_Screen_,52,D:\MOX\OTHERS\MAINSCR.C,Allocate_First_Screen_Seg_,1
44,D:\MOX\OTHERS\FLT1.C,Scan_Small_Ship_Icons_,47,D:\MOX\OTHERS\HACCESS.C,Ship_Stack_From_Ship_Icon_,1
44,D:\MOX\OTHERS\FLT1.C,Scan_Small_Ship_Icons_,62,D:\MOX\OTHERS\SHIPS.C,Overlapped_Ship_Icon_Button_,1
44,D:\MOX\OTHERS\FLT1.C,Scrap_Ships_,44,D:\MOX\OTHERS\FLT1.C,Get_Scrap_Ship_Value_,1
44,D:\MOX\OTHERS\FLT1.C,Scrap_Ships_,44,D:\MOX\OTHERS\FLT1.C,Plunder_Ships_For_Tech_,1
44,D:\MOX\OTHERS\FLT1.C,Scrap_Ships_,48,D:\MOX\OTHERS\HAROLD.C,H_Message_,4
44,D:\MOX\OTHERS\FLT1.C,Scrap_Ships_,48,D:\MOX\OTHERS\HAROLD.C,Player_Has_Colony_,1
44,D:\MOX\OTHERS\FLT1.C,Scrap_Ships_,48,D:\MOX\OTHERS\HAROLD.C,User_Box_,4
44,D:\MOX\OTHERS\FLT1.C,Scrap_Ships_,48,D:\MOX\OTHERS\HAROLD.C,XY_To_Star_Id_,1
44,D:\MOX\OTHERS\FLT1.C,Scrap_Ships_,55,D:\MOX\OTHERS\MISC.C,Is_Vowel_,2
44,D:\MOX\OTHERS\FLT1.C,Scrap_Ships_,58,D:\MOX\OTHERS\OFFICER.C,Leader_Name_,1
44,D:\MOX\OTHERS\FLT1.C,Scrap_Ships_,62,D:\MOX\OTHERS\SHIPS.C,Kill_Ship_,1
44,D:\MOX\OTHERS\FLT1.C,Scrap_Ships_,102,D:\MOX\OTHERS\COLCALC.C,Do_Player_Colony_Calculations_,1
44,D:\MOX\OTHERS\FLT1.C,Star_Relocation_,44,D:\MOX\OTHERS\FLT1.C,Cancel_Star_Relocation_,1
44,D:\MOX\OTHERS\FLT1.C,Star_Relocation_,44,D:\MOX\OTHERS\FLT1.C,Okay_To_Set_Relocate_Star_,1
44,D:\MOX\OTHERS\FLT1.C,Star_Relocation_,44,D:\MOX\OTHERS\FLT1.C,Okay_To_Set_Relocate_To_Star_,1
44,D:\MOX\OTHERS\FLT1.C,Star_Relocation_,47,D:\MOX\OTHERS\HACCESS.C,Set_Relocation_,1
44,D:\MOX\OTHERS\FLT1.C,Update_Selection_Flags_,47,D:\MOX\OTHERS\HACCESS.C,Ship_Owner_,1
45,D:\MOX\OTHERS\FLT2.C,Add_Fltscrn_Big_Icon_Fields_,47,D:\MOX\OTHERS\HACCESS.C,Ship_Owner_,1
45,D:\MOX\OTHERS\FLT2.C,Add_Fltscrn_Small_Icon_Fields_,45,D:\MOX\OTHERS\FLT2.C,Get_Small_Icon_Animation_Size_,1
45,D:\MOX\OTHERS\FLT2.C,Build_Fltscrn_Big_Icon_Fields_,45,D:\MOX\OTHERS\FLT2.C,Move_Ship_To_Front_Of_List_,1
45,D:\MOX\OTHERS\FLT2.C,Build_Fltscrn_Big_Icon_Fields_,45,D:\MOX\OTHERS\FLT2.C,Ok_To_Add_Ship_,1
45,D:\MOX\OTHERS\FLT2.C,Build_Fltscrn_Big_Icon_Fields_,47,D:\MOX\OTHERS\HACCESS.C,Ship_Owner_,1
45,D:\MOX\OTHERS\FLT2.C,Build_Fltscrn_Big_Icon_Fields_,79,D:\MOX\OTHERS\ERIC.C,Sint_Is_In_List_,1
45,D:\MOX\OTHERS\FLT2.C,Build_Fltscrn_Ship_List_,48,D:\MOX\OTHERS\HAROLD.C,User_Box_,1
45,D:\MOX\OTHERS\FLT2.C,Crew_Description_String_,48,D:\MOX\OTHERS\HAROLD.C,H_Message_,1
45,D:\MOX\OTHERS\FLT2.C,Draw_Captains_Picture_,55,D:\MOX\OTHERS\MISC.C,Draw_Highlight_Box_,1
45,D:\MOX\OTHERS\FLT2.C,Draw_Captains_Picture_,58,D:\MOX\OTHERS\OFFICER.C,Leader_Name_,1
45,D:\MOX\OTHERS\FLT2.C,Draw_Captains_Picture_,58,D:\MOX\OTHERS\OFFICER.C,Print_ETA_On_Officer_Picture_,1
45,D:\MOX\OTHERS\FLT2.C,Draw_Captains_Picture_,79,D:\MOX\OTHERS\ERIC.C,Print_Paragraph_Centered_Vertically_,1
45,D:\MOX\OTHERS\FLT2.C,Fix_Palette_,1,L:\MOX\MOX2.C,_TOGGLE_PAGES_,1
45,D:\MOX\OTHERS\FLT2.C,Fix_Palette_,29,D:\MOX\OTHERS\KEN.C,Load_Player_Ship_Palette_,1
45,D:\MOX\OTHERS\FLT2.C,Fix_Palette_,44,D:\MOX\OTHERS\FLT1.C,Draw_Fleet_Screen_,1
45,D:\MOX\OTHERS\FLT2.C,Fleet_Screen_Big_Icon_Fields_,29,D:\MOX\OTHERS\KEN.C,Load_Player_Ship_Palette_,1
45,D:\MOX\OTHERS\FLT2.C,Fleet_Screen_Big_Icon_Fields_,45,D:\MOX\OTHERS\FLT2.C,Add_Fltscrn_Big_Icon_Fields_,1
45,D:\MOX\OTHERS\FLT2.C,Fleet_Screen_Big_Icon_Fields_,45,D:\MOX\OTHERS\FLT2.C,Build_Fltscrn_Big_Icon_Fields_,1
45,D:\MOX\OTHERS\FLT2.C,Fleet_Screen_Big_Icon_Fields_,45,D:\MOX\OTHERS\FLT2.C,Move_Ship_To_Front_Of_List_,1
45,D:\MOX\OTHERS\FLT2.C,Fleet_Screen_Big_Icon_Fields_,47,D:\MOX\OTHERS\HACCESS.C,Ship_Stack_Owner_,1
45,D:\MOX\OTHERS\FLT2.C,Fltscrn_Move_Ships_,44,D:\MOX\OTHERS\FLT1.C,Set_Fltscrn_Big_Icons_,1
45,D:\MOX\OTHERS\FLT2.C,Fltscrn_Move_Ships_,45,D:\MOX\OTHERS\FLT2.C,Build_Fltscrn_Ship_List_,1
45,D:\MOX\OTHERS\FLT2.C,Fltscrn_Move_Ships_,45,D:\MOX\OTHERS\FLT2.C,Set_Fltscrn_Small_Ship_Icon_XYs_,1
45,D:\MOX\OTHERS\FLT2.C,Fltscrn_Move_Ships_,48,D:\MOX\OTHERS\HAROLD.C,H_Message_,4
45,D:\MOX\OTHERS\FLT2.C,Fltscrn_Move_Ships_,48,D:\MOX\OTHERS\HAROLD.C,Player_Has_Visited_,1
45,D:\MOX\OTHERS\FLT2.C,Fltscrn_Move_Ships_,48,D:\MOX\OTHERS\HAROLD.C,Player_Is_Omniscient_,1
45,D:\MOX\OTHERS\FLT2.C,Fltscrn_Move_Ships_,48,D:\MOX\OTHERS\HAROLD.C,User_Box_,1
45,D:\MOX\OTHERS\FLT2.C,Fltscrn_Move_Ships_,62,D:\MOX\OTHERS\SHIPS.C,Build_Ship_Icons_,1
45,D:\MOX\OTHERS\FLT2.C,Fltscrn_Move_Ships_,119,D:\MOX\OTHERS\SHIPMOVE.C,Make_Ships_Move_To_,1
45,D:\MOX\OTHERS\FLT2.C,Fltscrn_Move_Ships_,119,D:\MOX\OTHERS\SHIPMOVE.C,Ships_Try_To_Move_To_,1
45,D:\MOX\OTHERS\FLT2.C,Fltscrn_Ships_To_Be_Displayed_,45,D:\MOX\OTHERS\FLT2.C,Get_Filter_Button_Status_,1
45,D:\MOX\OTHERS\FLT2.C,Fltscrn_Ships_To_Be_Displayed_,47,D:\MOX\OTHERS\HACCESS.C,Ship_Stack_Owner_,1
45,D:\MOX\OTHERS\FLT2.C,Fltscrn_Ships_To_Be_Displayed_,47,D:\MOX\OTHERS\HACCESS.C,Ship_Stack_X_,1
45,D:\MOX\OTHERS\FLT2.C,Fltscrn_Ships_To_Be_Displayed_,47,D:\MOX\OTHERS\HACCESS.C,Ship_Stack_Y_,1
45,D:\MOX\OTHERS\FLT2.C,Fltscrn_Ships_To_Be_Displayed_,63,D:\MOX\OTHERS\SYS.C,N_Ships_By_Type_At_Location_,1
45,D:\MOX\OTHERS\FLT2.C,Get_Small_Icon_Animation_Size_,47,D:\MOX\OTHERS\HACCESS.C,Ship_Stack_Owner_,1
45,D:\MOX\OTHERS\FLT2.C,Is_Other_Players_Stack_,47,D:\MOX\OTHERS\HACCESS.C,Ship_Owner_,1
45,D:\MOX\OTHERS\FLT2.C,Ok_To_Add_Ship_,45,D:\MOX\OTHERS\FLT2.C,Get_Filter_Button_Status_,1
45,D:\MOX\OTHERS\FLT2.C,Print_Fltscrn_Scanned_Star_Name_,45,D:\MOX\OTHERS\FLT2.C,Build_Fltscrn_Ship_List_,1
45,D:\MOX\OTHERS\FLT2.C,Print_Fltscrn_Scanned_Star_Name_,48,D:\MOX\OTHERS\HAROLD.C,Contact_With_One_Colony_,1
45,D:\MOX\OTHERS\FLT2.C,Print_Fltscrn_Scanned_Star_Name_,48,D:\MOX\OTHERS\HAROLD.C,H_Message_,7
45,D:\MOX\OTHERS\FLT2.C,Print_Fltscrn_Scanned_Star_Name_,48,D:\MOX\OTHERS\HAROLD.C,Player_Has_Colony_,1
45,D:\MOX\OTHERS\FLT2.C,Print_Fltscrn_Scanned_Star_Name_,48,D:\MOX\OTHERS\HAROLD.C,Player_Has_Visited_,1
45,D:\MOX\OTHERS\FLT2.C,Print_Fltscrn_Scanned_Star_Name_,55,D:\MOX\OTHERS\MISC.C,Font_Colors2_,1
45,D:\MOX\OTHERS\FLT2.C,Print_Fltscrn_Scanned_Star_Name_,55,D:\MOX\OTHERS\MISC.C,Set_Fitted_Font_Style_,1
45,D:\MOX\OTHERS\FLT2.C,Print_Fltscrn_Scanned_Star_Name_,55,D:\MOX\OTHERS\MISC.C,Set_Font_Colors_,1
45,D:\MOX\OTHERS\FLT2.C,Print_Fltscrn_Scanned_Star_Name_,58,D:\MOX\OTHERS\OFFICER.C,One_Leader_With_Galactic_Lore_,1
45,D:\MOX\OTHERS\FLT2.C,Print_Fltscrn_Scanned_Star_Name_,119,D:\MOX\OTHERS\SHIPMOVE.C,Ships_Try_To_Move_To_,1
45,D:\MOX\OTHERS\FLT2.C,Print_Scanned_Ship_Data_,28,D:\MOX\OTHERS\INITSHIP.C,Get_Ship_Combat_Bonuses_,1
45,D:\MOX\OTHERS\FLT2.C,Print_Scanned_Ship_Data_,41,D:\MOX\OTHERS\DESIGN.C,Weapon_Arc_String_,1
45,D:\MOX\OTHERS\FLT2.C,Print_Scanned_Ship_Data_,45,D:\MOX\OTHERS\FLT2.C,Crew_Description_String_,1
45,D:\MOX\OTHERS\FLT2.C,Print_Scanned_Ship_Data_,45,D:\MOX\OTHERS\FLT2.C,Draw_Captains_Picture_,1
45,D:\MOX\OTHERS\FLT2.C,Print_Scanned_Ship_Data_,48,D:\MOX\OTHERS\HAROLD.C,Absolute_Location_,1
45,D:\MOX\OTHERS\FLT2.C,Print_Scanned_Ship_Data_,48,D:\MOX\OTHERS\HAROLD.C,Contact_With_One_Colony_,1
45,D:\MOX\OTHERS\FLT2.C,Print_Scanned_Ship_Data_,48,D:\MOX\OTHERS\HAROLD.C,H_Message_,13
45,D:\MOX\OTHERS\FLT2.C,Print_Scanned_Ship_Data_,48,D:\MOX\OTHERS\HAROLD.C,Player_Has_Visited_,1
45,D:\MOX\OTHERS\FLT2.C,Print_Scanned_Ship_Data_,55,D:\MOX\OTHERS\MISC.C,Get_Mox_Font_Colors_,1
45,D:\MOX\OTHERS\FLT2.C,Print_Scanned_Ship_Data_,58,D:\MOX\OTHERS\OFFICER.C,One_Leader_With_Galactic_Lore_,1
45,D:\MOX\OTHERS\FLT2.C,Print_Scanned_Ship_Data_,64,D:\MOX\OTHERS\TEXTBOX.C,Get_Help_Lbx_Name_,1
45,D:\MOX\OTHERS\FLT2.C,Print_Scanned_Ship_Data_,79,D:\MOX\OTHERS\ERIC.C,Print_Paragraph_Centered_Vertically_,1
45,D:\MOX\OTHERS\FLT2.C,Set_Fleet_Screen_Stack_Owner_,47,D:\MOX\OTHERS\HACCESS.C,Ship_Owner_,1
45,D:\MOX\OTHERS\FLT2.C,Set_Fltscrn_Small_Ship_Icon_XYs_,45,D:\MOX\OTHERS\FLT2.C,Get_Small_Icon_Animation_Size_,1
45,D:\MOX\OTHERS\FLT2.C,Set_Fltscrn_Small_Ship_Icon_XYs_,47,D:\MOX\OTHERS\HACCESS.C,Ship_Stack_X_,1
45,D:\MOX\OTHERS\FLT2.C,Set_Fltscrn_Small_Ship_Icon_XYs_,47,D:\MOX\OTHERS\HACCESS.C,Ship_Stack_Y_,1
45,D:\MOX\OTHERS\FLT2.C,Set_Fltscrn_Small_Ship_Icon_XYs_,48,D:\MOX\OTHERS\HAROLD.C,Actual_Star_Id_,1
45,D:\MOX\OTHERS\FLT2.C,Set_Fltscrn_Small_Ship_Icon_XYs_,48,D:\MOX\OTHERS\HAROLD.C,Get_Scaled_Value_,2
45,D:\MOX\OTHERS\FLT2.C,Set_Fltscrn_Small_Ship_Icon_XYs_,48,D:\MOX\OTHERS\HAROLD.C,Map_Scale_To_Zoom_Level_,1
45,D:\MOX\OTHERS\FLT2.C,Set_Fltscrn_Small_Ship_Icon_XYs_,48,D:\MOX\OTHERS\HAROLD.C,XY_To_Star_Id_,1
45,D:\MOX\OTHERS\FLT2.C,Set_Fltscrn_Small_Ship_Icon_XYs_,56,D:\MOX\OTHERS\MOVEBOX.C,Get_Galaxy_Map_Star_XY_,1
45,D:\MOX\OTHERS\FLT2.C,Set_Fltscrn_Small_Ship_Icon_XYs_,62,D:\MOX\OTHERS\SHIPS.C,Get_Ship_Icon_Dimensions_,1
45,D:\MOX\OTHERS\FLT2.C,Set_Small_Ship_Stack_Pointer_,47,D:\MOX\OTHERS\HACCESS.C,Ship_Owner_,1
45,D:\MOX\OTHERS\FLT2.C,Set_Small_Ship_Stack_Pointer_,47,D:\MOX\OTHERS\HACCESS.C,Ship_Stack_From_Ship_Icon_,1
45,D:\MOX\OTHERS\FLT2.C,Set_Small_Ship_Stack_Pointer_,47,D:\MOX\OTHERS\HACCESS.C,Ship_Stack_Owner_,1
45,D:\MOX\OTHERS\FLT2.C,Set_Small_Ship_Stack_Pointer_,56,D:\MOX\OTHERS\MOVEBOX.C,Moveable_Box_Selected_,1
46,D:\MOX\OTHERS\GENDRAW.C,Do_Confirmation_Box_,1,L:\MOX\MOX2.C,_TOGGLE_PAGES_,2
46,D:\MOX\OTHERS\GENDRAW.C,Do_Confirmation_Box_,46,D:\MOX\OTHERS\GENDRAW.C,Draw_Confirm_Box_,1
46,D:\MOX\OTHERS\GENDRAW.C,Do_Confirmation_Box_,46,D:\MOX\OTHERS\GENDRAW.C,Message_Box_Cleanup_,1
46,D:\MOX\OTHERS\GENDRAW.C,Do_Confirmation_Box_,46,D:\MOX\OTHERS\GENDRAW.C,Message_Box_Startup_,1
46,D:\MOX\OTHERS\GENDRAW.C,Do_Confirmation_Box_,46,D:\MOX\OTHERS\GENDRAW.C,_Print_1_Or_More_Formatted_Lines_Centered_,1
46,D:\MOX\OTHERS\GENDRAW.C,Do_Confirmation_Box_,55,D:\MOX\OTHERS\MISC.C,Font_Colors2_,2
46,D:\MOX\OTHERS\GENDRAW.C,Do_Confirmation_Box_,64,D:\MOX\OTHERS\TEXTBOX.C,Get_Mox_Text_Box_Base_Colors_,2
46,D:\MOX\OTHERS\GENDRAW.C,Do_Confirmation_Box_,124,D:\MOX\FMTPARA.C,Get_Formatted_Paragraph_Max_Height_,1
46,D:\MOX\OTHERS\GENDRAW.C,Message_Box_,64,D:\MOX\OTHERS\TEXTBOX.C,Do_Text_Box_,1
46,D:\MOX\OTHERS\GENDRAW.C,Message_Box_Cleanup_,1,L:\MOX\MOX2.C,Put_Auto_Function_,1
46,D:\MOX\OTHERS\GENDRAW.C,Message_Box_Cleanup_,132,D:\MOX\FIELDSAV.C,Restore_Field_Stats_,1
46,D:\MOX\OTHERS\GENDRAW.C,Message_Box_Exploding_,1,L:\MOX\MOX2.C,_TOGGLE_PAGES_,2
46,D:\MOX\OTHERS\GENDRAW.C,Message_Box_Exploding_,46,D:\MOX\OTHERS\GENDRAW.C,Draw_Animating_Message_Box_,1
46,D:\MOX\OTHERS\GENDRAW.C,Message_Box_Exploding_,46,D:\MOX\OTHERS\GENDRAW.C,Message_Box_Cleanup_,1
46,D:\MOX\OTHERS\GENDRAW.C,Message_Box_Exploding_,46,D:\MOX\OTHERS\GENDRAW.C,Message_Box_Startup_,1
46,D:\MOX\OTHERS\GENDRAW.C,Message_Box_Exploding_,46,D:\MOX\OTHERS\GENDRAW.C,_Print_1_Or_More_Formatted_Lines_Centered_,1
46,D:\MOX\OTHERS\GENDRAW.C,Message_Box_Exploding_,55,D:\MOX\OTHERS\MISC.C,Font_Colors2_,1
46,D:\MOX\OTHERS\GENDRAW.C,Message_Box_Exploding_,64,D:\MOX\OTHERS\TEXTBOX.C,Get_Mox_Text_Box_Base_Colors_,1
46,D:\MOX\OTHERS\GENDRAW.C,Message_Box_Exploding_,124,D:\MOX\FMTPARA.C,Get_Formatted_Paragraph_Max_Height_,1
46,D:\MOX\OTHERS\GENDRAW.C,Message_Box_Startup_,1,L:\MOX\MOX2.C,Execute_Auto_Function_,1
46,D:\MOX\OTHERS\GENDRAW.C,Message_Box_Startup_,1,L:\MOX\MOX2.C,Get_Auto_Function_,1
46,D:\MOX\OTHERS\GENDRAW.C,Message_Box_Startup_,48,D:\MOX\OTHERS\HAROLD.C,Save_Mouse_List_,1
46,D:\MOX\OTHERS\GENDRAW.C,Message_Box_Startup_,79,D:\MOX\OTHERS\ERIC.C,Fast_Fade_In_,1
46,D:\MOX\OTHERS\GENDRAW.C,Message_Box_Startup_,132,D:\MOX\FIELDSAV.C,Save_Field_Stats_,1
46,D:\MOX\OTHERS\GENDRAW.C,Print_1_Or_More_Formatted_Lines_Centered_,46,D:\MOX\OTHERS\GENDRAW.C,_Print_1_Or_More_Formatted_Lines_Centered_,1
46,D:\MOX\OTHERS\GENDRAW.C,_Print_1_Or_More_Formatted_Lines_Centered_,124,D:\MOX\FMTPARA.C,Get_Formatted_Paragraph_Max_Height_,1
46,D:\MOX\OTHERS\GENDRAW.C,_Print_1_Or_More_Formatted_Lines_Centered_,124,D:\MOX\FMTPARA.C,Print_Formatted_Paragraph_,1
46,D:\MOX\OTHERS\GENDRAW.C,_Print_1_Or_More_Formatted_Lines_Centered_,124,D:\MOX\FMTPARA.C,Print_Formatted_Paragraph_To_Bitmap_,1
47,D:\MOX\OTHERS\HACCESS.C,Design_Structural_Points_,28,D:\MOX\OTHERS\INITSHIP.C,Get_Design_Structure_,1
47,D:\MOX\OTHERS\HACCESS.C,Do_Get_Planet_Name_,48,D:\MOX\OTHERS\HAROLD.C,H_Message_,1
47,D:\MOX\OTHERS\HACCESS.C,Do_Get_Planet_Name_,48,D:\MOX\OTHERS\HAROLD.C,Planet_Number_,1
47,D:\MOX\OTHERS\HACCESS.C,Enemy_Ship_Going_To_My_Colony_,47,D:\MOX\OTHERS\HACCESS.C,Ship_Owner_,1
47,D:\MOX\OTHERS\HACCESS.C,Enemy_Ship_Going_To_My_Colony_,48,D:\MOX\OTHERS\HAROLD.C,Absolute_Location_,1
47,D:\MOX\OTHERS\HACCESS.C,Enemy_Ship_Going_To_My_Colony_,48,D:\MOX\OTHERS\HAROLD.C,Player_Has_Colony_,1
47,D:\MOX\OTHERS\HACCESS.C,Get_Planet_Name_,47,D:\MOX\OTHERS\HACCESS.C,Do_Get_Planet_Name_,1
47,D:\MOX\OTHERS\HACCESS.C,Last_Colony_Selected_,47,D:\MOX\OTHERS\HACCESS.C,Set_Colony_Auto_Select_For_Star_,1
47,D:\MOX\OTHERS\HACCESS.C,Nearest_Star_To_XY_,48,D:\MOX\OTHERS\HAROLD.C,Player_Has_Colony_,1
47,D:\MOX\OTHERS\HACCESS.C,Nearest_Star_To_XY_,119,D:\MOX\OTHERS\SHIPMOVE.C,Ships_Try_To_Move_To_,1
47,D:\MOX\OTHERS\HACCESS.C,Node_Ptr_From_Ship_Stack_,56,D:\MOX\OTHERS\MOVEBOX.C,Vanish_Fleet_Movement_Box_,1
47,D:\MOX\OTHERS\HACCESS.C,Player_Can_Order_Ship_,119,D:\MOX\OTHERS\SHIPMOVE.C,Can_Order_Ship_,1
47,D:\MOX\OTHERS\HACCESS.C,Race_Name_String_,47,D:\MOX\OTHERS\HACCESS.C,Race_Name_,1
47,D:\MOX\OTHERS\HACCESS.C,Save_Hotseat_Fleet_Box_Ship_,56,D:\MOX\OTHERS\MOVEBOX.C,Moveable_Box_Selected_,1
47,D:\MOX\OTHERS\HACCESS.C,Set_Hotseat_Fleet_Box_To_Last_Stack_,47,D:\MOX\OTHERS\HACCESS.C,Ship_Owner_,1
47,D:\MOX\OTHERS\HACCESS.C,Set_Hotseat_Fleet_Box_To_Last_Stack_,47,D:\MOX\OTHERS\HACCESS.C,Ship_Stack_From_Ship_Id_,1
47,D:\MOX\OTHERS\HACCESS.C,Set_Hotseat_Fleet_Box_To_Last_Stack_,52,D:\MOX\OTHERS\MAINSCR.C,Update_Ship_Icons_In_Between_Turns_,1
47,D:\MOX\OTHERS\HACCESS.C,Set_Hotseat_Fleet_Box_To_Last_Stack_,56,D:\MOX\OTHERS\MOVEBOX.C,Vanish_Fleet_Movement_Box_,1
47,D:\MOX\OTHERS\HACCESS.C,Ship_Player_Palette_Color_,47,D:\MOX\OTHERS\HACCESS.C,Ship_Owner_,1
47,D:\MOX\OTHERS\HACCESS.C,Ship_Stack_From_Saved_Array_,47,D:\MOX\OTHERS\HACCESS.C,Ship_Owner_,2
48,D:\MOX\OTHERS\HAROLD.C,Confirm_Planet_And_Star_Index_Link_,39,D:\MOX\OTHERS\ASSERT.C,hgetch_,1
48,D:\MOX\OTHERS\HAROLD.C,Confirm_Planet_And_Star_Index_Link_,48,D:\MOX\OTHERS\HAROLD.C,Planet_Number_,1
48,D:\MOX\OTHERS\HAROLD.C,Confirm_Planet_And_Star_Index_Link_,117,D:\MOX\OTHERS\RUSS.C,PFMT_,3
48,D:\MOX\OTHERS\HAROLD.C,Contact_With_One_Colony_,48,D:\MOX\OTHERS\HAROLD.C,Contact_With_Player_,1
48,D:\MOX\OTHERS\HAROLD.C,First_Ship_Orbiting_Star_,48,D:\MOX\OTHERS\HAROLD.C,Star_XY_To_Ship_Id_,1
48,D:\MOX\OTHERS\HAROLD.C,Get_Player_Font_Colors_,55,D:\MOX\OTHERS\MISC.C,Get_Mox_Font_Colors_,1
48,D:\MOX\OTHERS\HAROLD.C,Harold_Defaults_,52,D:\MOX\OTHERS\MAINSCR.C,Clear_Twinkling_Star_Data_,1
48,D:\MOX\OTHERS\HAROLD.C,Harold_Init_,48,D:\MOX\OTHERS\HAROLD.C,Init_Moving_Boxes_,1
48,D:\MOX\OTHERS\HAROLD.C,Increment_Zoom_Count_With_Limit_,48,D:\MOX\OTHERS\HAROLD.C,Map_Scale_To_Zoom_Level_,1
48,D:\MOX\OTHERS\HAROLD.C,Init_Moving_Boxes_,48,D:\MOX\OTHERS\HAROLD.C,Init_Fleet_Movement_Box_,1
48,D:\MOX\OTHERS\HAROLD.C,Init_Moving_Boxes_,48,D:\MOX\OTHERS\HAROLD.C,Init_System_Display_Box_,1
48,D:\MOX\OTHERS\HAROLD.C,Is_Home_Star_,48,D:\MOX\OTHERS\HAROLD.C,Players_Home_Star_,1
48,D:\MOX\OTHERS\HAROLD.C,Load_Language_Fonts_,48,D:\MOX\OTHERS\HAROLD.C,Get_Font_File_,1
48,D:\MOX\OTHERS\HAROLD.C,Load_Leader_Titles_,48,D:\MOX\OTHERS\HAROLD.C,Get_Officer_Data_LBX_Name_,1
48,D:\MOX\OTHERS\HAROLD.C,N_Player_Ships_,47,D:\MOX\OTHERS\HACCESS.C,Ship_Owner_,1
48,D:\MOX\OTHERS\HAROLD.C,N_Turns_To_Star_,119,D:\MOX\OTHERS\SHIPMOVE.C,Ships_Try_To_Move_To_,1
48,D:\MOX\OTHERS\HAROLD.C,No_Planets_In_System_,48,D:\MOX\OTHERS\HAROLD.C,N_Planets_In_System_,1
48,D:\MOX\OTHERS\HAROLD.C,Player_Is_Omniscient_,58,D:\MOX\OTHERS\OFFICER.C,One_Leader_With_Galactic_Lore_,1
48,D:\MOX\OTHERS\HAROLD.C,Reload_Language_Strings_,28,D:\MOX\OTHERS\INITSHIP.C,Update_Ship_Names_To_New_Language_,1
48,D:\MOX\OTHERS\HAROLD.C,Reload_Language_Strings_,33,D:\MOX\OTHERS\TECHINIT.C,Load_Tech_Names_,1
48,D:\MOX\OTHERS\HAROLD.C,Reload_Language_Strings_,48,D:\MOX\OTHERS\HAROLD.C,Get_Font_File_,1
48,D:\MOX\OTHERS\HAROLD.C,Reload_Language_Strings_,48,D:\MOX\OTHERS\HAROLD.C,Load_H_Strings_,1
48,D:\MOX\OTHERS\HAROLD.C,Reload_Language_Strings_,48,D:\MOX\OTHERS\HAROLD.C,Load_Leader_Titles_,1
48,D:\MOX\OTHERS\HAROLD.C,Reload_Language_Strings_,48,D:\MOX\OTHERS\HAROLD.C,Set_Language_Race_Names_,1
48,D:\MOX\OTHERS\HAROLD.C,Reload_Language_Strings_,88,D:\MOX\OTHERS\ESTRINGS.C,Load_E_Strings_,1
48,D:\MOX\OTHERS\HAROLD.C,Reload_Language_Strings_,117,D:\MOX\OTHERS\RUSS.C,Load_Russ_Strings_,1
48,D:\MOX\OTHERS\HAROLD.C,Set_Player_Font_Style_,48,D:\MOX\OTHERS\HAROLD.C,Get_Player_Font_Colors_,1
48,D:\MOX\OTHERS\HAROLD.C,Star_Owner_,48,D:\MOX\OTHERS\HAROLD.C,Colony_Owners_,1
48,D:\MOX\OTHERS\HAROLD.C,Star_Owner_,58,D:\MOX\OTHERS\OFFICER.C,One_Leader_With_Galactic_Lore_,1
48,D:\MOX\OTHERS\HAROLD.C,User_Box_,46,D:\MOX\OTHERS\GENDRAW.C,Do_Confirmation_Box_,1
48,D:\MOX\OTHERS\HAROLD.C,User_Box_,46,D:\MOX\OTHERS\GENDRAW.C,Message_Box_,1
48,D:\MOX\OTHERS\HAROLD.C,User_Box_,46,D:\MOX\OTHERS\GENDRAW.C,Warning_Box_,1
48,D:\MOX\OTHERS\HAROLD.C,User_Box_,64,D:\MOX\OTHERS\TEXTBOX.C,Text_Box_,1
48,D:\MOX\OTHERS\HAROLD.C,User_Box_,64,D:\MOX\OTHERS\TEXTBOX.C,Timed_Text_Box_,2
49,D:\MOX\OTHERS\HOMEGEN.C,Build_Home_Star_List_,1,L:\MOX\MOX2.C,_TOGGLE_PAGES_,1
49,D:\MOX\OTHERS\HOMEGEN.C,Build_Home_Star_List_,49,D:\MOX\OTHERS\HOMEGEN.C,Dist_Between_Stars_,1
49,D:\MOX\OTHERS\HOMEGEN.C,Build_Home_Star_List_,49,D:\MOX\OTHERS\HOMEGEN.C,Set_Up_Home_Gen_Msg_,1
49,D:\MOX\OTHERS\HOMEGEN.C,Build_Home_Star_List_,55,D:\MOX\OTHERS\MISC.C,Draw_Advancing_Fill_Message_,1
49,D:\MOX\OTHERS\HOMEGEN.C,Build_Home_Star_List_,55,D:\MOX\OTHERS\MISC.C,Font_Colors2_,2
49,D:\MOX\OTHERS\HOMEGEN.C,Build_Home_Star_List_,117,D:\MOX\OTHERS\RUSS.C,Mox_Update_,4
49,D:\MOX\OTHERS\HOMEGEN.C,Build_Min_Star_Distances_,49,D:\MOX\OTHERS\HOMEGEN.C,Dist_Between_Stars_,1
49,D:\MOX\OTHERS\HOMEGEN.C,Build_Min_Star_Distances_,117,D:\MOX\OTHERS\RUSS.C,Mox_Update_,2
49,D:\MOX\OTHERS\HOMEGEN.C,Enforce_3_Planet_Minimum_,48,D:\MOX\OTHERS\HAROLD.C,Habitable_Spectral_Class_,1
49,D:\MOX\OTHERS\HOMEGEN.C,Enforce_3_Planet_Minimum_,48,D:\MOX\OTHERS\HAROLD.C,N_Planets_In_System_,1
49,D:\MOX\OTHERS\HOMEGEN.C,Enforce_3_Planet_Minimum_,49,D:\MOX\OTHERS\HOMEGEN.C,Make_One_Planet_,1
49,D:\MOX\OTHERS\HOMEGEN.C,Enforce_3_Planet_Minimum_,49,D:\MOX\OTHERS\HOMEGEN.C,Usable_Orbit_,1
49,D:\MOX\OTHERS\HOMEGEN.C,Enforce_3_Planet_Minimum_,54,D:\MOX\OTHERS\MAPGEN.C,Generate_Satellite_,1
49,D:\MOX\OTHERS\HOMEGEN.C,Enforce_3_Planet_Minimum_,54,D:\MOX\OTHERS\MAPGEN.C,Generate_Spectral_Class_,1
49,D:\MOX\OTHERS\HOMEGEN.C,Enforce_Climate_,54,D:\MOX\OTHERS\MAPGEN.C,Generate_Food_Per_Farmer_,1
49,D:\MOX\OTHERS\HOMEGEN.C,Enforce_Climate_,54,D:\MOX\OTHERS\MAPGEN.C,Generate_Spectral_Class_,1
49,D:\MOX\OTHERS\HOMEGEN.C,Enforce_Gravity_,54,D:\MOX\OTHERS\MAPGEN.C,Generate_Mineral_Class_,1
49,D:\MOX\OTHERS\HOMEGEN.C,Enforce_Mineral_Richness_,54,D:\MOX\OTHERS\MAPGEN.C,Generate_Spectral_Class_,1
49,D:\MOX\OTHERS\HOMEGEN.C,Ensure_At_Least_1_Food_Planet_,48,D:\MOX\OTHERS\HAROLD.C,N_Food_Planets_In_System_,1
49,D:\MOX\OTHERS\HOMEGEN.C,Ensure_At_Least_1_Food_Planet_,48,D:\MOX\OTHERS\HAROLD.C,N_Planets_In_System_,1
49,D:\MOX\OTHERS\HOMEGEN.C,Ensure_At_Least_1_Food_Planet_,49,D:\MOX\OTHERS\HOMEGEN.C,Add_Non_Food_Planets_To_List_,1
49,D:\MOX\OTHERS\HOMEGEN.C,Ensure_At_Least_1_Food_Planet_,49,D:\MOX\OTHERS\HOMEGEN.C,Make_One_Planet_,2
49,D:\MOX\OTHERS\HOMEGEN.C,Ensure_At_Least_1_Food_Planet_,49,D:\MOX\OTHERS\HOMEGEN.C,Usable_Orbit_,1
49,D:\MOX\OTHERS\HOMEGEN.C,Ensure_At_Least_1_Food_Planet_,79,D:\MOX\OTHERS\ERIC.C,Get_Sint_Index_From_List_,1
49,D:\MOX\OTHERS\HOMEGEN.C,Ensure_At_Least_1_Food_Planet_,106,D:\MOX\OTHERS\GEO.C,Parsecs_Between_Stars_,1
49,D:\MOX\OTHERS\HOMEGEN.C,Generate_Home_Worlds_,1,L:\MOX\MOX2.C,_TOGGLE_PAGES_,3
49,D:\MOX\OTHERS\HOMEGEN.C,Generate_Home_Worlds_,49,D:\MOX\OTHERS\HOMEGEN.C,Build_Home_Star_List_,1
49,D:\MOX\OTHERS\HOMEGEN.C,Generate_Home_Worlds_,49,D:\MOX\OTHERS\HOMEGEN.C,Build_Min_Star_Distances_,1
49,D:\MOX\OTHERS\HOMEGEN.C,Generate_Home_Worlds_,49,D:\MOX\OTHERS\HOMEGEN.C,Generate_Orion_,1
49,D:\MOX\OTHERS\HOMEGEN.C,Generate_Home_Worlds_,49,D:\MOX\OTHERS\HOMEGEN.C,Modify_Home_Worlds_,1
49,D:\MOX\OTHERS\HOMEGEN.C,Generate_Home_Worlds_,49,D:\MOX\OTHERS\HOMEGEN.C,Randomize_Home_Worlds_,1
49,D:\MOX\OTHERS\HOMEGEN.C,Generate_Home_Worlds_,49,D:\MOX\OTHERS\HOMEGEN.C,Set_Up_Home_Gen_Msg_,1
49,D:\MOX\OTHERS\HOMEGEN.C,Generate_Home_Worlds_,55,D:\MOX\OTHERS\MISC.C,Draw_Advancing_Fill_Message_,3
49,D:\MOX\OTHERS\HOMEGEN.C,Generate_Home_Worlds_,55,D:\MOX\OTHERS\MISC.C,Font_Colors2_,2
49,D:\MOX\OTHERS\HOMEGEN.C,Generate_Home_Worlds_,117,D:\MOX\OTHERS\RUSS.C,Mox_Update_,5
49,D:\MOX\OTHERS\HOMEGEN.C,Generate_Orion_,49,D:\MOX\OTHERS\HOMEGEN.C,Get_Orion_Star_Id_,1
49,D:\MOX\OTHERS\HOMEGEN.C,Generate_Orion_,54,D:\MOX\OTHERS\MAPGEN.C,Generate_Food_Per_Farmer_,1
49,D:\MOX\OTHERS\HOMEGEN.C,Generate_Orion_,54,D:\MOX\OTHERS\MAPGEN.C,Generate_Max_Farms_,1
49,D:\MOX\OTHERS\HOMEGEN.C,Get_Orion_Star_Id_,48,D:\MOX\OTHERS\HAROLD.C,Is_Home_Star_,2
49,D:\MOX\OTHERS\HOMEGEN.C,Get_Orion_Star_Id_,49,D:\MOX\OTHERS\HOMEGEN.C,Is_Added_Food_World_,2
49,D:\MOX\OTHERS\HOMEGEN.C,Get_Orion_Star_Id_,52,D:\MOX\OTHERS\MAINSCR.C,Get_PointXY_Draw_Coords_,1
49,D:\MOX\OTHERS\HOMEGEN.C,Get_Orion_Star_Id_,106,D:\MOX\OTHERS\GEO.C,Parsecs_Between_Points_,1
49,D:\MOX\OTHERS\HOMEGEN.C,Guarantee_A_Planet_At_Min_Dist_,22,D:\MOX\OTHERS\CMBTMIS.C,Coord_Movement_,1
49,D:\MOX\OTHERS\HOMEGEN.C,Guarantee_A_Planet_At_Min_Dist_,49,D:\MOX\OTHERS\HOMEGEN.C,Star_Has_Planet_,2
49,D:\MOX\OTHERS\HOMEGEN.C,Guarantee_A_Planet_At_Min_Dist_,54,D:\MOX\OTHERS\MAPGEN.C,Generate_Orbit_,1
49,D:\MOX\OTHERS\HOMEGEN.C,Guarantee_A_Planet_At_Min_Dist_,54,D:\MOX\OTHERS\MAPGEN.C,Generate_Satellite_,1
49,D:\MOX\OTHERS\HOMEGEN.C,Guarantee_A_Planet_At_Min_Dist_,106,D:\MOX\OTHERS\GEO.C,Parsecs_Between_Stars_,2
49,D:\MOX\OTHERS\HOMEGEN.C,Make_One_Planet_,54,D:\MOX\OTHERS\MAPGEN.C,Generate_Satellite_,1
49,D:\MOX\OTHERS\HOMEGEN.C,Make_System_Monsters_,48,D:\MOX\OTHERS\HAROLD.C,Empty_System_,2
49,D:\MOX\OTHERS\HOMEGEN.C,Make_System_Monsters_,48,D:\MOX\OTHERS\HAROLD.C,Get_Scaled_Value_,2
49,D:\MOX\OTHERS\HOMEGEN.C,Make_System_Monsters_,48,D:\MOX\OTHERS\HAROLD.C,Is_Colony_Star_,2
49,D:\MOX\OTHERS\HOMEGEN.C,Make_System_Monsters_,48,D:\MOX\OTHERS\HAROLD.C,Is_Home_Star_,2
49,D:\MOX\OTHERS\HOMEGEN.C,Make_System_Monsters_,48,D:\MOX\OTHERS\HAROLD.C,Star_Is_Orion_,2
49,D:\MOX\OTHERS\HOMEGEN.C,Make_System_Monsters_,49,D:\MOX\OTHERS\HOMEGEN.C,Dist_Between_Stars_,1
49,D:\MOX\OTHERS\HOMEGEN.C,Make_System_Monsters_,49,D:\MOX\OTHERS\HOMEGEN.C,Is_Added_Food_World_,2
49,D:\MOX\OTHERS\HOMEGEN.C,Make_System_Monsters_,117,D:\MOX\OTHERS\RUSS.C,Get_Weighted_Choice_Short_,1
49,D:\MOX\OTHERS\HOMEGEN.C,Modify_Home_Worlds_,7,L:\MOX\ERICNET.C,Init_Homeworld_Colony_,1
49,D:\MOX\OTHERS\HOMEGEN.C,Modify_Home_Worlds_,49,D:\MOX\OTHERS\HOMEGEN.C,Assign_Home_Star_Names_,1
49,D:\MOX\OTHERS\HOMEGEN.C,Modify_Home_Worlds_,49,D:\MOX\OTHERS\HOMEGEN.C,Enforce_3_Planet_Minimum_,1
49,D:\MOX\OTHERS\HOMEGEN.C,Modify_Home_Worlds_,49,D:\MOX\OTHERS\HOMEGEN.C,Enforce_Climate_,1
49,D:\MOX\OTHERS\HOMEGEN.C,Modify_Home_Worlds_,49,D:\MOX\OTHERS\HOMEGEN.C,Enforce_Gravity_,1
49,D:\MOX\OTHERS\HOMEGEN.C,Modify_Home_Worlds_,49,D:\MOX\OTHERS\HOMEGEN.C,Enforce_Medium_Planet_Size_,1
49,D:\MOX\OTHERS\HOMEGEN.C,Modify_Home_Worlds_,49,D:\MOX\OTHERS\HOMEGEN.C,Enforce_Mineral_Richness_,1
49,D:\MOX\OTHERS\HOMEGEN.C,Modify_Home_Worlds_,49,D:\MOX\OTHERS\HOMEGEN.C,Enforce_Planet_Type_,1
49,D:\MOX\OTHERS\HOMEGEN.C,Modify_Home_Worlds_,49,D:\MOX\OTHERS\HOMEGEN.C,Ensure_At_Least_1_Food_Planet_,1
49,D:\MOX\OTHERS\HOMEGEN.C,Modify_Home_Worlds_,49,D:\MOX\OTHERS\HOMEGEN.C,Guarantee_A_Planet_At_Min_Dist_,1
49,D:\MOX\OTHERS\HOMEGEN.C,Modify_Home_Worlds_,49,D:\MOX\OTHERS\HOMEGEN.C,Remove_Specials_,1
49,D:\MOX\OTHERS\HOMEGEN.C,Random_Planet_,117,D:\MOX\OTHERS\RUSS.C,Get_Weighted_Choice_Short_,1
49,D:\MOX\OTHERS\HOMEGEN.C,Set_Special_For_Star_Guarded_By_Monster_,47,D:\MOX\OTHERS\HACCESS.C,Race_Name_,1
49,D:\MOX\OTHERS\HOMEGEN.C,Set_Special_For_Star_Guarded_By_Monster_,54,D:\MOX\OTHERS\MAPGEN.C,Get_A_Planet_Or_Star_Special_,1
49,D:\MOX\OTHERS\HOMEGEN.C,Set_Up_Home_Gen_Msg_,48,D:\MOX\OTHERS\HAROLD.C,H_Message_,1
49,D:\MOX\OTHERS\HOMEGEN.C,Set_Up_Home_Gen_Msg_,55,D:\MOX\OTHERS\MISC.C,Font_Colors2_,2
49,D:\MOX\OTHERS\HOMEGEN.C,Upgrade_Planet_Guarded_By_Monster_,49,D:\MOX\OTHERS\HOMEGEN.C,Set_Special_For_Star_Guarded_By_Monster_,1
49,D:\MOX\OTHERS\HOMEGEN.C,Upgrade_Planet_Guarded_By_Monster_,54,D:\MOX\OTHERS\MAPGEN.C,Set_Secondary_Planet_Data_,1
49,D:\MOX\OTHERS\HOMEGEN.C,Upgrade_Planet_Guarded_By_Monster_,117,D:\MOX\OTHERS\RUSS.C,Get_Weighted_Choice_Short_,3
50,D:\MOX\OTHERS\LOADSAVE.C,Add_Game_Popup_Fields_,3,L:\MOX\FILEDEF.C,Get_Game_Type_From_Saved_Game_,2
50,D:\MOX\OTHERS\LOADSAVE.C,Add_Game_Popup_Fields_,50,D:\MOX\OTHERS\LOADSAVE.C,Check_For_Saved_Games_,1
50,D:\MOX\OTHERS\LOADSAVE.C,Add_Game_Popup_Fields_,50,D:\MOX\OTHERS\LOADSAVE.C,Embed_Special_Color_Codes_,1
50,D:\MOX\OTHERS\LOADSAVE.C,Add_Game_Popup_Fields_,50,D:\MOX\OTHERS\LOADSAVE.C,Get_Game_Popup_Colors_,1
50,D:\MOX\OTHERS\LOADSAVE.C,Add_Game_Popup_Fields_,50,D:\MOX\OTHERS\LOADSAVE.C,Remove_Embedded_Special_Codes_,1
50,D:\MOX\OTHERS\LOADSAVE.C,Animate_Game_Popup_,1,L:\MOX\MOX2.C,_TOGGLE_PAGES_,1
50,D:\MOX\OTHERS\LOADSAVE.C,Animate_Game_Popup_,50,D:\MOX\OTHERS\LOADSAVE.C,_Draw_Load_Save_Game_Popup_,1
50,D:\MOX\OTHERS\LOADSAVE.C,Animate_Game_Popup_,50,D:\MOX\OTHERS\LOADSAVE.C,_Draw_Main_Game_Popup_,1
50,D:\MOX\OTHERS\LOADSAVE.C,Animate_Game_Popup_,50,D:\MOX\OTHERS\LOADSAVE.C,_Draw_Options_Game_Popup_,1
50,D:\MOX\OTHERS\LOADSAVE.C,Animate_Game_Popup_,52,D:\MOX\OTHERS\MAINSCR.C,Draw_Main_Main_Screen_,1
50,D:\MOX\OTHERS\LOADSAVE.C,Auto_Load_Last_Saved_Game_,3,L:\MOX\FILEDEF.C,Get_Saved_Game_Descriptions_,1
50,D:\MOX\OTHERS\LOADSAVE.C,Auto_Load_Last_Saved_Game_,3,L:\MOX\FILEDEF.C,Load_Game_,1
50,D:\MOX\OTHERS\LOADSAVE.C,Auto_Load_Last_Saved_Game_,48,D:\MOX\OTHERS\HAROLD.C,H_Message_,1
50,D:\MOX\OTHERS\LOADSAVE.C,Auto_Load_Last_Saved_Game_,48,D:\MOX\OTHERS\HAROLD.C,User_Box_,1
50,D:\MOX\OTHERS\LOADSAVE.C,Auto_Save_Last_Saved_Game_,3,L:\MOX\FILEDEF.C,Get_Saved_Game_Descriptions_,1
50,D:\MOX\OTHERS\LOADSAVE.C,Auto_Save_Last_Saved_Game_,3,L:\MOX\FILEDEF.C,Save_Game_,1
50,D:\MOX\OTHERS\LOADSAVE.C,Auto_Save_Last_Saved_Game_,48,D:\MOX\OTHERS\HAROLD.C,H_Message_,1
50,D:\MOX\OTHERS\LOADSAVE.C,Auto_Save_Last_Saved_Game_,48,D:\MOX\OTHERS\HAROLD.C,User_Box_,1
50,D:\MOX\OTHERS\LOADSAVE.C,Bad_Game_File_Message_,48,D:\MOX\OTHERS\HAROLD.C,H_Message_,1
50,D:\MOX\OTHERS\LOADSAVE.C,Bad_Game_File_Message_,50,D:\MOX\OTHERS\LOADSAVE.C,Game_Popup_User_Box_,1
50,D:\MOX\OTHERS\LOADSAVE.C,Check_For_Saved_Games_,3,L:\MOX\FILEDEF.C,Check_Magic_Number_,1
50,D:\MOX\OTHERS\LOADSAVE.C,Check_For_Saved_Games_,3,L:\MOX\FILEDEF.C,Get_Game_Type_From_Saved_Game_,1
50,D:\MOX\OTHERS\LOADSAVE.C,Check_For_Saved_Games_,3,L:\MOX\FILEDEF.C,Get_Star_Date_From_Save_File_,1
50,D:\MOX\OTHERS\LOADSAVE.C,Darken_Main_Screen_Background_,52,D:\MOX\OTHERS\MAINSCR.C,Draw_Mini_Main_Screen_,1
50,D:\MOX\OTHERS\LOADSAVE.C,Darken_Main_Screen_Background_,55,D:\MOX\OTHERS\MISC.C,_Darken_Fill_,1
50,D:\MOX\OTHERS\LOADSAVE.C,Do_Load_Game_Popup_,1,L:\MOX\MOX2.C,_TOGGLE_PAGES_,1
50,D:\MOX\OTHERS\LOADSAVE.C,Do_Load_Game_Popup_,3,L:\MOX\FILEDEF.C,Load_Game_,1
50,D:\MOX\OTHERS\LOADSAVE.C,Do_Load_Game_Popup_,3,L:\MOX\FILEDEF.C,Save_Session_Related_Settings_,1
50,D:\MOX\OTHERS\LOADSAVE.C,Do_Load_Game_Popup_,42,D:\MOX\OTHERS\EVANHELP.C,Set_Load_Game_Screen_Help_List_,1
50,D:\MOX\OTHERS\LOADSAVE.C,Do_Load_Game_Popup_,48,D:\MOX\OTHERS\HAROLD.C,H_Message_,2
50,D:\MOX\OTHERS\LOADSAVE.C,Do_Load_Game_Popup_,50,D:\MOX\OTHERS\LOADSAVE.C,Add_Game_Popup_Fields_,1
50,D:\MOX\OTHERS\LOADSAVE.C,Do_Load_Game_Popup_,50,D:\MOX\OTHERS\LOADSAVE.C,Animate_Game_Popup_,1
50,D:\MOX\OTHERS\LOADSAVE.C,Do_Load_Game_Popup_,50,D:\MOX\OTHERS\LOADSAVE.C,Bad_Game_File_Message_,1
50,D:\MOX\OTHERS\LOADSAVE.C,Do_Load_Game_Popup_,50,D:\MOX\OTHERS\LOADSAVE.C,Game_Popup_User_Box_,1
50,D:\MOX\OTHERS\LOADSAVE.C,Do_Load_Game_Popup_,50,D:\MOX\OTHERS\LOADSAVE.C,Load_Month_Names_,1
50,D:\MOX\OTHERS\LOADSAVE.C,Do_Load_Game_Popup_,50,D:\MOX\OTHERS\LOADSAVE.C,Remove_Embedded_Special_Codes_,1
50,D:\MOX\OTHERS\LOADSAVE.C,Do_Load_Game_Popup_,55,D:\MOX\OTHERS\MISC.C,Fade_Into_Screen_,1
50,D:\MOX\OTHERS\LOADSAVE.C,Do_Main_Game_Popup_,1,L:\MOX\MOX2.C,_TOGGLE_PAGES_,1
50,D:\MOX\OTHERS\LOADSAVE.C,Do_Main_Game_Popup_,3,L:\MOX\FILEDEF.C,Save_Game_,1
50,D:\MOX\OTHERS\LOADSAVE.C,Do_Main_Game_Popup_,3,L:\MOX\FILEDEF.C,Save_Session_Related_Settings_,1
50,D:\MOX\OTHERS\LOADSAVE.C,Do_Main_Game_Popup_,42,D:\MOX\OTHERS\EVANHELP.C,Set_Main_Game_Screen_Help_List_,1
50,D:\MOX\OTHERS\LOADSAVE.C,Do_Main_Game_Popup_,48,D:\MOX\OTHERS\HAROLD.C,H_Message_,3
50,D:\MOX\OTHERS\LOADSAVE.C,Do_Main_Game_Popup_,50,D:\MOX\OTHERS\LOADSAVE.C,Animate_Game_Popup_,1
50,D:\MOX\OTHERS\LOADSAVE.C,Do_Main_Game_Popup_,50,D:\MOX\OTHERS\LOADSAVE.C,Game_Popup_User_Box_,3
50,D:\MOX\OTHERS\LOADSAVE.C,Do_Main_Game_Popup_,50,D:\MOX\OTHERS\LOADSAVE.C,Set_Music_For_Game_Popup_,1
50,D:\MOX\OTHERS\LOADSAVE.C,Do_Main_Game_Popup_,50,D:\MOX\OTHERS\LOADSAVE.C,Set_Sound_For_Game_Popup_,1
50,D:\MOX\OTHERS\LOADSAVE.C,Do_Main_Game_Popup_,50,D:\MOX\OTHERS\LOADSAVE.C,_Draw_Main_Game_Popup_,1
50,D:\MOX\OTHERS\LOADSAVE.C,Do_Main_Game_Popup_,52,D:\MOX\OTHERS\MAINSCR.C,Draw_Main_Main_Screen_,1
50,D:\MOX\OTHERS\LOADSAVE.C,Do_Main_Game_Popup_,52,D:\MOX\OTHERS\MAINSCR.C,Draw_Mini_Main_Screen_,1
50,D:\MOX\OTHERS\LOADSAVE.C,Do_Main_Game_Popup_,112,D:\MOX\OTHERS\NETMOX.C,Human_Abdicates_,1
50,D:\MOX\OTHERS\LOADSAVE.C,Do_Options_Game_Popup_,1,L:\MOX\MOX2.C,_TOGGLE_PAGES_,1
50,D:\MOX\OTHERS\LOADSAVE.C,Do_Options_Game_Popup_,42,D:\MOX\OTHERS\EVANHELP.C,Set_Options_Game_Screen_Help_List_,1
50,D:\MOX\OTHERS\LOADSAVE.C,Do_Options_Game_Popup_,48,D:\MOX\OTHERS\HAROLD.C,Reload_Language_Strings_,1
50,D:\MOX\OTHERS\LOADSAVE.C,Do_Options_Game_Popup_,48,D:\MOX\OTHERS\HAROLD.C,Write_Language_Setting_File_,1
50,D:\MOX\OTHERS\LOADSAVE.C,Do_Options_Game_Popup_,50,D:\MOX\OTHERS\LOADSAVE.C,Add_Game_Popup_Fields_,1
50,D:\MOX\OTHERS\LOADSAVE.C,Do_Options_Game_Popup_,50,D:\MOX\OTHERS\LOADSAVE.C,_Draw_Options_Game_Popup_,1
50,D:\MOX\OTHERS\LOADSAVE.C,Do_Save_Game_Popup_,1,L:\MOX\MOX2.C,_TOGGLE_PAGES_,1
50,D:\MOX\OTHERS\LOADSAVE.C,Do_Save_Game_Popup_,3,L:\MOX\FILEDEF.C,Save_Game_,1
50,D:\MOX\OTHERS\LOADSAVE.C,Do_Save_Game_Popup_,3,L:\MOX\FILEDEF.C,Save_Session_Related_Settings_,1
50,D:\MOX\OTHERS\LOADSAVE.C,Do_Save_Game_Popup_,42,D:\MOX\OTHERS\EVANHELP.C,Set_Save_Game_Screen_Help_List_,1
50,D:\MOX\OTHERS\LOADSAVE.C,Do_Save_Game_Popup_,48,D:\MOX\OTHERS\HAROLD.C,H_Message_,3
50,D:\MOX\OTHERS\LOADSAVE.C,Do_Save_Game_Popup_,50,D:\MOX\OTHERS\LOADSAVE.C,Add_Game_Popup_Fields_,1
50,D:\MOX\OTHERS\LOADSAVE.C,Do_Save_Game_Popup_,50,D:\MOX\OTHERS\LOADSAVE.C,Animate_Game_Popup_,1
50,D:\MOX\OTHERS\LOADSAVE.C,Do_Save_Game_Popup_,50,D:\MOX\OTHERS\LOADSAVE.C,Get_Save_Game_Date_Strings_,1
50,D:\MOX\OTHERS\LOADSAVE.C,Do_Save_Game_Popup_,50,D:\MOX\OTHERS\LOADSAVE.C,Get_Star_Date_Strings_,1
50,D:\MOX\OTHERS\LOADSAVE.C,Do_Save_Game_Popup_,50,D:\MOX\OTHERS\LOADSAVE.C,Load_Month_Names_,1
50,D:\MOX\OTHERS\LOADSAVE.C,Do_Save_Game_Popup_,50,D:\MOX\OTHERS\LOADSAVE.C,Remove_Embedded_Special_Codes_,1
50,D:\MOX\OTHERS\LOADSAVE.C,Do_Save_Game_Popup_,50,D:\MOX\OTHERS\LOADSAVE.C,_Draw_Load_Save_Game_Popup_,1
50,D:\MOX\OTHERS\LOADSAVE.C,Do_Save_Game_Popup_,78,D:\MOX\OTHERS\COLXPORT.C,N_Colonies_,1
50,D:\MOX\OTHERS\LOADSAVE.C,Game_Popup_User_Box_,46,D:\MOX\OTHERS\GENDRAW.C,Do_Confirmation_Box_,1
50,D:\MOX\OTHERS\LOADSAVE.C,Game_Popup_User_Box_,46,D:\MOX\OTHERS\GENDRAW.C,Message_Box_,1
50,D:\MOX\OTHERS\LOADSAVE.C,Game_Popup_User_Box_,46,D:\MOX\OTHERS\GENDRAW.C,Warning_Box_,1
50,D:\MOX\OTHERS\LOADSAVE.C,Game_Popup_User_Box_,50,D:\MOX\OTHERS\LOADSAVE.C,Restore_Game_Popup_,1
50,D:\MOX\OTHERS\LOADSAVE.C,Get_File_Date_String_,55,D:\MOX\OTHERS\MISC.C,Get_Time_Stamp_,1
50,D:\MOX\OTHERS\LOADSAVE.C,Get_Game_Popup_Colors_,55,D:\MOX\OTHERS\MISC.C,Font_Colors2_,3
50,D:\MOX\OTHERS\LOADSAVE.C,Get_Save_Game_Date_Strings_,50,D:\MOX\OTHERS\LOADSAVE.C,Get_File_Date_String_,1
50,D:\MOX\OTHERS\LOADSAVE.C,Get_Star_Date_Strings_,48,D:\MOX\OTHERS\HAROLD.C,H_Message_,1
50,D:\MOX\OTHERS\LOADSAVE.C,Load_Game_Popup_Pictures_,117,D:\MOX\OTHERS\RUSS.C,Mox_Update_,5
50,D:\MOX\OTHERS\LOADSAVE.C,Load_Month_Names_,48,D:\MOX\OTHERS\HAROLD.C,H_Message_,12
50,D:\MOX\OTHERS\LOADSAVE.C,Mainmenu_Load_Game_Popup_,50,D:\MOX\OTHERS\LOADSAVE.C,Do_Load_Game_Popup_,1
50,D:\MOX\OTHERS\LOADSAVE.C,Mainmenu_Load_Game_Popup_,50,D:\MOX\OTHERS\LOADSAVE.C,Load_Mainmenu_Load_Game_Popup_,1
50,D:\MOX\OTHERS\LOADSAVE.C,Mainmenu_Load_Game_Popup_,50,D:\MOX\OTHERS\LOADSAVE.C,Load_Month_Names_,1
50,D:\MOX\OTHERS\LOADSAVE.C,Mainmenu_Load_Game_Popup_,50,D:\MOX\OTHERS\LOADSAVE.C,Set_Up_Load_Save_Popup_,1
50,D:\MOX\OTHERS\LOADSAVE.C,Print_Load_Save_To_Bitmap_,50,D:\MOX\OTHERS\LOADSAVE.C,_Draw_Load_Save_Game_Popup_,1
50,D:\MOX\OTHERS\LOADSAVE.C,Print_Main_Game_To_Bitmap_,50,D:\MOX\OTHERS\LOADSAVE.C,_Draw_Main_Game_Popup_,1
50,D:\MOX\OTHERS\LOADSAVE.C,Print_Options_To_Bitmap_,50,D:\MOX\OTHERS\LOADSAVE.C,_Draw_Options_Game_Popup_,1
50,D:\MOX\OTHERS\LOADSAVE.C,Pull_Down_Game_Popup_,50,D:\MOX\OTHERS\LOADSAVE.C,Animate_Game_Popup_,1
50,D:\MOX\OTHERS\LOADSAVE.C,Push_Up_Game_Popup_,50,D:\MOX\OTHERS\LOADSAVE.C,Animate_Game_Popup_,1
50,D:\MOX\OTHERS\LOADSAVE.C,Remove_Embedded_Special_Codes_,55,D:\MOX\OTHERS\MISC.C,Substring_,1
50,D:\MOX\OTHERS\LOADSAVE.C,Restore_Game_Popup_,1,L:\MOX\MOX2.C,_TOGGLE_PAGES_,1
50,D:\MOX\OTHERS\LOADSAVE.C,Restore_Game_Popup_,52,D:\MOX\OTHERS\MAINSCR.C,Draw_Mini_Main_Screen_,1
50,D:\MOX\OTHERS\LOADSAVE.C,Restore_Main_Screen_,52,D:\MOX\OTHERS\MAINSCR.C,Draw_Mini_Main_Screen_,1
50,D:\MOX\OTHERS\LOADSAVE.C,Set_Music_For_Game_Popup_,16,D:\MOX\JIM.C,Play_Background_Music_,1
50,D:\MOX\OTHERS\LOADSAVE.C,Set_Music_For_Game_Popup_,16,D:\MOX\JIM.C,Stop_Background_Music_,1
50,D:\MOX\OTHERS\LOADSAVE.C,Set_Up_Load_Save_Popup_,3,L:\MOX\FILEDEF.C,Get_Saved_Game_Descriptions_,1
50,D:\MOX\OTHERS\LOADSAVE.C,Set_Up_Load_Save_Popup_,48,D:\MOX\OTHERS\HAROLD.C,H_Message_,1
50,D:\MOX\OTHERS\LOADSAVE.C,Set_Up_Load_Save_Popup_,50,D:\MOX\OTHERS\LOADSAVE.C,Get_Save_Game_Date_Strings_,1
50,D:\MOX\OTHERS\LOADSAVE.C,Set_Up_Load_Save_Popup_,50,D:\MOX\OTHERS\LOADSAVE.C,Get_Star_Date_Strings_,1
50,D:\MOX\OTHERS\LOADSAVE.C,_Draw_Load_Save_Game_Popup_,50,D:\MOX\OTHERS\LOADSAVE.C,Get_Game_Popup_Colors_,3
50,D:\MOX\OTHERS\LOADSAVE.C,_Draw_Load_Save_Game_Popup_,52,D:\MOX\OTHERS\MAINSCR.C,Draw_Mini_Main_Screen_,1
50,D:\MOX\OTHERS\LOADSAVE.C,_Draw_Main_Game_Popup_,50,D:\MOX\OTHERS\LOADSAVE.C,Set_Music_For_Game_Popup_,1
50,D:\MOX\OTHERS\LOADSAVE.C,_Draw_Main_Game_Popup_,50,D:\MOX\OTHERS\LOADSAVE.C,Set_Sound_For_Game_Popup_,1
50,D:\MOX\OTHERS\LOADSAVE.C,_Draw_Main_Game_Popup_,52,D:\MOX\OTHERS\MAINSCR.C,Draw_Mini_Main_Screen_,1
50,D:\MOX\OTHERS\LOADSAVE.C,_Draw_Options_Game_Popup_,48,D:\MOX\OTHERS\HAROLD.C,H_Message_,26
50,D:\MOX\OTHERS\LOADSAVE.C,_Draw_Options_Game_Popup_,52,D:\MOX\OTHERS\MAINSCR.C,Draw_Mini_Main_Screen_,1
50,D:\MOX\OTHERS\LOADSAVE.C,_Draw_Options_Game_Popup_,55,D:\MOX\OTHERS\MISC.C,Font_Colors2_,1
50,D:\MOX\OTHERS\LOADSAVE.C,_Game_Popup_,1,L:\MOX\MOX2.C,_TOGGLE_PAGES_,2
50,D:\MOX\OTHERS\LOADSAVE.C,_Game_Popup_,3,L:\MOX\FILEDEF.C,Save_Session_Related_Settings_,1
50,D:\MOX\OTHERS\LOADSAVE.C,_Game_Popup_,50,D:\MOX\OTHERS\LOADSAVE.C,Add_Game_Popup_Fields_,1
50,D:\MOX\OTHERS\LOADSAVE.C,_Game_Popup_,50,D:\MOX\OTHERS\LOADSAVE.C,Allocate_Data_Space_For_Game_Popup_,1
50,D:\MOX\OTHERS\LOADSAVE.C,_Game_Popup_,50,D:\MOX\OTHERS\LOADSAVE.C,Animate_Game_Popup_,2
50,D:\MOX\OTHERS\LOADSAVE.C,_Game_Popup_,50,D:\MOX\OTHERS\LOADSAVE.C,Do_Load_Game_Popup_,1
50,D:\MOX\OTHERS\LOADSAVE.C,_Game_Popup_,50,D:\MOX\OTHERS\LOADSAVE.C,Do_Main_Game_Popup_,1
50,D:\MOX\OTHERS\LOADSAVE.C,_Game_Popup_,50,D:\MOX\OTHERS\LOADSAVE.C,Do_Options_Game_Popup_,1
50,D:\MOX\OTHERS\LOADSAVE.C,_Game_Popup_,50,D:\MOX\OTHERS\LOADSAVE.C,Do_Save_Game_Popup_,1
50,D:\MOX\OTHERS\LOADSAVE.C,_Game_Popup_,50,D:\MOX\OTHERS\LOADSAVE.C,Load_Game_Popup_Pictures_,1
50,D:\MOX\OTHERS\LOADSAVE.C,_Game_Popup_,50,D:\MOX\OTHERS\LOADSAVE.C,Set_Current_Game_Option_Flags_,1
50,D:\MOX\OTHERS\LOADSAVE.C,_Game_Popup_,50,D:\MOX\OTHERS\LOADSAVE.C,Set_Up_Load_Save_Popup_,1
50,D:\MOX\OTHERS\LOADSAVE.C,_Game_Popup_,50,D:\MOX\OTHERS\LOADSAVE.C,Update_Game_Settings_,1
50,D:\MOX\OTHERS\LOADSAVE.C,_Game_Popup_,50,D:\MOX\OTHERS\LOADSAVE.C,_Draw_Main_Game_Popup_,1
50,D:\MOX\OTHERS\LOADSAVE.C,_Game_Popup_,52,D:\MOX\OTHERS\MAINSCR.C,Allocate_First_Screen_Seg_,1
50,D:\MOX\OTHERS\LOADSAVE.C,_Game_Popup_,52,D:\MOX\OTHERS\MAINSCR.C,Draw_Mini_Main_Screen_,4
50,D:\MOX\OTHERS\LOADSAVE.C,_Game_Popup_,79,D:\MOX\OTHERS\ERIC.C,Fast_Fade_Out_,1
51,D:\MOX\OTHERS\MAINMENU.C,Add_Main_Menu_Fields_,3,L:\MOX\FILEDEF.C,Get_Game_Type_From_Saved_Game_,1
51,D:\MOX\OTHERS\MAINMENU.C,Do_Main_Menu_File_Animation_,1,L:\MOX\MOX2.C,_TOGGLE_PAGES_,1
51,D:\MOX\OTHERS\MAINMENU.C,Do_Main_Menu_File_Animation_,7,L:\MOX\ERICNET.C,Mox_Play_Sound_,2
51,D:\MOX\OTHERS\MAINMENU.C,Do_Main_Menu_File_Animation_,48,D:\MOX\OTHERS\HAROLD.C,H_Message_,1
51,D:\MOX\OTHERS\MAINMENU.C,Do_Main_Menu_File_Animation_,51,D:\MOX\OTHERS\MAINMENU.C,Get_File_Animation_Block_Space_,1
51,D:\MOX\OTHERS\MAINMENU.C,Do_Mainmenu_Load_Screen_,1,L:\MOX\MOX2.C,_TOGGLE_PAGES_,1
51,D:\MOX\OTHERS\MAINMENU.C,Do_Mainmenu_Load_Screen_,50,D:\MOX\OTHERS\LOADSAVE.C,Mainmenu_Load_Game_Popup_,1
51,D:\MOX\OTHERS\MAINMENU.C,Draw_Credits_,51,D:\MOX\OTHERS\MAINMENU.C,Copy_Credit_String_To_Bitmap_,1
51,D:\MOX\OTHERS\MAINMENU.C,Draw_Main_Menu_Screen_,1,L:\MOX\MOX2.C,_TOGGLE_PAGES_,1
51,D:\MOX\OTHERS\MAINMENU.C,Draw_Main_Menu_Screen_,51,D:\MOX\OTHERS\MAINMENU.C,Draw_Credits_,1
51,D:\MOX\OTHERS\MAINMENU.C,Draw_Main_Menu_Screen_,55,D:\MOX\OTHERS\MISC.C,Font_Colors2_,1
51,D:\MOX\OTHERS\MAINMENU.C,Get_File_Animation_Total_Frames_,48,D:\MOX\OTHERS\HAROLD.C,H_Message_,1
51,D:\MOX\OTHERS\MAINMENU.C,Load_Credits_,51,D:\MOX\OTHERS\MAINMENU.C,Init_Credits_,1
51,D:\MOX\OTHERS\MAINMENU.C,Load_Credits_,117,D:\MOX\OTHERS\RUSS.C,Mox_Update_,4
51,D:\MOX\OTHERS\MAINMENU.C,Main_Menu_Screen_,1,L:\MOX\MOX2.C,_TOGGLE_PAGES_,3
51,D:\MOX\OTHERS\MAINMENU.C,Main_Menu_Screen_,3,L:\MOX\FILEDEF.C,Load_Game_,1
51,D:\MOX\OTHERS\MAINMENU.C,Main_Menu_Screen_,42,D:\MOX\OTHERS\EVANHELP.C,Set_Main_Menu_Screen_Help_List_,1
51,D:\MOX\OTHERS\MAINMENU.C,Main_Menu_Screen_,46,D:\MOX\OTHERS\GENDRAW.C,Warning_Box_,1
51,D:\MOX\OTHERS\MAINMENU.C,Main_Menu_Screen_,48,D:\MOX\OTHERS\HAROLD.C,H_Message_,1
51,D:\MOX\OTHERS\MAINMENU.C,Main_Menu_Screen_,51,D:\MOX\OTHERS\MAINMENU.C,Add_Main_Menu_Fields_,1
51,D:\MOX\OTHERS\MAINMENU.C,Main_Menu_Screen_,51,D:\MOX\OTHERS\MAINMENU.C,Do_Main_Menu_File_Animation_,1
51,D:\MOX\OTHERS\MAINMENU.C,Main_Menu_Screen_,51,D:\MOX\OTHERS\MAINMENU.C,Do_Mainmenu_Load_Screen_,1
51,D:\MOX\OTHERS\MAINMENU.C,Main_Menu_Screen_,51,D:\MOX\OTHERS\MAINMENU.C,Draw_Main_Menu_Screen_,1
51,D:\MOX\OTHERS\MAINMENU.C,Main_Menu_Screen_,51,D:\MOX\OTHERS\MAINMENU.C,Load_Credits_,1
51,D:\MOX\OTHERS\MAINMENU.C,Main_Menu_Screen_,51,D:\MOX\OTHERS\MAINMENU.C,Reload_Main_Menu_Screen_,3
51,D:\MOX\OTHERS\MAINMENU.C,Main_Menu_Screen_,55,D:\MOX\OTHERS\MISC.C,Fade_Into_Screen_,2
51,D:\MOX\OTHERS\MAINMENU.C,Main_Menu_Screen_,117,D:\MOX\OTHERS\RUSS.C,Mox_Update_,5
51,D:\MOX\OTHERS\MAINMENU.C,Reload_Main_Menu_Screen_,117,D:\MOX\OTHERS\RUSS.C,Mox_Update_,3
52,D:\MOX\OTHERS\MAINSCR.C,Add_Map_Fields_,52,D:\MOX\OTHERS\MAINSCR.C,Set_Main_Screen_Fields_To_Null_,1
52,D:\MOX\OTHERS\MAINSCR.C,Add_Map_Fields_,55,D:\MOX\OTHERS\MISC.C,Restore_Window_Status_,1
52,D:\MOX\OTHERS\MAINSCR.C,Add_Map_Fields_,55,D:\MOX\OTHERS\MISC.C,Save_Window_Status_,1
52,D:\MOX\OTHERS\MAINSCR.C,Add_Map_Fields_,56,D:\MOX\OTHERS\MOVEBOX.C,Add_Moveable_Box_Fields_,1
52,D:\MOX\OTHERS\MAINSCR.C,Add_Map_Fields_,56,D:\MOX\OTHERS\MOVEBOX.C,Moveable_Box_Selected_,1
52,D:\MOX\OTHERS\MAINSCR.C,Add_Star_Fields_,48,D:\MOX\OTHERS\HAROLD.C,Map_Scale_To_Zoom_Level_,2
52,D:\MOX\OTHERS\MAINSCR.C,Add_Star_Fields_,52,D:\MOX\OTHERS\MAINSCR.C,Get_Star_Draw_Coords_,1
52,D:\MOX\OTHERS\MAINSCR.C,Center_Map_,48,D:\MOX\OTHERS\HAROLD.C,Get_Up_Scaled_Value_,6
52,D:\MOX\OTHERS\MAINSCR.C,Center_Map_,52,D:\MOX\OTHERS\MAINSCR.C,Get_New_Paralax_XYs_,1
52,D:\MOX\OTHERS\MAINSCR.C,Change_Home_Star_Name_,1,L:\MOX\MOX2.C,_TOGGLE_PAGES_,1
52,D:\MOX\OTHERS\MAINSCR.C,Change_Home_Star_Name_,52,D:\MOX\OTHERS\MAINSCR.C,Add_Cheats_,1
52,D:\MOX\OTHERS\MAINSCR.C,Change_Home_Star_Name_,52,D:\MOX\OTHERS\MAINSCR.C,Add_Map_Fields_,1
52,D:\MOX\OTHERS\MAINSCR.C,Change_Home_Star_Name_,52,D:\MOX\OTHERS\MAINSCR.C,Draw_Mini_Main_Screen_,1
52,D:\MOX\OTHERS\MAINSCR.C,Change_Home_Star_Name_,52,D:\MOX\OTHERS\MAINSCR.C,Set_Main_Screen_Fields_To_Null_,1
52,D:\MOX\OTHERS\MAINSCR.C,Change_Home_Star_Name_,57,D:\MOX\OTHERS\NAMESTAR.C,Change_Home_Star_Name_Popup_,1
52,D:\MOX\OTHERS\MAINSCR.C,Change_Home_Star_Name_,57,D:\MOX\OTHERS\NAMESTAR.C,Star_Name_Popup_Map_Center_X_,1
52,D:\MOX\OTHERS\MAINSCR.C,Change_Home_Star_Name_,57,D:\MOX\OTHERS\NAMESTAR.C,Star_Name_Popup_Map_Center_Y_,1
52,D:\MOX\OTHERS\MAINSCR.C,Check_For_Diplomacy_Request_,52,D:\MOX\OTHERS\MAINSCR.C,Do_Reply_To_Diplomacy_Request_,1
52,D:\MOX\OTHERS\MAINSCR.C,Check_For_Diplomacy_Request_,52,D:\MOX\OTHERS\MAINSCR.C,Fade_Into_Main_Screen_,1
52,D:\MOX\OTHERS\MAINSCR.C,Check_For_Diplomacy_Request_,112,D:\MOX\OTHERS\NETMOX.C,Accept_Diplomacy_Request_,1
52,D:\MOX\OTHERS\MAINSCR.C,Check_For_Diplomacy_Request_,112,D:\MOX\OTHERS\NETMOX.C,Human_Requesting_Diplomacy_,2
52,D:\MOX\OTHERS\MAINSCR.C,Check_For_Diplomacy_Request_,112,D:\MOX\OTHERS\NETMOX.C,Refuse_Diplomacy_Request_,1
52,D:\MOX\OTHERS\MAINSCR.C,Check_For_Diplomacy_Request_,112,D:\MOX\OTHERS\NETMOX.C,Tell_Diplomacy_Requester_To_Wait_,1
52,D:\MOX\OTHERS\MAINSCR.C,Check_Function_Keys_,3,L:\MOX\FILEDEF.C,Save_Game_,1
52,D:\MOX\OTHERS\MAINSCR.C,Check_Function_Keys_,47,D:\MOX\OTHERS\HACCESS.C,Last_Colony_Selected_,2
52,D:\MOX\OTHERS\MAINSCR.C,Check_Function_Keys_,47,D:\MOX\OTHERS\HACCESS.C,N_Star_Relocations_,1
52,D:\MOX\OTHERS\MAINSCR.C,Check_Function_Keys_,48,D:\MOX\OTHERS\HAROLD.C,H_Message_,2
52,D:\MOX\OTHERS\MAINSCR.C,Check_Function_Keys_,48,D:\MOX\OTHERS\HAROLD.C,User_Box_,1
52,D:\MOX\OTHERS\MAINSCR.C,Check_Function_Keys_,52,D:\MOX\OTHERS\MAINSCR.C,Cycle_Ship_Icons_,1
52,D:\MOX\OTHERS\MAINSCR.C,Check_Function_Keys_,52,D:\MOX\OTHERS\MAINSCR.C,Cycle_Star_Icons_,2
52,D:\MOX\OTHERS\MAINSCR.C,Check_Function_Keys_,52,D:\MOX\OTHERS\MAINSCR.C,Do_Colony_Screen_,1
52,D:\MOX\OTHERS\MAINSCR.C,Check_Function_Keys_,52,D:\MOX\OTHERS\MAINSCR.C,Do_Fleet_Popup_,1
52,D:\MOX\OTHERS\MAINSCR.C,Check_Function_Keys_,52,D:\MOX\OTHERS\MAINSCR.C,Do_System_Popup_,1
52,D:\MOX\OTHERS\MAINSCR.C,Check_Function_Keys_,52,D:\MOX\OTHERS\MAINSCR.C,Toggle_Game_Option_,1
52,D:\MOX\OTHERS\MAINSCR.C,Check_Hot_Keys_,48,D:\MOX\OTHERS\HAROLD.C,H_Message_,4
52,D:\MOX\OTHERS\MAINSCR.C,Check_Hot_Keys_,48,D:\MOX\OTHERS\HAROLD.C,Star_Owner_,1
52,D:\MOX\OTHERS\MAINSCR.C,Check_Hot_Keys_,48,D:\MOX\OTHERS\HAROLD.C,User_Box_,5
52,D:\MOX\OTHERS\MAINSCR.C,Check_Hot_Keys_,52,D:\MOX\OTHERS\MAINSCR.C,Give_Me_All_Tech_Advances_,1
52,D:\MOX\OTHERS\MAINSCR.C,Check_Hot_Keys_,60,D:\MOX\OTHERS\SCORE.C,Do_Calculate_Hi_Score_,1
52,D:\MOX\OTHERS\MAINSCR.C,Check_Hot_Keys_,117,D:\MOX\OTHERS\RUSS.C,Make_All_AI_Game_,1
52,D:\MOX\OTHERS\MAINSCR.C,Check_Mouse_XY_Fields_,52,D:\MOX\OTHERS\MAINSCR.C,Scan_Ships_XY_,1
52,D:\MOX\OTHERS\MAINSCR.C,Check_Mouse_XY_Fields_,52,D:\MOX\OTHERS\MAINSCR.C,Scan_Stars_XY_,1
52,D:\MOX\OTHERS\MAINSCR.C,Check_Mouse_XY_Fields_,56,D:\MOX\OTHERS\MOVEBOX.C,Moveable_Box_Selected_,2
52,D:\MOX\OTHERS\MAINSCR.C,Check_Ships_XY_,7,L:\MOX\ERICNET.C,Mox_Play_Sound_,1
52,D:\MOX\OTHERS\MAINSCR.C,Check_Ships_XY_,47,D:\MOX\OTHERS\HACCESS.C,Ship_Owner_,1
52,D:\MOX\OTHERS\MAINSCR.C,Check_Ships_XY_,62,D:\MOX\OTHERS\SHIPS.C,Get_Ship_Icon_Pict_Seg_,1
52,D:\MOX\OTHERS\MAINSCR.C,Check_Stars_XY_,7,L:\MOX\ERICNET.C,Mox_Play_Sound_,1
52,D:\MOX\OTHERS\MAINSCR.C,Check_Stars_XY_,48,D:\MOX\OTHERS\HAROLD.C,Map_Scale_To_Zoom_Level_,2
52,D:\MOX\OTHERS\MAINSCR.C,Check_Stars_XY_,52,D:\MOX\OTHERS\MAINSCR.C,Get_Star_Draw_Coords_,1
52,D:\MOX\OTHERS\MAINSCR.C,Convert_Coords_,48,D:\MOX\OTHERS\HAROLD.C,Get_Scaled_Value_,2
52,D:\MOX\OTHERS\MAINSCR.C,Cycle_Ship_Icons_,47,D:\MOX\OTHERS\HACCESS.C,Ship_Owner_,2
52,D:\MOX\OTHERS\MAINSCR.C,Cycle_Ship_Icons_,47,D:\MOX\OTHERS\HACCESS.C,Ship_Stack_Owner_,1
52,D:\MOX\OTHERS\MAINSCR.C,Cycle_Ship_Icons_,56,D:\MOX\OTHERS\MOVEBOX.C,Moveable_Box_Selected_,1
52,D:\MOX\OTHERS\MAINSCR.C,Cycle_Star_Icons_,48,D:\MOX\OTHERS\HAROLD.C,Player_Has_Colony_,2
52,D:\MOX\OTHERS\MAINSCR.C,Do_Colony_Screen_,47,D:\MOX\OTHERS\HACCESS.C,Get_Planet_Name_,1
52,D:\MOX\OTHERS\MAINSCR.C,Do_Colony_Screen_,48,D:\MOX\OTHERS\HAROLD.C,H_Message_,1
52,D:\MOX\OTHERS\MAINSCR.C,Do_Colony_Screen_,48,D:\MOX\OTHERS\HAROLD.C,User_Box_,1
52,D:\MOX\OTHERS\MAINSCR.C,Do_Fleet_Popup_,1,L:\MOX\MOX2.C,_TOGGLE_PAGES_,1
52,D:\MOX\OTHERS\MAINSCR.C,Do_Fleet_Popup_,43,D:\MOX\OTHERS\FLEETPOP.C,Clear_Ship_Node_Selection_Flags_,1
52,D:\MOX\OTHERS\MAINSCR.C,Do_Fleet_Popup_,43,D:\MOX\OTHERS\FLEETPOP.C,Reload_Fleet_Box_Palette_,1
52,D:\MOX\OTHERS\MAINSCR.C,Do_Fleet_Popup_,47,D:\MOX\OTHERS\HACCESS.C,Clear_Fleet_Box_Selected_Ship_Status_,1
52,D:\MOX\OTHERS\MAINSCR.C,Do_Fleet_Popup_,47,D:\MOX\OTHERS\HACCESS.C,Ship_Stack_From_Ship_Icon_,1
52,D:\MOX\OTHERS\MAINSCR.C,Do_Fleet_Popup_,47,D:\MOX\OTHERS\HACCESS.C,Ship_Stack_Owner_,2
52,D:\MOX\OTHERS\MAINSCR.C,Do_Fleet_Popup_,48,D:\MOX\OTHERS\HAROLD.C,Map_Scale_To_Zoom_Level_,1
52,D:\MOX\OTHERS\MAINSCR.C,Do_Fleet_Popup_,52,D:\MOX\OTHERS\MAINSCR.C,Draw_Mini_Main_Screen_,2
52,D:\MOX\OTHERS\MAINSCR.C,Do_Fleet_Popup_,52,D:\MOX\OTHERS\MAINSCR.C,Redraw_Main_Screen_,1
52,D:\MOX\OTHERS\MAINSCR.C,Do_Fleet_Popup_,52,D:\MOX\OTHERS\MAINSCR.C,Set_Popup_Draw_XY_,1
52,D:\MOX\OTHERS\MAINSCR.C,Do_Fleet_Popup_,55,D:\MOX\OTHERS\MISC.C,Occluded_,1
52,D:\MOX\OTHERS\MAINSCR.C,Do_Fleet_Popup_,56,D:\MOX\OTHERS\MOVEBOX.C,Move_Box_To_Top_,1
52,D:\MOX\OTHERS\MAINSCR.C,Do_Fleet_Popup_,56,D:\MOX\OTHERS\MOVEBOX.C,Moveable_Box_Selected_,2
52,D:\MOX\OTHERS\MAINSCR.C,Do_Fleet_Popup_,56,D:\MOX\OTHERS\MOVEBOX.C,Vanish_Fleet_Movement_Box_,2
52,D:\MOX\OTHERS\MAINSCR.C,Do_Fleet_Popup_,56,D:\MOX\OTHERS\MOVEBOX.C,Vanish_System_Display_Box_,1
52,D:\MOX\OTHERS\MAINSCR.C,Do_Fleet_Popup_,62,D:\MOX\OTHERS\SHIPS.C,Get_Ship_Icon_Coords_,1
52,D:\MOX\OTHERS\MAINSCR.C,Do_Fleet_Popup_,62,D:\MOX\OTHERS\SHIPS.C,Overlapped_Ship_Icon_Button_,1
52,D:\MOX\OTHERS\MAINSCR.C,Do_Fleet_Popup_,63,D:\MOX\OTHERS\SYS.C,Clear_System_Display_Loaded_Flag_,1
52,D:\MOX\OTHERS\MAINSCR.C,Do_Fleet_Popup_,79,D:\MOX\OTHERS\ERIC.C,Set_Fade_Percent_,1
52,D:\MOX\OTHERS\MAINSCR.C,Do_Next_Turn_,52,D:\MOX\OTHERS\MAINSCR.C,Save_Hotseat_Map_Info_,1
52,D:\MOX\OTHERS\MAINSCR.C,Do_Next_Turn_,52,D:\MOX\OTHERS\MAINSCR.C,Set_Main_Screen_Fields_To_Null_,1
52,D:\MOX\OTHERS\MAINSCR.C,Do_Next_Turn_,55,D:\MOX\OTHERS\MISC.C,Increment_Mouse_Clock_Image_,1
52,D:\MOX\OTHERS\MAINSCR.C,Do_Next_Turn_,63,D:\MOX\OTHERS\SYS.C,Clear_System_Display_Loaded_Flag_,1
52,D:\MOX\OTHERS\MAINSCR.C,Do_Reply_To_Diplomacy_Request_,1,L:\MOX\MOX2.C,_TOGGLE_PAGES_,2
52,D:\MOX\OTHERS\MAINSCR.C,Do_Reply_To_Diplomacy_Request_,42,D:\MOX\OTHERS\EVANHELP.C,Set_Diplomacy_Request_Help_List_,1
52,D:\MOX\OTHERS\MAINSCR.C,Do_Reply_To_Diplomacy_Request_,42,D:\MOX\OTHERS\EVANHELP.C,Set_Main_Screen_Help_List_,1
52,D:\MOX\OTHERS\MAINSCR.C,Do_Reply_To_Diplomacy_Request_,52,D:\MOX\OTHERS\MAINSCR.C,Add_Reply_To_Diplomacy_Request_Fields_,1
52,D:\MOX\OTHERS\MAINSCR.C,Do_Reply_To_Diplomacy_Request_,52,D:\MOX\OTHERS\MAINSCR.C,Draw_Mini_Main_Screen_,1
52,D:\MOX\OTHERS\MAINSCR.C,Do_Reply_To_Diplomacy_Request_,52,D:\MOX\OTHERS\MAINSCR.C,Draw_Reply_To_Diplomacy_Request_Popup_,1
52,D:\MOX\OTHERS\MAINSCR.C,Do_Reply_To_Diplomacy_Request_,52,D:\MOX\OTHERS\MAINSCR.C,Load_Reply_To_Diplomacy_Request_Popup_,1
52,D:\MOX\OTHERS\MAINSCR.C,Do_Reply_To_Diplomacy_Request_,52,D:\MOX\OTHERS\MAINSCR.C,Set_Main_Screen_Fields_To_Null_,2
52,D:\MOX\OTHERS\MAINSCR.C,Do_System_Popup_,1,L:\MOX\MOX2.C,_TOGGLE_PAGES_,1
52,D:\MOX\OTHERS\MAINSCR.C,Do_System_Popup_,43,D:\MOX\OTHERS\FLEETPOP.C,Set_Fleet_Movement_Icon_Selections_,1
52,D:\MOX\OTHERS\MAINSCR.C,Do_System_Popup_,52,D:\MOX\OTHERS\MAINSCR.C,Draw_Exploding_Plasma_Box_,1
52,D:\MOX\OTHERS\MAINSCR.C,Do_System_Popup_,52,D:\MOX\OTHERS\MAINSCR.C,Draw_Mini_Main_Screen_,1
52,D:\MOX\OTHERS\MAINSCR.C,Do_System_Popup_,52,D:\MOX\OTHERS\MAINSCR.C,Get_Star_Draw_Coords_,1
52,D:\MOX\OTHERS\MAINSCR.C,Do_System_Popup_,52,D:\MOX\OTHERS\MAINSCR.C,Set_Main_Screen_Fields_To_Null_,1
52,D:\MOX\OTHERS\MAINSCR.C,Do_System_Popup_,52,D:\MOX\OTHERS\MAINSCR.C,Set_Popup_Draw_XY_,1
52,D:\MOX\OTHERS\MAINSCR.C,Do_System_Popup_,56,D:\MOX\OTHERS\MOVEBOX.C,Move_Box_To_Top_,1
52,D:\MOX\OTHERS\MAINSCR.C,Do_System_Popup_,56,D:\MOX\OTHERS\MOVEBOX.C,Moveable_Box_Selected_,1
52,D:\MOX\OTHERS\MAINSCR.C,Do_System_Popup_,56,D:\MOX\OTHERS\MOVEBOX.C,Vanish_Fleet_Movement_Box_,1
52,D:\MOX\OTHERS\MAINSCR.C,Do_System_Popup_,63,D:\MOX\OTHERS\SYS.C,Clear_System_Display_Loaded_Flag_,1
52,D:\MOX\OTHERS\MAINSCR.C,Do_System_Popup_,63,D:\MOX\OTHERS\SYS.C,Init_System_Display_,1
52,D:\MOX\OTHERS\MAINSCR.C,Draw_A_Gate_Icon_,48,D:\MOX\OTHERS\HAROLD.C,Map_Scale_To_Zoom_Level_,2
52,D:\MOX\OTHERS\MAINSCR.C,Draw_A_Gate_Icon_,48,D:\MOX\OTHERS\HAROLD.C,Player_Has_Artemis_Net_,1
52,D:\MOX\OTHERS\MAINSCR.C,Draw_A_Gate_Icon_,48,D:\MOX\OTHERS\HAROLD.C,Player_Has_Dimensional_Portal_,1
52,D:\MOX\OTHERS\MAINSCR.C,Draw_A_Gate_Icon_,48,D:\MOX\OTHERS\HAROLD.C,Player_Has_Jumpgate_,1
52,D:\MOX\OTHERS\MAINSCR.C,Draw_A_Gate_Icon_,48,D:\MOX\OTHERS\HAROLD.C,Player_Has_Stargate_,1
52,D:\MOX\OTHERS\MAINSCR.C,Draw_A_Gate_Icon_,48,D:\MOX\OTHERS\HAROLD.C,Player_Has_Visited_,1
52,D:\MOX\OTHERS\MAINSCR.C,Draw_A_Gate_Icon_,52,D:\MOX\OTHERS\MAINSCR.C,Get_Star_Draw_Coords_,1
52,D:\MOX\OTHERS\MAINSCR.C,Draw_A_Star_,48,D:\MOX\OTHERS\HAROLD.C,Map_Scale_To_Zoom_Level_,1
52,D:\MOX\OTHERS\MAINSCR.C,Draw_A_Star_,52,D:\MOX\OTHERS\MAINSCR.C,Get_Star_Draw_Coords_,1
52,D:\MOX\OTHERS\MAINSCR.C,Draw_A_Star_,52,D:\MOX\OTHERS\MAINSCR.C,Get_Star_Picture_Seg_,1
52,D:\MOX\OTHERS\MAINSCR.C,Draw_Black_Holes_,48,D:\MOX\OTHERS\HAROLD.C,Map_Scale_To_Zoom_Level_,1
52,D:\MOX\OTHERS\MAINSCR.C,Draw_Black_Holes_,52,D:\MOX\OTHERS\MAINSCR.C,Get_Star_Draw_Coords_,1
52,D:\MOX\OTHERS\MAINSCR.C,Draw_Black_Holes_,52,D:\MOX\OTHERS\MAINSCR.C,Get_Star_Picture_Seg_,1
52,D:\MOX\OTHERS\MAINSCR.C,Draw_Black_Holes_,55,D:\MOX\OTHERS\MISC.C,Restore_Window_Status_,1
52,D:\MOX\OTHERS\MAINSCR.C,Draw_Black_Holes_,55,D:\MOX\OTHERS\MISC.C,Save_Window_Status_,1
52,D:\MOX\OTHERS\MAINSCR.C,Draw_Diplomacy_Request_Lights_,112,D:\MOX\OTHERS\NETMOX.C,Humans_Requesting_Diplomacy_,1
52,D:\MOX\OTHERS\MAINSCR.C,Draw_ETA_Destination_Line_,47,D:\MOX\OTHERS\HACCESS.C,Node_Ptr_From_Ship_Stack_,1
52,D:\MOX\OTHERS\MAINSCR.C,Draw_ETA_Destination_Line_,47,D:\MOX\OTHERS\HACCESS.C,Ship_Icon_Id_From_Node_Ptr_,1
52,D:\MOX\OTHERS\MAINSCR.C,Draw_ETA_Destination_Line_,48,D:\MOX\OTHERS\HAROLD.C,Map_Scale_To_Zoom_Level_,1
52,D:\MOX\OTHERS\MAINSCR.C,Draw_ETA_Destination_Line_,52,D:\MOX\OTHERS\MAINSCR.C,Get_Star_Draw_Coords_,1
52,D:\MOX\OTHERS\MAINSCR.C,Draw_ETA_Destination_Line_,62,D:\MOX\OTHERS\SHIPS.C,Draw_Directional_Multi_Colored_Line_,1
52,D:\MOX\OTHERS\MAINSCR.C,Draw_ETA_Destination_Line_,62,D:\MOX\OTHERS\SHIPS.C,Get_Ship_Icon_Coords_,1
52,D:\MOX\OTHERS\MAINSCR.C,Draw_ETA_Destination_Line_,62,D:\MOX\OTHERS\SHIPS.C,Get_Ship_Icon_Dimensions_,1
52,D:\MOX\OTHERS\MAINSCR.C,Draw_Exploding_Plasma_Box_,1,L:\MOX\MOX2.C,_TOGGLE_PAGES_,2
52,D:\MOX\OTHERS\MAINSCR.C,Draw_Exploding_Plasma_Box_,43,D:\MOX\OTHERS\FLEETPOP.C,Fleet_Box_Data_,1
52,D:\MOX\OTHERS\MAINSCR.C,Draw_Exploding_Plasma_Box_,43,D:\MOX\OTHERS\FLEETPOP.C,N_Fleet_Icons_,1
52,D:\MOX\OTHERS\MAINSCR.C,Draw_Exploding_Plasma_Box_,47,D:\MOX\OTHERS\HACCESS.C,Node_Ptr_From_Ship_Stack_,1
52,D:\MOX\OTHERS\MAINSCR.C,Draw_Exploding_Plasma_Box_,52,D:\MOX\OTHERS\MAINSCR.C,Draw_Main_Main_Screen_,1
52,D:\MOX\OTHERS\MAINSCR.C,Draw_Exploding_Plasma_Box_,52,D:\MOX\OTHERS\MAINSCR.C,Draw_Main_Screen_Filled_,1
52,D:\MOX\OTHERS\MAINSCR.C,Draw_Exploding_Plasma_Box_,55,D:\MOX\OTHERS\MISC.C,Restore_Window_Status_,1
52,D:\MOX\OTHERS\MAINSCR.C,Draw_Exploding_Plasma_Box_,55,D:\MOX\OTHERS\MISC.C,Save_Window_Status_,1
52,D:\MOX\OTHERS\MAINSCR.C,Draw_Exploding_Plasma_Box_,56,D:\MOX\OTHERS\MOVEBOX.C,N_Moveable_Boxes_Selected_,1
52,D:\MOX\OTHERS\MAINSCR.C,Draw_Fleet_Box_Selected_Ship_Seg_,47,D:\MOX\OTHERS\HACCESS.C,Node_Ptr_From_Ship_Stack_,1
52,D:\MOX\OTHERS\MAINSCR.C,Draw_Fleet_Box_Selected_Ship_Seg_,47,D:\MOX\OTHERS\HACCESS.C,Ship_Icon_Id_From_Node_Ptr_,1
52,D:\MOX\OTHERS\MAINSCR.C,Draw_Fleet_Box_Selected_Ship_Seg_,47,D:\MOX\OTHERS\HACCESS.C,Ship_Icon_Owner_,1
52,D:\MOX\OTHERS\MAINSCR.C,Draw_Fleet_Box_Selected_Ship_Seg_,62,D:\MOX\OTHERS\SHIPS.C,Get_Ship_Icon_Coords_,1
52,D:\MOX\OTHERS\MAINSCR.C,Draw_Fleet_Box_Selected_Ship_Seg_,62,D:\MOX\OTHERS\SHIPS.C,Get_Ship_Icon_Pict_Seg_,1
52,D:\MOX\OTHERS\MAINSCR.C,Draw_Game_Turn_Buttons_,52,D:\MOX\OTHERS\MAINSCR.C,Draw_A_Gate_Icon_,1
52,D:\MOX\OTHERS\MAINSCR.C,Draw_Main_Main_Screen_,52,D:\MOX\OTHERS\MAINSCR.C,Draw_A_Gate_Icon_,1
52,D:\MOX\OTHERS\MAINSCR.C,Draw_Main_Main_Screen_,52,D:\MOX\OTHERS\MAINSCR.C,Draw_Black_Holes_,1
52,D:\MOX\OTHERS\MAINSCR.C,Draw_Main_Main_Screen_,52,D:\MOX\OTHERS\MAINSCR.C,Draw_Diplomacy_Request_Lights_,1
52,D:\MOX\OTHERS\MAINSCR.C,Draw_Main_Main_Screen_,52,D:\MOX\OTHERS\MAINSCR.C,Draw_Relocation_Links_,1
52,D:\MOX\OTHERS\MAINSCR.C,Draw_Main_Main_Screen_,52,D:\MOX\OTHERS\MAINSCR.C,Draw_Stars_,1
52,D:\MOX\OTHERS\MAINSCR.C,Draw_Main_Main_Screen_,52,D:\MOX\OTHERS\MAINSCR.C,Draw_Wormhole_Links_,1
52,D:\MOX\OTHERS\MAINSCR.C,Draw_Main_Main_Screen_,52,D:\MOX\OTHERS\MAINSCR.C,Print_Main_Screen_Data_,1
52,D:\MOX\OTHERS\MAINSCR.C,Draw_Main_Main_Screen_,52,D:\MOX\OTHERS\MAINSCR.C,Print_Star_Names_,1
52,D:\MOX\OTHERS\MAINSCR.C,Draw_Main_Main_Screen_,62,D:\MOX\OTHERS\SHIPS.C,Draw_Ship_Icons_,1
52,D:\MOX\OTHERS\MAINSCR.C,Draw_Main_Main_Screen_,117,D:\MOX\OTHERS\RUSS.C,Mox_Update_,9
52,D:\MOX\OTHERS\MAINSCR.C,Draw_Main_Screen_,43,D:\MOX\OTHERS\FLEETPOP.C,Can_Select_Fleet_Box_Ship_,1
52,D:\MOX\OTHERS\MAINSCR.C,Draw_Main_Screen_,43,D:\MOX\OTHERS\FLEETPOP.C,Icon_Selection_Status_,1
52,D:\MOX\OTHERS\MAINSCR.C,Draw_Main_Screen_,48,D:\MOX\OTHERS\HAROLD.C,H_Message_,1
52,D:\MOX\OTHERS\MAINSCR.C,Draw_Main_Screen_,52,D:\MOX\OTHERS\MAINSCR.C,Check_Mouse_XY_Fields_,1
52,D:\MOX\OTHERS\MAINSCR.C,Draw_Main_Screen_,52,D:\MOX\OTHERS\MAINSCR.C,Draw_A_Gate_Icon_,1
52,D:\MOX\OTHERS\MAINSCR.C,Draw_Main_Screen_,52,D:\MOX\OTHERS\MAINSCR.C,Draw_Black_Holes_,1
52,D:\MOX\OTHERS\MAINSCR.C,Draw_Main_Screen_,52,D:\MOX\OTHERS\MAINSCR.C,Draw_Diplomacy_Request_Lights_,1
52,D:\MOX\OTHERS\MAINSCR.C,Draw_Main_Screen_,52,D:\MOX\OTHERS\MAINSCR.C,Draw_ETA_Destination_Line_,1
52,D:\MOX\OTHERS\MAINSCR.C,Draw_Main_Screen_,52,D:\MOX\OTHERS\MAINSCR.C,Draw_Fleet_Box_Selected_Ship_Seg_,1
52,D:\MOX\OTHERS\MAINSCR.C,Draw_Main_Screen_,52,D:\MOX\OTHERS\MAINSCR.C,Draw_Main_Screen_Filled_,1
52,D:\MOX\OTHERS\MAINSCR.C,Draw_Main_Screen_,52,D:\MOX\OTHERS\MAINSCR.C,Draw_Main_Screen_While_Moving_Boxes_,1
52,D:\MOX\OTHERS\MAINSCR.C,Draw_Main_Screen_,52,D:\MOX\OTHERS\MAINSCR.C,Draw_Player_Done_Lights_,1
52,D:\MOX\OTHERS\MAINSCR.C,Draw_Main_Screen_,52,D:\MOX\OTHERS\MAINSCR.C,Draw_Relocation_Links_,1
52,D:\MOX\OTHERS\MAINSCR.C,Draw_Main_Screen_,52,D:\MOX\OTHERS\MAINSCR.C,Draw_Scanned_Ship_Seg_,1
52,D:\MOX\OTHERS\MAINSCR.C,Draw_Main_Screen_,52,D:\MOX\OTHERS\MAINSCR.C,Draw_Stars_,1
52,D:\MOX\OTHERS\MAINSCR.C,Draw_Main_Screen_,52,D:\MOX\OTHERS\MAINSCR.C,Draw_Wormhole_Links_,1
52,D:\MOX\OTHERS\MAINSCR.C,Draw_Main_Screen_,52,D:\MOX\OTHERS\MAINSCR.C,Print_Galaxy_Map_Scanned_Star_,1
52,D:\MOX\OTHERS\MAINSCR.C,Draw_Main_Screen_,52,D:\MOX\OTHERS\MAINSCR.C,Print_Highlighted_Star_Name_,3
52,D:\MOX\OTHERS\MAINSCR.C,Draw_Main_Screen_,52,D:\MOX\OTHERS\MAINSCR.C,Print_Main_Screen_Data_,1
52,D:\MOX\OTHERS\MAINSCR.C,Draw_Main_Screen_,52,D:\MOX\OTHERS\MAINSCR.C,Print_Star_Names_,1
52,D:\MOX\OTHERS\MAINSCR.C,Draw_Main_Screen_,52,D:\MOX\OTHERS\MAINSCR.C,Set_Painted_Fleet_Fields_,1
52,D:\MOX\OTHERS\MAINSCR.C,Draw_Main_Screen_,56,D:\MOX\OTHERS\MOVEBOX.C,Draw_Moveable_Box_,1
52,D:\MOX\OTHERS\MAINSCR.C,Draw_Main_Screen_,56,D:\MOX\OTHERS\MOVEBOX.C,Mouse_Within_Fleet_Box_,1
52,D:\MOX\OTHERS\MAINSCR.C,Draw_Main_Screen_,56,D:\MOX\OTHERS\MOVEBOX.C,Move_Moveable_Box_,1
52,D:\MOX\OTHERS\MAINSCR.C,Draw_Main_Screen_,56,D:\MOX\OTHERS\MOVEBOX.C,Moveable_Box_Selected_,4
52,D:\MOX\OTHERS\MAINSCR.C,Draw_Main_Screen_,62,D:\MOX\OTHERS\SHIPS.C,Do_Ship_Destination_Lines_,1
52,D:\MOX\OTHERS\MAINSCR.C,Draw_Main_Screen_,62,D:\MOX\OTHERS\SHIPS.C,Draw_Ship_Icons_,1
52,D:\MOX\OTHERS\MAINSCR.C,Draw_Main_Screen_Before_Stencil_,52,D:\MOX\OTHERS\MAINSCR.C,Draw_Main_Main_Screen_,1
52,D:\MOX\OTHERS\MAINSCR.C,Draw_Main_Screen_Before_Stencil_,56,D:\MOX\OTHERS\MOVEBOX.C,Draw_Moveable_Box_,2
52,D:\MOX\OTHERS\MAINSCR.C,Draw_Main_Screen_Before_Stencil_,56,D:\MOX\OTHERS\MOVEBOX.C,Move_Moveable_Box_,1
52,D:\MOX\OTHERS\MAINSCR.C,Draw_Main_Screen_Before_Stencil_,56,D:\MOX\OTHERS\MOVEBOX.C,Moveable_Box_Selected_,1
52,D:\MOX\OTHERS\MAINSCR.C,Draw_Main_Screen_Filled_,52,D:\MOX\OTHERS\MAINSCR.C,Draw_Nebulae_,1
52,D:\MOX\OTHERS\MAINSCR.C,Draw_Main_Screen_Filled_,52,D:\MOX\OTHERS\MAINSCR.C,Draw_Paralax_,1
52,D:\MOX\OTHERS\MAINSCR.C,Draw_Main_Screen_Filled_,52,D:\MOX\OTHERS\MAINSCR.C,Draw_Relocation_Links_,1
52,D:\MOX\OTHERS\MAINSCR.C,Draw_Main_Screen_Filled_,52,D:\MOX\OTHERS\MAINSCR.C,Draw_Wormhole_Links_,1
52,D:\MOX\OTHERS\MAINSCR.C,Draw_Main_Screen_Filled_,52,D:\MOX\OTHERS\MAINSCR.C,Print_Main_Screen_Data_,1
52,D:\MOX\OTHERS\MAINSCR.C,Draw_Main_Screen_Filled_,52,D:\MOX\OTHERS\MAINSCR.C,Print_Star_Names_,1
52,D:\MOX\OTHERS\MAINSCR.C,Draw_Main_Screen_For_Zooming_,48,D:\MOX\OTHERS\HAROLD.C,Draw_Multi_Colored_Box_,1
52,D:\MOX\OTHERS\MAINSCR.C,Draw_Main_Screen_For_Zooming_,48,D:\MOX\OTHERS\HAROLD.C,Get_Map_Scale_,2
52,D:\MOX\OTHERS\MAINSCR.C,Draw_Main_Screen_While_Moving_Boxes_,52,D:\MOX\OTHERS\MAINSCR.C,Draw_Main_Screen_,1
52,D:\MOX\OTHERS\MAINSCR.C,Draw_Main_Screen_While_Moving_Boxes_,52,D:\MOX\OTHERS\MAINSCR.C,Draw_Main_Screen_Before_Stencil_,1
52,D:\MOX\OTHERS\MAINSCR.C,Draw_Main_Screen_While_Moving_Boxes_,52,D:\MOX\OTHERS\MAINSCR.C,Print_Main_Screen_Data_,1
52,D:\MOX\OTHERS\MAINSCR.C,Draw_Main_Screen_While_Moving_Boxes_,56,D:\MOX\OTHERS\MOVEBOX.C,Draw_Moveable_Box_,2
52,D:\MOX\OTHERS\MAINSCR.C,Draw_Main_Screen_While_Moving_Boxes_,56,D:\MOX\OTHERS\MOVEBOX.C,Move_Moveable_Box_,1
52,D:\MOX\OTHERS\MAINSCR.C,Draw_Main_Screen_While_Moving_Boxes_,56,D:\MOX\OTHERS\MOVEBOX.C,Moveable_Box_Selected_,1
52,D:\MOX\OTHERS\MAINSCR.C,Draw_Mini_Main_Screen_,52,D:\MOX\OTHERS\MAINSCR.C,Draw_Main_Main_Screen_,1
52,D:\MOX\OTHERS\MAINSCR.C,Draw_Mini_Main_Screen_,52,D:\MOX\OTHERS\MAINSCR.C,Draw_Main_Screen_Filled_,2
52,D:\MOX\OTHERS\MAINSCR.C,Draw_Mini_Main_Screen_,52,D:\MOX\OTHERS\MAINSCR.C,Fade_Into_Main_Screen_,1
52,D:\MOX\OTHERS\MAINSCR.C,Draw_Nebulae_,48,D:\MOX\OTHERS\HAROLD.C,Get_Scaled_Value_,2
52,D:\MOX\OTHERS\MAINSCR.C,Draw_Nebulae_,48,D:\MOX\OTHERS\HAROLD.C,Map_Scale_To_Zoom_Level_,1
52,D:\MOX\OTHERS\MAINSCR.C,Draw_Paralax_,55,D:\MOX\OTHERS\MISC.C,Restore_Window_Status_,1
52,D:\MOX\OTHERS\MAINSCR.C,Draw_Paralax_,55,D:\MOX\OTHERS\MISC.C,Save_Window_Status_,1
52,D:\MOX\OTHERS\MAINSCR.C,Draw_Player_Done_Lights_,48,D:\MOX\OTHERS\HAROLD.C,Get_N_Remaining_Humans_,1
52,D:\MOX\OTHERS\MAINSCR.C,Draw_Player_Done_Lights_,111,D:\MOX\OTHERS\MULTPLAY.C,Hotseat_Player_Status_,2
52,D:\MOX\OTHERS\MAINSCR.C,Draw_Relocation_Links_,47,D:\MOX\OTHERS\HACCESS.C,Relocation_,1
52,D:\MOX\OTHERS\MAINSCR.C,Draw_Relocation_Links_,47,D:\MOX\OTHERS\HACCESS.C,Star_Has_Relocation_,1
52,D:\MOX\OTHERS\MAINSCR.C,Draw_Relocation_Links_,52,D:\MOX\OTHERS\MAINSCR.C,Get_Star_Draw_Coords_,2
52,D:\MOX\OTHERS\MAINSCR.C,Draw_Relocation_Links_,55,D:\MOX\OTHERS\MISC.C,Save_Window_Status_,1
52,D:\MOX\OTHERS\MAINSCR.C,Draw_Relocation_Links_,62,D:\MOX\OTHERS\SHIPS.C,Draw_Directional_Multi_Colored_Line_,1
52,D:\MOX\OTHERS\MAINSCR.C,Draw_Reply_To_Diplomacy_Request_Popup_,48,D:\MOX\OTHERS\HAROLD.C,H_Message_,1
52,D:\MOX\OTHERS\MAINSCR.C,Draw_Reply_To_Diplomacy_Request_Popup_,52,D:\MOX\OTHERS\MAINSCR.C,Draw_Main_Main_Screen_,1
52,D:\MOX\OTHERS\MAINSCR.C,Draw_Reply_To_Diplomacy_Request_Popup_,52,D:\MOX\OTHERS\MAINSCR.C,Draw_Mini_Main_Screen_,1
52,D:\MOX\OTHERS\MAINSCR.C,Draw_Reply_To_Diplomacy_Request_Popup_,55,D:\MOX\OTHERS\MISC.C,Get_Mox_Font_Colors_,1
52,D:\MOX\OTHERS\MAINSCR.C,Draw_Scanned_Ship_Seg_,47,D:\MOX\OTHERS\HACCESS.C,Ship_Icon_Owner_,1
52,D:\MOX\OTHERS\MAINSCR.C,Draw_Scanned_Ship_Seg_,62,D:\MOX\OTHERS\SHIPS.C,Get_Ship_Icon_Coords_,1
52,D:\MOX\OTHERS\MAINSCR.C,Draw_Scanned_Ship_Seg_,62,D:\MOX\OTHERS\SHIPS.C,Get_Ship_Icon_Pict_Seg_,1
52,D:\MOX\OTHERS\MAINSCR.C,Draw_Stars_,52,D:\MOX\OTHERS\MAINSCR.C,Draw_A_Star_,1
52,D:\MOX\OTHERS\MAINSCR.C,Draw_Stars_,52,D:\MOX\OTHERS\MAINSCR.C,Star_On_Screen_,1
52,D:\MOX\OTHERS\MAINSCR.C,Draw_Wormhole_Links_,48,D:\MOX\OTHERS\HAROLD.C,Player_Has_Visited_,1
52,D:\MOX\OTHERS\MAINSCR.C,Draw_Wormhole_Links_,48,D:\MOX\OTHERS\HAROLD.C,Player_Is_Omniscient_,1
52,D:\MOX\OTHERS\MAINSCR.C,Draw_Wormhole_Links_,52,D:\MOX\OTHERS\MAINSCR.C,Get_Star_Draw_Coords_,2
52,D:\MOX\OTHERS\MAINSCR.C,Draw_Wormhole_Links_,55,D:\MOX\OTHERS\MISC.C,Save_Window_Status_,1
52,D:\MOX\OTHERS\MAINSCR.C,Exit_Zooming_Mode_,42,D:\MOX\OTHERS\EVANHELP.C,Set_Main_Screen_Help_List_,1
52,D:\MOX\OTHERS\MAINSCR.C,Fade_Into_Main_Screen_,1,L:\MOX\MOX2.C,_TOGGLE_PAGES_,1
52,D:\MOX\OTHERS\MAINSCR.C,Fade_Into_Main_Screen_,52,D:\MOX\OTHERS\MAINSCR.C,Add_Map_Fields_,1
52,D:\MOX\OTHERS\MAINSCR.C,Fade_Into_Main_Screen_,52,D:\MOX\OTHERS\MAINSCR.C,Do_System_Popup_,1
52,D:\MOX\OTHERS\MAINSCR.C,Fade_Into_Main_Screen_,52,D:\MOX\OTHERS\MAINSCR.C,Draw_Mini_Main_Screen_,1
52,D:\MOX\OTHERS\MAINSCR.C,Fade_Into_Main_Screen_,56,D:\MOX\OTHERS\MOVEBOX.C,Moveable_Box_Selected_,2
52,D:\MOX\OTHERS\MAINSCR.C,Fade_Into_Main_Screen_,79,D:\MOX\OTHERS\ERIC.C,Fast_Fade_In_,1
52,D:\MOX\OTHERS\MAINSCR.C,Fade_Into_Main_Screen_,79,D:\MOX\OTHERS\ERIC.C,Fast_Fade_Out_,1
52,D:\MOX\OTHERS\MAINSCR.C,Fade_Into_Main_Screen_,79,D:\MOX\OTHERS\ERIC.C,Set_Fade_Percent_,1
52,D:\MOX\OTHERS\MAINSCR.C,Fade_Into_Main_Screen_,117,D:\MOX\OTHERS\RUSS.C,Mox_Update_,8
52,D:\MOX\OTHERS\MAINSCR.C,Get_Mouse_Field_,56,D:\MOX\OTHERS\MOVEBOX.C,Moveable_Box_Selected_,1
52,D:\MOX\OTHERS\MAINSCR.C,Get_PointXY_Draw_Coords_,48,D:\MOX\OTHERS\HAROLD.C,Get_Scaled_Value_,2
52,D:\MOX\OTHERS\MAINSCR.C,Get_Star_Anim_Dimension_,48,D:\MOX\OTHERS\HAROLD.C,Map_Scale_To_Zoom_Level_,1
52,D:\MOX\OTHERS\MAINSCR.C,Get_Star_Draw_Coords_,48,D:\MOX\OTHERS\HAROLD.C,Get_Scaled_Value_,2
52,D:\MOX\OTHERS\MAINSCR.C,Get_Star_Id_For_Officers_Screen_,48,D:\MOX\OTHERS\HAROLD.C,Contact_With_One_Colony_,1
52,D:\MOX\OTHERS\MAINSCR.C,Get_Star_Id_For_Officers_Screen_,48,D:\MOX\OTHERS\HAROLD.C,Map_Scale_To_Zoom_Level_,1
52,D:\MOX\OTHERS\MAINSCR.C,Get_Star_Id_For_Officers_Screen_,48,D:\MOX\OTHERS\HAROLD.C,N_Colony_Owners_,1
52,D:\MOX\OTHERS\MAINSCR.C,Get_Star_Id_For_Officers_Screen_,48,D:\MOX\OTHERS\HAROLD.C,Player_Has_Colony_,2
52,D:\MOX\OTHERS\MAINSCR.C,Get_Star_Id_For_Officers_Screen_,48,D:\MOX\OTHERS\HAROLD.C,Player_Has_Visited_,2
52,D:\MOX\OTHERS\MAINSCR.C,Get_Star_Id_For_Officers_Screen_,48,D:\MOX\OTHERS\HAROLD.C,Player_Is_Omniscient_,1
52,D:\MOX\OTHERS\MAINSCR.C,Get_Star_Id_For_Officers_Screen_,48,D:\MOX\OTHERS\HAROLD.C,Set_Player_Font_Style_,1
52,D:\MOX\OTHERS\MAINSCR.C,Get_Star_Id_For_Officers_Screen_,48,D:\MOX\OTHERS\HAROLD.C,Star_Is_Outpost_Star_,1
52,D:\MOX\OTHERS\MAINSCR.C,Get_Star_Id_For_Officers_Screen_,48,D:\MOX\OTHERS\HAROLD.C,Zoom_Level_Font_Style_,2
52,D:\MOX\OTHERS\MAINSCR.C,Get_Star_Id_For_Officers_Screen_,52,D:\MOX\OTHERS\MAINSCR.C,Print_Star_Name_To_Bitmap_,1
52,D:\MOX\OTHERS\MAINSCR.C,Get_Star_Id_For_Officers_Screen_,55,D:\MOX\OTHERS\MISC.C,Decrease_Font_Color_Range_,2
52,D:\MOX\OTHERS\MAINSCR.C,Get_Star_Id_For_Officers_Screen_,55,D:\MOX\OTHERS\MISC.C,Font_Colors2_,2
52,D:\MOX\OTHERS\MAINSCR.C,Get_Star_Id_For_Officers_Screen_,56,D:\MOX\OTHERS\MOVEBOX.C,Moveable_Box_Selected_,1
52,D:\MOX\OTHERS\MAINSCR.C,Get_Star_Name_Info_,48,D:\MOX\OTHERS\HAROLD.C,Map_Scale_To_Zoom_Level_,2
52,D:\MOX\OTHERS\MAINSCR.C,Get_Star_Name_Info_,48,D:\MOX\OTHERS\HAROLD.C,Set_Player_Font_Style_,1
52,D:\MOX\OTHERS\MAINSCR.C,Get_Star_Name_Info_,52,D:\MOX\OTHERS\MAINSCR.C,Get_Star_Draw_Coords_,1
52,D:\MOX\OTHERS\MAINSCR.C,Get_Star_Picture_Seg_,48,D:\MOX\OTHERS\HAROLD.C,Map_Scale_To_Zoom_Level_,2
52,D:\MOX\OTHERS\MAINSCR.C,Get_Twinkling_Star_,48,D:\MOX\OTHERS\HAROLD.C,Randomize_List_,1
52,D:\MOX\OTHERS\MAINSCR.C,Get_Twinkling_Star_,52,D:\MOX\OTHERS\MAINSCR.C,Star_On_Screen_,1
52,D:\MOX\OTHERS\MAINSCR.C,Give_Me_All_Tech_Advances_,48,D:\MOX\OTHERS\HAROLD.C,H_Message_,1
52,D:\MOX\OTHERS\MAINSCR.C,Give_Me_All_Tech_Advances_,48,D:\MOX\OTHERS\HAROLD.C,User_Box_,1
52,D:\MOX\OTHERS\MAINSCR.C,Give_Me_All_Tech_Advances_,102,D:\MOX\OTHERS\COLCALC.C,Player_Gets_Tech_App_,1
52,D:\MOX\OTHERS\MAINSCR.C,Give_Me_All_Tech_Advances_,102,D:\MOX\OTHERS\COLCALC.C,Player_May_Get_Tech_App_,1
52,D:\MOX\OTHERS\MAINSCR.C,Highlight_Star_,52,D:\MOX\OTHERS\MAINSCR.C,Print_Highlighted_Star_Name_,1
52,D:\MOX\OTHERS\MAINSCR.C,Main_Screen_,1,L:\MOX\MOX2.C,_TOGGLE_PAGES_,7
52,D:\MOX\OTHERS\MAINSCR.C,Main_Screen_,42,D:\MOX\OTHERS\EVANHELP.C,Set_Main_Screen_Help_List_,5
52,D:\MOX\OTHERS\MAINSCR.C,Main_Screen_,43,D:\MOX\OTHERS\FLEETPOP.C,First_Unselected_Icon_,1
52,D:\MOX\OTHERS\MAINSCR.C,Main_Screen_,43,D:\MOX\OTHERS\FLEETPOP.C,Fleet_Buttons_Chosen_,1
52,D:\MOX\OTHERS\MAINSCR.C,Main_Screen_,43,D:\MOX\OTHERS\FLEETPOP.C,Reload_Ship_Selection_Status_,1
52,D:\MOX\OTHERS\MAINSCR.C,Main_Screen_,43,D:\MOX\OTHERS\FLEETPOP.C,Save_Ship_Selection_Status_,1
52,D:\MOX\OTHERS\MAINSCR.C,Main_Screen_,43,D:\MOX\OTHERS\FLEETPOP.C,Set_Fleet_Movement_Icon_Selections_,1
52,D:\MOX\OTHERS\MAINSCR.C,Main_Screen_,43,D:\MOX\OTHERS\FLEETPOP.C,Some_Icon_Selected_,3
52,D:\MOX\OTHERS\MAINSCR.C,Main_Screen_,47,D:\MOX\OTHERS\HACCESS.C,Clear_Fleet_Box_Selected_Ship_Status_,1
52,D:\MOX\OTHERS\MAINSCR.C,Main_Screen_,47,D:\MOX\OTHERS\HACCESS.C,Fleet_Movement_Ship_Id_,1
52,D:\MOX\OTHERS\MAINSCR.C,Main_Screen_,47,D:\MOX\OTHERS\HACCESS.C,Get_Fleet_Box_Selected_Ship_Ids_,1
52,D:\MOX\OTHERS\MAINSCR.C,Main_Screen_,47,D:\MOX\OTHERS\HACCESS.C,Get_Stack_Start_From_Saved_Ship_Array_,1
52,D:\MOX\OTHERS\MAINSCR.C,Main_Screen_,47,D:\MOX\OTHERS\HACCESS.C,Last_Colony_Selected_,1
52,D:\MOX\OTHERS\MAINSCR.C,Main_Screen_,47,D:\MOX\OTHERS\HACCESS.C,Set_All_Star_Relocations_,1
52,D:\MOX\OTHERS\MAINSCR.C,Main_Screen_,47,D:\MOX\OTHERS\HACCESS.C,Ship_Icon_Id_From_Node_Ptr_,1
52,D:\MOX\OTHERS\MAINSCR.C,Main_Screen_,47,D:\MOX\OTHERS\HACCESS.C,Ship_Stack_From_Ship_Id_,1
52,D:\MOX\OTHERS\MAINSCR.C,Main_Screen_,48,D:\MOX\OTHERS\HAROLD.C,Decrement_Zoom_Count_,1
52,D:\MOX\OTHERS\MAINSCR.C,Main_Screen_,48,D:\MOX\OTHERS\HAROLD.C,Get_Map_Scale_,2
52,D:\MOX\OTHERS\MAINSCR.C,Main_Screen_,48,D:\MOX\OTHERS\HAROLD.C,Get_Up_Scaled_Value_,8
52,D:\MOX\OTHERS\MAINSCR.C,Main_Screen_,48,D:\MOX\OTHERS\HAROLD.C,H_Message_,5
52,D:\MOX\OTHERS\MAINSCR.C,Main_Screen_,48,D:\MOX\OTHERS\HAROLD.C,Increment_Zoom_Count_,1
52,D:\MOX\OTHERS\MAINSCR.C,Main_Screen_,48,D:\MOX\OTHERS\HAROLD.C,Increment_Zoom_Count_With_Limit_,1
52,D:\MOX\OTHERS\MAINSCR.C,Main_Screen_,48,D:\MOX\OTHERS\HAROLD.C,Map_Scale_To_Zoom_Level_,3
52,D:\MOX\OTHERS\MAINSCR.C,Main_Screen_,48,D:\MOX\OTHERS\HAROLD.C,Planet_Index_,1
52,D:\MOX\OTHERS\MAINSCR.C,Main_Screen_,48,D:\MOX\OTHERS\HAROLD.C,Star_Owner_,1
52,D:\MOX\OTHERS\MAINSCR.C,Main_Screen_,48,D:\MOX\OTHERS\HAROLD.C,User_Box_,3
52,D:\MOX\OTHERS\MAINSCR.C,Main_Screen_,50,D:\MOX\OTHERS\LOADSAVE.C,Auto_Load_Last_Saved_Game_,1
52,D:\MOX\OTHERS\MAINSCR.C,Main_Screen_,50,D:\MOX\OTHERS\LOADSAVE.C,Auto_Save_Last_Saved_Game_,1
52,D:\MOX\OTHERS\MAINSCR.C,Main_Screen_,52,D:\MOX\OTHERS\MAINSCR.C,Add_Cheats_,3
52,D:\MOX\OTHERS\MAINSCR.C,Main_Screen_,52,D:\MOX\OTHERS\MAINSCR.C,Add_Map_Fields_,4
52,D:\MOX\OTHERS\MAINSCR.C,Main_Screen_,52,D:\MOX\OTHERS\MAINSCR.C,Change_Home_Star_Name_,1
52,D:\MOX\OTHERS\MAINSCR.C,Main_Screen_,52,D:\MOX\OTHERS\MAINSCR.C,Check_For_Diplomacy_Request_,1
52,D:\MOX\OTHERS\MAINSCR.C,Main_Screen_,52,D:\MOX\OTHERS\MAINSCR.C,Check_Function_Keys_,1
52,D:\MOX\OTHERS\MAINSCR.C,Main_Screen_,52,D:\MOX\OTHERS\MAINSCR.C,Check_Hot_Keys_,1
52,D:\MOX\OTHERS\MAINSCR.C,Main_Screen_,52,D:\MOX\OTHERS\MAINSCR.C,Check_Ships_XY_,2
52,D:\MOX\OTHERS\MAINSCR.C,Main_Screen_,52,D:\MOX\OTHERS\MAINSCR.C,Check_Stars_XY_,2
52,D:\MOX\OTHERS\MAINSCR.C,Main_Screen_,52,D:\MOX\OTHERS\MAINSCR.C,Do_Colony_Screen_,2
52,D:\MOX\OTHERS\MAINSCR.C,Main_Screen_,52,D:\MOX\OTHERS\MAINSCR.C,Do_Fleet_Popup_,2
52,D:\MOX\OTHERS\MAINSCR.C,Main_Screen_,52,D:\MOX\OTHERS\MAINSCR.C,Do_Next_Turn_,1
52,D:\MOX\OTHERS\MAINSCR.C,Main_Screen_,52,D:\MOX\OTHERS\MAINSCR.C,Do_System_Popup_,1
52,D:\MOX\OTHERS\MAINSCR.C,Main_Screen_,52,D:\MOX\OTHERS\MAINSCR.C,Draw_Main_Screen_,3
52,D:\MOX\OTHERS\MAINSCR.C,Main_Screen_,52,D:\MOX\OTHERS\MAINSCR.C,Draw_Main_Screen_For_Zooming_,1
52,D:\MOX\OTHERS\MAINSCR.C,Main_Screen_,52,D:\MOX\OTHERS\MAINSCR.C,Draw_Mini_Main_Screen_,5
52,D:\MOX\OTHERS\MAINSCR.C,Main_Screen_,52,D:\MOX\OTHERS\MAINSCR.C,Fade_Into_Main_Screen_,2
52,D:\MOX\OTHERS\MAINSCR.C,Main_Screen_,52,D:\MOX\OTHERS\MAINSCR.C,Get_Mouse_Field_,2
52,D:\MOX\OTHERS\MAINSCR.C,Main_Screen_,52,D:\MOX\OTHERS\MAINSCR.C,Get_New_Paralax_XYs_,1
52,D:\MOX\OTHERS\MAINSCR.C,Main_Screen_,52,D:\MOX\OTHERS\MAINSCR.C,Get_Ship_Stack_For_Officers_Screen_,1
52,D:\MOX\OTHERS\MAINSCR.C,Main_Screen_,52,D:\MOX\OTHERS\MAINSCR.C,Get_Star_Id_For_Officers_Screen_,1
52,D:\MOX\OTHERS\MAINSCR.C,Main_Screen_,52,D:\MOX\OTHERS\MAINSCR.C,Is_Main_Screen_Palette_,1
52,D:\MOX\OTHERS\MAINSCR.C,Main_Screen_,52,D:\MOX\OTHERS\MAINSCR.C,Scan_Moveable_Box_Fields_,1
52,D:\MOX\OTHERS\MAINSCR.C,Main_Screen_,52,D:\MOX\OTHERS\MAINSCR.C,Scan_System_Display_Fields_,1
52,D:\MOX\OTHERS\MAINSCR.C,Main_Screen_,52,D:\MOX\OTHERS\MAINSCR.C,Scroll_Map_,1
52,D:\MOX\OTHERS\MAINSCR.C,Main_Screen_,52,D:\MOX\OTHERS\MAINSCR.C,Set_Main_Screen_Fields_To_Null_,5
52,D:\MOX\OTHERS\MAINSCR.C,Main_Screen_,52,D:\MOX\OTHERS\MAINSCR.C,Warn_About_Cheating_Players_,1
52,D:\MOX\OTHERS\MAINSCR.C,Main_Screen_,55,D:\MOX\OTHERS\MISC.C,_Darken_Fill_,1
52,D:\MOX\OTHERS\MAINSCR.C,Main_Screen_,56,D:\MOX\OTHERS\MOVEBOX.C,Moveable_Box_Selected_,14
52,D:\MOX\OTHERS\MAINSCR.C,Main_Screen_,56,D:\MOX\OTHERS\MOVEBOX.C,Restore_Boxes_,1
52,D:\MOX\OTHERS\MAINSCR.C,Main_Screen_,56,D:\MOX\OTHERS\MOVEBOX.C,Save_And_Remove_Boxes_,1
52,D:\MOX\OTHERS\MAINSCR.C,Main_Screen_,56,D:\MOX\OTHERS\MOVEBOX.C,Vanish_Fleet_Movement_Box_,2
52,D:\MOX\OTHERS\MAINSCR.C,Main_Screen_,62,D:\MOX\OTHERS\SHIPS.C,Build_Ship_Icons_,2
52,D:\MOX\OTHERS\MAINSCR.C,Main_Screen_,62,D:\MOX\OTHERS\SHIPS.C,Set_Ship_Icon_XYs_,2
52,D:\MOX\OTHERS\MAINSCR.C,Main_Screen_,63,D:\MOX\OTHERS\SYS.C,Clear_System_Display_Loaded_Flag_,4
52,D:\MOX\OTHERS\MAINSCR.C,Main_Screen_,79,D:\MOX\OTHERS\ERIC.C,Fast_Fade_Out_,1
52,D:\MOX\OTHERS\MAINSCR.C,Main_Screen_,83,D:\MOX\OTHERS\MAINPUPS.C,Tax_Rate_Popup_,1
52,D:\MOX\OTHERS\MAINSCR.C,Main_Screen_,102,D:\MOX\OTHERS\COLCALC.C,Do_Player_Colony_Calculations_,1
52,D:\MOX\OTHERS\MAINSCR.C,Main_Screen_,117,D:\MOX\OTHERS\RUSS.C,Assert_Settings_,1
52,D:\MOX\OTHERS\MAINSCR.C,Main_Screen_,119,D:\MOX\OTHERS\SHIPMOVE.C,Make_Ships_Move_To_,1
52,D:\MOX\OTHERS\MAINSCR.C,Main_Screen_,119,D:\MOX\OTHERS\SHIPMOVE.C,Ships_Try_To_Move_To_,1
52,D:\MOX\OTHERS\MAINSCR.C,Main_Screen_Text_Box_,1,L:\MOX\MOX2.C,_TOGGLE_PAGES_,1
52,D:\MOX\OTHERS\MAINSCR.C,Main_Screen_Text_Box_,52,D:\MOX\OTHERS\MAINSCR.C,Draw_Main_Screen_,1
52,D:\MOX\OTHERS\MAINSCR.C,Main_Screen_Text_Box_,52,D:\MOX\OTHERS\MAINSCR.C,Draw_Mini_Main_Screen_,1
52,D:\MOX\OTHERS\MAINSCR.C,Main_Screen_Text_Box_,64,D:\MOX\OTHERS\TEXTBOX.C,Text_Box_,1
52,D:\MOX\OTHERS\MAINSCR.C,Mini_Main_Screen_Text_Box_,1,L:\MOX\MOX2.C,_TOGGLE_PAGES_,1
52,D:\MOX\OTHERS\MAINSCR.C,Mini_Main_Screen_Text_Box_,52,D:\MOX\OTHERS\MAINSCR.C,Draw_Mini_Main_Screen_,1
52,D:\MOX\OTHERS\MAINSCR.C,Mini_Main_Screen_Text_Box_,64,D:\MOX\OTHERS\TEXTBOX.C,Text_Box_,1
52,D:\MOX\OTHERS\MAINSCR.C,Next_Star_,52,D:\MOX\OTHERS\MAINSCR.C,Do_System_Popup_,1
52,D:\MOX\OTHERS\MAINSCR.C,Previous_Star_,52,D:\MOX\OTHERS\MAINSCR.C,Do_System_Popup_,1
52,D:\MOX\OTHERS\MAINSCR.C,Print_A_Star_Name_,48,D:\MOX\OTHERS\HAROLD.C,Map_Scale_To_Zoom_Level_,2
52,D:\MOX\OTHERS\MAINSCR.C,Print_A_Star_Name_,48,D:\MOX\OTHERS\HAROLD.C,Set_Player_Font_Style_,1
52,D:\MOX\OTHERS\MAINSCR.C,Print_A_Star_Name_,48,D:\MOX\OTHERS\HAROLD.C,Zoom_Level_Font_Style_,1
52,D:\MOX\OTHERS\MAINSCR.C,Print_A_Star_Name_,52,D:\MOX\OTHERS\MAINSCR.C,Get_Star_Draw_Coords_,1
52,D:\MOX\OTHERS\MAINSCR.C,Print_A_Star_Name_,55,D:\MOX\OTHERS\MISC.C,Get_Font_Colors_,1
52,D:\MOX\OTHERS\MAINSCR.C,Print_Galaxy_Map_Scanned_Star_,47,D:\MOX\OTHERS\HACCESS.C,Race_Name_String_,1
52,D:\MOX\OTHERS\MAINSCR.C,Print_Galaxy_Map_Scanned_Star_,48,D:\MOX\OTHERS\HAROLD.C,Set_Player_Font_Style_,1
52,D:\MOX\OTHERS\MAINSCR.C,Print_Highlighted_Star_Name_,52,D:\MOX\OTHERS\MAINSCR.C,Print_A_Star_Name_,1
52,D:\MOX\OTHERS\MAINSCR.C,Print_Highlighted_Star_Name_,55,D:\MOX\OTHERS\MISC.C,Restore_Window_Status_,1
52,D:\MOX\OTHERS\MAINSCR.C,Print_Highlighted_Star_Name_,55,D:\MOX\OTHERS\MISC.C,Save_Window_Status_,1
52,D:\MOX\OTHERS\MAINSCR.C,Print_Highlighted_Star_Name_,55,D:\MOX\OTHERS\MISC.C,Tint_Bitmap_Colors_,1
52,D:\MOX\OTHERS\MAINSCR.C,Print_Main_Screen_Data_,15,D:\MOX\EVENTS.C,Event_Check_Hyperspace_Flux_,1
52,D:\MOX\OTHERS\MAINSCR.C,Print_Main_Screen_Data_,48,D:\MOX\OTHERS\HAROLD.C,Get_Monetary_Unit_String_,1
52,D:\MOX\OTHERS\MAINSCR.C,Print_Main_Screen_Data_,48,D:\MOX\OTHERS\HAROLD.C,H_Message_,4
52,D:\MOX\OTHERS\MAINSCR.C,Print_Main_Screen_Data_,52,D:\MOX\OTHERS\MAINSCR.C,Get_Research_Unit_String_,1
52,D:\MOX\OTHERS\MAINSCR.C,Print_Main_Screen_Data_,52,D:\MOX\OTHERS\MAINSCR.C,Set_Post_Fitted_Font_Style_,10
52,D:\MOX\OTHERS\MAINSCR.C,Print_Main_Screen_Data_,55,D:\MOX\OTHERS\MISC.C,Font_Colors2_,1
52,D:\MOX\OTHERS\MAINSCR.C,Print_Main_Screen_Data_,55,D:\MOX\OTHERS\MISC.C,Get_Comma_String_,6
52,D:\MOX\OTHERS\MAINSCR.C,Print_Main_Screen_Data_,55,D:\MOX\OTHERS\MISC.C,Get_Font_Spacing_,4
52,D:\MOX\OTHERS\MAINSCR.C,Print_Main_Screen_Data_,55,D:\MOX\OTHERS\MISC.C,Get_Font_Style_,4
52,D:\MOX\OTHERS\MAINSCR.C,Print_Main_Screen_Data_,55,D:\MOX\OTHERS\MISC.C,Get_Mox_Font_Colors_,9
52,D:\MOX\OTHERS\MAINSCR.C,Print_Main_Screen_Data_,55,D:\MOX\OTHERS\MISC.C,Increase_Font_Color_Range_,6
52,D:\MOX\OTHERS\MAINSCR.C,Print_Main_Screen_Data_,55,D:\MOX\OTHERS\MISC.C,Set_Fitted_Font_Style_,16
52,D:\MOX\OTHERS\MAINSCR.C,Print_Main_Screen_Data_,102,D:\MOX\OTHERS\COLCALC.C,Chance_For_Research_Breakthrough_,2
52,D:\MOX\OTHERS\MAINSCR.C,Print_Main_Screen_Data_,102,D:\MOX\OTHERS\COLCALC.C,Player_N_Turns_Until_Research_Complete_,1
52,D:\MOX\OTHERS\MAINSCR.C,Print_Star_Name_To_Bitmap_,48,D:\MOX\OTHERS\HAROLD.C,Colony_Owners_,1
52,D:\MOX\OTHERS\MAINSCR.C,Print_Star_Name_To_Bitmap_,48,D:\MOX\OTHERS\HAROLD.C,Get_Player_Font_Colors_,1
52,D:\MOX\OTHERS\MAINSCR.C,Print_Star_Name_To_Bitmap_,48,D:\MOX\OTHERS\HAROLD.C,Player_Is_Omniscient_,1
52,D:\MOX\OTHERS\MAINSCR.C,Print_Star_Name_To_Bitmap_,55,D:\MOX\OTHERS\MISC.C,Get_Bitmap_String_Range_,1
52,D:\MOX\OTHERS\MAINSCR.C,Print_Star_Name_To_Bitmap_,55,D:\MOX\OTHERS\MISC.C,Get_Font_Colors_,1
52,D:\MOX\OTHERS\MAINSCR.C,Print_Star_Name_To_Bitmap_,55,D:\MOX\OTHERS\MISC.C,Swap_Bitmap_Colors_,1
52,D:\MOX\OTHERS\MAINSCR.C,Print_Star_Names_,52,D:\MOX\OTHERS\MAINSCR.C,Print_A_Star_Name_,1
52,D:\MOX\OTHERS\MAINSCR.C,Print_Star_Names_,55,D:\MOX\OTHERS\MISC.C,Save_Window_Status_,1
52,D:\MOX\OTHERS\MAINSCR.C,Redraw_Main_Screen_,1,L:\MOX\MOX2.C,_TOGGLE_PAGES_,3
52,D:\MOX\OTHERS\MAINSCR.C,Redraw_Main_Screen_,43,D:\MOX\OTHERS\FLEETPOP.C,Reload_Fleet_Box_Palette_,2
52,D:\MOX\OTHERS\MAINSCR.C,Redraw_Main_Screen_,47,D:\MOX\OTHERS\HACCESS.C,Get_Stack_Start_From_Saved_Ship_Array_,2
52,D:\MOX\OTHERS\MAINSCR.C,Redraw_Main_Screen_,47,D:\MOX\OTHERS\HACCESS.C,Ship_Stack_Owner_,2
52,D:\MOX\OTHERS\MAINSCR.C,Redraw_Main_Screen_,52,D:\MOX\OTHERS\MAINSCR.C,Draw_Main_Screen_,1
52,D:\MOX\OTHERS\MAINSCR.C,Redraw_Main_Screen_,52,D:\MOX\OTHERS\MAINSCR.C,Draw_Main_Screen_Filled_,1
52,D:\MOX\OTHERS\MAINSCR.C,Redraw_Main_Screen_,52,D:\MOX\OTHERS\MAINSCR.C,Draw_Mini_Main_Screen_,1
52,D:\MOX\OTHERS\MAINSCR.C,Redraw_Main_Screen_,56,D:\MOX\OTHERS\MOVEBOX.C,Moveable_Box_Selected_,2
52,D:\MOX\OTHERS\MAINSCR.C,Redraw_Main_Screen_,56,D:\MOX\OTHERS\MOVEBOX.C,Vanish_Fleet_Movement_Box_,1
52,D:\MOX\OTHERS\MAINSCR.C,Redraw_Main_Screen_,79,D:\MOX\OTHERS\ERIC.C,Fast_Fade_In_,1
52,D:\MOX\OTHERS\MAINSCR.C,Redraw_Main_Screen_,79,D:\MOX\OTHERS\ERIC.C,Fast_Fade_Out_,1
52,D:\MOX\OTHERS\MAINSCR.C,Redraw_Main_Screen_Without_Boxes_,1,L:\MOX\MOX2.C,_TOGGLE_PAGES_,1
52,D:\MOX\OTHERS\MAINSCR.C,Redraw_Main_Screen_Without_Boxes_,52,D:\MOX\OTHERS\MAINSCR.C,Draw_Mini_Main_Screen_,1
52,D:\MOX\OTHERS\MAINSCR.C,Restore_Hotseat_Map_Info_,47,D:\MOX\OTHERS\HACCESS.C,Set_Hotseat_Fleet_Box_To_Last_Stack_,1
52,D:\MOX\OTHERS\MAINSCR.C,Restore_Hotseat_Map_Info_,48,D:\MOX\OTHERS\HAROLD.C,Map_Scale_To_Zoom_Level_,1
52,D:\MOX\OTHERS\MAINSCR.C,Restore_Hotseat_Map_Info_,56,D:\MOX\OTHERS\MOVEBOX.C,Moveable_Box_Selected_,1
52,D:\MOX\OTHERS\MAINSCR.C,Save_Hotseat_Map_Info_,47,D:\MOX\OTHERS\HACCESS.C,Save_Hotseat_Fleet_Box_Ship_,1
52,D:\MOX\OTHERS\MAINSCR.C,Scan_Fleet_Movement_Box_Fields_,43,D:\MOX\OTHERS\FLEETPOP.C,Can_Select_Fleet_Box_Ship_,1
52,D:\MOX\OTHERS\MAINSCR.C,Scan_Moveable_Box_Fields_,1,L:\MOX\MOX2.C,_TOGGLE_PAGES_,1
52,D:\MOX\OTHERS\MAINSCR.C,Scan_Moveable_Box_Fields_,19,D:\MOX\OTHERS\CMBTDRW1.C,Detailed_View_Ship_,1
52,D:\MOX\OTHERS\MAINSCR.C,Scan_Moveable_Box_Fields_,42,D:\MOX\OTHERS\EVANHELP.C,Set_Main_Screen_Help_List_,1
52,D:\MOX\OTHERS\MAINSCR.C,Scan_Moveable_Box_Fields_,43,D:\MOX\OTHERS\FLEETPOP.C,At_Least_One_Ship_Of_Type_Selected_,1
52,D:\MOX\OTHERS\MAINSCR.C,Scan_Moveable_Box_Fields_,43,D:\MOX\OTHERS\FLEETPOP.C,Clear_Ship_Node_Selection_Flags_,1
52,D:\MOX\OTHERS\MAINSCR.C,Scan_Moveable_Box_Fields_,43,D:\MOX\OTHERS\FLEETPOP.C,Fleet_Buttons_Chosen_,1
52,D:\MOX\OTHERS\MAINSCR.C,Scan_Moveable_Box_Fields_,43,D:\MOX\OTHERS\FLEETPOP.C,Set_Fleet_Movement_Icon_Selections_,3
52,D:\MOX\OTHERS\MAINSCR.C,Scan_Moveable_Box_Fields_,43,D:\MOX\OTHERS\FLEETPOP.C,Some_Icon_Selected_,1
52,D:\MOX\OTHERS\MAINSCR.C,Scan_Moveable_Box_Fields_,47,D:\MOX\OTHERS\HACCESS.C,Clear_Fleet_Box_Selected_Ship_Status_,3
52,D:\MOX\OTHERS\MAINSCR.C,Scan_Moveable_Box_Fields_,47,D:\MOX\OTHERS\HACCESS.C,Fleet_Movement_Ship_Id_,2
52,D:\MOX\OTHERS\MAINSCR.C,Scan_Moveable_Box_Fields_,47,D:\MOX\OTHERS\HACCESS.C,Get_Fleet_Box_Selected_Ship_Ids_,1
52,D:\MOX\OTHERS\MAINSCR.C,Scan_Moveable_Box_Fields_,47,D:\MOX\OTHERS\HACCESS.C,Ship_Stack_From_Ship_Id_,1
52,D:\MOX\OTHERS\MAINSCR.C,Scan_Moveable_Box_Fields_,47,D:\MOX\OTHERS\HACCESS.C,Ship_Stack_Star_Id_,1
52,D:\MOX\OTHERS\MAINSCR.C,Scan_Moveable_Box_Fields_,48,D:\MOX\OTHERS\HAROLD.C,H_Message_,3
52,D:\MOX\OTHERS\MAINSCR.C,Scan_Moveable_Box_Fields_,48,D:\MOX\OTHERS\HAROLD.C,Map_Scale_To_Zoom_Level_,1
52,D:\MOX\OTHERS\MAINSCR.C,Scan_Moveable_Box_Fields_,48,D:\MOX\OTHERS\HAROLD.C,User_Box_,2
52,D:\MOX\OTHERS\MAINSCR.C,Scan_Moveable_Box_Fields_,52,D:\MOX\OTHERS\MAINSCR.C,Center_Map_,1
52,D:\MOX\OTHERS\MAINSCR.C,Scan_Moveable_Box_Fields_,52,D:\MOX\OTHERS\MAINSCR.C,Draw_Main_Screen_,1
52,D:\MOX\OTHERS\MAINSCR.C,Scan_Moveable_Box_Fields_,52,D:\MOX\OTHERS\MAINSCR.C,Scan_Fleet_Movement_Box_Fields_,1
52,D:\MOX\OTHERS\MAINSCR.C,Scan_Moveable_Box_Fields_,52,D:\MOX\OTHERS\MAINSCR.C,Scan_Galaxy_Map_Fields_,1
52,D:\MOX\OTHERS\MAINSCR.C,Scan_Moveable_Box_Fields_,52,D:\MOX\OTHERS\MAINSCR.C,Update_Star_Owners_,1
52,D:\MOX\OTHERS\MAINSCR.C,Scan_Moveable_Box_Fields_,56,D:\MOX\OTHERS\MOVEBOX.C,Box_Field_Selected_,1
52,D:\MOX\OTHERS\MAINSCR.C,Scan_Moveable_Box_Fields_,56,D:\MOX\OTHERS\MOVEBOX.C,Move_Box_To_Top_,1
52,D:\MOX\OTHERS\MAINSCR.C,Scan_Moveable_Box_Fields_,56,D:\MOX\OTHERS\MOVEBOX.C,Moveable_Box_Selected_,2
52,D:\MOX\OTHERS\MAINSCR.C,Scan_Moveable_Box_Fields_,56,D:\MOX\OTHERS\MOVEBOX.C,Vanish_Fleet_Movement_Box_,1
52,D:\MOX\OTHERS\MAINSCR.C,Scan_Moveable_Box_Fields_,56,D:\MOX\OTHERS\MOVEBOX.C,Vanish_System_Display_Box_,1
52,D:\MOX\OTHERS\MAINSCR.C,Scan_Moveable_Box_Fields_,61,D:\MOX\OTHERS\SCROLL.C,Scroll_Down_One_Item_,1
52,D:\MOX\OTHERS\MAINSCR.C,Scan_Moveable_Box_Fields_,61,D:\MOX\OTHERS\SCROLL.C,Scroll_Up_One_Item_,1
52,D:\MOX\OTHERS\MAINSCR.C,Scan_Moveable_Box_Fields_,62,D:\MOX\OTHERS\SHIPS.C,Build_Ship_Icons_,1
52,D:\MOX\OTHERS\MAINSCR.C,Scan_Moveable_Box_Fields_,62,D:\MOX\OTHERS\SHIPS.C,Deploy_Ships_To_Attack_Antares_,1
52,D:\MOX\OTHERS\MAINSCR.C,Scan_Moveable_Box_Fields_,62,D:\MOX\OTHERS\SHIPS.C,Set_Ship_Icon_XYs_,1
52,D:\MOX\OTHERS\MAINSCR.C,Scan_Ships_XY_,47,D:\MOX\OTHERS\HACCESS.C,Ship_Owner_,1
52,D:\MOX\OTHERS\MAINSCR.C,Scan_Ships_XY_,62,D:\MOX\OTHERS\SHIPS.C,Get_Ship_Icon_Pict_Seg_,1
52,D:\MOX\OTHERS\MAINSCR.C,Scan_Stars_XY_,43,D:\MOX\OTHERS\FLEETPOP.C,Some_Icon_Selected_,1
52,D:\MOX\OTHERS\MAINSCR.C,Scan_Stars_XY_,47,D:\MOX\OTHERS\HACCESS.C,Get_Fleet_Box_Selected_Ship_Ids_,1
52,D:\MOX\OTHERS\MAINSCR.C,Scan_Stars_XY_,48,D:\MOX\OTHERS\HAROLD.C,Map_Scale_To_Zoom_Level_,2
52,D:\MOX\OTHERS\MAINSCR.C,Scan_Stars_XY_,52,D:\MOX\OTHERS\MAINSCR.C,Get_Star_Draw_Coords_,1
52,D:\MOX\OTHERS\MAINSCR.C,Scan_Stars_XY_,119,D:\MOX\OTHERS\SHIPMOVE.C,Ships_Try_To_Move_To_,1
52,D:\MOX\OTHERS\MAINSCR.C,Scan_System_Display_Fields_,63,D:\MOX\OTHERS\SYS.C,Potential_Colony_Info_Popup_,1
52,D:\MOX\OTHERS\MAINSCR.C,Scan_System_Display_Fields_,79,D:\MOX\OTHERS\ERIC.C,Get_Sint_Index_From_List_,2
52,D:\MOX\OTHERS\MAINSCR.C,Scan_System_Display_Fields_,106,D:\MOX\OTHERS\GEO.C,Get_Orbit_From_X_Y_,2
52,D:\MOX\OTHERS\MAINSCR.C,Scroll_Map_,1,L:\MOX\MOX2.C,_TOGGLE_PAGES_,1
52,D:\MOX\OTHERS\MAINSCR.C,Scroll_Map_,48,D:\MOX\OTHERS\HAROLD.C,Get_Up_Scaled_Value_,6
52,D:\MOX\OTHERS\MAINSCR.C,Scroll_Map_,52,D:\MOX\OTHERS\MAINSCR.C,Draw_Main_Screen_,1
52,D:\MOX\OTHERS\MAINSCR.C,Scroll_Map_,52,D:\MOX\OTHERS\MAINSCR.C,Draw_Main_Screen_Filled_,2
52,D:\MOX\OTHERS\MAINSCR.C,Scroll_Map_,52,D:\MOX\OTHERS\MAINSCR.C,Get_New_Paralax_XYs_,1
52,D:\MOX\OTHERS\MAINSCR.C,Set_Painted_Fleet_Fields_,47,D:\MOX\OTHERS\HACCESS.C,Player_Can_Order_Ship_,1
52,D:\MOX\OTHERS\MAINSCR.C,Set_Popup_Draw_XY_,52,D:\MOX\OTHERS\MAINSCR.C,Get_Star_Draw_Coords_,1
52,D:\MOX\OTHERS\MAINSCR.C,Set_Popup_Draw_XY_,52,D:\MOX\OTHERS\MAINSCR.C,Popup_XY_,1
52,D:\MOX\OTHERS\MAINSCR.C,Set_Post_Fitted_Font_Style_,55,D:\MOX\OTHERS\MISC.C,Get_Font_Spacing_,1
52,D:\MOX\OTHERS\MAINSCR.C,Set_Post_Fitted_Font_Style_,55,D:\MOX\OTHERS\MISC.C,Get_Font_Style_,1
52,D:\MOX\OTHERS\MAINSCR.C,Set_Post_Fitted_Font_Style_,55,D:\MOX\OTHERS\MISC.C,Get_Mox_Font_Colors_,1
52,D:\MOX\OTHERS\MAINSCR.C,Ship_Can_Be_Selected_,47,D:\MOX\OTHERS\HACCESS.C,Player_Can_Order_Ship_,1
52,D:\MOX\OTHERS\MAINSCR.C,Star_On_Screen_,52,D:\MOX\OTHERS\MAINSCR.C,Get_Star_Draw_Coords_,1
52,D:\MOX\OTHERS\MAINSCR.C,Toggle_Game_Option_,3,L:\MOX\FILEDEF.C,Save_Session_Related_Settings_,1
52,D:\MOX\OTHERS\MAINSCR.C,Toggle_Game_Option_,47,D:\MOX\OTHERS\HACCESS.C,Set_All_Colony_Auto_Select_Flags_,1
52,D:\MOX\OTHERS\MAINSCR.C,Toggle_Game_Option_,48,D:\MOX\OTHERS\HAROLD.C,H_Message_,8
52,D:\MOX\OTHERS\MAINSCR.C,Toggle_Game_Option_,48,D:\MOX\OTHERS\HAROLD.C,User_Box_,1
52,D:\MOX\OTHERS\MAINSCR.C,Update_Ship_Icons_In_Between_Turns_,48,D:\MOX\OTHERS\HAROLD.C,Star_Owner_,1
52,D:\MOX\OTHERS\MAINSCR.C,Update_Ship_Icons_In_Between_Turns_,62,D:\MOX\OTHERS\SHIPS.C,Build_Ship_Icons_,1
52,D:\MOX\OTHERS\MAINSCR.C,Update_Ship_Icons_In_Between_Turns_,62,D:\MOX\OTHERS\SHIPS.C,Set_Ship_Icon_XYs_,1
52,D:\MOX\OTHERS\MAINSCR.C,Update_Star_Owners_,48,D:\MOX\OTHERS\HAROLD.C,Star_Owner_,1
52,D:\MOX\OTHERS\MAINSCR.C,Warn_About_Cheating_Players_,1,L:\MOX\MOX2.C,_TOGGLE_PAGES_,1
52,D:\MOX\OTHERS\MAINSCR.C,Warn_About_Cheating_Players_,48,D:\MOX\OTHERS\HAROLD.C,User_Box_,1
52,D:\MOX\OTHERS\MAINSCR.C,Warn_About_Cheating_Players_,52,D:\MOX\OTHERS\MAINSCR.C,Draw_Mini_Main_Screen_,1
52,D:\MOX\OTHERS\MAINSCR.C,Warn_About_Cheating_Players_,55,D:\MOX\OTHERS\MISC.C,Get_LBX_Message_,1
53,D:\MOX\OTHERS\MAINSCR2.C,Begin_Of_Turn_,43,D:\MOX\OTHERS\FLEETPOP.C,Reload_Ship_Selection_Status_,1
53,D:\MOX\OTHERS\MAINSCR2.C,Begin_Of_Turn_,47,D:\MOX\OTHERS\HACCESS.C,Ship_Stack_From_Saved_Array_,2
53,D:\MOX\OTHERS\MAINSCR2.C,Begin_Of_Turn_,52,D:\MOX\OTHERS\MAINSCR.C,Allocate_First_Screen_Seg_,1
53,D:\MOX\OTHERS\MAINSCR2.C,Begin_Of_Turn_,52,D:\MOX\OTHERS\MAINSCR.C,Fade_Into_Main_Screen_,1
53,D:\MOX\OTHERS\MAINSCR2.C,Begin_Of_Turn_,52,D:\MOX\OTHERS\MAINSCR.C,Set_Main_Screen_Fields_To_Null_,1
53,D:\MOX\OTHERS\MAINSCR2.C,Begin_Of_Turn_,52,D:\MOX\OTHERS\MAINSCR.C,Update_Star_Owners_,1
53,D:\MOX\OTHERS\MAINSCR2.C,Begin_Of_Turn_,53,D:\MOX\OTHERS\MAINSCR2.C,Main_Screen_Report_Handler_,1
53,D:\MOX\OTHERS\MAINSCR2.C,Begin_Of_Turn_,56,D:\MOX\OTHERS\MOVEBOX.C,Box_Was_Open_,3
53,D:\MOX\OTHERS\MAINSCR2.C,Begin_Of_Turn_,56,D:\MOX\OTHERS\MOVEBOX.C,Moveable_Box_Selected_,2
53,D:\MOX\OTHERS\MAINSCR2.C,Begin_Of_Turn_,56,D:\MOX\OTHERS\MOVEBOX.C,Restore_Boxes_,1
53,D:\MOX\OTHERS\MAINSCR2.C,Begin_Of_Turn_,56,D:\MOX\OTHERS\MOVEBOX.C,Vanish_Fleet_Movement_Box_,1
53,D:\MOX\OTHERS\MAINSCR2.C,Begin_Of_Turn_,62,D:\MOX\OTHERS\SHIPS.C,Build_Ship_Icons_,1
53,D:\MOX\OTHERS\MAINSCR2.C,Building_Outposts_In_Main_Screen_,1,L:\MOX\MOX2.C,_TOGGLE_PAGES_,2
53,D:\MOX\OTHERS\MAINSCR2.C,Building_Outposts_In_Main_Screen_,29,D:\MOX\OTHERS\KEN.C,Load_Player_Ship_Palette_,1
53,D:\MOX\OTHERS\MAINSCR2.C,Building_Outposts_In_Main_Screen_,47,D:\MOX\OTHERS\HACCESS.C,Fleet_Movement_Ship_Id_,1
53,D:\MOX\OTHERS\MAINSCR2.C,Building_Outposts_In_Main_Screen_,47,D:\MOX\OTHERS\HACCESS.C,Ship_Stack_From_Saved_Array_,1
53,D:\MOX\OTHERS\MAINSCR2.C,Building_Outposts_In_Main_Screen_,47,D:\MOX\OTHERS\HACCESS.C,Ship_Stack_Star_Id_,1
53,D:\MOX\OTHERS\MAINSCR2.C,Building_Outposts_In_Main_Screen_,52,D:\MOX\OTHERS\MAINSCR.C,Draw_Main_Screen_,1
53,D:\MOX\OTHERS\MAINSCR2.C,Building_Outposts_In_Main_Screen_,52,D:\MOX\OTHERS\MAINSCR.C,Draw_Main_Screen_Filled_,1
53,D:\MOX\OTHERS\MAINSCR2.C,Building_Outposts_In_Main_Screen_,52,D:\MOX\OTHERS\MAINSCR.C,Draw_Mini_Main_Screen_,1
53,D:\MOX\OTHERS\MAINSCR2.C,Building_Outposts_In_Main_Screen_,56,D:\MOX\OTHERS\MOVEBOX.C,Vanish_Fleet_Movement_Box_,2
53,D:\MOX\OTHERS\MAINSCR2.C,Building_Outposts_In_Main_Screen_,62,D:\MOX\OTHERS\SHIPS.C,Build_Ship_Icons_,1
53,D:\MOX\OTHERS\MAINSCR2.C,Building_Outposts_In_Main_Screen_,63,D:\MOX\OTHERS\SYS.C,Clear_System_Display_Loaded_Flag_,1
53,D:\MOX\OTHERS\MAINSCR2.C,Building_Outposts_In_Main_Screen_,83,D:\MOX\OTHERS\MAINPUPS.C,New_Outpost_Selection_Popup_,1
53,D:\MOX\OTHERS\MAINSCR2.C,Building_Outposts_In_Main_Screen_,103,D:\MOX\OTHERS\COLONIZE.C,Make_New_Outpost_,1
53,D:\MOX\OTHERS\MAINSCR2.C,Check_Fleet_Movement_Box_Status_,47,D:\MOX\OTHERS\HACCESS.C,Ship_Stack_From_Saved_Array_,1
53,D:\MOX\OTHERS\MAINSCR2.C,Check_Fleet_Movement_Box_Status_,56,D:\MOX\OTHERS\MOVEBOX.C,Vanish_Fleet_Movement_Box_,1
53,D:\MOX\OTHERS\MAINSCR2.C,Distance_Between_Stars_Screen_,1,L:\MOX\MOX2.C,_TOGGLE_PAGES_,1
53,D:\MOX\OTHERS\MAINSCR2.C,Distance_Between_Stars_Screen_,52,D:\MOX\OTHERS\MAINSCR.C,Add_Star_Fields_,1
53,D:\MOX\OTHERS\MAINSCR2.C,Distance_Between_Stars_Screen_,52,D:\MOX\OTHERS\MAINSCR.C,Draw_Main_Screen_Filled_,1
53,D:\MOX\OTHERS\MAINSCR2.C,Distance_Between_Stars_Screen_,52,D:\MOX\OTHERS\MAINSCR.C,Set_Main_Screen_Fields_To_Null_,1
53,D:\MOX\OTHERS\MAINSCR2.C,Distance_Between_Stars_Screen_,53,D:\MOX\OTHERS\MAINSCR2.C,Draw_Main_Screen_For_Star_Distances_,1
53,D:\MOX\OTHERS\MAINSCR2.C,Distance_Between_Stars_Screen_,55,D:\MOX\OTHERS\MISC.C,_Darken_Fill_,4
53,D:\MOX\OTHERS\MAINSCR2.C,Do_Begin_Of_Turn_,1,L:\MOX\MOX2.C,_TOGGLE_PAGES_,1
53,D:\MOX\OTHERS\MAINSCR2.C,Do_Begin_Of_Turn_,47,D:\MOX\OTHERS\HACCESS.C,Enemy_Ship_Going_To_My_Colony_,1
53,D:\MOX\OTHERS\MAINSCR2.C,Do_Begin_Of_Turn_,48,D:\MOX\OTHERS\HAROLD.C,Get_Player_Font_Colors_,1
53,D:\MOX\OTHERS\MAINSCR2.C,Do_Begin_Of_Turn_,48,D:\MOX\OTHERS\HAROLD.C,H_Message_,1
53,D:\MOX\OTHERS\MAINSCR2.C,Do_Begin_Of_Turn_,52,D:\MOX\OTHERS\MAINSCR.C,Do_Next_Turn_,1
53,D:\MOX\OTHERS\MAINSCR2.C,Do_Begin_Of_Turn_,52,D:\MOX\OTHERS\MAINSCR.C,Draw_Mini_Main_Screen_,1
53,D:\MOX\OTHERS\MAINSCR2.C,Do_Begin_Of_Turn_,53,D:\MOX\OTHERS\MAINSCR2.C,Begin_Of_Turn_,1
53,D:\MOX\OTHERS\MAINSCR2.C,Do_Begin_Of_Turn_,55,D:\MOX\OTHERS\MISC.C,Draw_Darkened_Box_,1
53,D:\MOX\OTHERS\MAINSCR2.C,Draw_Main_Screen_For_Star_Distances_,48,D:\MOX\OTHERS\HAROLD.C,H_Message_,2
53,D:\MOX\OTHERS\MAINSCR2.C,Draw_Main_Screen_For_Star_Distances_,52,D:\MOX\OTHERS\MAINSCR.C,Draw_Main_Main_Screen_,1
53,D:\MOX\OTHERS\MAINSCR2.C,Draw_Main_Screen_For_Star_Distances_,52,D:\MOX\OTHERS\MAINSCR.C,Draw_Mini_Main_Screen_,1
53,D:\MOX\OTHERS\MAINSCR2.C,Draw_Main_Screen_For_Star_Distances_,52,D:\MOX\OTHERS\MAINSCR.C,Get_Star_Draw_Coords_,2
53,D:\MOX\OTHERS\MAINSCR2.C,Draw_Main_Screen_For_Star_Distances_,52,D:\MOX\OTHERS\MAINSCR.C,Highlight_Star_,1
53,D:\MOX\OTHERS\MAINSCR2.C,Draw_Main_Screen_For_Star_Distances_,55,D:\MOX\OTHERS\MISC.C,Change_Font_Style_,1
53,D:\MOX\OTHERS\MAINSCR2.C,Draw_Main_Screen_For_Star_Distances_,62,D:\MOX\OTHERS\SHIPS.C,Draw_Directional_Multi_Colored_Line_,1
53,D:\MOX\OTHERS\MAINSCR2.C,Draw_Main_Screen_For_Star_Distances_,106,D:\MOX\OTHERS\GEO.C,Parsecs_Between_Stars_,1
53,D:\MOX\OTHERS\MAINSCR2.C,Main_Screen_Report_Handler_,1,L:\MOX\MOX2.C,_TOGGLE_PAGES_,1
53,D:\MOX\OTHERS\MAINSCR2.C,Main_Screen_Report_Handler_,52,D:\MOX\OTHERS\MAINSCR.C,Allocate_First_Screen_Seg_,1
53,D:\MOX\OTHERS\MAINSCR2.C,Main_Screen_Report_Handler_,52,D:\MOX\OTHERS\MAINSCR.C,Draw_Mini_Main_Screen_,1
53,D:\MOX\OTHERS\MAINSCR2.C,Main_Screen_Report_Handler_,52,D:\MOX\OTHERS\MAINSCR.C,Fade_Into_Main_Screen_,2
53,D:\MOX\OTHERS\MAINSCR2.C,Main_Screen_Report_Handler_,52,D:\MOX\OTHERS\MAINSCR.C,Is_Main_Screen_Palette_,1
53,D:\MOX\OTHERS\MAINSCR2.C,Main_Screen_Report_Handler_,56,D:\MOX\OTHERS\MOVEBOX.C,Moveable_Box_Selected_,3
53,D:\MOX\OTHERS\MAINSCR2.C,Main_Screen_Report_Handler_,63,D:\MOX\OTHERS\SYS.C,Clear_System_Display_Loaded_Flag_,1
53,D:\MOX\OTHERS\MAINSCR2.C,Main_Screen_Report_Handler_,63,D:\MOX\OTHERS\SYS.C,Clear_System_Display_Ship_Fields_,1
53,D:\MOX\OTHERS\MAINSCR2.C,Main_Screen_Report_Handler_,116,D:\MOX\OTHERS\REPORT.C,Display_Report_,1
53,D:\MOX\OTHERS\MAINSCR2.C,Main_Screen_Report_Handler_,116,D:\MOX\OTHERS\REPORT.C,Must_Display_Reports_,2
53,D:\MOX\OTHERS\MAINSCR2.C,Planet_Colonization_In_Main_Screen_,1,L:\MOX\MOX2.C,_TOGGLE_PAGES_,2
53,D:\MOX\OTHERS\MAINSCR2.C,Planet_Colonization_In_Main_Screen_,29,D:\MOX\OTHERS\KEN.C,Load_Player_Ship_Palette_,1
53,D:\MOX\OTHERS\MAINSCR2.C,Planet_Colonization_In_Main_Screen_,47,D:\MOX\OTHERS\HACCESS.C,Fleet_Movement_Ship_Id_,1
53,D:\MOX\OTHERS\MAINSCR2.C,Planet_Colonization_In_Main_Screen_,47,D:\MOX\OTHERS\HACCESS.C,Planet_Orbit_,1
53,D:\MOX\OTHERS\MAINSCR2.C,Planet_Colonization_In_Main_Screen_,47,D:\MOX\OTHERS\HACCESS.C,Ship_Stack_From_Saved_Array_,1
53,D:\MOX\OTHERS\MAINSCR2.C,Planet_Colonization_In_Main_Screen_,47,D:\MOX\OTHERS\HACCESS.C,Ship_Stack_Star_Id_,1
53,D:\MOX\OTHERS\MAINSCR2.C,Planet_Colonization_In_Main_Screen_,52,D:\MOX\OTHERS\MAINSCR.C,Draw_Main_Screen_,1
53,D:\MOX\OTHERS\MAINSCR2.C,Planet_Colonization_In_Main_Screen_,52,D:\MOX\OTHERS\MAINSCR.C,Draw_Main_Screen_Filled_,1
53,D:\MOX\OTHERS\MAINSCR2.C,Planet_Colonization_In_Main_Screen_,52,D:\MOX\OTHERS\MAINSCR.C,Draw_Mini_Main_Screen_,1
53,D:\MOX\OTHERS\MAINSCR2.C,Planet_Colonization_In_Main_Screen_,55,D:\MOX\OTHERS\MISC.C,Fade_Into_Screen_,1
53,D:\MOX\OTHERS\MAINSCR2.C,Planet_Colonization_In_Main_Screen_,56,D:\MOX\OTHERS\MOVEBOX.C,Vanish_Fleet_Movement_Box_,2
53,D:\MOX\OTHERS\MAINSCR2.C,Planet_Colonization_In_Main_Screen_,57,D:\MOX\OTHERS\NAMESTAR.C,Can_Change_Star_Name_,1
53,D:\MOX\OTHERS\MAINSCR2.C,Planet_Colonization_In_Main_Screen_,62,D:\MOX\OTHERS\SHIPS.C,Build_Ship_Icons_,1
53,D:\MOX\OTHERS\MAINSCR2.C,Planet_Colonization_In_Main_Screen_,72,D:\MOX\OTHERS\COLLAND.C,Colony_Landing_Screen_,1
53,D:\MOX\OTHERS\MAINSCR2.C,Planet_Colonization_In_Main_Screen_,83,D:\MOX\OTHERS\MAINPUPS.C,New_Colony_Selection_Popup_,1
53,D:\MOX\OTHERS\MAINSCR2.C,Planet_Colonization_In_Main_Screen_,103,D:\MOX\OTHERS\COLONIZE.C,Make_New_Colony_,1
53,D:\MOX\OTHERS\MAINSCR2.C,Redraw_Main_Screen_After_Popups_,56,D:\MOX\OTHERS\MOVEBOX.C,Moveable_Box_Selected_,1
53,D:\MOX\OTHERS\MAINSCR2.C,Reports_Screen_,52,D:\MOX\OTHERS\MAINSCR.C,Add_Map_Fields_,1
53,D:\MOX\OTHERS\MAINSCR2.C,Reports_Screen_,52,D:\MOX\OTHERS\MAINSCR.C,Allocate_First_Screen_Seg_,1
53,D:\MOX\OTHERS\MAINSCR2.C,Reports_Screen_,52,D:\MOX\OTHERS\MAINSCR.C,Fade_Into_Main_Screen_,1
53,D:\MOX\OTHERS\MAINSCR2.C,Reports_Screen_,52,D:\MOX\OTHERS\MAINSCR.C,Set_Main_Screen_Fields_To_Null_,1
53,D:\MOX\OTHERS\MAINSCR2.C,Reports_Screen_,52,D:\MOX\OTHERS\MAINSCR.C,Update_Star_Owners_,1
53,D:\MOX\OTHERS\MAINSCR2.C,Reports_Screen_,53,D:\MOX\OTHERS\MAINSCR2.C,Do_Begin_Of_Turn_,1
53,D:\MOX\OTHERS\MAINSCR2.C,Reports_Screen_,56,D:\MOX\OTHERS\MOVEBOX.C,Moveable_Box_Selected_,1
53,D:\MOX\OTHERS\MAINSCR2.C,Reports_Screen_,62,D:\MOX\OTHERS\SHIPS.C,Build_Ship_Icons_,1
53,D:\MOX\OTHERS\MAINSCR2.C,Reports_Screen_,63,D:\MOX\OTHERS\SYS.C,Clear_System_Display_Loaded_Flag_,1
53,D:\MOX\OTHERS\MAINSCR2.C,Reports_Screen_,79,D:\MOX\OTHERS\ERIC.C,Fast_Fade_Out_,1
53,D:\MOX\OTHERS\MAINSCR2.C,Reports_Screen_,116,D:\MOX\OTHERS\REPORT.C,Must_Display_Reports_,1
53,D:\MOX\OTHERS\MAINSCR2.C,Restore_Fleet_Box_Palette_,47,D:\MOX\OTHERS\HACCESS.C,Ship_Stack_From_Saved_Array_,1
53,D:\MOX\OTHERS\MAINSCR2.C,Restore_Fleet_Box_Palette_,52,D:\MOX\OTHERS\MAINSCR.C,Fade_Into_Main_Screen_,1
53,D:\MOX\OTHERS\MAINSCR2.C,Scrap_Freighters_,1,L:\MOX\MOX2.C,_TOGGLE_PAGES_,1
53,D:\MOX\OTHERS\MAINSCR2.C,Scrap_Freighters_,42,D:\MOX\OTHERS\EVANHELP.C,Set_Scrap_Freighters_Help_List_,1
53,D:\MOX\OTHERS\MAINSCR2.C,Scrap_Freighters_,48,D:\MOX\OTHERS\HAROLD.C,H_Message_,7
53,D:\MOX\OTHERS\MAINSCR2.C,Scrap_Freighters_,48,D:\MOX\OTHERS\HAROLD.C,User_Box_,3
53,D:\MOX\OTHERS\MAINSCR2.C,Scrap_Freighters_,52,D:\MOX\OTHERS\MAINSCR.C,Draw_Mini_Main_Screen_,1
53,D:\MOX\OTHERS\MAINSCR2.C,Scrap_Freighters_,56,D:\MOX\OTHERS\MOVEBOX.C,Moveable_Box_Selected_,1
53,D:\MOX\OTHERS\MAINSCR2.C,Scrap_Freighters_,83,D:\MOX\OTHERS\MAINPUPS.C,Slider_Popup_,1
53,D:\MOX\OTHERS\MAINSCR2.C,Scrap_Freighters_,102,D:\MOX\OTHERS\COLCALC.C,Do_Player_Colony_Calculations_,1
53,D:\MOX\OTHERS\MAINSCR2.C,Scrap_Freighters_,118,D:\MOX\OTHERS\SETTLER.C,N_Freighters_Player_Can_Scrap_,1
53,D:\MOX\OTHERS\MAINSCR2.C,Show_Command_Points_Screen_,1,L:\MOX\MOX2.C,_TOGGLE_PAGES_,1
53,D:\MOX\OTHERS\MAINSCR2.C,Show_Command_Points_Screen_,52,D:\MOX\OTHERS\MAINSCR.C,Draw_Mini_Main_Screen_,1
53,D:\MOX\OTHERS\MAINSCR2.C,Show_Command_Points_Screen_,102,D:\MOX\OTHERS\COLCALC.C,Show_Command_Points_,1
53,D:\MOX\OTHERS\MAINSCR2.C,Unloading_Transports_In_Main_Screen_,1,L:\MOX\MOX2.C,_TOGGLE_PAGES_,2
53,D:\MOX\OTHERS\MAINSCR2.C,Unloading_Transports_In_Main_Screen_,29,D:\MOX\OTHERS\KEN.C,Load_Player_Ship_Palette_,1
53,D:\MOX\OTHERS\MAINSCR2.C,Unloading_Transports_In_Main_Screen_,47,D:\MOX\OTHERS\HACCESS.C,Get_Fleet_Box_Selected_Ship_Ids_,1
53,D:\MOX\OTHERS\MAINSCR2.C,Unloading_Transports_In_Main_Screen_,47,D:\MOX\OTHERS\HACCESS.C,Ship_Stack_From_Saved_Array_,1
53,D:\MOX\OTHERS\MAINSCR2.C,Unloading_Transports_In_Main_Screen_,47,D:\MOX\OTHERS\HACCESS.C,Ship_Stack_Star_Id_,1
53,D:\MOX\OTHERS\MAINSCR2.C,Unloading_Transports_In_Main_Screen_,52,D:\MOX\OTHERS\MAINSCR.C,Draw_Main_Screen_,1
53,D:\MOX\OTHERS\MAINSCR2.C,Unloading_Transports_In_Main_Screen_,52,D:\MOX\OTHERS\MAINSCR.C,Draw_Main_Screen_Filled_,1
53,D:\MOX\OTHERS\MAINSCR2.C,Unloading_Transports_In_Main_Screen_,52,D:\MOX\OTHERS\MAINSCR.C,Draw_Mini_Main_Screen_,1
53,D:\MOX\OTHERS\MAINSCR2.C,Unloading_Transports_In_Main_Screen_,52,D:\MOX\OTHERS\MAINSCR.C,Update_Ship_Icons_In_Between_Turns_,1
53,D:\MOX\OTHERS\MAINSCR2.C,Unloading_Transports_In_Main_Screen_,56,D:\MOX\OTHERS\MOVEBOX.C,Vanish_Fleet_Movement_Box_,2
53,D:\MOX\OTHERS\MAINSCR2.C,Unloading_Transports_In_Main_Screen_,63,D:\MOX\OTHERS\SYS.C,Clear_System_Display_Loaded_Flag_,1
53,D:\MOX\OTHERS\MAINSCR2.C,Unloading_Transports_In_Main_Screen_,83,D:\MOX\OTHERS\MAINPUPS.C,Drop_Troops_Selection_Popup_,1
53,D:\MOX\OTHERS\MAINSCR2.C,Unloading_Transports_In_Main_Screen_,107,D:\MOX\OTHERS\INVASION.C,Unload_Transports_,1
54,D:\MOX\OTHERS\MAPGEN.C,Black_Hole_Fix_,48,D:\MOX\OTHERS\HAROLD.C,Habitable_Spectral_Class_,1
54,D:\MOX\OTHERS\MAPGEN.C,Black_Hole_Fix_,54,D:\MOX\OTHERS\MAPGEN.C,Generate_Spectral_Class_,1
54,D:\MOX\OTHERS\MAPGEN.C,Black_Hole_Fix_,54,D:\MOX\OTHERS\MAPGEN.C,Planet_Generation_,1
54,D:\MOX\OTHERS\MAPGEN.C,Black_Hole_Fix_,106,D:\MOX\OTHERS\GEO.C,Point_Is_In_Some_Nebula_,8
54,D:\MOX\OTHERS\MAPGEN.C,Build_Min_Point_Distances_,48,D:\MOX\OTHERS\HAROLD.C,Randomize_List_,2
54,D:\MOX\OTHERS\MAPGEN.C,Build_Min_Point_Distances_,49,D:\MOX\OTHERS\HOMEGEN.C,Dist_Between_Points_,1
54,D:\MOX\OTHERS\MAPGEN.C,Enforce_Planet_Max_,39,D:\MOX\OTHERS\ASSERT.C,hgetch_,1
54,D:\MOX\OTHERS\MAPGEN.C,Enforce_Planet_Max_,54,D:\MOX\OTHERS\MAPGEN.C,Clear_Planets_In_Star_Structure_,1
54,D:\MOX\OTHERS\MAPGEN.C,Enforce_Planet_Max_,54,D:\MOX\OTHERS\MAPGEN.C,Gas_Giants_,1
54,D:\MOX\OTHERS\MAPGEN.C,Enforce_Planet_Max_,54,D:\MOX\OTHERS\MAPGEN.C,Home_Planet_,1
54,D:\MOX\OTHERS\MAPGEN.C,Enforce_Planet_Max_,117,D:\MOX\OTHERS\RUSS.C,PFMT_,2
54,D:\MOX\OTHERS\MAPGEN.C,Gas_Giants_,48,D:\MOX\OTHERS\HAROLD.C,Planet_Type_,1
54,D:\MOX\OTHERS\MAPGEN.C,Generate_Climate_,117,D:\MOX\OTHERS\RUSS.C,Get_Weighted_Choice_Char_,2
54,D:\MOX\OTHERS\MAPGEN.C,Generate_Food_Per_Farmer_,48,D:\MOX\OTHERS\HAROLD.C,Habitable_Spectral_Class_,1
54,D:\MOX\OTHERS\MAPGEN.C,Generate_Max_Farms_,48,D:\MOX\OTHERS\HAROLD.C,Habitable_Spectral_Class_,1
54,D:\MOX\OTHERS\MAPGEN.C,Generate_Nebulas_,48,D:\MOX\OTHERS\HAROLD.C,Get_Scaled_Value_,2
54,D:\MOX\OTHERS\MAPGEN.C,Generate_Nebulas_,48,D:\MOX\OTHERS\HAROLD.C,Get_Up_Scaled_Value_,4
54,D:\MOX\OTHERS\MAPGEN.C,Generate_Nebulas_,49,D:\MOX\OTHERS\HOMEGEN.C,Dist_Between_Points_,1
54,D:\MOX\OTHERS\MAPGEN.C,Generate_Nebulas_,54,D:\MOX\OTHERS\MAPGEN.C,Build_Min_Point_Distances_,1
54,D:\MOX\OTHERS\MAPGEN.C,Generate_Nebulas_,54,D:\MOX\OTHERS\MAPGEN.C,Load_Nebula_Pictures_,1
54,D:\MOX\OTHERS\MAPGEN.C,Generate_Nebulas_,117,D:\MOX\OTHERS\RUSS.C,Get_Weighted_Choice_Short_,1
54,D:\MOX\OTHERS\MAPGEN.C,Generate_Nebulas_,117,D:\MOX\OTHERS\RUSS.C,Mox_Update_,10
54,D:\MOX\OTHERS\MAPGEN.C,Generate_Orbit_,117,D:\MOX\OTHERS\RUSS.C,Get_Weighted_Choice_Char_,1
54,D:\MOX\OTHERS\MAPGEN.C,Generate_Satellite_,54,D:\MOX\OTHERS\MAPGEN.C,Generate_Climate_,1
54,D:\MOX\OTHERS\MAPGEN.C,Generate_Satellite_,54,D:\MOX\OTHERS\MAPGEN.C,Generate_Gravity_Class_,1
54,D:\MOX\OTHERS\MAPGEN.C,Generate_Satellite_,54,D:\MOX\OTHERS\MAPGEN.C,Generate_Mineral_Class_,1
54,D:\MOX\OTHERS\MAPGEN.C,Generate_Satellite_,54,D:\MOX\OTHERS\MAPGEN.C,Generate_Size_,1
54,D:\MOX\OTHERS\MAPGEN.C,Generate_Satellite_,54,D:\MOX\OTHERS\MAPGEN.C,Get_Climate_Modifier_,1
54,D:\MOX\OTHERS\MAPGEN.C,Generate_Satellite_,54,D:\MOX\OTHERS\MAPGEN.C,Get_Planet_Group_,1
54,D:\MOX\OTHERS\MAPGEN.C,Generate_Satellite_,54,D:\MOX\OTHERS\MAPGEN.C,Set_Secondary_Planet_Data_,1
54,D:\MOX\OTHERS\MAPGEN.C,Generate_Satellite_Type_,39,D:\MOX\OTHERS\ASSERT.C,hgetch_,1
54,D:\MOX\OTHERS\MAPGEN.C,Generate_Satellite_Type_,117,D:\MOX\OTHERS\RUSS.C,PFMT_,1
54,D:\MOX\OTHERS\MAPGEN.C,Generate_Spectral_Class_,117,D:\MOX\OTHERS\RUSS.C,Get_Weighted_Choice_Char_,1
54,D:\MOX\OTHERS\MAPGEN.C,Generate_Star_Special_,54,D:\MOX\OTHERS\MAPGEN.C,Get_A_Planet_Or_Star_Special_,1
54,D:\MOX\OTHERS\MAPGEN.C,Generate_Wormhole_Links_,48,D:\MOX\OTHERS\HAROLD.C,Empty_System_,1
54,D:\MOX\OTHERS\MAPGEN.C,Generate_Wormhole_Links_,54,D:\MOX\OTHERS\MAPGEN.C,Set_Wormhole_Id_,1
54,D:\MOX\OTHERS\MAPGEN.C,Get_A_Planet_Or_Star_Special_,117,D:\MOX\OTHERS\RUSS.C,Get_Weighted_Choice_Short_,4
54,D:\MOX\OTHERS\MAPGEN.C,Get_Climate_Modifier_,117,D:\MOX\OTHERS\RUSS.C,PFMT_,1
54,D:\MOX\OTHERS\MAPGEN.C,Load_Nebula_Pictures_,117,D:\MOX\OTHERS\RUSS.C,Mox_Update_,2
54,D:\MOX\OTHERS\MAPGEN.C,N_Empty_Stars_,48,D:\MOX\OTHERS\HAROLD.C,N_Planets_In_System_,1
54,D:\MOX\OTHERS\MAPGEN.C,N_Empty_Stars_,48,D:\MOX\OTHERS\HAROLD.C,N_Satellites_,1
54,D:\MOX\OTHERS\MAPGEN.C,Planet_Generation_,54,D:\MOX\OTHERS\MAPGEN.C,Generate_Orbit_,1
54,D:\MOX\OTHERS\MAPGEN.C,Planet_Generation_,54,D:\MOX\OTHERS\MAPGEN.C,Generate_Satellite_,1
54,D:\MOX\OTHERS\MAPGEN.C,Planet_Generation_,54,D:\MOX\OTHERS\MAPGEN.C,Generate_Satellite_Type_,1
54,D:\MOX\OTHERS\MAPGEN.C,Set_Secondary_Planet_Data_,54,D:\MOX\OTHERS\MAPGEN.C,Generate_Food_Per_Farmer_,1
54,D:\MOX\OTHERS\MAPGEN.C,Set_Secondary_Planet_Data_,54,D:\MOX\OTHERS\MAPGEN.C,Generate_Max_Farms_,1
54,D:\MOX\OTHERS\MAPGEN.C,Set_Star_XYs_,1,L:\MOX\MOX2.C,_TOGGLE_PAGES_,1
54,D:\MOX\OTHERS\MAPGEN.C,Set_Star_XYs_,48,D:\MOX\OTHERS\HAROLD.C,Get_Scaled_Value_,4
54,D:\MOX\OTHERS\MAPGEN.C,Set_Star_XYs_,48,D:\MOX\OTHERS\HAROLD.C,Get_Up_Scaled_Value_,2
54,D:\MOX\OTHERS\MAPGEN.C,Set_Star_XYs_,48,D:\MOX\OTHERS\HAROLD.C,Map_Scale_To_Zoom_Level_,2
54,D:\MOX\OTHERS\MAPGEN.C,Set_Star_XYs_,48,D:\MOX\OTHERS\HAROLD.C,Set_Player_Font_Style_,3
54,D:\MOX\OTHERS\MAPGEN.C,Set_Star_XYs_,54,D:\MOX\OTHERS\MAPGEN.C,Generate_Spectral_Class_,1
54,D:\MOX\OTHERS\MAPGEN.C,Set_Star_XYs_,54,D:\MOX\OTHERS\MAPGEN.C,Star_XY_Invalid_,2
54,D:\MOX\OTHERS\MAPGEN.C,Set_Star_XYs_,55,D:\MOX\OTHERS\MISC.C,Draw_Advancing_Fill_Message_,1
54,D:\MOX\OTHERS\MAPGEN.C,Set_Star_XYs_,55,D:\MOX\OTHERS\MISC.C,Font_Colors2_,2
54,D:\MOX\OTHERS\MAPGEN.C,Set_Star_XYs_,117,D:\MOX\OTHERS\RUSS.C,Mox_Update_,2
54,D:\MOX\OTHERS\MAPGEN.C,Set_Wormhole_Id_,48,D:\MOX\OTHERS\HAROLD.C,N_Satellites_,1
54,D:\MOX\OTHERS\MAPGEN.C,Set_Wormhole_Id_,106,D:\MOX\OTHERS\GEO.C,Parsecs_Between_Stars_,1
54,D:\MOX\OTHERS\MAPGEN.C,Star_XY_Invalid_,48,D:\MOX\OTHERS\HAROLD.C,Get_Scaled_Value_,7
54,D:\MOX\OTHERS\MAPGEN.C,Star_XY_Invalid_,106,D:\MOX\OTHERS\GEO.C,Parsecs_Between_Stars_,1
54,D:\MOX\OTHERS\MAPGEN.C,Universe_Generation_,1,L:\MOX\MOX2.C,_TOGGLE_PAGES_,2
54,D:\MOX\OTHERS\MAPGEN.C,Universe_Generation_,48,D:\MOX\OTHERS\HAROLD.C,Get_Scaled_Value_,2
54,D:\MOX\OTHERS\MAPGEN.C,Universe_Generation_,48,D:\MOX\OTHERS\HAROLD.C,H_Message_,1
54,D:\MOX\OTHERS\MAPGEN.C,Universe_Generation_,48,D:\MOX\OTHERS\HAROLD.C,Habitable_Spectral_Class_,1
54,D:\MOX\OTHERS\MAPGEN.C,Universe_Generation_,54,D:\MOX\OTHERS\MAPGEN.C,Black_Hole_Fix_,1
54,D:\MOX\OTHERS\MAPGEN.C,Universe_Generation_,54,D:\MOX\OTHERS\MAPGEN.C,Generate_Nebulas_,1
54,D:\MOX\OTHERS\MAPGEN.C,Universe_Generation_,54,D:\MOX\OTHERS\MAPGEN.C,Generate_Number_Of_Nebulas_,2
54,D:\MOX\OTHERS\MAPGEN.C,Universe_Generation_,54,D:\MOX\OTHERS\MAPGEN.C,Generate_Number_Of_Satellites_,1
54,D:\MOX\OTHERS\MAPGEN.C,Universe_Generation_,54,D:\MOX\OTHERS\MAPGEN.C,Generate_Star_Special_,1
54,D:\MOX\OTHERS\MAPGEN.C,Universe_Generation_,54,D:\MOX\OTHERS\MAPGEN.C,Init_Main_Screen_,1
54,D:\MOX\OTHERS\MAPGEN.C,Universe_Generation_,54,D:\MOX\OTHERS\MAPGEN.C,Planet_Generation_,1
54,D:\MOX\OTHERS\MAPGEN.C,Universe_Generation_,54,D:\MOX\OTHERS\MAPGEN.C,Randomize_Star_Names_,1
54,D:\MOX\OTHERS\MAPGEN.C,Universe_Generation_,54,D:\MOX\OTHERS\MAPGEN.C,Set_Star_XYs_,2
54,D:\MOX\OTHERS\MAPGEN.C,Universe_Generation_,55,D:\MOX\OTHERS\MISC.C,Draw_Advancing_Fill_Message_,2
54,D:\MOX\OTHERS\MAPGEN.C,Universe_Generation_,55,D:\MOX\OTHERS\MISC.C,Font_Colors2_,2
54,D:\MOX\OTHERS\MAPGEN.C,Universe_Generation_,79,D:\MOX\OTHERS\ERIC.C,Fast_Fade_In_,1
54,D:\MOX\OTHERS\MAPGEN.C,Universe_Generation_,79,D:\MOX\OTHERS\ERIC.C,Get_Fade_Percent_,1
54,D:\MOX\OTHERS\MAPGEN.C,Universe_Generation_,106,D:\MOX\OTHERS\GEO.C,Initialize_Black_Hole_Blocks_,1
54,D:\MOX\OTHERS\MAPGEN.C,Universe_Generation_,106,D:\MOX\OTHERS\GEO.C,Map_Is_Connected_,1
54,D:\MOX\OTHERS\MAPGEN.C,Universe_Generation_,117,D:\MOX\OTHERS\RUSS.C,Mox_Update_,18
54,D:\MOX\OTHERS\MAPGEN.C,Universe_Generation_,117,D:\MOX\OTHERS\RUSS.C,PFMT_,2
55,D:\MOX\OTHERS\MISC.C,CHECK_PARAM_DRAW_,39,D:\MOX\OTHERS\ASSERT.C,hgetch_,1
55,D:\MOX\OTHERS\MISC.C,CHECK_PARAM_DRAW_,117,D:\MOX\OTHERS\RUSS.C,PFMT_,1
55,D:\MOX\OTHERS\MISC.C,CHECK_PARAM_PRINT_,39,D:\MOX\OTHERS\ASSERT.C,hgetch_,1
55,D:\MOX\OTHERS\MISC.C,CHECK_PARAM_PRINT_,117,D:\MOX\OTHERS\RUSS.C,PFMT_,1
55,D:\MOX\OTHERS\MISC.C,CHECK_PARAM_PRINT_INTEGER_,39,D:\MOX\OTHERS\ASSERT.C,hgetch_,1
55,D:\MOX\OTHERS\MISC.C,CHECK_PARAM_PRINT_INTEGER_,117,D:\MOX\OTHERS\RUSS.C,PFMT_,1
55,D:\MOX\OTHERS\MISC.C,Draw_Advancing_Fill_Message_,55,D:\MOX\OTHERS\MISC.C,Get_Advancing_Bitmap_String_Range_,1
55,D:\MOX\OTHERS\MISC.C,Draw_Advancing_Fill_Message_,55,D:\MOX\OTHERS\MISC.C,Replace_Bitmap_Colors_,1
55,D:\MOX\OTHERS\MISC.C,Draw_Advancing_Fill_Message_,117,D:\MOX\OTHERS\RUSS.C,Mox_Update_,2
55,D:\MOX\OTHERS\MISC.C,Draw_Darkened_Box_,55,D:\MOX\OTHERS\MISC.C,Draw_Highlight_Box_,1
55,D:\MOX\OTHERS\MISC.C,Draw_Darkened_Box_,55,D:\MOX\OTHERS\MISC.C,_Darken_Fill_,1
55,D:\MOX\OTHERS\MISC.C,Fade_Into_Screen_,1,L:\MOX\MOX2.C,_TOGGLE_PAGES_,1
55,D:\MOX\OTHERS\MISC.C,Fade_Into_Screen_,79,D:\MOX\OTHERS\ERIC.C,Fast_Fade_In_,1
55,D:\MOX\OTHERS\MISC.C,Fade_Into_Screen_,79,D:\MOX\OTHERS\ERIC.C,Fast_Fade_Out_,1
55,D:\MOX\OTHERS\MISC.C,Fade_Into_Screen_,79,D:\MOX\OTHERS\ERIC.C,Set_Fade_Percent_,1
55,D:\MOX\OTHERS\MISC.C,Fade_To_Black_,1,L:\MOX\MOX2.C,_TOGGLE_PAGES_,1
55,D:\MOX\OTHERS\MISC.C,Fade_To_Black_,79,D:\MOX\OTHERS\ERIC.C,Fast_Fade_Out_,1
55,D:\MOX\OTHERS\MISC.C,Fade_To_Palette_,1,L:\MOX\MOX2.C,_TOGGLE_PAGES_,1
55,D:\MOX\OTHERS\MISC.C,Fade_To_Palette_,79,D:\MOX\OTHERS\ERIC.C,Fast_Fade_Out_,1
55,D:\MOX\OTHERS\MISC.C,Get_File_Name_,55,D:\MOX\OTHERS\MISC.C,Get_Time_Stamp_Int_,1
55,D:\MOX\OTHERS\MISC.C,Get_LBX_Message_,48,D:\MOX\OTHERS\HAROLD.C,H_Message_,1
55,D:\MOX\OTHERS\MISC.C,Get_Mox_Font_Colors_,55,D:\MOX\OTHERS\MISC.C,Font_Colors2_,1
55,D:\MOX\OTHERS\MISC.C,Get_Mox_Min_Font_Colors_,55,D:\MOX\OTHERS\MISC.C,Min_Font_Colors_,1
55,D:\MOX\OTHERS\MISC.C,Read_Data_File_,39,D:\MOX\OTHERS\ASSERT.C,hgetch_,1
55,D:\MOX\OTHERS\MISC.C,Read_Data_File_,117,D:\MOX\OTHERS\RUSS.C,PFMT_,2
55,D:\MOX\OTHERS\MISC.C,_Print_Centered_Shadow_Down_,55,D:\MOX\OTHERS\MISC.C,_Print_Shadow_Down_,1
55,D:\MOX\OTHERS\MISC.C,_Print_Right_Shadow_Down_,55,D:\MOX\OTHERS\MISC.C,_Print_Shadow_Down_,1
56,D:\MOX\OTHERS\MOVEBOX.C,Add_Galaxy_Map_Fields_,56,D:\MOX\OTHERS\MOVEBOX.C,Get_Galaxy_Map_Star_XY_,1
56,D:\MOX\OTHERS\MOVEBOX.C,Add_Galaxy_Map_Fields_2_,56,D:\MOX\OTHERS\MOVEBOX.C,Get_Galaxy_Map_Star_XY_,1
56,D:\MOX\OTHERS\MOVEBOX.C,Add_Moveable_Box_Fields_,43,D:\MOX\OTHERS\FLEETPOP.C,Add_Fleet_Movement_Box_Fields_,1
56,D:\MOX\OTHERS\MOVEBOX.C,Add_Moveable_Box_Fields_,47,D:\MOX\OTHERS\HACCESS.C,Node_Ptr_From_Ship_Stack_,1
56,D:\MOX\OTHERS\MOVEBOX.C,Add_Moveable_Box_Fields_,56,D:\MOX\OTHERS\MOVEBOX.C,Clear_Moveable_Box_Fields_,1
56,D:\MOX\OTHERS\MOVEBOX.C,Add_Moveable_Box_Fields_,56,D:\MOX\OTHERS\MOVEBOX.C,Vanish_Fleet_Movement_Box_,1
56,D:\MOX\OTHERS\MOVEBOX.C,Add_Moveable_Box_Fields_,63,D:\MOX\OTHERS\SYS.C,Wrapper_For_Normal_System_Fields_,1
56,D:\MOX\OTHERS\MOVEBOX.C,Add_Resource_Box_Fields_,56,D:\MOX\OTHERS\MOVEBOX.C,Add_Whole_Window_Field_,1
56,D:\MOX\OTHERS\MOVEBOX.C,Add_Whole_Window_Field_,56,D:\MOX\OTHERS\MOVEBOX.C,Moveable_Box_Dimensions_,1
56,D:\MOX\OTHERS\MOVEBOX.C,Display_Moveable_Box_Info_,56,D:\MOX\OTHERS\MOVEBOX.C,Moveable_Box_Selected_,1
56,D:\MOX\OTHERS\MOVEBOX.C,Display_Moveable_Box_Info_,117,D:\MOX\OTHERS\RUSS.C,PFMT_,1
56,D:\MOX\OTHERS\MOVEBOX.C,Do_Fleet_Screen_Stuff_,47,D:\MOX\OTHERS\HACCESS.C,Ship_Stack_From_Ship_Icon_,1
56,D:\MOX\OTHERS\MOVEBOX.C,Do_Fleet_Screen_Stuff_,56,D:\MOX\OTHERS\MOVEBOX.C,Box_Fleet_Screen_Scanned_Ship_,1
56,D:\MOX\OTHERS\MOVEBOX.C,Do_Fleet_Screen_Stuff_,56,D:\MOX\OTHERS\MOVEBOX.C,Box_Fleet_Screen_Scanned_Star_,1
56,D:\MOX\OTHERS\MOVEBOX.C,Do_Officer_Screen_Stuff_,48,D:\MOX\OTHERS\HAROLD.C,Contact_With_One_Colony_,1
56,D:\MOX\OTHERS\MOVEBOX.C,Do_Officer_Screen_Stuff_,48,D:\MOX\OTHERS\HAROLD.C,H_Message_,2
56,D:\MOX\OTHERS\MOVEBOX.C,Do_Officer_Screen_Stuff_,48,D:\MOX\OTHERS\HAROLD.C,Player_Has_Colony_,1
56,D:\MOX\OTHERS\MOVEBOX.C,Do_Officer_Screen_Stuff_,48,D:\MOX\OTHERS\HAROLD.C,Player_Has_Visited_,1
56,D:\MOX\OTHERS\MOVEBOX.C,Do_Officer_Screen_Stuff_,48,D:\MOX\OTHERS\HAROLD.C,Player_Is_Omniscient_,1
56,D:\MOX\OTHERS\MOVEBOX.C,Do_Officer_Screen_Stuff_,55,D:\MOX\OTHERS\MISC.C,Get_Mox_Font_Colors_,1
56,D:\MOX\OTHERS\MOVEBOX.C,Do_Officer_Screen_Stuff_,55,D:\MOX\OTHERS\MISC.C,Set_Fitted_Font_Style_,1
56,D:\MOX\OTHERS\MOVEBOX.C,Do_Officer_Screen_Stuff_,56,D:\MOX\OTHERS\MOVEBOX.C,Box_Officer_Screen_Chosen_Star_,1
56,D:\MOX\OTHERS\MOVEBOX.C,Do_Officer_Screen_Stuff_,56,D:\MOX\OTHERS\MOVEBOX.C,Box_Officer_Screen_Scanned_Star_,1
56,D:\MOX\OTHERS\MOVEBOX.C,Do_Officer_Screen_Stuff_,58,D:\MOX\OTHERS\OFFICER.C,Is_Fleet_Officer_Screen_,1
56,D:\MOX\OTHERS\MOVEBOX.C,Draw_Galaxy_Map_Box_,48,D:\MOX\OTHERS\HAROLD.C,H_Message_,1
56,D:\MOX\OTHERS\MOVEBOX.C,Draw_Galaxy_Map_Box_,48,D:\MOX\OTHERS\HAROLD.C,Player_Has_Visited_,1
56,D:\MOX\OTHERS\MOVEBOX.C,Draw_Galaxy_Map_Box_,55,D:\MOX\OTHERS\MISC.C,Set_Font_Default_Spacing_,1
56,D:\MOX\OTHERS\MOVEBOX.C,Draw_Galaxy_Map_Box_,56,D:\MOX\OTHERS\MOVEBOX.C,Do_Fleet_Screen_Stuff_,1
56,D:\MOX\OTHERS\MOVEBOX.C,Draw_Galaxy_Map_Box_,56,D:\MOX\OTHERS\MOVEBOX.C,Do_Officer_Screen_Stuff_,1
56,D:\MOX\OTHERS\MOVEBOX.C,Draw_Moveable_Box_,43,D:\MOX\OTHERS\FLEETPOP.C,Draw_Fleet_Movement_Box_,1
56,D:\MOX\OTHERS\MOVEBOX.C,Draw_Moveable_Box_,56,D:\MOX\OTHERS\MOVEBOX.C,Draw_Galaxy_Map_Box_,1
56,D:\MOX\OTHERS\MOVEBOX.C,Draw_Moveable_Box_,63,D:\MOX\OTHERS\SYS.C,Wrapper_For_Normal_System_Popup_,1
56,D:\MOX\OTHERS\MOVEBOX.C,Move_Moveable_Box_,42,D:\MOX\OTHERS\EVANHELP.C,Set_Main_Screen_Help_List_,2
56,D:\MOX\OTHERS\MOVEBOX.C,Move_Moveable_Box_,56,D:\MOX\OTHERS\MOVEBOX.C,Clear_Moveable_Box_Fields_,1
56,D:\MOX\OTHERS\MOVEBOX.C,Move_Moveable_Box_,56,D:\MOX\OTHERS\MOVEBOX.C,Move_Box_To_Top_,1
56,D:\MOX\OTHERS\MOVEBOX.C,Moveable_Box_Occluded_,56,D:\MOX\OTHERS\MOVEBOX.C,Moveable_Box_Dimensions_,2
56,D:\MOX\OTHERS\MOVEBOX.C,N_Moveable_Boxes_Selected_,56,D:\MOX\OTHERS\MOVEBOX.C,Moveable_Box_Selected_,1
56,D:\MOX\OTHERS\MOVEBOX.C,Restore_Boxes_,47,D:\MOX\OTHERS\HACCESS.C,Get_Stack_Start_From_Saved_Ship_Array_,1
56,D:\MOX\OTHERS\MOVEBOX.C,Restore_Boxes_,56,D:\MOX\OTHERS\MOVEBOX.C,Vanish_Fleet_Movement_Box_,1
56,D:\MOX\OTHERS\MOVEBOX.C,Restore_Boxes_,63,D:\MOX\OTHERS\SYS.C,Init_System_Display_,1
56,D:\MOX\OTHERS\MOVEBOX.C,Save_And_Remove_Boxes_,56,D:\MOX\OTHERS\MOVEBOX.C,Vanish_Fleet_Movement_Box_,1
56,D:\MOX\OTHERS\MOVEBOX.C,Save_And_Remove_Boxes_,56,D:\MOX\OTHERS\MOVEBOX.C,Vanish_System_Display_Box_,1
56,D:\MOX\OTHERS\MOVEBOX.C,Vanish_Fleet_Movement_Box_,42,D:\MOX\OTHERS\EVANHELP.C,Set_Main_Screen_Help_List_,1
56,D:\MOX\OTHERS\MOVEBOX.C,Vanish_Fleet_Movement_Box_,43,D:\MOX\OTHERS\FLEETPOP.C,Clear_Fleet_Selection_Status_Flags_,1
57,D:\MOX\OTHERS\NAMESTAR.C,Change_Home_Star_Name_Popup_,48,D:\MOX\OTHERS\HAROLD.C,H_Message_,1
57,D:\MOX\OTHERS\NAMESTAR.C,Change_Home_Star_Name_Popup_,57,D:\MOX\OTHERS\NAMESTAR.C,Do_Change_Star_Name_,1
57,D:\MOX\OTHERS\NAMESTAR.C,Change_Star_Name_Popup_,48,D:\MOX\OTHERS\HAROLD.C,H_Message_,1
57,D:\MOX\OTHERS\NAMESTAR.C,Change_Star_Name_Popup_,57,D:\MOX\OTHERS\NAMESTAR.C,Do_Change_Star_Name_,1
57,D:\MOX\OTHERS\NAMESTAR.C,Do_Change_Star_Name_,57,D:\MOX\OTHERS\NAMESTAR.C,Input_Box_Popup_,1
57,D:\MOX\OTHERS\NAMESTAR.C,Do_Change_Star_Name_,57,D:\MOX\OTHERS\NAMESTAR.C,Max_Pixel_Width_Star_Name_Can_Be_,1
57,D:\MOX\OTHERS\NAMESTAR.C,Draw_Input_Box_Popup_,57,D:\MOX\OTHERS\NAMESTAR.C,Setup_Input_Box_Popup_,1
57,D:\MOX\OTHERS\NAMESTAR.C,Input_Box_Popup_,1,L:\MOX\MOX2.C,_TOGGLE_PAGES_,1
57,D:\MOX\OTHERS\NAMESTAR.C,Input_Box_Popup_,42,D:\MOX\OTHERS\EVANHELP.C,Restore_Help_List_,1
57,D:\MOX\OTHERS\NAMESTAR.C,Input_Box_Popup_,42,D:\MOX\OTHERS\EVANHELP.C,Save_Help_List_,1
57,D:\MOX\OTHERS\NAMESTAR.C,Input_Box_Popup_,42,D:\MOX\OTHERS\EVANHELP.C,Set_Input_Box_Help_List_,1
57,D:\MOX\OTHERS\NAMESTAR.C,Input_Box_Popup_,55,D:\MOX\OTHERS\MISC.C,Font_Colors2_,1
57,D:\MOX\OTHERS\NAMESTAR.C,Input_Box_Popup_,57,D:\MOX\OTHERS\NAMESTAR.C,Setup_Input_Box_Popup_,2
57,D:\MOX\OTHERS\NAMESTAR.C,Input_Box_Popup_,117,D:\MOX\OTHERS\RUSS.C,Mox_Update_,1
57,D:\MOX\OTHERS\NAMESTAR.C,Max_Pixel_Width_Star_Name_Can_Be_,52,D:\MOX\OTHERS\MAINSCR.C,Get_Star_Name_Info_,2
57,D:\MOX\OTHERS\NAMESTAR.C,Remapped_Input_Box_Popup_,57,D:\MOX\OTHERS\NAMESTAR.C,Input_Box_Popup_,1
57,D:\MOX\OTHERS\NAMESTAR.C,Setup_Input_Box_Popup_,1,L:\MOX\MOX2.C,_TOGGLE_PAGES_,2
57,D:\MOX\OTHERS\NAMESTAR.C,Setup_Input_Box_Popup_,55,D:\MOX\OTHERS\MISC.C,Font_Colors2_,1
57,D:\MOX\OTHERS\NAMESTAR.C,Setup_Input_Box_Popup_,55,D:\MOX\OTHERS\MISC.C,Get_Font_Spacing_,1
57,D:\MOX\OTHERS\NAMESTAR.C,Setup_Input_Box_Popup_,55,D:\MOX\OTHERS\MISC.C,Get_Font_Style_,1
57,D:\MOX\OTHERS\NAMESTAR.C,Setup_Input_Box_Popup_,55,D:\MOX\OTHERS\MISC.C,Set_Fitted_Font_Style_,1
58,D:\MOX\OTHERS\OFFICER.C,Add_Officer_Screen_Fields_,45,D:\MOX\OTHERS\FLT2.C,Add_Fltscrn_Small_Icon_Fields_,1
58,D:\MOX\OTHERS\OFFICER.C,Add_Officer_Screen_Fields_,45,D:\MOX\OTHERS\FLT2.C,Fleet_Screen_Big_Icon_Fields_,1
58,D:\MOX\OTHERS\OFFICER.C,Add_Officer_Screen_Fields_,56,D:\MOX\OTHERS\MOVEBOX.C,Add_Galaxy_Map_Fields_2_,1
58,D:\MOX\OTHERS\OFFICER.C,Add_Officer_Screen_Fields_,58,D:\MOX\OTHERS\OFFICER.C,Leaders_In_Hiring_Pool_,1
58,D:\MOX\OTHERS\OFFICER.C,Add_Officer_Screen_Fields_,58,D:\MOX\OTHERS\OFFICER.C,Wrapper_For_Offscrn_Help_Fields_,1
58,D:\MOX\OTHERS\OFFICER.C,Add_Officer_Screen_Fields_,63,D:\MOX\OTHERS\SYS.C,Add_System_Display_Popup_Fields_,1
58,D:\MOX\OTHERS\OFFICER.C,Add_Skill_Description_Help_Fields_,58,D:\MOX\OTHERS\OFFICER.C,Officer_Has_General_Skill_,1
58,D:\MOX\OTHERS\OFFICER.C,Add_Skill_Description_Help_Fields_,58,D:\MOX\OTHERS\OFFICER.C,Officer_Has_Special_Skill_,2
58,D:\MOX\OTHERS\OFFICER.C,Ai_Assign_Leader_To_Ship_,58,D:\MOX\OTHERS\OFFICER.C,Assign_Leader_To_Ship_,1
58,D:\MOX\OTHERS\OFFICER.C,Ai_Assign_Leader_To_Ship_,58,D:\MOX\OTHERS\OFFICER.C,Get_Ship_Leader_ETA_,1
58,D:\MOX\OTHERS\OFFICER.C,Ai_Assign_Leader_To_Star_,58,D:\MOX\OTHERS\OFFICER.C,Assign_Leader_To_Star_,1
58,D:\MOX\OTHERS\OFFICER.C,Ai_Assign_Leader_To_Star_,58,D:\MOX\OTHERS\OFFICER.C,Get_Star_Leader_ETA_,1
58,D:\MOX\OTHERS\OFFICER.C,Already_Hired_Message_,48,D:\MOX\OTHERS\HAROLD.C,H_Message_,1
58,D:\MOX\OTHERS\OFFICER.C,Already_Hired_Message_,58,D:\MOX\OTHERS\OFFICER.C,Leader_Name_,1
58,D:\MOX\OTHERS\OFFICER.C,Already_Hired_Message_,58,D:\MOX\OTHERS\OFFICER.C,Officer_Screen_User_Box_,1
58,D:\MOX\OTHERS\OFFICER.C,Ask_For_Hire_,48,D:\MOX\OTHERS\HAROLD.C,H_Message_,1
58,D:\MOX\OTHERS\OFFICER.C,Ask_For_Hire_,58,D:\MOX\OTHERS\OFFICER.C,Get_Officer_Costs_,1
58,D:\MOX\OTHERS\OFFICER.C,Ask_For_Hire_,58,D:\MOX\OTHERS\OFFICER.C,Hire_Officer_,1
58,D:\MOX\OTHERS\OFFICER.C,Ask_For_Hire_,58,D:\MOX\OTHERS\OFFICER.C,Leader_Name_,1
58,D:\MOX\OTHERS\OFFICER.C,Ask_For_Hire_,58,D:\MOX\OTHERS\OFFICER.C,Set_Officer_Screen_Help_,1
58,D:\MOX\OTHERS\OFFICER.C,Ask_For_Hire_,83,D:\MOX\OTHERS\MAINPUPS.C,Hire_Officer_Popup_,1
58,D:\MOX\OTHERS\OFFICER.C,Assign_Captain_,47,D:\MOX\OTHERS\HACCESS.C,Ship_Owner_,1
58,D:\MOX\OTHERS\OFFICER.C,Assign_Captain_,48,D:\MOX\OTHERS\HAROLD.C,H_Message_,8
58,D:\MOX\OTHERS\OFFICER.C,Assign_Captain_,58,D:\MOX\OTHERS\OFFICER.C,Assign_Leader_To_Ship_,1
58,D:\MOX\OTHERS\OFFICER.C,Assign_Captain_,58,D:\MOX\OTHERS\OFFICER.C,Assign_Leader_To_Star_,1
58,D:\MOX\OTHERS\OFFICER.C,Assign_Captain_,58,D:\MOX\OTHERS\OFFICER.C,Get_Ship_Leader_ETA_,1
58,D:\MOX\OTHERS\OFFICER.C,Assign_Captain_,58,D:\MOX\OTHERS\OFFICER.C,Get_Star_Leader_ETA_,1
58,D:\MOX\OTHERS\OFFICER.C,Assign_Captain_,58,D:\MOX\OTHERS\OFFICER.C,Leader_Name_,9
58,D:\MOX\OTHERS\OFFICER.C,Assign_Captain_,58,D:\MOX\OTHERS\OFFICER.C,Officer_Screen_User_Box_,5
58,D:\MOX\OTHERS\OFFICER.C,Assign_Loknar_Ship_To_Player_,28,D:\MOX\OTHERS\INITSHIP.C,Load_Loknar_Ship_Design_,1
58,D:\MOX\OTHERS\OFFICER.C,Assign_Loknar_Ship_To_Player_,47,D:\MOX\OTHERS\HACCESS.C,Ship_Owner_,1
58,D:\MOX\OTHERS\OFFICER.C,Best_Diplomat_Skill_Bonus_,58,D:\MOX\OTHERS\OFFICER.C,Officer_Skill_Bonus_,1
58,D:\MOX\OTHERS\OFFICER.C,Best_Diplomat_Skill_Bonus_,58,D:\MOX\OTHERS\OFFICER.C,Officer_Status_Ok_,1
58,D:\MOX\OTHERS\OFFICER.C,Bonus_For_Famous_Heroes_,58,D:\MOX\OTHERS\OFFICER.C,Officer_Skill_Bonus_,1
58,D:\MOX\OTHERS\OFFICER.C,Chance_To_Hire_Hero_,38,D:\MOX\OTHERS\ANTARANS.C,Delta_Stardate_,2
58,D:\MOX\OTHERS\OFFICER.C,Chance_To_Hire_Hero_,58,D:\MOX\OTHERS\OFFICER.C,Get_Officer_Base_Level_,1
58,D:\MOX\OTHERS\OFFICER.C,Chance_To_Hire_Hero_,58,D:\MOX\OTHERS\OFFICER.C,N_Fleet_Officers_Owned_By_Player_,1
58,D:\MOX\OTHERS\OFFICER.C,Chance_To_Hire_Hero_,58,D:\MOX\OTHERS\OFFICER.C,N_Star_Officers_Owned_By_Player_,1
58,D:\MOX\OTHERS\OFFICER.C,Chance_To_Hire_Hero_,58,D:\MOX\OTHERS\OFFICER.C,Owned_Officer_Level_,1
58,D:\MOX\OTHERS\OFFICER.C,Change_Screen_Type_,1,L:\MOX\MOX2.C,_TOGGLE_PAGES_,1
58,D:\MOX\OTHERS\OFFICER.C,Change_Screen_Type_,29,D:\MOX\OTHERS\KEN.C,Load_Player_Ship_Palette_,1
58,D:\MOX\OTHERS\OFFICER.C,Change_Screen_Type_,45,D:\MOX\OTHERS\FLT2.C,Build_Fltscrn_Big_Icon_Fields_,1
58,D:\MOX\OTHERS\OFFICER.C,Change_Screen_Type_,45,D:\MOX\OTHERS\FLT2.C,Set_Small_Ship_Stack_Pointer_,1
58,D:\MOX\OTHERS\OFFICER.C,Change_Screen_Type_,47,D:\MOX\OTHERS\HACCESS.C,Ship_Stack_Owner_,1
58,D:\MOX\OTHERS\OFFICER.C,Change_Screen_Type_,52,D:\MOX\OTHERS\MAINSCR.C,Get_Star_Id_For_Officers_Screen_,1
58,D:\MOX\OTHERS\OFFICER.C,Change_Screen_Type_,58,D:\MOX\OTHERS\OFFICER.C,Draw_Officer_Screen_,1
58,D:\MOX\OTHERS\OFFICER.C,Change_Screen_Type_,58,D:\MOX\OTHERS\OFFICER.C,Reload_Officer_Screen_Pictures_,2
58,D:\MOX\OTHERS\OFFICER.C,Change_Screen_Type_,63,D:\MOX\OTHERS\SYS.C,Clear_System_Display_Loaded_Flag_,1
58,D:\MOX\OTHERS\OFFICER.C,Change_Screen_Type_,63,D:\MOX\OTHERS\SYS.C,Init_System_Display_,1
58,D:\MOX\OTHERS\OFFICER.C,Check_For_Colony_Calculation_Update_,102,D:\MOX\OTHERS\COLCALC.C,Star_Colony_Calculation_,1
58,D:\MOX\OTHERS\OFFICER.C,Check_For_Officer_Level_,58,D:\MOX\OTHERS\OFFICER.C,Give_Officer_XP_,1
58,D:\MOX\OTHERS\OFFICER.C,Check_Officer_Fields_,48,D:\MOX\OTHERS\HAROLD.C,H_Message_,4
58,D:\MOX\OTHERS\OFFICER.C,Check_Officer_Fields_,48,D:\MOX\OTHERS\HAROLD.C,Player_Has_Colony_,1
58,D:\MOX\OTHERS\OFFICER.C,Check_Officer_Fields_,58,D:\MOX\OTHERS\OFFICER.C,Assign_Captain_,2
58,D:\MOX\OTHERS\OFFICER.C,Check_Officer_Fields_,58,D:\MOX\OTHERS\OFFICER.C,Dismiss_Officer_,1
58,D:\MOX\OTHERS\OFFICER.C,Check_Officer_Fields_,58,D:\MOX\OTHERS\OFFICER.C,Do_Hire_Officer_,1
58,D:\MOX\OTHERS\OFFICER.C,Check_Officer_Fields_,58,D:\MOX\OTHERS\OFFICER.C,Find_Selected_Leader_,1
58,D:\MOX\OTHERS\OFFICER.C,Check_Officer_Fields_,58,D:\MOX\OTHERS\OFFICER.C,Leader_Can_Be_Assigned_,2
58,D:\MOX\OTHERS\OFFICER.C,Check_Officer_Fields_,58,D:\MOX\OTHERS\OFFICER.C,Leader_Name_,4
58,D:\MOX\OTHERS\OFFICER.C,Check_Officer_Fields_,58,D:\MOX\OTHERS\OFFICER.C,Move_Officer_To_Limbo_,1
58,D:\MOX\OTHERS\OFFICER.C,Check_Officer_Fields_,58,D:\MOX\OTHERS\OFFICER.C,Officer_Screen_User_Box_,2
58,D:\MOX\OTHERS\OFFICER.C,Check_Officer_Fields_,58,D:\MOX\OTHERS\OFFICER.C,Officer_Skill_Bonus_,1
58,D:\MOX\OTHERS\OFFICER.C,Check_Officer_Fields_,58,D:\MOX\OTHERS\OFFICER.C,Print_Officer_Skill_Help_,1
58,D:\MOX\OTHERS\OFFICER.C,Check_Officer_Fields_,58,D:\MOX\OTHERS\OFFICER.C,Scan_Officer_Fields_,1
58,D:\MOX\OTHERS\OFFICER.C,Deassign_Officer_,47,D:\MOX\OTHERS\HACCESS.C,Ship_Owner_,1
58,D:\MOX\OTHERS\OFFICER.C,Deassign_Officer_,58,D:\MOX\OTHERS\OFFICER.C,Increase_Officer_Level_By_One_,1
58,D:\MOX\OTHERS\OFFICER.C,Decrement_Officer_ETA_,58,D:\MOX\OTHERS\OFFICER.C,Deassign_Officer_,1
58,D:\MOX\OTHERS\OFFICER.C,Decrement_Officer_ETA_,102,D:\MOX\OTHERS\COLCALC.C,Star_Colony_Calculation_,1
58,D:\MOX\OTHERS\OFFICER.C,Dismiss_Officer_,58,D:\MOX\OTHERS\OFFICER.C,Build_Captain_Id_List_,1
58,D:\MOX\OTHERS\OFFICER.C,Dismiss_Officer_,58,D:\MOX\OTHERS\OFFICER.C,Deassign_Officer_,1
58,D:\MOX\OTHERS\OFFICER.C,Dismiss_Officer_,58,D:\MOX\OTHERS\OFFICER.C,Get_Officer_Pictures_,1
58,D:\MOX\OTHERS\OFFICER.C,Dismiss_Officer_,58,D:\MOX\OTHERS\OFFICER.C,Set_Officer_Screen_Help_,1
58,D:\MOX\OTHERS\OFFICER.C,Do_Hire_Officer_,58,D:\MOX\OTHERS\OFFICER.C,Already_Hired_Message_,1
58,D:\MOX\OTHERS\OFFICER.C,Do_Hire_Officer_,58,D:\MOX\OTHERS\OFFICER.C,Ask_For_Hire_,1
58,D:\MOX\OTHERS\OFFICER.C,Do_Hire_Officer_,58,D:\MOX\OTHERS\OFFICER.C,Not_Enough_BCs_Message_,1
58,D:\MOX\OTHERS\OFFICER.C,Do_Hire_Officer_,58,D:\MOX\OTHERS\OFFICER.C,Officer_Cost_,1
58,D:\MOX\OTHERS\OFFICER.C,Draw_Officer_Screen_,44,D:\MOX\OTHERS\FLT1.C,Draw_Flashing_Small_Ship_Icon_,1
58,D:\MOX\OTHERS\OFFICER.C,Draw_Officer_Screen_,44,D:\MOX\OTHERS\FLT1.C,Draw_Fltscrn_Big_Ship_Icons_,1
58,D:\MOX\OTHERS\OFFICER.C,Draw_Officer_Screen_,44,D:\MOX\OTHERS\FLT1.C,Draw_Fltscrn_Ship_Destination_Lines_,1
58,D:\MOX\OTHERS\OFFICER.C,Draw_Officer_Screen_,44,D:\MOX\OTHERS\FLT1.C,Draw_Fltscrn_Small_Ship_Icons_,1
58,D:\MOX\OTHERS\OFFICER.C,Draw_Officer_Screen_,48,D:\MOX\OTHERS\HAROLD.C,H_Message_,3
58,D:\MOX\OTHERS\OFFICER.C,Draw_Officer_Screen_,55,D:\MOX\OTHERS\MISC.C,Set_Fitted_Font_Style_,2
58,D:\MOX\OTHERS\OFFICER.C,Draw_Officer_Screen_,56,D:\MOX\OTHERS\MOVEBOX.C,Draw_Galaxy_Map_Box_,1
58,D:\MOX\OTHERS\OFFICER.C,Draw_Officer_Screen_,58,D:\MOX\OTHERS\OFFICER.C,Draw_Officer_Screen_To_Back_,1
58,D:\MOX\OTHERS\OFFICER.C,Draw_Officer_Screen_,58,D:\MOX\OTHERS\OFFICER.C,Get_Officer_Costs_,1
58,D:\MOX\OTHERS\OFFICER.C,Draw_Officer_Screen_,58,D:\MOX\OTHERS\OFFICER.C,Leaders_In_Hiring_Pool_,1
58,D:\MOX\OTHERS\OFFICER.C,Draw_Officer_Screen_,58,D:\MOX\OTHERS\OFFICER.C,Print_Galmap_Scanned_Ship_,1
58,D:\MOX\OTHERS\OFFICER.C,Draw_Officer_Screen_,58,D:\MOX\OTHERS\OFFICER.C,Print_Scanned_Ship_Name_,1
58,D:\MOX\OTHERS\OFFICER.C,Draw_Officer_Screen_,58,D:\MOX\OTHERS\OFFICER.C,Wrapper_For_Offscrn_Data_,1
58,D:\MOX\OTHERS\OFFICER.C,Draw_Officer_Screen_,58,D:\MOX\OTHERS\OFFICER.C,Wrapper_For_Offscrn_System_Popup_,1
58,D:\MOX\OTHERS\OFFICER.C,Draw_Officer_Screen_,61,D:\MOX\OTHERS\SCROLL.C,Draw_Generic_Vertical_Scroll_Bar_,1
58,D:\MOX\OTHERS\OFFICER.C,Fade_Into_Leaders_Screen_,1,L:\MOX\MOX2.C,_TOGGLE_PAGES_,1
58,D:\MOX\OTHERS\OFFICER.C,Fade_Into_Leaders_Screen_,29,D:\MOX\OTHERS\KEN.C,Load_Player_Ship_Palette_,1
58,D:\MOX\OTHERS\OFFICER.C,Fade_Into_Leaders_Screen_,47,D:\MOX\OTHERS\HACCESS.C,Ship_Stack_Owner_,1
58,D:\MOX\OTHERS\OFFICER.C,Fade_Into_Leaders_Screen_,58,D:\MOX\OTHERS\OFFICER.C,Draw_Officer_Screen_,1
58,D:\MOX\OTHERS\OFFICER.C,Fade_Into_Leaders_Screen_,79,D:\MOX\OTHERS\ERIC.C,Fast_Fade_In_,1
58,D:\MOX\OTHERS\OFFICER.C,Fade_Into_Leaders_Screen_,79,D:\MOX\OTHERS\ERIC.C,Fast_Fade_Out_,1
58,D:\MOX\OTHERS\OFFICER.C,Find_Selected_Leader_,47,D:\MOX\OTHERS\HACCESS.C,Ship_Stack_From_Ship_Id_,1
58,D:\MOX\OTHERS\OFFICER.C,Find_Selected_Leader_,48,D:\MOX\OTHERS\HAROLD.C,Absolute_Location_,2
58,D:\MOX\OTHERS\OFFICER.C,Find_Selected_Leader_,48,D:\MOX\OTHERS\HAROLD.C,H_Message_,5
58,D:\MOX\OTHERS\OFFICER.C,Find_Selected_Leader_,58,D:\MOX\OTHERS\OFFICER.C,Leader_Name_,3
58,D:\MOX\OTHERS\OFFICER.C,Find_Selected_Leader_,58,D:\MOX\OTHERS\OFFICER.C,Officer_Screen_User_Box_,1
58,D:\MOX\OTHERS\OFFICER.C,Generate_Random_Officer_,58,D:\MOX\OTHERS\OFFICER.C,Select_Leader_For_Hire_,1
58,D:\MOX\OTHERS\OFFICER.C,Get_Available_Antaran_Tech_,102,D:\MOX\OTHERS\COLCALC.C,Player_May_Get_Tech_App_,1
58,D:\MOX\OTHERS\OFFICER.C,Get_Italian_The_,48,D:\MOX\OTHERS\HAROLD.C,H_Message_,1
58,D:\MOX\OTHERS\OFFICER.C,Get_Italian_The_,55,D:\MOX\OTHERS\MISC.C,Is_Vowel_,1
58,D:\MOX\OTHERS\OFFICER.C,Get_N_Skills_Per_Officer_Displayed_,58,D:\MOX\OTHERS\OFFICER.C,Officer_Has_General_Skill_,2
58,D:\MOX\OTHERS\OFFICER.C,Get_N_Skills_Per_Officer_Displayed_,58,D:\MOX\OTHERS\OFFICER.C,Officer_Has_Special_Skill_,2
58,D:\MOX\OTHERS\OFFICER.C,Get_Officer_Costs_,58,D:\MOX\OTHERS\OFFICER.C,Officer_Cost_,1
58,D:\MOX\OTHERS\OFFICER.C,Get_Officer_Costs_,58,D:\MOX\OTHERS\OFFICER.C,Officer_Has_General_Skill_,1
58,D:\MOX\OTHERS\OFFICER.C,Get_Officer_Costs_,58,D:\MOX\OTHERS\OFFICER.C,Officer_Maintenance_,1
58,D:\MOX\OTHERS\OFFICER.C,Get_Officer_Pictures_,58,D:\MOX\OTHERS\OFFICER.C,Load_Darkened_Officer_Picture_,1
58,D:\MOX\OTHERS\OFFICER.C,Get_Officer_Pictures_,58,D:\MOX\OTHERS\OFFICER.C,Load_Officer_Picture_,1
58,D:\MOX\OTHERS\OFFICER.C,Get_Random_Antaran_Tech_,58,D:\MOX\OTHERS\OFFICER.C,Get_Available_Antaran_Tech_,1
58,D:\MOX\OTHERS\OFFICER.C,Get_Random_Antaran_Tech_,102,D:\MOX\OTHERS\COLCALC.C,Player_Gets_Tech_App_,1
58,D:\MOX\OTHERS\OFFICER.C,Get_Ship_Leader_ETA_,48,D:\MOX\OTHERS\HAROLD.C,Absolute_Location_,1
58,D:\MOX\OTHERS\OFFICER.C,Get_Ship_Leader_ETA_,48,D:\MOX\OTHERS\HAROLD.C,XY_To_Star_Id_,1
58,D:\MOX\OTHERS\OFFICER.C,Get_Ship_Leader_ETA_,58,D:\MOX\OTHERS\OFFICER.C,Ships_In_Same_Place_,1
58,D:\MOX\OTHERS\OFFICER.C,Get_Skill_Data_Max_Pixel_Width_,58,D:\MOX\OTHERS\OFFICER.C,Officer_Skill_Bonus_,2
58,D:\MOX\OTHERS\OFFICER.C,Give_Leader_Specials_To_Player_,58,D:\MOX\OTHERS\OFFICER.C,Get_Advanced_Government_Type_,1
58,D:\MOX\OTHERS\OFFICER.C,Give_Leader_Specials_To_Player_,58,D:\MOX\OTHERS\OFFICER.C,Officer_Has_Special_Skill_,2
58,D:\MOX\OTHERS\OFFICER.C,Give_Leader_Specials_To_Player_,102,D:\MOX\OTHERS\COLCALC.C,Player_Gets_Tech_App_,2
58,D:\MOX\OTHERS\OFFICER.C,Give_Leader_Specials_To_Player_,102,D:\MOX\OTHERS\COLCALC.C,Player_May_Get_Tech_App_,2
58,D:\MOX\OTHERS\OFFICER.C,Give_Officer_XP_,58,D:\MOX\OTHERS\OFFICER.C,Get_Officer_Base_Level_,2
58,D:\MOX\OTHERS\OFFICER.C,Give_Officer_XP_,58,D:\MOX\OTHERS\OFFICER.C,Owned_Officer_Level_,2
58,D:\MOX\OTHERS\OFFICER.C,Give_Officer_XP_,102,D:\MOX\OTHERS\COLCALC.C,Star_Colony_Calculation_,1
58,D:\MOX\OTHERS\OFFICER.C,Give_Player_Loknar_Special_,52,D:\MOX\OTHERS\MAINSCR.C,Update_Ship_Icons_In_Between_Turns_,1
58,D:\MOX\OTHERS\OFFICER.C,Give_Player_Loknar_Special_,58,D:\MOX\OTHERS\OFFICER.C,Assign_Loknar_Ship_To_Player_,1
58,D:\MOX\OTHERS\OFFICER.C,Give_Player_Loknar_Special_,58,D:\MOX\OTHERS\OFFICER.C,Get_Random_Antaran_Tech_,1
58,D:\MOX\OTHERS\OFFICER.C,Give_Player_Loknar_Special_,58,D:\MOX\OTHERS\OFFICER.C,Give_Leader_Specials_To_Player_,1
58,D:\MOX\OTHERS\OFFICER.C,Give_Player_Loknar_Special_,58,D:\MOX\OTHERS\OFFICER.C,N_Fleet_Officers_Owned_By_Player_,1
58,D:\MOX\OTHERS\OFFICER.C,Give_Player_Loknar_Special_,102,D:\MOX\OTHERS\COLCALC.C,Player_Gets_Tech_App_,1
58,D:\MOX\OTHERS\OFFICER.C,Give_Player_Loknar_Special_,102,D:\MOX\OTHERS\COLCALC.C,Player_May_Get_Tech_App_,1
58,D:\MOX\OTHERS\OFFICER.C,Hero_Slot_Open_,58,D:\MOX\OTHERS\OFFICER.C,N_Fleet_Officers_Owned_By_Player_,1
58,D:\MOX\OTHERS\OFFICER.C,Hero_Slot_Open_,58,D:\MOX\OTHERS\OFFICER.C,N_Star_Officers_Owned_By_Player_,1
58,D:\MOX\OTHERS\OFFICER.C,Hire_Officer_,58,D:\MOX\OTHERS\OFFICER.C,Get_Officer_Costs_,1
58,D:\MOX\OTHERS\OFFICER.C,Hire_Officer_,58,D:\MOX\OTHERS\OFFICER.C,Officer_Has_Special_Skill_,2
58,D:\MOX\OTHERS\OFFICER.C,Hire_Officer_,58,D:\MOX\OTHERS\OFFICER.C,Set_Officer_To_Player_,1
58,D:\MOX\OTHERS\OFFICER.C,Increase_Officer_Level_By_One_,58,D:\MOX\OTHERS\OFFICER.C,Get_Officer_Base_Level_,1
58,D:\MOX\OTHERS\OFFICER.C,Initialize_Scroll_Bar_,61,D:\MOX\OTHERS\SCROLL.C,Get_Vertical_Scroll_Bar_Height_,1
58,D:\MOX\OTHERS\OFFICER.C,Kill_Officer_,102,D:\MOX\OTHERS\COLCALC.C,Do_Player_Colony_Calculations_,1
58,D:\MOX\OTHERS\OFFICER.C,Leader_Cheat_Popup_,48,D:\MOX\OTHERS\HAROLD.C,H_Message_,4
58,D:\MOX\OTHERS\OFFICER.C,Leader_Cheat_Popup_,48,D:\MOX\OTHERS\HAROLD.C,User_Box_,2
58,D:\MOX\OTHERS\OFFICER.C,Leader_Cheat_Popup_,52,D:\MOX\OTHERS\MAINSCR.C,Draw_Mini_Main_Screen_,1
58,D:\MOX\OTHERS\OFFICER.C,Leader_Cheat_Popup_,58,D:\MOX\OTHERS\OFFICER.C,Leader_Name_,3
58,D:\MOX\OTHERS\OFFICER.C,Leader_Cheat_Popup_,58,D:\MOX\OTHERS\OFFICER.C,N_Fleet_Officers_Owned_By_Player_,1
58,D:\MOX\OTHERS\OFFICER.C,Leader_Cheat_Popup_,58,D:\MOX\OTHERS\OFFICER.C,N_Star_Officers_Owned_By_Player_,1
58,D:\MOX\OTHERS\OFFICER.C,Leader_Cheat_Popup_,83,D:\MOX\OTHERS\MAINPUPS.C,Slider_Popup_,1
58,D:\MOX\OTHERS\OFFICER.C,Leader_Name_,55,D:\MOX\OTHERS\MISC.C,Get_LBX_Message_,1
58,D:\MOX\OTHERS\OFFICER.C,Leader_Name_,55,D:\MOX\OTHERS\MISC.C,Is_Vowel_,1
58,D:\MOX\OTHERS\OFFICER.C,Leader_Name_,58,D:\MOX\OTHERS\OFFICER.C,Get_Italian_The_,1
58,D:\MOX\OTHERS\OFFICER.C,Leader_Name_,58,D:\MOX\OTHERS\OFFICER.C,Get_Officer_Base_Level_,1
58,D:\MOX\OTHERS\OFFICER.C,Leader_Name_,58,D:\MOX\OTHERS\OFFICER.C,Owned_Officer_Level_,1
58,D:\MOX\OTHERS\OFFICER.C,Load_Officer_Skill_Name_Descriptions_,58,D:\MOX\OTHERS\OFFICER.C,Get_Skill_Description_LBX_Name_,1
58,D:\MOX\OTHERS\OFFICER.C,Load_Officer_Skill_Name_Descriptions_,117,D:\MOX\OTHERS\RUSS.C,Mox_Update_,1
58,D:\MOX\OTHERS\OFFICER.C,Make_Loknar_Message_,48,D:\MOX\OTHERS\HAROLD.C,H_Message_,1
58,D:\MOX\OTHERS\OFFICER.C,Marooned_Hero_At_Star_Can_Join_,58,D:\MOX\OTHERS\OFFICER.C,Deassign_Officer_,1
58,D:\MOX\OTHERS\OFFICER.C,Marooned_Hero_At_Star_Can_Join_,58,D:\MOX\OTHERS\OFFICER.C,Move_Officer_To_Pool_,1
58,D:\MOX\OTHERS\OFFICER.C,Marooned_Hero_At_Star_Can_Join_,58,D:\MOX\OTHERS\OFFICER.C,N_Fleet_Officers_Owned_By_Player_,1
58,D:\MOX\OTHERS\OFFICER.C,Marooned_Hero_At_Star_Can_Join_,58,D:\MOX\OTHERS\OFFICER.C,N_Star_Officers_Owned_By_Player_,1
58,D:\MOX\OTHERS\OFFICER.C,Marooned_Hero_At_Star_Can_Join_,58,D:\MOX\OTHERS\OFFICER.C,Set_Officer_To_Player_,1
58,D:\MOX\OTHERS\OFFICER.C,Move_Officer_To_Limbo_,48,D:\MOX\OTHERS\HAROLD.C,H_Message_,1
58,D:\MOX\OTHERS\OFFICER.C,Move_Officer_To_Limbo_,58,D:\MOX\OTHERS\OFFICER.C,Leader_Name_,1
58,D:\MOX\OTHERS\OFFICER.C,Move_Officer_To_Limbo_,58,D:\MOX\OTHERS\OFFICER.C,Officer_Screen_User_Box_,1
58,D:\MOX\OTHERS\OFFICER.C,Move_Officer_To_Pool_,102,D:\MOX\OTHERS\COLCALC.C,Do_Player_Colony_Calculations_,1
58,D:\MOX\OTHERS\OFFICER.C,N_Fleet_Officers_Owned_By_Player_,58,D:\MOX\OTHERS\OFFICER.C,Officer_Status_Ok_,1
58,D:\MOX\OTHERS\OFFICER.C,N_Star_Officers_Owned_By_Player_,58,D:\MOX\OTHERS\OFFICER.C,Officer_Status_Ok_,1
58,D:\MOX\OTHERS\OFFICER.C,Not_Enough_BCs_Message_,48,D:\MOX\OTHERS\HAROLD.C,H_Message_,1
58,D:\MOX\OTHERS\OFFICER.C,Not_Enough_BCs_Message_,58,D:\MOX\OTHERS\OFFICER.C,Leader_Name_,1
58,D:\MOX\OTHERS\OFFICER.C,Not_Enough_BCs_Message_,58,D:\MOX\OTHERS\OFFICER.C,Officer_Screen_User_Box_,1
58,D:\MOX\OTHERS\OFFICER.C,Officer_Cost_,58,D:\MOX\OTHERS\OFFICER.C,Get_Officer_Base_Level_,1
58,D:\MOX\OTHERS\OFFICER.C,Officer_Level_,58,D:\MOX\OTHERS\OFFICER.C,Get_Officer_Base_Level_,1
58,D:\MOX\OTHERS\OFFICER.C,Officer_Made_Level_Report_,48,D:\MOX\OTHERS\HAROLD.C,Absolute_Location_,1
58,D:\MOX\OTHERS\OFFICER.C,Officer_Made_Level_Report_,83,D:\MOX\OTHERS\MAINPUPS.C,Officer_Gains_Level_Popup_,1
58,D:\MOX\OTHERS\OFFICER.C,Officer_Maintenance_,58,D:\MOX\OTHERS\OFFICER.C,Officer_Cost_,1
58,D:\MOX\OTHERS\OFFICER.C,Officer_Maintenance_,58,D:\MOX\OTHERS\OFFICER.C,Officer_Has_General_Skill_,1
58,D:\MOX\OTHERS\OFFICER.C,Officer_Name_,58,D:\MOX\OTHERS\OFFICER.C,Leader_Name_,1
58,D:\MOX\OTHERS\OFFICER.C,Officer_Screen_Text_Box_,58,D:\MOX\OTHERS\OFFICER.C,Draw_Officer_Screen_,1
58,D:\MOX\OTHERS\OFFICER.C,Officer_Screen_Text_Box_,64,D:\MOX\OTHERS\TEXTBOX.C,Text_Box_,1
58,D:\MOX\OTHERS\OFFICER.C,Officer_Screen_User_Box_,1,L:\MOX\MOX2.C,_TOGGLE_PAGES_,1
58,D:\MOX\OTHERS\OFFICER.C,Officer_Screen_User_Box_,46,D:\MOX\OTHERS\GENDRAW.C,Do_Confirmation_Box_,1
58,D:\MOX\OTHERS\OFFICER.C,Officer_Screen_User_Box_,46,D:\MOX\OTHERS\GENDRAW.C,Message_Box_,1
58,D:\MOX\OTHERS\OFFICER.C,Officer_Screen_User_Box_,46,D:\MOX\OTHERS\GENDRAW.C,Warning_Box_,1
58,D:\MOX\OTHERS\OFFICER.C,Officer_Screen_User_Box_,58,D:\MOX\OTHERS\OFFICER.C,Draw_Officer_Screen_,1
58,D:\MOX\OTHERS\OFFICER.C,Officer_Screen_User_Box_,64,D:\MOX\OTHERS\TEXTBOX.C,Timed_Text_Box_,1
58,D:\MOX\OTHERS\OFFICER.C,Officer_Skill_Bonus_,58,D:\MOX\OTHERS\OFFICER.C,Get_Officer_Base_Level_,1
58,D:\MOX\OTHERS\OFFICER.C,Officer_Skill_Bonus_,58,D:\MOX\OTHERS\OFFICER.C,Owned_Officer_Level_,1
58,D:\MOX\OTHERS\OFFICER.C,Officer_Skill_Value_,58,D:\MOX\OTHERS\OFFICER.C,Bonus_For_Famous_Heroes_,1
58,D:\MOX\OTHERS\OFFICER.C,Officer_Skill_Value_,58,D:\MOX\OTHERS\OFFICER.C,Officer_Has_General_Skill_,2
58,D:\MOX\OTHERS\OFFICER.C,Officer_Skill_Value_,58,D:\MOX\OTHERS\OFFICER.C,Officer_Has_Special_Skill_,2
58,D:\MOX\OTHERS\OFFICER.C,Officers_Screen_,1,L:\MOX\MOX2.C,_TOGGLE_PAGES_,1
58,D:\MOX\OTHERS\OFFICER.C,Officers_Screen_,19,D:\MOX\OTHERS\CMBTDRW1.C,Detailed_View_Ship_,1
58,D:\MOX\OTHERS\OFFICER.C,Officers_Screen_,44,D:\MOX\OTHERS\FLT1.C,Scan_Small_Ship_Icons_,1
58,D:\MOX\OTHERS\OFFICER.C,Officers_Screen_,45,D:\MOX\OTHERS\FLT2.C,Clear_All_Selection_Status_,1
58,D:\MOX\OTHERS\OFFICER.C,Officers_Screen_,45,D:\MOX\OTHERS\FLT2.C,Set_Fltscrn_Small_Ship_Icon_XYs_,1
58,D:\MOX\OTHERS\OFFICER.C,Officers_Screen_,45,D:\MOX\OTHERS\FLT2.C,Set_Initial_Stack_Pointer_,1
58,D:\MOX\OTHERS\OFFICER.C,Officers_Screen_,47,D:\MOX\OTHERS\HACCESS.C,Is_Combat_Ship_,1
58,D:\MOX\OTHERS\OFFICER.C,Officers_Screen_,47,D:\MOX\OTHERS\HACCESS.C,Player_Has_Colony_In_System_,1
58,D:\MOX\OTHERS\OFFICER.C,Officers_Screen_,47,D:\MOX\OTHERS\HACCESS.C,Ship_Stack_Owner_,1
58,D:\MOX\OTHERS\OFFICER.C,Officers_Screen_,48,D:\MOX\OTHERS\HAROLD.C,H_Message_,3
58,D:\MOX\OTHERS\OFFICER.C,Officers_Screen_,48,D:\MOX\OTHERS\HAROLD.C,Planet_Index_,1
58,D:\MOX\OTHERS\OFFICER.C,Officers_Screen_,52,D:\MOX\OTHERS\MAINSCR.C,Cycle_Ship_Icons_,2
58,D:\MOX\OTHERS\OFFICER.C,Officers_Screen_,52,D:\MOX\OTHERS\MAINSCR.C,Cycle_Star_Icons_,2
58,D:\MOX\OTHERS\OFFICER.C,Officers_Screen_,52,D:\MOX\OTHERS\MAINSCR.C,Scan_Galaxy_Map_Fields_,1
58,D:\MOX\OTHERS\OFFICER.C,Officers_Screen_,52,D:\MOX\OTHERS\MAINSCR.C,Scan_System_Display_Fields_,1
58,D:\MOX\OTHERS\OFFICER.C,Officers_Screen_,58,D:\MOX\OTHERS\OFFICER.C,Add_Officer_Screen_Fields_,2
58,D:\MOX\OTHERS\OFFICER.C,Officers_Screen_,58,D:\MOX\OTHERS\OFFICER.C,Assign_Captain_,1
58,D:\MOX\OTHERS\OFFICER.C,Officers_Screen_,58,D:\MOX\OTHERS\OFFICER.C,Change_Screen_Type_,1
58,D:\MOX\OTHERS\OFFICER.C,Officers_Screen_,58,D:\MOX\OTHERS\OFFICER.C,Check_For_Colony_Calculation_Update_,1
58,D:\MOX\OTHERS\OFFICER.C,Officers_Screen_,58,D:\MOX\OTHERS\OFFICER.C,Check_Officer_Fields_,1
58,D:\MOX\OTHERS\OFFICER.C,Officers_Screen_,58,D:\MOX\OTHERS\OFFICER.C,Do_Hire_Officer_,1
58,D:\MOX\OTHERS\OFFICER.C,Officers_Screen_,58,D:\MOX\OTHERS\OFFICER.C,Draw_Officer_Screen_,1
58,D:\MOX\OTHERS\OFFICER.C,Officers_Screen_,58,D:\MOX\OTHERS\OFFICER.C,Fade_Into_Leaders_Screen_,1
58,D:\MOX\OTHERS\OFFICER.C,Officers_Screen_,58,D:\MOX\OTHERS\OFFICER.C,Is_Fleet_Officer_Screen_,1
58,D:\MOX\OTHERS\OFFICER.C,Officers_Screen_,58,D:\MOX\OTHERS\OFFICER.C,Leader_Can_Be_Assigned_,1
58,D:\MOX\OTHERS\OFFICER.C,Officers_Screen_,58,D:\MOX\OTHERS\OFFICER.C,Leader_Name_,1
58,D:\MOX\OTHERS\OFFICER.C,Officers_Screen_,58,D:\MOX\OTHERS\OFFICER.C,Move_From_Limbo_To_Pool_,1
58,D:\MOX\OTHERS\OFFICER.C,Officers_Screen_,58,D:\MOX\OTHERS\OFFICER.C,Move_Officer_To_Limbo_,1
58,D:\MOX\OTHERS\OFFICER.C,Officers_Screen_,58,D:\MOX\OTHERS\OFFICER.C,Officer_Screen_User_Box_,3
58,D:\MOX\OTHERS\OFFICER.C,Officers_Screen_,58,D:\MOX\OTHERS\OFFICER.C,Reload_Officer_Screen_Pictures_,2
58,D:\MOX\OTHERS\OFFICER.C,Officers_Screen_,58,D:\MOX\OTHERS\OFFICER.C,Scan_Offscrn_Big_Icon_Fields_,1
58,D:\MOX\OTHERS\OFFICER.C,Officers_Screen_,58,D:\MOX\OTHERS\OFFICER.C,Set_Officer_Screen_Help_,3
58,D:\MOX\OTHERS\OFFICER.C,Officers_Screen_,61,D:\MOX\OTHERS\SCROLL.C,Get_Vertical_Scroll_Bar_Height_,2
58,D:\MOX\OTHERS\OFFICER.C,Officers_Screen_,61,D:\MOX\OTHERS\SCROLL.C,Scroll_Down_One_Item_,1
58,D:\MOX\OTHERS\OFFICER.C,Officers_Screen_,61,D:\MOX\OTHERS\SCROLL.C,Scroll_Up_One_Item_,1
58,D:\MOX\OTHERS\OFFICER.C,Officers_Screen_,62,D:\MOX\OTHERS\SHIPS.C,Build_Ship_Icons_,1
58,D:\MOX\OTHERS\OFFICER.C,Officers_Screen_,63,D:\MOX\OTHERS\SYS.C,Clear_System_Display_Loaded_Flag_,2
58,D:\MOX\OTHERS\OFFICER.C,Officers_Screen_,63,D:\MOX\OTHERS\SYS.C,Init_System_Display_,1
58,D:\MOX\OTHERS\OFFICER.C,Officers_Screen_,79,D:\MOX\OTHERS\ERIC.C,Fast_Fade_Out_,1
58,D:\MOX\OTHERS\OFFICER.C,Officers_Screen_,102,D:\MOX\OTHERS\COLCALC.C,Do_Player_Colony_Calculations_,1
58,D:\MOX\OTHERS\OFFICER.C,Owned_Officer_Level_,58,D:\MOX\OTHERS\OFFICER.C,Get_Officer_Base_Level_,1
58,D:\MOX\OTHERS\OFFICER.C,Print_ETA_On_Officer_Picture_,48,D:\MOX\OTHERS\HAROLD.C,H_Message_,1
58,D:\MOX\OTHERS\OFFICER.C,Print_Galmap_Scanned_Ship_,47,D:\MOX\OTHERS\HACCESS.C,Race_Name_,2
58,D:\MOX\OTHERS\OFFICER.C,Print_Galmap_Scanned_Ship_,47,D:\MOX\OTHERS\HACCESS.C,Ship_Stack_Owner_,1
58,D:\MOX\OTHERS\OFFICER.C,Print_Galmap_Scanned_Ship_,48,D:\MOX\OTHERS\HAROLD.C,H_Message_,4
58,D:\MOX\OTHERS\OFFICER.C,Print_Galmap_Scanned_Ship_,55,D:\MOX\OTHERS\MISC.C,Font_Colors2_,1
58,D:\MOX\OTHERS\OFFICER.C,Print_Galmap_Scanned_Ship_,55,D:\MOX\OTHERS\MISC.C,Get_Mox_Font_Colors_,1
58,D:\MOX\OTHERS\OFFICER.C,Print_Galmap_Scanned_Ship_,63,D:\MOX\OTHERS\SYS.C,N_Ships_By_Type_At_Location_,1
58,D:\MOX\OTHERS\OFFICER.C,Print_Galmap_Scanned_Ship_,79,D:\MOX\OTHERS\ERIC.C,Print_Paragraph_Centered_,1
58,D:\MOX\OTHERS\OFFICER.C,Print_Galmap_Scanned_Ship_,124,D:\MOX\FMTPARA.C,Get_Formatted_Paragraph_Max_Height_,1
58,D:\MOX\OTHERS\OFFICER.C,Print_Officer_Data_,48,D:\MOX\OTHERS\HAROLD.C,Get_Monetary_Unit_String_,2
58,D:\MOX\OTHERS\OFFICER.C,Print_Officer_Data_,48,D:\MOX\OTHERS\HAROLD.C,H_Message_,8
58,D:\MOX\OTHERS\OFFICER.C,Print_Officer_Data_,55,D:\MOX\OTHERS\MISC.C,Get_Font_Colors_,1
58,D:\MOX\OTHERS\OFFICER.C,Print_Officer_Data_,55,D:\MOX\OTHERS\MISC.C,Get_Font_Spacing_,1
58,D:\MOX\OTHERS\OFFICER.C,Print_Officer_Data_,55,D:\MOX\OTHERS\MISC.C,Set_Fitted_Font_Style_,1
58,D:\MOX\OTHERS\OFFICER.C,Print_Officer_Data_,58,D:\MOX\OTHERS\OFFICER.C,Get_Officer_Costs_,2
58,D:\MOX\OTHERS\OFFICER.C,Print_Officer_Data_,58,D:\MOX\OTHERS\OFFICER.C,Get_Skill_Data_Max_Pixel_Width_,1
58,D:\MOX\OTHERS\OFFICER.C,Print_Officer_Data_,58,D:\MOX\OTHERS\OFFICER.C,Leader_Name_,1
58,D:\MOX\OTHERS\OFFICER.C,Print_Officer_Data_,58,D:\MOX\OTHERS\OFFICER.C,Officer_Has_General_Skill_,1
58,D:\MOX\OTHERS\OFFICER.C,Print_Officer_Data_,58,D:\MOX\OTHERS\OFFICER.C,Officer_Has_Special_Skill_,2
58,D:\MOX\OTHERS\OFFICER.C,Print_Officer_Data_,58,D:\MOX\OTHERS\OFFICER.C,Officer_Skill_Bonus_,2
58,D:\MOX\OTHERS\OFFICER.C,Print_Officer_Data_,58,D:\MOX\OTHERS\OFFICER.C,Print_ETA_On_Officer_Picture_,1
58,D:\MOX\OTHERS\OFFICER.C,Print_Officer_Skill_Help_,1,L:\MOX\MOX2.C,_TOGGLE_PAGES_,1
58,D:\MOX\OTHERS\OFFICER.C,Print_Officer_Skill_Help_,55,D:\MOX\OTHERS\MISC.C,Replace_Char_,2
58,D:\MOX\OTHERS\OFFICER.C,Print_Officer_Skill_Help_,58,D:\MOX\OTHERS\OFFICER.C,Draw_Officer_Screen_,1
58,D:\MOX\OTHERS\OFFICER.C,Print_Officer_Skill_Help_,58,D:\MOX\OTHERS\OFFICER.C,Leader_Name_,1
58,D:\MOX\OTHERS\OFFICER.C,Print_Officer_Skill_Help_,64,D:\MOX\OTHERS\TEXTBOX.C,Text_Box_,2
58,D:\MOX\OTHERS\OFFICER.C,Print_Scanned_Ship_Name_,47,D:\MOX\OTHERS\HACCESS.C,Ship_Owner_,1
58,D:\MOX\OTHERS\OFFICER.C,Print_Scanned_Ship_Name_,48,D:\MOX\OTHERS\HAROLD.C,H_Message_,1
58,D:\MOX\OTHERS\OFFICER.C,Print_Scanned_Ship_Name_,55,D:\MOX\OTHERS\MISC.C,Set_Fitted_Font_Style_,1
58,D:\MOX\OTHERS\OFFICER.C,Random_Officer_Check_,58,D:\MOX\OTHERS\OFFICER.C,Chance_To_Hire_Hero_,1
58,D:\MOX\OTHERS\OFFICER.C,Random_Officer_Check_,58,D:\MOX\OTHERS\OFFICER.C,Generate_Random_Officer_,1
58,D:\MOX\OTHERS\OFFICER.C,Random_Officer_Check_,58,D:\MOX\OTHERS\OFFICER.C,N_Fleet_Officers_Owned_By_Player_,1
58,D:\MOX\OTHERS\OFFICER.C,Random_Officer_Check_,58,D:\MOX\OTHERS\OFFICER.C,N_Star_Officers_Owned_By_Player_,1
58,D:\MOX\OTHERS\OFFICER.C,Reload_Officer_Screen_Pictures_,44,D:\MOX\OTHERS\FLT1.C,Allocate_Fltscrn_Next_Screen_Seg_,1
58,D:\MOX\OTHERS\OFFICER.C,Reload_Officer_Screen_Pictures_,52,D:\MOX\OTHERS\MAINSCR.C,Allocate_First_Screen_Seg_,1
58,D:\MOX\OTHERS\OFFICER.C,Reload_Officer_Screen_Pictures_,58,D:\MOX\OTHERS\OFFICER.C,Build_Captain_Id_List_,1
58,D:\MOX\OTHERS\OFFICER.C,Reload_Officer_Screen_Pictures_,58,D:\MOX\OTHERS\OFFICER.C,Get_Officer_Pictures_,1
58,D:\MOX\OTHERS\OFFICER.C,Reload_Officer_Screen_Pictures_,58,D:\MOX\OTHERS\OFFICER.C,Load_Officer_Skill_Name_Descriptions_,1
58,D:\MOX\OTHERS\OFFICER.C,Reload_Officer_Screen_Pictures_,58,D:\MOX\OTHERS\OFFICER.C,Reload_Offscrn_Small_Ship_Icons_,1
58,D:\MOX\OTHERS\OFFICER.C,Reload_Officer_Screen_Pictures_,117,D:\MOX\OTHERS\RUSS.C,Mox_Update_,6
58,D:\MOX\OTHERS\OFFICER.C,Rescued_Loknar_Popup_,48,D:\MOX\OTHERS\HAROLD.C,User_Box_,1
58,D:\MOX\OTHERS\OFFICER.C,Rescued_Loknar_Popup_,58,D:\MOX\OTHERS\OFFICER.C,Make_Loknar_Message_,1
58,D:\MOX\OTHERS\OFFICER.C,Select_Leader_For_Hire_,38,D:\MOX\OTHERS\ANTARANS.C,Delta_Stardate_,1
58,D:\MOX\OTHERS\OFFICER.C,Select_Leader_For_Hire_,58,D:\MOX\OTHERS\OFFICER.C,Leader_Available_For_Hire_,1
58,D:\MOX\OTHERS\OFFICER.C,Select_Leader_For_Hire_,58,D:\MOX\OTHERS\OFFICER.C,N_Fleet_Officers_Owned_By_Player_,1
58,D:\MOX\OTHERS\OFFICER.C,Select_Leader_For_Hire_,58,D:\MOX\OTHERS\OFFICER.C,N_Star_Officers_Owned_By_Player_,1
58,D:\MOX\OTHERS\OFFICER.C,Set_Officer_Screen_Help_,42,D:\MOX\OTHERS\EVANHELP.C,Set_ColOff_Screen_Help_List_,1
58,D:\MOX\OTHERS\OFFICER.C,Set_Officer_Screen_Help_,42,D:\MOX\OTHERS\EVANHELP.C,Set_ShipOff_Screen_Help_List_,1
58,D:\MOX\OTHERS\OFFICER.C,Set_Officer_Screen_Help_,58,D:\MOX\OTHERS\OFFICER.C,Get_N_Skills_Per_Officer_Displayed_,1
58,D:\MOX\OTHERS\OFFICER.C,Set_Officer_To_Player_,58,D:\MOX\OTHERS\OFFICER.C,Deassign_Officer_,1
58,D:\MOX\OTHERS\OFFICER.C,Set_Officer_To_Player_,58,D:\MOX\OTHERS\OFFICER.C,Give_Leader_Specials_To_Player_,1
58,D:\MOX\OTHERS\OFFICER.C,Set_Officer_To_Player_,102,D:\MOX\OTHERS\COLCALC.C,Do_Player_Colony_Calculations_,1
58,D:\MOX\OTHERS\OFFICER.C,Wrapper_For_Colony_Officer_Popup_Data_,58,D:\MOX\OTHERS\OFFICER.C,Print_Officer_Data_,1
58,D:\MOX\OTHERS\OFFICER.C,Wrapper_For_Officer_Popup_Help_Fields_,58,D:\MOX\OTHERS\OFFICER.C,Load_Officer_Skill_Name_Descriptions_,1
58,D:\MOX\OTHERS\OFFICER.C,Wrapper_For_Officer_Popup_Help_Fields_,58,D:\MOX\OTHERS\OFFICER.C,Officer_Skill_Bonus_,1
58,D:\MOX\OTHERS\OFFICER.C,Wrapper_For_Officer_Popup_Help_Fields_,58,D:\MOX\OTHERS\OFFICER.C,Print_Officer_Skill_Help_,1
58,D:\MOX\OTHERS\OFFICER.C,Wrapper_For_Offscrn_Data_,58,D:\MOX\OTHERS\OFFICER.C,Print_Officer_Data_,1
58,D:\MOX\OTHERS\OFFICER.C,Wrapper_For_Offscrn_Help_Fields_,58,D:\MOX\OTHERS\OFFICER.C,Add_Skill_Description_Help_Fields_,1
58,D:\MOX\OTHERS\OFFICER.C,Wrapper_For_Offscrn_System_Fields_,63,D:\MOX\OTHERS\SYS.C,Add_System_Display_Popup_Fields_,1
58,D:\MOX\OTHERS\OFFICER.C,Wrapper_For_Offscrn_System_Popup_,63,D:\MOX\OTHERS\SYS.C,Draw_System_Display_Popup_,1
58,D:\MOX\OTHERS\OFFICER.C,Wrapper_For_Offscrn_System_Popup_,63,D:\MOX\OTHERS\SYS.C,Init_System_Display_,1
58,D:\MOX\OTHERS\OFFICER.C,Wrapper_For_Offscrn_System_Popup_,63,D:\MOX\OTHERS\SYS.C,Ok_To_View_System_,1
58,D:\MOX\OTHERS\OFFICER.C,Wrapper_To_Add_Officer_Popup_Help_Fields_,58,D:\MOX\OTHERS\OFFICER.C,Add_Skill_Description_Help_Fields_,1
59,D:\MOX\OTHERS\PLNTSUM.C,Add_PlntSum_Galaxy_Map_Fields_,56,D:\MOX\OTHERS\MOVEBOX.C,Get_Galaxy_Map_Star_XY_,1
59,D:\MOX\OTHERS\PLNTSUM.C,Add_Plntsum_Fields_,59,D:\MOX\OTHERS\PLNTSUM.C,Add_Colony_Ship_Icon_Field_,1
59,D:\MOX\OTHERS\PLNTSUM.C,Add_Plntsum_Fields_,59,D:\MOX\OTHERS\PLNTSUM.C,Add_Outpost_Ship_Icon_Field_,1
59,D:\MOX\OTHERS\PLNTSUM.C,Add_Plntsum_Fields_,59,D:\MOX\OTHERS\PLNTSUM.C,Add_Planet_Summary_Bar_Field_,1
59,D:\MOX\OTHERS\PLNTSUM.C,Add_Plntsum_Fields_,59,D:\MOX\OTHERS\PLNTSUM.C,Add_PlntSum_Galaxy_Map_Fields_,1
59,D:\MOX\OTHERS\PLNTSUM.C,Build_Ship_Summary_,47,D:\MOX\OTHERS\HACCESS.C,Player_Can_Order_Ship_,1
59,D:\MOX\OTHERS\PLNTSUM.C,Build_Ship_Summary_,47,D:\MOX\OTHERS\HACCESS.C,Ship_Icon_Id_From_Node_Ptr_,1
59,D:\MOX\OTHERS\PLNTSUM.C,Build_Ship_Summary_,47,D:\MOX\OTHERS\HACCESS.C,Ship_Owner_,1
59,D:\MOX\OTHERS\PLNTSUM.C,Build_Ship_Summary_,59,D:\MOX\OTHERS\PLNTSUM.C,Colony_Ship_Auto_Colonization_,2
59,D:\MOX\OTHERS\PLNTSUM.C,Build_Ship_Summary_,59,D:\MOX\OTHERS\PLNTSUM.C,Set_Colony_Ship_To_Star_Distances_,1
59,D:\MOX\OTHERS\PLNTSUM.C,Build_Ship_Summary_,59,D:\MOX\OTHERS\PLNTSUM.C,Set_Outpost_Ship_To_Star_Distances_,1
59,D:\MOX\OTHERS\PLNTSUM.C,Build_Ship_Summary_,59,D:\MOX\OTHERS\PLNTSUM.C,Update_Ship_Etas_,1
59,D:\MOX\OTHERS\PLNTSUM.C,Check_For_Colony_And_Outpost_Ships_,47,D:\MOX\OTHERS\HACCESS.C,Player_Can_Order_Ship_,1
59,D:\MOX\OTHERS\PLNTSUM.C,Check_For_Colony_And_Outpost_Ships_,59,D:\MOX\OTHERS\PLNTSUM.C,Ship_Is_Not_Colonizing_,2
59,D:\MOX\OTHERS\PLNTSUM.C,Colony_Owner_Colors_,59,D:\MOX\OTHERS\PLNTSUM.C,Player_Colors_,1
59,D:\MOX\OTHERS\PLNTSUM.C,Determine_Button_Status_,15,D:\MOX\EVENTS.C,Event_Check_Hyperspace_Flux_,1
59,D:\MOX\OTHERS\PLNTSUM.C,Determine_Button_Status_,59,D:\MOX\OTHERS\PLNTSUM.C,Build_Ship_Summary_,1
59,D:\MOX\OTHERS\PLNTSUM.C,Determine_Button_Status_,59,D:\MOX\OTHERS\PLNTSUM.C,Send_Colony_Button_Selectable_,1
59,D:\MOX\OTHERS\PLNTSUM.C,Determine_Button_Status_,59,D:\MOX\OTHERS\PLNTSUM.C,Send_Outpost_Button_Selectable_,2
59,D:\MOX\OTHERS\PLNTSUM.C,Draw_Nearest_Ship_Directional_Line_,56,D:\MOX\OTHERS\MOVEBOX.C,Get_Galaxy_Map_Star_XY_,2
59,D:\MOX\OTHERS\PLNTSUM.C,Draw_Nearest_Ship_Directional_Line_,59,D:\MOX\OTHERS\PLNTSUM.C,Get_Colony_Outpost_Marker_XY_,1
59,D:\MOX\OTHERS\PLNTSUM.C,Draw_Nearest_Ship_Directional_Line_,59,D:\MOX\OTHERS\PLNTSUM.C,Summary_Planet_Index_,1
59,D:\MOX\OTHERS\PLNTSUM.C,Draw_Nearest_Ship_Directional_Line_,62,D:\MOX\OTHERS\SHIPS.C,Draw_Directional_Multi_Colored_Line_,2
59,D:\MOX\OTHERS\PLNTSUM.C,Draw_Planet_Summary_Screen_,59,D:\MOX\OTHERS\PLNTSUM.C,Draw_Nearest_Ship_Directional_Line_,1
59,D:\MOX\OTHERS\PLNTSUM.C,Draw_Planet_Summary_Screen_,59,D:\MOX\OTHERS\PLNTSUM.C,Draw_Rotating_Planets_,1
59,D:\MOX\OTHERS\PLNTSUM.C,Draw_Planet_Summary_Screen_,59,D:\MOX\OTHERS\PLNTSUM.C,Summary_Screen_Print_Data_,1
59,D:\MOX\OTHERS\PLNTSUM.C,Draw_Planet_Summary_Screen_,59,D:\MOX\OTHERS\PLNTSUM.C,Summary_Screen_Print_Scanned_,1
59,D:\MOX\OTHERS\PLNTSUM.C,Draw_Planet_Summary_Screen_,59,D:\MOX\OTHERS\PLNTSUM.C,Wrapper_For_Planet_Summary_Galaxy_Map_,1
59,D:\MOX\OTHERS\PLNTSUM.C,Draw_Planet_Summary_Screen_,61,D:\MOX\OTHERS\SCROLL.C,Draw_Generic_Vertical_Scroll_Bar_,1
59,D:\MOX\OTHERS\PLNTSUM.C,Filter_Explored_Planets_,59,D:\MOX\OTHERS\PLNTSUM.C,Planet_Has_Adverse_Gravity_,1
59,D:\MOX\OTHERS\PLNTSUM.C,Filter_Explored_Planets_,59,D:\MOX\OTHERS\PLNTSUM.C,Planet_Has_Been_Visited_,1
59,D:\MOX\OTHERS\PLNTSUM.C,Filter_Explored_Planets_,59,D:\MOX\OTHERS\PLNTSUM.C,Planet_Has_Hostile_Environment_,1
59,D:\MOX\OTHERS\PLNTSUM.C,Filter_Explored_Planets_,59,D:\MOX\OTHERS\PLNTSUM.C,Planet_Has_Players_Colony_,1
59,D:\MOX\OTHERS\PLNTSUM.C,Filter_Explored_Planets_,59,D:\MOX\OTHERS\PLNTSUM.C,Planet_In_Range_Of_A_Colony_,1
59,D:\MOX\OTHERS\PLNTSUM.C,Filter_Explored_Planets_,59,D:\MOX\OTHERS\PLNTSUM.C,Planet_Is_Enemy_Controlled_,1
59,D:\MOX\OTHERS\PLNTSUM.C,Filter_Explored_Planets_,59,D:\MOX\OTHERS\PLNTSUM.C,Planet_Is_Mineral_Scarce_,1
59,D:\MOX\OTHERS\PLNTSUM.C,Filter_Explored_Planets_,59,D:\MOX\OTHERS\PLNTSUM.C,Planet_Is_Outpost_Planet_,1
59,D:\MOX\OTHERS\PLNTSUM.C,Filter_Explored_Planets_,59,D:\MOX\OTHERS\PLNTSUM.C,Sort_Planet_Summary_,1
59,D:\MOX\OTHERS\PLNTSUM.C,Filter_Explored_Planets_,102,D:\MOX\OTHERS\COLCALC.C,Planet_Max_Population_For_Player_,1
59,D:\MOX\OTHERS\PLNTSUM.C,Filter_Explored_Planets_,117,D:\MOX\OTHERS\RUSS.C,Mox_Update_,1
59,D:\MOX\OTHERS\PLNTSUM.C,Get_Colony_Outpost_Marker_XY_,48,D:\MOX\OTHERS\HAROLD.C,XY_To_Star_Id_,1
59,D:\MOX\OTHERS\PLNTSUM.C,Get_Colony_Outpost_Marker_XY_,56,D:\MOX\OTHERS\MOVEBOX.C,Get_Galaxy_Map_Space_XY_,1
59,D:\MOX\OTHERS\PLNTSUM.C,Get_Colony_Outpost_Marker_XY_,56,D:\MOX\OTHERS\MOVEBOX.C,Get_Galaxy_Map_Star_XY_,1
59,D:\MOX\OTHERS\PLNTSUM.C,Get_ETA_To_Star_,48,D:\MOX\OTHERS\HAROLD.C,N_Turns_To_Star_,1
59,D:\MOX\OTHERS\PLNTSUM.C,Load_Planet_Pictures_,59,D:\MOX\OTHERS\PLNTSUM.C,Load_Planet_Segment_,1
59,D:\MOX\OTHERS\PLNTSUM.C,Load_Planet_Pictures_,117,D:\MOX\OTHERS\RUSS.C,Mox_Update_,1
59,D:\MOX\OTHERS\PLNTSUM.C,Load_Planet_Summary_Pictures_,117,D:\MOX\OTHERS\RUSS.C,Mox_Update_,4
59,D:\MOX\OTHERS\PLNTSUM.C,Planet_Has_Adverse_Gravity_,59,D:\MOX\OTHERS\PLNTSUM.C,Productivity_Penalty_,1
59,D:\MOX\OTHERS\PLNTSUM.C,Planet_Has_Been_Visited_,48,D:\MOX\OTHERS\HAROLD.C,Player_Has_Visited_,1
59,D:\MOX\OTHERS\PLNTSUM.C,Planet_Has_Been_Visited_,48,D:\MOX\OTHERS\HAROLD.C,Player_Is_Omniscient_,1
59,D:\MOX\OTHERS\PLNTSUM.C,Planet_In_Range_Of_A_Colony_,119,D:\MOX\OTHERS\SHIPMOVE.C,Star_In_Extended_Range_Of_Player_,1
59,D:\MOX\OTHERS\PLNTSUM.C,Planet_Is_Enemy_Controlled_,47,D:\MOX\OTHERS\HACCESS.C,Ship_Owner_,1
59,D:\MOX\OTHERS\PLNTSUM.C,Planet_Summary_Screen_,1,L:\MOX\MOX2.C,_TOGGLE_PAGES_,1
59,D:\MOX\OTHERS\PLNTSUM.C,Planet_Summary_Screen_,15,D:\MOX\EVENTS.C,Event_Check_Hyperspace_Flux_,2
59,D:\MOX\OTHERS\PLNTSUM.C,Planet_Summary_Screen_,42,D:\MOX\OTHERS\EVANHELP.C,Set_PlntSum_Screen_Help_List_,1
59,D:\MOX\OTHERS\PLNTSUM.C,Planet_Summary_Screen_,46,D:\MOX\OTHERS\GENDRAW.C,Warning_Box_,3
59,D:\MOX\OTHERS\PLNTSUM.C,Planet_Summary_Screen_,48,D:\MOX\OTHERS\HAROLD.C,H_Message_,3
59,D:\MOX\OTHERS\PLNTSUM.C,Planet_Summary_Screen_,52,D:\MOX\OTHERS\MAINSCR.C,Allocate_First_Screen_Seg_,1
59,D:\MOX\OTHERS\PLNTSUM.C,Planet_Summary_Screen_,52,D:\MOX\OTHERS\MAINSCR.C,Draw_Mini_Main_Screen_,1
59,D:\MOX\OTHERS\PLNTSUM.C,Planet_Summary_Screen_,55,D:\MOX\OTHERS\MISC.C,Fade_To_Black_,2
59,D:\MOX\OTHERS\PLNTSUM.C,Planet_Summary_Screen_,56,D:\MOX\OTHERS\MOVEBOX.C,Moveable_Box_Selected_,1
59,D:\MOX\OTHERS\PLNTSUM.C,Planet_Summary_Screen_,59,D:\MOX\OTHERS\PLNTSUM.C,Add_Plntsum_Fields_,2
59,D:\MOX\OTHERS\PLNTSUM.C,Planet_Summary_Screen_,59,D:\MOX\OTHERS\PLNTSUM.C,Allocate_Space_For_Summary_Screen_,1
59,D:\MOX\OTHERS\PLNTSUM.C,Planet_Summary_Screen_,59,D:\MOX\OTHERS\PLNTSUM.C,Build_Ship_Summary_,1
59,D:\MOX\OTHERS\PLNTSUM.C,Planet_Summary_Screen_,59,D:\MOX\OTHERS\PLNTSUM.C,Check_For_Colony_And_Outpost_Ships_,1
59,D:\MOX\OTHERS\PLNTSUM.C,Planet_Summary_Screen_,59,D:\MOX\OTHERS\PLNTSUM.C,Determine_Button_Status_,1
59,D:\MOX\OTHERS\PLNTSUM.C,Planet_Summary_Screen_,59,D:\MOX\OTHERS\PLNTSUM.C,Draw_Planet_Summary_Screen_,2
59,D:\MOX\OTHERS\PLNTSUM.C,Planet_Summary_Screen_,59,D:\MOX\OTHERS\PLNTSUM.C,Filter_Explored_Planets_,2
59,D:\MOX\OTHERS\PLNTSUM.C,Planet_Summary_Screen_,59,D:\MOX\OTHERS\PLNTSUM.C,First_Planet_In_Summary_List_,1
59,D:\MOX\OTHERS\PLNTSUM.C,Planet_Summary_Screen_,59,D:\MOX\OTHERS\PLNTSUM.C,Load_Planet_Segment_,1
59,D:\MOX\OTHERS\PLNTSUM.C,Planet_Summary_Screen_,59,D:\MOX\OTHERS\PLNTSUM.C,Load_Planet_Summary_Pictures_,1
59,D:\MOX\OTHERS\PLNTSUM.C,Planet_Summary_Screen_,59,D:\MOX\OTHERS\PLNTSUM.C,Scan_Summary_Box_Fields_,1
59,D:\MOX\OTHERS\PLNTSUM.C,Planet_Summary_Screen_,59,D:\MOX\OTHERS\PLNTSUM.C,Send_Outpost_Button_Selectable_,1
59,D:\MOX\OTHERS\PLNTSUM.C,Planet_Summary_Screen_,59,D:\MOX\OTHERS\PLNTSUM.C,Set_Planet_Explored_Flags_,1
59,D:\MOX\OTHERS\PLNTSUM.C,Planet_Summary_Screen_,59,D:\MOX\OTHERS\PLNTSUM.C,Sort_Planet_Summary_,1
59,D:\MOX\OTHERS\PLNTSUM.C,Planet_Summary_Screen_,61,D:\MOX\OTHERS\SCROLL.C,Get_Vertical_Scroll_Bar_Height_,1
59,D:\MOX\OTHERS\PLNTSUM.C,Planet_Summary_Screen_,61,D:\MOX\OTHERS\SCROLL.C,Scroll_Down_One_Item_,1
59,D:\MOX\OTHERS\PLNTSUM.C,Planet_Summary_Screen_,61,D:\MOX\OTHERS\SCROLL.C,Scroll_Up_One_Item_,1
59,D:\MOX\OTHERS\PLNTSUM.C,Planet_Summary_Screen_,79,D:\MOX\OTHERS\ERIC.C,Fast_Fade_In_,1
59,D:\MOX\OTHERS\PLNTSUM.C,Planet_Summary_Screen_,117,D:\MOX\OTHERS\RUSS.C,Mox_Update_,1
59,D:\MOX\OTHERS\PLNTSUM.C,Player_Colors_,55,D:\MOX\OTHERS\MISC.C,Font_Colors2_,2
59,D:\MOX\OTHERS\PLNTSUM.C,Reset_Ship_To_Star_Distances_,59,D:\MOX\OTHERS\PLNTSUM.C,Set_Colony_Ship_To_Star_Distances_,1
59,D:\MOX\OTHERS\PLNTSUM.C,Reset_Ship_To_Star_Distances_,59,D:\MOX\OTHERS\PLNTSUM.C,Set_Outpost_Ship_To_Star_Distances_,1
59,D:\MOX\OTHERS\PLNTSUM.C,Scan_Summary_Box_Fields_,59,D:\MOX\OTHERS\PLNTSUM.C,Determine_Button_Status_,1
59,D:\MOX\OTHERS\PLNTSUM.C,Scan_Summary_Box_Fields_,59,D:\MOX\OTHERS\PLNTSUM.C,Nearest_Ship_Id_,2
59,D:\MOX\OTHERS\PLNTSUM.C,Scan_Summary_Box_Fields_,59,D:\MOX\OTHERS\PLNTSUM.C,Planet_Summary_Id_,2
59,D:\MOX\OTHERS\PLNTSUM.C,Scan_Summary_Box_Fields_,59,D:\MOX\OTHERS\PLNTSUM.C,Reset_Ship_To_Star_Distances_,1
59,D:\MOX\OTHERS\PLNTSUM.C,Scan_Summary_Box_Fields_,59,D:\MOX\OTHERS\PLNTSUM.C,Send_Nearest_Ship_,1
59,D:\MOX\OTHERS\PLNTSUM.C,Scan_Summary_Box_Fields_,59,D:\MOX\OTHERS\PLNTSUM.C,Undo_Send_Order_,1
59,D:\MOX\OTHERS\PLNTSUM.C,Scan_Summary_Box_Fields_,119,D:\MOX\OTHERS\SHIPMOVE.C,Ships_Try_To_Move_To_,1
59,D:\MOX\OTHERS\PLNTSUM.C,Send_Nearest_Ship_,46,D:\MOX\OTHERS\GENDRAW.C,Do_Confirmation_Box_,3
59,D:\MOX\OTHERS\PLNTSUM.C,Send_Nearest_Ship_,46,D:\MOX\OTHERS\GENDRAW.C,Message_Box_,2
59,D:\MOX\OTHERS\PLNTSUM.C,Send_Nearest_Ship_,46,D:\MOX\OTHERS\GENDRAW.C,Warning_Box_,1
59,D:\MOX\OTHERS\PLNTSUM.C,Send_Nearest_Ship_,47,D:\MOX\OTHERS\HACCESS.C,Race_Name_,1
59,D:\MOX\OTHERS\PLNTSUM.C,Send_Nearest_Ship_,48,D:\MOX\OTHERS\HAROLD.C,Absolute_Location_,1
59,D:\MOX\OTHERS\PLNTSUM.C,Send_Nearest_Ship_,48,D:\MOX\OTHERS\HAROLD.C,H_Message_,8
59,D:\MOX\OTHERS\PLNTSUM.C,Send_Nearest_Ship_,48,D:\MOX\OTHERS\HAROLD.C,Player_Has_Visited_,2
59,D:\MOX\OTHERS\PLNTSUM.C,Send_Nearest_Ship_,48,D:\MOX\OTHERS\HAROLD.C,Player_Is_Omniscient_,1
59,D:\MOX\OTHERS\PLNTSUM.C,Send_Nearest_Ship_,48,D:\MOX\OTHERS\HAROLD.C,Star_Guarded_By_Monster_,1
59,D:\MOX\OTHERS\PLNTSUM.C,Send_Nearest_Ship_,59,D:\MOX\OTHERS\PLNTSUM.C,Update_Ship_Etas_,1
59,D:\MOX\OTHERS\PLNTSUM.C,Send_Nearest_Ship_,119,D:\MOX\OTHERS\SHIPMOVE.C,Make_Ships_Move_To_,1
59,D:\MOX\OTHERS\PLNTSUM.C,Send_Nearest_Ship_,119,D:\MOX\OTHERS\SHIPMOVE.C,Ships_Try_To_Move_To_,1
59,D:\MOX\OTHERS\PLNTSUM.C,Set_Colony_Ship_To_Star_Distances_,59,D:\MOX\OTHERS\PLNTSUM.C,Summary_Planet_Index_,1
59,D:\MOX\OTHERS\PLNTSUM.C,Set_Colony_Ship_To_Star_Distances_,119,D:\MOX\OTHERS\SHIPMOVE.C,Ships_Try_To_Move_To_,1
59,D:\MOX\OTHERS\PLNTSUM.C,Set_Outpost_Ship_To_Star_Distances_,59,D:\MOX\OTHERS\PLNTSUM.C,Summary_Planet_Index_,1
59,D:\MOX\OTHERS\PLNTSUM.C,Set_Outpost_Ship_To_Star_Distances_,119,D:\MOX\OTHERS\SHIPMOVE.C,Ships_Try_To_Move_To_,1
59,D:\MOX\OTHERS\PLNTSUM.C,Set_Planet_Explored_Flags_,63,D:\MOX\OTHERS\SYS.C,Ok_To_View_System_,1
59,D:\MOX\OTHERS\PLNTSUM.C,Summary_Screen_Print_Data_,47,D:\MOX\OTHERS\HACCESS.C,Get_Planet_Name_No_Prime_,1
59,D:\MOX\OTHERS\PLNTSUM.C,Summary_Screen_Print_Data_,47,D:\MOX\OTHERS\HACCESS.C,Race_Name_,1
59,D:\MOX\OTHERS\PLNTSUM.C,Summary_Screen_Print_Data_,47,D:\MOX\OTHERS\HACCESS.C,Special_Is_Planet_Special_,1
59,D:\MOX\OTHERS\PLNTSUM.C,Summary_Screen_Print_Data_,48,D:\MOX\OTHERS\HAROLD.C,First_Ship_Orbiting_Star_,1
59,D:\MOX\OTHERS\PLNTSUM.C,Summary_Screen_Print_Data_,48,D:\MOX\OTHERS\HAROLD.C,H_Message_,5
59,D:\MOX\OTHERS\PLNTSUM.C,Summary_Screen_Print_Data_,48,D:\MOX\OTHERS\HAROLD.C,Star_Guarded_By_Monster_,1
59,D:\MOX\OTHERS\PLNTSUM.C,Summary_Screen_Print_Data_,55,D:\MOX\OTHERS\MISC.C,Set_Fitted_Font_Style_,2
59,D:\MOX\OTHERS\PLNTSUM.C,Summary_Screen_Print_Data_,59,D:\MOX\OTHERS\PLNTSUM.C,Colony_Owner_Colors_,1
59,D:\MOX\OTHERS\PLNTSUM.C,Summary_Screen_Print_Data_,59,D:\MOX\OTHERS\PLNTSUM.C,Productivity_Penalty_,1
59,D:\MOX\OTHERS\PLNTSUM.C,Summary_Screen_Print_Scanned_,48,D:\MOX\OTHERS\HAROLD.C,H_Message_,9
59,D:\MOX\OTHERS\PLNTSUM.C,Summary_Screen_Print_Scanned_,48,D:\MOX\OTHERS\HAROLD.C,Player_Has_Visited_,2
59,D:\MOX\OTHERS\PLNTSUM.C,Summary_Screen_Print_Scanned_,48,D:\MOX\OTHERS\HAROLD.C,Player_Is_Omniscient_,2
59,D:\MOX\OTHERS\PLNTSUM.C,Summary_Screen_Print_Scanned_,59,D:\MOX\OTHERS\PLNTSUM.C,Get_ETA_To_Star_,2
59,D:\MOX\OTHERS\PLNTSUM.C,Summary_Screen_Print_Scanned_,59,D:\MOX\OTHERS\PLNTSUM.C,Summary_Planet_Index_,1
59,D:\MOX\OTHERS\PLNTSUM.C,Undo_Send_Order_,46,D:\MOX\OTHERS\GENDRAW.C,Do_Confirmation_Box_,1
59,D:\MOX\OTHERS\PLNTSUM.C,Undo_Send_Order_,46,D:\MOX\OTHERS\GENDRAW.C,Warning_Box_,1
59,D:\MOX\OTHERS\PLNTSUM.C,Undo_Send_Order_,47,D:\MOX\OTHERS\HACCESS.C,Get_Planet_Name_No_Prime_,2
59,D:\MOX\OTHERS\PLNTSUM.C,Undo_Send_Order_,47,D:\MOX\OTHERS\HACCESS.C,Nearest_Star_To_XY_,1
59,D:\MOX\OTHERS\PLNTSUM.C,Undo_Send_Order_,48,D:\MOX\OTHERS\HAROLD.C,H_Message_,4
59,D:\MOX\OTHERS\PLNTSUM.C,Undo_Send_Order_,48,D:\MOX\OTHERS\HAROLD.C,XY_To_Star_Id_,1
59,D:\MOX\OTHERS\PLNTSUM.C,Undo_Send_Order_,52,D:\MOX\OTHERS\MAINSCR.C,Ship_Can_Be_Selected_,1
59,D:\MOX\OTHERS\PLNTSUM.C,Undo_Send_Order_,59,D:\MOX\OTHERS\PLNTSUM.C,Update_Ship_Etas_,1
59,D:\MOX\OTHERS\PLNTSUM.C,Undo_Send_Order_,62,D:\MOX\OTHERS\SHIPS.C,Clear_Auto_Colonization_Flag_,1
59,D:\MOX\OTHERS\PLNTSUM.C,Undo_Send_Order_,119,D:\MOX\OTHERS\SHIPMOVE.C,Make_Ships_Move_To_,1
59,D:\MOX\OTHERS\PLNTSUM.C,Undo_Send_Order_,119,D:\MOX\OTHERS\SHIPMOVE.C,Ships_Try_To_Move_To_,1
59,D:\MOX\OTHERS\PLNTSUM.C,Update_Ship_Etas_,47,D:\MOX\OTHERS\HACCESS.C,Ship_Owner_,1
59,D:\MOX\OTHERS\PLNTSUM.C,Update_Ship_Etas_,48,D:\MOX\OTHERS\HAROLD.C,Absolute_Location_,1
59,D:\MOX\OTHERS\PLNTSUM.C,Update_Ship_Etas_,48,D:\MOX\OTHERS\HAROLD.C,N_Turns_To_Star_,1
59,D:\MOX\OTHERS\PLNTSUM.C,Update_Ship_Etas_,59,D:\MOX\OTHERS\PLNTSUM.C,Planet_Summary_List_Id_,1
59,D:\MOX\OTHERS\PLNTSUM.C,Wrapper_For_Planet_Summary_Galaxy_Map_,56,D:\MOX\OTHERS\MOVEBOX.C,Draw_Galaxy_Map_Box_,1
59,D:\MOX\OTHERS\PLNTSUM.C,Wrapper_For_Planet_Summary_Galaxy_Map_,56,D:\MOX\OTHERS\MOVEBOX.C,Get_Galaxy_Map_Star_XY_,1
59,D:\MOX\OTHERS\PLNTSUM.C,Wrapper_For_Planet_Summary_Galaxy_Map_,59,D:\MOX\OTHERS\PLNTSUM.C,Draw_Nearest_Ship_Directional_Line_,1
59,D:\MOX\OTHERS\PLNTSUM.C,Wrapper_For_Planet_Summary_Galaxy_Map_,59,D:\MOX\OTHERS\PLNTSUM.C,Get_Colony_Outpost_Marker_XY_,1
59,D:\MOX\OTHERS\PLNTSUM.C,Wrapper_For_Planet_Summary_Galaxy_Map_,59,D:\MOX\OTHERS\PLNTSUM.C,Print_Colony_Outpost_Marker_,1
60,D:\MOX\OTHERS\SCORE.C,Build_Captured_Colonists_Array_,117,D:\MOX\OTHERS\RUSS.C,Get_Weighted_Choice_Short_,1
60,D:\MOX\OTHERS\SCORE.C,Build_Pop_Array_,60,D:\MOX\OTHERS\SCORE.C,Set_Hi_Score_Pop_Icon_Ids_,1
60,D:\MOX\OTHERS\SCORE.C,Calculate_Hi_Scores_,30,D:\MOX\OTHERS\RACEOPT.C,Player_Score_Modifier_,1
60,D:\MOX\OTHERS\SCORE.C,Calculate_Hi_Scores_,60,D:\MOX\OTHERS\SCORE.C,Captured_Antares_,1
60,D:\MOX\OTHERS\SCORE.C,Calculate_Hi_Scores_,60,D:\MOX\OTHERS\SCORE.C,Captured_Orion_,1
60,D:\MOX\OTHERS\SCORE.C,Calculate_Hi_Scores_,60,D:\MOX\OTHERS\SCORE.C,Get_Elimination_Score_,1
60,D:\MOX\OTHERS\SCORE.C,Calculate_Hi_Scores_,60,D:\MOX\OTHERS\SCORE.C,Get_Technology_,1
60,D:\MOX\OTHERS\SCORE.C,Calculate_Hi_Scores_,60,D:\MOX\OTHERS\SCORE.C,Get_Total_Population_,1
60,D:\MOX\OTHERS\SCORE.C,Calculate_Hi_Scores_,60,D:\MOX\OTHERS\SCORE.C,Won_Council_Vote_,1
60,D:\MOX\OTHERS\SCORE.C,Do_Calculate_Hi_Score_,60,D:\MOX\OTHERS\SCORE.C,Calculate_Hi_Scores_,1
60,D:\MOX\OTHERS\SCORE.C,Draw_Antares_Score_,48,D:\MOX\OTHERS\HAROLD.C,H_Message_,1
60,D:\MOX\OTHERS\SCORE.C,Draw_Antares_Score_,60,D:\MOX\OTHERS\SCORE.C,Draw_Generic_Score_,1
60,D:\MOX\OTHERS\SCORE.C,Draw_Cap_Pop_,60,D:\MOX\OTHERS\SCORE.C,Draw_Pop_,1
60,D:\MOX\OTHERS\SCORE.C,Draw_Captured_Colonies_Score_,48,D:\MOX\OTHERS\HAROLD.C,H_Message_,1
60,D:\MOX\OTHERS\SCORE.C,Draw_Captured_Colonies_Score_,60,D:\MOX\OTHERS\SCORE.C,Draw_Generic_Score_,1
60,D:\MOX\OTHERS\SCORE.C,Draw_Council_Score_,48,D:\MOX\OTHERS\HAROLD.C,H_Message_,1
60,D:\MOX\OTHERS\SCORE.C,Draw_Council_Score_,60,D:\MOX\OTHERS\SCORE.C,Draw_Generic_Score_,1
60,D:\MOX\OTHERS\SCORE.C,Draw_Elimination_Score_,48,D:\MOX\OTHERS\HAROLD.C,H_Message_,2
60,D:\MOX\OTHERS\SCORE.C,Draw_Elimination_Score_,60,D:\MOX\OTHERS\SCORE.C,Draw_Generic_Score_,1
60,D:\MOX\OTHERS\SCORE.C,Draw_Generic_Score_,60,D:\MOX\OTHERS\SCORE.C,Print_Score_String_,1
60,D:\MOX\OTHERS\SCORE.C,Draw_Hall_Of_Fame_Screen_,55,D:\MOX\OTHERS\MISC.C,Get_Font_Spacing_,4
60,D:\MOX\OTHERS\SCORE.C,Draw_Hall_Of_Fame_Screen_,55,D:\MOX\OTHERS\MISC.C,Get_Font_Style_,4
60,D:\MOX\OTHERS\SCORE.C,Draw_Hall_Of_Fame_Screen_,55,D:\MOX\OTHERS\MISC.C,Set_Fitted_Font_Style_,2
60,D:\MOX\OTHERS\SCORE.C,Draw_Hi_Score_Screen_,48,D:\MOX\OTHERS\HAROLD.C,H_Message_,5
60,D:\MOX\OTHERS\SCORE.C,Draw_Hi_Score_Screen_,60,D:\MOX\OTHERS\SCORE.C,Draw_Captured_Colonies_Score_,1
60,D:\MOX\OTHERS\SCORE.C,Draw_Hi_Score_Screen_,60,D:\MOX\OTHERS\SCORE.C,Draw_Elimination_Score_,1
60,D:\MOX\OTHERS\SCORE.C,Draw_Hi_Score_Screen_,60,D:\MOX\OTHERS\SCORE.C,Draw_Generic_Score_,5
60,D:\MOX\OTHERS\SCORE.C,Draw_Hi_Score_Screen_,60,D:\MOX\OTHERS\SCORE.C,Draw_Time_Score_,1
60,D:\MOX\OTHERS\SCORE.C,Draw_Hi_Score_Screen_,60,D:\MOX\OTHERS\SCORE.C,Draw_Total_Score_,1
60,D:\MOX\OTHERS\SCORE.C,Draw_Orion_Score_,48,D:\MOX\OTHERS\HAROLD.C,H_Message_,1
60,D:\MOX\OTHERS\SCORE.C,Draw_Pop_,74,D:\MOX\OTHERS\COLONY.C,C_Anims_,1
60,D:\MOX\OTHERS\SCORE.C,Draw_Pop_,74,D:\MOX\OTHERS\COLONY.C,Colony_Pop_Anim_,1
60,D:\MOX\OTHERS\SCORE.C,Draw_Pop_,74,D:\MOX\OTHERS\COLONY.C,Race_Conquered_Anim_,1
60,D:\MOX\OTHERS\SCORE.C,Draw_Population_Score_,48,D:\MOX\OTHERS\HAROLD.C,H_Message_,1
60,D:\MOX\OTHERS\SCORE.C,Draw_Technology_Score_,48,D:\MOX\OTHERS\HAROLD.C,H_Message_,1
60,D:\MOX\OTHERS\SCORE.C,Draw_Time_Score_,48,D:\MOX\OTHERS\HAROLD.C,H_Message_,1
60,D:\MOX\OTHERS\SCORE.C,Draw_Time_Score_,60,D:\MOX\OTHERS\SCORE.C,Print_Score_String_,1
60,D:\MOX\OTHERS\SCORE.C,Draw_Total_Score_,48,D:\MOX\OTHERS\HAROLD.C,H_Message_,1
60,D:\MOX\OTHERS\SCORE.C,Draw_Total_Score_,55,D:\MOX\OTHERS\MISC.C,Font_Colors2_,1
60,D:\MOX\OTHERS\SCORE.C,End_Of_Game_Hi_Score_,46,D:\MOX\OTHERS\GENDRAW.C,Warning_Box_,2
60,D:\MOX\OTHERS\SCORE.C,End_Of_Game_Hi_Score_,48,D:\MOX\OTHERS\HAROLD.C,H_Message_,2
60,D:\MOX\OTHERS\SCORE.C,End_Of_Game_Hi_Score_,55,D:\MOX\OTHERS\MISC.C,Get_LBX_Message_,1
60,D:\MOX\OTHERS\SCORE.C,End_Of_Game_Hi_Score_,60,D:\MOX\OTHERS\SCORE.C,Hall_Of_Fame_Screen_,1
60,D:\MOX\OTHERS\SCORE.C,End_Of_Game_Hi_Score_,60,D:\MOX\OTHERS\SCORE.C,Hi_Score_Screen_,1
60,D:\MOX\OTHERS\SCORE.C,End_Of_Game_Hi_Score_,60,D:\MOX\OTHERS\SCORE.C,Sort_HOF_Scores_,1
60,D:\MOX\OTHERS\SCORE.C,End_Of_Game_Hi_Score_,60,D:\MOX\OTHERS\SCORE.C,Write_HOF_File_,1
60,D:\MOX\OTHERS\SCORE.C,Get_Hall_Of_Fame_Colors_,55,D:\MOX\OTHERS\MISC.C,Font_Colors2_,1
60,D:\MOX\OTHERS\SCORE.C,Get_Hi_Score_Colors_,55,D:\MOX\OTHERS\MISC.C,Font_Colors2_,3
60,D:\MOX\OTHERS\SCORE.C,Get_Technology_Score_,60,D:\MOX\OTHERS\SCORE.C,Get_Technology_,1
60,D:\MOX\OTHERS\SCORE.C,HOF_Version_Number_,60,D:\MOX\OTHERS\SCORE.C,Read_HOF_File_,1
60,D:\MOX\OTHERS\SCORE.C,Hall_Of_Fame_Screen_,1,L:\MOX\MOX2.C,_TOGGLE_PAGES_,1
60,D:\MOX\OTHERS\SCORE.C,Hall_Of_Fame_Screen_,60,D:\MOX\OTHERS\SCORE.C,Create_Default_HOF_File_,2
60,D:\MOX\OTHERS\SCORE.C,Hall_Of_Fame_Screen_,60,D:\MOX\OTHERS\SCORE.C,Draw_Hall_Of_Fame_Screen_,1
60,D:\MOX\OTHERS\SCORE.C,Hall_Of_Fame_Screen_,60,D:\MOX\OTHERS\SCORE.C,Init_Hall_Of_Fame_Screen_,2
60,D:\MOX\OTHERS\SCORE.C,Hall_Of_Fame_Screen_,60,D:\MOX\OTHERS\SCORE.C,Load_Hall_Of_Fame_Screen_,1
60,D:\MOX\OTHERS\SCORE.C,Hall_Of_Fame_Screen_,60,D:\MOX\OTHERS\SCORE.C,Read_HOF_File_,2
60,D:\MOX\OTHERS\SCORE.C,Hall_Of_Fame_Screen_,79,D:\MOX\OTHERS\ERIC.C,Fast_Fade_Out_,1
60,D:\MOX\OTHERS\SCORE.C,Hall_Of_Fame_Screen_,88,D:\MOX\OTHERS\ESTRINGS.C,E_Strings_,5
60,D:\MOX\OTHERS\SCORE.C,Hi_Score_Screen_,1,L:\MOX\MOX2.C,_TOGGLE_PAGES_,1
60,D:\MOX\OTHERS\SCORE.C,Hi_Score_Screen_,55,D:\MOX\OTHERS\MISC.C,Fade_Into_Screen_,1
60,D:\MOX\OTHERS\SCORE.C,Hi_Score_Screen_,60,D:\MOX\OTHERS\SCORE.C,Add_Hi_Score_Screen_Fields_,1
60,D:\MOX\OTHERS\SCORE.C,Hi_Score_Screen_,60,D:\MOX\OTHERS\SCORE.C,Build_Captured_Colonists_Array_,1
60,D:\MOX\OTHERS\SCORE.C,Hi_Score_Screen_,60,D:\MOX\OTHERS\SCORE.C,Calculate_Hi_Scores_,1
60,D:\MOX\OTHERS\SCORE.C,Hi_Score_Screen_,60,D:\MOX\OTHERS\SCORE.C,Create_Default_HOF_File_,1
60,D:\MOX\OTHERS\SCORE.C,Hi_Score_Screen_,60,D:\MOX\OTHERS\SCORE.C,Draw_Hi_Score_Screen_,2
60,D:\MOX\OTHERS\SCORE.C,Hi_Score_Screen_,60,D:\MOX\OTHERS\SCORE.C,Get_Hi_Score_Colors_,1
60,D:\MOX\OTHERS\SCORE.C,Hi_Score_Screen_,60,D:\MOX\OTHERS\SCORE.C,Get_Total_Population_,1
60,D:\MOX\OTHERS\SCORE.C,Hi_Score_Screen_,60,D:\MOX\OTHERS\SCORE.C,Load_Hi_Score_Screen_,1
60,D:\MOX\OTHERS\SCORE.C,Hi_Score_Screen_,60,D:\MOX\OTHERS\SCORE.C,Read_HOF_File_,1
60,D:\MOX\OTHERS\SCORE.C,Hi_Score_Screen_,60,D:\MOX\OTHERS\SCORE.C,Set_Hi_Score_Pop_Icon_Ids_,1
60,D:\MOX\OTHERS\SCORE.C,Init_Hall_Of_Fame_Screen_,1,L:\MOX\MOX2.C,_TOGGLE_PAGES_,2
60,D:\MOX\OTHERS\SCORE.C,Init_Hall_Of_Fame_Screen_,55,D:\MOX\OTHERS\MISC.C,Font_Colors2_,1
60,D:\MOX\OTHERS\SCORE.C,Init_Hall_Of_Fame_Screen_,60,D:\MOX\OTHERS\SCORE.C,Draw_Hall_Of_Fame_Screen_,1
60,D:\MOX\OTHERS\SCORE.C,Init_Hall_Of_Fame_Screen_,79,D:\MOX\OTHERS\ERIC.C,Fast_Fade_In_,1
60,D:\MOX\OTHERS\SCORE.C,Init_Hall_Of_Fame_Screen_,79,D:\MOX\OTHERS\ERIC.C,Fast_Fade_Out_,1
60,D:\MOX\OTHERS\SCORE.C,Init_Hall_Of_Fame_Screen_,88,D:\MOX\OTHERS\ESTRINGS.C,E_Strings_,5
60,D:\MOX\OTHERS\SCORE.C,Player_Score_,60,D:\MOX\OTHERS\SCORE.C,Calculate_Hi_Scores_,1
60,D:\MOX\OTHERS\SCORE.C,Print_Score_String_,55,D:\MOX\OTHERS\MISC.C,Font_Colors2_,1
60,D:\MOX\OTHERS\SCORE.C,Read_HOF_File_,60,D:\MOX\OTHERS\SCORE.C,Move_Sorted_HOF_Data_,1
60,D:\MOX\OTHERS\SCORE.C,Read_HOF_File_,60,D:\MOX\OTHERS\SCORE.C,Sort_HOF_Scores_,1
60,D:\MOX\OTHERS\SCORE.C,Set_Hi_Score_Pop_Icon_Ids_,60,D:\MOX\OTHERS\SCORE.C,Get_From_Tmp_Pop_,1
61,D:\MOX\OTHERS\SCROLL.C,Draw_Generic_Vertical_Scroll_Bar_,61,D:\MOX\OTHERS\SCROLL.C,Get_Vertical_Scroll_Bar_First_Item_,2
61,D:\MOX\OTHERS\SCROLL.C,Draw_Generic_Vertical_Scroll_Bar_,61,D:\MOX\OTHERS\SCROLL.C,Get_Vertical_Scroll_Bar_Height_,1
61,D:\MOX\OTHERS\SCROLL.C,Draw_Generic_Vertical_Scroll_Bar_,61,D:\MOX\OTHERS\SCROLL.C,Set_Vertical_Scroll_Bar_Maxima_,2
61,D:\MOX\OTHERS\SCROLL.C,Handle_Vertical_Scroll_Field_,61,D:\MOX\OTHERS\SCROLL.C,Get_Vertical_Scroll_Bar_First_Item_,1
61,D:\MOX\OTHERS\SCROLL.C,Handle_Vertical_Scroll_Field_,61,D:\MOX\OTHERS\SCROLL.C,Set_Vertical_Scroll_Bar_Maxima_,1
62,D:\MOX\OTHERS\SHIPS.C,Add_Ship_Icon_Fields_,47,D:\MOX\OTHERS\HACCESS.C,Ship_Icon_Owner_,1
62,D:\MOX\OTHERS\SHIPS.C,Add_Ship_Icon_Fields_,62,D:\MOX\OTHERS\SHIPS.C,Get_Ship_Icon_Coords_,1
62,D:\MOX\OTHERS\SHIPS.C,Add_Ship_Icon_Fields_,62,D:\MOX\OTHERS\SHIPS.C,Get_Ship_Icon_Pict_Seg_,1
62,D:\MOX\OTHERS\SHIPS.C,Build_Nonplayer_Ship_,28,D:\MOX\OTHERS\INITSHIP.C,Load_Amoeba_Ship_Design_,1
62,D:\MOX\OTHERS\SHIPS.C,Build_Nonplayer_Ship_,28,D:\MOX\OTHERS\INITSHIP.C,Load_Crystal_Ship_Design_,1
62,D:\MOX\OTHERS\SHIPS.C,Build_Nonplayer_Ship_,28,D:\MOX\OTHERS\INITSHIP.C,Load_Dragon_Ship_Design_,1
62,D:\MOX\OTHERS\SHIPS.C,Build_Nonplayer_Ship_,28,D:\MOX\OTHERS\INITSHIP.C,Load_Eel_Ship_Design_,1
62,D:\MOX\OTHERS\SHIPS.C,Build_Nonplayer_Ship_,28,D:\MOX\OTHERS\INITSHIP.C,Load_Guardian_Ship_Design_,1
62,D:\MOX\OTHERS\SHIPS.C,Build_Nonplayer_Ship_,28,D:\MOX\OTHERS\INITSHIP.C,Load_Hydra_Ship_Design_,1
62,D:\MOX\OTHERS\SHIPS.C,Build_Nonplayer_Ship_,62,D:\MOX\OTHERS\SHIPS.C,Set_Nonplayer_Ship_Destination_,1
62,D:\MOX\OTHERS\SHIPS.C,Build_Nonplayer_Ship_,62,D:\MOX\OTHERS\SHIPS.C,Set_Nonplayer_Ship_XY_,1
62,D:\MOX\OTHERS\SHIPS.C,Build_Ship_Icons_,32,D:\MOX\OTHERS\SHIPSTAK.C,Find_Ship_Stacks_,1
62,D:\MOX\OTHERS\SHIPS.C,Build_Ship_Icons_,47,D:\MOX\OTHERS\HACCESS.C,Ship_Stack_Owner_,1
62,D:\MOX\OTHERS\SHIPS.C,Build_Ship_Icons_,47,D:\MOX\OTHERS\HACCESS.C,Ship_Stack_Star_Id_,1
62,D:\MOX\OTHERS\SHIPS.C,Build_Ship_Icons_,47,D:\MOX\OTHERS\HACCESS.C,Ship_Stack_X_,1
62,D:\MOX\OTHERS\SHIPS.C,Build_Ship_Icons_,47,D:\MOX\OTHERS\HACCESS.C,Ship_Stack_Y_,1
62,D:\MOX\OTHERS\SHIPS.C,Build_Ship_Icons_,48,D:\MOX\OTHERS\HAROLD.C,XY_To_Star_Id_,1
62,D:\MOX\OTHERS\SHIPS.C,Build_Ship_Id_List_,47,D:\MOX\OTHERS\HACCESS.C,Ship_Stack_Owner_,1
62,D:\MOX\OTHERS\SHIPS.C,Deploy_Ships_To_Attack_Antares_,119,D:\MOX\OTHERS\SHIPMOVE.C,Make_Ships_Move_To_,1
62,D:\MOX\OTHERS\SHIPS.C,Deploy_Ships_To_Attack_Antares_,119,D:\MOX\OTHERS\SHIPMOVE.C,Ships_Try_To_Move_To_,1
62,D:\MOX\OTHERS\SHIPS.C,Do_Ship_Destination_Lines_,47,D:\MOX\OTHERS\HACCESS.C,Node_Ptr_From_Ship_Stack_,1
62,D:\MOX\OTHERS\SHIPS.C,Do_Ship_Destination_Lines_,47,D:\MOX\OTHERS\HACCESS.C,Ship_Icon_Ship_Id_,1
62,D:\MOX\OTHERS\SHIPS.C,Do_Ship_Destination_Lines_,47,D:\MOX\OTHERS\HACCESS.C,Ship_Owner_,2
62,D:\MOX\OTHERS\SHIPS.C,Do_Ship_Destination_Lines_,48,D:\MOX\OTHERS\HAROLD.C,Absolute_Location_,3
62,D:\MOX\OTHERS\SHIPS.C,Do_Ship_Destination_Lines_,48,D:\MOX\OTHERS\HAROLD.C,Map_Scale_To_Zoom_Level_,1
62,D:\MOX\OTHERS\SHIPS.C,Do_Ship_Destination_Lines_,52,D:\MOX\OTHERS\MAINSCR.C,Get_Star_Draw_Coords_,1
62,D:\MOX\OTHERS\SHIPS.C,Do_Ship_Destination_Lines_,56,D:\MOX\OTHERS\MOVEBOX.C,Moveable_Box_Selected_,1
62,D:\MOX\OTHERS\SHIPS.C,Do_Ship_Destination_Lines_,62,D:\MOX\OTHERS\SHIPS.C,Draw_Ship_Destination_Line_,1
62,D:\MOX\OTHERS\SHIPS.C,Do_Ship_Destination_Lines_,62,D:\MOX\OTHERS\SHIPS.C,Enemy_Ship_Heading_Toward_Our_Colony_,1
62,D:\MOX\OTHERS\SHIPS.C,Do_Ship_Destination_Lines_,62,D:\MOX\OTHERS\SHIPS.C,Get_Ship_Icon_Coords_,1
62,D:\MOX\OTHERS\SHIPS.C,Do_Ship_Destination_Lines_,62,D:\MOX\OTHERS\SHIPS.C,Print_Eta_On_Ship_Icon_,1
62,D:\MOX\OTHERS\SHIPS.C,Draw_Ship_Destination_Line_,48,D:\MOX\OTHERS\HAROLD.C,Map_Scale_To_Zoom_Level_,1
62,D:\MOX\OTHERS\SHIPS.C,Draw_Ship_Destination_Line_,62,D:\MOX\OTHERS\SHIPS.C,Draw_Directional_Multi_Colored_Line_,1
62,D:\MOX\OTHERS\SHIPS.C,Draw_Ship_Destination_Line_,62,D:\MOX\OTHERS\SHIPS.C,Get_Ship_Icon_Dimensions_,1
62,D:\MOX\OTHERS\SHIPS.C,Draw_Ship_Icons_,47,D:\MOX\OTHERS\HACCESS.C,Node_Ptr_From_Ship_Stack_,1
62,D:\MOX\OTHERS\SHIPS.C,Draw_Ship_Icons_,47,D:\MOX\OTHERS\HACCESS.C,Ship_Icon_Id_From_Node_Ptr_,1
62,D:\MOX\OTHERS\SHIPS.C,Draw_Ship_Icons_,47,D:\MOX\OTHERS\HACCESS.C,Ship_Icon_Owner_,1
62,D:\MOX\OTHERS\SHIPS.C,Draw_Ship_Icons_,56,D:\MOX\OTHERS\MOVEBOX.C,Moveable_Box_Selected_,1
62,D:\MOX\OTHERS\SHIPS.C,Draw_Ship_Icons_,62,D:\MOX\OTHERS\SHIPS.C,Get_Ship_Icon_Coords_,1
62,D:\MOX\OTHERS\SHIPS.C,Draw_Ship_Icons_,62,D:\MOX\OTHERS\SHIPS.C,Get_Ship_Icon_Pict_Seg_,1
62,D:\MOX\OTHERS\SHIPS.C,Enemy_Ship_Heading_Toward_Our_Colony_,47,D:\MOX\OTHERS\HACCESS.C,Ship_Owner_,1
62,D:\MOX\OTHERS\SHIPS.C,Enemy_Ship_Heading_Toward_Our_Colony_,48,D:\MOX\OTHERS\HAROLD.C,Absolute_Location_,1
62,D:\MOX\OTHERS\SHIPS.C,Enemy_Ship_Heading_Toward_Our_Colony_,48,D:\MOX\OTHERS\HAROLD.C,Player_Has_Colony_,1
62,D:\MOX\OTHERS\SHIPS.C,Enemy_Ship_Heading_Toward_Our_Colony_,48,D:\MOX\OTHERS\HAROLD.C,Player_Has_Outpost_,1
62,D:\MOX\OTHERS\SHIPS.C,Get_Ship_Icon_Coords_,47,D:\MOX\OTHERS\HACCESS.C,Ship_Icon_Star_Id_,1
62,D:\MOX\OTHERS\SHIPS.C,Get_Ship_Icon_Coords_,48,D:\MOX\OTHERS\HAROLD.C,Get_Scaled_Value_,2
62,D:\MOX\OTHERS\SHIPS.C,Get_Ship_Icon_Coords_,48,D:\MOX\OTHERS\HAROLD.C,XY_To_Star_Id_,1
62,D:\MOX\OTHERS\SHIPS.C,Get_Ship_Icon_Coords_,62,D:\MOX\OTHERS\SHIPS.C,Get_Ship_Icon_Coords_In_Space_,1
62,D:\MOX\OTHERS\SHIPS.C,Get_Ship_Icon_Coords_,62,D:\MOX\OTHERS\SHIPS.C,Get_XYs_For_Orbiting_Ships_,1
62,D:\MOX\OTHERS\SHIPS.C,Get_Ship_Icon_Coords_In_Space_,47,D:\MOX\OTHERS\HACCESS.C,Ship_Icon_Ship_Id_,1
62,D:\MOX\OTHERS\SHIPS.C,Get_Ship_Icon_Coords_In_Space_,48,D:\MOX\OTHERS\HAROLD.C,Get_Scaled_Value_,2
62,D:\MOX\OTHERS\SHIPS.C,Get_Ship_Icon_Coords_In_Space_,48,D:\MOX\OTHERS\HAROLD.C,Map_Scale_To_Zoom_Level_,1
62,D:\MOX\OTHERS\SHIPS.C,Get_Ship_Icon_Coords_In_Space_,62,D:\MOX\OTHERS\SHIPS.C,Get_Ship_Icon_Dimensions_,1
62,D:\MOX\OTHERS\SHIPS.C,Get_Ship_Icon_Pict_Seg_,48,D:\MOX\OTHERS\HAROLD.C,Map_Scale_To_Zoom_Level_,2
62,D:\MOX\OTHERS\SHIPS.C,Get_XYs_For_Orbiting_Ships_,48,D:\MOX\OTHERS\HAROLD.C,Map_Scale_To_Zoom_Level_,1
62,D:\MOX\OTHERS\SHIPS.C,Get_XYs_For_Orbiting_Ships_,52,D:\MOX\OTHERS\MAINSCR.C,Get_Star_Anim_Dimension_,1
62,D:\MOX\OTHERS\SHIPS.C,Get_XYs_For_Orbiting_Ships_,52,D:\MOX\OTHERS\MAINSCR.C,Get_Star_Draw_Coords_,1
62,D:\MOX\OTHERS\SHIPS.C,Get_XYs_For_Orbiting_Ships_,62,D:\MOX\OTHERS\SHIPS.C,Get_Ship_Icon_Pict_Seg_,1
62,D:\MOX\OTHERS\SHIPS.C,Kill_Ship_,47,D:\MOX\OTHERS\HACCESS.C,Ship_Owner_,1
62,D:\MOX\OTHERS\SHIPS.C,Kill_Ship_,58,D:\MOX\OTHERS\OFFICER.C,Move_Officer_To_Pool_,1
62,D:\MOX\OTHERS\SHIPS.C,Load_Highlighted_Ship_Icon_Picture_,47,D:\MOX\OTHERS\HACCESS.C,Node_Ptr_From_Ship_Stack_,1
62,D:\MOX\OTHERS\SHIPS.C,Load_Highlighted_Ship_Icon_Picture_,47,D:\MOX\OTHERS\HACCESS.C,Ship_Icon_Id_From_Node_Ptr_,1
62,D:\MOX\OTHERS\SHIPS.C,Load_Highlighted_Ship_Icon_Picture_,47,D:\MOX\OTHERS\HACCESS.C,Ship_Owner_,1
62,D:\MOX\OTHERS\SHIPS.C,Load_Highlighted_Ship_Icon_Picture_,48,D:\MOX\OTHERS\HAROLD.C,Map_Scale_To_Zoom_Level_,1
62,D:\MOX\OTHERS\SHIPS.C,Overlapped_Ship_Icon_Button_,47,D:\MOX\OTHERS\HACCESS.C,Ship_Icon_Star_Id_,1
62,D:\MOX\OTHERS\SHIPS.C,Print_Eta_On_Ship_Icon_,47,D:\MOX\OTHERS\HACCESS.C,Ship_Stack_Owner_,1
62,D:\MOX\OTHERS\SHIPS.C,Print_Eta_On_Ship_Icon_,48,D:\MOX\OTHERS\HAROLD.C,H_Message_,1
62,D:\MOX\OTHERS\SHIPS.C,Print_Eta_On_Ship_Icon_,48,D:\MOX\OTHERS\HAROLD.C,Set_Player_Font_Style_,1
62,D:\MOX\OTHERS\SHIPS.C,Print_Eta_On_Ship_Icon_,55,D:\MOX\OTHERS\MISC.C,Get_Font_Colors_,1
62,D:\MOX\OTHERS\SHIPS.C,Print_Eta_On_Ship_Icon_,62,D:\MOX\OTHERS\SHIPS.C,Get_Ship_Icon_Pict_Seg_,1
62,D:\MOX\OTHERS\SHIPS.C,Set_Nonplayer_Ship_Destination_,39,D:\MOX\OTHERS\ASSERT.C,hgetch_,1
62,D:\MOX\OTHERS\SHIPS.C,Set_Nonplayer_Ship_Destination_,106,D:\MOX\OTHERS\GEO.C,Parsecs_Between_Points_,1
62,D:\MOX\OTHERS\SHIPS.C,Set_Nonplayer_Ship_Destination_,117,D:\MOX\OTHERS\RUSS.C,PFMT_,1
62,D:\MOX\OTHERS\SHIPS.C,Set_Nonplayer_Ship_Destination_,119,D:\MOX\OTHERS\SHIPMOVE.C,Make_Ships_Move_To_,1
62,D:\MOX\OTHERS\SHIPS.C,Set_Nonplayer_Ship_Destination_,119,D:\MOX\OTHERS\SHIPMOVE.C,Ships_Try_To_Move_To_,1
62,D:\MOX\OTHERS\SHIPS.C,Set_Nonplayer_Ship_XY_,48,D:\MOX\OTHERS\HAROLD.C,Get_Scaled_Value_,7
62,D:\MOX\OTHERS\SHIPS.C,Set_Nonplayer_Ship_XY_,48,D:\MOX\OTHERS\HAROLD.C,Get_Up_Scaled_Value_,2
62,D:\MOX\OTHERS\SHIPS.C,Set_Nonplayer_Ship_XY_,119,D:\MOX\OTHERS\SHIPMOVE.C,Create_Nonplayer_Ship_,1
62,D:\MOX\OTHERS\SHIPS.C,Set_Ship_Icon_XYs_,62,D:\MOX\OTHERS\SHIPS.C,Get_Ship_Icon_Coords_,1
63,D:\MOX\OTHERS\SYS.C,Add_System_Display_Popup_Fields_,48,D:\MOX\OTHERS\HAROLD.C,Star_Has_Artemis_Net_,1
63,D:\MOX\OTHERS\SYS.C,Add_System_Display_Popup_Fields_,48,D:\MOX\OTHERS\HAROLD.C,Star_Has_Dimensional_Portal_,1
63,D:\MOX\OTHERS\SYS.C,Add_System_Display_Popup_Fields_,63,D:\MOX\OTHERS\SYS.C,Buffer_Reload_System_Ships_,1
63,D:\MOX\OTHERS\SYS.C,Add_System_Display_Popup_Fields_,63,D:\MOX\OTHERS\SYS.C,Build_System_Popup_Ships_,1
63,D:\MOX\OTHERS\SYS.C,Add_System_Display_Popup_Fields_,106,D:\MOX\OTHERS\GEO.C,Get_Orbit_Display_X_Y_,1
63,D:\MOX\OTHERS\SYS.C,Buffer_Reload_System_Ships_,47,D:\MOX\OTHERS\HACCESS.C,Ship_Owner_,1
63,D:\MOX\OTHERS\SYS.C,Build_System_Popup_Ships_,63,D:\MOX\OTHERS\SYS.C,Clear_System_Display_Ship_Fields_,1
63,D:\MOX\OTHERS\SYS.C,Build_System_Popup_Ships_,63,D:\MOX\OTHERS\SYS.C,Get_System_Display_Ship_Icon_XY_,1
63,D:\MOX\OTHERS\SYS.C,Do_Print_Planet_Info_,47,D:\MOX\OTHERS\HACCESS.C,Get_Planet_Name_No_Prime_,1
63,D:\MOX\OTHERS\SYS.C,Do_Print_Planet_Info_,48,D:\MOX\OTHERS\HAROLD.C,H_Message_,5
63,D:\MOX\OTHERS\SYS.C,Do_Print_Planet_Info_,48,D:\MOX\OTHERS\HAROLD.C,Player_Has_Colony_,1
63,D:\MOX\OTHERS\SYS.C,Do_Print_Planet_Info_,48,D:\MOX\OTHERS\HAROLD.C,Player_Is_Omniscient_,1
63,D:\MOX\OTHERS\SYS.C,Do_Print_Planet_Info_,55,D:\MOX\OTHERS\MISC.C,Font_Colors2_,1
63,D:\MOX\OTHERS\SYS.C,Do_Print_Planet_Info_,63,D:\MOX\OTHERS\SYS.C,Print_Special_Building_Data_,1
63,D:\MOX\OTHERS\SYS.C,Do_Print_Planet_Info_,102,D:\MOX\OTHERS\COLCALC.C,Planet_Max_Population_For_Player_,2
63,D:\MOX\OTHERS\SYS.C,Do_Print_System_Ship_Data_,47,D:\MOX\OTHERS\HACCESS.C,Ship_Owner_,2
63,D:\MOX\OTHERS\SYS.C,Do_Print_System_Ship_Data_,48,D:\MOX\OTHERS\HAROLD.C,H_Message_,5
63,D:\MOX\OTHERS\SYS.C,Do_Print_System_Ship_Data_,55,D:\MOX\OTHERS\MISC.C,Font_Colors2_,2
63,D:\MOX\OTHERS\SYS.C,Do_Print_System_Ship_Data_,63,D:\MOX\OTHERS\SYS.C,N_Ships_By_Type_At_Location_,1
63,D:\MOX\OTHERS\SYS.C,Draw_Gate_Icons_,48,D:\MOX\OTHERS\HAROLD.C,Star_Has_Artemis_Net_,1
63,D:\MOX\OTHERS\SYS.C,Draw_Gate_Icons_,48,D:\MOX\OTHERS\HAROLD.C,Star_Has_Dimensional_Portal_,1
63,D:\MOX\OTHERS\SYS.C,Draw_Planet_With_Pierced_Ring_,63,D:\MOX\OTHERS\SYS.C,Get_Rotating_Planet_Segment_,2
63,D:\MOX\OTHERS\SYS.C,Draw_Planet_With_Pierced_Ring_,63,D:\MOX\OTHERS\SYS.C,Remap_Draw_With_Mask_,1
63,D:\MOX\OTHERS\SYS.C,Draw_System_Display_Planets_,63,D:\MOX\OTHERS\SYS.C,Draw_Planet_With_Pierced_Ring_,1
63,D:\MOX\OTHERS\SYS.C,Draw_System_Display_Popup_,48,D:\MOX\OTHERS\HAROLD.C,Contact_With_One_Colony_,1
63,D:\MOX\OTHERS\SYS.C,Draw_System_Display_Popup_,48,D:\MOX\OTHERS\HAROLD.C,H_Message_,5
63,D:\MOX\OTHERS\SYS.C,Draw_System_Display_Popup_,48,D:\MOX\OTHERS\HAROLD.C,Player_Has_Visited_,2
63,D:\MOX\OTHERS\SYS.C,Draw_System_Display_Popup_,48,D:\MOX\OTHERS\HAROLD.C,Player_Sighted_Monster_,1
63,D:\MOX\OTHERS\SYS.C,Draw_System_Display_Popup_,55,D:\MOX\OTHERS\MISC.C,Draw_Darkened_Box_,1
63,D:\MOX\OTHERS\SYS.C,Draw_System_Display_Popup_,55,D:\MOX\OTHERS\MISC.C,Font_Colors2_,1
63,D:\MOX\OTHERS\SYS.C,Draw_System_Display_Popup_,63,D:\MOX\OTHERS\SYS.C,Do_Print_Planet_Info_,2
63,D:\MOX\OTHERS\SYS.C,Draw_System_Display_Popup_,63,D:\MOX\OTHERS\SYS.C,Draw_Colony_Marker_,1
63,D:\MOX\OTHERS\SYS.C,Draw_System_Display_Popup_,63,D:\MOX\OTHERS\SYS.C,Draw_Gate_Icons_,1
63,D:\MOX\OTHERS\SYS.C,Draw_System_Display_Popup_,63,D:\MOX\OTHERS\SYS.C,Draw_Outpost_Marker_,1
63,D:\MOX\OTHERS\SYS.C,Draw_System_Display_Popup_,63,D:\MOX\OTHERS\SYS.C,Draw_Sun_Seg_,2
63,D:\MOX\OTHERS\SYS.C,Draw_System_Display_Popup_,63,D:\MOX\OTHERS\SYS.C,Draw_System_Display_Border_,3
63,D:\MOX\OTHERS\SYS.C,Draw_System_Display_Popup_,63,D:\MOX\OTHERS\SYS.C,Draw_System_Display_Planets_,1
63,D:\MOX\OTHERS\SYS.C,Draw_System_Display_Popup_,63,D:\MOX\OTHERS\SYS.C,Draw_System_Highlight_,1
63,D:\MOX\OTHERS\SYS.C,Draw_System_Display_Popup_,63,D:\MOX\OTHERS\SYS.C,Draw_System_Ship_Icons_,1
63,D:\MOX\OTHERS\SYS.C,Draw_System_Display_Popup_,63,D:\MOX\OTHERS\SYS.C,Hide_System_Display_,2
63,D:\MOX\OTHERS\SYS.C,Draw_System_Display_Popup_,63,D:\MOX\OTHERS\SYS.C,Ok_To_View_System_,1
63,D:\MOX\OTHERS\SYS.C,Draw_System_Display_Popup_,63,D:\MOX\OTHERS\SYS.C,Print_Empty_System_Data_,1
63,D:\MOX\OTHERS\SYS.C,Draw_System_Display_Popup_,63,D:\MOX\OTHERS\SYS.C,Print_Gate_Info_,1
63,D:\MOX\OTHERS\SYS.C,Draw_System_Display_Popup_,63,D:\MOX\OTHERS\SYS.C,Print_System_Display_Box_Title_,2
63,D:\MOX\OTHERS\SYS.C,Draw_System_Display_Popup_,83,D:\MOX\OTHERS\MAINPUPS.C,Draw_System_Special_Popup_,2
63,D:\MOX\OTHERS\SYS.C,Draw_System_Ship_Icons_,55,D:\MOX\OTHERS\MISC.C,Draw_Darkened_Box_,1
63,D:\MOX\OTHERS\SYS.C,Draw_System_Ship_Icons_,63,D:\MOX\OTHERS\SYS.C,Buffer_Reload_System_Ships_,2
63,D:\MOX\OTHERS\SYS.C,Draw_System_Ship_Icons_,63,D:\MOX\OTHERS\SYS.C,Do_Print_System_Ship_Data_,2
63,D:\MOX\OTHERS\SYS.C,Get_Planet_Info_Box_Dimensions_,63,D:\MOX\OTHERS\SYS.C,Do_Print_Planet_Info_,1
63,D:\MOX\OTHERS\SYS.C,Get_System_Display_Ship_Icon_XY_,63,D:\MOX\OTHERS\SYS.C,Buffer_Reload_System_Ships_,2
63,D:\MOX\OTHERS\SYS.C,Get_System_Ship_Info_Box_Dimensions_,63,D:\MOX\OTHERS\SYS.C,Do_Print_System_Ship_Data_,1
63,D:\MOX\OTHERS\SYS.C,Hide_System_Display_,55,D:\MOX\OTHERS\MISC.C,Diagonal_Line_Fill_,1
63,D:\MOX\OTHERS\SYS.C,Hide_System_Display_,55,D:\MOX\OTHERS\MISC.C,Font_Colors2_,1
63,D:\MOX\OTHERS\SYS.C,Init_System_Display_,48,D:\MOX\OTHERS\HAROLD.C,Player_Sighted_Monster_,1
63,D:\MOX\OTHERS\SYS.C,Init_System_Display_,63,D:\MOX\OTHERS\SYS.C,Load_New_System_Display_,1
63,D:\MOX\OTHERS\SYS.C,Init_System_Display_,63,D:\MOX\OTHERS\SYS.C,Need_To_Reload_System_Display_,1
63,D:\MOX\OTHERS\SYS.C,Init_System_Display_,63,D:\MOX\OTHERS\SYS.C,Set_System_Display_Loaded_Flag_,1
63,D:\MOX\OTHERS\SYS.C,Init_System_Display_,83,D:\MOX\OTHERS\MAINPUPS.C,Clear_System_Special_Slots_,1
63,D:\MOX\OTHERS\SYS.C,Load_New_System_Display_,1,L:\MOX\MOX2.C,_TOGGLE_PAGES_,1
63,D:\MOX\OTHERS\SYS.C,Load_New_System_Display_,52,D:\MOX\OTHERS\MAINSCR.C,Draw_Mini_Main_Screen_,1
63,D:\MOX\OTHERS\SYS.C,Load_New_System_Display_,55,D:\MOX\OTHERS\MISC.C,Get_LBX_Message_,1
63,D:\MOX\OTHERS\SYS.C,Load_New_System_Display_,56,D:\MOX\OTHERS\MOVEBOX.C,Moveable_Box_Selected_,1
63,D:\MOX\OTHERS\SYS.C,Load_New_System_Display_,56,D:\MOX\OTHERS\MOVEBOX.C,Vanish_Fleet_Movement_Box_,1
63,D:\MOX\OTHERS\SYS.C,Load_New_System_Display_,63,D:\MOX\OTHERS\SYS.C,Calculate_Remap_Gray_Palettes_,1
63,D:\MOX\OTHERS\SYS.C,Load_New_System_Display_,63,D:\MOX\OTHERS\SYS.C,Get_Rotating_Planet_Segment_,1
63,D:\MOX\OTHERS\SYS.C,Load_New_System_Display_,63,D:\MOX\OTHERS\SYS.C,Ok_To_View_System_,1
63,D:\MOX\OTHERS\SYS.C,Load_New_System_Display_,106,D:\MOX\OTHERS\GEO.C,Get_Orbit_Display_X_Y_,1
63,D:\MOX\OTHERS\SYS.C,Load_New_System_Display_,117,D:\MOX\OTHERS\RUSS.C,Mox_Update_,4
63,D:\MOX\OTHERS\SYS.C,N_Ships_By_Type_At_Location_,47,D:\MOX\OTHERS\HACCESS.C,Ship_Owner_,1
63,D:\MOX\OTHERS\SYS.C,Ok_To_View_System_,48,D:\MOX\OTHERS\HAROLD.C,Player_Has_Visited_,1
63,D:\MOX\OTHERS\SYS.C,Ok_To_View_System_,48,D:\MOX\OTHERS\HAROLD.C,Player_Is_Omniscient_,1
63,D:\MOX\OTHERS\SYS.C,Potential_Colony_Info_Popup_,47,D:\MOX\OTHERS\HACCESS.C,Get_Planet_Name_No_Prime_,1
63,D:\MOX\OTHERS\SYS.C,Potential_Colony_Info_Popup_,48,D:\MOX\OTHERS\HAROLD.C,H_Message_,14
63,D:\MOX\OTHERS\SYS.C,Potential_Colony_Info_Popup_,64,D:\MOX\OTHERS\TEXTBOX.C,Text_Box_,1
63,D:\MOX\OTHERS\SYS.C,Potential_Colony_Info_Popup_,102,D:\MOX\OTHERS\COLCALC.C,Compute_Potential_Colony_Info_,1
63,D:\MOX\OTHERS\SYS.C,Potential_Colony_Info_Popup_,102,D:\MOX\OTHERS\COLCALC.C,Planet_Max_Population_For_Player_,1
63,D:\MOX\OTHERS\SYS.C,Print_Empty_System_Data_,55,D:\MOX\OTHERS\MISC.C,Change_Font_Style_,1
63,D:\MOX\OTHERS\SYS.C,Print_Empty_System_Data_,55,D:\MOX\OTHERS\MISC.C,Restore_Window_Status_,1
63,D:\MOX\OTHERS\SYS.C,Print_Empty_System_Data_,55,D:\MOX\OTHERS\MISC.C,Save_Window_Status_,1
63,D:\MOX\OTHERS\SYS.C,Print_Empty_System_Data_,79,D:\MOX\OTHERS\ERIC.C,Print_Paragraph_Centered_Vertically_,1
63,D:\MOX\OTHERS\SYS.C,Print_Empty_System_Data_,122,D:\MOX\BILL.C,_Get_Paragraph_Max_Width_,1
63,D:\MOX\OTHERS\SYS.C,Print_Gate_Info_,48,D:\MOX\OTHERS\HAROLD.C,H_Message_,3
63,D:\MOX\OTHERS\SYS.C,Print_Gate_Info_,48,D:\MOX\OTHERS\HAROLD.C,Player_Has_Artemis_Net_,1
63,D:\MOX\OTHERS\SYS.C,Print_Gate_Info_,48,D:\MOX\OTHERS\HAROLD.C,Player_Has_Dimensional_Portal_,1
63,D:\MOX\OTHERS\SYS.C,Print_Gate_Info_,55,D:\MOX\OTHERS\MISC.C,Draw_Darkened_Box_,1
63,D:\MOX\OTHERS\SYS.C,Print_Gate_Info_,55,D:\MOX\OTHERS\MISC.C,Font_Colors2_,1
63,D:\MOX\OTHERS\SYS.C,Print_Gate_Info_,122,D:\MOX\BILL.C,_Print_Paragraph_,1
63,D:\MOX\OTHERS\SYS.C,Print_Gate_Info_,124,D:\MOX\FMTPARA.C,Get_Formatted_Paragraph_Max_Height_,1
63,D:\MOX\OTHERS\SYS.C,Print_Gate_Info_,124,D:\MOX\FMTPARA.C,Get_Formatted_Paragraph_Max_Width_,1
63,D:\MOX\OTHERS\SYS.C,Print_Planet_Info_,63,D:\MOX\OTHERS\SYS.C,Do_Print_Planet_Info_,1
63,D:\MOX\OTHERS\SYS.C,Print_Special_Building_Data_,55,D:\MOX\OTHERS\MISC.C,Get_Font_Style_,2
63,D:\MOX\OTHERS\SYS.C,Print_System_Display_Box_Title_,55,D:\MOX\OTHERS\MISC.C,Font_Colors2_,2
63,D:\MOX\OTHERS\SYS.C,Print_System_Display_Box_Title_,55,D:\MOX\OTHERS\MISC.C,Get_Font_Spacing_,2
63,D:\MOX\OTHERS\SYS.C,Print_System_Display_Box_Title_,55,D:\MOX\OTHERS\MISC.C,Get_Font_Style_,1
63,D:\MOX\OTHERS\SYS.C,Print_System_Display_Box_Title_,55,D:\MOX\OTHERS\MISC.C,Set_Fitted_Font_Style_,1
63,D:\MOX\OTHERS\SYS.C,Print_System_Display_Box_Title_,55,D:\MOX\OTHERS\MISC.C,_Print_Centered_Shadow_Down_,1
63,D:\MOX\OTHERS\SYS.C,Print_System_Ship_Data_,63,D:\MOX\OTHERS\SYS.C,Do_Print_System_Ship_Data_,1
63,D:\MOX\OTHERS\SYS.C,Remap_Draw_With_Mask_,63,D:\MOX\OTHERS\SYS.C,Remap_Clipped_Draw_Animated_Sprite_Mask_,1
63,D:\MOX\OTHERS\SYS.C,Remap_Draw_With_Mask_,63,D:\MOX\OTHERS\SYS.C,Remap_Draw_Animated_Sprite_Mask_,1
63,D:\MOX\OTHERS\SYS.C,Ships_At_Location_String_,47,D:\MOX\OTHERS\HACCESS.C,Race_Name_String_,1
63,D:\MOX\OTHERS\SYS.C,Ships_At_Location_String_,48,D:\MOX\OTHERS\HAROLD.C,H_Message_,1
63,D:\MOX\OTHERS\SYS.C,Ships_At_Location_String_,63,D:\MOX\OTHERS\SYS.C,N_Ships_By_Type_At_Location_,1
63,D:\MOX\OTHERS\SYS.C,Wrapper_For_Informational_System_Fields_,63,D:\MOX\OTHERS\SYS.C,Add_System_Display_Popup_Fields_,1
63,D:\MOX\OTHERS\SYS.C,Wrapper_For_Informational_System_Fields_,63,D:\MOX\OTHERS\SYS.C,Init_System_Display_,1
63,D:\MOX\OTHERS\SYS.C,Wrapper_For_Normal_System_Fields_,63,D:\MOX\OTHERS\SYS.C,Add_System_Display_Popup_Fields_,1
63,D:\MOX\OTHERS\SYS.C,Wrapper_For_Normal_System_Fields_,63,D:\MOX\OTHERS\SYS.C,Init_System_Display_,1
63,D:\MOX\OTHERS\SYS.C,Wrapper_For_Normal_System_Popup_,48,D:\MOX\OTHERS\HAROLD.C,H_Message_,1
63,D:\MOX\OTHERS\SYS.C,Wrapper_For_Normal_System_Popup_,63,D:\MOX\OTHERS\SYS.C,Draw_System_Display_Popup_,1
63,D:\MOX\OTHERS\SYS.C,Wrapper_For_Normal_System_Popup_,63,D:\MOX\OTHERS\SYS.C,Init_System_Display_,1
64,D:\MOX\OTHERS\TEXTBOX.C,Box_Centered_On_XY_,55,D:\MOX\OTHERS\MISC.C,Restore_Window_Status_,1
64,D:\MOX\OTHERS\TEXTBOX.C,Box_Centered_On_XY_,55,D:\MOX\OTHERS\MISC.C,Save_Window_Status_,1
64,D:\MOX\OTHERS\TEXTBOX.C,Do_Text_Box_,55,D:\MOX\OTHERS\MISC.C,Font_Colors2_,3
64,D:\MOX\OTHERS\TEXTBOX.C,Do_Text_Box_,55,D:\MOX\OTHERS\MISC.C,Get_Font_Spacing_,1
64,D:\MOX\OTHERS\TEXTBOX.C,Do_Text_Box_,55,D:\MOX\OTHERS\MISC.C,Get_Font_Style_,1
64,D:\MOX\OTHERS\TEXTBOX.C,Do_Text_Box_,55,D:\MOX\OTHERS\MISC.C,Restore_Window_Status_,1
64,D:\MOX\OTHERS\TEXTBOX.C,Do_Text_Box_,55,D:\MOX\OTHERS\MISC.C,Save_Window_Status_,1
64,D:\MOX\OTHERS\TEXTBOX.C,Do_Text_Box_,55,D:\MOX\OTHERS\MISC.C,Set_Fitted_Font_Style_,1
64,D:\MOX\OTHERS\TEXTBOX.C,Do_Text_Box_,64,D:\MOX\OTHERS\TEXTBOX.C,Box_Centered_On_XY_,1
64,D:\MOX\OTHERS\TEXTBOX.C,Do_Text_Box_,64,D:\MOX\OTHERS\TEXTBOX.C,Get_Mox_Text_Box_Base_Colors_,1
64,D:\MOX\OTHERS\TEXTBOX.C,Do_Text_Box_,64,D:\MOX\OTHERS\TEXTBOX.C,Text_Box_Cleanup_,1
64,D:\MOX\OTHERS\TEXTBOX.C,Do_Text_Box_,64,D:\MOX\OTHERS\TEXTBOX.C,Text_Box_Get_Input_,1
64,D:\MOX\OTHERS\TEXTBOX.C,Do_Text_Box_,64,D:\MOX\OTHERS\TEXTBOX.C,Text_Box_Startup_,1
64,D:\MOX\OTHERS\TEXTBOX.C,Do_Text_Box_,124,D:\MOX\FMTPARA.C,Get_Formatted_Paragraph_Max_Height_,1
64,D:\MOX\OTHERS\TEXTBOX.C,Do_Text_Box_,124,D:\MOX\FMTPARA.C,Get_Last_Formatted_Paragraph_Max_Width_,2
64,D:\MOX\OTHERS\TEXTBOX.C,Do_Text_Box_,124,D:\MOX\FMTPARA.C,Print_Formatted_Paragraph_,1
64,D:\MOX\OTHERS\TEXTBOX.C,Draw_Help_Entry_,55,D:\MOX\OTHERS\MISC.C,Font_Colors2_,2
64,D:\MOX\OTHERS\TEXTBOX.C,Draw_Help_Entry_,64,D:\MOX\OTHERS\TEXTBOX.C,Box_Centered_On_XY_,1
64,D:\MOX\OTHERS\TEXTBOX.C,Draw_Help_Entry_,64,D:\MOX\OTHERS\TEXTBOX.C,Get_Help_Lbx_Name_,1
64,D:\MOX\OTHERS\TEXTBOX.C,Draw_Help_Entry_,64,D:\MOX\OTHERS\TEXTBOX.C,Get_Mox_Text_Box_Base_Colors_,1
64,D:\MOX\OTHERS\TEXTBOX.C,Draw_Help_Entry_,64,D:\MOX\OTHERS\TEXTBOX.C,Text_Box_Cleanup_,1
64,D:\MOX\OTHERS\TEXTBOX.C,Draw_Help_Entry_,64,D:\MOX\OTHERS\TEXTBOX.C,Text_Box_Get_Input_,1
64,D:\MOX\OTHERS\TEXTBOX.C,Draw_Help_Entry_,64,D:\MOX\OTHERS\TEXTBOX.C,Text_Box_Startup_,1
64,D:\MOX\OTHERS\TEXTBOX.C,Draw_Help_Entry_,124,D:\MOX\FMTPARA.C,Get_Formatted_Paragraph_Max_Height_,3
64,D:\MOX\OTHERS\TEXTBOX.C,Draw_Help_Entry_,124,D:\MOX\FMTPARA.C,Print_Formatted_Paragraph_,2
64,D:\MOX\OTHERS\TEXTBOX.C,Text_Box_,64,D:\MOX\OTHERS\TEXTBOX.C,Do_Text_Box_,1
64,D:\MOX\OTHERS\TEXTBOX.C,Text_Box_Cleanup_,1,L:\MOX\MOX2.C,Put_Auto_Function_,1
64,D:\MOX\OTHERS\TEXTBOX.C,Text_Box_Cleanup_,1,L:\MOX\MOX2.C,_TOGGLE_PAGES_,1
64,D:\MOX\OTHERS\TEXTBOX.C,Text_Box_Cleanup_,132,D:\MOX\FIELDSAV.C,Restore_Field_Stats_,1
64,D:\MOX\OTHERS\TEXTBOX.C,Text_Box_Get_Input_,1,L:\MOX\MOX2.C,_TOGGLE_PAGES_,2
64,D:\MOX\OTHERS\TEXTBOX.C,Text_Box_Startup_,1,L:\MOX\MOX2.C,Execute_Auto_Function_,1
64,D:\MOX\OTHERS\TEXTBOX.C,Text_Box_Startup_,1,L:\MOX\MOX2.C,Get_Auto_Function_,1
64,D:\MOX\OTHERS\TEXTBOX.C,Text_Box_Startup_,48,D:\MOX\OTHERS\HAROLD.C,Save_Mouse_List_,1
64,D:\MOX\OTHERS\TEXTBOX.C,Text_Box_Startup_,132,D:\MOX\FIELDSAV.C,Save_Field_Stats_,1
65,D:\MOX\OTHERS\BEAMS.C,Add_Damage_Indicator_For_Missile_,65,D:\MOX\OTHERS\BEAMS.C,Add_Damage_Message_To_Queue_,1
65,D:\MOX\OTHERS\BEAMS.C,Add_Damage_Indicator_For_Ship_,26,D:\MOX\OTHERS\COMBINIT.C,Ship_Center_Offsets_,1
65,D:\MOX\OTHERS\BEAMS.C,Add_Damage_Indicator_For_Ship_,65,D:\MOX\OTHERS\BEAMS.C,Add_Damage_Message_To_Queue_,1
65,D:\MOX\OTHERS\BEAMS.C,Adjust_Shield_Display_Status_,65,D:\MOX\OTHERS\BEAMS.C,Shield_Anims_,1
65,D:\MOX\OTHERS\BEAMS.C,Beam_SFX_,1,L:\MOX\MOX2.C,_TOGGLE_PAGES_,1
65,D:\MOX\OTHERS\BEAMS.C,Beam_SFX_,7,L:\MOX\ERICNET.C,Mox_Play_Sound_,2
65,D:\MOX\OTHERS\BEAMS.C,Beam_SFX_,19,D:\MOX\OTHERS\CMBTDRW1.C,Draw_Main_Combat_Screen_,2
65,D:\MOX\OTHERS\BEAMS.C,Beam_SFX_,19,D:\MOX\OTHERS\CMBTDRW1.C,Draw_Ship_,4
65,D:\MOX\OTHERS\BEAMS.C,Beam_SFX_,19,D:\MOX\OTHERS\CMBTDRW1.C,Relative_Bearing_,1
65,D:\MOX\OTHERS\BEAMS.C,Beam_SFX_,19,D:\MOX\OTHERS\CMBTDRW1.C,Relative_Bearing_XY_,1
65,D:\MOX\OTHERS\BEAMS.C,Beam_SFX_,21,D:\MOX\OTHERS\CMBTFIRE.C,Facing_Shield_,1
65,D:\MOX\OTHERS\BEAMS.C,Beam_SFX_,22,D:\MOX\OTHERS\CMBTMIS.C,Kill_Missile_,1
65,D:\MOX\OTHERS\BEAMS.C,Beam_SFX_,26,D:\MOX\OTHERS\COMBINIT.C,Ship_Center_Offsets_,4
65,D:\MOX\OTHERS\BEAMS.C,Beam_SFX_,65,D:\MOX\OTHERS\BEAMS.C,Add_Damage_Indicator_For_Missile_,1
65,D:\MOX\OTHERS\BEAMS.C,Beam_SFX_,65,D:\MOX\OTHERS\BEAMS.C,Add_Damage_Indicator_For_Ship_,1
65,D:\MOX\OTHERS\BEAMS.C,Beam_SFX_,65,D:\MOX\OTHERS\BEAMS.C,Adjust_Reflection_Field_Display_Status_,2
65,D:\MOX\OTHERS\BEAMS.C,Beam_SFX_,65,D:\MOX\OTHERS\BEAMS.C,Adjust_Shield_Display_Status_,1
65,D:\MOX\OTHERS\BEAMS.C,Beam_SFX_,65,D:\MOX\OTHERS\BEAMS.C,Beam_SFX_,1
65,D:\MOX\OTHERS\BEAMS.C,Beam_SFX_,65,D:\MOX\OTHERS\BEAMS.C,Done_Drawing_Damage_Message_Queue_,1
65,D:\MOX\OTHERS\BEAMS.C,Beam_SFX_,65,D:\MOX\OTHERS\BEAMS.C,Draw_Damage_Message_Queue_,1
65,D:\MOX\OTHERS\BEAMS.C,Beam_SFX_,65,D:\MOX\OTHERS\BEAMS.C,Draw_Reflection_Field_Hit_,1
65,D:\MOX\OTHERS\BEAMS.C,Beam_SFX_,65,D:\MOX\OTHERS\BEAMS.C,Draw_Shield_Hit_,1
65,D:\MOX\OTHERS\BEAMS.C,Beam_SFX_,65,D:\MOX\OTHERS\BEAMS.C,Fire_Weapon_,1
65,D:\MOX\OTHERS\BEAMS.C,Beam_SFX_,65,D:\MOX\OTHERS\BEAMS.C,Get_SFX_Draw_Shield_Facing2_,5
65,D:\MOX\OTHERS\BEAMS.C,Beam_SFX_,65,D:\MOX\OTHERS\BEAMS.C,Get_Ship_Range_,1
65,D:\MOX\OTHERS\BEAMS.C,Beam_SFX_,65,D:\MOX\OTHERS\BEAMS.C,N_Frames_For_Last_Weapon_Fired_,2
65,D:\MOX\OTHERS\BEAMS.C,Beam_SFX_,65,D:\MOX\OTHERS\BEAMS.C,Planet_Size_To_Shield_Size_,1
65,D:\MOX\OTHERS\BEAMS.C,Beam_SFX_,65,D:\MOX\OTHERS\BEAMS.C,Shield_Anims_,1
65,D:\MOX\OTHERS\BEAMS.C,Beam_SFX_,65,D:\MOX\OTHERS\BEAMS.C,Ship_Size_To_Shield_Size_,4
65,D:\MOX\OTHERS\BEAMS.C,Beam_SFX_,81,D:\MOX\OTHERS\FIREPTS.C,Calc_FP_Offsets_,1
65,D:\MOX\OTHERS\BEAMS.C,Beam_SFX_,81,D:\MOX\OTHERS\FIREPTS.C,N_Fire_Points_,1
65,D:\MOX\OTHERS\BEAMS.C,Draw_All_Shields_,1,L:\MOX\MOX2.C,_TOGGLE_PAGES_,1
65,D:\MOX\OTHERS\BEAMS.C,Draw_All_Shields_,39,D:\MOX\OTHERS\ASSERT.C,hgetch_,1
65,D:\MOX\OTHERS\BEAMS.C,Draw_All_Shields_,65,D:\MOX\OTHERS\BEAMS.C,Shield_Anims_,1
65,D:\MOX\OTHERS\BEAMS.C,Draw_Beam2_,65,D:\MOX\OTHERS\BEAMS.C,Set_Beam_Colors_,1
65,D:\MOX\OTHERS\BEAMS.C,Draw_Beam_,65,D:\MOX\OTHERS\BEAMS.C,Set_Beam_Colors_,1
65,D:\MOX\OTHERS\BEAMS.C,Draw_Damage_Indicator_Right2_,65,D:\MOX\OTHERS\BEAMS.C,Get_SFX_Draw_Shield_Facing2_,1
65,D:\MOX\OTHERS\BEAMS.C,Draw_Damage_Indicator_Right_,65,D:\MOX\OTHERS\BEAMS.C,Get_SFX_Draw_Shield_Facing_,1
65,D:\MOX\OTHERS\BEAMS.C,Draw_Damage_Message_Queue_,65,D:\MOX\OTHERS\BEAMS.C,Draw_Damage_Indicator_,1
65,D:\MOX\OTHERS\BEAMS.C,Draw_Damage_Message_Queue_,65,D:\MOX\OTHERS\BEAMS.C,Squish_Out_Msg_Queue_Slot_,1
65,D:\MOX\OTHERS\BEAMS.C,Draw_Damage_Message_Queue_Until_Done_,1,L:\MOX\MOX2.C,_TOGGLE_PAGES_,1
65,D:\MOX\OTHERS\BEAMS.C,Draw_Damage_Message_Queue_Until_Done_,19,D:\MOX\OTHERS\CMBTDRW1.C,Draw_Main_Combat_Screen_,1
65,D:\MOX\OTHERS\BEAMS.C,Draw_Damage_Message_Queue_Until_Done_,65,D:\MOX\OTHERS\BEAMS.C,Draw_Damage_Message_Queue_,1
65,D:\MOX\OTHERS\BEAMS.C,Draw_Fighter_Beam_,65,D:\MOX\OTHERS\BEAMS.C,Fire_Weapon_,1
65,D:\MOX\OTHERS\BEAMS.C,Draw_Generic_Beam_,65,D:\MOX\OTHERS\BEAMS.C,Draw_Beam2_,1
65,D:\MOX\OTHERS\BEAMS.C,Draw_Generic_Beam_,65,D:\MOX\OTHERS\BEAMS.C,Draw_Ship_Burst_,2
65,D:\MOX\OTHERS\BEAMS.C,Draw_Generic_Beam_,65,D:\MOX\OTHERS\BEAMS.C,Draw_Ship_Explosion_,1
65,D:\MOX\OTHERS\BEAMS.C,Draw_Generic_Beam_,65,D:\MOX\OTHERS\BEAMS.C,Get_Ship_Range_,1
65,D:\MOX\OTHERS\BEAMS.C,Draw_Generic_Beam_,65,D:\MOX\OTHERS\BEAMS.C,Rob_Interpolate_Line_,3
65,D:\MOX\OTHERS\BEAMS.C,Draw_Generic_Beam_,65,D:\MOX\OTHERS\BEAMS.C,Ship_Size_To_Shield_Size_,3
65,D:\MOX\OTHERS\BEAMS.C,Draw_Generic_Beam_,65,D:\MOX\OTHERS\BEAMS.C,XY_In_Reflection_Field_Radius_,1
65,D:\MOX\OTHERS\BEAMS.C,Draw_Generic_Beam_,65,D:\MOX\OTHERS\BEAMS.C,XY_In_Shield_Radius_,1
65,D:\MOX\OTHERS\BEAMS.C,Draw_Generic_Beam_,79,D:\MOX\OTHERS\ERIC.C,Draw_Centered_,1
65,D:\MOX\OTHERS\BEAMS.C,Draw_Reflection_Field_Hit_,7,L:\MOX\ERICNET.C,Mox_Play_Sound_,1
65,D:\MOX\OTHERS\BEAMS.C,Draw_Reflection_Field_Hit_,65,D:\MOX\OTHERS\BEAMS.C,Rot_To_Base_Rot_,1
65,D:\MOX\OTHERS\BEAMS.C,Draw_Reflection_Field_Hit_,65,D:\MOX\OTHERS\BEAMS.C,Rot_To_Rot_Method_,1
65,D:\MOX\OTHERS\BEAMS.C,Draw_Reflection_Field_Hit_,65,D:\MOX\OTHERS\BEAMS.C,Ship_Size_To_Shield_Size_,1
65,D:\MOX\OTHERS\BEAMS.C,Draw_Reflection_Field_Hit_Next_Frame_,65,D:\MOX\OTHERS\BEAMS.C,Adjust_Reflection_Field_Display_Status_,1
65,D:\MOX\OTHERS\BEAMS.C,Draw_Reflection_Field_Hit_Next_Frame_,65,D:\MOX\OTHERS\BEAMS.C,Draw_Reflection_Field_Hit_,1
65,D:\MOX\OTHERS\BEAMS.C,Draw_Reflection_Field_Hit_Next_Frame_,65,D:\MOX\OTHERS\BEAMS.C,Rot_To_Base_Rot_,1
65,D:\MOX\OTHERS\BEAMS.C,Draw_Reflection_Field_Hit_Next_Frame_,65,D:\MOX\OTHERS\BEAMS.C,Ship_Size_To_Shield_Size_,2
65,D:\MOX\OTHERS\BEAMS.C,Draw_Reflection_Field_Hit_Once_Through_,1,L:\MOX\MOX2.C,_TOGGLE_PAGES_,1
65,D:\MOX\OTHERS\BEAMS.C,Draw_Reflection_Field_Hit_Once_Through_,19,D:\MOX\OTHERS\CMBTDRW1.C,Draw_Main_Combat_Screen_,1
65,D:\MOX\OTHERS\BEAMS.C,Draw_Reflection_Field_Hit_Once_Through_,19,D:\MOX\OTHERS\CMBTDRW1.C,Draw_Ship_,1
65,D:\MOX\OTHERS\BEAMS.C,Draw_Reflection_Field_Hit_Once_Through_,26,D:\MOX\OTHERS\COMBINIT.C,Ship_Center_Offsets_,1
65,D:\MOX\OTHERS\BEAMS.C,Draw_Reflection_Field_Hit_Once_Through_,65,D:\MOX\OTHERS\BEAMS.C,Adjust_Reflection_Field_Display_Status_,1
65,D:\MOX\OTHERS\BEAMS.C,Draw_Reflection_Field_Hit_Once_Through_,65,D:\MOX\OTHERS\BEAMS.C,Done_Drawing_Damage_Message_Queue_,1
65,D:\MOX\OTHERS\BEAMS.C,Draw_Reflection_Field_Hit_Once_Through_,65,D:\MOX\OTHERS\BEAMS.C,Draw_Damage_Message_Queue_,1
65,D:\MOX\OTHERS\BEAMS.C,Draw_Reflection_Field_Hit_Once_Through_,65,D:\MOX\OTHERS\BEAMS.C,Draw_Reflection_Field_Hit_,1
65,D:\MOX\OTHERS\BEAMS.C,Draw_Reflection_Field_Hit_Once_Through_,65,D:\MOX\OTHERS\BEAMS.C,Ship_Size_To_Shield_Size_,2
65,D:\MOX\OTHERS\BEAMS.C,Draw_Shield_Hit_,7,L:\MOX\ERICNET.C,Mox_Play_Sound_,1
65,D:\MOX\OTHERS\BEAMS.C,Draw_Shield_Hit_,19,D:\MOX\OTHERS\CMBTDRW1.C,Draw_Ship_To_Bitmap_,1
65,D:\MOX\OTHERS\BEAMS.C,Draw_Shield_Hit_,19,D:\MOX\OTHERS\CMBTDRW1.C,Get_Draw_Ship_Offsets_,2
65,D:\MOX\OTHERS\BEAMS.C,Draw_Shield_Hit_,26,D:\MOX\OTHERS\COMBINIT.C,Ship_Center_Offsets_,2
65,D:\MOX\OTHERS\BEAMS.C,Draw_Shield_Hit_,65,D:\MOX\OTHERS\BEAMS.C,Planet_Size_To_Shield_Size_,2
65,D:\MOX\OTHERS\BEAMS.C,Draw_Shield_Hit_,65,D:\MOX\OTHERS\BEAMS.C,Rot_To_Base_Rot_,1
65,D:\MOX\OTHERS\BEAMS.C,Draw_Shield_Hit_,65,D:\MOX\OTHERS\BEAMS.C,Rot_To_Rot_Method_,1
65,D:\MOX\OTHERS\BEAMS.C,Draw_Shield_Hit_,65,D:\MOX\OTHERS\BEAMS.C,Shield_Anims_,4
65,D:\MOX\OTHERS\BEAMS.C,Draw_Shield_Hit_,65,D:\MOX\OTHERS\BEAMS.C,Ship_Size_To_Shield_Size_,2
65,D:\MOX\OTHERS\BEAMS.C,Draw_Shield_Hit_Next_Frame_,65,D:\MOX\OTHERS\BEAMS.C,Adjust_Shield_Display_Status_,1
65,D:\MOX\OTHERS\BEAMS.C,Draw_Shield_Hit_Next_Frame_,65,D:\MOX\OTHERS\BEAMS.C,Draw_Shield_Hit_,1
65,D:\MOX\OTHERS\BEAMS.C,Draw_Shield_Hit_Next_Frame_,65,D:\MOX\OTHERS\BEAMS.C,Rot_To_Base_Rot_,1
65,D:\MOX\OTHERS\BEAMS.C,Draw_Shield_Hit_Next_Frame_,65,D:\MOX\OTHERS\BEAMS.C,Shield_Anims_,2
65,D:\MOX\OTHERS\BEAMS.C,Draw_Shield_Hit_Next_Frame_,65,D:\MOX\OTHERS\BEAMS.C,Ship_Size_To_Shield_Size_,2
65,D:\MOX\OTHERS\BEAMS.C,Draw_Shield_Hit_Once_Through_,1,L:\MOX\MOX2.C,_TOGGLE_PAGES_,1
65,D:\MOX\OTHERS\BEAMS.C,Draw_Shield_Hit_Once_Through_,19,D:\MOX\OTHERS\CMBTDRW1.C,Draw_Main_Combat_Screen_,1
65,D:\MOX\OTHERS\BEAMS.C,Draw_Shield_Hit_Once_Through_,19,D:\MOX\OTHERS\CMBTDRW1.C,Draw_Ship_,1
65,D:\MOX\OTHERS\BEAMS.C,Draw_Shield_Hit_Once_Through_,26,D:\MOX\OTHERS\COMBINIT.C,Ship_Center_Offsets_,1
65,D:\MOX\OTHERS\BEAMS.C,Draw_Shield_Hit_Once_Through_,65,D:\MOX\OTHERS\BEAMS.C,Adjust_Shield_Display_Status_,1
65,D:\MOX\OTHERS\BEAMS.C,Draw_Shield_Hit_Once_Through_,65,D:\MOX\OTHERS\BEAMS.C,Done_Drawing_Damage_Message_Queue_,1
65,D:\MOX\OTHERS\BEAMS.C,Draw_Shield_Hit_Once_Through_,65,D:\MOX\OTHERS\BEAMS.C,Draw_Damage_Message_Queue_,1
65,D:\MOX\OTHERS\BEAMS.C,Draw_Shield_Hit_Once_Through_,65,D:\MOX\OTHERS\BEAMS.C,Draw_Shield_Hit_,1
65,D:\MOX\OTHERS\BEAMS.C,Draw_Shield_Hit_Once_Through_,65,D:\MOX\OTHERS\BEAMS.C,Shield_Anims_,1
65,D:\MOX\OTHERS\BEAMS.C,Draw_Shield_Hit_Once_Through_,65,D:\MOX\OTHERS\BEAMS.C,Ship_Size_To_Shield_Size_,2
65,D:\MOX\OTHERS\BEAMS.C,Draw_Ship_Burst_,79,D:\MOX\OTHERS\ERIC.C,Draw_Centered_,1
65,D:\MOX\OTHERS\BEAMS.C,Fire_Weapon_,7,L:\MOX\ERICNET.C,Mox_Play_Sound_,1
65,D:\MOX\OTHERS\BEAMS.C,Fire_Weapon_,65,D:\MOX\OTHERS\BEAMS.C,Add_Weapon_Palette_Fragment_To_Current_Palette_,1
65,D:\MOX\OTHERS\BEAMS.C,Fire_Weapon_,65,D:\MOX\OTHERS\BEAMS.C,Build_Steve_Stuff_Struct_For_Weapon_,1
65,D:\MOX\OTHERS\BEAMS.C,Fire_Weapon_,65,D:\MOX\OTHERS\BEAMS.C,Draw_Generic_Beam_,1
65,D:\MOX\OTHERS\BEAMS.C,Fire_Weapon_,65,D:\MOX\OTHERS\BEAMS.C,N_Frames_For_Last_Weapon_Fired_,1
65,D:\MOX\OTHERS\BEAMS.C,Get_SFX_Draw_Shield_Facing2_,26,D:\MOX\OTHERS\COMBINIT.C,Ship_Center_Offsets_,2
65,D:\MOX\OTHERS\BEAMS.C,Get_SFX_Draw_Shield_Facing_,26,D:\MOX\OTHERS\COMBINIT.C,Ship_Center_Offsets_,1
65,D:\MOX\OTHERS\BEAMS.C,Load_Combat_Beam_Stuff_,65,D:\MOX\OTHERS\BEAMS.C,Load_Shield_Hit_,1
65,D:\MOX\OTHERS\BEAMS.C,Load_Combat_Beam_Stuff_,65,D:\MOX\OTHERS\BEAMS.C,Load_Ship_Burst_,1
65,D:\MOX\OTHERS\BEAMS.C,Load_Combat_Beam_Stuff_,65,D:\MOX\OTHERS\BEAMS.C,Load_Ship_Explosion_,1
65,D:\MOX\OTHERS\BEAMS.C,Load_Combat_Beam_Stuff_,65,D:\MOX\OTHERS\BEAMS.C,Reflection_Field_Anims_,1
65,D:\MOX\OTHERS\BEAMS.C,Load_Combat_Beam_Stuff_,65,D:\MOX\OTHERS\BEAMS.C,Reset_Beam_Swapping_Colors_,1
65,D:\MOX\OTHERS\BEAMS.C,Load_Combat_Beam_Stuff_,81,D:\MOX\OTHERS\FIREPTS.C,Load_FP_Data_From_LBX_,1
65,D:\MOX\OTHERS\BEAMS.C,XY_In_Reflection_Field_Radius_,65,D:\MOX\OTHERS\BEAMS.C,Ship_Size_To_Shield_Size_,1
65,D:\MOX\OTHERS\BEAMS.C,XY_In_Shield_Radius_,65,D:\MOX\OTHERS\BEAMS.C,Ship_Size_To_Shield_Size_,1
66,D:\MOX\OTHERS\CMBTSPEC.C,Anti_Missile_Rockets_,1,L:\MOX\MOX2.C,_TOGGLE_PAGES_,1
66,D:\MOX\OTHERS\CMBTSPEC.C,Anti_Missile_Rockets_,7,L:\MOX\ERICNET.C,Mox_Play_Sound_,1
66,D:\MOX\OTHERS\CMBTSPEC.C,Anti_Missile_Rockets_,19,D:\MOX\OTHERS\CMBTDRW1.C,Draw_Main_Combat_Screen_,1
66,D:\MOX\OTHERS\CMBTSPEC.C,Anti_Missile_Rockets_,19,D:\MOX\OTHERS\CMBTDRW1.C,Draw_Ship_,1
66,D:\MOX\OTHERS\CMBTSPEC.C,Anti_Missile_Rockets_,22,D:\MOX\OTHERS\CMBTMIS.C,Kill_Missile_,1
66,D:\MOX\OTHERS\CMBTSPEC.C,Anti_Missile_Rockets_,65,D:\MOX\OTHERS\BEAMS.C,Add_Damage_Indicator_For_Missile_,1
66,D:\MOX\OTHERS\CMBTSPEC.C,Anti_Missile_Rockets_,65,D:\MOX\OTHERS\BEAMS.C,Draw_Damage_Message_Queue_,1
66,D:\MOX\OTHERS\CMBTSPEC.C,Anti_Missile_Rockets_,66,D:\MOX\OTHERS\CMBTSPEC.C,Draw_Anti_Missile_Rockets_,1
66,D:\MOX\OTHERS\CMBTSPEC.C,Destroy_Ship_FX_,1,L:\MOX\MOX2.C,_TOGGLE_PAGES_,3
66,D:\MOX\OTHERS\CMBTSPEC.C,Destroy_Ship_FX_,7,L:\MOX\ERICNET.C,Mox_Play_Sound_,1
66,D:\MOX\OTHERS\CMBTSPEC.C,Destroy_Ship_FX_,19,D:\MOX\OTHERS\CMBTDRW1.C,Draw_Main_Combat_Screen_,3
66,D:\MOX\OTHERS\CMBTSPEC.C,Destroy_Ship_FX_,19,D:\MOX\OTHERS\CMBTDRW1.C,Draw_Ship_,1
66,D:\MOX\OTHERS\CMBTSPEC.C,Destroy_Ship_FX_,19,D:\MOX\OTHERS\CMBTDRW1.C,Full_Draw_Combat_Screen_,2
66,D:\MOX\OTHERS\CMBTSPEC.C,Destroy_Ship_FX_,19,D:\MOX\OTHERS\CMBTDRW1.C,Get_Draw_Ship_Offsets_,1
66,D:\MOX\OTHERS\CMBTSPEC.C,Destroy_Ship_FX_,19,D:\MOX\OTHERS\CMBTDRW1.C,Refresh_Combat_Screen_Full_,1
66,D:\MOX\OTHERS\CMBTSPEC.C,Destroy_Ship_FX_,19,D:\MOX\OTHERS\CMBTDRW1.C,Ship_Completely_On_Screen_,1
66,D:\MOX\OTHERS\CMBTSPEC.C,Destroy_Ship_FX_,20,D:\MOX\OTHERS\CMBTFIR2.C,Damage_From_Ship_Exploding_,1
66,D:\MOX\OTHERS\CMBTSPEC.C,Destroy_Ship_FX_,25,D:\MOX\OTHERS\COMBAT1.C,Assign_Combat_Grids_,1
66,D:\MOX\OTHERS\CMBTSPEC.C,Destroy_Ship_FX_,26,D:\MOX\OTHERS\COMBINIT.C,Ship_Center_Offsets_,1
66,D:\MOX\OTHERS\CMBTSPEC.C,Destroy_Ship_FX_,26,D:\MOX\OTHERS\COMBINIT.C,Snap_Center_Combat_Screen_,1
66,D:\MOX\OTHERS\CMBTSPEC.C,Destroy_Ship_FX_,66,D:\MOX\OTHERS\CMBTSPEC.C,Do_Spherical_SFX_,1
66,D:\MOX\OTHERS\CMBTSPEC.C,Destroy_Ship_FX_,66,D:\MOX\OTHERS\CMBTSPEC.C,Play_Ship_Explosion_SFX_,1
66,D:\MOX\OTHERS\CMBTSPEC.C,Destroy_Ship_FX_,88,D:\MOX\OTHERS\ESTRINGS.C,E_Strings_,5
66,D:\MOX\OTHERS\CMBTSPEC.C,Do_Spherical_SFX_,1,L:\MOX\MOX2.C,_TOGGLE_PAGES_,1
66,D:\MOX\OTHERS\CMBTSPEC.C,Do_Spherical_SFX_,7,L:\MOX\ERICNET.C,Mox_Play_Sound_,4
66,D:\MOX\OTHERS\CMBTSPEC.C,Do_Spherical_SFX_,19,D:\MOX\OTHERS\CMBTDRW1.C,Draw_Main_Combat_Screen_,1
66,D:\MOX\OTHERS\CMBTSPEC.C,Do_Spherical_SFX_,19,D:\MOX\OTHERS\CMBTDRW1.C,Draw_Ship_,3
66,D:\MOX\OTHERS\CMBTSPEC.C,Do_Spherical_SFX_,19,D:\MOX\OTHERS\CMBTDRW1.C,Get_Ship_Center_Draw_XY_,1
66,D:\MOX\OTHERS\CMBTSPEC.C,Do_Spherical_SFX_,19,D:\MOX\OTHERS\CMBTDRW1.C,Refresh_Combat_Screen_Full_,1
66,D:\MOX\OTHERS\CMBTSPEC.C,Do_Spherical_SFX_,19,D:\MOX\OTHERS\CMBTDRW1.C,Relative_Bearing_,1
66,D:\MOX\OTHERS\CMBTSPEC.C,Do_Spherical_SFX_,19,D:\MOX\OTHERS\CMBTDRW1.C,Ship_Completely_On_Screen_,1
66,D:\MOX\OTHERS\CMBTSPEC.C,Do_Spherical_SFX_,21,D:\MOX\OTHERS\CMBTFIRE.C,Apply_Ship_Damage_,1
66,D:\MOX\OTHERS\CMBTSPEC.C,Do_Spherical_SFX_,21,D:\MOX\OTHERS\CMBTFIRE.C,Destroy_Ship_,1
66,D:\MOX\OTHERS\CMBTSPEC.C,Do_Spherical_SFX_,21,D:\MOX\OTHERS\CMBTFIRE.C,Facing_Shield_,1
66,D:\MOX\OTHERS\CMBTSPEC.C,Do_Spherical_SFX_,21,D:\MOX\OTHERS\CMBTFIRE.C,Is_Combat_Ship_Dead_,1
66,D:\MOX\OTHERS\CMBTSPEC.C,Do_Spherical_SFX_,22,D:\MOX\OTHERS\CMBTMIS.C,Get_Missile_Hits_,1
66,D:\MOX\OTHERS\CMBTSPEC.C,Do_Spherical_SFX_,22,D:\MOX\OTHERS\CMBTMIS.C,Kill_Missile_,1
66,D:\MOX\OTHERS\CMBTSPEC.C,Do_Spherical_SFX_,22,D:\MOX\OTHERS\CMBTMIS.C,Missile_Owner_,1
66,D:\MOX\OTHERS\CMBTSPEC.C,Do_Spherical_SFX_,23,D:\MOX\OTHERS\CMBTMOV1.C,Ship_Is_In_Stasis_,1
66,D:\MOX\OTHERS\CMBTSPEC.C,Do_Spherical_SFX_,26,D:\MOX\OTHERS\COMBINIT.C,Ship_Center_Offsets_,2
66,D:\MOX\OTHERS\CMBTSPEC.C,Do_Spherical_SFX_,26,D:\MOX\OTHERS\COMBINIT.C,Snap_Center_Combat_Screen_,1
66,D:\MOX\OTHERS\CMBTSPEC.C,Do_Spherical_SFX_,65,D:\MOX\OTHERS\BEAMS.C,Add_Damage_Indicator_For_Ship_,1
66,D:\MOX\OTHERS\CMBTSPEC.C,Do_Spherical_SFX_,65,D:\MOX\OTHERS\BEAMS.C,Draw_Damage_Message_Queue_Until_Done_,1
66,D:\MOX\OTHERS\CMBTSPEC.C,Do_Spherical_SFX_,66,D:\MOX\OTHERS\CMBTSPEC.C,Draw_Ship_Collapsing_,2
66,D:\MOX\OTHERS\CMBTSPEC.C,Do_Spherical_SFX_,74,D:\MOX\OTHERS\COLONY.C,Load_Ship_Bitm_,1
66,D:\MOX\OTHERS\CMBTSPEC.C,Do_Spherical_SFX_,79,D:\MOX\OTHERS\ERIC.C,Draw_Centered_,1
66,D:\MOX\OTHERS\CMBTSPEC.C,Draw_Anti_Missile_Rockets_,1,L:\MOX\MOX2.C,_TOGGLE_PAGES_,1
66,D:\MOX\OTHERS\CMBTSPEC.C,Draw_Anti_Missile_Rockets_,19,D:\MOX\OTHERS\CMBTDRW1.C,Draw_Main_Combat_Screen_,1
66,D:\MOX\OTHERS\CMBTSPEC.C,Draw_Anti_Missile_Rockets_,19,D:\MOX\OTHERS\CMBTDRW1.C,Draw_Ship_,1
66,D:\MOX\OTHERS\CMBTSPEC.C,Draw_Anti_Missile_Rockets_,26,D:\MOX\OTHERS\COMBINIT.C,Ship_Center_Offsets_,1
66,D:\MOX\OTHERS\CMBTSPEC.C,Draw_Anti_Missile_Rockets_,66,D:\MOX\OTHERS\CMBTSPEC.C,Draw_Anti_Missile_Rocket_Picture_,1
66,D:\MOX\OTHERS\CMBTSPEC.C,Draw_Cloak_,1,L:\MOX\MOX2.C,_TOGGLE_PAGES_,1
66,D:\MOX\OTHERS\CMBTSPEC.C,Draw_Cloak_,7,L:\MOX\ERICNET.C,Mox_Play_Sound_,1
66,D:\MOX\OTHERS\CMBTSPEC.C,Draw_Cloak_,19,D:\MOX\OTHERS\CMBTDRW1.C,Draw_Main_Combat_Screen_,1
66,D:\MOX\OTHERS\CMBTSPEC.C,Draw_Cloak_,19,D:\MOX\OTHERS\CMBTDRW1.C,Draw_Ship_To_Bitmap_,1
66,D:\MOX\OTHERS\CMBTSPEC.C,Draw_Cloak_,19,D:\MOX\OTHERS\CMBTDRW1.C,Get_Draw_Ship_Offsets_,2
66,D:\MOX\OTHERS\CMBTSPEC.C,Draw_Cloak_,19,D:\MOX\OTHERS\CMBTDRW1.C,Ship_On_Screen_,1
66,D:\MOX\OTHERS\CMBTSPEC.C,Draw_Continuing_Tractor_,26,D:\MOX\OTHERS\COMBINIT.C,Ship_Center_Offsets_,2
66,D:\MOX\OTHERS\CMBTSPEC.C,Draw_Gyro_Special_Effect_,1,L:\MOX\MOX2.C,_TOGGLE_PAGES_,2
66,D:\MOX\OTHERS\CMBTSPEC.C,Draw_Gyro_Special_Effect_,7,L:\MOX\ERICNET.C,Mox_Play_Sound_,2
66,D:\MOX\OTHERS\CMBTSPEC.C,Draw_Gyro_Special_Effect_,19,D:\MOX\OTHERS\CMBTDRW1.C,Draw_Main_Combat_Screen_,2
66,D:\MOX\OTHERS\CMBTSPEC.C,Draw_Gyro_Special_Effect_,19,D:\MOX\OTHERS\CMBTDRW1.C,Draw_Ship_,4
66,D:\MOX\OTHERS\CMBTSPEC.C,Draw_Gyro_Special_Effect_,26,D:\MOX\OTHERS\COMBINIT.C,Ship_Center_Offsets_,2
66,D:\MOX\OTHERS\CMBTSPEC.C,Draw_Moving_Tractor_,26,D:\MOX\OTHERS\COMBINIT.C,Ship_Center_Offsets_,2
66,D:\MOX\OTHERS\CMBTSPEC.C,Draw_Plasma_Web_,26,D:\MOX\OTHERS\COMBINIT.C,Ship_Center_Offsets_,1
66,D:\MOX\OTHERS\CMBTSPEC.C,Draw_Plasma_Web_,88,D:\MOX\OTHERS\ESTRINGS.C,E_Strings_,1
66,D:\MOX\OTHERS\CMBTSPEC.C,Draw_Ship_Collapsing_,19,D:\MOX\OTHERS\CMBTDRW1.C,Draw_Ship_To_Bitmap_,1
66,D:\MOX\OTHERS\CMBTSPEC.C,Draw_Ship_Collapsing_,26,D:\MOX\OTHERS\COMBINIT.C,Ship_Center_Offsets_,1
66,D:\MOX\OTHERS\CMBTSPEC.C,Draw_Ship_Collapsing_,79,D:\MOX\OTHERS\ERIC.C,Draw_Centered_,1
66,D:\MOX\OTHERS\CMBTSPEC.C,Draw_Stasis_Ball_,26,D:\MOX\OTHERS\COMBINIT.C,Ship_Center_Offsets_,1
66,D:\MOX\OTHERS\CMBTSPEC.C,Draw_Stasis_Ball_,88,D:\MOX\OTHERS\ESTRINGS.C,E_Strings_,1
66,D:\MOX\OTHERS\CMBTSPEC.C,Draw_Stasis_Beam_,1,L:\MOX\MOX2.C,_TOGGLE_PAGES_,2
66,D:\MOX\OTHERS\CMBTSPEC.C,Draw_Stasis_Beam_,7,L:\MOX\ERICNET.C,Mox_Play_Sound_,2
66,D:\MOX\OTHERS\CMBTSPEC.C,Draw_Stasis_Beam_,19,D:\MOX\OTHERS\CMBTDRW1.C,Draw_Main_Combat_Screen_,2
66,D:\MOX\OTHERS\CMBTSPEC.C,Draw_Stasis_Beam_,19,D:\MOX\OTHERS\CMBTDRW1.C,Draw_Ship_,1
66,D:\MOX\OTHERS\CMBTSPEC.C,Draw_Stasis_Beam_,19,D:\MOX\OTHERS\CMBTDRW1.C,Ship_Completely_On_Screen_,1
66,D:\MOX\OTHERS\CMBTSPEC.C,Draw_Stasis_Beam_,26,D:\MOX\OTHERS\COMBINIT.C,Ship_Center_Offsets_,2
66,D:\MOX\OTHERS\CMBTSPEC.C,Draw_Stasis_Beam_,26,D:\MOX\OTHERS\COMBINIT.C,Snap_Center_Combat_Screen_,1
66,D:\MOX\OTHERS\CMBTSPEC.C,Draw_Stasis_Beam_,66,D:\MOX\OTHERS\CMBTSPEC.C,Draw_Stasis_Ball_,1
66,D:\MOX\OTHERS\CMBTSPEC.C,Draw_Transporter_Bomb_Beam_,1,L:\MOX\MOX2.C,_TOGGLE_PAGES_,1
66,D:\MOX\OTHERS\CMBTSPEC.C,Draw_Transporter_Bomb_Beam_,7,L:\MOX\ERICNET.C,Mox_Play_Sound_,1
66,D:\MOX\OTHERS\CMBTSPEC.C,Draw_Transporter_Bomb_Beam_,19,D:\MOX\OTHERS\CMBTDRW1.C,Draw_Main_Combat_Screen_,1
66,D:\MOX\OTHERS\CMBTSPEC.C,Draw_Transporter_Bomb_Beam_,19,D:\MOX\OTHERS\CMBTDRW1.C,Draw_Ship_,1
66,D:\MOX\OTHERS\CMBTSPEC.C,Draw_Transporter_Bomb_Beam_,19,D:\MOX\OTHERS\CMBTDRW1.C,Get_Ship_Center_Draw_XY_,1
66,D:\MOX\OTHERS\CMBTSPEC.C,Gyro_Destablizer_,1,L:\MOX\MOX2.C,_TOGGLE_PAGES_,2
66,D:\MOX\OTHERS\CMBTSPEC.C,Gyro_Destablizer_,7,L:\MOX\ERICNET.C,Mox_Play_Sound_,1
66,D:\MOX\OTHERS\CMBTSPEC.C,Gyro_Destablizer_,19,D:\MOX\OTHERS\CMBTDRW1.C,Draw_Main_Combat_Screen_,1
66,D:\MOX\OTHERS\CMBTSPEC.C,Gyro_Destablizer_,19,D:\MOX\OTHERS\CMBTDRW1.C,Draw_Ship_,2
66,D:\MOX\OTHERS\CMBTSPEC.C,Gyro_Destablizer_,19,D:\MOX\OTHERS\CMBTDRW1.C,Full_Draw_Combat_Screen_,2
66,D:\MOX\OTHERS\CMBTSPEC.C,Gyro_Destablizer_,19,D:\MOX\OTHERS\CMBTDRW1.C,Ship_Completely_On_Screen_,1
66,D:\MOX\OTHERS\CMBTSPEC.C,Gyro_Destablizer_,26,D:\MOX\OTHERS\COMBINIT.C,Snap_Center_Combat_Screen_,1
66,D:\MOX\OTHERS\CMBTSPEC.C,Gyro_Destablizer_,65,D:\MOX\OTHERS\BEAMS.C,Add_Damage_Indicator_For_Ship_,1
66,D:\MOX\OTHERS\CMBTSPEC.C,Gyro_Destablizer_,65,D:\MOX\OTHERS\BEAMS.C,Draw_Damage_Message_Queue_Until_Done_,1
66,D:\MOX\OTHERS\CMBTSPEC.C,Gyro_Destablizer_,66,D:\MOX\OTHERS\CMBTSPEC.C,Draw_Gyro_Special_Effect_,1
66,D:\MOX\OTHERS\CMBTSPEC.C,Lightning_Field_,1,L:\MOX\MOX2.C,_TOGGLE_PAGES_,1
66,D:\MOX\OTHERS\CMBTSPEC.C,Lightning_Field_,7,L:\MOX\ERICNET.C,Mox_Play_Sound_,1
66,D:\MOX\OTHERS\CMBTSPEC.C,Lightning_Field_,19,D:\MOX\OTHERS\CMBTDRW1.C,Draw_Main_Combat_Screen_,1
66,D:\MOX\OTHERS\CMBTSPEC.C,Lightning_Field_,19,D:\MOX\OTHERS\CMBTDRW1.C,Draw_Ship_,1
66,D:\MOX\OTHERS\CMBTSPEC.C,Lightning_Field_,19,D:\MOX\OTHERS\CMBTDRW1.C,Ship_Completely_On_Screen_,1
66,D:\MOX\OTHERS\CMBTSPEC.C,Lightning_Field_,26,D:\MOX\OTHERS\COMBINIT.C,Ship_Center_Offsets_,1
66,D:\MOX\OTHERS\CMBTSPEC.C,Lightning_Field_,26,D:\MOX\OTHERS\COMBINIT.C,Snap_Center_Combat_Screen_,1
66,D:\MOX\OTHERS\CMBTSPEC.C,Missile_Launch_FX_,1,L:\MOX\MOX2.C,_TOGGLE_PAGES_,1
66,D:\MOX\OTHERS\CMBTSPEC.C,Missile_Launch_FX_,7,L:\MOX\ERICNET.C,Mox_Play_Sound_,2
66,D:\MOX\OTHERS\CMBTSPEC.C,Missile_Launch_FX_,19,D:\MOX\OTHERS\CMBTDRW1.C,Draw_Main_Combat_Screen_,1
66,D:\MOX\OTHERS\CMBTSPEC.C,Missile_Launch_FX_,22,D:\MOX\OTHERS\CMBTMIS.C,Move_Missile_,1
66,D:\MOX\OTHERS\CMBTSPEC.C,Missile_Launch_FX_,22,D:\MOX\OTHERS\CMBTMIS.C,Resolve_Missile_,1
66,D:\MOX\OTHERS\CMBTSPEC.C,Missile_Launch_FX_,22,D:\MOX\OTHERS\CMBTMIS.C,Retarget_Missile_,1
66,D:\MOX\OTHERS\CMBTSPEC.C,Plasma_Web_,1,L:\MOX\MOX2.C,_TOGGLE_PAGES_,2
66,D:\MOX\OTHERS\CMBTSPEC.C,Plasma_Web_,7,L:\MOX\ERICNET.C,Mox_Play_Sound_,2
66,D:\MOX\OTHERS\CMBTSPEC.C,Plasma_Web_,19,D:\MOX\OTHERS\CMBTDRW1.C,Draw_Main_Combat_Screen_,2
66,D:\MOX\OTHERS\CMBTSPEC.C,Plasma_Web_,19,D:\MOX\OTHERS\CMBTDRW1.C,Ship_Completely_On_Screen_,1
66,D:\MOX\OTHERS\CMBTSPEC.C,Plasma_Web_,26,D:\MOX\OTHERS\COMBINIT.C,Ship_Center_Offsets_,2
66,D:\MOX\OTHERS\CMBTSPEC.C,Plasma_Web_,26,D:\MOX\OTHERS\COMBINIT.C,Snap_Center_Combat_Screen_,1
66,D:\MOX\OTHERS\CMBTSPEC.C,Play_Ship_Explosion_SFX_,7,L:\MOX\ERICNET.C,Mox_Play_Sound_,2
66,D:\MOX\OTHERS\CMBTSPEC.C,Start_Ship_Engine_SFX_,7,L:\MOX\ERICNET.C,Mox_Play_Sound_,1
66,D:\MOX\OTHERS\CMBTSPEC.C,Stellar_Converter_,1,L:\MOX\MOX2.C,_TOGGLE_PAGES_,1
66,D:\MOX\OTHERS\CMBTSPEC.C,Stellar_Converter_,7,L:\MOX\ERICNET.C,Mox_Play_Sound_,1
66,D:\MOX\OTHERS\CMBTSPEC.C,Stellar_Converter_,19,D:\MOX\OTHERS\CMBTDRW1.C,Draw_Main_Combat_Screen_,1
66,D:\MOX\OTHERS\CMBTSPEC.C,Stellar_Converter_,19,D:\MOX\OTHERS\CMBTDRW1.C,Ship_Completely_On_Screen_,1
66,D:\MOX\OTHERS\CMBTSPEC.C,Stellar_Converter_,21,D:\MOX\OTHERS\CMBTFIRE.C,Apply_Ship_Damage_,1
66,D:\MOX\OTHERS\CMBTSPEC.C,Stellar_Converter_,26,D:\MOX\OTHERS\COMBINIT.C,Does_Combat_Ship_Have_Special_,2
66,D:\MOX\OTHERS\CMBTSPEC.C,Stellar_Converter_,26,D:\MOX\OTHERS\COMBINIT.C,Ship_Center_Offsets_,2
66,D:\MOX\OTHERS\CMBTSPEC.C,Stellar_Converter_,26,D:\MOX\OTHERS\COMBINIT.C,Snap_Center_Combat_Screen_,1
66,D:\MOX\OTHERS\CMBTSPEC.C,Stellar_Converter_,65,D:\MOX\OTHERS\BEAMS.C,Add_Damage_Indicator_For_Ship_,1
66,D:\MOX\OTHERS\CMBTSPEC.C,Stellar_Converter_,65,D:\MOX\OTHERS\BEAMS.C,Draw_Damage_Message_Queue_Until_Done_,1
66,D:\MOX\OTHERS\CMBTSPEC.C,Teleport_Enemy_Ship_,23,D:\MOX\OTHERS\CMBTMOV1.C,Draw_Teleporting_Ship_,1
66,D:\MOX\OTHERS\CMBTSPEC.C,Teleport_Enemy_Ship_,25,D:\MOX\OTHERS\COMBAT1.C,Assign_Combat_Grids_,1
66,D:\MOX\OTHERS\CMBTSPEC.C,Teleport_Enemy_Ship_,25,D:\MOX\OTHERS\COMBAT1.C,Set_Legal_Moves_,1
66,D:\MOX\OTHERS\CMBTSPEC.C,Teleport_Enemy_Ship_,26,D:\MOX\OTHERS\COMBINIT.C,Ship_Center_Offsets_,1
66,D:\MOX\OTHERS\CMBTSPEC.C,Teleport_Enemy_Ship_,66,D:\MOX\OTHERS\CMBTSPEC.C,Draw_Transporter_Bomb_Beam_,1
66,D:\MOX\OTHERS\CMBTSPEC.C,Tractor_Beam_,1,L:\MOX\MOX2.C,_TOGGLE_PAGES_,1
66,D:\MOX\OTHERS\CMBTSPEC.C,Tractor_Beam_,19,D:\MOX\OTHERS\CMBTDRW1.C,Draw_Main_Combat_Screen_,1
66,D:\MOX\OTHERS\CMBTSPEC.C,Tractor_Beam_,19,D:\MOX\OTHERS\CMBTDRW1.C,Refresh_Combat_Screen_Full_,1
66,D:\MOX\OTHERS\CMBTSPEC.C,Tractor_Beam_,25,D:\MOX\OTHERS\COMBAT1.C,Calc_Current_Speed_,1
66,D:\MOX\OTHERS\CMBTSPEC.C,Tractor_Beam_,26,D:\MOX\OTHERS\COMBINIT.C,Ship_Center_Offsets_,2
67,D:\MOX\OTHERS\COLBCACH.C,Cache_Load_Bldg_,74,D:\MOX\OTHERS\COLONY.C,Bldg_Coords_To_Effective_Frame_,1
67,D:\MOX\OTHERS\COLBCACH.C,Cache_Load_Bldg_,88,D:\MOX\OTHERS\ESTRINGS.C,E_Strings_,1
68,D:\MOX\OTHERS\COLBLDG.C,Add_Build_Queue_Fields_,88,D:\MOX\OTHERS\ESTRINGS.C,E_Strings_,1
68,D:\MOX\OTHERS\COLBLDG.C,Add_Buildings_Fields_,70,D:\MOX\OTHERS\COLDRAW.C,Calculate_Squish_Step_,1
68,D:\MOX\OTHERS\COLBLDG.C,Add_Buildings_Fields_,88,D:\MOX\OTHERS\ESTRINGS.C,E_Strings_,1
68,D:\MOX\OTHERS\COLBLDG.C,Add_Militarys_Fields_,70,D:\MOX\OTHERS\COLDRAW.C,Calculate_Squish_Step_,1
68,D:\MOX\OTHERS\COLBLDG.C,Add_Militarys_Fields_,88,D:\MOX\OTHERS\ESTRINGS.C,E_Strings_,1
68,D:\MOX\OTHERS\COLBLDG.C,Add_Refited_Ship_To_Queue_,41,D:\MOX\OTHERS\DESIGN.C,Cost_Of_Design_,2
68,D:\MOX\OTHERS\COLBLDG.C,Add_Refited_Ship_To_Queue_,52,D:\MOX\OTHERS\MAINSCR.C,Update_Ship_Icons_In_Between_Turns_,1
68,D:\MOX\OTHERS\COLBLDG.C,Add_Refited_Ship_To_Queue_,68,D:\MOX\OTHERS\COLBLDG.C,Add_To_Queue_,1
68,D:\MOX\OTHERS\COLBLDG.C,Add_Refited_Ship_To_Queue_,79,D:\MOX\OTHERS\ERIC.C,Help_,1
68,D:\MOX\OTHERS\COLBLDG.C,Add_Refited_Ship_To_Queue_,88,D:\MOX\OTHERS\ESTRINGS.C,E_Strings_,1
68,D:\MOX\OTHERS\COLBLDG.C,Add_To_Queue_,28,D:\MOX\OTHERS\INITSHIP.C,Load_Colony_Ship_Design_,1
68,D:\MOX\OTHERS\COLBLDG.C,Add_To_Queue_,28,D:\MOX\OTHERS\INITSHIP.C,Load_Outpost_Ship_Design_,1
68,D:\MOX\OTHERS\COLBLDG.C,Add_To_Queue_,28,D:\MOX\OTHERS\INITSHIP.C,Load_Transport_Ship_Design_,1
68,D:\MOX\OTHERS\COLBLDG.C,Add_To_Queue_,46,D:\MOX\OTHERS\GENDRAW.C,Do_Confirmation_Box_,1
68,D:\MOX\OTHERS\COLBLDG.C,Add_To_Queue_,68,D:\MOX\OTHERS\COLBLDG.C,Add_To_Queue_,1
68,D:\MOX\OTHERS\COLBLDG.C,Add_To_Queue_,68,D:\MOX\OTHERS\COLBLDG.C,Auto_Design_Type_,4
68,D:\MOX\OTHERS\COLBLDG.C,Add_To_Queue_,68,D:\MOX\OTHERS\COLBLDG.C,Colbldg_Create_Ship_,2
68,D:\MOX\OTHERS\COLBLDG.C,Add_To_Queue_,68,D:\MOX\OTHERS\COLBLDG.C,Defragment_Queue_,1
68,D:\MOX\OTHERS\COLBLDG.C,Add_To_Queue_,68,D:\MOX\OTHERS\COLBLDG.C,Insert_Before_Queue_Slot_,1
68,D:\MOX\OTHERS\COLBLDG.C,Add_To_Queue_,68,D:\MOX\OTHERS\COLBLDG.C,N_Prods_In_Queue_,3
68,D:\MOX\OTHERS\COLBLDG.C,Add_To_Queue_,74,D:\MOX\OTHERS\COLONY.C,Reset_Mouse_Picture_,4
68,D:\MOX\OTHERS\COLBLDG.C,Add_To_Queue_,79,D:\MOX\OTHERS\ERIC.C,Help_,5
68,D:\MOX\OTHERS\COLBLDG.C,Add_To_Queue_,88,D:\MOX\OTHERS\ESTRINGS.C,E_Strings_,6
68,D:\MOX\OTHERS\COLBLDG.C,Add_To_Queue_,102,D:\MOX\OTHERS\COLCALC.C,Colony_Can_Build_Product_,2
68,D:\MOX\OTHERS\COLBLDG.C,Add_To_Queue_,102,D:\MOX\OTHERS\COLCALC.C,Planet_Max_Population_For_Player_,1
68,D:\MOX\OTHERS\COLBLDG.C,Build_Arrays_,68,D:\MOX\OTHERS\COLBLDG.C,Calculate_Building_Array_,1
68,D:\MOX\OTHERS\COLBLDG.C,Build_Queue_Popup_,1,L:\MOX\MOX2.C,_TOGGLE_PAGES_,1
68,D:\MOX\OTHERS\COLBLDG.C,Build_Queue_Popup_,28,D:\MOX\OTHERS\INITSHIP.C,Load_Doom_Star_Ship_Design_,1
68,D:\MOX\OTHERS\COLBLDG.C,Build_Queue_Popup_,48,D:\MOX\OTHERS\HAROLD.C,Planet_Index_,1
68,D:\MOX\OTHERS\COLBLDG.C,Build_Queue_Popup_,68,D:\MOX\OTHERS\COLBLDG.C,Calculate_Building_Array_,1
68,D:\MOX\OTHERS\COLBLDG.C,Build_Queue_Popup_,68,D:\MOX\OTHERS\COLBLDG.C,Calculate_Military_Array_,1
68,D:\MOX\OTHERS\COLBLDG.C,Build_Queue_Popup_,68,D:\MOX\OTHERS\COLBLDG.C,Clear_Last_App_Description_String_,1
68,D:\MOX\OTHERS\COLBLDG.C,Build_Queue_Popup_,68,D:\MOX\OTHERS\COLBLDG.C,Draw_Build_Queue_Popup_,2
68,D:\MOX\OTHERS\COLBLDG.C,Build_Queue_Popup_,74,D:\MOX\OTHERS\COLONY.C,Load_Colony_Screen_Seg_,1
68,D:\MOX\OTHERS\COLBLDG.C,Build_Queue_Popup_,74,D:\MOX\OTHERS\COLONY.C,Load_Planet_Screen_,1
68,D:\MOX\OTHERS\COLBLDG.C,Build_Queue_Popup_,74,D:\MOX\OTHERS\COLONY.C,Make_Bldg_Array_For_Colony_,1
68,D:\MOX\OTHERS\COLBLDG.C,Build_Queue_Popup_,74,D:\MOX\OTHERS\COLONY.C,Reset_Mouse_Picture_,1
68,D:\MOX\OTHERS\COLBLDG.C,Build_Queue_Popup_,74,D:\MOX\OTHERS\COLONY.C,Update_Colony_Palette_,1
68,D:\MOX\OTHERS\COLBLDG.C,Build_Queue_Popup_,79,D:\MOX\OTHERS\ERIC.C,Fast_Fade_In_,1
68,D:\MOX\OTHERS\COLBLDG.C,Build_Queue_Popup_,79,D:\MOX\OTHERS\ERIC.C,Fast_Fade_Out_,1
68,D:\MOX\OTHERS\COLBLDG.C,Build_Queue_Popup_,79,D:\MOX\OTHERS\ERIC.C,Fast_Fade_Out_Needed_For_Colony_Palette_,1
68,D:\MOX\OTHERS\COLBLDG.C,Build_Queue_Popup_,86,D:\MOX\OTHERS\ERICHELP.C,Set_Building_Queue_Screen_Help_List_,2
68,D:\MOX\OTHERS\COLBLDG.C,Build_Queue_Popup_,88,D:\MOX\OTHERS\ESTRINGS.C,E_Strings_,1
68,D:\MOX\OTHERS\COLBLDG.C,Build_Ship_Design_Info_Formatted_Paragraph_,45,D:\MOX\OTHERS\FLT2.C,Crew_Description_String_,2
68,D:\MOX\OTHERS\COLBLDG.C,Build_Ship_Design_Info_Formatted_Paragraph_,58,D:\MOX\OTHERS\OFFICER.C,Leader_Name_,1
68,D:\MOX\OTHERS\COLBLDG.C,Build_Ship_Design_Info_Formatted_Paragraph_,68,D:\MOX\OTHERS\COLBLDG.C,Build_Weapon_String_,1
68,D:\MOX\OTHERS\COLBLDG.C,Build_Ship_Design_Info_Formatted_Paragraph_,88,D:\MOX\OTHERS\ESTRINGS.C,E_Strings_,16
68,D:\MOX\OTHERS\COLBLDG.C,Build_Weapon_String_,88,D:\MOX\OTHERS\ESTRINGS.C,E_Strings_,4
68,D:\MOX\OTHERS\COLBLDG.C,Calculate_Building_Array_,102,D:\MOX\OTHERS\COLCALC.C,Colony_Can_Build_Product_,1
68,D:\MOX\OTHERS\COLBLDG.C,Calculate_Military_Array_,68,D:\MOX\OTHERS\COLBLDG.C,N_Prods_In_Queue_,1
68,D:\MOX\OTHERS\COLBLDG.C,Calculate_Military_Array_,68,D:\MOX\OTHERS\COLBLDG.C,Selection_Name_,1
68,D:\MOX\OTHERS\COLBLDG.C,Calculate_Military_Array_,68,D:\MOX\OTHERS\COLBLDG.C,Star_N_Uncolonized_Worlds_,1
68,D:\MOX\OTHERS\COLBLDG.C,Calculate_Military_Array_,88,D:\MOX\OTHERS\ESTRINGS.C,E_Strings_,1
68,D:\MOX\OTHERS\COLBLDG.C,Calculate_Military_Array_,102,D:\MOX\OTHERS\COLCALC.C,Colony_Can_Build_Product_,6
68,D:\MOX\OTHERS\COLBLDG.C,Clear_Colony_Queue_,68,D:\MOX\OTHERS\COLBLDG.C,Delete_From_Colony_Queue_,1
68,D:\MOX\OTHERS\COLBLDG.C,Colbldg_Create_Ship_,68,D:\MOX\OTHERS\COLBLDG.C,Create_Ship_,1
68,D:\MOX\OTHERS\COLBLDG.C,Create_Ship_,88,D:\MOX\OTHERS\ESTRINGS.C,E_Strings_,2
68,D:\MOX\OTHERS\COLBLDG.C,Defragment_Queue_,68,D:\MOX\OTHERS\COLBLDG.C,Squish_Out_Queue_Slot_,1
68,D:\MOX\OTHERS\COLBLDG.C,Delete_From_Queue_,46,D:\MOX\OTHERS\GENDRAW.C,Do_Confirmation_Box_,2
68,D:\MOX\OTHERS\COLBLDG.C,Delete_From_Queue_,68,D:\MOX\OTHERS\COLBLDG.C,Squish_Out_Queue_Slot_,3
68,D:\MOX\OTHERS\COLBLDG.C,Delete_From_Queue_,79,D:\MOX\OTHERS\ERIC.C,Sint_Is_In_List_,2
68,D:\MOX\OTHERS\COLBLDG.C,Delete_From_Queue_,88,D:\MOX\OTHERS\ESTRINGS.C,E_Strings_,2
68,D:\MOX\OTHERS\COLBLDG.C,Delete_Prod_From_Colony_Queue_,68,D:\MOX\OTHERS\COLBLDG.C,Delete_From_Colony_Queue_,1
68,D:\MOX\OTHERS\COLBLDG.C,Delete_Prod_From_Colony_Queue_,68,D:\MOX\OTHERS\COLBLDG.C,First_Prod_Colony_Queue_Slot_,2
68,D:\MOX\OTHERS\COLBLDG.C,Do_Exit_Screen_Cleanup_,46,D:\MOX\OTHERS\GENDRAW.C,Do_Confirmation_Box_,2
68,D:\MOX\OTHERS\COLBLDG.C,Do_Exit_Screen_Cleanup_,68,D:\MOX\OTHERS\COLBLDG.C,Add_Refited_Ship_To_Queue_,1
68,D:\MOX\OTHERS\COLBLDG.C,Do_Exit_Screen_Cleanup_,68,D:\MOX\OTHERS\COLBLDG.C,Add_To_Queue_,2
68,D:\MOX\OTHERS\COLBLDG.C,Do_Exit_Screen_Cleanup_,68,D:\MOX\OTHERS\COLBLDG.C,Calculate_Military_Array_,1
68,D:\MOX\OTHERS\COLBLDG.C,Do_Exit_Screen_Cleanup_,68,D:\MOX\OTHERS\COLBLDG.C,Defragment_Queue_,1
68,D:\MOX\OTHERS\COLBLDG.C,Do_Exit_Screen_Cleanup_,68,D:\MOX\OTHERS\COLBLDG.C,Delete_From_Queue_,2
68,D:\MOX\OTHERS\COLBLDG.C,Do_Exit_Screen_Cleanup_,68,D:\MOX\OTHERS\COLBLDG.C,Do_Exit_Screen_Cleanup_,4
68,D:\MOX\OTHERS\COLBLDG.C,Do_Exit_Screen_Cleanup_,68,D:\MOX\OTHERS\COLBLDG.C,First_Prod_Queue_Slot_,1
68,D:\MOX\OTHERS\COLBLDG.C,Do_Exit_Screen_Cleanup_,68,D:\MOX\OTHERS\COLBLDG.C,Insert_Before_Queue_Slot_,1
68,D:\MOX\OTHERS\COLBLDG.C,Do_Exit_Screen_Cleanup_,68,D:\MOX\OTHERS\COLBLDG.C,N_Prods_In_Queue_,1
68,D:\MOX\OTHERS\COLBLDG.C,Do_Exit_Screen_Cleanup_,68,D:\MOX\OTHERS\COLBLDG.C,Remove_Ships_,2
68,D:\MOX\OTHERS\COLBLDG.C,Do_Exit_Screen_Cleanup_,68,D:\MOX\OTHERS\COLBLDG.C,Selection_Name_,2
68,D:\MOX\OTHERS\COLBLDG.C,Do_Exit_Screen_Cleanup_,68,D:\MOX\OTHERS\COLBLDG.C,Something_Behind_Settting_,3
68,D:\MOX\OTHERS\COLBLDG.C,Do_Exit_Screen_Cleanup_,68,D:\MOX\OTHERS\COLBLDG.C,Squish_Out_Queue_Slot_,1
68,D:\MOX\OTHERS\COLBLDG.C,Do_Exit_Screen_Cleanup_,68,D:\MOX\OTHERS\COLBLDG.C,Star_N_Uncolonized_Worlds_,1
68,D:\MOX\OTHERS\COLBLDG.C,Do_Exit_Screen_Cleanup_,74,D:\MOX\OTHERS\COLONY.C,Get_Next_Colony_,2
68,D:\MOX\OTHERS\COLBLDG.C,Do_Exit_Screen_Cleanup_,74,D:\MOX\OTHERS\COLONY.C,Reset_Mouse_Picture_,11
68,D:\MOX\OTHERS\COLBLDG.C,Do_Exit_Screen_Cleanup_,74,D:\MOX\OTHERS\COLONY.C,Set_Colony_Screen_To_New_Colony_,2
68,D:\MOX\OTHERS\COLBLDG.C,Do_Exit_Screen_Cleanup_,74,D:\MOX\OTHERS\COLONY.C,Tested_Colony_Buys_Outright_,1
68,D:\MOX\OTHERS\COLBLDG.C,Do_Exit_Screen_Cleanup_,75,D:\MOX\OTHERS\COLREFIT.C,Colony_Refit2_Popup_,1
68,D:\MOX\OTHERS\COLBLDG.C,Do_Exit_Screen_Cleanup_,75,D:\MOX\OTHERS\COLREFIT.C,Colony_Refit_Popup_,1
68,D:\MOX\OTHERS\COLBLDG.C,Do_Exit_Screen_Cleanup_,79,D:\MOX\OTHERS\ERIC.C,Help_,6
68,D:\MOX\OTHERS\COLBLDG.C,Do_Exit_Screen_Cleanup_,79,D:\MOX\OTHERS\ERIC.C,Sint_Is_In_List_,2
68,D:\MOX\OTHERS\COLBLDG.C,Do_Exit_Screen_Cleanup_,88,D:\MOX\OTHERS\ESTRINGS.C,E_Strings_,8
68,D:\MOX\OTHERS\COLBLDG.C,Do_Exit_Screen_Cleanup_,102,D:\MOX\OTHERS\COLCALC.C,Colony_Calculation_,1
68,D:\MOX\OTHERS\COLBLDG.C,Draw_Active_Prod_,74,D:\MOX\OTHERS\COLONY.C,Reset_Mouse_Picture_,1
68,D:\MOX\OTHERS\COLBLDG.C,Draw_Build_Queue_,68,D:\MOX\OTHERS\COLBLDG.C,Selection_Name_,2
68,D:\MOX\OTHERS\COLBLDG.C,Draw_Build_Queue_,88,D:\MOX\OTHERS\ESTRINGS.C,E_Strings_,1
68,D:\MOX\OTHERS\COLBLDG.C,Draw_Build_Queue_,122,D:\MOX\BILL.C,Squeeze_Print_Centered_,1
68,D:\MOX\OTHERS\COLBLDG.C,Draw_Build_Queue_Popup_,47,D:\MOX\OTHERS\HACCESS.C,Get_Planet_Name_,1
68,D:\MOX\OTHERS\COLBLDG.C,Draw_Build_Queue_Popup_,68,D:\MOX\OTHERS\COLBLDG.C,Add_Build_Queue_Fields_,1
68,D:\MOX\OTHERS\COLBLDG.C,Draw_Build_Queue_Popup_,68,D:\MOX\OTHERS\COLBLDG.C,Add_Buildings_Fields_,1
68,D:\MOX\OTHERS\COLBLDG.C,Draw_Build_Queue_Popup_,68,D:\MOX\OTHERS\COLBLDG.C,Add_Militarys_Fields_,1
68,D:\MOX\OTHERS\COLBLDG.C,Draw_Build_Queue_Popup_,68,D:\MOX\OTHERS\COLBLDG.C,Draw_Active_Prod_,1
68,D:\MOX\OTHERS\COLBLDG.C,Draw_Build_Queue_Popup_,68,D:\MOX\OTHERS\COLBLDG.C,Draw_Build_Queue_,1
68,D:\MOX\OTHERS\COLBLDG.C,Draw_Build_Queue_Popup_,68,D:\MOX\OTHERS\COLBLDG.C,Draw_Buildings_List_,1
68,D:\MOX\OTHERS\COLBLDG.C,Draw_Build_Queue_Popup_,68,D:\MOX\OTHERS\COLBLDG.C,Draw_Current_Selection_,1
68,D:\MOX\OTHERS\COLBLDG.C,Draw_Build_Queue_Popup_,68,D:\MOX\OTHERS\COLBLDG.C,Draw_Militarys_List_,1
68,D:\MOX\OTHERS\COLBLDG.C,Draw_Build_Queue_Popup_,70,D:\MOX\OTHERS\COLDRAW.C,Draw_Road_List_,1
68,D:\MOX\OTHERS\COLBLDG.C,Draw_Build_Queue_Popup_,74,D:\MOX\OTHERS\COLONY.C,C_Anims_,1
68,D:\MOX\OTHERS\COLBLDG.C,Draw_Build_Queue_Popup_,74,D:\MOX\OTHERS\COLONY.C,Draw_Colony_Bldgs_,1
68,D:\MOX\OTHERS\COLBLDG.C,Draw_Build_Queue_Popup_,88,D:\MOX\OTHERS\ESTRINGS.C,E_Strings_,16
68,D:\MOX\OTHERS\COLBLDG.C,Draw_Build_Queue_Popup_,122,D:\MOX\BILL.C,Squeeze_Paragraph_Centered_,1
68,D:\MOX\OTHERS\COLBLDG.C,Draw_Building_Centered_In_Window_,74,D:\MOX\OTHERS\COLONY.C,Draw_Building_With_Bottom_Centered_,1
68,D:\MOX\OTHERS\COLBLDG.C,Draw_Building_Info_,68,D:\MOX\OTHERS\COLBLDG.C,Draw_Building_Centered_In_Window_,1
68,D:\MOX\OTHERS\COLBLDG.C,Draw_Building_Info_,68,D:\MOX\OTHERS\COLBLDG.C,Draw_Cost_And_Time_Info_,1
68,D:\MOX\OTHERS\COLBLDG.C,Draw_Building_Info_,68,D:\MOX\OTHERS\COLBLDG.C,Print_App_Description_,1
68,D:\MOX\OTHERS\COLBLDG.C,Draw_Building_Info_,74,D:\MOX\OTHERS\COLONY.C,Satellite_Anim_,1
68,D:\MOX\OTHERS\COLBLDG.C,Draw_Building_Info_,74,D:\MOX\OTHERS\COLONY.C,Satellite_Name_,1
68,D:\MOX\OTHERS\COLBLDG.C,Draw_Building_Info_,79,D:\MOX\OTHERS\ERIC.C,Draw_Centered_,1
68,D:\MOX\OTHERS\COLBLDG.C,Draw_Building_Info_,122,D:\MOX\BILL.C,Squeeze_Print_,1
68,D:\MOX\OTHERS\COLBLDG.C,Draw_Buildings_List_,68,D:\MOX\OTHERS\COLBLDG.C,Get_Font_Off_For_Buildings_,1
68,D:\MOX\OTHERS\COLBLDG.C,Draw_Buildings_List_,68,D:\MOX\OTHERS\COLBLDG.C,Selection_Name_,1
68,D:\MOX\OTHERS\COLBLDG.C,Draw_Buildings_List_,70,D:\MOX\OTHERS\COLDRAW.C,Calculate_Squish_Step_,1
68,D:\MOX\OTHERS\COLBLDG.C,Draw_Buildings_List_,122,D:\MOX\BILL.C,Squeeze_Print_,1
68,D:\MOX\OTHERS\COLBLDG.C,Draw_Centered_In_Window_,79,D:\MOX\OTHERS\ERIC.C,Draw_Centered_,1
68,D:\MOX\OTHERS\COLBLDG.C,Draw_Cost_And_Time_Info_,74,D:\MOX\OTHERS\COLONY.C,Calculate_Colony_Turn_Count_From_Scrap_For_Prod_,1
68,D:\MOX\OTHERS\COLBLDG.C,Draw_Cost_And_Time_Info_,74,D:\MOX\OTHERS\COLONY.C,Calculate_Current_Production_Turn_Count_,1
68,D:\MOX\OTHERS\COLBLDG.C,Draw_Cost_And_Time_Info_,88,D:\MOX\OTHERS\ESTRINGS.C,E_Strings_,4
68,D:\MOX\OTHERS\COLBLDG.C,Draw_Cost_And_Time_Info_,102,D:\MOX\OTHERS\COLCALC.C,Colony_Product_Cost_,1
68,D:\MOX\OTHERS\COLBLDG.C,Draw_Cost_And_Time_Info_,122,D:\MOX\BILL.C,Squeeze_Print_,2
68,D:\MOX\OTHERS\COLBLDG.C,Draw_Current_Selection_,39,D:\MOX\OTHERS\ASSERT.C,hgetch_,1
68,D:\MOX\OTHERS\COLBLDG.C,Draw_Current_Selection_,68,D:\MOX\OTHERS\COLBLDG.C,Draw_Building_Centered_In_Window_,1
68,D:\MOX\OTHERS\COLBLDG.C,Draw_Current_Selection_,68,D:\MOX\OTHERS\COLBLDG.C,Draw_Building_Info_,1
68,D:\MOX\OTHERS\COLBLDG.C,Draw_Current_Selection_,68,D:\MOX\OTHERS\COLBLDG.C,Draw_Cost_And_Time_Info_,10
68,D:\MOX\OTHERS\COLBLDG.C,Draw_Current_Selection_,68,D:\MOX\OTHERS\COLBLDG.C,Draw_Ship_Design_Info_,1
68,D:\MOX\OTHERS\COLBLDG.C,Draw_Current_Selection_,68,D:\MOX\OTHERS\COLBLDG.C,Draw_Ship_Info_,1
68,D:\MOX\OTHERS\COLBLDG.C,Draw_Current_Selection_,68,D:\MOX\OTHERS\COLBLDG.C,Print_App_Description_,5
68,D:\MOX\OTHERS\COLBLDG.C,Draw_Current_Selection_,68,D:\MOX\OTHERS\COLBLDG.C,Print_Setting_Description_,1
68,D:\MOX\OTHERS\COLBLDG.C,Draw_Current_Selection_,68,D:\MOX\OTHERS\COLBLDG.C,Selection_Name_,14
68,D:\MOX\OTHERS\COLBLDG.C,Draw_Current_Selection_,74,D:\MOX\OTHERS\COLONY.C,People_Anim_,3
68,D:\MOX\OTHERS\COLBLDG.C,Draw_Current_Selection_,74,D:\MOX\OTHERS\COLONY.C,Prod_Anims_,1
68,D:\MOX\OTHERS\COLBLDG.C,Draw_Current_Selection_,74,D:\MOX\OTHERS\COLONY.C,Remap_Draw_Ship_Seg_N_Centered_,2
68,D:\MOX\OTHERS\COLBLDG.C,Draw_Current_Selection_,74,D:\MOX\OTHERS\COLONY.C,Spy_Anim_,1
68,D:\MOX\OTHERS\COLBLDG.C,Draw_Current_Selection_,79,D:\MOX\OTHERS\ERIC.C,Draw_Centered_,2
68,D:\MOX\OTHERS\COLBLDG.C,Draw_Current_Selection_,88,D:\MOX\OTHERS\ESTRINGS.C,E_Strings_,9
68,D:\MOX\OTHERS\COLBLDG.C,Draw_Current_Selection_,117,D:\MOX\OTHERS\RUSS.C,PFMT_,1
68,D:\MOX\OTHERS\COLBLDG.C,Draw_Current_Selection_,122,D:\MOX\BILL.C,Squeeze_Print_,9
68,D:\MOX\OTHERS\COLBLDG.C,Draw_Militarys_List_,68,D:\MOX\OTHERS\COLBLDG.C,Auto_Design_Type_,1
68,D:\MOX\OTHERS\COLBLDG.C,Draw_Militarys_List_,68,D:\MOX\OTHERS\COLBLDG.C,Get_Font_Off_For_Military_,1
68,D:\MOX\OTHERS\COLBLDG.C,Draw_Militarys_List_,68,D:\MOX\OTHERS\COLBLDG.C,Selection_Name_,1
68,D:\MOX\OTHERS\COLBLDG.C,Draw_Militarys_List_,70,D:\MOX\OTHERS\COLDRAW.C,Calculate_Squish_Step_,1
68,D:\MOX\OTHERS\COLBLDG.C,Draw_Militarys_List_,79,D:\MOX\OTHERS\ERIC.C,Global_Cycler_,1
68,D:\MOX\OTHERS\COLBLDG.C,Draw_Militarys_List_,102,D:\MOX\OTHERS\COLCALC.C,Colony_Can_Build_Product_,2
68,D:\MOX\OTHERS\COLBLDG.C,Draw_Militarys_List_,122,D:\MOX\BILL.C,Squeeze_Print_,1
68,D:\MOX\OTHERS\COLBLDG.C,Draw_Ship_Design_Info2_,68,D:\MOX\OTHERS\COLBLDG.C,Build_Ship_Design_Info_Formatted_Paragraph_,1
68,D:\MOX\OTHERS\COLBLDG.C,Draw_Ship_Design_Info2_,122,D:\MOX\BILL.C,Squeeze_Print_Formatted_Paragraph_,1
68,D:\MOX\OTHERS\COLBLDG.C,Draw_Ship_Design_Info_,68,D:\MOX\OTHERS\COLBLDG.C,Draw_Cost_And_Time_Info_,1
68,D:\MOX\OTHERS\COLBLDG.C,Draw_Ship_Design_Info_,68,D:\MOX\OTHERS\COLBLDG.C,Draw_Ship_Design_Info2_,1
68,D:\MOX\OTHERS\COLBLDG.C,Draw_Ship_Design_Info_,74,D:\MOX\OTHERS\COLONY.C,Remap_Draw_Ship_D_Centered_,1
68,D:\MOX\OTHERS\COLBLDG.C,Draw_Ship_Info_,68,D:\MOX\OTHERS\COLBLDG.C,Draw_Cost_And_Time_Info_,1
68,D:\MOX\OTHERS\COLBLDG.C,Draw_Ship_Info_,68,D:\MOX\OTHERS\COLBLDG.C,Draw_Ship_Design_Info2_,1
68,D:\MOX\OTHERS\COLBLDG.C,Draw_Ship_Info_,74,D:\MOX\OTHERS\COLONY.C,Remap_Draw_Ship_Centered_,1
68,D:\MOX\OTHERS\COLBLDG.C,Get_App_Description_String_,64,D:\MOX\OTHERS\TEXTBOX.C,Get_Help_Lbx_Name_,1
68,D:\MOX\OTHERS\COLBLDG.C,Get_Font_Off_For_Buildings_,68,D:\MOX\OTHERS\COLBLDG.C,Selection_Name_,1
68,D:\MOX\OTHERS\COLBLDG.C,Get_Font_Off_For_Buildings_,122,D:\MOX\BILL.C,_Get_Paragraph_Max_Width_,1
68,D:\MOX\OTHERS\COLBLDG.C,Get_Font_Off_For_Military_,68,D:\MOX\OTHERS\COLBLDG.C,Selection_Name_,1
68,D:\MOX\OTHERS\COLBLDG.C,Get_Font_Off_For_Military_,122,D:\MOX\BILL.C,_Get_Paragraph_Max_Width_,1
68,D:\MOX\OTHERS\COLBLDG.C,Get_Setting_Description_String_,88,D:\MOX\OTHERS\ESTRINGS.C,E_Strings_,1
68,D:\MOX\OTHERS\COLBLDG.C,Insert_Before_Queue_Slot_,68,D:\MOX\OTHERS\COLBLDG.C,Squish_Out_Queue_Slot_,2
68,D:\MOX\OTHERS\COLBLDG.C,Option_String_,88,D:\MOX\OTHERS\ESTRINGS.C,E_Strings_,1
68,D:\MOX\OTHERS\COLBLDG.C,Print_App_Description_,64,D:\MOX\OTHERS\TEXTBOX.C,Get_Help_Lbx_Name_,1
68,D:\MOX\OTHERS\COLBLDG.C,Print_App_Description_,122,D:\MOX\BILL.C,_Print_Paragraph_,1
68,D:\MOX\OTHERS\COLBLDG.C,Print_Setting_Description_,68,D:\MOX\OTHERS\COLBLDG.C,Get_Setting_Description_String_,1
68,D:\MOX\OTHERS\COLBLDG.C,Print_Setting_Description_,122,D:\MOX\BILL.C,_Print_Paragraph_,1
68,D:\MOX\OTHERS\COLBLDG.C,Remove_Ships_,58,D:\MOX\OTHERS\OFFICER.C,Move_Officer_To_Pool_,2
68,D:\MOX\OTHERS\COLBLDG.C,Remove_Ships_,68,D:\MOX\OTHERS\COLBLDG.C,First_Prod_Colony_Queue_Slot_,1
68,D:\MOX\OTHERS\COLBLDG.C,Remove_Ships_,68,D:\MOX\OTHERS\COLBLDG.C,First_Prod_Queue_Slot_,1
68,D:\MOX\OTHERS\COLBLDG.C,Selection_Name_,68,D:\MOX\OTHERS\COLBLDG.C,Option_String_,2
68,D:\MOX\OTHERS\COLBLDG.C,Selection_Name_,74,D:\MOX\OTHERS\COLONY.C,Satellite_Name_,1
68,D:\MOX\OTHERS\COLBLDG.C,Selection_Name_,88,D:\MOX\OTHERS\ESTRINGS.C,E_Strings_,1
68,D:\MOX\OTHERS\COLBLDG.C,Trace_Tech_Apps_,39,D:\MOX\OTHERS\ASSERT.C,hgetch_,1
68,D:\MOX\OTHERS\COLBLDG.C,Trace_Tech_Apps_,88,D:\MOX\OTHERS\ESTRINGS.C,E_Strings_,1
68,D:\MOX\OTHERS\COLBLDG.C,Trace_Tech_Apps_,117,D:\MOX\OTHERS\RUSS.C,PFMT_,1
68,D:\MOX\OTHERS\COLBLDG.C,qsort_building_by_name_,74,D:\MOX\OTHERS\COLONY.C,Satellite_Name_,2
69,D:\MOX\OTHERS\COLBOMB.C,Add_Bomb_To_End_Of_Queue_,69,D:\MOX\OTHERS\COLBOMB.C,Add_Building_To_Queue_,1
69,D:\MOX\OTHERS\COLBOMB.C,Add_Building_To_Queue_,69,D:\MOX\OTHERS\COLBOMB.C,Decrement_Bomb_Counters_,1
69,D:\MOX\OTHERS\COLBOMB.C,Add_Building_To_Queue_,74,D:\MOX\OTHERS\COLONY.C,Bldg_Coords_To_Centered_Screen_Coord_,2
69,D:\MOX\OTHERS\COLBOMB.C,Add_Building_To_Queue_,74,D:\MOX\OTHERS\COLONY.C,Get_Bldg_CR_,1
69,D:\MOX\OTHERS\COLBOMB.C,Allocate_Hit_,74,D:\MOX\OTHERS\COLONY.C,Turn_To_Rubble_CR_Bldg_,1
69,D:\MOX\OTHERS\COLBOMB.C,Blow_Up_All_Bldgs_,7,L:\MOX\ERICNET.C,Remove_Building_,1
69,D:\MOX\OTHERS\COLBOMB.C,Colony_Bombing_Screen_,69,D:\MOX\OTHERS\COLBOMB.C,Do_Summary_String_Popup_,1
69,D:\MOX\OTHERS\COLBOMB.C,Colony_Bombing_Screen_,74,D:\MOX\OTHERS\COLONY.C,Set_Colony_Globals_,1
69,D:\MOX\OTHERS\COLBOMB.C,Do_Bomb_,69,D:\MOX\OTHERS\COLBOMB.C,Add_Bomb_To_End_Of_Queue_,1
69,D:\MOX\OTHERS\COLBOMB.C,Do_Bomb_,69,D:\MOX\OTHERS\COLBOMB.C,Allocate_Hit_,1
69,D:\MOX\OTHERS\COLBOMB.C,Do_Bomb_,69,D:\MOX\OTHERS\COLBOMB.C,Squeze_Out_Bomb_,1
69,D:\MOX\OTHERS\COLBOMB.C,Do_Bombs_,69,D:\MOX\OTHERS\COLBOMB.C,Add_Bomb_To_End_Of_Queue_,1
69,D:\MOX\OTHERS\COLBOMB.C,Do_Bombs_,69,D:\MOX\OTHERS\COLBOMB.C,Do_Bomb_,1
69,D:\MOX\OTHERS\COLBOMB.C,Do_Summary_String_Popup_,47,D:\MOX\OTHERS\HACCESS.C,Get_Planet_Name_,4
69,D:\MOX\OTHERS\COLBOMB.C,Do_Summary_String_Popup_,47,D:\MOX\OTHERS\HACCESS.C,Race_Name_,1
69,D:\MOX\OTHERS\COLBOMB.C,Do_Summary_String_Popup_,64,D:\MOX\OTHERS\TEXTBOX.C,Text_Box_,1
69,D:\MOX\OTHERS\COLBOMB.C,Do_Summary_String_Popup_,74,D:\MOX\OTHERS\COLONY.C,Set_Colony_Font_To_,2
69,D:\MOX\OTHERS\COLBOMB.C,Do_Summary_String_Popup_,88,D:\MOX\OTHERS\ESTRINGS.C,E_Strings_,15
69,D:\MOX\OTHERS\COLBOMB.C,Draw_Colony_Bombing_Screen_,47,D:\MOX\OTHERS\HACCESS.C,Get_Planet_Name_,1
69,D:\MOX\OTHERS\COLBOMB.C,Draw_Colony_Bombing_Screen_,69,D:\MOX\OTHERS\COLBOMB.C,Do_Bombs_,1
69,D:\MOX\OTHERS\COLBOMB.C,Draw_Colony_Bombing_Screen_,74,D:\MOX\OTHERS\COLONY.C,C_Anims_,2
69,D:\MOX\OTHERS\COLBOMB.C,Draw_Colony_Bombing_Screen_,74,D:\MOX\OTHERS\COLONY.C,Draw_Colony_Bldgs_,1
69,D:\MOX\OTHERS\COLBOMB.C,Draw_Colony_Bombing_Screen_,74,D:\MOX\OTHERS\COLONY.C,Set_Colony_Font_To_,1
69,D:\MOX\OTHERS\COLBOMB.C,Draw_Colony_Bombing_Screen_,88,D:\MOX\OTHERS\ESTRINGS.C,E_Strings_,1
69,D:\MOX\OTHERS\COLBOMB.C,Replace_With_New_Bomb_,69,D:\MOX\OTHERS\COLBOMB.C,Add_Bomb_To_End_Of_Queue_,1
70,D:\MOX\OTHERS\COLDRAW.C,Build_Road_List_Based_On_Bldg_List_,70,D:\MOX\OTHERS\COLDRAW.C,Link_Buildings_,1
70,D:\MOX\OTHERS\COLDRAW.C,Build_Road_List_Based_On_Bldg_List_,70,D:\MOX\OTHERS\COLDRAW.C,N_Roads_Around_CR_,1
70,D:\MOX\OTHERS\COLDRAW.C,Build_Road_List_Based_On_Bldg_List_,70,D:\MOX\OTHERS\COLDRAW.C,Pick_Random_Road_At_And_Around_CR_,1
70,D:\MOX\OTHERS\COLDRAW.C,Build_Veggie_List_Based_On_Bldg_List_,48,D:\MOX\OTHERS\HAROLD.C,Planet_Index_,3
70,D:\MOX\OTHERS\COLDRAW.C,Build_Veggie_List_Based_On_Bldg_List_,70,D:\MOX\OTHERS\COLDRAW.C,Clear_Veggie_Draw_Flags_,1
70,D:\MOX\OTHERS\COLDRAW.C,Build_Veggie_List_Based_On_Bldg_List_,70,D:\MOX\OTHERS\COLDRAW.C,N_Roads_Around_CR_,1
70,D:\MOX\OTHERS\COLDRAW.C,Build_Veggie_List_Based_On_Bldg_List_,70,D:\MOX\OTHERS\COLDRAW.C,Pick_Random_Veggie_Anim_Entry_For_Colony_CR_,1
70,D:\MOX\OTHERS\COLDRAW.C,Build_Veggie_List_Based_On_Bldg_List_,74,D:\MOX\OTHERS\COLONY.C,Bldg_Coords_To_Centered_Screen_Coord_,2
70,D:\MOX\OTHERS\COLDRAW.C,Build_Veggie_List_Based_On_Bldg_List_,74,D:\MOX\OTHERS\COLONY.C,N_Bldgs_,2
70,D:\MOX\OTHERS\COLDRAW.C,Do_Colony_Info_Pop_Stuff_For_Pop_,39,D:\MOX\OTHERS\ASSERT.C,hgetch_,1
70,D:\MOX\OTHERS\COLDRAW.C,Do_Colony_Info_Pop_Stuff_For_Pop_,70,D:\MOX\OTHERS\COLDRAW.C,Calculate_Squish_Step_,1
70,D:\MOX\OTHERS\COLDRAW.C,Do_Colony_Info_Pop_Stuff_For_Pop_,70,D:\MOX\OTHERS\COLDRAW.C,Do_Colony_Info_Pop_Stuff_For_Pop_,1
70,D:\MOX\OTHERS\COLDRAW.C,Do_Colony_Info_Pop_Stuff_For_Pop_,74,D:\MOX\OTHERS\COLONY.C,Colony_Pop_Anim_,1
70,D:\MOX\OTHERS\COLDRAW.C,Do_Colony_Info_Pop_Stuff_For_Pop_,74,D:\MOX\OTHERS\COLONY.C,Create_Shadow_Farmer_,1
70,D:\MOX\OTHERS\COLDRAW.C,Do_Colony_Info_Pop_Stuff_For_Pop_,74,D:\MOX\OTHERS\COLONY.C,Draw_Pop_Dark_,1
70,D:\MOX\OTHERS\COLDRAW.C,Do_Colony_Info_Pop_Stuff_For_Pop_,74,D:\MOX\OTHERS\COLONY.C,Pop_To_Pop_State_,1
70,D:\MOX\OTHERS\COLDRAW.C,Do_Colony_Info_Pop_Stuff_For_Pop_,74,D:\MOX\OTHERS\COLONY.C,Reset_Step_Squish_,1
70,D:\MOX\OTHERS\COLDRAW.C,Do_Colony_Info_Pop_Stuff_For_Pop_,74,D:\MOX\OTHERS\COLONY.C,Set_Colony_Font_To_,2
70,D:\MOX\OTHERS\COLDRAW.C,Do_Colony_Info_Pop_Stuff_For_Pop_,74,D:\MOX\OTHERS\COLONY.C,Shadow_Farmer_Bitm_,1
70,D:\MOX\OTHERS\COLDRAW.C,Do_Colony_Info_Pop_Stuff_For_Pop_,79,D:\MOX\OTHERS\ERIC.C,Global_Cycler_,1
70,D:\MOX\OTHERS\COLDRAW.C,Do_Colony_Info_Pop_Stuff_For_Pop_,88,D:\MOX\OTHERS\ESTRINGS.C,E_Strings_,3
70,D:\MOX\OTHERS\COLDRAW.C,Do_Colony_Info_Pop_Stuff_For_Pop_,122,D:\MOX\BILL.C,Squeeze_Print_Paragraph_,1
70,D:\MOX\OTHERS\COLDRAW.C,Draw_Cluster_Update_Function_,48,D:\MOX\OTHERS\HAROLD.C,Was_Mouse_List_Saved_,1
70,D:\MOX\OTHERS\COLDRAW.C,Draw_Cluster_Update_Function_,73,D:\MOX\OTHERS\COLMOVE.C,Draw_Cluster_,1
70,D:\MOX\OTHERS\COLDRAW.C,Draw_Cluster_Update_Function_,88,D:\MOX\OTHERS\ESTRINGS.C,E_Strings_,1
70,D:\MOX\OTHERS\COLDRAW.C,Draw_Cluster_Update_Function_,117,D:\MOX\OTHERS\RUSS.C,Mox_Update_,1
70,D:\MOX\OTHERS\COLDRAW.C,Draw_Cluster_Update_Function_,117,D:\MOX\OTHERS\RUSS.C,PFMT_,1
70,D:\MOX\OTHERS\COLDRAW.C,Draw_Colony_PC_Bar_,74,D:\MOX\OTHERS\COLONY.C,C_Anims_,4
70,D:\MOX\OTHERS\COLDRAW.C,Draw_Colony_Prod_,70,D:\MOX\OTHERS\COLDRAW.C,Draw_Colony_Prod_Both_,1
70,D:\MOX\OTHERS\COLDRAW.C,Draw_Colony_Prod_Both_,70,D:\MOX\OTHERS\COLDRAW.C,Calculate_Squish_Step_,1
70,D:\MOX\OTHERS\COLDRAW.C,Draw_Colony_Prod_Both_,74,D:\MOX\OTHERS\COLONY.C,Import_Anims_,4
70,D:\MOX\OTHERS\COLDRAW.C,Draw_Colony_Prod_Both_,74,D:\MOX\OTHERS\COLONY.C,Prod_Anims_,6
70,D:\MOX\OTHERS\COLDRAW.C,Draw_Colony_Prod_Both_,74,D:\MOX\OTHERS\COLONY.C,Short_Anims_,2
70,D:\MOX\OTHERS\COLDRAW.C,Draw_Info_Morale_,70,D:\MOX\OTHERS\COLDRAW.C,Draw_Info_Morale_Both_,1
70,D:\MOX\OTHERS\COLDRAW.C,Draw_Info_Morale_Both_,70,D:\MOX\OTHERS\COLDRAW.C,Calculate_Squish_Step_,1
70,D:\MOX\OTHERS\COLDRAW.C,Draw_Info_Morale_Both_,74,D:\MOX\OTHERS\COLONY.C,C_Anims_,3
70,D:\MOX\OTHERS\COLDRAW.C,Draw_Info_Morale_Both_,74,D:\MOX\OTHERS\COLONY.C,Govt_Anims_,1
70,D:\MOX\OTHERS\COLDRAW.C,Draw_Road_List_,70,D:\MOX\OTHERS\COLDRAW.C,Road_Back_To_Front_,1
70,D:\MOX\OTHERS\COLDRAW.C,Draw_Veggie_CR_,79,D:\MOX\OTHERS\ERIC.C,Draw_Bottom_Centered_,1
70,D:\MOX\OTHERS\COLDRAW.C,Draw_Veggie_CR_,79,D:\MOX\OTHERS\ERIC.C,Draw_Bottom_Centered_No_Glass_,1
70,D:\MOX\OTHERS\COLDRAW.C,Draw_Veggie_CR_,88,D:\MOX\OTHERS\ESTRINGS.C,E_Strings_,2
70,D:\MOX\OTHERS\COLDRAW.C,Find_Simplest_Path_Node_,70,D:\MOX\OTHERS\COLDRAW.C,Find_Simplest_Path_Node_,1
70,D:\MOX\OTHERS\COLDRAW.C,Link_Buildings_,70,D:\MOX\OTHERS\COLDRAW.C,Draw_Simplest_Path_,1
70,D:\MOX\OTHERS\COLDRAW.C,Link_Buildings_,74,D:\MOX\OTHERS\COLONY.C,Bldg_Back_To_Front_,1
70,D:\MOX\OTHERS\COLDRAW.C,Pick_Random_Road_At_CR_,70,D:\MOX\OTHERS\COLDRAW.C,Pick_Random_Road_At_And_Around_CR_,1
70,D:\MOX\OTHERS\COLDRAW.C,Pick_Random_Veggie_Anim_Entry_For_Colony_CR_,70,D:\MOX\OTHERS\COLDRAW.C,Veggie_Type_For_Colony_,1
70,D:\MOX\OTHERS\COLDRAW.C,Pick_Random_Veggie_Anim_For_Colony_CR_,70,D:\MOX\OTHERS\COLDRAW.C,Veggie_Type_For_Colony_,1
71,D:\MOX\OTHERS\COLGCBT.C,Add_Initial_Unit_,71,D:\MOX\OTHERS\COLGCBT.C,Get_First_Unit_,1
71,D:\MOX\OTHERS\COLGCBT.C,Add_Initial_Unit_,71,D:\MOX\OTHERS\COLGCBT.C,Get_Next_Troop_Type_,1
71,D:\MOX\OTHERS\COLGCBT.C,Add_Initial_Unit_,74,D:\MOX\OTHERS\COLONY.C,Player_Troop_Anim_,1
71,D:\MOX\OTHERS\COLGCBT.C,Add_Initial_Unit_,74,D:\MOX\OTHERS\COLONY.C,Player_Troop_Name_,2
71,D:\MOX\OTHERS\COLGCBT.C,Add_Initial_Unit_,74,D:\MOX\OTHERS\COLONY.C,Set_Colony_Font_To_Player_,1
71,D:\MOX\OTHERS\COLGCBT.C,Add_Initial_Unit_,79,D:\MOX\OTHERS\ERIC.C,Draw_Bottom_Centered_,1
71,D:\MOX\OTHERS\COLGCBT.C,Add_Initial_Unit_,88,D:\MOX\OTHERS\ESTRINGS.C,E_Strings_,4
71,D:\MOX\OTHERS\COLGCBT.C,Add_Kill_Anim_To_Queue_,82,D:\MOX\OTHERS\FLCQUEUE.C,Add_Flic_To_End_Of_Queue_,1
71,D:\MOX\OTHERS\COLGCBT.C,Add_Unit_,71,D:\MOX\OTHERS\COLGCBT.C,Action_Anim_,2
71,D:\MOX\OTHERS\COLGCBT.C,Add_Unit_,71,D:\MOX\OTHERS\COLGCBT.C,Get_First_Unit_,1
71,D:\MOX\OTHERS\COLGCBT.C,Add_Unit_,71,D:\MOX\OTHERS\COLGCBT.C,Get_Next_Troop_Type_,1
71,D:\MOX\OTHERS\COLGCBT.C,Colony_Combat_Screen_,1,L:\MOX\MOX2.C,Get_Auto_Function_,1
71,D:\MOX\OTHERS\COLGCBT.C,Colony_Combat_Screen_,1,L:\MOX\MOX2.C,Put_Auto_Function_,1
71,D:\MOX\OTHERS\COLGCBT.C,Colony_Combat_Screen_,1,L:\MOX\MOX2.C,_TOGGLE_PAGES_,2
71,D:\MOX\OTHERS\COLGCBT.C,Colony_Combat_Screen_,16,D:\MOX\JIM.C,Play_Background_Music_,1
71,D:\MOX\OTHERS\COLGCBT.C,Colony_Combat_Screen_,16,D:\MOX\JIM.C,Play_Streaming_Music_,1
71,D:\MOX\OTHERS\COLGCBT.C,Colony_Combat_Screen_,71,D:\MOX\OTHERS\COLGCBT.C,Calc_Top_Line_,1
71,D:\MOX\OTHERS\COLGCBT.C,Colony_Combat_Screen_,71,D:\MOX\OTHERS\COLGCBT.C,Draw_Colony_Combat_Screen_,2
71,D:\MOX\OTHERS\COLGCBT.C,Colony_Combat_Screen_,71,D:\MOX\OTHERS\COLGCBT.C,Load_Combat_Anims_,1
71,D:\MOX\OTHERS\COLGCBT.C,Colony_Combat_Screen_,71,D:\MOX\OTHERS\COLGCBT.C,Spatter_Down_Starting_Troops_,1
71,D:\MOX\OTHERS\COLGCBT.C,Colony_Combat_Screen_,74,D:\MOX\OTHERS\COLONY.C,Load_Colony_Screen_Seg_,1
71,D:\MOX\OTHERS\COLGCBT.C,Colony_Combat_Screen_,74,D:\MOX\OTHERS\COLONY.C,Load_Planet_Screen_,1
71,D:\MOX\OTHERS\COLGCBT.C,Colony_Combat_Screen_,74,D:\MOX\OTHERS\COLONY.C,Make_Bldg_Array_For_Colony_,1
71,D:\MOX\OTHERS\COLGCBT.C,Colony_Combat_Screen_,74,D:\MOX\OTHERS\COLONY.C,Reset_Field_Arrays_,1
71,D:\MOX\OTHERS\COLGCBT.C,Colony_Combat_Screen_,74,D:\MOX\OTHERS\COLONY.C,Reset_Field_Mode_,1
71,D:\MOX\OTHERS\COLGCBT.C,Colony_Combat_Screen_,74,D:\MOX\OTHERS\COLONY.C,Set_Colony_Font_,1
71,D:\MOX\OTHERS\COLGCBT.C,Colony_Combat_Screen_,74,D:\MOX\OTHERS\COLONY.C,Set_Colony_Globals_,1
71,D:\MOX\OTHERS\COLGCBT.C,Colony_Combat_Screen_,74,D:\MOX\OTHERS\COLONY.C,Update_Colony_Palette_,1
71,D:\MOX\OTHERS\COLGCBT.C,Colony_Combat_Screen_,79,D:\MOX\OTHERS\ERIC.C,Fast_Fade_In_,1
71,D:\MOX\OTHERS\COLGCBT.C,Colony_Combat_Screen_,79,D:\MOX\OTHERS\ERIC.C,Fast_Fade_Out_,1
71,D:\MOX\OTHERS\COLGCBT.C,Colony_Combat_Screen_,82,D:\MOX\OTHERS\FLCQUEUE.C,Deallocate_Flic_Queue_And_Pointers_,2
71,D:\MOX\OTHERS\COLGCBT.C,Colony_Combat_Screen_,86,D:\MOX\OTHERS\ERICHELP.C,Eric_Set_Help_List_,2
71,D:\MOX\OTHERS\COLGCBT.C,Do_Delta_Y_,71,D:\MOX\OTHERS\COLGCBT.C,Action_Anim_,1
71,D:\MOX\OTHERS\COLGCBT.C,Do_Legal_Move_Check_,71,D:\MOX\OTHERS\COLGCBT.C,Action_Anim_,1
71,D:\MOX\OTHERS\COLGCBT.C,Do_Legal_Move_Check_,71,D:\MOX\OTHERS\COLGCBT.C,Move_Is_Legal_,1
71,D:\MOX\OTHERS\COLGCBT.C,Do_Unit_Turn_,7,L:\MOX\ERICNET.C,Mox_Play_Sound_,1
71,D:\MOX\OTHERS\COLGCBT.C,Do_Unit_Turn_,71,D:\MOX\OTHERS\COLGCBT.C,Action_Anim_,2
71,D:\MOX\OTHERS\COLGCBT.C,Do_Unit_Turn_,71,D:\MOX\OTHERS\COLGCBT.C,Do_Delta_Y_,1
71,D:\MOX\OTHERS\COLGCBT.C,Do_Unit_Turn_,71,D:\MOX\OTHERS\COLGCBT.C,Draw_Unit_Beam_,1
71,D:\MOX\OTHERS\COLGCBT.C,Do_Unit_Turn_,71,D:\MOX\OTHERS\COLGCBT.C,N_Left_Active_To_Process_,2
71,D:\MOX\OTHERS\COLGCBT.C,Do_Unit_Turn_,71,D:\MOX\OTHERS\COLGCBT.C,N_Left_Of_Me_To_Process_,1
71,D:\MOX\OTHERS\COLGCBT.C,Do_Unit_Turn_,71,D:\MOX\OTHERS\COLGCBT.C,Pick_Next_Action_,1
71,D:\MOX\OTHERS\COLGCBT.C,Do_Unit_Turn_,71,D:\MOX\OTHERS\COLGCBT.C,Pick_Target_,1
71,D:\MOX\OTHERS\COLGCBT.C,Do_Unit_Turn_,71,D:\MOX\OTHERS\COLGCBT.C,Play_Unit_Beam_Sound_,1
71,D:\MOX\OTHERS\COLGCBT.C,Do_Unit_Turn_,74,D:\MOX\OTHERS\COLONY.C,Set_Colony_Font_To_,1
71,D:\MOX\OTHERS\COLGCBT.C,Draw_Colony_Combat_Screen_,47,D:\MOX\OTHERS\HACCESS.C,Get_Planet_Name_,1
71,D:\MOX\OTHERS\COLGCBT.C,Draw_Colony_Combat_Screen_,71,D:\MOX\OTHERS\COLGCBT.C,Draw_Summary_,1
71,D:\MOX\OTHERS\COLGCBT.C,Draw_Colony_Combat_Screen_,71,D:\MOX\OTHERS\COLGCBT.C,Draw_Summary_Box_ATK_,1
71,D:\MOX\OTHERS\COLGCBT.C,Draw_Colony_Combat_Screen_,71,D:\MOX\OTHERS\COLGCBT.C,Draw_Summary_Box_DEF_,1
71,D:\MOX\OTHERS\COLGCBT.C,Draw_Colony_Combat_Screen_,71,D:\MOX\OTHERS\COLGCBT.C,Draw_Troops_,1
71,D:\MOX\OTHERS\COLGCBT.C,Draw_Colony_Combat_Screen_,74,D:\MOX\OTHERS\COLONY.C,C_Anims_,2
71,D:\MOX\OTHERS\COLGCBT.C,Draw_Colony_Combat_Screen_,74,D:\MOX\OTHERS\COLONY.C,Draw_Colony_Bldgs_,1
71,D:\MOX\OTHERS\COLGCBT.C,Draw_Colony_Combat_Screen_,74,D:\MOX\OTHERS\COLONY.C,Set_Colony_Font_To_,3
71,D:\MOX\OTHERS\COLGCBT.C,Draw_Colony_Combat_Screen_,82,D:\MOX\OTHERS\FLCQUEUE.C,Draw_Flic_Queue_,1
71,D:\MOX\OTHERS\COLGCBT.C,Draw_Colony_Combat_Screen_,88,D:\MOX\OTHERS\ESTRINGS.C,E_Strings_,1
71,D:\MOX\OTHERS\COLGCBT.C,Draw_Colony_Combat_Screen_,107,D:\MOX\OTHERS\INVASION.C,Ground_Combat_Round_,1
71,D:\MOX\OTHERS\COLGCBT.C,Draw_Summary_,47,D:\MOX\OTHERS\HACCESS.C,Get_Planet_Name_,2
71,D:\MOX\OTHERS\COLGCBT.C,Draw_Summary_,74,D:\MOX\OTHERS\COLONY.C,Set_Colony_Font_To_,1
71,D:\MOX\OTHERS\COLGCBT.C,Draw_Summary_,88,D:\MOX\OTHERS\ESTRINGS.C,E_Strings_,1
71,D:\MOX\OTHERS\COLGCBT.C,Draw_Summary_Box_ATK_,74,D:\MOX\OTHERS\COLONY.C,Set_Colony_Font_To_Player_,1
71,D:\MOX\OTHERS\COLGCBT.C,Draw_Summary_Box_ATK_,88,D:\MOX\OTHERS\ESTRINGS.C,E_Strings_,1
71,D:\MOX\OTHERS\COLGCBT.C,Draw_Summary_Box_DEF_,58,D:\MOX\OTHERS\OFFICER.C,Officer_Name_,1
71,D:\MOX\OTHERS\COLGCBT.C,Draw_Summary_Box_DEF_,74,D:\MOX\OTHERS\COLONY.C,Set_Colony_Font_To_Player_,1
71,D:\MOX\OTHERS\COLGCBT.C,Draw_Summary_Box_DEF_,88,D:\MOX\OTHERS\ESTRINGS.C,E_Strings_,6
71,D:\MOX\OTHERS\COLGCBT.C,Draw_Summary_Box_DEF_,124,D:\MOX\FMTPARA.C,Print_Formatted_Paragraph_,1
71,D:\MOX\OTHERS\COLGCBT.C,Draw_Summary_Boxes_,71,D:\MOX\OTHERS\COLGCBT.C,Draw_Summary_Box_ATK_,1
71,D:\MOX\OTHERS\COLGCBT.C,Draw_Troops_,71,D:\MOX\OTHERS\COLGCBT.C,Do_Unit_Turn_,1
71,D:\MOX\OTHERS\COLGCBT.C,Draw_Troops_,71,D:\MOX\OTHERS\COLGCBT.C,Force_Firing_Pairs_,1
71,D:\MOX\OTHERS\COLGCBT.C,Draw_Troops_,71,D:\MOX\OTHERS\COLGCBT.C,Reinforce_Units_,1
71,D:\MOX\OTHERS\COLGCBT.C,Draw_Troops_,71,D:\MOX\OTHERS\COLGCBT.C,Resort_Units_,1
71,D:\MOX\OTHERS\COLGCBT.C,Draw_Troops_,71,D:\MOX\OTHERS\COLGCBT.C,Verify_Legal_Totals_,1
71,D:\MOX\OTHERS\COLGCBT.C,Draw_Unit_Beam_,65,D:\MOX\OTHERS\BEAMS.C,Rob_Interpolate_Line_,2
71,D:\MOX\OTHERS\COLGCBT.C,Draw_Unit_Beam_,71,D:\MOX\OTHERS\COLGCBT.C,Draw_CGCBT_Beam_,1
71,D:\MOX\OTHERS\COLGCBT.C,Draw_Unit_Beam_,71,D:\MOX\OTHERS\COLGCBT.C,Get_CGCBT_Beam_Len_,1
71,D:\MOX\OTHERS\COLGCBT.C,Draw_Unit_Beam_,71,D:\MOX\OTHERS\COLGCBT.C,Get_Firepoint_Offsets_,1
71,D:\MOX\OTHERS\COLGCBT.C,Draw_Unit_Beam_,71,D:\MOX\OTHERS\COLGCBT.C,Get_Target_Offsets_,1
71,D:\MOX\OTHERS\COLGCBT.C,Force_Firing_Pairs_,71,D:\MOX\OTHERS\COLGCBT.C,Find_Lowest_Framed_Unit_,3
71,D:\MOX\OTHERS\COLGCBT.C,Force_Firing_Pairs_,71,D:\MOX\OTHERS\COLGCBT.C,Find_Unshot_Target_,1
71,D:\MOX\OTHERS\COLGCBT.C,Force_Firing_Pairs_,82,D:\MOX\OTHERS\FLCQUEUE.C,Add_Flic_To_End_Of_Queue_,1
71,D:\MOX\OTHERS\COLGCBT.C,Get_Firepoint_Offsets_,71,D:\MOX\OTHERS\COLGCBT.C,Action_Anim_,1
71,D:\MOX\OTHERS\COLGCBT.C,Get_Next_Troop_Type_,71,D:\MOX\OTHERS\COLGCBT.C,N_Troop_Type_,1
71,D:\MOX\OTHERS\COLGCBT.C,Get_Target_Offsets_,71,D:\MOX\OTHERS\COLGCBT.C,Action_Anim_,1
71,D:\MOX\OTHERS\COLGCBT.C,Load_Combat_Anims_,71,D:\MOX\OTHERS\COLGCBT.C,Replace_Colgcbt_Color_With_Player_Colors_,15
71,D:\MOX\OTHERS\COLGCBT.C,Move_Is_Legal_,71,D:\MOX\OTHERS\COLGCBT.C,Action_Anim_,1
71,D:\MOX\OTHERS\COLGCBT.C,Move_Is_Legal_,71,D:\MOX\OTHERS\COLGCBT.C,Top_Line_X_,2
71,D:\MOX\OTHERS\COLGCBT.C,Move_Is_Legal_,71,D:\MOX\OTHERS\COLGCBT.C,Top_Line_Y_,2
71,D:\MOX\OTHERS\COLGCBT.C,Move_Is_Legal_,106,D:\MOX\OTHERS\GEO.C,Points_On_Same_Side_Of_Line_,1
71,D:\MOX\OTHERS\COLGCBT.C,Pick_Next_Action_,7,L:\MOX\ERICNET.C,Mox_Play_Sound_,1
71,D:\MOX\OTHERS\COLGCBT.C,Pick_Next_Action_,71,D:\MOX\OTHERS\COLGCBT.C,Action_Anim_,1
71,D:\MOX\OTHERS\COLGCBT.C,Pick_Next_Action_,71,D:\MOX\OTHERS\COLGCBT.C,Do_Legal_Move_Check_,1
71,D:\MOX\OTHERS\COLGCBT.C,Play_Unit_Beam_Sound_,7,L:\MOX\ERICNET.C,Mox_Play_Sound_,1
71,D:\MOX\OTHERS\COLGCBT.C,Reinforce_Units_,71,D:\MOX\OTHERS\COLGCBT.C,Add_Unit_,1
71,D:\MOX\OTHERS\COLGCBT.C,Reinforce_Units_,71,D:\MOX\OTHERS\COLGCBT.C,N_Slots_Left_,1
71,D:\MOX\OTHERS\COLGCBT.C,Resort_Units_,71,D:\MOX\OTHERS\COLGCBT.C,Action_Anim_,2
71,D:\MOX\OTHERS\COLGCBT.C,Set_Ground_Combat_Screen_Help_List_,86,D:\MOX\OTHERS\ERICHELP.C,Eric_Set_Help_List_,1
71,D:\MOX\OTHERS\COLGCBT.C,Set_Ground_Combat_Screen_Help_List_,88,D:\MOX\OTHERS\ESTRINGS.C,E_Strings_,1
71,D:\MOX\OTHERS\COLGCBT.C,Set_Up_Troops_,71,D:\MOX\OTHERS\COLGCBT.C,Calc_Top_Line_,1
71,D:\MOX\OTHERS\COLGCBT.C,Set_Up_Troops_,71,D:\MOX\OTHERS\COLGCBT.C,Spatter_Down_Starting_Troops_,1
71,D:\MOX\OTHERS\COLGCBT.C,Spatter_Down_Starting_Troops_,71,D:\MOX\OTHERS\COLGCBT.C,Add_Initial_Unit_,1
71,D:\MOX\OTHERS\COLGCBT.C,Spatter_Down_Starting_Troops_,71,D:\MOX\OTHERS\COLGCBT.C,Get_Next_Troop_Type_,1
71,D:\MOX\OTHERS\COLGCBT.C,Spatter_Down_Starting_Troops_,71,D:\MOX\OTHERS\COLGCBT.C,N_Slots_Left_,1
71,D:\MOX\OTHERS\COLGCBT.C,Spatter_Down_Starting_Troops_,71,D:\MOX\OTHERS\COLGCBT.C,Resort_Units_,1
72,D:\MOX\OTHERS\COLLAND.C,Colony_Landing_Screen_,1,L:\MOX\MOX2.C,Get_Auto_Function_,1
72,D:\MOX\OTHERS\COLLAND.C,Colony_Landing_Screen_,1,L:\MOX\MOX2.C,Put_Auto_Function_,1
72,D:\MOX\OTHERS\COLLAND.C,Colony_Landing_Screen_,1,L:\MOX\MOX2.C,_TOGGLE_PAGES_,1
72,D:\MOX\OTHERS\COLLAND.C,Colony_Landing_Screen_,48,D:\MOX\OTHERS\HAROLD.C,Planet_Index_,1
72,D:\MOX\OTHERS\COLLAND.C,Colony_Landing_Screen_,57,D:\MOX\OTHERS\NAMESTAR.C,Change_Star_Name_Popup_,1
72,D:\MOX\OTHERS\COLLAND.C,Colony_Landing_Screen_,57,D:\MOX\OTHERS\NAMESTAR.C,Star_Name_Popup_Screen_Center_X_,1
72,D:\MOX\OTHERS\COLLAND.C,Colony_Landing_Screen_,57,D:\MOX\OTHERS\NAMESTAR.C,Star_Name_Popup_Screen_Center_Y_,1
72,D:\MOX\OTHERS\COLLAND.C,Colony_Landing_Screen_,72,D:\MOX\OTHERS\COLLAND.C,Draw_Colony_Landing_Screen_,2
72,D:\MOX\OTHERS\COLLAND.C,Colony_Landing_Screen_,74,D:\MOX\OTHERS\COLONY.C,Col_Calc_Wrapper_,1
72,D:\MOX\OTHERS\COLLAND.C,Colony_Landing_Screen_,74,D:\MOX\OTHERS\COLONY.C,Load_Colony_Screen_Seg_,1
72,D:\MOX\OTHERS\COLLAND.C,Colony_Landing_Screen_,74,D:\MOX\OTHERS\COLONY.C,Load_Planet_Screen_,1
72,D:\MOX\OTHERS\COLLAND.C,Colony_Landing_Screen_,74,D:\MOX\OTHERS\COLONY.C,N_Colonies_And_Outposts_At_Star_,1
72,D:\MOX\OTHERS\COLLAND.C,Colony_Landing_Screen_,74,D:\MOX\OTHERS\COLONY.C,Reset_Field_Arrays_,1
72,D:\MOX\OTHERS\COLLAND.C,Colony_Landing_Screen_,74,D:\MOX\OTHERS\COLONY.C,Reset_Field_Mode_,1
72,D:\MOX\OTHERS\COLLAND.C,Colony_Landing_Screen_,74,D:\MOX\OTHERS\COLONY.C,Set_Colony_Font_,1
72,D:\MOX\OTHERS\COLLAND.C,Colony_Landing_Screen_,74,D:\MOX\OTHERS\COLONY.C,Sum_Colonists_,1
72,D:\MOX\OTHERS\COLLAND.C,Colony_Landing_Screen_,74,D:\MOX\OTHERS\COLONY.C,Update_Colony_Palette_,1
72,D:\MOX\OTHERS\COLLAND.C,Colony_Landing_Screen_,79,D:\MOX\OTHERS\ERIC.C,Fast_Fade_In_,1
72,D:\MOX\OTHERS\COLLAND.C,Colony_Landing_Screen_,79,D:\MOX\OTHERS\ERIC.C,Fast_Fade_Out_,1
72,D:\MOX\OTHERS\COLLAND.C,Colony_Landing_Screen_,79,D:\MOX\OTHERS\ERIC.C,Fast_Fade_Out_Needed_For_Colony_Palette_,2
72,D:\MOX\OTHERS\COLLAND.C,Colony_Landing_Screen_,85,D:\MOX\OTHERS\OCPOLPUP.C,Occupation_Policy_Popup_,1
72,D:\MOX\OTHERS\COLLAND.C,Draw_Colony_Landing_Screen_,7,L:\MOX\ERICNET.C,Mox_Play_Sound_,4
72,D:\MOX\OTHERS\COLLAND.C,Draw_Colony_Landing_Screen_,47,D:\MOX\OTHERS\HACCESS.C,Get_Planet_Name_,1
72,D:\MOX\OTHERS\COLLAND.C,Draw_Colony_Landing_Screen_,72,D:\MOX\OTHERS\COLLAND.C,Print_Planet_Data_,1
72,D:\MOX\OTHERS\COLLAND.C,Draw_Colony_Landing_Screen_,74,D:\MOX\OTHERS\COLONY.C,C_Anims_,2
72,D:\MOX\OTHERS\COLLAND.C,Draw_Colony_Landing_Screen_,74,D:\MOX\OTHERS\COLONY.C,Set_Colony_Font_To_,1
72,D:\MOX\OTHERS\COLLAND.C,Draw_Colony_Landing_Screen_,88,D:\MOX\OTHERS\ESTRINGS.C,E_Strings_,1
72,D:\MOX\OTHERS\COLLAND.C,Print_Planet_Data_,47,D:\MOX\OTHERS\HACCESS.C,Get_Planet_Name_,2
72,D:\MOX\OTHERS\COLLAND.C,Print_Planet_Data_,74,D:\MOX\OTHERS\COLONY.C,Set_Colony_Font_To_,1
72,D:\MOX\OTHERS\COLLAND.C,Print_Planet_Data_,88,D:\MOX\OTHERS\ESTRINGS.C,E_Strings_,7
72,D:\MOX\OTHERS\COLLAND.C,Print_Planet_Data_,102,D:\MOX\OTHERS\COLCALC.C,Planet_Max_Population_For_Player_,1
72,D:\MOX\OTHERS\COLLAND.C,Print_Planet_Data_,122,D:\MOX\BILL.C,_Print_Paragraph_,2
73,D:\MOX\OTHERS\COLMOVE.C,Clear_Cluster_,73,D:\MOX\OTHERS\COLMOVE.C,Get_First_Unemployed_,1
73,D:\MOX\OTHERS\COLMOVE.C,Clear_Cluster_,74,D:\MOX\OTHERS\COLONY.C,Reset_Mouse_Picture_,1
73,D:\MOX\OTHERS\COLMOVE.C,Colony_Pop_String_,74,D:\MOX\OTHERS\COLONY.C,Conquered_String_,2
73,D:\MOX\OTHERS\COLMOVE.C,Colony_Pop_String_,74,D:\MOX\OTHERS\COLONY.C,Job_String_,2
73,D:\MOX\OTHERS\COLMOVE.C,Colony_Pop_String_,74,D:\MOX\OTHERS\COLONY.C,Pop_Race_String_,2
73,D:\MOX\OTHERS\COLMOVE.C,Colony_Pop_String_,74,D:\MOX\OTHERS\COLONY.C,Pop_State_String_,2
73,D:\MOX\OTHERS\COLMOVE.C,Colony_Pop_String_,74,D:\MOX\OTHERS\COLONY.C,Pop_To_Pop_State_,2
73,D:\MOX\OTHERS\COLMOVE.C,Colony_Pop_String_,88,D:\MOX\OTHERS\ESTRINGS.C,E_Strings_,1
73,D:\MOX\OTHERS\COLMOVE.C,Draw_Cluster_,48,D:\MOX\OTHERS\HAROLD.C,Was_Mouse_List_Saved_,1
73,D:\MOX\OTHERS\COLMOVE.C,Draw_Cluster_,73,D:\MOX\OTHERS\COLMOVE.C,Get_First_Unemployed_,1
73,D:\MOX\OTHERS\COLMOVE.C,Draw_Cluster_,74,D:\MOX\OTHERS\COLONY.C,C_Anims_,1
73,D:\MOX\OTHERS\COLMOVE.C,Draw_Cluster_,74,D:\MOX\OTHERS\COLONY.C,Colony_Pop_Anim_,1
73,D:\MOX\OTHERS\COLMOVE.C,Get_Cluster_,73,D:\MOX\OTHERS\COLMOVE.C,Pops_Identical_,1
73,D:\MOX\OTHERS\COLMOVE.C,Get_Cluster_,74,D:\MOX\OTHERS\COLONY.C,Clear_Mouse_Picture_,1
73,D:\MOX\OTHERS\COLMOVE.C,Get_Cluster_,74,D:\MOX\OTHERS\COLONY.C,Reset_Field_Mode_,1
73,D:\MOX\OTHERS\COLMOVE.C,Get_Cluster_,79,D:\MOX\OTHERS\ERIC.C,Help_,1
73,D:\MOX\OTHERS\COLMOVE.C,Get_Cluster_,88,D:\MOX\OTHERS\ESTRINGS.C,E_Strings_,1
73,D:\MOX\OTHERS\COLMOVE.C,Get_Cluster_,102,D:\MOX\OTHERS\COLCALC.C,Colony_Calculation_,1
73,D:\MOX\OTHERS\COLMOVE.C,Give_Colonist_New_Job_,74,D:\MOX\OTHERS\COLONY.C,Pop_To_Pop_State_,1
73,D:\MOX\OTHERS\COLMOVE.C,Give_Colonist_New_Job_,74,D:\MOX\OTHERS\COLONY.C,Sum_Colonists_,2
73,D:\MOX\OTHERS\COLMOVE.C,Give_Colonist_New_Job_,79,D:\MOX\OTHERS\ERIC.C,Help_,1
73,D:\MOX\OTHERS\COLMOVE.C,Give_Colonist_New_Job_,88,D:\MOX\OTHERS\ESTRINGS.C,E_Strings_,1
73,D:\MOX\OTHERS\COLMOVE.C,Pops_Identical_,74,D:\MOX\OTHERS\COLONY.C,Pop_To_Pop_State_,2
73,D:\MOX\OTHERS\COLMOVE.C,Send_Cluster_,46,D:\MOX\OTHERS\GENDRAW.C,Do_Confirmation_Box_,1
73,D:\MOX\OTHERS\COLMOVE.C,Send_Cluster_,47,D:\MOX\OTHERS\HACCESS.C,Get_Planet_Name_,2
73,D:\MOX\OTHERS\COLMOVE.C,Send_Cluster_,64,D:\MOX\OTHERS\TEXTBOX.C,Text_Box_,2
73,D:\MOX\OTHERS\COLMOVE.C,Send_Cluster_,73,D:\MOX\OTHERS\COLMOVE.C,Colony_Pop_String_,1
73,D:\MOX\OTHERS\COLMOVE.C,Send_Cluster_,73,D:\MOX\OTHERS\COLMOVE.C,Get_First_Unemployed_,3
73,D:\MOX\OTHERS\COLMOVE.C,Send_Cluster_,73,D:\MOX\OTHERS\COLMOVE.C,Get_Num_Unemployed_,2
73,D:\MOX\OTHERS\COLMOVE.C,Send_Cluster_,73,D:\MOX\OTHERS\COLMOVE.C,Give_Colonist_New_Job_,2
73,D:\MOX\OTHERS\COLMOVE.C,Send_Cluster_,74,D:\MOX\OTHERS\COLONY.C,Clear_Mouse_Picture_,3
73,D:\MOX\OTHERS\COLMOVE.C,Send_Cluster_,74,D:\MOX\OTHERS\COLONY.C,Col_Calc_Wrapper_,2
73,D:\MOX\OTHERS\COLMOVE.C,Send_Cluster_,74,D:\MOX\OTHERS\COLONY.C,Reset_Field_Mode_,1
73,D:\MOX\OTHERS\COLMOVE.C,Send_Cluster_,74,D:\MOX\OTHERS\COLONY.C,Reset_Mouse_Picture_,7
73,D:\MOX\OTHERS\COLMOVE.C,Send_Cluster_,79,D:\MOX\OTHERS\ERIC.C,Help_,2
73,D:\MOX\OTHERS\COLMOVE.C,Send_Cluster_,79,D:\MOX\OTHERS\ERIC.C,String_Builder2_,15
73,D:\MOX\OTHERS\COLMOVE.C,Send_Cluster_,88,D:\MOX\OTHERS\ESTRINGS.C,E_Strings_,25
73,D:\MOX\OTHERS\COLMOVE.C,Send_Cluster_,102,D:\MOX\OTHERS\COLCALC.C,Colony_Calculation_,2
73,D:\MOX\OTHERS\COLMOVE.C,Send_Cluster_,118,D:\MOX\OTHERS\SETTLER.C,Pop_Tries_To_Settle_,1
73,D:\MOX\OTHERS\COLMOVE.C,Send_Cluster_,118,D:\MOX\OTHERS\SETTLER.C,Settle_Pop_,1
74,D:\MOX\OTHERS\COLONY.C,Actual_Build_Time_,102,D:\MOX\OTHERS\COLCALC.C,Colony_Current_Product_Cost_,1
74,D:\MOX\OTHERS\COLONY.C,Add_Bldg_Fields_,74,D:\MOX\OTHERS\COLONY.C,Bldg_Coords_To_Centered_Screen_Coord_,2
74,D:\MOX\OTHERS\COLONY.C,Add_Bldg_Fields_,88,D:\MOX\OTHERS\ESTRINGS.C,E_Strings_,1
74,D:\MOX\OTHERS\COLONY.C,Add_Job_Field_For_,70,D:\MOX\OTHERS\COLDRAW.C,Do_Colony_Info_Pop_Stuff_For_Pop_,1
74,D:\MOX\OTHERS\COLONY.C,Add_Job_Fields_,74,D:\MOX\OTHERS\COLONY.C,Add_Job_Field_For_,1
74,D:\MOX\OTHERS\COLONY.C,Add_Job_Fields_,74,D:\MOX\OTHERS\COLONY.C,Add_Move_Colonist_Job_Field_For_,1
74,D:\MOX\OTHERS\COLONY.C,Add_Military_Fields_,74,D:\MOX\OTHERS\COLONY.C,Do_Colony_Info_Military_Stuff_For_,1
74,D:\MOX\OTHERS\COLONY.C,Add_Move_Colonist_Job_Field_For_,74,D:\MOX\OTHERS\COLONY.C,Conquered_String_,1
74,D:\MOX\OTHERS\COLONY.C,Add_Move_Colonist_Job_Field_For_,74,D:\MOX\OTHERS\COLONY.C,Job_String_,1
74,D:\MOX\OTHERS\COLONY.C,Add_Move_Colonist_Job_Field_For_,74,D:\MOX\OTHERS\COLONY.C,Pop_Race_String_,1
74,D:\MOX\OTHERS\COLONY.C,Add_Move_Colonist_Job_Field_For_,74,D:\MOX\OTHERS\COLONY.C,Pop_State_String_,1
74,D:\MOX\OTHERS\COLONY.C,Add_Move_Colonist_Job_Field_For_,74,D:\MOX\OTHERS\COLONY.C,Pop_To_Pop_State_,1
74,D:\MOX\OTHERS\COLONY.C,Add_Move_Colonist_Job_Field_For_,74,D:\MOX\OTHERS\COLONY.C,Print_Scanned_String_,1
74,D:\MOX\OTHERS\COLONY.C,Add_Move_Colonist_Job_Field_For_,74,D:\MOX\OTHERS\COLONY.C,Set_Colony_Font_To_,1
74,D:\MOX\OTHERS\COLONY.C,Add_Move_Colonist_Job_Field_For_,88,D:\MOX\OTHERS\ESTRINGS.C,E_Strings_,2
74,D:\MOX\OTHERS\COLONY.C,Add_Satellite_Fields_,74,D:\MOX\OTHERS\COLONY.C,Satellite_Anims_,1
74,D:\MOX\OTHERS\COLONY.C,Add_Satellite_Fields_,74,D:\MOX\OTHERS\COLONY.C,Satellite_Bldg_N_TO_Satellite_Animation_Index_,1
74,D:\MOX\OTHERS\COLONY.C,Add_Satellite_Fields_,88,D:\MOX\OTHERS\ESTRINGS.C,E_Strings_,1
74,D:\MOX\OTHERS\COLONY.C,Add_Screen_Fields_,74,D:\MOX\OTHERS\COLONY.C,Add_Bldg_Fields_,1
74,D:\MOX\OTHERS\COLONY.C,Add_Screen_Fields_,74,D:\MOX\OTHERS\COLONY.C,Add_Satellite_Fields_,1
74,D:\MOX\OTHERS\COLONY.C,Add_Screen_Fields_,74,D:\MOX\OTHERS\COLONY.C,Add_Stacking_Fields_,1
74,D:\MOX\OTHERS\COLONY.C,Add_Screen_Fields_,74,D:\MOX\OTHERS\COLONY.C,C_Anims_,6
74,D:\MOX\OTHERS\COLONY.C,Add_Screen_Fields_,74,D:\MOX\OTHERS\COLONY.C,Colony_Can_Buy_Product_0_,1
74,D:\MOX\OTHERS\COLONY.C,Add_Screen_Fields_,88,D:\MOX\OTHERS\ESTRINGS.C,E_Strings_,23
74,D:\MOX\OTHERS\COLONY.C,Add_Stacking_Fields_,56,D:\MOX\OTHERS\MOVEBOX.C,Add_Galaxy_Map_Fields_2_,1
74,D:\MOX\OTHERS\COLONY.C,Add_Stacking_Fields_,73,D:\MOX\OTHERS\COLMOVE.C,Get_First_Unemployed_,1
74,D:\MOX\OTHERS\COLONY.C,Add_Stacking_Fields_,74,D:\MOX\OTHERS\COLONY.C,Add_Job_Fields_,1
74,D:\MOX\OTHERS\COLONY.C,Add_Stacking_Fields_,74,D:\MOX\OTHERS\COLONY.C,Add_Military_Fields_,1
74,D:\MOX\OTHERS\COLONY.C,Add_Stacking_Fields_,74,D:\MOX\OTHERS\COLONY.C,Add_Screen_Fields_,1
74,D:\MOX\OTHERS\COLONY.C,Add_Stacking_Fields_,74,D:\MOX\OTHERS\COLONY.C,C_Anims_,1
74,D:\MOX\OTHERS\COLONY.C,Add_Stacking_Fields_,74,D:\MOX\OTHERS\COLONY.C,Clear_Sys_Disp_Fields_,1
74,D:\MOX\OTHERS\COLONY.C,Add_Stacking_Fields_,77,D:\MOX\OTHERS\COLSYSDI.C,Add_Col_Sys_Disp_Fields_,1
74,D:\MOX\OTHERS\COLONY.C,Add_Stacking_Fields_,80,D:\MOX\OTHERS\FAKEBUTS.C,Clear_Fake_Buttons_,1
74,D:\MOX\OTHERS\COLONY.C,Add_Stacking_Fields_,88,D:\MOX\OTHERS\ESTRINGS.C,E_Strings_,3
74,D:\MOX\OTHERS\COLONY.C,Box_All_Slots_,1,L:\MOX\MOX2.C,_TOGGLE_PAGES_,1
74,D:\MOX\OTHERS\COLONY.C,Box_All_Slots_,39,D:\MOX\OTHERS\ASSERT.C,hgetch_,1
74,D:\MOX\OTHERS\COLONY.C,Box_All_Slots_,74,D:\MOX\OTHERS\COLONY.C,Box_Bldg_Slot_,1
74,D:\MOX\OTHERS\COLONY.C,Box_Bldg_Slot_,74,D:\MOX\OTHERS\COLONY.C,Get_Bldg_Box_,1
74,D:\MOX\OTHERS\COLONY.C,Box_Bldg_Slot_,79,D:\MOX\OTHERS\ERIC.C,Pulsing_Rect_,1
74,D:\MOX\OTHERS\COLONY.C,Box_Galaxy_Map_Star_,56,D:\MOX\OTHERS\MOVEBOX.C,Get_Galaxy_Map_Star_XY_,1
74,D:\MOX\OTHERS\COLONY.C,Box_Galaxy_Map_Star_,79,D:\MOX\OTHERS\ERIC.C,Pulsing_Box_,1
74,D:\MOX\OTHERS\COLONY.C,C_Anims_,117,D:\MOX\OTHERS\RUSS.C,Mox_Update_,1
74,D:\MOX\OTHERS\COLONY.C,Calculate_Colony_Turn_Count_From_Scrap_For_Prod_,102,D:\MOX\OTHERS\COLCALC.C,Colony_Product_Cost_,1
74,D:\MOX\OTHERS\COLONY.C,Calculate_Colony_Turn_Count_With_Accumulation_For_Prod_,102,D:\MOX\OTHERS\COLCALC.C,Colony_N_Turns_To_Produce_,1
74,D:\MOX\OTHERS\COLONY.C,Calculate_Current_Production_Turn_Count_,102,D:\MOX\OTHERS\COLCALC.C,Colony_N_Turns_To_Produce_,1
74,D:\MOX\OTHERS\COLONY.C,Check_Bldg_Fields_,7,L:\MOX\ERICNET.C,Remove_Building_,1
74,D:\MOX\OTHERS\COLONY.C,Check_Bldg_Fields_,46,D:\MOX\OTHERS\GENDRAW.C,Do_Confirmation_Box_,1
74,D:\MOX\OTHERS\COLONY.C,Check_Bldg_Fields_,64,D:\MOX\OTHERS\TEXTBOX.C,Text_Box_,1
74,D:\MOX\OTHERS\COLONY.C,Check_Bldg_Fields_,68,D:\MOX\OTHERS\COLBLDG.C,Get_App_Description_String_,1
74,D:\MOX\OTHERS\COLONY.C,Check_Bldg_Fields_,74,D:\MOX\OTHERS\COLONY.C,CR_Building_Name_,2
74,D:\MOX\OTHERS\COLONY.C,Check_Bldg_Fields_,74,D:\MOX\OTHERS\COLONY.C,Get_Bldg_CR_,1
74,D:\MOX\OTHERS\COLONY.C,Check_Bldg_Fields_,74,D:\MOX\OTHERS\COLONY.C,XY_In_Bldg_Poly_,3
74,D:\MOX\OTHERS\COLONY.C,Check_Bldg_Fields_,79,D:\MOX\OTHERS\ERIC.C,Help_,1
74,D:\MOX\OTHERS\COLONY.C,Check_Bldg_Fields_,86,D:\MOX\OTHERS\ERICHELP.C,Set_Colony_Screen_Help_List_,1
74,D:\MOX\OTHERS\COLONY.C,Check_Bldg_Fields_,88,D:\MOX\OTHERS\ESTRINGS.C,E_Strings_,2
74,D:\MOX\OTHERS\COLONY.C,Check_Bldg_Fields_,102,D:\MOX\OTHERS\COLCALC.C,Colony_Calculation_,1
74,D:\MOX\OTHERS\COLONY.C,Check_Job_Fields_,73,D:\MOX\OTHERS\COLMOVE.C,Get_Cluster_,1
74,D:\MOX\OTHERS\COLONY.C,Check_Job_Fields_,73,D:\MOX\OTHERS\COLMOVE.C,Send_Cluster_,1
74,D:\MOX\OTHERS\COLONY.C,Check_Job_Fields_,74,D:\MOX\OTHERS\COLONY.C,Col_Calc_Wrapper_,1
74,D:\MOX\OTHERS\COLONY.C,Check_Job_Fields_,74,D:\MOX\OTHERS\COLONY.C,Set_Colony_Font_To_,1
74,D:\MOX\OTHERS\COLONY.C,Check_Job_Fields_,86,D:\MOX\OTHERS\ERICHELP.C,Set_Colony_Screen_Help_List_,1
74,D:\MOX\OTHERS\COLONY.C,Check_Military_Fields_,74,D:\MOX\OTHERS\COLONY.C,Clear_Move_Military_,1
74,D:\MOX\OTHERS\COLONY.C,Check_Military_Fields_,74,D:\MOX\OTHERS\COLONY.C,Col_Calc_Wrapper_,1
74,D:\MOX\OTHERS\COLONY.C,Check_Military_Fields_,74,D:\MOX\OTHERS\COLONY.C,Reset_Field_Mode_,1
74,D:\MOX\OTHERS\COLONY.C,Check_Military_Fields_,79,D:\MOX\OTHERS\ERIC.C,Help_,1
74,D:\MOX\OTHERS\COLONY.C,Check_Military_Fields_,86,D:\MOX\OTHERS\ERICHELP.C,Set_Colony_Screen_Help_List_,1
74,D:\MOX\OTHERS\COLONY.C,Check_Military_Fields_,88,D:\MOX\OTHERS\ESTRINGS.C,E_Strings_,1
74,D:\MOX\OTHERS\COLONY.C,Check_Military_Fields_,89,D:\MOX\OTHERS\NEWPUP.C,Troop_Popup_,1
74,D:\MOX\OTHERS\COLONY.C,Check_Satellite_Fields_,7,L:\MOX\ERICNET.C,Remove_Building_,1
74,D:\MOX\OTHERS\COLONY.C,Check_Satellite_Fields_,46,D:\MOX\OTHERS\GENDRAW.C,Do_Confirmation_Box_,1
74,D:\MOX\OTHERS\COLONY.C,Check_Satellite_Fields_,64,D:\MOX\OTHERS\TEXTBOX.C,Text_Box_,1
74,D:\MOX\OTHERS\COLONY.C,Check_Satellite_Fields_,68,D:\MOX\OTHERS\COLBLDG.C,Get_App_Description_String_,1
74,D:\MOX\OTHERS\COLONY.C,Check_Satellite_Fields_,74,D:\MOX\OTHERS\COLONY.C,Remove_Satellite_From_Array_,1
74,D:\MOX\OTHERS\COLONY.C,Check_Satellite_Fields_,74,D:\MOX\OTHERS\COLONY.C,Satellite_Name_,1
74,D:\MOX\OTHERS\COLONY.C,Check_Satellite_Fields_,79,D:\MOX\OTHERS\ERIC.C,Help_,1
74,D:\MOX\OTHERS\COLONY.C,Check_Satellite_Fields_,86,D:\MOX\OTHERS\ERICHELP.C,Set_Colony_Screen_Help_List_,2
74,D:\MOX\OTHERS\COLONY.C,Check_Satellite_Fields_,88,D:\MOX\OTHERS\ESTRINGS.C,E_Strings_,2
74,D:\MOX\OTHERS\COLONY.C,Check_Satellite_Fields_,102,D:\MOX\OTHERS\COLCALC.C,Colony_Calculation_,1
74,D:\MOX\OTHERS\COLONY.C,Check_System_Display_Fields_,47,D:\MOX\OTHERS\HACCESS.C,Set_Last_Colony_Selected_,1
74,D:\MOX\OTHERS\COLONY.C,Check_System_Display_Fields_,48,D:\MOX\OTHERS\HAROLD.C,Planet_Index_,10
74,D:\MOX\OTHERS\COLONY.C,Check_System_Display_Fields_,52,D:\MOX\OTHERS\MAINSCR.C,Center_Map_,1
74,D:\MOX\OTHERS\COLONY.C,Check_System_Display_Fields_,52,D:\MOX\OTHERS\MAINSCR.C,Scan_Galaxy_Map_Fields_,1
74,D:\MOX\OTHERS\COLONY.C,Check_System_Display_Fields_,73,D:\MOX\OTHERS\COLMOVE.C,Send_Cluster_,1
74,D:\MOX\OTHERS\COLONY.C,Check_System_Display_Fields_,74,D:\MOX\OTHERS\COLONY.C,Fix_Colony_Queue_,1
74,D:\MOX\OTHERS\COLONY.C,Check_System_Display_Fields_,74,D:\MOX\OTHERS\COLONY.C,Reset_Field_Mode_,1
74,D:\MOX\OTHERS\COLONY.C,Check_System_Display_Fields_,79,D:\MOX\OTHERS\ERIC.C,Help_,1
74,D:\MOX\OTHERS\COLONY.C,Check_System_Display_Fields_,80,D:\MOX\OTHERS\FAKEBUTS.C,Clear_Fake_Buttons_,1
74,D:\MOX\OTHERS\COLONY.C,Check_System_Display_Fields_,83,D:\MOX\OTHERS\MAINPUPS.C,Build_Generic_Planet_Or_Colony_Description_String_Formatted_,1
74,D:\MOX\OTHERS\COLONY.C,Check_System_Display_Fields_,86,D:\MOX\OTHERS\ERICHELP.C,Set_Colony_Screen_Help_List_,2
74,D:\MOX\OTHERS\COLONY.C,Check_System_Display_Fields_,88,D:\MOX\OTHERS\ESTRINGS.C,E_Strings_,1
74,D:\MOX\OTHERS\COLONY.C,Clean_Up_Colony_Queue_,74,D:\MOX\OTHERS\COLONY.C,Defragment_Colony_Queue_,1
74,D:\MOX\OTHERS\COLONY.C,Clean_Up_Colony_Queue_,74,D:\MOX\OTHERS\COLONY.C,Squish_Out_Colony_Queue_Slot_,1
74,D:\MOX\OTHERS\COLONY.C,Clear_Mouse_Picture_,73,D:\MOX\OTHERS\COLMOVE.C,Get_First_Unemployed_,1
74,D:\MOX\OTHERS\COLONY.C,Col_Calc_Wrapper_,102,D:\MOX\OTHERS\COLCALC.C,Colony_Calculation_,1
74,D:\MOX\OTHERS\COLONY.C,Colonize_Planet_,4,L:\MOX\INITGAME.C,Init_Colony_,1
74,D:\MOX\OTHERS\COLONY.C,Colony_Can_Buy_Product_0_,102,D:\MOX\OTHERS\COLCALC.C,Colony_Can_Afford_To_Buy_Product_,1
74,D:\MOX\OTHERS\COLONY.C,Colony_Can_Buy_Product_0_,102,D:\MOX\OTHERS\COLCALC.C,Colony_Cost_To_Buy_Product_,1
74,D:\MOX\OTHERS\COLONY.C,Colony_Pop_Anim_,74,D:\MOX\OTHERS\COLONY.C,Get_Effective_Pop_Player_,1
74,D:\MOX\OTHERS\COLONY.C,Colony_Pop_Anim_,74,D:\MOX\OTHERS\COLONY.C,People_Anim_,1
74,D:\MOX\OTHERS\COLONY.C,Colony_Pop_Anim_,74,D:\MOX\OTHERS\COLONY.C,Pop_To_Pop_State_,1
74,D:\MOX\OTHERS\COLONY.C,Colony_Screen_,1,L:\MOX\MOX2.C,_TOGGLE_PAGES_,1
74,D:\MOX\OTHERS\COLONY.C,Colony_Screen_,48,D:\MOX\OTHERS\HAROLD.C,Planet_Index_,1
74,D:\MOX\OTHERS\COLONY.C,Colony_Screen_,68,D:\MOX\OTHERS\COLBLDG.C,Allocate_Help_Buffer_,1
74,D:\MOX\OTHERS\COLONY.C,Colony_Screen_,68,D:\MOX\OTHERS\COLBLDG.C,Load_Build_Anims_,1
74,D:\MOX\OTHERS\COLONY.C,Colony_Screen_,70,D:\MOX\OTHERS\COLDRAW.C,Load_Road_List_Anims_,1
74,D:\MOX\OTHERS\COLONY.C,Colony_Screen_,74,D:\MOX\OTHERS\COLONY.C,C_Anims_,1
74,D:\MOX\OTHERS\COLONY.C,Colony_Screen_,74,D:\MOX\OTHERS\COLONY.C,Do_Informational_And_Decision_Popups_,1
74,D:\MOX\OTHERS\COLONY.C,Colony_Screen_,74,D:\MOX\OTHERS\COLONY.C,Draw_Colony_Screen_,2
74,D:\MOX\OTHERS\COLONY.C,Colony_Screen_,74,D:\MOX\OTHERS\COLONY.C,Fix_Colony_Queue_,1
74,D:\MOX\OTHERS\COLONY.C,Colony_Screen_,74,D:\MOX\OTHERS\COLONY.C,Load_Bldg_Bitm_,1
74,D:\MOX\OTHERS\COLONY.C,Colony_Screen_,74,D:\MOX\OTHERS\COLONY.C,Load_Button_Anims_,1
74,D:\MOX\OTHERS\COLONY.C,Colony_Screen_,74,D:\MOX\OTHERS\COLONY.C,Load_Galaxy_Map_Anims_,1
74,D:\MOX\OTHERS\COLONY.C,Colony_Screen_,74,D:\MOX\OTHERS\COLONY.C,Load_Officer_Anim_,1
74,D:\MOX\OTHERS\COLONY.C,Colony_Screen_,74,D:\MOX\OTHERS\COLONY.C,Load_Ship_Bitm_,1
74,D:\MOX\OTHERS\COLONY.C,Colony_Screen_,74,D:\MOX\OTHERS\COLONY.C,Make_Bldg_Array_For_Colony_,1
74,D:\MOX\OTHERS\COLONY.C,Colony_Screen_,74,D:\MOX\OTHERS\COLONY.C,Reset_Field_Arrays_,1
74,D:\MOX\OTHERS\COLONY.C,Colony_Screen_,74,D:\MOX\OTHERS\COLONY.C,Reset_Field_Mode_,1
74,D:\MOX\OTHERS\COLONY.C,Colony_Screen_,74,D:\MOX\OTHERS\COLONY.C,Set_Colony_Font_To_,1
74,D:\MOX\OTHERS\COLONY.C,Colony_Screen_,78,D:\MOX\OTHERS\COLXPORT.C,Load_Xport_Anims_,1
74,D:\MOX\OTHERS\COLONY.C,Colony_Screen_,79,D:\MOX\OTHERS\ERIC.C,Fast_Fade_In_,1
74,D:\MOX\OTHERS\COLONY.C,Colony_Screen_,79,D:\MOX\OTHERS\ERIC.C,Fast_Fade_Out_,1
74,D:\MOX\OTHERS\COLONY.C,Colony_Screen_,79,D:\MOX\OTHERS\ERIC.C,Fast_Fade_Out_Needed_For_Colony_Palette_,2
74,D:\MOX\OTHERS\COLONY.C,Colony_Screen_,80,D:\MOX\OTHERS\FAKEBUTS.C,Clear_Fake_Buttons_,3
74,D:\MOX\OTHERS\COLONY.C,Colony_Screen_,86,D:\MOX\OTHERS\ERICHELP.C,Set_Colony_Screen_Help_List_,1
74,D:\MOX\OTHERS\COLONY.C,Colony_Screen_,117,D:\MOX\OTHERS\RUSS.C,Mox_Update_,7
74,D:\MOX\OTHERS\COLONY.C,Colony_Type_,88,D:\MOX\OTHERS\ESTRINGS.C,E_Strings_,1
74,D:\MOX\OTHERS\COLONY.C,Create_Shadow_Farmer_,74,D:\MOX\OTHERS\COLONY.C,People_Anim_,1
74,D:\MOX\OTHERS\COLONY.C,Defragment_Colony_Queue_,74,D:\MOX\OTHERS\COLONY.C,Squish_Out_Colony_Queue_Slot_,1
74,D:\MOX\OTHERS\COLONY.C,Do_Cheats_,74,D:\MOX\OTHERS\COLONY.C,Col_Calc_Wrapper_,1
74,D:\MOX\OTHERS\COLONY.C,Do_Cheats_,74,D:\MOX\OTHERS\COLONY.C,Colonize_Planet_,1
74,D:\MOX\OTHERS\COLONY.C,Do_Cheats_,79,D:\MOX\OTHERS\ERIC.C,Help_,1
74,D:\MOX\OTHERS\COLONY.C,Do_Cheats_,86,D:\MOX\OTHERS\ERICHELP.C,Set_Colony_Screen_Help_List_,1
74,D:\MOX\OTHERS\COLONY.C,Do_Cheats_,88,D:\MOX\OTHERS\ESTRINGS.C,E_Strings_,13
74,D:\MOX\OTHERS\COLONY.C,Do_Cheats_,117,D:\MOX\OTHERS\RUSS.C,PFMT_,6
74,D:\MOX\OTHERS\COLONY.C,Do_Colony_Info_Military_Stuff_For_,74,D:\MOX\OTHERS\COLONY.C,Do_Colony_Info_Military_Stuff_For_,1
74,D:\MOX\OTHERS\COLONY.C,Do_Colony_Info_Military_Stuff_For_,74,D:\MOX\OTHERS\COLONY.C,Military_Anim_,6
74,D:\MOX\OTHERS\COLONY.C,Do_Colony_Info_Military_Stuff_For_,74,D:\MOX\OTHERS\COLONY.C,Set_Colony_Font_To_,1
74,D:\MOX\OTHERS\COLONY.C,Do_Colony_Info_Military_Stuff_For_,88,D:\MOX\OTHERS\ESTRINGS.C,E_Strings_,2
74,D:\MOX\OTHERS\COLONY.C,Do_Informational_And_Decision_Popups_,47,D:\MOX\OTHERS\HACCESS.C,Get_Planet_Name_,4
74,D:\MOX\OTHERS\COLONY.C,Do_Informational_And_Decision_Popups_,68,D:\MOX\OTHERS\COLBLDG.C,Selection_Name_,1
74,D:\MOX\OTHERS\COLONY.C,Do_Informational_And_Decision_Popups_,74,D:\MOX\OTHERS\COLONY.C,Col_Calc_Wrapper_,1
74,D:\MOX\OTHERS\COLONY.C,Do_Informational_And_Decision_Popups_,74,D:\MOX\OTHERS\COLONY.C,Colony_Has_Natives_,1
74,D:\MOX\OTHERS\COLONY.C,Do_Informational_And_Decision_Popups_,74,D:\MOX\OTHERS\COLONY.C,Sum_Colonists_,1
74,D:\MOX\OTHERS\COLONY.C,Do_Informational_And_Decision_Popups_,79,D:\MOX\OTHERS\ERIC.C,Help_,3
74,D:\MOX\OTHERS\COLONY.C,Do_Informational_And_Decision_Popups_,85,D:\MOX\OTHERS\OCPOLPUP.C,Occupation_Policy_Popup_,1
74,D:\MOX\OTHERS\COLONY.C,Do_Informational_And_Decision_Popups_,86,D:\MOX\OTHERS\ERICHELP.C,Set_Colony_Screen_Help_List_,4
74,D:\MOX\OTHERS\COLONY.C,Do_Informational_And_Decision_Popups_,88,D:\MOX\OTHERS\ESTRINGS.C,E_Strings_,3
74,D:\MOX\OTHERS\COLONY.C,Draw_All_Buildings_,74,D:\MOX\OTHERS\COLONY.C,Draw_Building_,1
74,D:\MOX\OTHERS\COLONY.C,Draw_Bldg_At_XY_With_Bottom_Centered_No_Glass_,67,D:\MOX\OTHERS\COLBCACH.C,Cache_Load_Bldg_,1
74,D:\MOX\OTHERS\COLONY.C,Draw_Bldg_At_XY_With_Bottom_Centered_No_Glass_,74,D:\MOX\OTHERS\COLONY.C,CR_To_XY_,2
74,D:\MOX\OTHERS\COLONY.C,Draw_Bldg_CR_,67,D:\MOX\OTHERS\COLBCACH.C,Cache_Load_Bldg_,1
74,D:\MOX\OTHERS\COLONY.C,Draw_Bldg_CR_Dark_,67,D:\MOX\OTHERS\COLBCACH.C,Cache_Load_Bldg_,1
74,D:\MOX\OTHERS\COLONY.C,Draw_Bldg_CR_Dark_,74,D:\MOX\OTHERS\COLONY.C,CR_To_XY_,2
74,D:\MOX\OTHERS\COLONY.C,Draw_Building_,1,L:\MOX\MOX2.C,_TOGGLE_PAGES_,1
74,D:\MOX\OTHERS\COLONY.C,Draw_Building_,39,D:\MOX\OTHERS\ASSERT.C,hgetch_,1
74,D:\MOX\OTHERS\COLONY.C,Draw_Building_,74,D:\MOX\OTHERS\COLONY.C,Draw_Bldg_CR_,1
74,D:\MOX\OTHERS\COLONY.C,Draw_Building_With_Bottom_Centered_,67,D:\MOX\OTHERS\COLBCACH.C,Cache_Load_Bldg_,1
74,D:\MOX\OTHERS\COLONY.C,Draw_Building_With_Bottom_Centered_,74,D:\MOX\OTHERS\COLONY.C,CR_To_XY_,2
74,D:\MOX\OTHERS\COLONY.C,Draw_Colony_Bldg_,67,D:\MOX\OTHERS\COLBCACH.C,Cache_Load_Bldg_,1
74,D:\MOX\OTHERS\COLONY.C,Draw_Colony_Bldg_,74,D:\MOX\OTHERS\COLONY.C,Draw_Bldg_CR_Dark_,1
74,D:\MOX\OTHERS\COLONY.C,Draw_Colony_Bldg_,79,D:\MOX\OTHERS\ERIC.C,Global_Cycler_,1
74,D:\MOX\OTHERS\COLONY.C,Draw_Colony_Bldg_To_Bitm_,67,D:\MOX\OTHERS\COLBCACH.C,Cache_Load_Bldg_,1
74,D:\MOX\OTHERS\COLONY.C,Draw_Colony_Bldgs_,67,D:\MOX\OTHERS\COLBCACH.C,Cache_Load_Bldg_,1
74,D:\MOX\OTHERS\COLONY.C,Draw_Colony_Bldgs_,70,D:\MOX\OTHERS\COLDRAW.C,Draw_Veggie_CR_,1
74,D:\MOX\OTHERS\COLONY.C,Draw_Colony_Bldgs_,74,D:\MOX\OTHERS\COLONY.C,Bldg_Back_To_Front_,1
74,D:\MOX\OTHERS\COLONY.C,Draw_Colony_Bldgs_,74,D:\MOX\OTHERS\COLONY.C,Draw_Colony_Bldg_,1
74,D:\MOX\OTHERS\COLONY.C,Draw_Colony_Bldgs_to_Bitm_,67,D:\MOX\OTHERS\COLBCACH.C,Cache_Load_Bldg_,1
74,D:\MOX\OTHERS\COLONY.C,Draw_Colony_Bldgs_to_Bitm_,74,D:\MOX\OTHERS\COLONY.C,Bldg_Back_To_Front_,1
74,D:\MOX\OTHERS\COLONY.C,Draw_Colony_Bldgs_to_Bitm_,74,D:\MOX\OTHERS\COLONY.C,Draw_Colony_Bldg_To_Bitm_,1
74,D:\MOX\OTHERS\COLONY.C,Draw_Colony_Info_,70,D:\MOX\OTHERS\COLDRAW.C,Draw_Info_Morale_,1
74,D:\MOX\OTHERS\COLONY.C,Draw_Colony_Info_,74,D:\MOX\OTHERS\COLONY.C,Draw_Colony_Info_Military_,1
74,D:\MOX\OTHERS\COLONY.C,Draw_Colony_Info_,74,D:\MOX\OTHERS\COLONY.C,Draw_Colony_Info_Officer_,1
74,D:\MOX\OTHERS\COLONY.C,Draw_Colony_Info_,74,D:\MOX\OTHERS\COLONY.C,Draw_Colony_Info_Pop_For_,3
74,D:\MOX\OTHERS\COLONY.C,Draw_Colony_Info_,74,D:\MOX\OTHERS\COLONY.C,Draw_Colony_Info_Pop_Scanned_,1
74,D:\MOX\OTHERS\COLONY.C,Draw_Colony_Info_,74,D:\MOX\OTHERS\COLONY.C,Draw_Colony_Info_Production_For_,4
74,D:\MOX\OTHERS\COLONY.C,Draw_Colony_Info_,74,D:\MOX\OTHERS\COLONY.C,Draw_Gal_Map_Last_Star_Scanned_,1
74,D:\MOX\OTHERS\COLONY.C,Draw_Colony_Info_,74,D:\MOX\OTHERS\COLONY.C,Draw_Info_Build_,1
74,D:\MOX\OTHERS\COLONY.C,Draw_Colony_Info_,74,D:\MOX\OTHERS\COLONY.C,Draw_Info_Name_And_Pop_,1
74,D:\MOX\OTHERS\COLONY.C,Draw_Colony_Info_,74,D:\MOX\OTHERS\COLONY.C,Draw_Sys_Disp_Last_Scanned_,1
74,D:\MOX\OTHERS\COLONY.C,Draw_Colony_Info_,74,D:\MOX\OTHERS\COLONY.C,Print_Scanned_Military_,1
74,D:\MOX\OTHERS\COLONY.C,Draw_Colony_Info_,74,D:\MOX\OTHERS\COLONY.C,Print_Scanned_Satellite_,1
74,D:\MOX\OTHERS\COLONY.C,Draw_Colony_Info_,74,D:\MOX\OTHERS\COLONY.C,Scan_Bldg_CR_,1
74,D:\MOX\OTHERS\COLONY.C,Draw_Colony_Info_Background_,73,D:\MOX\OTHERS\COLMOVE.C,Get_First_Unemployed_,1
74,D:\MOX\OTHERS\COLONY.C,Draw_Colony_Info_Background_,74,D:\MOX\OTHERS\COLONY.C,C_Anims_,1
74,D:\MOX\OTHERS\COLONY.C,Draw_Colony_Info_Military_,74,D:\MOX\OTHERS\COLONY.C,Do_Colony_Info_Military_Stuff_For_,1
74,D:\MOX\OTHERS\COLONY.C,Draw_Colony_Info_Military_For_,74,D:\MOX\OTHERS\COLONY.C,Do_Colony_Info_Military_Stuff_For_,1
74,D:\MOX\OTHERS\COLONY.C,Draw_Colony_Info_Morale_,70,D:\MOX\OTHERS\COLDRAW.C,Draw_Info_Morale_,1
74,D:\MOX\OTHERS\COLONY.C,Draw_Colony_Info_Officer_,74,D:\MOX\OTHERS\COLONY.C,C_Anims_,2
74,D:\MOX\OTHERS\COLONY.C,Draw_Colony_Info_Officer_,88,D:\MOX\OTHERS\ESTRINGS.C,E_Strings_,1
74,D:\MOX\OTHERS\COLONY.C,Draw_Colony_Info_Pop_,74,D:\MOX\OTHERS\COLONY.C,Draw_Colony_Info_Pop_For_,3
74,D:\MOX\OTHERS\COLONY.C,Draw_Colony_Info_Pop_Scanned_,70,D:\MOX\OTHERS\COLDRAW.C,Draw_Colony_Prod_,1
74,D:\MOX\OTHERS\COLONY.C,Draw_Colony_Info_Pop_Scanned_,74,D:\MOX\OTHERS\COLONY.C,Conquered_String_,1
74,D:\MOX\OTHERS\COLONY.C,Draw_Colony_Info_Pop_Scanned_,74,D:\MOX\OTHERS\COLONY.C,Job_String_,1
74,D:\MOX\OTHERS\COLONY.C,Draw_Colony_Info_Pop_Scanned_,74,D:\MOX\OTHERS\COLONY.C,Pop_Race_String_,1
74,D:\MOX\OTHERS\COLONY.C,Draw_Colony_Info_Pop_Scanned_,74,D:\MOX\OTHERS\COLONY.C,Pop_State_String_,1
74,D:\MOX\OTHERS\COLONY.C,Draw_Colony_Info_Pop_Scanned_,74,D:\MOX\OTHERS\COLONY.C,Pop_To_Pop_State_,1
74,D:\MOX\OTHERS\COLONY.C,Draw_Colony_Info_Production_,74,D:\MOX\OTHERS\COLONY.C,Draw_Colony_Info_Production_For_,3
74,D:\MOX\OTHERS\COLONY.C,Draw_Colony_Info_Scanned_,74,D:\MOX\OTHERS\COLONY.C,CR_Building_Name_,1
74,D:\MOX\OTHERS\COLONY.C,Draw_Colony_Info_Scanned_,74,D:\MOX\OTHERS\COLONY.C,Print_Scanned_Military_,1
74,D:\MOX\OTHERS\COLONY.C,Draw_Colony_Info_Scanned_,74,D:\MOX\OTHERS\COLONY.C,Print_Scanned_String_,2
74,D:\MOX\OTHERS\COLONY.C,Draw_Colony_Info_Scanned_,74,D:\MOX\OTHERS\COLONY.C,Satellite_Name_,1
74,D:\MOX\OTHERS\COLONY.C,Draw_Colony_Satellites_,48,D:\MOX\OTHERS\HAROLD.C,Was_Mouse_List_Saved_,1
74,D:\MOX\OTHERS\COLONY.C,Draw_Colony_Satellites_,74,D:\MOX\OTHERS\COLONY.C,Draw_Satellite_Dark_,1
74,D:\MOX\OTHERS\COLONY.C,Draw_Colony_Satellites_,74,D:\MOX\OTHERS\COLONY.C,Satellite_Anim_,1
74,D:\MOX\OTHERS\COLONY.C,Draw_Colony_Satellites_,79,D:\MOX\OTHERS\ERIC.C,Global_Cycler_,1
74,D:\MOX\OTHERS\COLONY.C,Draw_Colony_Screen_,56,D:\MOX\OTHERS\MOVEBOX.C,Draw_Galaxy_Map_Box_,1
74,D:\MOX\OTHERS\COLONY.C,Draw_Colony_Screen_,70,D:\MOX\OTHERS\COLDRAW.C,Draw_Road_List_,1
74,D:\MOX\OTHERS\COLONY.C,Draw_Colony_Screen_,73,D:\MOX\OTHERS\COLMOVE.C,Draw_Cluster_,1
74,D:\MOX\OTHERS\COLONY.C,Draw_Colony_Screen_,74,D:\MOX\OTHERS\COLONY.C,Box_Galaxy_Map_Star_,2
74,D:\MOX\OTHERS\COLONY.C,Draw_Colony_Screen_,74,D:\MOX\OTHERS\COLONY.C,C_Anims_,4
74,D:\MOX\OTHERS\COLONY.C,Draw_Colony_Screen_,74,D:\MOX\OTHERS\COLONY.C,Draw_Colony_Bldgs_,2
74,D:\MOX\OTHERS\COLONY.C,Draw_Colony_Screen_,74,D:\MOX\OTHERS\COLONY.C,Draw_Colony_Info_Background_,1
74,D:\MOX\OTHERS\COLONY.C,Draw_Colony_Screen_,74,D:\MOX\OTHERS\COLONY.C,Draw_Colony_Info_Military_,1
74,D:\MOX\OTHERS\COLONY.C,Draw_Colony_Screen_,74,D:\MOX\OTHERS\COLONY.C,Draw_Colony_Info_Morale_,1
74,D:\MOX\OTHERS\COLONY.C,Draw_Colony_Screen_,74,D:\MOX\OTHERS\COLONY.C,Draw_Colony_Info_Officer_,1
74,D:\MOX\OTHERS\COLONY.C,Draw_Colony_Screen_,74,D:\MOX\OTHERS\COLONY.C,Draw_Colony_Info_Pop_,1
74,D:\MOX\OTHERS\COLONY.C,Draw_Colony_Screen_,74,D:\MOX\OTHERS\COLONY.C,Draw_Colony_Info_Production_,1
74,D:\MOX\OTHERS\COLONY.C,Draw_Colony_Screen_,74,D:\MOX\OTHERS\COLONY.C,Draw_Colony_Info_Scanned_,1
74,D:\MOX\OTHERS\COLONY.C,Draw_Colony_Screen_,74,D:\MOX\OTHERS\COLONY.C,Draw_Colony_Satellites_,2
74,D:\MOX\OTHERS\COLONY.C,Draw_Colony_Screen_,74,D:\MOX\OTHERS\COLONY.C,Draw_Info_Build_,1
74,D:\MOX\OTHERS\COLONY.C,Draw_Colony_Screen_,74,D:\MOX\OTHERS\COLONY.C,Draw_Info_Name_And_Pop_,1
74,D:\MOX\OTHERS\COLONY.C,Draw_Colony_Screen_,74,D:\MOX\OTHERS\COLONY.C,Draw_Sys_Disp_Scanned_,1
74,D:\MOX\OTHERS\COLONY.C,Draw_Colony_Screen_,74,D:\MOX\OTHERS\COLONY.C,Set_Colony_Font_To_,1
74,D:\MOX\OTHERS\COLONY.C,Draw_Colony_Screen_,77,D:\MOX\OTHERS\COLSYSDI.C,Draw_Col_Sys_Disp_,1
74,D:\MOX\OTHERS\COLONY.C,Draw_Colony_Screen_,80,D:\MOX\OTHERS\FAKEBUTS.C,Draw_Fake_Buttons_,1
74,D:\MOX\OTHERS\COLONY.C,Draw_Colony_Screen_,88,D:\MOX\OTHERS\ESTRINGS.C,E_Strings_,2
74,D:\MOX\OTHERS\COLONY.C,Draw_Current_Building2_,74,D:\MOX\OTHERS\COLONY.C,Draw_Building_With_Bottom_Centered_,1
74,D:\MOX\OTHERS\COLONY.C,Draw_Current_Building2_,74,D:\MOX\OTHERS\COLONY.C,Satellite_Anims_,1
74,D:\MOX\OTHERS\COLONY.C,Draw_Current_Building2_,74,D:\MOX\OTHERS\COLONY.C,Satellite_Bldg_N_TO_Satellite_Animation_Index_,1
74,D:\MOX\OTHERS\COLONY.C,Draw_Current_Building2_,79,D:\MOX\OTHERS\ERIC.C,Draw_Centered_,1
74,D:\MOX\OTHERS\COLONY.C,Draw_Current_Building_,74,D:\MOX\OTHERS\COLONY.C,Draw_Current_Building2_,1
74,D:\MOX\OTHERS\COLONY.C,Draw_Current_Production_Graph_,70,D:\MOX\OTHERS\COLDRAW.C,Draw_Colony_PC_Bar_,1
74,D:\MOX\OTHERS\COLONY.C,Draw_Current_Production_Graph_,102,D:\MOX\OTHERS\COLCALC.C,Colony_Current_Product_Cost_,1
74,D:\MOX\OTHERS\COLONY.C,Draw_Current_Ship_,74,D:\MOX\OTHERS\COLONY.C,Remap_Draw_Ship_Centered_,1
74,D:\MOX\OTHERS\COLONY.C,Draw_Gal_Map_Last_Star_Scanned_,74,D:\MOX\OTHERS\COLONY.C,Box_Galaxy_Map_Star_,1
74,D:\MOX\OTHERS\COLONY.C,Draw_Gal_Map_Last_Star_Scanned_,74,D:\MOX\OTHERS\COLONY.C,Set_Colony_Font_,1
74,D:\MOX\OTHERS\COLONY.C,Draw_Info_Build_,39,D:\MOX\OTHERS\ASSERT.C,hgetch_,1
74,D:\MOX\OTHERS\COLONY.C,Draw_Info_Build_,68,D:\MOX\OTHERS\COLBLDG.C,Selection_Name_,1
74,D:\MOX\OTHERS\COLONY.C,Draw_Info_Build_,74,D:\MOX\OTHERS\COLONY.C,Draw_Current_Building2_,1
74,D:\MOX\OTHERS\COLONY.C,Draw_Info_Build_,74,D:\MOX\OTHERS\COLONY.C,Draw_Current_Production_Graph_,1
74,D:\MOX\OTHERS\COLONY.C,Draw_Info_Build_,74,D:\MOX\OTHERS\COLONY.C,Draw_Turn_Count_,1
74,D:\MOX\OTHERS\COLONY.C,Draw_Info_Build_,74,D:\MOX\OTHERS\COLONY.C,People_Anim_,1
74,D:\MOX\OTHERS\COLONY.C,Draw_Info_Build_,74,D:\MOX\OTHERS\COLONY.C,Remap_Draw_Ship_Centered_,1
74,D:\MOX\OTHERS\COLONY.C,Draw_Info_Build_,74,D:\MOX\OTHERS\COLONY.C,Remap_Draw_Ship_Seg_N_Centered_,1
74,D:\MOX\OTHERS\COLONY.C,Draw_Info_Build_,74,D:\MOX\OTHERS\COLONY.C,Set_Colony_Font_To_,1
74,D:\MOX\OTHERS\COLONY.C,Draw_Info_Build_,79,D:\MOX\OTHERS\ERIC.C,Draw_Centered_,1
74,D:\MOX\OTHERS\COLONY.C,Draw_Info_Build_,88,D:\MOX\OTHERS\ESTRINGS.C,E_Strings_,2
74,D:\MOX\OTHERS\COLONY.C,Draw_Info_Build_,117,D:\MOX\OTHERS\RUSS.C,PFMT_,1
74,D:\MOX\OTHERS\COLONY.C,Draw_Info_Build_,122,D:\MOX\BILL.C,Squeeze_Print_Paragraph_,1
74,D:\MOX\OTHERS\COLONY.C,Draw_Info_Name_And_Pop_,15,D:\MOX\EVENTS.C,Event_Check_Plague_,1
74,D:\MOX\OTHERS\COLONY.C,Draw_Info_Name_And_Pop_,15,D:\MOX\EVENTS.C,Event_Check_Population_Boom_,1
74,D:\MOX\OTHERS\COLONY.C,Draw_Info_Name_And_Pop_,47,D:\MOX\OTHERS\HACCESS.C,Get_Planet_Name_,2
74,D:\MOX\OTHERS\COLONY.C,Draw_Info_Name_And_Pop_,74,D:\MOX\OTHERS\COLONY.C,Colony_Type_,1
74,D:\MOX\OTHERS\COLONY.C,Draw_Info_Name_And_Pop_,74,D:\MOX\OTHERS\COLONY.C,Set_Colony_Font_To_,1
74,D:\MOX\OTHERS\COLONY.C,Draw_Info_Name_And_Pop_,74,D:\MOX\OTHERS\COLONY.C,Set_Colony_Font_To_Red_,3
74,D:\MOX\OTHERS\COLONY.C,Draw_Info_Name_And_Pop_,74,D:\MOX\OTHERS\COLONY.C,Sum_Colonists_,1
74,D:\MOX\OTHERS\COLONY.C,Draw_Info_Name_And_Pop_,79,D:\MOX\OTHERS\ERIC.C,Global_Cycler_,3
74,D:\MOX\OTHERS\COLONY.C,Draw_Info_Name_And_Pop_,88,D:\MOX\OTHERS\ESTRINGS.C,E_Strings_,4
74,D:\MOX\OTHERS\COLONY.C,Draw_Planet_Summary_,74,D:\MOX\OTHERS\COLONY.C,C_Anims_,1
74,D:\MOX\OTHERS\COLONY.C,Draw_Planet_Summary_,74,D:\MOX\OTHERS\COLONY.C,Mini_Planet_Anim_,1
74,D:\MOX\OTHERS\COLONY.C,Draw_Planet_Summary_,83,D:\MOX\OTHERS\MAINPUPS.C,Build_Generic_Planet_Or_Colony_Description_String_Formatted_,1
74,D:\MOX\OTHERS\COLONY.C,Draw_Planet_Summary_,122,D:\MOX\BILL.C,Squeeze_Print_Formatted_Paragraph_,1
74,D:\MOX\OTHERS\COLONY.C,Draw_Pop_Dark_,74,D:\MOX\OTHERS\COLONY.C,Colony_Pop_Anim_,1
74,D:\MOX\OTHERS\COLONY.C,Draw_Satellite_Dark_,74,D:\MOX\OTHERS\COLONY.C,Satellite_Anims_,1
74,D:\MOX\OTHERS\COLONY.C,Draw_Satellite_Dark_,74,D:\MOX\OTHERS\COLONY.C,Satellite_Bldg_N_TO_Satellite_Animation_Index_,1
74,D:\MOX\OTHERS\COLONY.C,Draw_Sys_Disp_Last_Scanned_,77,D:\MOX\OTHERS\COLSYSDI.C,Draw_Col_Sys_Disp_Last_Scanned_,1
74,D:\MOX\OTHERS\COLONY.C,Draw_Sys_Disp_Scanned_,74,D:\MOX\OTHERS\COLONY.C,Box_Galaxy_Map_Star_,1
74,D:\MOX\OTHERS\COLONY.C,Draw_Sys_Disp_Scanned_,74,D:\MOX\OTHERS\COLONY.C,Print_Sys_Disp_Scanned_String_,1
74,D:\MOX\OTHERS\COLONY.C,Draw_Sys_Disp_Scanned_,77,D:\MOX\OTHERS\COLSYSDI.C,Draw_Col_Sys_Disp_Last_Scanned_,1
74,D:\MOX\OTHERS\COLONY.C,Draw_Turn_Count_,74,D:\MOX\OTHERS\COLONY.C,Calculate_Current_Production_Turn_Count_,1
74,D:\MOX\OTHERS\COLONY.C,Draw_Turn_Count_,88,D:\MOX\OTHERS\ESTRINGS.C,E_Strings_,1
74,D:\MOX\OTHERS\COLONY.C,Drop_Military_,74,D:\MOX\OTHERS\COLONY.C,Col_Calc_Wrapper_,1
74,D:\MOX\OTHERS\COLONY.C,Drop_Military_,74,D:\MOX\OTHERS\COLONY.C,Reset_Field_Mode_,1
74,D:\MOX\OTHERS\COLONY.C,Drop_Military_,74,D:\MOX\OTHERS\COLONY.C,Reset_Mouse_Picture_,1
74,D:\MOX\OTHERS\COLONY.C,Drop_Military_,79,D:\MOX\OTHERS\ERIC.C,Help_,1
74,D:\MOX\OTHERS\COLONY.C,Drop_Military_,86,D:\MOX\OTHERS\ERICHELP.C,Set_Colony_Screen_Help_List_,1
74,D:\MOX\OTHERS\COLONY.C,Drop_Military_,88,D:\MOX\OTHERS\ESTRINGS.C,E_Strings_,1
74,D:\MOX\OTHERS\COLONY.C,Evaluate_Screen_Input_,7,L:\MOX\ERICNET.C,Mox_Play_Sound_,1
74,D:\MOX\OTHERS\COLONY.C,Evaluate_Screen_Input_,52,D:\MOX\OTHERS\MAINSCR.C,Set_Player_Cheated_Flag_,1
74,D:\MOX\OTHERS\COLONY.C,Evaluate_Screen_Input_,73,D:\MOX\OTHERS\COLMOVE.C,Send_Cluster_,1
74,D:\MOX\OTHERS\COLONY.C,Evaluate_Screen_Input_,74,D:\MOX\OTHERS\COLONY.C,Col_Calc_Wrapper_,1
74,D:\MOX\OTHERS\COLONY.C,Evaluate_Screen_Input_,74,D:\MOX\OTHERS\COLONY.C,Do_Cheats_,1
74,D:\MOX\OTHERS\COLONY.C,Evaluate_Screen_Input_,74,D:\MOX\OTHERS\COLONY.C,Get_Next_Colony_,1
74,D:\MOX\OTHERS\COLONY.C,Evaluate_Screen_Input_,74,D:\MOX\OTHERS\COLONY.C,Set_Colony_Screen_To_New_Colony_,1
74,D:\MOX\OTHERS\COLONY.C,Evaluate_Screen_Input_,74,D:\MOX\OTHERS\COLONY.C,Tested_Colony_Buys_Outright_,1
74,D:\MOX\OTHERS\COLONY.C,Evaluate_Screen_Input_,78,D:\MOX\OTHERS\COLXPORT.C,Xport_Popup_,1
74,D:\MOX\OTHERS\COLONY.C,Evaluate_Screen_Input_,80,D:\MOX\OTHERS\FAKEBUTS.C,Clear_Fake_Buttons_,1
74,D:\MOX\OTHERS\COLONY.C,Evaluate_Screen_Input_,85,D:\MOX\OTHERS\OCPOLPUP.C,Occupation_Policy_Popup_,1
74,D:\MOX\OTHERS\COLONY.C,Evaluate_Screen_Input_,86,D:\MOX\OTHERS\ERICHELP.C,Set_Colony_Screen_Help_List_,5
74,D:\MOX\OTHERS\COLONY.C,Evaluate_Screen_Input_,102,D:\MOX\OTHERS\COLCALC.C,Colony_Current_Product_Cost_,1
74,D:\MOX\OTHERS\COLONY.C,Evaluate_Screen_Input_,102,D:\MOX\OTHERS\COLCALC.C,Show_BC_Production_,1
74,D:\MOX\OTHERS\COLONY.C,Evaluate_Screen_Input_,102,D:\MOX\OTHERS\COLCALC.C,Show_Food_Production_,1
74,D:\MOX\OTHERS\COLONY.C,Evaluate_Screen_Input_,102,D:\MOX\OTHERS\COLCALC.C,Show_Industry_Production_,1
74,D:\MOX\OTHERS\COLONY.C,Evaluate_Screen_Input_,102,D:\MOX\OTHERS\COLCALC.C,Show_Morale_,1
74,D:\MOX\OTHERS\COLONY.C,Evaluate_Screen_Input_,102,D:\MOX\OTHERS\COLCALC.C,Show_Research_Production_,1
74,D:\MOX\OTHERS\COLONY.C,Fix_Colony_Queue_,74,D:\MOX\OTHERS\COLONY.C,Defragment_Colony_Queue_,1
74,D:\MOX\OTHERS\COLONY.C,Fix_Colony_Queue_,74,D:\MOX\OTHERS\COLONY.C,Squish_Out_Colony_Queue_Slot_,1
74,D:\MOX\OTHERS\COLONY.C,Get_Bldg_Box_,74,D:\MOX\OTHERS\COLONY.C,CR_To_XY_,8
74,D:\MOX\OTHERS\COLONY.C,Init_Colonies_,86,D:\MOX\OTHERS\ERICHELP.C,Set_Colony_Screen_Help_List_,1
74,D:\MOX\OTHERS\COLONY.C,Insert_Bldg_Into_Array_,74,D:\MOX\OTHERS\COLONY.C,Bldg_Back_To_Front_,1
74,D:\MOX\OTHERS\COLONY.C,Insert_Bldg_Into_Array_,74,D:\MOX\OTHERS\COLONY.C,Find_Replacement_Slot_For_Building_,2
74,D:\MOX\OTHERS\COLONY.C,Insert_Bldg_Into_Array_,74,D:\MOX\OTHERS\COLONY.C,N_Houses_In_Bldg_Array_,1
74,D:\MOX\OTHERS\COLONY.C,Insert_Satellite_Into_Array_,74,D:\MOX\OTHERS\COLONY.C,Sat_Should_Be_Replaced_,1
74,D:\MOX\OTHERS\COLONY.C,Load_Colony_Anims_,77,D:\MOX\OTHERS\COLSYSDI.C,Load_Col_Sys_Disp_,1
74,D:\MOX\OTHERS\COLONY.C,Load_Colony_Screen_Seg_,68,D:\MOX\OTHERS\COLBLDG.C,Allocate_Help_Buffer_,1
74,D:\MOX\OTHERS\COLONY.C,Load_Colony_Screen_Seg_,68,D:\MOX\OTHERS\COLBLDG.C,Load_Build_Anims_,1
74,D:\MOX\OTHERS\COLONY.C,Load_Colony_Screen_Seg_,70,D:\MOX\OTHERS\COLDRAW.C,Load_Road_List_Anims_,1
74,D:\MOX\OTHERS\COLONY.C,Load_Colony_Screen_Seg_,74,D:\MOX\OTHERS\COLONY.C,Load_Button_Anims_,1
74,D:\MOX\OTHERS\COLONY.C,Load_Colony_Screen_Seg_,74,D:\MOX\OTHERS\COLONY.C,Load_Galaxy_Map_Anims_,1
74,D:\MOX\OTHERS\COLONY.C,Load_Colony_Screen_Seg_,74,D:\MOX\OTHERS\COLONY.C,Load_Officer_Anim_,1
74,D:\MOX\OTHERS\COLONY.C,Load_Colony_Screen_Seg_,78,D:\MOX\OTHERS\COLXPORT.C,Load_Xport_Anims_,1
74,D:\MOX\OTHERS\COLONY.C,Load_Colony_Screen_Seg_,117,D:\MOX\OTHERS\RUSS.C,Mox_Update_,7
74,D:\MOX\OTHERS\COLONY.C,Load_Officer_Anim_,58,D:\MOX\OTHERS\OFFICER.C,Load_Officer_Picture_,1
74,D:\MOX\OTHERS\COLONY.C,Make_Bldg_Array_For_Colony_,70,D:\MOX\OTHERS\COLDRAW.C,Build_Road_List_Based_On_Bldg_List_,1
74,D:\MOX\OTHERS\COLONY.C,Make_Bldg_Array_For_Colony_,70,D:\MOX\OTHERS\COLDRAW.C,Build_Veggie_List_Based_On_Bldg_List_,1
74,D:\MOX\OTHERS\COLONY.C,Make_Bldg_Array_For_Colony_,70,D:\MOX\OTHERS\COLDRAW.C,Clear_Veggie_Draw_Flags_,1
74,D:\MOX\OTHERS\COLONY.C,Make_Bldg_Array_For_Colony_,74,D:\MOX\OTHERS\COLONY.C,Get_Bldg_CR_,2
74,D:\MOX\OTHERS\COLONY.C,Make_Bldg_Array_For_Colony_,74,D:\MOX\OTHERS\COLONY.C,Insert_Bldg_Into_Array_,2
74,D:\MOX\OTHERS\COLONY.C,Make_Bldg_Array_For_Colony_,74,D:\MOX\OTHERS\COLONY.C,Sat_Should_Be_Replaced_,1
74,D:\MOX\OTHERS\COLONY.C,Make_Bldg_Array_For_Colony_,74,D:\MOX\OTHERS\COLONY.C,Sort_Bldg_Array_Columns_,1
74,D:\MOX\OTHERS\COLONY.C,Make_Satellite_Bitm_,29,D:\MOX\OTHERS\KEN.C,Get_Ship_Picture_Seg_,1
74,D:\MOX\OTHERS\COLONY.C,Make_Satellite_Bitm_,74,D:\MOX\OTHERS\COLONY.C,C_Anims_,1
74,D:\MOX\OTHERS\COLONY.C,Make_Satellite_Bitm_,88,D:\MOX\OTHERS\ESTRINGS.C,E_Strings_,1
74,D:\MOX\OTHERS\COLONY.C,Mini_Planet_Anim_,88,D:\MOX\OTHERS\ESTRINGS.C,E_Strings_,1
74,D:\MOX\OTHERS\COLONY.C,Pick_Up_Colonists_,73,D:\MOX\OTHERS\COLMOVE.C,Get_Cluster_,1
74,D:\MOX\OTHERS\COLONY.C,Pick_Up_Colonists_,74,D:\MOX\OTHERS\COLONY.C,Col_Calc_Wrapper_,1
74,D:\MOX\OTHERS\COLONY.C,Picture_And_Pointer_To_Mouse_,74,D:\MOX\OTHERS\COLONY.C,C_Anims_,1
74,D:\MOX\OTHERS\COLONY.C,Picture_And_Pointer_To_Mouse_,88,D:\MOX\OTHERS\ESTRINGS.C,E_Strings_,2
74,D:\MOX\OTHERS\COLONY.C,Picture_To_Mouse_,88,D:\MOX\OTHERS\ESTRINGS.C,E_Strings_,1
74,D:\MOX\OTHERS\COLONY.C,Pop_Race_String_,88,D:\MOX\OTHERS\ESTRINGS.C,E_Strings_,1
74,D:\MOX\OTHERS\COLONY.C,Print_Scanned_Military_,74,D:\MOX\OTHERS\COLONY.C,Print_Scanned_String_,1
74,D:\MOX\OTHERS\COLONY.C,Print_Scanned_Military_,88,D:\MOX\OTHERS\ESTRINGS.C,E_Strings_,1
74,D:\MOX\OTHERS\COLONY.C,Print_Scanned_String_,74,D:\MOX\OTHERS\COLONY.C,Set_Colony_Font_To_,1
74,D:\MOX\OTHERS\COLONY.C,Print_Scanned_String_,122,D:\MOX\BILL.C,_Get_Paragraph_Max_Width_,1
74,D:\MOX\OTHERS\COLONY.C,Print_Sys_Disp_Scanned_String_,74,D:\MOX\OTHERS\COLONY.C,Set_Colony_Font_To_,1
74,D:\MOX\OTHERS\COLONY.C,Remap_Draw_Ship_Centered_,29,D:\MOX\OTHERS\KEN.C,Get_Ship_Picture_Seg_,1
74,D:\MOX\OTHERS\COLONY.C,Remap_Draw_Ship_Centered_,79,D:\MOX\OTHERS\ERIC.C,Draw_Centered_,1
74,D:\MOX\OTHERS\COLONY.C,Remap_Draw_Ship_D_Centered_,74,D:\MOX\OTHERS\COLONY.C,Remap_Draw_Ship_Seg_N_Centered_,1
74,D:\MOX\OTHERS\COLONY.C,Remap_Draw_Ship_Seg_N_Centered_,29,D:\MOX\OTHERS\KEN.C,Get_Ship_Picture_Seg_,1
74,D:\MOX\OTHERS\COLONY.C,Remove_Satellite_From_Array_,74,D:\MOX\OTHERS\COLONY.C,Make_Bldg_Array_For_Colony_,1
74,D:\MOX\OTHERS\COLONY.C,Reset_Field_Arrays_,74,D:\MOX\OTHERS\COLONY.C,Clear_Sys_Disp_Fields_,1
74,D:\MOX\OTHERS\COLONY.C,Reset_Field_Mode_,73,D:\MOX\OTHERS\COLMOVE.C,Clear_Cluster_,1
74,D:\MOX\OTHERS\COLONY.C,Reset_Field_Mode_,73,D:\MOX\OTHERS\COLMOVE.C,Get_First_Unemployed_,1
74,D:\MOX\OTHERS\COLONY.C,Reset_Field_Mode_,74,D:\MOX\OTHERS\COLONY.C,Clear_Move_Military_,1
74,D:\MOX\OTHERS\COLONY.C,Reset_Field_Mode_,74,D:\MOX\OTHERS\COLONY.C,Col_Calc_Wrapper_,2
74,D:\MOX\OTHERS\COLONY.C,Reset_Field_Mode_,74,D:\MOX\OTHERS\COLONY.C,Reset_Field_Mode_,1
74,D:\MOX\OTHERS\COLONY.C,Reset_Field_Mode_,79,D:\MOX\OTHERS\ERIC.C,Help_,1
74,D:\MOX\OTHERS\COLONY.C,Reset_Field_Mode_,88,D:\MOX\OTHERS\ESTRINGS.C,E_Strings_,1
74,D:\MOX\OTHERS\COLONY.C,Scan_Bldg_CR_,74,D:\MOX\OTHERS\COLONY.C,CR_Building_Name_,1
74,D:\MOX\OTHERS\COLONY.C,Scan_Bldg_CR_,74,D:\MOX\OTHERS\COLONY.C,Print_Scanned_String_,1
74,D:\MOX\OTHERS\COLONY.C,Set_Colony_Screen_To_New_Colony_,47,D:\MOX\OTHERS\HACCESS.C,Set_Last_Colony_Selected_,1
74,D:\MOX\OTHERS\COLONY.C,Set_Colony_Screen_To_New_Colony_,74,D:\MOX\OTHERS\COLONY.C,Check_Bldg_Fields_,1
74,D:\MOX\OTHERS\COLONY.C,Set_Colony_Screen_To_New_Colony_,74,D:\MOX\OTHERS\COLONY.C,Check_Job_Fields_,1
74,D:\MOX\OTHERS\COLONY.C,Set_Colony_Screen_To_New_Colony_,74,D:\MOX\OTHERS\COLONY.C,Check_Military_Fields_,1
74,D:\MOX\OTHERS\COLONY.C,Set_Colony_Screen_To_New_Colony_,74,D:\MOX\OTHERS\COLONY.C,Check_Satellite_Fields_,1
74,D:\MOX\OTHERS\COLONY.C,Set_Colony_Screen_To_New_Colony_,74,D:\MOX\OTHERS\COLONY.C,Check_System_Display_Fields_,1
74,D:\MOX\OTHERS\COLONY.C,Set_Colony_Screen_To_New_Colony_,74,D:\MOX\OTHERS\COLONY.C,Evaluate_Screen_Input_,1
74,D:\MOX\OTHERS\COLONY.C,Set_Colony_Screen_To_New_Colony_,74,D:\MOX\OTHERS\COLONY.C,Fix_Colony_Queue_,1
74,D:\MOX\OTHERS\COLONY.C,Set_Colony_Screen_To_New_Colony_,74,D:\MOX\OTHERS\COLONY.C,Reset_Field_Mode_,1
74,D:\MOX\OTHERS\COLONY.C,Set_Colony_Screen_To_New_Colony_,80,D:\MOX\OTHERS\FAKEBUTS.C,Clear_Fake_Buttons_,1
74,D:\MOX\OTHERS\COLONY.C,Short_Anims_,74,D:\MOX\OTHERS\COLONY.C,Import_Anims_,1
74,D:\MOX\OTHERS\COLONY.C,Sum_Colonists_,74,D:\MOX\OTHERS\COLONY.C,Get_Effective_Pop_Player_,1
74,D:\MOX\OTHERS\COLONY.C,Sum_Colonists_,74,D:\MOX\OTHERS\COLONY.C,Pop_To_Pop_State_,1
74,D:\MOX\OTHERS\COLONY.C,Tested_Colony_Buys_Outright_,46,D:\MOX\OTHERS\GENDRAW.C,Do_Confirmation_Box_,1
74,D:\MOX\OTHERS\COLONY.C,Tested_Colony_Buys_Outright_,74,D:\MOX\OTHERS\COLONY.C,Col_Calc_Wrapper_,1
74,D:\MOX\OTHERS\COLONY.C,Tested_Colony_Buys_Outright_,74,D:\MOX\OTHERS\COLONY.C,Colony_Can_Buy_Product_0_,1
74,D:\MOX\OTHERS\COLONY.C,Tested_Colony_Buys_Outright_,79,D:\MOX\OTHERS\ERIC.C,Help_,1
74,D:\MOX\OTHERS\COLONY.C,Tested_Colony_Buys_Outright_,86,D:\MOX\OTHERS\ERICHELP.C,Set_Colony_Screen_Help_List_,1
74,D:\MOX\OTHERS\COLONY.C,Tested_Colony_Buys_Outright_,88,D:\MOX\OTHERS\ESTRINGS.C,E_Strings_,4
74,D:\MOX\OTHERS\COLONY.C,Tested_Colony_Buys_Outright_,102,D:\MOX\OTHERS\COLCALC.C,Colony_Buy_Outright_,1
74,D:\MOX\OTHERS\COLONY.C,Tested_Colony_Buys_Outright_,102,D:\MOX\OTHERS\COLCALC.C,Colony_Can_Afford_To_Buy_Product_,1
74,D:\MOX\OTHERS\COLONY.C,Tested_Colony_Buys_Outright_,102,D:\MOX\OTHERS\COLCALC.C,Colony_Cost_To_Buy_Product_,3
74,D:\MOX\OTHERS\COLONY.C,Tested_Colony_Buys_Outright_,102,D:\MOX\OTHERS\COLCALC.C,Colony_Current_Product_Cost_,1
74,D:\MOX\OTHERS\COLONY.C,Total_Build_Time_,102,D:\MOX\OTHERS\COLCALC.C,Colony_Current_Product_Cost_,1
74,D:\MOX\OTHERS\COLONY.C,Troop_Anim_,74,D:\MOX\OTHERS\COLONY.C,Player_Troop_Anim_,1
74,D:\MOX\OTHERS\COLONY.C,Turn_To_Rubble_CR_Bldg_,74,D:\MOX\OTHERS\COLONY.C,Get_Bldg_CR_,1
74,D:\MOX\OTHERS\COLONY.C,Update_Colony_Palette_,74,D:\MOX\OTHERS\COLONY.C,C_Anims_,1
74,D:\MOX\OTHERS\COLONY.C,XY_In_Bldg_Poly_,74,D:\MOX\OTHERS\COLONY.C,Get_Bldg_Box_,1
74,D:\MOX\OTHERS\COLONY.C,XY_In_Bldg_Poly_,106,D:\MOX\OTHERS\GEO.C,Points_On_Same_Side_Of_Line_,1
75,D:\MOX\OTHERS\COLREFIT.C,Add2_Fields_,68,D:\MOX\OTHERS\COLBLDG.C,Selection_Name_,1
75,D:\MOX\OTHERS\COLREFIT.C,Add2_Fields_,88,D:\MOX\OTHERS\ESTRINGS.C,E_Strings_,6
75,D:\MOX\OTHERS\COLREFIT.C,Add_Ship_List_Fields_,88,D:\MOX\OTHERS\ESTRINGS.C,E_Strings_,1
75,D:\MOX\OTHERS\COLREFIT.C,Colony_Refit2_Popup_,1,L:\MOX\MOX2.C,Get_Auto_Function_,1
75,D:\MOX\OTHERS\COLREFIT.C,Colony_Refit2_Popup_,1,L:\MOX\MOX2.C,Put_Auto_Function_,1
75,D:\MOX\OTHERS\COLREFIT.C,Colony_Refit2_Popup_,1,L:\MOX\MOX2.C,_TOGGLE_PAGES_,1
75,D:\MOX\OTHERS\COLREFIT.C,Colony_Refit2_Popup_,74,D:\MOX\OTHERS\COLONY.C,Set_Colony_Font_,1
75,D:\MOX\OTHERS\COLREFIT.C,Colony_Refit2_Popup_,75,D:\MOX\OTHERS\COLREFIT.C,Add2_Fields_,1
75,D:\MOX\OTHERS\COLREFIT.C,Colony_Refit2_Popup_,75,D:\MOX\OTHERS\COLREFIT.C,Draw_Refit2_Popup_,2
75,D:\MOX\OTHERS\COLREFIT.C,Colony_Refit2_Popup_,75,D:\MOX\OTHERS\COLREFIT.C,Evaluate2_Input_,1
75,D:\MOX\OTHERS\COLREFIT.C,Colony_Refit2_Popup_,75,D:\MOX\OTHERS\COLREFIT.C,Load_Refit2_Ship_Anims_,1
75,D:\MOX\OTHERS\COLREFIT.C,Colony_Refit_Popup_,1,L:\MOX\MOX2.C,Get_Auto_Function_,1
75,D:\MOX\OTHERS\COLREFIT.C,Colony_Refit_Popup_,1,L:\MOX\MOX2.C,Put_Auto_Function_,1
75,D:\MOX\OTHERS\COLREFIT.C,Colony_Refit_Popup_,1,L:\MOX\MOX2.C,_TOGGLE_PAGES_,1
75,D:\MOX\OTHERS\COLREFIT.C,Colony_Refit_Popup_,74,D:\MOX\OTHERS\COLONY.C,Set_Colony_Font_,1
75,D:\MOX\OTHERS\COLREFIT.C,Colony_Refit_Popup_,75,D:\MOX\OTHERS\COLREFIT.C,Build_Ship_List_,1
75,D:\MOX\OTHERS\COLREFIT.C,Colony_Refit_Popup_,75,D:\MOX\OTHERS\COLREFIT.C,Draw_Refit_Popup_,2
75,D:\MOX\OTHERS\COLREFIT.C,Colony_Refit_Popup_,75,D:\MOX\OTHERS\COLREFIT.C,Load_Refit_Ship_Anims_,1
75,D:\MOX\OTHERS\COLREFIT.C,Colony_Refit_Popup_,86,D:\MOX\OTHERS\ERICHELP.C,Set_Refit_Ship_Popup_Help_List_,1
75,D:\MOX\OTHERS\COLREFIT.C,Draw_Refit2_Popup_,1,L:\MOX\MOX2.C,Execute_Auto_Function_,1
75,D:\MOX\OTHERS\COLREFIT.C,Draw_Refit2_Popup_,68,D:\MOX\OTHERS\COLBLDG.C,Build_Ship_Design_Info_Formatted_Paragraph_,1
75,D:\MOX\OTHERS\COLREFIT.C,Draw_Refit2_Popup_,74,D:\MOX\OTHERS\COLONY.C,Set_Colony_Font_,1
75,D:\MOX\OTHERS\COLREFIT.C,Draw_Refit2_Popup_,74,D:\MOX\OTHERS\COLONY.C,Set_Colony_Font_To_,1
75,D:\MOX\OTHERS\COLREFIT.C,Draw_Refit2_Popup_,74,D:\MOX\OTHERS\COLONY.C,Set_Colony_Font_To_Reg_Blue_,1
75,D:\MOX\OTHERS\COLREFIT.C,Draw_Refit2_Popup_,75,D:\MOX\OTHERS\COLREFIT.C,Draw_Ship_D_List_,2
75,D:\MOX\OTHERS\COLREFIT.C,Draw_Refit2_Popup_,88,D:\MOX\OTHERS\ESTRINGS.C,E_Strings_,1
75,D:\MOX\OTHERS\COLREFIT.C,Draw_Refit2_Popup_,122,D:\MOX\BILL.C,Squeeze_Formatted_Paragraph_Centered_,1
75,D:\MOX\OTHERS\COLREFIT.C,Draw_Refit2_Popup_,122,D:\MOX\BILL.C,Squeeze_Print_Formatted_Paragraph_,1
75,D:\MOX\OTHERS\COLREFIT.C,Draw_Refit_Popup_,1,L:\MOX\MOX2.C,Execute_Auto_Function_,1
75,D:\MOX\OTHERS\COLREFIT.C,Draw_Refit_Popup_,46,D:\MOX\OTHERS\GENDRAW.C,Do_Confirmation_Box_,1
75,D:\MOX\OTHERS\COLREFIT.C,Draw_Refit_Popup_,48,D:\MOX\OTHERS\HAROLD.C,Planet_Index_,1
75,D:\MOX\OTHERS\COLREFIT.C,Draw_Refit_Popup_,58,D:\MOX\OTHERS\OFFICER.C,Leader_Name_,1
75,D:\MOX\OTHERS\COLREFIT.C,Draw_Refit_Popup_,58,D:\MOX\OTHERS\OFFICER.C,Move_Officer_To_Pool_,1
75,D:\MOX\OTHERS\COLREFIT.C,Draw_Refit_Popup_,74,D:\MOX\OTHERS\COLONY.C,Set_Colony_Font_,1
75,D:\MOX\OTHERS\COLREFIT.C,Draw_Refit_Popup_,75,D:\MOX\OTHERS\COLREFIT.C,Draw_Ship_List_,1
75,D:\MOX\OTHERS\COLREFIT.C,Draw_Refit_Popup_,75,D:\MOX\OTHERS\COLREFIT.C,Scan_Ship_Info_,1
75,D:\MOX\OTHERS\COLREFIT.C,Draw_Refit_Popup_,75,D:\MOX\OTHERS\COLREFIT.C,Update_First_Ship_,2
75,D:\MOX\OTHERS\COLREFIT.C,Draw_Refit_Popup_,79,D:\MOX\OTHERS\ERIC.C,Help_,1
75,D:\MOX\OTHERS\COLREFIT.C,Draw_Refit_Popup_,79,D:\MOX\OTHERS\ERIC.C,Pulsing_Box_,1
75,D:\MOX\OTHERS\COLREFIT.C,Draw_Refit_Popup_,88,D:\MOX\OTHERS\ESTRINGS.C,E_Strings_,2
75,D:\MOX\OTHERS\COLREFIT.C,Draw_Refit_Popup_,102,D:\MOX\OTHERS\COLCALC.C,Colony_Can_Build_Product_,1
75,D:\MOX\OTHERS\COLREFIT.C,Draw_Ship2_,48,D:\MOX\OTHERS\HAROLD.C,Planet_Index_,1
75,D:\MOX\OTHERS\COLREFIT.C,Draw_Ship2_,74,D:\MOX\OTHERS\COLONY.C,Remap_Draw_Ship_Centered_,1
75,D:\MOX\OTHERS\COLREFIT.C,Draw_Ship2_,74,D:\MOX\OTHERS\COLONY.C,Set_Colony_Font_To_Red_,3
75,D:\MOX\OTHERS\COLREFIT.C,Draw_Ship2_,88,D:\MOX\OTHERS\ESTRINGS.C,E_Strings_,1
75,D:\MOX\OTHERS\COLREFIT.C,Draw_Ship2_,102,D:\MOX\OTHERS\COLCALC.C,Colony_Can_Build_Product_,1
75,D:\MOX\OTHERS\COLREFIT.C,Draw_Ship2_,122,D:\MOX\BILL.C,Squeeze_Paragraph_Centered_,1
75,D:\MOX\OTHERS\COLREFIT.C,Draw_Ship_D_List_,68,D:\MOX\OTHERS\COLBLDG.C,Selection_Name_,2
75,D:\MOX\OTHERS\COLREFIT.C,Draw_Ship_D_List_,74,D:\MOX\OTHERS\COLONY.C,Set_Colony_Font_To_Reg_Blue_,3
75,D:\MOX\OTHERS\COLREFIT.C,Draw_Ship_D_List_,88,D:\MOX\OTHERS\ESTRINGS.C,E_Strings_,3
75,D:\MOX\OTHERS\COLREFIT.C,Draw_Ship_List_,74,D:\MOX\OTHERS\COLONY.C,Set_Colony_Font_To_,1
75,D:\MOX\OTHERS\COLREFIT.C,Draw_Ship_List_,75,D:\MOX\OTHERS\COLREFIT.C,Draw_Ship2_,1
75,D:\MOX\OTHERS\COLREFIT.C,Evaluate2_Input_,64,D:\MOX\OTHERS\TEXTBOX.C,Text_Box_,4
75,D:\MOX\OTHERS\COLREFIT.C,Evaluate2_Input_,79,D:\MOX\OTHERS\ERIC.C,Help_,1
75,D:\MOX\OTHERS\COLREFIT.C,Evaluate2_Input_,88,D:\MOX\OTHERS\ESTRINGS.C,E_Strings_,9
75,D:\MOX\OTHERS\COLREFIT.C,Scan_Ship_D_Info_,68,D:\MOX\OTHERS\COLBLDG.C,Build_Ship_Design_Info_Formatted_Paragraph_,1
75,D:\MOX\OTHERS\COLREFIT.C,Scan_Ship_D_Info_,74,D:\MOX\OTHERS\COLONY.C,Set_Colony_Font_To_,1
75,D:\MOX\OTHERS\COLREFIT.C,Scan_Ship_Info_,68,D:\MOX\OTHERS\COLBLDG.C,Build_Ship_Design_Info_Formatted_Paragraph_,1
75,D:\MOX\OTHERS\COLREFIT.C,Scan_Ship_Info_,74,D:\MOX\OTHERS\COLONY.C,Set_Colony_Font_To_,1
75,D:\MOX\OTHERS\COLREFIT.C,Scan_Ship_Info_,122,D:\MOX\BILL.C,Squeeze_Print_Formatted_Paragraph_,1
75,D:\MOX\OTHERS\COLREFIT.C,Update_First_Ship_,75,D:\MOX\OTHERS\COLREFIT.C,Add_Ship_List_Fields_,1
75,D:\MOX\OTHERS\COLREFIT.C,Update_First_Ship_,75,D:\MOX\OTHERS\COLREFIT.C,Update_First_Ship_,1
75,D:\MOX\OTHERS\COLREFIT.C,Update_First_Ship_,88,D:\MOX\OTHERS\ESTRINGS.C,E_Strings_,8
76,D:\MOX\OTHERS\COLSUM.C,Add_Fields_Pop_For_,70,D:\MOX\OTHERS\COLDRAW.C,Do_Colony_Info_Pop_Stuff_For_Pop_,1
76,D:\MOX\OTHERS\COLSUM.C,Add_Fields_Pop_For_,74,D:\MOX\OTHERS\COLONY.C,Clear_Galaxy_Map_Fields_,1
76,D:\MOX\OTHERS\COLSUM.C,Add_Fields_Pop_For_,74,D:\MOX\OTHERS\COLONY.C,Colony_Can_Buy_Product_0_,1
76,D:\MOX\OTHERS\COLSUM.C,Add_Fields_Pop_For_,76,D:\MOX\OTHERS\COLSUM.C,Add_Fields_Pop_For_,1
76,D:\MOX\OTHERS\COLSUM.C,Add_Fields_Pop_For_,78,D:\MOX\OTHERS\COLXPORT.C,N_Colonies_,1
76,D:\MOX\OTHERS\COLSUM.C,Add_Fields_Pop_For_,80,D:\MOX\OTHERS\FAKEBUTS.C,Clear_Fake_Buttons_,1
76,D:\MOX\OTHERS\COLSUM.C,Add_Fields_Pop_For_,88,D:\MOX\OTHERS\ESTRINGS.C,E_Strings_,25
76,D:\MOX\OTHERS\COLSUM.C,Check_Galaxy_Map_Fields_,76,D:\MOX\OTHERS\COLSUM.C,Increment_First_,1
76,D:\MOX\OTHERS\COLSUM.C,Check_Galaxy_Map_Fields_,76,D:\MOX\OTHERS\COLSUM.C,Pick_Best_Planet_To_Goto_At_Star_,2
76,D:\MOX\OTHERS\COLSUM.C,Check_Galaxy_Map_Fields_,76,D:\MOX\OTHERS\COLSUM.C,Update_Col_List_,1
76,D:\MOX\OTHERS\COLSUM.C,Check_Galaxy_Map_Fields_,76,D:\MOX\OTHERS\COLSUM.C,Update_First_,1
76,D:\MOX\OTHERS\COLSUM.C,Check_Galaxy_Map_Fields_,78,D:\MOX\OTHERS\COLXPORT.C,N_Colonies_,1
76,D:\MOX\OTHERS\COLSUM.C,Clear_First_,76,D:\MOX\OTHERS\COLSUM.C,Update_Col_List_,1
76,D:\MOX\OTHERS\COLSUM.C,Colony_Summary_Screen_,1,L:\MOX\MOX2.C,Get_Auto_Function_,1
76,D:\MOX\OTHERS\COLSUM.C,Colony_Summary_Screen_,1,L:\MOX\MOX2.C,Put_Auto_Function_,1
76,D:\MOX\OTHERS\COLSUM.C,Colony_Summary_Screen_,1,L:\MOX\MOX2.C,_TOGGLE_PAGES_,2
76,D:\MOX\OTHERS\COLSUM.C,Colony_Summary_Screen_,74,D:\MOX\OTHERS\COLONY.C,Allocate_Planet_Cache_,1
76,D:\MOX\OTHERS\COLSUM.C,Colony_Summary_Screen_,74,D:\MOX\OTHERS\COLONY.C,Clear_Galaxy_Map_Fields_,2
76,D:\MOX\OTHERS\COLSUM.C,Colony_Summary_Screen_,76,D:\MOX\OTHERS\COLSUM.C,Draw_Colony_Summary_Screen_,2
76,D:\MOX\OTHERS\COLSUM.C,Colony_Summary_Screen_,76,D:\MOX\OTHERS\COLSUM.C,Evaluate_Input_,1
76,D:\MOX\OTHERS\COLSUM.C,Colony_Summary_Screen_,76,D:\MOX\OTHERS\COLSUM.C,Load_Col_Sum_Anims_,1
76,D:\MOX\OTHERS\COLSUM.C,Colony_Summary_Screen_,76,D:\MOX\OTHERS\COLSUM.C,Load_Colsum_Strings_,1
76,D:\MOX\OTHERS\COLSUM.C,Colony_Summary_Screen_,76,D:\MOX\OTHERS\COLSUM.C,Sort_Col_List_,1
76,D:\MOX\OTHERS\COLSUM.C,Colony_Summary_Screen_,76,D:\MOX\OTHERS\COLSUM.C,Update_Col_List_,5
76,D:\MOX\OTHERS\COLSUM.C,Colony_Summary_Screen_,78,D:\MOX\OTHERS\COLXPORT.C,Build_Global_Colony_List_,1
76,D:\MOX\OTHERS\COLSUM.C,Colony_Summary_Screen_,79,D:\MOX\OTHERS\ERIC.C,Fast_Fade_In_,1
76,D:\MOX\OTHERS\COLSUM.C,Colony_Summary_Screen_,79,D:\MOX\OTHERS\ERIC.C,Fast_Fade_Out_,1
76,D:\MOX\OTHERS\COLSUM.C,Colony_Summary_Screen_,79,D:\MOX\OTHERS\ERIC.C,Fast_Fade_Out_Needed_For_Colony_Palette_,2
76,D:\MOX\OTHERS\COLSUM.C,Colony_Summary_Screen_,80,D:\MOX\OTHERS\FAKEBUTS.C,Clear_Fake_Buttons_,2
76,D:\MOX\OTHERS\COLSUM.C,Colony_Summary_Screen_,86,D:\MOX\OTHERS\ERICHELP.C,Set_Colony_Summary_Screen_Help_List_,1
76,D:\MOX\OTHERS\COLSUM.C,Colsum_Box_Galaxy_Map_Star_,56,D:\MOX\OTHERS\MOVEBOX.C,Get_Galaxy_Map_Star_XY_,1
76,D:\MOX\OTHERS\COLSUM.C,Colsum_Box_Galaxy_Map_Star_,79,D:\MOX\OTHERS\ERIC.C,Global_Cycler_,1
76,D:\MOX\OTHERS\COLSUM.C,Colsum_Connect_Galaxy_Map_Stars_,56,D:\MOX\OTHERS\MOVEBOX.C,Get_Galaxy_Map_Star_XY_,2
76,D:\MOX\OTHERS\COLSUM.C,Colsum_Connect_Galaxy_Map_Stars_,62,D:\MOX\OTHERS\SHIPS.C,Draw_Directional_Multi_Colored_Line_,1
76,D:\MOX\OTHERS\COLSUM.C,Decrement_First_,78,D:\MOX\OTHERS\COLXPORT.C,N_Colonies_,2
76,D:\MOX\OTHERS\COLSUM.C,Draw_Colony_Scan_Info_,70,D:\MOX\OTHERS\COLDRAW.C,Draw_Colony_Wee_Prod_,1
76,D:\MOX\OTHERS\COLSUM.C,Draw_Colony_Scan_Info_,70,D:\MOX\OTHERS\COLDRAW.C,Draw_Info_Wee_Morale_,1
76,D:\MOX\OTHERS\COLSUM.C,Draw_Colony_Scan_Info_,74,D:\MOX\OTHERS\COLONY.C,Set_Colony_Font_To_,1
76,D:\MOX\OTHERS\COLSUM.C,Draw_Colony_Scan_Info_,74,D:\MOX\OTHERS\COLONY.C,Sum_Colonists_,1
76,D:\MOX\OTHERS\COLSUM.C,Draw_Colony_Scan_Info_,88,D:\MOX\OTHERS\ESTRINGS.C,E_Strings_,1
76,D:\MOX\OTHERS\COLSUM.C,Draw_Colony_Scan_Info_,102,D:\MOX\OTHERS\COLCALC.C,Planet_Max_Population_For_Player_,1
76,D:\MOX\OTHERS\COLSUM.C,Draw_Colony_Scan_Info_,122,D:\MOX\BILL.C,Squeeze_Print_Formatted_Paragraph_,1
76,D:\MOX\OTHERS\COLSUM.C,Draw_Colony_Summary_Screen_,48,D:\MOX\OTHERS\HAROLD.C,Planet_Index_,1
76,D:\MOX\OTHERS\COLSUM.C,Draw_Colony_Summary_Screen_,56,D:\MOX\OTHERS\MOVEBOX.C,Draw_Galaxy_Map_Box_,1
76,D:\MOX\OTHERS\COLSUM.C,Draw_Colony_Summary_Screen_,73,D:\MOX\OTHERS\COLMOVE.C,Draw_Cluster_,1
76,D:\MOX\OTHERS\COLSUM.C,Draw_Colony_Summary_Screen_,74,D:\MOX\OTHERS\COLONY.C,Draw_Planet_Summary_,1
76,D:\MOX\OTHERS\COLSUM.C,Draw_Colony_Summary_Screen_,74,D:\MOX\OTHERS\COLONY.C,Set_Colony_Font_To_,1
76,D:\MOX\OTHERS\COLSUM.C,Draw_Colony_Summary_Screen_,76,D:\MOX\OTHERS\COLSUM.C,Colsum_Connect_Galaxy_Map_Stars_,1
76,D:\MOX\OTHERS\COLSUM.C,Draw_Colony_Summary_Screen_,76,D:\MOX\OTHERS\COLSUM.C,Draw_Colony_Scan_Info_,1
76,D:\MOX\OTHERS\COLSUM.C,Draw_Colony_Summary_Screen_,76,D:\MOX\OTHERS\COLSUM.C,Draw_Empire_Info_,1
76,D:\MOX\OTHERS\COLSUM.C,Draw_Colony_Summary_Screen_,76,D:\MOX\OTHERS\COLSUM.C,Update_Col_List_,1
76,D:\MOX\OTHERS\COLSUM.C,Draw_Colony_Summary_Screen_,76,D:\MOX\OTHERS\COLSUM.C,Update_First_,1
76,D:\MOX\OTHERS\COLSUM.C,Draw_Colony_Summary_Screen_,80,D:\MOX\OTHERS\FAKEBUTS.C,Draw_Fake_Buttons_,1
76,D:\MOX\OTHERS\COLSUM.C,Draw_Empire_Info_,70,D:\MOX\OTHERS\COLDRAW.C,Do_Colony_Info_Pop_Stuff_For_Pop_,1
76,D:\MOX\OTHERS\COLSUM.C,Draw_Empire_Info_,74,D:\MOX\OTHERS\COLONY.C,Set_Colony_Font_,1
76,D:\MOX\OTHERS\COLSUM.C,Draw_Empire_Info_,74,D:\MOX\OTHERS\COLONY.C,Set_Colony_Font_To_,1
76,D:\MOX\OTHERS\COLSUM.C,Draw_Empire_Info_,79,D:\MOX\OTHERS\ERIC.C,Red_If_Negative_Fmt_String_,1
76,D:\MOX\OTHERS\COLSUM.C,Draw_Empire_Info_,79,D:\MOX\OTHERS\ERIC.C,String_Builder2_,6
76,D:\MOX\OTHERS\COLSUM.C,Draw_Empire_Info_,88,D:\MOX\OTHERS\ESTRINGS.C,E_Strings_,6
76,D:\MOX\OTHERS\COLSUM.C,Draw_Empire_Info_,124,D:\MOX\FMTPARA.C,Print_Formatted_Paragraph_,1
76,D:\MOX\OTHERS\COLSUM.C,Draw_Gal_Map_,56,D:\MOX\OTHERS\MOVEBOX.C,Draw_Galaxy_Map_Box_,1
76,D:\MOX\OTHERS\COLSUM.C,Draw_Scan_Info_,74,D:\MOX\OTHERS\COLONY.C,Set_Colony_Font_To_,1
76,D:\MOX\OTHERS\COLSUM.C,Draw_Scan_Info_,76,D:\MOX\OTHERS\COLSUM.C,Draw_Colony_Scan_Info_,1
76,D:\MOX\OTHERS\COLSUM.C,Evaluate_Col_List_Input_,48,D:\MOX\OTHERS\HAROLD.C,Planet_Index_,1
76,D:\MOX\OTHERS\COLSUM.C,Evaluate_Col_List_Input_,73,D:\MOX\OTHERS\COLMOVE.C,Clear_Cluster_,1
76,D:\MOX\OTHERS\COLSUM.C,Evaluate_Col_List_Input_,73,D:\MOX\OTHERS\COLMOVE.C,Send_Cluster_,1
76,D:\MOX\OTHERS\COLSUM.C,Evaluate_Col_List_Input_,74,D:\MOX\OTHERS\COLONY.C,Clear_Galaxy_Map_Fields_,1
76,D:\MOX\OTHERS\COLSUM.C,Evaluate_Col_List_Input_,74,D:\MOX\OTHERS\COLONY.C,Reset_Mouse_Picture_,1
76,D:\MOX\OTHERS\COLSUM.C,Evaluate_Col_List_Input_,74,D:\MOX\OTHERS\COLONY.C,Tested_Colony_Buys_Outright_,1
76,D:\MOX\OTHERS\COLSUM.C,Evaluate_Col_List_Input_,76,D:\MOX\OTHERS\COLSUM.C,Draw_Colony_Summary_Screen_,1
76,D:\MOX\OTHERS\COLSUM.C,Evaluate_Col_List_Input_,76,D:\MOX\OTHERS\COLSUM.C,Evaluate_Colony_Pop_Input_,1
76,D:\MOX\OTHERS\COLSUM.C,Evaluate_Col_List_Input_,80,D:\MOX\OTHERS\FAKEBUTS.C,Clear_Fake_Buttons_,1
76,D:\MOX\OTHERS\COLSUM.C,Evaluate_Col_List_Input_,86,D:\MOX\OTHERS\ERICHELP.C,Set_Colony_Summary_Screen_Help_List_,1
76,D:\MOX\OTHERS\COLSUM.C,Evaluate_Colony_Pop_Input_,73,D:\MOX\OTHERS\COLMOVE.C,Get_Cluster_,1
76,D:\MOX\OTHERS\COLSUM.C,Evaluate_Colony_Pop_Input_,73,D:\MOX\OTHERS\COLMOVE.C,Send_Cluster_,1
76,D:\MOX\OTHERS\COLSUM.C,Evaluate_Colony_Pop_Input_,76,D:\MOX\OTHERS\COLSUM.C,Draw_Colony_Summary_Screen_,1
76,D:\MOX\OTHERS\COLSUM.C,Evaluate_Colony_Pop_Input_,76,D:\MOX\OTHERS\COLSUM.C,Get_Scanned_Pop_,1
76,D:\MOX\OTHERS\COLSUM.C,Evaluate_Colony_Pop_Input_,76,D:\MOX\OTHERS\COLSUM.C,Get_Selected_Pop_,1
76,D:\MOX\OTHERS\COLSUM.C,Evaluate_Colony_Pop_Input_,86,D:\MOX\OTHERS\ERICHELP.C,Set_Colony_Summary_Screen_Help_List_,1
76,D:\MOX\OTHERS\COLSUM.C,Evaluate_Input_,73,D:\MOX\OTHERS\COLMOVE.C,Clear_Cluster_,1
76,D:\MOX\OTHERS\COLSUM.C,Evaluate_Input_,74,D:\MOX\OTHERS\COLONY.C,Reset_Mouse_Picture_,1
76,D:\MOX\OTHERS\COLSUM.C,Evaluate_Input_,76,D:\MOX\OTHERS\COLSUM.C,Check_Galaxy_Map_Fields_,1
76,D:\MOX\OTHERS\COLSUM.C,Evaluate_Input_,76,D:\MOX\OTHERS\COLSUM.C,Draw_Colony_Summary_Screen_,1
76,D:\MOX\OTHERS\COLSUM.C,Evaluate_Input_,76,D:\MOX\OTHERS\COLSUM.C,Evaluate_Col_List_Input_,1
76,D:\MOX\OTHERS\COLSUM.C,Evaluate_Input_,76,D:\MOX\OTHERS\COLSUM.C,Increment_First_,2
76,D:\MOX\OTHERS\COLSUM.C,Evaluate_Input_,76,D:\MOX\OTHERS\COLSUM.C,Sort_Col_List_,1
76,D:\MOX\OTHERS\COLSUM.C,Evaluate_Input_,76,D:\MOX\OTHERS\COLSUM.C,Update_Col_List_,1
76,D:\MOX\OTHERS\COLSUM.C,Evaluate_Input_,76,D:\MOX\OTHERS\COLSUM.C,Update_First_,1
76,D:\MOX\OTHERS\COLSUM.C,Evaluate_Input_,78,D:\MOX\OTHERS\COLXPORT.C,N_Colonies_,2
76,D:\MOX\OTHERS\COLSUM.C,Evaluate_Input_,86,D:\MOX\OTHERS\ERICHELP.C,Set_Colony_Summary_Screen_Help_List_,1
76,D:\MOX\OTHERS\COLSUM.C,Event_Good_,15,D:\MOX\EVENTS.C,Colony_Has_Event_,1
76,D:\MOX\OTHERS\COLSUM.C,Event_Good_,47,D:\MOX\OTHERS\HACCESS.C,Get_Planet_Name_No_Prime_,2
76,D:\MOX\OTHERS\COLSUM.C,Event_Good_,68,D:\MOX\OTHERS\COLBLDG.C,Selection_Name_,5
76,D:\MOX\OTHERS\COLSUM.C,Event_Good_,74,D:\MOX\OTHERS\COLONY.C,Calculate_Current_Production_Turn_Count_,1
76,D:\MOX\OTHERS\COLSUM.C,Event_Good_,74,D:\MOX\OTHERS\COLONY.C,Set_Colony_Font_To_,1
76,D:\MOX\OTHERS\COLSUM.C,Event_Good_,74,D:\MOX\OTHERS\COLONY.C,Set_Colony_Font_To_Blue_,2
76,D:\MOX\OTHERS\COLSUM.C,Event_Good_,88,D:\MOX\OTHERS\ESTRINGS.C,E_Strings_,11
76,D:\MOX\OTHERS\COLSUM.C,Event_Good_,122,D:\MOX\BILL.C,Squeeze_Formatted_Paragraph_Centered_,1
76,D:\MOX\OTHERS\COLSUM.C,Event_Good_,122,D:\MOX\BILL.C,Squeeze_Print_Formatted_Paragraph_,1
76,D:\MOX\OTHERS\COLSUM.C,Get_Scanned_Pop_,70,D:\MOX\OTHERS\COLDRAW.C,Do_Colony_Info_Pop_Stuff_For_Pop_,1
76,D:\MOX\OTHERS\COLSUM.C,Get_Selected_Pop_,70,D:\MOX\OTHERS\COLDRAW.C,Do_Colony_Info_Pop_Stuff_For_Pop_,1
76,D:\MOX\OTHERS\COLSUM.C,Increment_First_,78,D:\MOX\OTHERS\COLXPORT.C,N_Colonies_,2
76,D:\MOX\OTHERS\COLSUM.C,Load_Col_Sum_Anims_,68,D:\MOX\OTHERS\COLBLDG.C,Load_Build_Anims_,1
76,D:\MOX\OTHERS\COLSUM.C,Load_Col_Sum_Anims_,74,D:\MOX\OTHERS\COLONY.C,Load_Galaxy_Map_Anims_,1
76,D:\MOX\OTHERS\COLSUM.C,Load_Colsum_Strings_,88,D:\MOX\OTHERS\ESTRINGS.C,E_Strings_,36
76,D:\MOX\OTHERS\COLSUM.C,Restore_Control_,76,D:\MOX\OTHERS\COLSUM.C,Draw_Colony_Summary_Screen_,1
76,D:\MOX\OTHERS\COLSUM.C,Restore_Control_,76,D:\MOX\OTHERS\COLSUM.C,Update_First_,1
76,D:\MOX\OTHERS\COLSUM.C,Restore_Control_,78,D:\MOX\OTHERS\COLXPORT.C,N_Colonies_,1
76,D:\MOX\OTHERS\COLSUM.C,Restore_Control_,86,D:\MOX\OTHERS\ERICHELP.C,Set_Colony_Summary_Screen_Help_List_,1
76,D:\MOX\OTHERS\COLSUM.C,Sort_Col_List_,76,D:\MOX\OTHERS\COLSUM.C,Switched_cmp_,1
76,D:\MOX\OTHERS\COLSUM.C,Switched_cmp_,76,D:\MOX\OTHERS\COLSUM.C,cmp_,1
76,D:\MOX\OTHERS\COLSUM.C,Switched_cmp_,76,D:\MOX\OTHERS\COLSUM.C,cmp_Alpha_,1
76,D:\MOX\OTHERS\COLSUM.C,Switched_cmp_,76,D:\MOX\OTHERS\COLSUM.C,cmp_Prod_,1
76,D:\MOX\OTHERS\COLSUM.C,Update_Col_List_,74,D:\MOX\OTHERS\COLONY.C,Clear_Galaxy_Map_Fields_,1
76,D:\MOX\OTHERS\COLSUM.C,Update_Col_List_,80,D:\MOX\OTHERS\FAKEBUTS.C,Clear_Fake_Buttons_,1
76,D:\MOX\OTHERS\COLSUM.C,Update_First_,78,D:\MOX\OTHERS\COLXPORT.C,N_Colonies_,3
76,D:\MOX\OTHERS\COLSUM.C,cmp_Alpha_,47,D:\MOX\OTHERS\HACCESS.C,Get_Planet_Name_No_Prime_,2
76,D:\MOX\OTHERS\COLSUM.C,cmp_Prod_,68,D:\MOX\OTHERS\COLBLDG.C,Selection_Name_,2
76,D:\MOX\OTHERS\COLSUM.C,cmp_Prod_,74,D:\MOX\OTHERS\COLONY.C,Calculate_Current_Production_Turn_Count_,2
76,D:\MOX\OTHERS\COLSUM.C,cmp_Prod_,76,D:\MOX\OTHERS\COLSUM.C,Prod_To_Sort_Type_,2
77,D:\MOX\OTHERS\COLSYSDI.C,Add_Col_Sys_Disp_Fields_,88,D:\MOX\OTHERS\ESTRINGS.C,E_Strings_,2
77,D:\MOX\OTHERS\COLSYSDI.C,Draw_Col_Sys_Disp_,74,D:\MOX\OTHERS\COLONY.C,Set_Colony_Font_To_,1
77,D:\MOX\OTHERS\COLSYSDI.C,Draw_Col_Sys_Disp_,77,D:\MOX\OTHERS\COLSYSDI.C,Planet_Anims_,1
77,D:\MOX\OTHERS\COLSYSDI.C,Draw_Col_Sys_Disp_,77,D:\MOX\OTHERS\COLSYSDI.C,Planet_Summary_String_,1
77,D:\MOX\OTHERS\COLSYSDI.C,Draw_Col_Sys_Disp_,79,D:\MOX\OTHERS\ERIC.C,Draw_Centered_,3
77,D:\MOX\OTHERS\COLSYSDI.C,Draw_Col_Sys_Disp_,122,D:\MOX\BILL.C,_Print_Paragraph_,1
77,D:\MOX\OTHERS\COLSYSDI.C,Draw_Col_Sys_Disp_Last_Scanned_,79,D:\MOX\OTHERS\ERIC.C,Draw_Centered_,1
77,D:\MOX\OTHERS\COLSYSDI.C,Draw_Col_Sys_Disp_Last_Scanned_,79,D:\MOX\OTHERS\ERIC.C,Global_Cycler_,1
77,D:\MOX\OTHERS\COLSYSDI.C,Planet_Summary_String_,74,D:\MOX\OTHERS\COLONY.C,Set_Colony_Font_To_Player_,1
77,D:\MOX\OTHERS\COLSYSDI.C,Planet_Summary_String_,88,D:\MOX\OTHERS\ESTRINGS.C,E_Strings_,32
77,D:\MOX\OTHERS\COLSYSDI.C,Planet_Summary_String_,102,D:\MOX\OTHERS\COLCALC.C,Planet_Max_Population_For_Player_,1
78,D:\MOX\OTHERS\COLXPORT.C,Cheezy_Col_Count_Hack_,78,D:\MOX\OTHERS\COLXPORT.C,N_Colonies_,1
78,D:\MOX\OTHERS\COLXPORT.C,Draw_Bar_Indicator_,76,D:\MOX\OTHERS\COLSUM.C,Update_First_,1
78,D:\MOX\OTHERS\COLXPORT.C,Draw_Bar_Indicator_,78,D:\MOX\OTHERS\COLXPORT.C,N_Colonies_,1
78,D:\MOX\OTHERS\COLXPORT.C,Draw_Colony_Summary_For_Colony_,15,D:\MOX\EVENTS.C,Event_Check_Plague_,1
78,D:\MOX\OTHERS\COLXPORT.C,Draw_Colony_Summary_For_Colony_,47,D:\MOX\OTHERS\HACCESS.C,Get_Planet_Name_,1
78,D:\MOX\OTHERS\COLXPORT.C,Draw_Colony_Summary_For_Colony_,74,D:\MOX\OTHERS\COLONY.C,Set_Colony_Font_To_,1
78,D:\MOX\OTHERS\COLXPORT.C,Draw_Colony_Summary_For_Colony_,74,D:\MOX\OTHERS\COLONY.C,Set_Colony_Font_To_Red_,1
78,D:\MOX\OTHERS\COLXPORT.C,Draw_Colony_Summary_For_Colony_,78,D:\MOX\OTHERS\COLXPORT.C,Draw_Info_Pop_For_,1
78,D:\MOX\OTHERS\COLXPORT.C,Draw_Colony_Summary_For_Colony_,122,D:\MOX\BILL.C,Squeeze_Print_Paragraph_,1
78,D:\MOX\OTHERS\COLXPORT.C,Draw_Info_Pop_For_,70,D:\MOX\OTHERS\COLDRAW.C,Do_Colony_Info_Pop_Stuff_For_Pop_,1
78,D:\MOX\OTHERS\COLXPORT.C,Draw_Xport_Popup_,1,L:\MOX\MOX2.C,Execute_Auto_Function_,1
78,D:\MOX\OTHERS\COLXPORT.C,Draw_Xport_Popup_,73,D:\MOX\OTHERS\COLMOVE.C,Draw_Cluster_,1
78,D:\MOX\OTHERS\COLXPORT.C,Draw_Xport_Popup_,74,D:\MOX\OTHERS\COLONY.C,Set_Colony_Font_,1
78,D:\MOX\OTHERS\COLXPORT.C,Draw_Xport_Popup_,76,D:\MOX\OTHERS\COLSUM.C,Update_First_,1
78,D:\MOX\OTHERS\COLXPORT.C,Draw_Xport_Popup_,78,D:\MOX\OTHERS\COLXPORT.C,Draw_Bar_Indicator_,1
78,D:\MOX\OTHERS\COLXPORT.C,Draw_Xport_Popup_,78,D:\MOX\OTHERS\COLXPORT.C,Draw_Colony_Summary_For_Colony_,1
78,D:\MOX\OTHERS\COLXPORT.C,Load_Xport_Anims_,78,D:\MOX\OTHERS\COLXPORT.C,N_Colonies_,1
78,D:\MOX\OTHERS\COLXPORT.C,Load_Xport_Anims_,88,D:\MOX\OTHERS\ESTRINGS.C,E_Strings_,1
78,D:\MOX\OTHERS\COLXPORT.C,N_Colonies_,88,D:\MOX\OTHERS\ESTRINGS.C,E_Strings_,7
78,D:\MOX\OTHERS\COLXPORT.C,Xport_Popup_,1,L:\MOX\MOX2.C,Get_Auto_Function_,1
78,D:\MOX\OTHERS\COLXPORT.C,Xport_Popup_,1,L:\MOX\MOX2.C,Put_Auto_Function_,1
78,D:\MOX\OTHERS\COLXPORT.C,Xport_Popup_,1,L:\MOX\MOX2.C,_TOGGLE_PAGES_,2
78,D:\MOX\OTHERS\COLXPORT.C,Xport_Popup_,76,D:\MOX\OTHERS\COLSUM.C,Decrement_First_,1
78,D:\MOX\OTHERS\COLXPORT.C,Xport_Popup_,76,D:\MOX\OTHERS\COLSUM.C,Increment_First_,1
78,D:\MOX\OTHERS\COLXPORT.C,Xport_Popup_,78,D:\MOX\OTHERS\COLXPORT.C,Build_Global_Colony_List_,1
78,D:\MOX\OTHERS\COLXPORT.C,Xport_Popup_,78,D:\MOX\OTHERS\COLXPORT.C,Draw_Xport_Popup_,2
78,D:\MOX\OTHERS\COLXPORT.C,Xport_Popup_,86,D:\MOX\OTHERS\ERICHELP.C,Set_Transport_Popup_Help_List_,2
79,D:\MOX\OTHERS\ERIC.C,Cinematic_Autofunction_,52,D:\MOX\OTHERS\MAINSCR.C,Draw_Mini_Main_Screen_,1
79,D:\MOX\OTHERS\ERIC.C,Do_Cinematic_Popup_Cleanup_,1,L:\MOX\MOX2.C,Put_Auto_Function_,1
79,D:\MOX\OTHERS\ERIC.C,Do_Cinematic_Popup_Setup_,1,L:\MOX\MOX2.C,Get_Auto_Function_,1
79,D:\MOX\OTHERS\ERIC.C,Do_Cinematic_Popup_Setup_,79,D:\MOX\OTHERS\ERIC.C,Cinematic_Autofunction_,1
79,D:\MOX\OTHERS\ERIC.C,Eric_Init_,74,D:\MOX\OTHERS\COLONY.C,Init_Colonies_,1
79,D:\MOX\OTHERS\ERIC.C,Fast_Fade_In_,117,D:\MOX\OTHERS\RUSS.C,Mox_Update_,1
79,D:\MOX\OTHERS\ERIC.C,Fast_Fade_Out_,1,L:\MOX\MOX2.C,_TOGGLE_PAGES_,1
79,D:\MOX\OTHERS\ERIC.C,Fast_Fade_Out_,117,D:\MOX\OTHERS\RUSS.C,Mox_Update_,1
79,D:\MOX\OTHERS\ERIC.C,Play_Amoeba_Flic_,1,L:\MOX\MOX2.C,Put_Auto_Function_,1
79,D:\MOX\OTHERS\ERIC.C,Play_Amoeba_Flic_,10,D:\MOX\SMACK.C,Play_Cinematic_,1
79,D:\MOX\OTHERS\ERIC.C,Play_Amoeba_Flic_,79,D:\MOX\OTHERS\ERIC.C,Do_Cinematic_Popup_Setup_,1
79,D:\MOX\OTHERS\ERIC.C,Play_Antarans_Attack_Flic_,1,L:\MOX\MOX2.C,Put_Auto_Function_,1
79,D:\MOX\OTHERS\ERIC.C,Play_Antarans_Attack_Flic_,10,D:\MOX\SMACK.C,Play_Cinematic_,1
79,D:\MOX\OTHERS\ERIC.C,Play_Antarans_Attack_Flic_,79,D:\MOX\OTHERS\ERIC.C,Do_Cinematic_Popup_Setup_,1
79,D:\MOX\OTHERS\ERIC.C,Play_Antarans_Attack_Flic_,88,D:\MOX\OTHERS\ESTRINGS.C,E_Strings_,1
79,D:\MOX\OTHERS\ERIC.C,Play_Dimensional_Portal_Flic_,1,L:\MOX\MOX2.C,Put_Auto_Function_,1
79,D:\MOX\OTHERS\ERIC.C,Play_Dimensional_Portal_Flic_,10,D:\MOX\SMACK.C,Play_Cinematic_,1
79,D:\MOX\OTHERS\ERIC.C,Play_Dimensional_Portal_Flic_,79,D:\MOX\OTHERS\ERIC.C,Do_Cinematic_Popup_Setup_,1
79,D:\MOX\OTHERS\ERIC.C,Play_Diplomatic_Win_Flic_,10,D:\MOX\SMACK.C,Play_Cinematic_,2
79,D:\MOX\OTHERS\ERIC.C,Play_Diplomatic_Win_Flic_,88,D:\MOX\OTHERS\ESTRINGS.C,E_Strings_,2
79,D:\MOX\OTHERS\ERIC.C,Play_Planetary_Destruction_Flic_,1,L:\MOX\MOX2.C,Put_Auto_Function_,1
79,D:\MOX\OTHERS\ERIC.C,Play_Planetary_Destruction_Flic_,10,D:\MOX\SMACK.C,Play_Cinematic_,1
79,D:\MOX\OTHERS\ERIC.C,Play_Planetary_Destruction_Flic_,79,D:\MOX\OTHERS\ERIC.C,Do_Cinematic_Popup_Setup_,1
79,D:\MOX\OTHERS\ERIC.C,Play_Take_Orion_Flic_,1,L:\MOX\MOX2.C,Put_Auto_Function_,1
79,D:\MOX\OTHERS\ERIC.C,Play_Take_Orion_Flic_,10,D:\MOX\SMACK.C,Play_Cinematic_,1
79,D:\MOX\OTHERS\ERIC.C,Play_Take_Orion_Flic_,79,D:\MOX\OTHERS\ERIC.C,Do_Cinematic_Popup_Setup_,1
79,D:\MOX\OTHERS\ERIC.C,Play_Take_Orion_Flic_,88,D:\MOX\OTHERS\ESTRINGS.C,E_Strings_,1
79,D:\MOX\OTHERS\ERIC.C,Player_Can_Mind_Control_Colony_,79,D:\MOX\OTHERS\ERIC.C,Player_Has_Leader_With_General_Skill_At_Star_,2
79,D:\MOX\OTHERS\ERIC.C,Player_Can_Mind_Control_Colony_,79,D:\MOX\OTHERS\ERIC.C,Player_Has_Ship_Size_Or_Larger_At_Star_,1
79,D:\MOX\OTHERS\ERIC.C,Player_Can_Mind_Control_Colony_With_Help_,46,D:\MOX\OTHERS\GENDRAW.C,Message_Box_,1
79,D:\MOX\OTHERS\ERIC.C,Player_Can_Mind_Control_Colony_With_Help_,79,D:\MOX\OTHERS\ERIC.C,Player_Has_Leader_With_General_Skill_At_Star_,2
79,D:\MOX\OTHERS\ERIC.C,Player_Can_Mind_Control_Colony_With_Help_,79,D:\MOX\OTHERS\ERIC.C,Player_Has_Ship_Size_Or_Larger_At_Star_,1
79,D:\MOX\OTHERS\ERIC.C,Player_Can_Mind_Control_Colony_With_Help_,88,D:\MOX\OTHERS\ESTRINGS.C,E_Strings_,1
79,D:\MOX\OTHERS\ERIC.C,Player_Capitol_World_,79,D:\MOX\OTHERS\ERIC.C,Pick_Random_Colony_,1
79,D:\MOX\OTHERS\ERIC.C,Player_Has_Leader_With_General_Skill_At_Star_,58,D:\MOX\OTHERS\OFFICER.C,Officer_Has_General_Skill_,1
79,D:\MOX\OTHERS\ERIC.C,Print_Paragraph_Centered_,122,D:\MOX\BILL.C,_Get_Paragraph_Max_Height_,1
79,D:\MOX\OTHERS\ERIC.C,Print_Paragraph_Centered_,122,D:\MOX\BILL.C,_Print_Paragraph_,1
79,D:\MOX\OTHERS\ERIC.C,Print_Paragraph_Centered_Vertically_,122,D:\MOX\BILL.C,_Get_Paragraph_Max_Height_,1
79,D:\MOX\OTHERS\ERIC.C,Print_Paragraph_Centered_Vertically_,122,D:\MOX\BILL.C,_Print_Paragraph_,1
79,D:\MOX\OTHERS\ERIC.C,String_Builder2_,88,D:\MOX\OTHERS\ESTRINGS.C,E_Strings_,2
80,D:\MOX\OTHERS\FAKEBUTS.C,Add_Click_Thru_Field_,80,D:\MOX\OTHERS\FAKEBUTS.C,Add_Click_Thru_Field_To_List_,1
80,D:\MOX\OTHERS\FAKEBUTS.C,Draw_Click_Thru_Fields_,122,D:\MOX\BILL.C,Squeeze_Paragraph_Centered_,1
81,D:\MOX\OTHERS\FIREPTS.C,Calc_FP_Offsets_,81,D:\MOX\OTHERS\FIREPTS.C,N_Fire_Points_,1
82,D:\MOX\OTHERS\FLCQUEUE.C,Draw_Flic_Queue_,82,D:\MOX\OTHERS\FLCQUEUE.C,Draw_Queue_Entry_,1
83,D:\MOX\OTHERS\MAINPUPS.C,Add_Attack_Selection_Fields_,63,D:\MOX\OTHERS\SYS.C,Wrapper_For_Informational_System_Fields_,1
83,D:\MOX\OTHERS\MAINPUPS.C,Add_Colony_Combat_Fields_,79,D:\MOX\OTHERS\ERIC.C,Player_Can_Mind_Control_Colony_,1
83,D:\MOX\OTHERS\MAINPUPS.C,Add_Colony_Combat_Fields_,88,D:\MOX\OTHERS\ESTRINGS.C,E_Strings_,17
83,D:\MOX\OTHERS\MAINPUPS.C,Add_Discovery_Fields_,63,D:\MOX\OTHERS\SYS.C,Wrapper_For_Informational_System_Fields_,1
83,D:\MOX\OTHERS\MAINPUPS.C,Add_Discovery_Fields_,88,D:\MOX\OTHERS\ESTRINGS.C,E_Strings_,1
83,D:\MOX\OTHERS\MAINPUPS.C,Add_Dragon_New_Star_Fields_,56,D:\MOX\OTHERS\MOVEBOX.C,Add_Galaxy_Map_Fields_2_,1
83,D:\MOX\OTHERS\MAINPUPS.C,Add_Dragon_New_Star_Fields_,88,D:\MOX\OTHERS\ESTRINGS.C,E_Strings_,4
83,D:\MOX\OTHERS\MAINPUPS.C,Add_Random_New_Officer_Fields_,88,D:\MOX\OTHERS\ESTRINGS.C,E_Strings_,4
83,D:\MOX\OTHERS\MAINPUPS.C,Add_Slider_Fields_,88,D:\MOX\OTHERS\ESTRINGS.C,E_Strings_,10
83,D:\MOX\OTHERS\MAINPUPS.C,Add_Tax_Rate_Fields_,88,D:\MOX\OTHERS\ESTRINGS.C,E_Strings_,14
83,D:\MOX\OTHERS\MAINPUPS.C,Apply_Next_Bomb_Hit_,7,L:\MOX\ERICNET.C,Mox_Play_Sound_,2
83,D:\MOX\OTHERS\MAINPUPS.C,Apply_Next_Bomb_Hit_,82,D:\MOX\OTHERS\FLCQUEUE.C,Add_Flic_To_End_Of_Queue_,2
83,D:\MOX\OTHERS\MAINPUPS.C,Apply_Next_Bomb_Hit_,83,D:\MOX\OTHERS\MAINPUPS.C,Update_CCP_Display_Data_Invasion_,1
83,D:\MOX\OTHERS\MAINPUPS.C,Apply_Next_Bomb_Hit_,100,D:\MOX\OTHERS\BOMB.C,Resolve_Biological_Hit_,1
83,D:\MOX\OTHERS\MAINPUPS.C,Apply_Next_Bomb_Hit_,100,D:\MOX\OTHERS\BOMB.C,Resolve_Bomb_Hit_,1
83,D:\MOX\OTHERS\MAINPUPS.C,Artificial_Planet_Selection_Popup_,83,D:\MOX\OTHERS\MAINPUPS.C,New_Colony_Selection_Popup_,1
83,D:\MOX\OTHERS\MAINPUPS.C,Attack_Colony_Selection_Popup_,1,L:\MOX\MOX2.C,_TOGGLE_PAGES_,2
83,D:\MOX\OTHERS\MAINPUPS.C,Attack_Colony_Selection_Popup_,74,D:\MOX\OTHERS\COLONY.C,Clear_Sys_Disp_Fields_,1
83,D:\MOX\OTHERS\MAINPUPS.C,Attack_Colony_Selection_Popup_,83,D:\MOX\OTHERS\MAINPUPS.C,Add_Attack_Selection_Fields_,1
83,D:\MOX\OTHERS\MAINPUPS.C,Attack_Colony_Selection_Popup_,83,D:\MOX\OTHERS\MAINPUPS.C,Check_System_Display_Fields_Attack_Selection_,1
83,D:\MOX\OTHERS\MAINPUPS.C,Attack_Colony_Selection_Popup_,83,D:\MOX\OTHERS\MAINPUPS.C,Do_Popup_Cleanup_,1
83,D:\MOX\OTHERS\MAINPUPS.C,Attack_Colony_Selection_Popup_,83,D:\MOX\OTHERS\MAINPUPS.C,Do_Popup_Setup_,1
83,D:\MOX\OTHERS\MAINPUPS.C,Attack_Colony_Selection_Popup_,83,D:\MOX\OTHERS\MAINPUPS.C,Draw_Attack_Selection_Popup_,2
83,D:\MOX\OTHERS\MAINPUPS.C,Attack_Colony_Selection_Popup_,83,D:\MOX\OTHERS\MAINPUPS.C,Eric_Push_Fields_,1
83,D:\MOX\OTHERS\MAINPUPS.C,Attack_Colony_Selection_Popup_,83,D:\MOX\OTHERS\MAINPUPS.C,Load_Colony_Attack_Selection_Popup_,1
83,D:\MOX\OTHERS\MAINPUPS.C,Build_Generic_Planet_Or_Colony_Description_String_Formatted_,47,D:\MOX\OTHERS\HACCESS.C,Get_Planet_Name_,3
83,D:\MOX\OTHERS\MAINPUPS.C,Build_Generic_Planet_Or_Colony_Description_String_Formatted_,88,D:\MOX\OTHERS\ESTRINGS.C,E_Strings_,23
83,D:\MOX\OTHERS\MAINPUPS.C,Build_Generic_Planet_Or_Colony_Description_String_Formatted_,102,D:\MOX\OTHERS\COLCALC.C,Compute_Potential_Colony_Info_,1
83,D:\MOX\OTHERS\MAINPUPS.C,Build_Generic_Planet_Or_Colony_Description_String_Formatted_,102,D:\MOX\OTHERS\COLCALC.C,Planet_Max_Population_For_Player_,2
83,D:\MOX\OTHERS\MAINPUPS.C,Check_System_Display_Fields_Attack_Selection_,47,D:\MOX\OTHERS\HACCESS.C,System_Planet_Scanned_To_Planet_Id_,1
83,D:\MOX\OTHERS\MAINPUPS.C,Check_System_Display_Fields_Attack_Selection_,52,D:\MOX\OTHERS\MAINSCR.C,Scan_System_Display_Fields_,1
83,D:\MOX\OTHERS\MAINPUPS.C,Check_System_Display_Fields_Attack_Selection_,74,D:\MOX\OTHERS\COLONY.C,Clear_Sys_Disp_Fields_,1
83,D:\MOX\OTHERS\MAINPUPS.C,Check_System_Display_Fields_Attack_Selection_,79,D:\MOX\OTHERS\ERIC.C,Help_,2
83,D:\MOX\OTHERS\MAINPUPS.C,Check_System_Display_Fields_Attack_Selection_,83,D:\MOX\OTHERS\MAINPUPS.C,Add_Attack_Selection_Fields_,1
83,D:\MOX\OTHERS\MAINPUPS.C,Check_System_Display_Fields_Attack_Selection_,83,D:\MOX\OTHERS\MAINPUPS.C,Draw_Attack_Selection_Popup_,1
83,D:\MOX\OTHERS\MAINPUPS.C,Check_System_Display_Fields_Attack_Selection_,83,D:\MOX\OTHERS\MAINPUPS.C,Eric_Push_Fields_,1
83,D:\MOX\OTHERS\MAINPUPS.C,Check_System_Display_Fields_Attack_Selection_,88,D:\MOX\OTHERS\ESTRINGS.C,E_Strings_,2
83,D:\MOX\OTHERS\MAINPUPS.C,Check_System_Display_Fields_Attack_Selection_,132,D:\MOX\FIELDSAV.C,Restore_Field_Stats_,1
83,D:\MOX\OTHERS\MAINPUPS.C,Check_System_Display_Fields_Defense_Selection_,47,D:\MOX\OTHERS\HACCESS.C,System_Planet_Scanned_To_Planet_Id_,1
83,D:\MOX\OTHERS\MAINPUPS.C,Check_System_Display_Fields_Defense_Selection_,47,D:\MOX\OTHERS\HACCESS.C,System_Ship_Scanned_To_Ship_Id_,1
83,D:\MOX\OTHERS\MAINPUPS.C,Check_System_Display_Fields_Defense_Selection_,52,D:\MOX\OTHERS\MAINSCR.C,Scan_System_Display_Fields_,1
83,D:\MOX\OTHERS\MAINPUPS.C,Check_System_Display_Fields_Defense_Selection_,74,D:\MOX\OTHERS\COLONY.C,Clear_Sys_Disp_Fields_,3
83,D:\MOX\OTHERS\MAINPUPS.C,Check_System_Display_Fields_Defense_Selection_,79,D:\MOX\OTHERS\ERIC.C,Help_,4
83,D:\MOX\OTHERS\MAINPUPS.C,Check_System_Display_Fields_Defense_Selection_,83,D:\MOX\OTHERS\MAINPUPS.C,Add_Defense_Selection_Fields_,3
83,D:\MOX\OTHERS\MAINPUPS.C,Check_System_Display_Fields_Defense_Selection_,83,D:\MOX\OTHERS\MAINPUPS.C,Draw_Defense_Selection_Popup_,3
83,D:\MOX\OTHERS\MAINPUPS.C,Check_System_Display_Fields_Defense_Selection_,83,D:\MOX\OTHERS\MAINPUPS.C,Eric_Push_Fields_,3
83,D:\MOX\OTHERS\MAINPUPS.C,Check_System_Display_Fields_Defense_Selection_,83,D:\MOX\OTHERS\MAINPUPS.C,Player_Has_Colony_Or_Outpost_At_Star_,1
83,D:\MOX\OTHERS\MAINPUPS.C,Check_System_Display_Fields_Defense_Selection_,88,D:\MOX\OTHERS\ESTRINGS.C,E_Strings_,4
83,D:\MOX\OTHERS\MAINPUPS.C,Check_System_Display_Fields_Defense_Selection_,132,D:\MOX\FIELDSAV.C,Restore_Field_Stats_,4
83,D:\MOX\OTHERS\MAINPUPS.C,Check_System_Display_Fields_Selection_,47,D:\MOX\OTHERS\HACCESS.C,System_Planet_Scanned_To_Planet_Id_,1
83,D:\MOX\OTHERS\MAINPUPS.C,Check_System_Display_Fields_Selection_,52,D:\MOX\OTHERS\MAINSCR.C,Scan_System_Display_Fields_,1
83,D:\MOX\OTHERS\MAINPUPS.C,Check_System_Display_Fields_Selection_,74,D:\MOX\OTHERS\COLONY.C,Clear_Sys_Disp_Fields_,2
83,D:\MOX\OTHERS\MAINPUPS.C,Check_System_Display_Fields_Selection_,79,D:\MOX\OTHERS\ERIC.C,Help_,2
83,D:\MOX\OTHERS\MAINPUPS.C,Check_System_Display_Fields_Selection_,83,D:\MOX\OTHERS\MAINPUPS.C,Add_Selection_Fields_,2
83,D:\MOX\OTHERS\MAINPUPS.C,Check_System_Display_Fields_Selection_,83,D:\MOX\OTHERS\MAINPUPS.C,Draw_Selection_Popup_,2
83,D:\MOX\OTHERS\MAINPUPS.C,Check_System_Display_Fields_Selection_,83,D:\MOX\OTHERS\MAINPUPS.C,Eric_Push_Fields_,2
83,D:\MOX\OTHERS\MAINPUPS.C,Check_System_Display_Fields_Selection_,83,D:\MOX\OTHERS\MAINPUPS.C,New_Colony_Confirmation_Box_,1
83,D:\MOX\OTHERS\MAINPUPS.C,Check_System_Display_Fields_Selection_,86,D:\MOX\OTHERS\ERICHELP.C,Set_Planet_Selection_Popup_Help_List_,2
83,D:\MOX\OTHERS\MAINPUPS.C,Check_System_Display_Fields_Selection_,88,D:\MOX\OTHERS\ESTRINGS.C,E_Strings_,2
83,D:\MOX\OTHERS\MAINPUPS.C,Check_System_Display_Fields_Selection_,132,D:\MOX\FIELDSAV.C,Restore_Field_Stats_,2
83,D:\MOX\OTHERS\MAINPUPS.C,Colony_Bombing_Popup_,83,D:\MOX\OTHERS\MAINPUPS.C,Colony_Combat_Popup_,1
83,D:\MOX\OTHERS\MAINPUPS.C,Colony_Bombing_Popup_,83,D:\MOX\OTHERS\MAINPUPS.C,Update_CCP_Display_Data_Invasion_,1
83,D:\MOX\OTHERS\MAINPUPS.C,Colony_Combat_Popup_,1,L:\MOX\MOX2.C,_TOGGLE_PAGES_,2
83,D:\MOX\OTHERS\MAINPUPS.C,Colony_Combat_Popup_,47,D:\MOX\OTHERS\HACCESS.C,Get_Planet_Name_,2
83,D:\MOX\OTHERS\MAINPUPS.C,Colony_Combat_Popup_,74,D:\MOX\OTHERS\COLONY.C,C_Anims_,1
83,D:\MOX\OTHERS\MAINPUPS.C,Colony_Combat_Popup_,79,D:\MOX\OTHERS\ERIC.C,Fast_Fade_Out_,1
83,D:\MOX\OTHERS\MAINPUPS.C,Colony_Combat_Popup_,79,D:\MOX\OTHERS\ERIC.C,Help_,1
83,D:\MOX\OTHERS\MAINPUPS.C,Colony_Combat_Popup_,82,D:\MOX\OTHERS\FLCQUEUE.C,Deallocate_Flic_Queue_And_Pointers_,2
83,D:\MOX\OTHERS\MAINPUPS.C,Colony_Combat_Popup_,83,D:\MOX\OTHERS\MAINPUPS.C,Add_Colony_Combat_Fields_,2
83,D:\MOX\OTHERS\MAINPUPS.C,Colony_Combat_Popup_,83,D:\MOX\OTHERS\MAINPUPS.C,Apply_Next_Bomb_Hit_,1
83,D:\MOX\OTHERS\MAINPUPS.C,Colony_Combat_Popup_,83,D:\MOX\OTHERS\MAINPUPS.C,Do_Popup_Cleanup_,1
83,D:\MOX\OTHERS\MAINPUPS.C,Colony_Combat_Popup_,83,D:\MOX\OTHERS\MAINPUPS.C,Do_Popup_Setup_,1
83,D:\MOX\OTHERS\MAINPUPS.C,Colony_Combat_Popup_,83,D:\MOX\OTHERS\MAINPUPS.C,Draw_Colony_Combat_Popup_,2
83,D:\MOX\OTHERS\MAINPUPS.C,Colony_Combat_Popup_,83,D:\MOX\OTHERS\MAINPUPS.C,Eric_Push_Fields_,2
83,D:\MOX\OTHERS\MAINPUPS.C,Colony_Combat_Popup_,83,D:\MOX\OTHERS\MAINPUPS.C,Evaluate_Colony_Combat_Input_,1
83,D:\MOX\OTHERS\MAINPUPS.C,Colony_Combat_Popup_,83,D:\MOX\OTHERS\MAINPUPS.C,Load_Colony_Combat_Popup_,1
83,D:\MOX\OTHERS\MAINPUPS.C,Colony_Combat_Popup_,83,D:\MOX\OTHERS\MAINPUPS.C,Update_CCP_Display_Data_Invasion_,1
83,D:\MOX\OTHERS\MAINPUPS.C,Colony_Combat_Popup_,88,D:\MOX\OTHERS\ESTRINGS.C,E_Strings_,1
83,D:\MOX\OTHERS\MAINPUPS.C,Colony_Combat_Popup_,107,D:\MOX\OTHERS\INVASION.C,Ground_Combat_Round_,1
83,D:\MOX\OTHERS\MAINPUPS.C,Colony_Combat_Popup_,132,D:\MOX\FIELDSAV.C,Restore_Field_Stats_,1
83,D:\MOX\OTHERS\MAINPUPS.C,Colony_Invasion_Popup_,83,D:\MOX\OTHERS\MAINPUPS.C,Update_CCP_Display_Data_Invasion_,1
83,D:\MOX\OTHERS\MAINPUPS.C,Colony_Selection_Popup_,1,L:\MOX\MOX2.C,Execute_Auto_Function_,1
83,D:\MOX\OTHERS\MAINPUPS.C,Colony_Selection_Popup_,1,L:\MOX\MOX2.C,Get_Auto_Function_,1
83,D:\MOX\OTHERS\MAINPUPS.C,Colony_Selection_Popup_,1,L:\MOX\MOX2.C,_TOGGLE_PAGES_,1
83,D:\MOX\OTHERS\MAINPUPS.C,Colony_Selection_Popup_,83,D:\MOX\OTHERS\MAINPUPS.C,Colony_Combat_Popup_,1
83,D:\MOX\OTHERS\MAINPUPS.C,Colony_Selection_Popup_,83,D:\MOX\OTHERS\MAINPUPS.C,Update_CCP_Display_Data_Invasion_,1
83,D:\MOX\OTHERS\MAINPUPS.C,Defense_Colony_Selection_Popup_,1,L:\MOX\MOX2.C,_TOGGLE_PAGES_,2
83,D:\MOX\OTHERS\MAINPUPS.C,Defense_Colony_Selection_Popup_,74,D:\MOX\OTHERS\COLONY.C,Clear_Sys_Disp_Fields_,1
83,D:\MOX\OTHERS\MAINPUPS.C,Defense_Colony_Selection_Popup_,83,D:\MOX\OTHERS\MAINPUPS.C,Add_Defense_Selection_Fields_,1
83,D:\MOX\OTHERS\MAINPUPS.C,Defense_Colony_Selection_Popup_,83,D:\MOX\OTHERS\MAINPUPS.C,Check_System_Display_Fields_Defense_Selection_,1
83,D:\MOX\OTHERS\MAINPUPS.C,Defense_Colony_Selection_Popup_,83,D:\MOX\OTHERS\MAINPUPS.C,Do_Popup_Cleanup_,1
83,D:\MOX\OTHERS\MAINPUPS.C,Defense_Colony_Selection_Popup_,83,D:\MOX\OTHERS\MAINPUPS.C,Do_Popup_Setup_,1
83,D:\MOX\OTHERS\MAINPUPS.C,Defense_Colony_Selection_Popup_,83,D:\MOX\OTHERS\MAINPUPS.C,Draw_Defense_Selection_Popup_,2
83,D:\MOX\OTHERS\MAINPUPS.C,Defense_Colony_Selection_Popup_,83,D:\MOX\OTHERS\MAINPUPS.C,Eric_Push_Fields_,1
83,D:\MOX\OTHERS\MAINPUPS.C,Do_Popup_Cleanup_,1,L:\MOX\MOX2.C,Put_Auto_Function_,1
83,D:\MOX\OTHERS\MAINPUPS.C,Do_Popup_Cleanup_,79,D:\MOX\OTHERS\ERIC.C,Set_Refresh_Mode_,1
83,D:\MOX\OTHERS\MAINPUPS.C,Do_Popup_Cleanup_,132,D:\MOX\FIELDSAV.C,Restore_Field_Stats_,1
83,D:\MOX\OTHERS\MAINPUPS.C,Do_Popup_Setup_,1,L:\MOX\MOX2.C,Execute_Auto_Function_,4
83,D:\MOX\OTHERS\MAINPUPS.C,Do_Popup_Setup_,1,L:\MOX\MOX2.C,Get_Auto_Function_,2
83,D:\MOX\OTHERS\MAINPUPS.C,Do_Popup_Setup_,1,L:\MOX\MOX2.C,_TOGGLE_PAGES_,1
83,D:\MOX\OTHERS\MAINPUPS.C,Do_Popup_Setup_,52,D:\MOX\OTHERS\MAINSCR.C,Center_Map_,2
83,D:\MOX\OTHERS\MAINPUPS.C,Do_Popup_Setup_,52,D:\MOX\OTHERS\MAINSCR.C,Draw_Exploding_Plasma_Box_,1
83,D:\MOX\OTHERS\MAINPUPS.C,Do_Popup_Setup_,52,D:\MOX\OTHERS\MAINSCR.C,Get_Star_Draw_Coords_,2
83,D:\MOX\OTHERS\MAINPUPS.C,Do_Popup_Setup_,52,D:\MOX\OTHERS\MAINSCR.C,Star_On_Screen_,3
83,D:\MOX\OTHERS\MAINPUPS.C,Dragon_New_Star_Popup_,1,L:\MOX\MOX2.C,_TOGGLE_PAGES_,2
83,D:\MOX\OTHERS\MAINPUPS.C,Dragon_New_Star_Popup_,74,D:\MOX\OTHERS\COLONY.C,Clear_Galaxy_Map_Fields_,1
83,D:\MOX\OTHERS\MAINPUPS.C,Dragon_New_Star_Popup_,83,D:\MOX\OTHERS\MAINPUPS.C,Add_Dragon_New_Star_Fields_,1
83,D:\MOX\OTHERS\MAINPUPS.C,Dragon_New_Star_Popup_,83,D:\MOX\OTHERS\MAINPUPS.C,Do_Popup_Cleanup_,1
83,D:\MOX\OTHERS\MAINPUPS.C,Dragon_New_Star_Popup_,83,D:\MOX\OTHERS\MAINPUPS.C,Do_Popup_Setup_,1
83,D:\MOX\OTHERS\MAINPUPS.C,Dragon_New_Star_Popup_,83,D:\MOX\OTHERS\MAINPUPS.C,Draw_Dragon_New_Star_Popup_,2
83,D:\MOX\OTHERS\MAINPUPS.C,Dragon_New_Star_Popup_,83,D:\MOX\OTHERS\MAINPUPS.C,Eric_Push_Fields_,1
83,D:\MOX\OTHERS\MAINPUPS.C,Dragon_New_Star_Popup_,83,D:\MOX\OTHERS\MAINPUPS.C,Evaluate_Dragon_New_Star_Input_,1
83,D:\MOX\OTHERS\MAINPUPS.C,Dragon_New_Star_Popup_,83,D:\MOX\OTHERS\MAINPUPS.C,Load_Dragon_New_Star_Popup_,1
83,D:\MOX\OTHERS\MAINPUPS.C,Dragon_New_Star_Popup_,86,D:\MOX\OTHERS\ERICHELP.C,Set_Dragon_New_Star_Popup_Help_List_,1
83,D:\MOX\OTHERS\MAINPUPS.C,Draw_Attack_Selection_Popup_,63,D:\MOX\OTHERS\SYS.C,Draw_System_Display_Popup_,1
83,D:\MOX\OTHERS\MAINPUPS.C,Draw_Attack_Selection_Popup_,83,D:\MOX\OTHERS\MAINPUPS.C,Mainpups_Tested_Execute_Autofunction_,1
83,D:\MOX\OTHERS\MAINPUPS.C,Draw_Attack_Selection_Popup_,88,D:\MOX\OTHERS\ESTRINGS.C,E_Strings_,1
83,D:\MOX\OTHERS\MAINPUPS.C,Draw_Colony_Combat_Popup_,47,D:\MOX\OTHERS\HACCESS.C,Get_Planet_Name_,2
83,D:\MOX\OTHERS\MAINPUPS.C,Draw_Colony_Combat_Popup_,74,D:\MOX\OTHERS\COLONY.C,CR_Building_Name_,1
83,D:\MOX\OTHERS\MAINPUPS.C,Draw_Colony_Combat_Popup_,74,D:\MOX\OTHERS\COLONY.C,C_Anims_,1
83,D:\MOX\OTHERS\MAINPUPS.C,Draw_Colony_Combat_Popup_,74,D:\MOX\OTHERS\COLONY.C,People_Anim_,1
83,D:\MOX\OTHERS\MAINPUPS.C,Draw_Colony_Combat_Popup_,74,D:\MOX\OTHERS\COLONY.C,Player_Troop_Anim_,2
83,D:\MOX\OTHERS\MAINPUPS.C,Draw_Colony_Combat_Popup_,74,D:\MOX\OTHERS\COLONY.C,Player_Troop_Name_,3
83,D:\MOX\OTHERS\MAINPUPS.C,Draw_Colony_Combat_Popup_,79,D:\MOX\OTHERS\ERIC.C,Draw_Centered_,1
83,D:\MOX\OTHERS\MAINPUPS.C,Draw_Colony_Combat_Popup_,82,D:\MOX\OTHERS\FLCQUEUE.C,Draw_Flic_Queue_,1
83,D:\MOX\OTHERS\MAINPUPS.C,Draw_Colony_Combat_Popup_,83,D:\MOX\OTHERS\MAINPUPS.C,Mainpups_Tested_Execute_Autofunction_,1
83,D:\MOX\OTHERS\MAINPUPS.C,Draw_Colony_Combat_Popup_,88,D:\MOX\OTHERS\ESTRINGS.C,E_Strings_,7
83,D:\MOX\OTHERS\MAINPUPS.C,Draw_Defense_Selection_Popup_,83,D:\MOX\OTHERS\MAINPUPS.C,Mainpups_Tested_Execute_Autofunction_,1
83,D:\MOX\OTHERS\MAINPUPS.C,Draw_Defense_Selection_Popup_,88,D:\MOX\OTHERS\ESTRINGS.C,E_Strings_,1
83,D:\MOX\OTHERS\MAINPUPS.C,Draw_Discovery_Popup_,63,D:\MOX\OTHERS\SYS.C,Draw_System_Display_Popup_,1
83,D:\MOX\OTHERS\MAINPUPS.C,Draw_Discovery_Popup_,83,D:\MOX\OTHERS\MAINPUPS.C,Draw_Special_Info_Popup_,1
83,D:\MOX\OTHERS\MAINPUPS.C,Draw_Discovery_Popup_,83,D:\MOX\OTHERS\MAINPUPS.C,Mainpups_Tested_Execute_Autofunction_,1
83,D:\MOX\OTHERS\MAINPUPS.C,Draw_Discovery_Popup_,83,D:\MOX\OTHERS\MAINPUPS.C,System_Special_Anim_,1
83,D:\MOX\OTHERS\MAINPUPS.C,Draw_Discovery_Popup_,83,D:\MOX\OTHERS\MAINPUPS.C,System_Special_Desc_,1
83,D:\MOX\OTHERS\MAINPUPS.C,Draw_Discovery_Popup_,88,D:\MOX\OTHERS\ESTRINGS.C,E_Strings_,1
83,D:\MOX\OTHERS\MAINPUPS.C,Draw_Dragon_New_Star_Popup_,56,D:\MOX\OTHERS\MOVEBOX.C,Draw_Galaxy_Map_Box_,1
83,D:\MOX\OTHERS\MAINPUPS.C,Draw_Dragon_New_Star_Popup_,74,D:\MOX\OTHERS\COLONY.C,C_Anims_,2
83,D:\MOX\OTHERS\MAINPUPS.C,Draw_Dragon_New_Star_Popup_,83,D:\MOX\OTHERS\MAINPUPS.C,Mainpups_Tested_Execute_Autofunction_,1
83,D:\MOX\OTHERS\MAINPUPS.C,Draw_Dragon_New_Star_Popup_,88,D:\MOX\OTHERS\ESTRINGS.C,E_Strings_,2
83,D:\MOX\OTHERS\MAINPUPS.C,Draw_Dragon_New_Star_Popup_,122,D:\MOX\BILL.C,Squeeze_Formatted_Paragraph_Centered_,1
83,D:\MOX\OTHERS\MAINPUPS.C,Draw_Officer_Gains_Level_Popup_,58,D:\MOX\OTHERS\OFFICER.C,Leader_Name_,4
83,D:\MOX\OTHERS\MAINPUPS.C,Draw_Officer_Gains_Level_Popup_,58,D:\MOX\OTHERS\OFFICER.C,Wrapper_For_Colony_Officer_Popup_Data_,1
83,D:\MOX\OTHERS\MAINPUPS.C,Draw_Officer_Gains_Level_Popup_,79,D:\MOX\OTHERS\ERIC.C,Print_Paragraph_Centered_,2
83,D:\MOX\OTHERS\MAINPUPS.C,Draw_Officer_Gains_Level_Popup_,83,D:\MOX\OTHERS\MAINPUPS.C,Mainpups_Tested_Execute_Autofunction_,1
83,D:\MOX\OTHERS\MAINPUPS.C,Draw_Officer_Gains_Level_Popup_,88,D:\MOX\OTHERS\ESTRINGS.C,E_Strings_,1
83,D:\MOX\OTHERS\MAINPUPS.C,Draw_Random_New_Officer_Popup_,58,D:\MOX\OTHERS\OFFICER.C,Calculate_Officer_Cost_,4
83,D:\MOX\OTHERS\MAINPUPS.C,Draw_Random_New_Officer_Popup_,58,D:\MOX\OTHERS\OFFICER.C,Leader_Name_,5
83,D:\MOX\OTHERS\MAINPUPS.C,Draw_Random_New_Officer_Popup_,58,D:\MOX\OTHERS\OFFICER.C,Officer_Maintenance_,1
83,D:\MOX\OTHERS\MAINPUPS.C,Draw_Random_New_Officer_Popup_,58,D:\MOX\OTHERS\OFFICER.C,Wrapper_For_Colony_Officer_Popup_Data_,1
83,D:\MOX\OTHERS\MAINPUPS.C,Draw_Random_New_Officer_Popup_,79,D:\MOX\OTHERS\ERIC.C,Print_Paragraph_Centered_,2
83,D:\MOX\OTHERS\MAINPUPS.C,Draw_Random_New_Officer_Popup_,83,D:\MOX\OTHERS\MAINPUPS.C,Leader_Technology_String_,1
83,D:\MOX\OTHERS\MAINPUPS.C,Draw_Random_New_Officer_Popup_,83,D:\MOX\OTHERS\MAINPUPS.C,Mainpups_Tested_Execute_Autofunction_,1
83,D:\MOX\OTHERS\MAINPUPS.C,Draw_Random_New_Officer_Popup_,88,D:\MOX\OTHERS\ESTRINGS.C,E_Strings_,2
83,D:\MOX\OTHERS\MAINPUPS.C,Draw_Random_New_Officer_Popup_,122,D:\MOX\BILL.C,Squeeze_Paragraph_Centered_,1
83,D:\MOX\OTHERS\MAINPUPS.C,Draw_Selection_Popup_,63,D:\MOX\OTHERS\SYS.C,Draw_System_Display_Popup_,1
83,D:\MOX\OTHERS\MAINPUPS.C,Draw_Selection_Popup_,83,D:\MOX\OTHERS\MAINPUPS.C,Draw_Special_Info_Popup_,1
83,D:\MOX\OTHERS\MAINPUPS.C,Draw_Selection_Popup_,83,D:\MOX\OTHERS\MAINPUPS.C,Mainpups_Tested_Execute_Autofunction_,1
83,D:\MOX\OTHERS\MAINPUPS.C,Draw_Selection_Popup_,83,D:\MOX\OTHERS\MAINPUPS.C,System_Special_Anim_,1
83,D:\MOX\OTHERS\MAINPUPS.C,Draw_Selection_Popup_,83,D:\MOX\OTHERS\MAINPUPS.C,System_Special_Desc_,1
83,D:\MOX\OTHERS\MAINPUPS.C,Draw_Selection_Popup_,88,D:\MOX\OTHERS\ESTRINGS.C,E_Strings_,1
83,D:\MOX\OTHERS\MAINPUPS.C,Draw_Slider_Popup_,83,D:\MOX\OTHERS\MAINPUPS.C,Mainpups_Tested_Execute_Autofunction_,1
83,D:\MOX\OTHERS\MAINPUPS.C,Draw_Slider_Popup_,122,D:\MOX\BILL.C,Squeeze_Formatted_Paragraph_Centered_,1
83,D:\MOX\OTHERS\MAINPUPS.C,Draw_Special_Info_Popup_,58,D:\MOX\OTHERS\OFFICER.C,Wrapper_To_Add_Officer_Popup_Help_Fields_,1
83,D:\MOX\OTHERS\MAINPUPS.C,Draw_Special_Info_Popup_,88,D:\MOX\OTHERS\ESTRINGS.C,E_Strings_,7
83,D:\MOX\OTHERS\MAINPUPS.C,Draw_Special_Info_Popup_,122,D:\MOX\BILL.C,_Print_Paragraph_,1
83,D:\MOX\OTHERS\MAINPUPS.C,Draw_System_Special_Popup_,83,D:\MOX\OTHERS\MAINPUPS.C,Draw_Special_Info_Popup_,1
83,D:\MOX\OTHERS\MAINPUPS.C,Draw_System_Special_Popup_,83,D:\MOX\OTHERS\MAINPUPS.C,System_Special_Anim_,1
83,D:\MOX\OTHERS\MAINPUPS.C,Draw_System_Special_Popup_,83,D:\MOX\OTHERS\MAINPUPS.C,System_Special_Desc_,1
83,D:\MOX\OTHERS\MAINPUPS.C,Draw_Tax_Rate_Popup_,83,D:\MOX\OTHERS\MAINPUPS.C,Mainpups_Tested_Execute_Autofunction_,1
83,D:\MOX\OTHERS\MAINPUPS.C,Eric_Push_Fields_,132,D:\MOX\FIELDSAV.C,Save_Field_Stats_,1
83,D:\MOX\OTHERS\MAINPUPS.C,Evaluate_Attack_Selection_Input_,83,D:\MOX\OTHERS\MAINPUPS.C,Check_System_Display_Fields_Attack_Selection_,1
83,D:\MOX\OTHERS\MAINPUPS.C,Evaluate_Colony_Combat_Input_,64,D:\MOX\OTHERS\TEXTBOX.C,Text_Box_,2
83,D:\MOX\OTHERS\MAINPUPS.C,Evaluate_Colony_Combat_Input_,79,D:\MOX\OTHERS\ERIC.C,Player_Can_Mind_Control_Colony_,1
83,D:\MOX\OTHERS\MAINPUPS.C,Evaluate_Colony_Combat_Input_,79,D:\MOX\OTHERS\ERIC.C,Player_Can_Mind_Control_Colony_With_Help_,2
83,D:\MOX\OTHERS\MAINPUPS.C,Evaluate_Colony_Combat_Input_,88,D:\MOX\OTHERS\ESTRINGS.C,E_Strings_,10
83,D:\MOX\OTHERS\MAINPUPS.C,Evaluate_Defense_Selection_Input_,83,D:\MOX\OTHERS\MAINPUPS.C,Check_System_Display_Fields_Defense_Selection_,1
83,D:\MOX\OTHERS\MAINPUPS.C,Evaluate_Discovery_Input_,52,D:\MOX\OTHERS\MAINSCR.C,Scan_System_Display_Fields_,1
83,D:\MOX\OTHERS\MAINPUPS.C,Evaluate_Dragon_New_Star_Input_,52,D:\MOX\OTHERS\MAINSCR.C,Scan_Galaxy_Map_Fields_,1
83,D:\MOX\OTHERS\MAINPUPS.C,Evaluate_Dragon_New_Star_Input_,79,D:\MOX\OTHERS\ERIC.C,Help_,1
83,D:\MOX\OTHERS\MAINPUPS.C,Evaluate_Dragon_New_Star_Input_,88,D:\MOX\OTHERS\ESTRINGS.C,E_Strings_,1
83,D:\MOX\OTHERS\MAINPUPS.C,Evaluate_Selection_Input_,58,D:\MOX\OTHERS\OFFICER.C,Marooned_Hero_At_Star_Can_Join_,1
83,D:\MOX\OTHERS\MAINPUPS.C,Evaluate_Selection_Input_,74,D:\MOX\OTHERS\COLONY.C,Clear_Sys_Disp_Fields_,1
83,D:\MOX\OTHERS\MAINPUPS.C,Evaluate_Selection_Input_,83,D:\MOX\OTHERS\MAINPUPS.C,Add_Selection_Fields_,1
83,D:\MOX\OTHERS\MAINPUPS.C,Evaluate_Selection_Input_,83,D:\MOX\OTHERS\MAINPUPS.C,Check_System_Display_Fields_Selection_,1
83,D:\MOX\OTHERS\MAINPUPS.C,Evaluate_Selection_Input_,83,D:\MOX\OTHERS\MAINPUPS.C,Draw_Selection_Popup_,1
83,D:\MOX\OTHERS\MAINPUPS.C,Evaluate_Selection_Input_,83,D:\MOX\OTHERS\MAINPUPS.C,Eric_Push_Fields_,1
83,D:\MOX\OTHERS\MAINPUPS.C,Evaluate_Selection_Input_,83,D:\MOX\OTHERS\MAINPUPS.C,Officer_Gains_Level_Popup_,1
83,D:\MOX\OTHERS\MAINPUPS.C,Evaluate_Selection_Input_,86,D:\MOX\OTHERS\ERICHELP.C,Set_New_System_Discovery_Popup_Help_List_,1
83,D:\MOX\OTHERS\MAINPUPS.C,Evaluate_Selection_Input_,86,D:\MOX\OTHERS\ERICHELP.C,Set_Planet_Selection_Popup_Help_List_,1
83,D:\MOX\OTHERS\MAINPUPS.C,Evaluate_Selection_Input_,132,D:\MOX\FIELDSAV.C,Restore_Field_Stats_,1
83,D:\MOX\OTHERS\MAINPUPS.C,Evaluate_Tax_Rate_Input_,102,D:\MOX\OTHERS\COLCALC.C,Do_Player_Colony_Calculations_,1
83,D:\MOX\OTHERS\MAINPUPS.C,Hire_Officer_Popup_,83,D:\MOX\OTHERS\MAINPUPS.C,Random_New_Officer_Popup_,1
83,D:\MOX\OTHERS\MAINPUPS.C,Leader_Technology_String_,88,D:\MOX\OTHERS\ESTRINGS.C,E_Strings_,4
83,D:\MOX\OTHERS\MAINPUPS.C,Load_Colony_Attack_Selection_Popup_,63,D:\MOX\OTHERS\SYS.C,Init_System_Display_,1
83,D:\MOX\OTHERS\MAINPUPS.C,Load_Colony_Combat_Popup_,83,D:\MOX\OTHERS\MAINPUPS.C,Load_Combat_Colony_Picture_To_Screen_Seg_,1
83,D:\MOX\OTHERS\MAINPUPS.C,Load_Combat_Colony_Picture_To_Screen_Seg_,88,D:\MOX\OTHERS\ESTRINGS.C,E_Strings_,2
83,D:\MOX\OTHERS\MAINPUPS.C,Load_Dragon_New_Star_Popup_,74,D:\MOX\OTHERS\COLONY.C,Load_Galaxy_Map_Anims_,1
83,D:\MOX\OTHERS\MAINPUPS.C,Load_New_Officer_Popup_,58,D:\MOX\OTHERS\OFFICER.C,Load_Officer_Picture_,1
83,D:\MOX\OTHERS\MAINPUPS.C,Load_New_Officer_Popup_,58,D:\MOX\OTHERS\OFFICER.C,Reload_Officer_Skill_Icons_,1
83,D:\MOX\OTHERS\MAINPUPS.C,Load_New_Officer_Popup_For_Officer_Screen_,58,D:\MOX\OTHERS\OFFICER.C,Load_Officer_Picture_,1
83,D:\MOX\OTHERS\MAINPUPS.C,Load_New_Officer_Popup_For_Officer_Screen_,58,D:\MOX\OTHERS\OFFICER.C,Reload_Officer_Skill_Icons_,1
83,D:\MOX\OTHERS\MAINPUPS.C,Mainpups_Tested_Execute_Autofunction_,1,L:\MOX\MOX2.C,Execute_Auto_Function_,3
83,D:\MOX\OTHERS\MAINPUPS.C,Marooned_Officer_Joins_Popup_,83,D:\MOX\OTHERS\MAINPUPS.C,Officer_Gains_Level_Popup_,1
83,D:\MOX\OTHERS\MAINPUPS.C,New_Colony_Confirmation_Box_,46,D:\MOX\OTHERS\GENDRAW.C,Do_Confirmation_Box_,1
83,D:\MOX\OTHERS\MAINPUPS.C,New_Colony_Confirmation_Box_,47,D:\MOX\OTHERS\HACCESS.C,Get_Planet_Name_,1
83,D:\MOX\OTHERS\MAINPUPS.C,New_Colony_Confirmation_Box_,86,D:\MOX\OTHERS\ERICHELP.C,Set_New_Colony_Confirmation_Box_Help_List_,1
83,D:\MOX\OTHERS\MAINPUPS.C,New_Colony_Confirmation_Box_,88,D:\MOX\OTHERS\ESTRINGS.C,E_Strings_,8
83,D:\MOX\OTHERS\MAINPUPS.C,New_Colony_Confirmation_Box_,102,D:\MOX\OTHERS\COLCALC.C,Compute_Potential_Colony_Info_,1
83,D:\MOX\OTHERS\MAINPUPS.C,New_Colony_Confirmation_Box_,102,D:\MOX\OTHERS\COLCALC.C,Planet_Max_Population_For_Player_,1
83,D:\MOX\OTHERS\MAINPUPS.C,New_Colony_Selection_Popup_,1,L:\MOX\MOX2.C,_TOGGLE_PAGES_,2
83,D:\MOX\OTHERS\MAINPUPS.C,New_Colony_Selection_Popup_,57,D:\MOX\OTHERS\NAMESTAR.C,Can_Change_Star_Name_,1
83,D:\MOX\OTHERS\MAINPUPS.C,New_Colony_Selection_Popup_,57,D:\MOX\OTHERS\NAMESTAR.C,Change_Star_Name_Popup_,1
83,D:\MOX\OTHERS\MAINPUPS.C,New_Colony_Selection_Popup_,57,D:\MOX\OTHERS\NAMESTAR.C,Star_Name_Popup_Screen_Center_X_,1
83,D:\MOX\OTHERS\MAINPUPS.C,New_Colony_Selection_Popup_,57,D:\MOX\OTHERS\NAMESTAR.C,Star_Name_Popup_Screen_Center_Y_,1
83,D:\MOX\OTHERS\MAINPUPS.C,New_Colony_Selection_Popup_,74,D:\MOX\OTHERS\COLONY.C,Clear_Sys_Disp_Fields_,1
83,D:\MOX\OTHERS\MAINPUPS.C,New_Colony_Selection_Popup_,83,D:\MOX\OTHERS\MAINPUPS.C,Add_Selection_Fields_,1
83,D:\MOX\OTHERS\MAINPUPS.C,New_Colony_Selection_Popup_,83,D:\MOX\OTHERS\MAINPUPS.C,Do_Popup_Cleanup_,1
83,D:\MOX\OTHERS\MAINPUPS.C,New_Colony_Selection_Popup_,83,D:\MOX\OTHERS\MAINPUPS.C,Do_Popup_Setup_,1
83,D:\MOX\OTHERS\MAINPUPS.C,New_Colony_Selection_Popup_,83,D:\MOX\OTHERS\MAINPUPS.C,Draw_Selection_Popup_,2
83,D:\MOX\OTHERS\MAINPUPS.C,New_Colony_Selection_Popup_,83,D:\MOX\OTHERS\MAINPUPS.C,Eric_Push_Fields_,1
83,D:\MOX\OTHERS\MAINPUPS.C,New_Colony_Selection_Popup_,83,D:\MOX\OTHERS\MAINPUPS.C,Evaluate_Selection_Input_,1
83,D:\MOX\OTHERS\MAINPUPS.C,New_Colony_Selection_Popup_,83,D:\MOX\OTHERS\MAINPUPS.C,Set_G_Special_Value_,1
83,D:\MOX\OTHERS\MAINPUPS.C,New_Colony_Selection_Popup_,86,D:\MOX\OTHERS\ERICHELP.C,Set_Planet_Selection_Popup_Help_List_,1
83,D:\MOX\OTHERS\MAINPUPS.C,New_System_Discovery_Popup_,1,L:\MOX\MOX2.C,_TOGGLE_PAGES_,2
83,D:\MOX\OTHERS\MAINPUPS.C,New_System_Discovery_Popup_,58,D:\MOX\OTHERS\OFFICER.C,Marooned_Hero_At_Star_Can_Join_,1
83,D:\MOX\OTHERS\MAINPUPS.C,New_System_Discovery_Popup_,74,D:\MOX\OTHERS\COLONY.C,Clear_Sys_Disp_Fields_,1
83,D:\MOX\OTHERS\MAINPUPS.C,New_System_Discovery_Popup_,83,D:\MOX\OTHERS\MAINPUPS.C,Add_Discovery_Fields_,1
83,D:\MOX\OTHERS\MAINPUPS.C,New_System_Discovery_Popup_,83,D:\MOX\OTHERS\MAINPUPS.C,Do_Popup_Setup_,1
83,D:\MOX\OTHERS\MAINPUPS.C,New_System_Discovery_Popup_,83,D:\MOX\OTHERS\MAINPUPS.C,Draw_Discovery_Popup_,2
83,D:\MOX\OTHERS\MAINPUPS.C,New_System_Discovery_Popup_,83,D:\MOX\OTHERS\MAINPUPS.C,Eric_Push_Fields_,1
83,D:\MOX\OTHERS\MAINPUPS.C,New_System_Discovery_Popup_,83,D:\MOX\OTHERS\MAINPUPS.C,Evaluate_Discovery_Input_,1
83,D:\MOX\OTHERS\MAINPUPS.C,New_System_Discovery_Popup_,83,D:\MOX\OTHERS\MAINPUPS.C,Officer_Gains_Level_Popup_,1
83,D:\MOX\OTHERS\MAINPUPS.C,Officer_Gains_Level_Popup_,1,L:\MOX\MOX2.C,_TOGGLE_PAGES_,2
83,D:\MOX\OTHERS\MAINPUPS.C,Officer_Gains_Level_Popup_,58,D:\MOX\OTHERS\OFFICER.C,Load_Officer_Picture_,1
83,D:\MOX\OTHERS\MAINPUPS.C,Officer_Gains_Level_Popup_,58,D:\MOX\OTHERS\OFFICER.C,Reload_Officer_Skill_Icons_,1
83,D:\MOX\OTHERS\MAINPUPS.C,Officer_Gains_Level_Popup_,83,D:\MOX\OTHERS\MAINPUPS.C,Add_Officer_Gains_Level_Fields_,1
83,D:\MOX\OTHERS\MAINPUPS.C,Officer_Gains_Level_Popup_,83,D:\MOX\OTHERS\MAINPUPS.C,Do_Popup_Cleanup_,1
83,D:\MOX\OTHERS\MAINPUPS.C,Officer_Gains_Level_Popup_,83,D:\MOX\OTHERS\MAINPUPS.C,Do_Popup_Setup_,1
83,D:\MOX\OTHERS\MAINPUPS.C,Officer_Gains_Level_Popup_,83,D:\MOX\OTHERS\MAINPUPS.C,Draw_Officer_Gains_Level_Popup_,2
83,D:\MOX\OTHERS\MAINPUPS.C,Officer_Gains_Level_Popup_,83,D:\MOX\OTHERS\MAINPUPS.C,Eric_Push_Fields_,1
83,D:\MOX\OTHERS\MAINPUPS.C,Officer_Gains_Level_Popup_,86,D:\MOX\OTHERS\ERICHELP.C,Set_Officer_Information_Popup_Help_List_,1
83,D:\MOX\OTHERS\MAINPUPS.C,Player_Attacked_Popup_,1,L:\MOX\MOX2.C,Get_Auto_Function_,1
83,D:\MOX\OTHERS\MAINPUPS.C,Player_Attacked_Popup_,1,L:\MOX\MOX2.C,Put_Auto_Function_,1
83,D:\MOX\OTHERS\MAINPUPS.C,Player_Attacked_Popup_,46,D:\MOX\OTHERS\GENDRAW.C,Message_Box_Exploding_,1
83,D:\MOX\OTHERS\MAINPUPS.C,Player_Attacked_Popup_,47,D:\MOX\OTHERS\HACCESS.C,Get_Planet_Name_,1
83,D:\MOX\OTHERS\MAINPUPS.C,Player_Attacked_Popup_,86,D:\MOX\OTHERS\ERICHELP.C,Set_Player_Attacked_Popup_Help_List_,1
83,D:\MOX\OTHERS\MAINPUPS.C,Player_Attacked_Popup_,88,D:\MOX\OTHERS\ESTRINGS.C,E_Strings_,6
83,D:\MOX\OTHERS\MAINPUPS.C,Random_New_Officer_Popup_,1,L:\MOX\MOX2.C,_TOGGLE_PAGES_,2
83,D:\MOX\OTHERS\MAINPUPS.C,Random_New_Officer_Popup_,58,D:\MOX\OTHERS\OFFICER.C,Calculate_Officer_Cost_,4
83,D:\MOX\OTHERS\MAINPUPS.C,Random_New_Officer_Popup_,58,D:\MOX\OTHERS\OFFICER.C,Wrapper_For_Officer_Popup_Help_Fields_,1
83,D:\MOX\OTHERS\MAINPUPS.C,Random_New_Officer_Popup_,64,D:\MOX\OTHERS\TEXTBOX.C,Text_Box_,1
83,D:\MOX\OTHERS\MAINPUPS.C,Random_New_Officer_Popup_,79,D:\MOX\OTHERS\ERIC.C,Pick_Random_Colony_,1
83,D:\MOX\OTHERS\MAINPUPS.C,Random_New_Officer_Popup_,79,D:\MOX\OTHERS\ERIC.C,Player_Capitol_World_,1
83,D:\MOX\OTHERS\MAINPUPS.C,Random_New_Officer_Popup_,83,D:\MOX\OTHERS\MAINPUPS.C,Add_Random_New_Officer_Fields_,4
83,D:\MOX\OTHERS\MAINPUPS.C,Random_New_Officer_Popup_,83,D:\MOX\OTHERS\MAINPUPS.C,Do_Popup_Cleanup_,1
83,D:\MOX\OTHERS\MAINPUPS.C,Random_New_Officer_Popup_,83,D:\MOX\OTHERS\MAINPUPS.C,Do_Popup_Setup_,1
83,D:\MOX\OTHERS\MAINPUPS.C,Random_New_Officer_Popup_,83,D:\MOX\OTHERS\MAINPUPS.C,Draw_Random_New_Officer_Popup_,2
83,D:\MOX\OTHERS\MAINPUPS.C,Random_New_Officer_Popup_,83,D:\MOX\OTHERS\MAINPUPS.C,Eric_Push_Fields_,4
83,D:\MOX\OTHERS\MAINPUPS.C,Random_New_Officer_Popup_,83,D:\MOX\OTHERS\MAINPUPS.C,Load_New_Officer_Popup_,1
83,D:\MOX\OTHERS\MAINPUPS.C,Random_New_Officer_Popup_,83,D:\MOX\OTHERS\MAINPUPS.C,Load_New_Officer_Popup_For_Officer_Screen_,1
83,D:\MOX\OTHERS\MAINPUPS.C,Random_New_Officer_Popup_,88,D:\MOX\OTHERS\ESTRINGS.C,E_Strings_,3
83,D:\MOX\OTHERS\MAINPUPS.C,Random_New_Officer_Popup_,132,D:\MOX\FIELDSAV.C,Restore_Field_Stats_,4
83,D:\MOX\OTHERS\MAINPUPS.C,Set_G_Special_Value_,116,D:\MOX\OTHERS\REPORT.C,Draw_Special_,1
83,D:\MOX\OTHERS\MAINPUPS.C,Slider_Popup_,1,L:\MOX\MOX2.C,_TOGGLE_PAGES_,2
83,D:\MOX\OTHERS\MAINPUPS.C,Slider_Popup_,83,D:\MOX\OTHERS\MAINPUPS.C,Add_Slider_Fields_,1
83,D:\MOX\OTHERS\MAINPUPS.C,Slider_Popup_,83,D:\MOX\OTHERS\MAINPUPS.C,Do_Popup_Cleanup_,1
83,D:\MOX\OTHERS\MAINPUPS.C,Slider_Popup_,83,D:\MOX\OTHERS\MAINPUPS.C,Do_Popup_Setup_,1
83,D:\MOX\OTHERS\MAINPUPS.C,Slider_Popup_,83,D:\MOX\OTHERS\MAINPUPS.C,Draw_Slider_Popup_,2
83,D:\MOX\OTHERS\MAINPUPS.C,Slider_Popup_,83,D:\MOX\OTHERS\MAINPUPS.C,Eric_Push_Fields_,1
83,D:\MOX\OTHERS\MAINPUPS.C,Slider_Popup_,83,D:\MOX\OTHERS\MAINPUPS.C,Load_SLIDER_Popup_,1
83,D:\MOX\OTHERS\MAINPUPS.C,System_Special_Anim_,117,D:\MOX\OTHERS\RUSS.C,Star_To_Monster_,1
83,D:\MOX\OTHERS\MAINPUPS.C,System_Special_Desc_,88,D:\MOX\OTHERS\ESTRINGS.C,E_Strings_,1
83,D:\MOX\OTHERS\MAINPUPS.C,Tax_Rate_Popup_,1,L:\MOX\MOX2.C,_TOGGLE_PAGES_,2
83,D:\MOX\OTHERS\MAINPUPS.C,Tax_Rate_Popup_,83,D:\MOX\OTHERS\MAINPUPS.C,Add_Tax_Rate_Fields_,1
83,D:\MOX\OTHERS\MAINPUPS.C,Tax_Rate_Popup_,83,D:\MOX\OTHERS\MAINPUPS.C,Do_Popup_Cleanup_,1
83,D:\MOX\OTHERS\MAINPUPS.C,Tax_Rate_Popup_,83,D:\MOX\OTHERS\MAINPUPS.C,Do_Popup_Setup_,1
83,D:\MOX\OTHERS\MAINPUPS.C,Tax_Rate_Popup_,83,D:\MOX\OTHERS\MAINPUPS.C,Eric_Push_Fields_,1
83,D:\MOX\OTHERS\MAINPUPS.C,Tax_Rate_Popup_,83,D:\MOX\OTHERS\MAINPUPS.C,Evaluate_Tax_Rate_Input_,1
83,D:\MOX\OTHERS\MAINPUPS.C,Tax_Rate_Popup_,83,D:\MOX\OTHERS\MAINPUPS.C,Load_Tax_Rate_Popup_,1
83,D:\MOX\OTHERS\MAINPUPS.C,Tax_Rate_Popup_,83,D:\MOX\OTHERS\MAINPUPS.C,Mainpups_Tested_Execute_Autofunction_,2
83,D:\MOX\OTHERS\MAINPUPS.C,Tax_Rate_Popup_,86,D:\MOX\OTHERS\ERICHELP.C,Set_Tax_Rate_Popup_Help_List_,1
83,D:\MOX\OTHERS\MAINPUPS.C,Update_Attack_Selection_Fields_,74,D:\MOX\OTHERS\COLONY.C,Clear_Sys_Disp_Fields_,1
83,D:\MOX\OTHERS\MAINPUPS.C,Update_Attack_Selection_Fields_,132,D:\MOX\FIELDSAV.C,Save_Field_Stats_,1
83,D:\MOX\OTHERS\MAINPUPS.C,Update_CCP_Display_Data_Bombing_,83,D:\MOX\OTHERS\MAINPUPS.C,Update_CCP_Display_Data_Invasion_,1
83,D:\MOX\OTHERS\MAINPUPS.C,Update_CCP_Display_Data_Invasion_,74,D:\MOX\OTHERS\COLONY.C,N_Bldgs_,1
83,D:\MOX\OTHERS\MAINPUPS.C,Update_CCP_Display_Data_Invasion_,83,D:\MOX\OTHERS\MAINPUPS.C,Get_Colony_Best_Shield_Bldg_,1
83,D:\MOX\OTHERS\MAINPUPS.C,Update_Colony_Combat_Fields_,83,D:\MOX\OTHERS\MAINPUPS.C,Add_Colony_Combat_Fields_,1
83,D:\MOX\OTHERS\MAINPUPS.C,Update_Colony_Combat_Fields_,132,D:\MOX\FIELDSAV.C,Save_Field_Stats_,1
83,D:\MOX\OTHERS\MAINPUPS.C,Update_Defense_Selection_Fields_,74,D:\MOX\OTHERS\COLONY.C,Clear_Sys_Disp_Fields_,1
83,D:\MOX\OTHERS\MAINPUPS.C,Update_Defense_Selection_Fields_,132,D:\MOX\FIELDSAV.C,Save_Field_Stats_,1
83,D:\MOX\OTHERS\MAINPUPS.C,Update_Discovery_Fields_,74,D:\MOX\OTHERS\COLONY.C,Clear_Sys_Disp_Fields_,1
83,D:\MOX\OTHERS\MAINPUPS.C,Update_Discovery_Fields_,132,D:\MOX\FIELDSAV.C,Save_Field_Stats_,1
83,D:\MOX\OTHERS\MAINPUPS.C,Update_Dragon_New_Star_Fields_,74,D:\MOX\OTHERS\COLONY.C,Clear_Galaxy_Map_Fields_,1
83,D:\MOX\OTHERS\MAINPUPS.C,Update_Dragon_New_Star_Fields_,132,D:\MOX\FIELDSAV.C,Save_Field_Stats_,1
83,D:\MOX\OTHERS\MAINPUPS.C,Update_Officer_Gains_Level_Fields_,86,D:\MOX\OTHERS\ERICHELP.C,Set_Officer_Information_Popup_Help_List_,1
83,D:\MOX\OTHERS\MAINPUPS.C,Update_Officer_Gains_Level_Fields_,88,D:\MOX\OTHERS\ESTRINGS.C,E_Strings_,1
83,D:\MOX\OTHERS\MAINPUPS.C,Update_Officer_Gains_Level_Fields_,132,D:\MOX\FIELDSAV.C,Save_Field_Stats_,1
83,D:\MOX\OTHERS\MAINPUPS.C,Update_Random_New_Officer_Fields_,132,D:\MOX\FIELDSAV.C,Save_Field_Stats_,1
83,D:\MOX\OTHERS\MAINPUPS.C,Update_Selection_Fields_,74,D:\MOX\OTHERS\COLONY.C,Clear_Sys_Disp_Fields_,1
83,D:\MOX\OTHERS\MAINPUPS.C,Update_Selection_Fields_,83,D:\MOX\OTHERS\MAINPUPS.C,Add_Selection_Fields_,1
83,D:\MOX\OTHERS\MAINPUPS.C,Update_Selection_Fields_,132,D:\MOX\FIELDSAV.C,Save_Field_Stats_,1
83,D:\MOX\OTHERS\MAINPUPS.C,Update_Slider_Fields_,83,D:\MOX\OTHERS\MAINPUPS.C,Add_Slider_Fields_,1
83,D:\MOX\OTHERS\MAINPUPS.C,Update_Slider_Fields_,132,D:\MOX\FIELDSAV.C,Save_Field_Stats_,1
83,D:\MOX\OTHERS\MAINPUPS.C,Update_Tax_Rate_Fields_,132,D:\MOX\FIELDSAV.C,Save_Field_Stats_,1
84,D:\MOX\OTHERS\NEWGAME.C,Draw_Newgame_Screen_,80,D:\MOX\OTHERS\FAKEBUTS.C,Add_Click_Thru_Field_,5
84,D:\MOX\OTHERS\NEWGAME.C,Draw_Newgame_Screen_,80,D:\MOX\OTHERS\FAKEBUTS.C,Clear_Click_Thru_Fields_,1
84,D:\MOX\OTHERS\NEWGAME.C,Draw_Newgame_Screen_,80,D:\MOX\OTHERS\FAKEBUTS.C,Draw_Click_Thru_Fields_,1
84,D:\MOX\OTHERS\NEWGAME.C,Draw_Newgame_Screen_,84,D:\MOX\OTHERS\NEWGAME.C,Draw_Pictures_,1
84,D:\MOX\OTHERS\NEWGAME.C,Draw_Newgame_Screen_,88,D:\MOX\OTHERS\ESTRINGS.C,E_Strings_,21
84,D:\MOX\OTHERS\NEWGAME.C,Load_New_Game_Strings_,88,D:\MOX\OTHERS\ESTRINGS.C,E_Strings_,25
84,D:\MOX\OTHERS\NEWGAME.C,Newgame_Screen_,1,L:\MOX\MOX2.C,_TOGGLE_PAGES_,1
84,D:\MOX\OTHERS\NEWGAME.C,Newgame_Screen_,31,D:\MOX\OTHERS\RACESEL.C,Race_Selection_Screen_,1
84,D:\MOX\OTHERS\NEWGAME.C,Newgame_Screen_,79,D:\MOX\OTHERS\ERIC.C,Fast_Fade_In_,1
84,D:\MOX\OTHERS\NEWGAME.C,Newgame_Screen_,79,D:\MOX\OTHERS\ERIC.C,Fast_Fade_Out_,1
84,D:\MOX\OTHERS\NEWGAME.C,Newgame_Screen_,80,D:\MOX\OTHERS\FAKEBUTS.C,Clear_Click_Thru_Fields_,3
84,D:\MOX\OTHERS\NEWGAME.C,Newgame_Screen_,80,D:\MOX\OTHERS\FAKEBUTS.C,Evaluate_Click_Thru_Fields_,1
84,D:\MOX\OTHERS\NEWGAME.C,Newgame_Screen_,84,D:\MOX\OTHERS\NEWGAME.C,Draw_Newgame_Screen_,2
84,D:\MOX\OTHERS\NEWGAME.C,Newgame_Screen_,84,D:\MOX\OTHERS\NEWGAME.C,Reload_Newgame_Screen_,2
84,D:\MOX\OTHERS\NEWGAME.C,Newgame_Screen_,86,D:\MOX\OTHERS\ERICHELP.C,Set_New_Game_Screen_Help_List_,3
84,D:\MOX\OTHERS\NEWGAME.C,Reload_Newgame_Screen_,84,D:\MOX\OTHERS\NEWGAME.C,Load_New_Game_Strings_,1
84,D:\MOX\OTHERS\NEWGAME.C,Reload_Newgame_Screen_,117,D:\MOX\OTHERS\RUSS.C,Mox_Update_,7
85,D:\MOX\OTHERS\OCPOLPUP.C,Occupation_Policy_Popup_,1,L:\MOX\MOX2.C,Get_Auto_Function_,1
85,D:\MOX\OTHERS\OCPOLPUP.C,Occupation_Policy_Popup_,1,L:\MOX\MOX2.C,Put_Auto_Function_,1
85,D:\MOX\OTHERS\OCPOLPUP.C,Occupation_Policy_Popup_,46,D:\MOX\OTHERS\GENDRAW.C,Do_Confirmation_Box_,1
85,D:\MOX\OTHERS\OCPOLPUP.C,Occupation_Policy_Popup_,48,D:\MOX\OTHERS\HAROLD.C,Planet_Index_,4
85,D:\MOX\OTHERS\OCPOLPUP.C,Occupation_Policy_Popup_,86,D:\MOX\OTHERS\ERICHELP.C,Set_Occupation_Policy_Popup_Help_List_,1
85,D:\MOX\OTHERS\OCPOLPUP.C,Occupation_Policy_Popup_,88,D:\MOX\OTHERS\ESTRINGS.C,E_Strings_,1
87,D:\MOX\OTHERS\ESCROLL.C,Dec_Grid_Var_For_Scroll_Field_,87,D:\MOX\OTHERS\ESCROLL.C,Get_First_,1
87,D:\MOX\OTHERS\ESCROLL.C,Dec_Grid_Var_For_Scroll_Field_,87,D:\MOX\OTHERS\ESCROLL.C,Update_First_Based_On_Grid_,1
87,D:\MOX\OTHERS\ESCROLL.C,Do_Scroll_Bar_Fields_Check_,87,D:\MOX\OTHERS\ESCROLL.C,Get_First_,2
87,D:\MOX\OTHERS\ESCROLL.C,Do_Scroll_Bar_Fields_Check_,87,D:\MOX\OTHERS\ESCROLL.C,Update_First_Based_On_Grid_,3
87,D:\MOX\OTHERS\ESCROLL.C,Draw_Scroll_Bar_Indicator_In_Base_Colony_Palette_,87,D:\MOX\OTHERS\ESCROLL.C,Update_First_Based_On_Grid_,2
87,D:\MOX\OTHERS\ESCROLL.C,Get_First_,87,D:\MOX\OTHERS\ESCROLL.C,Update_First_Based_On_Grid_,1
87,D:\MOX\OTHERS\ESCROLL.C,Inc_Grid_Var_For_Scroll_Field_,87,D:\MOX\OTHERS\ESCROLL.C,Get_First_,1
87,D:\MOX\OTHERS\ESCROLL.C,Inc_Grid_Var_For_Scroll_Field_,87,D:\MOX\OTHERS\ESCROLL.C,Update_First_Based_On_Grid_,1
88,D:\MOX\OTHERS\ESTRINGS.C,Load_E_Strings_,88,D:\MOX\OTHERS\ESTRINGS.C,Load_H_And_Pro_File_Strings_,1
88,D:\MOX\OTHERS\ESTRINGS.C,Load_H_And_Pro_File_Strings_,88,D:\MOX\OTHERS\ESTRINGS.C,E_Strings_,199
89,D:\MOX\OTHERS\NEWPUP.C,Add_Fields_,78,D:\MOX\OTHERS\COLXPORT.C,N_Colonies_,1
89,D:\MOX\OTHERS\NEWPUP.C,Draw_Troop_Popup_,1,L:\MOX\MOX2.C,Execute_Auto_Function_,1
89,D:\MOX\OTHERS\NEWPUP.C,Draw_Troop_Popup_,48,D:\MOX\OTHERS\HAROLD.C,Planet_Index_,1
89,D:\MOX\OTHERS\NEWPUP.C,Draw_Troop_Popup_,74,D:\MOX\OTHERS\COLONY.C,Set_Colony_Font_,1
89,D:\MOX\OTHERS\NEWPUP.C,Draw_Troop_Popup_,89,D:\MOX\OTHERS\NEWPUP.C,Print_Best_Summary_,1
89,D:\MOX\OTHERS\NEWPUP.C,Draw_Troop_Popup_,89,D:\MOX\OTHERS\NEWPUP.C,Print_Race_Summary_,1
89,D:\MOX\OTHERS\NEWPUP.C,Draw_Troop_Popup_,89,D:\MOX\OTHERS\NEWPUP.C,Print_Troop_Totals_,1
89,D:\MOX\OTHERS\NEWPUP.C,Draw_Troop_Popup_,107,D:\MOX\OTHERS\INVASION.C,Compute_Colony_Ground_Combat_Info_,1
89,D:\MOX\OTHERS\NEWPUP.C,Print_Best_Summary_,89,D:\MOX\OTHERS\NEWPUP.C,Print_Data_,4
89,D:\MOX\OTHERS\NEWPUP.C,Print_Data_,74,D:\MOX\OTHERS\COLONY.C,Set_Colony_Font_To_,1
89,D:\MOX\OTHERS\NEWPUP.C,Print_Data_,88,D:\MOX\OTHERS\ESTRINGS.C,E_Strings_,1
89,D:\MOX\OTHERS\NEWPUP.C,Print_Data_,124,D:\MOX\FMTPARA.C,Print_Formatted_Paragraph_,1
89,D:\MOX\OTHERS\NEWPUP.C,Print_Race_Summary_,58,D:\MOX\OTHERS\OFFICER.C,Officer_Name_,1
89,D:\MOX\OTHERS\NEWPUP.C,Print_Race_Summary_,88,D:\MOX\OTHERS\ESTRINGS.C,E_Strings_,4
89,D:\MOX\OTHERS\NEWPUP.C,Print_Race_Summary_,89,D:\MOX\OTHERS\NEWPUP.C,Print_Data_,5
89,D:\MOX\OTHERS\NEWPUP.C,Print_Troop_Totals_,74,D:\MOX\OTHERS\COLONY.C,Player_Troop_Anim_,1
89,D:\MOX\OTHERS\NEWPUP.C,Print_Troop_Totals_,74,D:\MOX\OTHERS\COLONY.C,Player_Troop_Name_,1
89,D:\MOX\OTHERS\NEWPUP.C,Print_Troop_Totals_,74,D:\MOX\OTHERS\COLONY.C,Set_Colony_Font_To_Player_,1
89,D:\MOX\OTHERS\NEWPUP.C,Print_Troop_Totals_,79,D:\MOX\OTHERS\ERIC.C,Draw_Bottom_Centered_,1
89,D:\MOX\OTHERS\NEWPUP.C,Print_Troop_Totals_,88,D:\MOX\OTHERS\ESTRINGS.C,E_Strings_,4
89,D:\MOX\OTHERS\NEWPUP.C,Troop_Popup_,1,L:\MOX\MOX2.C,Get_Auto_Function_,1
89,D:\MOX\OTHERS\NEWPUP.C,Troop_Popup_,1,L:\MOX\MOX2.C,Put_Auto_Function_,1
89,D:\MOX\OTHERS\NEWPUP.C,Troop_Popup_,1,L:\MOX\MOX2.C,_TOGGLE_PAGES_,2
89,D:\MOX\OTHERS\NEWPUP.C,Troop_Popup_,86,D:\MOX\OTHERS\ERICHELP.C,Set_Transport_Popup_Help_List_,1
89,D:\MOX\OTHERS\NEWPUP.C,Troop_Popup_,89,D:\MOX\OTHERS\NEWPUP.C,Add_Fields_,2
89,D:\MOX\OTHERS\NEWPUP.C,Troop_Popup_,89,D:\MOX\OTHERS\NEWPUP.C,Draw_Troop_Popup_,2
90,D:\MOX\OTHERS\AIBOMB.C,AI_Invasion_Will_Succeed_,107,D:\MOX\OTHERS\INVASION.C,Get_Invasion_Info_,1
90,D:\MOX\OTHERS\AIBOMB.C,AI_Invasion_Will_Succeed_,107,D:\MOX\OTHERS\INVASION.C,Resolve_Ground_Combat_,1
90,D:\MOX\OTHERS\AIBOMB.C,AI_Player_Invades_,107,D:\MOX\OTHERS\INVASION.C,Get_Invasion_Info_,1
91,D:\MOX\OTHERS\AIBUILD.C,Assign_Colony_Building_,91,D:\MOX\OTHERS\AIBUILD.C,Assign_Colony_New_Building_,1
91,D:\MOX\OTHERS\AIBUILD.C,Assign_Colony_New_Building_,68,D:\MOX\OTHERS\COLBLDG.C,Delete_Prod_From_Colony_Queue_,1
91,D:\MOX\OTHERS\AIBUILD.C,Assign_Colony_New_Building_,91,D:\MOX\OTHERS\AIBUILD.C,Colony_Building_Score_,1
91,D:\MOX\OTHERS\AIBUILD.C,Assign_Colony_New_Building_,102,D:\MOX\OTHERS\COLCALC.C,Colony_Can_Build_Product_,1
91,D:\MOX\OTHERS\AIBUILD.C,Assign_Colony_New_Building_,117,D:\MOX\OTHERS\RUSS.C,Get_Weighted_Choice_Short_,1
91,D:\MOX\OTHERS\AIBUILD.C,Assign_Empire_Building_,15,D:\MOX\EVENTS.C,Event_Check_Space_Anomaly_,1
91,D:\MOX\OTHERS\AIBUILD.C,Assign_Empire_Building_,28,D:\MOX\OTHERS\INITSHIP.C,Load_Colony_Ship_Design_,1
91,D:\MOX\OTHERS\AIBUILD.C,Assign_Empire_Building_,28,D:\MOX\OTHERS\INITSHIP.C,Load_Doom_Star_Ship_Design_,2
91,D:\MOX\OTHERS\AIBUILD.C,Assign_Empire_Building_,28,D:\MOX\OTHERS\INITSHIP.C,Load_Transport_Ship_Design_,1
91,D:\MOX\OTHERS\AIBUILD.C,Assign_Empire_Building_,58,D:\MOX\OTHERS\OFFICER.C,Move_Officer_To_Pool_,1
91,D:\MOX\OTHERS\AIBUILD.C,Assign_Empire_Building_,68,D:\MOX\OTHERS\COLBLDG.C,Create_Ship_,4
91,D:\MOX\OTHERS\AIBUILD.C,Assign_Empire_Building_,68,D:\MOX\OTHERS\COLBLDG.C,Delete_From_Colony_Queue_,1
91,D:\MOX\OTHERS\AIBUILD.C,Assign_Empire_Building_,91,D:\MOX\OTHERS\AIBUILD.C,Colony_Is_Conquered_,1
91,D:\MOX\OTHERS\AIBUILD.C,Assign_Empire_Building_,91,D:\MOX\OTHERS\AIBUILD.C,Industry_Worth_,3
91,D:\MOX\OTHERS\AIBUILD.C,Assign_Empire_Building_,91,D:\MOX\OTHERS\AIBUILD.C,Mean_Ship_Strength_,1
91,D:\MOX\OTHERS\AIBUILD.C,Assign_Empire_Building_,91,D:\MOX\OTHERS\AIBUILD.C,Player_War_Level_,1
91,D:\MOX\OTHERS\AIBUILD.C,Assign_Empire_Building_,91,D:\MOX\OTHERS\AIBUILD.C,Refit_Cost_,1
91,D:\MOX\OTHERS\AIBUILD.C,Assign_Empire_Building_,95,D:\MOX\OTHERS\AIMOVE.C,Best_Uncolonized_Undestined_Planet_,1
91,D:\MOX\OTHERS\AIBUILD.C,Assign_Empire_Building_,102,D:\MOX\OTHERS\COLCALC.C,Colony_Calculation_,1
91,D:\MOX\OTHERS\AIBUILD.C,Assign_Empire_Building_,102,D:\MOX\OTHERS\COLCALC.C,Colony_Can_Build_Large_Ships_,2
91,D:\MOX\OTHERS\AIBUILD.C,Assign_Empire_Building_,102,D:\MOX\OTHERS\COLCALC.C,Colony_Can_Build_Product_,8
91,D:\MOX\OTHERS\AIBUILD.C,Assign_Empire_Building_,102,D:\MOX\OTHERS\COLCALC.C,Colony_Is_Blockaded_,6
91,D:\MOX\OTHERS\AIBUILD.C,Assign_Empire_Building_,102,D:\MOX\OTHERS\COLCALC.C,Colony_Product_Cost_,3
91,D:\MOX\OTHERS\AIBUILD.C,Assign_Empire_Building_,102,D:\MOX\OTHERS\COLCALC.C,Do_Player_Colony_Calculations_,1
91,D:\MOX\OTHERS\AIBUILD.C,Assign_Empire_Building_,117,D:\MOX\OTHERS\RUSS.C,Get_Weighted_Choice_Int_,1
91,D:\MOX\OTHERS\AIBUILD.C,Assign_Empire_Building_,117,D:\MOX\OTHERS\RUSS.C,Get_Weighted_Choice_Short_,1
91,D:\MOX\OTHERS\AIBUILD.C,Assign_Empire_Building_,117,D:\MOX\OTHERS\RUSS.C,Mox_Update_,8
91,D:\MOX\OTHERS\AIBUILD.C,Colony_Building_Score_,91,D:\MOX\OTHERS\AIBUILD.C,Colony_Is_Conquered_,2
91,D:\MOX\OTHERS\AIBUILD.C,Compute_Empire_Building_Needs_,91,D:\MOX\OTHERS\AIBUILD.C,Compute_Needs_,1
91,D:\MOX\OTHERS\AIBUILD.C,Compute_Empire_Building_Needs_,91,D:\MOX\OTHERS\AIBUILD.C,Mean_Ship_Strength_,2
91,D:\MOX\OTHERS\AIBUILD.C,Compute_Empire_Building_Needs_,117,D:\MOX\OTHERS\RUSS.C,Mox_Update_,3
91,D:\MOX\OTHERS\AIBUILD.C,Compute_Empire_Building_Needs_,122,D:\MOX\BILL.C,Get_Their_Spy_Number_,1
91,D:\MOX\OTHERS\AIBUILD.C,Compute_Needs_,91,D:\MOX\OTHERS\AIBUILD.C,Compute_Freighter_Need_,1
91,D:\MOX\OTHERS\AIBUILD.C,Compute_Needs_,91,D:\MOX\OTHERS\AIBUILD.C,Player_War_Level_,1
91,D:\MOX\OTHERS\AIBUILD.C,Compute_Needs_,122,D:\MOX\BILL.C,Get_Their_Spy_Number_,1
91,D:\MOX\OTHERS\AIBUILD.C,Empire_Buy_Outright_,102,D:\MOX\OTHERS\COLCALC.C,Colony_Buy_Outright_,1
91,D:\MOX\OTHERS\AIBUILD.C,Empire_Buy_Outright_,102,D:\MOX\OTHERS\COLCALC.C,Colony_Cost_To_Buy_Product_,1
91,D:\MOX\OTHERS\AIBUILD.C,Empire_Buy_Outright_,102,D:\MOX\OTHERS\COLCALC.C,Colony_N_Turns_To_Produce_,1
91,D:\MOX\OTHERS\AIBUILD.C,Empire_Buy_Outright_,117,D:\MOX\OTHERS\RUSS.C,Get_Weighted_Choice_Short_,1
91,D:\MOX\OTHERS\AIBUILD.C,Empire_Buy_Outright_,117,D:\MOX\OTHERS\RUSS.C,Mox_Update_,1
91,D:\MOX\OTHERS\AIBUILD.C,Find_Buildable_Buildings_,102,D:\MOX\OTHERS\COLCALC.C,Colony_Can_Build_Product_,1
91,D:\MOX\OTHERS\AIBUILD.C,Player_Colony_Autobuild_,91,D:\MOX\OTHERS\AIBUILD.C,Assign_Colony_New_Building_,1
91,D:\MOX\OTHERS\AIBUILD.C,Player_Colony_Autobuild_,102,D:\MOX\OTHERS\COLCALC.C,Colony_Calculation_,1
91,D:\MOX\OTHERS\AIBUILD.C,Refit_Cost_,41,D:\MOX\OTHERS\DESIGN.C,Cost_Reduction_For_Govt_Type_,1
92,D:\MOX\OTHERS\AIDATA.C,Colony_Worth_To_Player_,92,D:\MOX\OTHERS\AIDATA.C,Proximity_Worth_To_Player_,2
92,D:\MOX\OTHERS\AIDATA.C,Colony_Worth_To_Player_,102,D:\MOX\OTHERS\COLCALC.C,Colony_Empire_Base_Food2_Produced_,2
92,D:\MOX\OTHERS\AIDATA.C,Colony_Worth_To_Player_,102,D:\MOX\OTHERS\COLCALC.C,Colony_Empire_Base_Industry_Produced_,2
92,D:\MOX\OTHERS\AIDATA.C,Colony_Worth_To_Player_,102,D:\MOX\OTHERS\COLCALC.C,Colony_Empire_Base_Research_Produced_,1
92,D:\MOX\OTHERS\AIDATA.C,Colony_Worth_To_Player_,102,D:\MOX\OTHERS\COLCALC.C,Planet_Max_Population_For_Player_,2
92,D:\MOX\OTHERS\AIDATA.C,Compute_AI_Data_,32,D:\MOX\OTHERS\SHIPSTAK.C,Ship_Has_Stealth_Device_,1
92,D:\MOX\OTHERS\AIDATA.C,Compute_AI_Data_,34,D:\MOX\OTHERS\AIPOWER.C,Ship_Strength_Vs_Planetary_Shield_,1
92,D:\MOX\OTHERS\AIDATA.C,Compute_AI_Data_,34,D:\MOX\OTHERS\AIPOWER.C,Ship_Strength_Vs_Ships_,1
92,D:\MOX\OTHERS\AIDATA.C,Compute_AI_Data_,34,D:\MOX\OTHERS\AIPOWER.C,Ship_Strength_Vs_Ships_In_Nebula_,1
92,D:\MOX\OTHERS\AIDATA.C,Compute_AI_Data_,48,D:\MOX\OTHERS\HAROLD.C,XY_To_Star_Id_,2
92,D:\MOX\OTHERS\AIDATA.C,Compute_AI_Data_,92,D:\MOX\OTHERS\AIDATA.C,Colony_Dominant_Player_,1
92,D:\MOX\OTHERS\AIDATA.C,Compute_AI_Data_,92,D:\MOX\OTHERS\AIDATA.C,Compute_Base_Planet_Values_,1
92,D:\MOX\OTHERS\AIDATA.C,Compute_AI_Data_,92,D:\MOX\OTHERS\AIDATA.C,Compute_Contextual_Planet_Values_,1
92,D:\MOX\OTHERS\AIDATA.C,Compute_AI_Data_,92,D:\MOX\OTHERS\AIDATA.C,Compute_Star_Player_Range_Info_,1
92,D:\MOX\OTHERS\AIDATA.C,Compute_AI_Data_,92,D:\MOX\OTHERS\AIDATA.C,Player_N_Turns_From_Star_To_Star_With_Intermediate_,3
92,D:\MOX\OTHERS\AIDATA.C,Compute_AI_Data_,92,D:\MOX\OTHERS\AIDATA.C,Refit_Desirability_,1
92,D:\MOX\OTHERS\AIDATA.C,Compute_AI_Data_,96,D:\MOX\OTHERS\AISTAGE.C,Compute_Defensive_Stage_Points_,1
92,D:\MOX\OTHERS\AIDATA.C,Compute_AI_Data_,97,D:\MOX\OTHERS\AITECH.C,Compute_AI_Tech_Info_,1
92,D:\MOX\OTHERS\AIDATA.C,Compute_AI_Data_,102,D:\MOX\OTHERS\COLCALC.C,Colony_Race_Pop_Limit_,1
92,D:\MOX\OTHERS\AIDATA.C,Compute_AI_Data_,102,D:\MOX\OTHERS\COLCALC.C,May_Surrender_Star_,1
92,D:\MOX\OTHERS\AIDATA.C,Compute_AI_Data_,102,D:\MOX\OTHERS\COLCALC.C,Surrender_Star_,1
92,D:\MOX\OTHERS\AIDATA.C,Compute_AI_Data_,117,D:\MOX\OTHERS\RUSS.C,Assert_Settings_,2
92,D:\MOX\OTHERS\AIDATA.C,Compute_AI_Data_,117,D:\MOX\OTHERS\RUSS.C,Mox_Update_,30
92,D:\MOX\OTHERS\AIDATA.C,Compute_AI_Data_,119,D:\MOX\OTHERS\SHIPMOVE.C,Can_Order_Ship_,1
92,D:\MOX\OTHERS\AIDATA.C,Compute_AI_Data_,119,D:\MOX\OTHERS\SHIPMOVE.C,Player_N_Turns_From_Star_To_Star_,1
92,D:\MOX\OTHERS\AIDATA.C,Compute_AI_Data_,119,D:\MOX\OTHERS\SHIPMOVE.C,Ship_Destination_Star_,1
92,D:\MOX\OTHERS\AIDATA.C,Compute_AI_Data_,119,D:\MOX\OTHERS\SHIPMOVE.C,Ships_Try_To_Move_To_,1
92,D:\MOX\OTHERS\AIDATA.C,Compute_Base_Planet_Values_,92,D:\MOX\OTHERS\AIDATA.C,Colony_Worth_To_Player_,1
92,D:\MOX\OTHERS\AIDATA.C,Compute_Base_Planet_Values_,92,D:\MOX\OTHERS\AIDATA.C,Uncolonized_Planet_Worth_To_Player_,1
92,D:\MOX\OTHERS\AIDATA.C,Compute_Base_Planet_Values_,117,D:\MOX\OTHERS\RUSS.C,Mox_Update_,1
92,D:\MOX\OTHERS\AIDATA.C,Compute_Contextual_Planet_Values_,117,D:\MOX\OTHERS\RUSS.C,Mox_Update_,1
92,D:\MOX\OTHERS\AIDATA.C,Compute_Star_Player_Range_Info_,92,D:\MOX\OTHERS\AIDATA.C,Find_Players_In_Range_,1
92,D:\MOX\OTHERS\AIDATA.C,Compute_Star_Player_Range_Info_,92,D:\MOX\OTHERS\AIDATA.C,Star_In_Range_Of_Given_Star_,1
92,D:\MOX\OTHERS\AIDATA.C,Deallocate_AI_Data_,117,D:\MOX\OTHERS\RUSS.C,Assert_Settings_,1
92,D:\MOX\OTHERS\AIDATA.C,Player_N_Turns_From_Star_To_Star_With_Intermediate_,106,D:\MOX\OTHERS\GEO.C,Parsecs_Between_Stars_,1
92,D:\MOX\OTHERS\AIDATA.C,Proximity_Worth_To_Player_,92,D:\MOX\OTHERS\AIDATA.C,Star_In_Range_Of_Given_Star_,2
92,D:\MOX\OTHERS\AIDATA.C,Ship_N_Turns_To_Star_With_Intermediate_,48,D:\MOX\OTHERS\HAROLD.C,XY_To_Star_Id_,1
92,D:\MOX\OTHERS\AIDATA.C,Ship_N_Turns_To_Star_With_Intermediate_,92,D:\MOX\OTHERS\AIDATA.C,Player_N_Turns_From_Star_To_Star_With_Intermediate_,1
92,D:\MOX\OTHERS\AIDATA.C,Ship_N_Turns_To_Star_With_Intermediate_,106,D:\MOX\OTHERS\GEO.C,Black_Hole_Blocks_Points_,1
92,D:\MOX\OTHERS\AIDATA.C,Star_In_Range_Of_Given_Star_,106,D:\MOX\OTHERS\GEO.C,Parsecs_Between_Stars_,2
92,D:\MOX\OTHERS\AIDATA.C,Uncolonized_Planet_Worth_To_Player_,102,D:\MOX\OTHERS\COLCALC.C,Planet_Max_Population_For_Player_,1
92,D:\MOX\OTHERS\AIDATA.C,Uncolonized_Planet_Worth_To_Player_,102,D:\MOX\OTHERS\COLCALC.C,Size_Subterranean_Pop_Bonus_,1
93,D:\MOX\OTHERS\AIDUDES.C,All_Colony_AI_,93,D:\MOX\OTHERS\AIDUDES.C,Colony_AI_,1
93,D:\MOX\OTHERS\AIDUDES.C,All_Colony_AI_,117,D:\MOX\OTHERS\RUSS.C,Mox_Update_,2
93,D:\MOX\OTHERS\AIDUDES.C,Assign_Additional_Research_Industry_,93,D:\MOX\OTHERS\AIDUDES.C,Compute_Max_Min_R_I_Worthiness_,1
93,D:\MOX\OTHERS\AIDUDES.C,Assign_Additional_Research_Industry_,102,D:\MOX\OTHERS\COLCALC.C,Colony_Calculation_,1
93,D:\MOX\OTHERS\AIDUDES.C,Assign_Additional_Research_Industry_,102,D:\MOX\OTHERS\COLCALC.C,Do_Player_Colony_Calculations_,1
93,D:\MOX\OTHERS\AIDUDES.C,Assign_Additional_Unblockaded_Farmers_,93,D:\MOX\OTHERS\AIDUDES.C,F_IR_Worthiness_,1
93,D:\MOX\OTHERS\AIDUDES.C,Assign_Additional_Unblockaded_Farmers_,93,D:\MOX\OTHERS\AIDUDES.C,Make_First_Unassigned_Into_Farmer_,1
93,D:\MOX\OTHERS\AIDUDES.C,Assign_Additional_Unblockaded_Farmers_,102,D:\MOX\OTHERS\COLCALC.C,Colony_Calculation_,1
93,D:\MOX\OTHERS\AIDUDES.C,Assign_Additional_Unblockaded_Farmers_,102,D:\MOX\OTHERS\COLCALC.C,Do_Player_Colony_Post_Production_,1
93,D:\MOX\OTHERS\AIDUDES.C,Assign_Buildings_,91,D:\MOX\OTHERS\AIBUILD.C,Assign_Colony_Building_,1
93,D:\MOX\OTHERS\AIDUDES.C,Clear_Build_Queues_If_New_Tech_,68,D:\MOX\OTHERS\COLBLDG.C,Clear_Colony_Queue_,1
93,D:\MOX\OTHERS\AIDUDES.C,Clear_Build_Queues_If_New_Tech_,117,D:\MOX\OTHERS\RUSS.C,Get_Weighted_Choice_Char_,1
93,D:\MOX\OTHERS\AIDUDES.C,Collect_AI_Colonies_,15,D:\MOX\EVENTS.C,Event_Check_Space_Anomaly_,1
93,D:\MOX\OTHERS\AIDUDES.C,Collect_AI_Colonies_,102,D:\MOX\OTHERS\COLCALC.C,Colony_Is_Blockaded_,1
93,D:\MOX\OTHERS\AIDUDES.C,Colony_AI_,91,D:\MOX\OTHERS\AIBUILD.C,Empire_Buy_Outright_,1
93,D:\MOX\OTHERS\AIDUDES.C,Colony_AI_,91,D:\MOX\OTHERS\AIBUILD.C,Player_War_Level_,1
93,D:\MOX\OTHERS\AIDUDES.C,Colony_AI_,93,D:\MOX\OTHERS\AIDUDES.C,Clear_Build_Queues_If_New_Tech_,1
93,D:\MOX\OTHERS\AIDUDES.C,Colony_AI_,93,D:\MOX\OTHERS\AIDUDES.C,Collect_AI_Colonies_,1
93,D:\MOX\OTHERS\AIDUDES.C,Colony_AI_,93,D:\MOX\OTHERS\AIDUDES.C,Colony_AI_Given_Tax_,1
93,D:\MOX\OTHERS\AIDUDES.C,Colony_AI_,93,D:\MOX\OTHERS\AIDUDES.C,Do_Ship_Upgrade_Cheats_,1
93,D:\MOX\OTHERS\AIDUDES.C,Colony_AI_,93,D:\MOX\OTHERS\AIDUDES.C,Freighter_Cheat_,1
93,D:\MOX\OTHERS\AIDUDES.C,Colony_AI_,93,D:\MOX\OTHERS\AIDUDES.C,Keep_Ship_Designs_Up_To_Date_,1
93,D:\MOX\OTHERS\AIDUDES.C,Colony_AI_,117,D:\MOX\OTHERS\RUSS.C,Mox_Update_,1
93,D:\MOX\OTHERS\AIDUDES.C,Colony_AI_Given_Tax_,91,D:\MOX\OTHERS\AIBUILD.C,Assign_Colony_Building_,1
93,D:\MOX\OTHERS\AIDUDES.C,Colony_AI_Given_Tax_,91,D:\MOX\OTHERS\AIBUILD.C,Assign_Empire_Building_,1
93,D:\MOX\OTHERS\AIDUDES.C,Colony_AI_Given_Tax_,93,D:\MOX\OTHERS\AIDUDES.C,Assign_Additional_Research_Industry_,1
93,D:\MOX\OTHERS\AIDUDES.C,Colony_AI_Given_Tax_,93,D:\MOX\OTHERS\AIDUDES.C,Assign_Additional_Unblockaded_Farmers_,1
93,D:\MOX\OTHERS\AIDUDES.C,Colony_AI_Given_Tax_,93,D:\MOX\OTHERS\AIDUDES.C,Do_Blockaded_Colony_,1
93,D:\MOX\OTHERS\AIDUDES.C,Colony_AI_Given_Tax_,93,D:\MOX\OTHERS\AIDUDES.C,Do_Unblockaded_Colony_,1
93,D:\MOX\OTHERS\AIDUDES.C,Colony_AI_Given_Tax_,93,D:\MOX\OTHERS\AIDUDES.C,Industry_Sanity_Check_,1
93,D:\MOX\OTHERS\AIDUDES.C,Colony_AI_Given_Tax_,102,D:\MOX\OTHERS\COLCALC.C,Do_Player_Colony_Post_Production_,1
93,D:\MOX\OTHERS\AIDUDES.C,Compute_Max_Min_R_I_Worthiness_,102,D:\MOX\OTHERS\COLCALC.C,Colony_Pop_Prod_Produced_,4
93,D:\MOX\OTHERS\AIDUDES.C,Do_Blockaded_Colony_,15,D:\MOX\EVENTS.C,Event_Check_Colony_Researching_,1
93,D:\MOX\OTHERS\AIDUDES.C,Do_Blockaded_Colony_,93,D:\MOX\OTHERS\AIDUDES.C,Assign_Required_Colonists_,1
93,D:\MOX\OTHERS\AIDUDES.C,Do_Blockaded_Colony_,102,D:\MOX\OTHERS\COLCALC.C,Pre_Import_Computing_,2
93,D:\MOX\OTHERS\AIDUDES.C,Do_Ship_Upgrade_Cheats_,28,D:\MOX\OTHERS\INITSHIP.C,Load_Doom_Star_Ship_Design_,1
93,D:\MOX\OTHERS\AIDUDES.C,Do_Unblockaded_Colony_,15,D:\MOX\EVENTS.C,Event_Check_Colony_Researching_,1
93,D:\MOX\OTHERS\AIDUDES.C,Do_Unblockaded_Colony_,93,D:\MOX\OTHERS\AIDUDES.C,Assign_Required_Colonists_,1
93,D:\MOX\OTHERS\AIDUDES.C,Do_Unblockaded_Colony_,93,D:\MOX\OTHERS\AIDUDES.C,Compute_Max_Min_R_I_Worthiness_,1
93,D:\MOX\OTHERS\AIDUDES.C,Do_Unblockaded_Colony_,102,D:\MOX\OTHERS\COLCALC.C,Pre_Import_Computing_,1
93,D:\MOX\OTHERS\AIDUDES.C,FI_Worthiness_,102,D:\MOX\OTHERS\COLCALC.C,Colony_Pop_Prod_Produced_,2
93,D:\MOX\OTHERS\AIDUDES.C,F_IR_Worthiness_,102,D:\MOX\OTHERS\COLCALC.C,Colony_Pop_Prod_Produced_,3
93,D:\MOX\OTHERS\AIDUDES.C,Grab_Worker_,93,D:\MOX\OTHERS\AIDUDES.C,Compute_Max_Min_R_I_Worthiness_,1
93,D:\MOX\OTHERS\AIDUDES.C,Industry_Sanity_Check_,15,D:\MOX\EVENTS.C,Event_Check_Colony_Researching_,1
93,D:\MOX\OTHERS\AIDUDES.C,Industry_Sanity_Check_,102,D:\MOX\OTHERS\COLCALC.C,Colony_Calculation_,1
93,D:\MOX\OTHERS\AIDUDES.C,Keep_Ship_Designs_Up_To_Date_,28,D:\MOX\OTHERS\INITSHIP.C,Load_Doom_Star_Ship_Design_,1
93,D:\MOX\OTHERS\AIDUDES.C,Make_First_Unassigned_Into_Farmer_,93,D:\MOX\OTHERS\AIDUDES.C,F_IR_Worthiness_,1
93,D:\MOX\OTHERS\AIDUDES.C,Make_First_Unassigned_Into_Farmer_,102,D:\MOX\OTHERS\COLCALC.C,Pre_Import_Computing_,1
93,D:\MOX\OTHERS\AIDUDES.C,Sort_Colonies_Blockaded_,102,D:\MOX\OTHERS\COLCALC.C,Colony_Is_Blockaded_,2
93,D:\MOX\OTHERS\AIDUDES.C,Sort_Pops_FI_,102,D:\MOX\OTHERS\COLCALC.C,Colony_Pop_Prod_Produced_,6
93,D:\MOX\OTHERS\AIDUDES.C,Sort_Pops_FR_I_,93,D:\MOX\OTHERS\AIDUDES.C,Sort_Pops_R_I_,1
93,D:\MOX\OTHERS\AIDUDES.C,Sort_Pops_FR_I_,102,D:\MOX\OTHERS\COLCALC.C,Colony_Pop_Prod_Produced_,6
93,D:\MOX\OTHERS\AIDUDES.C,Sort_Pops_F_IR_,102,D:\MOX\OTHERS\COLCALC.C,Colony_Pop_Prod_Produced_,6
93,D:\MOX\OTHERS\AIDUDES.C,Sort_Pops_R_I_,102,D:\MOX\OTHERS\COLCALC.C,Colony_Pop_Prod_Produced_,4
94,D:\MOX\OTHERS\AILEADER.C,Assign_Fleet_Officer_,58,D:\MOX\OTHERS\OFFICER.C,Ai_Assign_Leader_To_Ship_,1
94,D:\MOX\OTHERS\AILEADER.C,Assign_Star_Officer_,58,D:\MOX\OTHERS\OFFICER.C,Ai_Assign_Leader_To_Star_,1
94,D:\MOX\OTHERS\AILEADER.C,Assign_Unassigned_Leaders_,94,D:\MOX\OTHERS\AILEADER.C,Assign_Fleet_Officer_,1
94,D:\MOX\OTHERS\AILEADER.C,Assign_Unassigned_Leaders_,94,D:\MOX\OTHERS\AILEADER.C,Assign_Star_Officer_,1
94,D:\MOX\OTHERS\AILEADER.C,Assign_Unassigned_Leaders_,94,D:\MOX\OTHERS\AILEADER.C,Reassign_Fleet_Officer_,1
94,D:\MOX\OTHERS\AILEADER.C,Do_AI_Leaders_,58,D:\MOX\OTHERS\OFFICER.C,Calculate_Officer_Cost_,1
94,D:\MOX\OTHERS\AILEADER.C,Do_AI_Leaders_,58,D:\MOX\OTHERS\OFFICER.C,Marooned_Hero_At_Star_Can_Join_,1
94,D:\MOX\OTHERS\AILEADER.C,Do_AI_Leaders_,58,D:\MOX\OTHERS\OFFICER.C,Set_Officer_To_Player_,1
94,D:\MOX\OTHERS\AILEADER.C,Do_AI_Leaders_,94,D:\MOX\OTHERS\AILEADER.C,Assign_Unassigned_Leaders_,1
94,D:\MOX\OTHERS\AILEADER.C,Reassign_Fleet_Officer_,58,D:\MOX\OTHERS\OFFICER.C,Ai_Assign_Leader_To_Ship_,1
94,D:\MOX\OTHERS\AILEADER.C,Reassign_Fleet_Officer_,58,D:\MOX\OTHERS\OFFICER.C,Ships_In_Same_Place_,1
95,D:\MOX\OTHERS\AIMOVE.C,Assign_New_Colony_Ship_Destinations_,95,D:\MOX\OTHERS\AIMOVE.C,Get_Best_Escorted_Colony_Ship_,1
95,D:\MOX\OTHERS\AIMOVE.C,Assign_New_Colony_Ship_Destinations_,95,D:\MOX\OTHERS\AIMOVE.C,Get_Best_Unescorted_Colony_Ship_,1
95,D:\MOX\OTHERS\AIMOVE.C,Assign_New_Colony_Ship_Destinations_,95,D:\MOX\OTHERS\AIMOVE.C,I_Soonest_Enemy_Colony_Ship_,1
95,D:\MOX\OTHERS\AIMOVE.C,Assign_New_Colony_Ship_Destinations_,95,D:\MOX\OTHERS\AIMOVE.C,Star_Has_Monster_,1
95,D:\MOX\OTHERS\AIMOVE.C,Assign_New_Colony_Ship_Destinations_,117,D:\MOX\OTHERS\RUSS.C,Shuffle_Char_,1
95,D:\MOX\OTHERS\AIMOVE.C,Assign_New_Colony_Ship_Destinations_,119,D:\MOX\OTHERS\SHIPMOVE.C,Can_Order_Ship_,1
95,D:\MOX\OTHERS\AIMOVE.C,Assign_New_Colony_Ship_Destinations_,119,D:\MOX\OTHERS\SHIPMOVE.C,Make_Ships_Move_To_,1
95,D:\MOX\OTHERS\AIMOVE.C,Assign_New_Colony_Ship_Destinations_,119,D:\MOX\OTHERS\SHIPMOVE.C,Ships_Try_To_Move_To_,1
95,D:\MOX\OTHERS\AIMOVE.C,Best_Uncolonized_Undestined_Planet_,95,D:\MOX\OTHERS\AIMOVE.C,Delete_Already_Assigned_Planets_,1
95,D:\MOX\OTHERS\AIMOVE.C,Best_Uncolonized_Undestined_Planet_,95,D:\MOX\OTHERS\AIMOVE.C,Get_Colonizable_Planets_,1
95,D:\MOX\OTHERS\AIMOVE.C,Compute_Attack_Worthiness_,34,D:\MOX\OTHERS\AIPOWER.C,Colony_Ground_Strength_Vs_Player_,1
95,D:\MOX\OTHERS\AIMOVE.C,Compute_Attack_Worthiness_,34,D:\MOX\OTHERS\AIPOWER.C,Colony_Space_Strength_Vs_Player_,1
95,D:\MOX\OTHERS\AIMOVE.C,Compute_Attack_Worthiness_,34,D:\MOX\OTHERS\AIPOWER.C,Ship_Strength_Vs_Ships_,2
95,D:\MOX\OTHERS\AIMOVE.C,Compute_Attack_Worthiness_,95,D:\MOX\OTHERS\AIMOVE.C,Enemy_Colony_Worth_To_Player_,1
95,D:\MOX\OTHERS\AIMOVE.C,Compute_Attack_Worthiness_,95,D:\MOX\OTHERS\AIMOVE.C,N_Enemy_Stars_Reachable_,1
95,D:\MOX\OTHERS\AIMOVE.C,Compute_Attack_Worthiness_,95,D:\MOX\OTHERS\AIMOVE.C,Player_Is_Hostile_To_Player_,1
95,D:\MOX\OTHERS\AIMOVE.C,Compute_Attack_Worthiness_,102,D:\MOX\OTHERS\COLCALC.C,Colony_Cost_To_Buy_Given_Product_,1
95,D:\MOX\OTHERS\AIMOVE.C,Compute_Attack_Worthiness_,102,D:\MOX\OTHERS\COLCALC.C,Colony_Planetary_Shield_,1
95,D:\MOX\OTHERS\AIMOVE.C,Delete_Already_Assigned_Planets_,119,D:\MOX\OTHERS\SHIPMOVE.C,Can_Order_Ship_,1
95,D:\MOX\OTHERS\AIMOVE.C,Find_Best_Attack_From_Star_,95,D:\MOX\OTHERS\AIMOVE.C,AI_May_Attack_Player_,1
95,D:\MOX\OTHERS\AIMOVE.C,Find_Best_Attack_From_Star_,95,D:\MOX\OTHERS\AIMOVE.C,Compute_Attack_Worthiness_,1
95,D:\MOX\OTHERS\AIMOVE.C,Find_Best_Attack_From_Star_,95,D:\MOX\OTHERS\AIMOVE.C,Gather_Player_Ships_At_Star_,1
95,D:\MOX\OTHERS\AIMOVE.C,Find_Best_Attack_From_Star_,117,D:\MOX\OTHERS\RUSS.C,Get_Weighted_Choice_Short_,1
95,D:\MOX\OTHERS\AIMOVE.C,Find_Best_Attack_From_Star_,119,D:\MOX\OTHERS\SHIPMOVE.C,Make_Ships_Move_To_,1
95,D:\MOX\OTHERS\AIMOVE.C,Find_Best_Attack_From_Star_,119,D:\MOX\OTHERS\SHIPMOVE.C,Ships_Try_To_Move_To_,2
95,D:\MOX\OTHERS\AIMOVE.C,Find_Opportunity_Attack_,15,D:\MOX\EVENTS.C,Event_Check_Hyperspace_Flux_,1
95,D:\MOX\OTHERS\AIMOVE.C,Find_Opportunity_Attack_,95,D:\MOX\OTHERS\AIMOVE.C,Find_Opportunity_Attack_Aux_,1
95,D:\MOX\OTHERS\AIMOVE.C,Find_Opportunity_Attack_Aux_,95,D:\MOX\OTHERS\AIMOVE.C,Find_Best_Attack_From_Star_,1
95,D:\MOX\OTHERS\AIMOVE.C,Gather_Intercepting_Ships_,119,D:\MOX\OTHERS\SHIPMOVE.C,Can_Order_Ship_,1
95,D:\MOX\OTHERS\AIMOVE.C,Gather_Intercepting_Ships_,119,D:\MOX\OTHERS\SHIPMOVE.C,Ship_Destination_Star_,1
95,D:\MOX\OTHERS\AIMOVE.C,Get_Best_Escorted_Colony_Ship_,95,D:\MOX\OTHERS\AIMOVE.C,Get_Enemy_Strength_On_Turn_,1
95,D:\MOX\OTHERS\AIMOVE.C,Get_Best_Escorted_Colony_Ship_,95,D:\MOX\OTHERS\AIMOVE.C,Move_Ships_With_Possible_Intermediate_,2
95,D:\MOX\OTHERS\AIMOVE.C,Get_Best_Escorted_Colony_Ship_,95,D:\MOX\OTHERS\AIMOVE.C,Ship_Rough_Strength_At_Star_,3
95,D:\MOX\OTHERS\AIMOVE.C,Get_Best_Escorted_Colony_Ship_,119,D:\MOX\OTHERS\SHIPMOVE.C,Make_Ships_Move_To_,1
95,D:\MOX\OTHERS\AIMOVE.C,Get_Best_Escorted_Colony_Ship_,119,D:\MOX\OTHERS\SHIPMOVE.C,Ships_Try_To_Move_To_,1
95,D:\MOX\OTHERS\AIMOVE.C,Get_Best_Unescorted_Colony_Ship_,95,D:\MOX\OTHERS\AIMOVE.C,Move_Ships_With_Possible_Intermediate_,1
95,D:\MOX\OTHERS\AIMOVE.C,Get_Best_Unescorted_Colony_Ship_,119,D:\MOX\OTHERS\SHIPMOVE.C,Make_Ships_Move_To_,1
95,D:\MOX\OTHERS\AIMOVE.C,Get_Best_Unescorted_Colony_Ship_,119,D:\MOX\OTHERS\SHIPMOVE.C,Ships_Try_To_Move_To_,1
95,D:\MOX\OTHERS\AIMOVE.C,Intercept_Invaders_,34,D:\MOX\OTHERS\AIPOWER.C,Ship_Strength_Vs_Ships_,2
95,D:\MOX\OTHERS\AIMOVE.C,Intercept_Invaders_,95,D:\MOX\OTHERS\AIMOVE.C,Interceptions_,1
95,D:\MOX\OTHERS\AIMOVE.C,Intercept_Invaders_,117,D:\MOX\OTHERS\RUSS.C,Mox_Update_,1
95,D:\MOX\OTHERS\AIMOVE.C,Interceptions_,48,D:\MOX\OTHERS\HAROLD.C,XY_To_Star_Id_,1
95,D:\MOX\OTHERS\AIMOVE.C,Interceptions_,92,D:\MOX\OTHERS\AIDATA.C,Player_N_Turns_From_Star_To_Star_With_Intermediate_,1
95,D:\MOX\OTHERS\AIMOVE.C,Interceptions_,92,D:\MOX\OTHERS\AIDATA.C,Ship_N_Turns_To_Star_With_Intermediate_,1
95,D:\MOX\OTHERS\AIMOVE.C,Interceptions_,95,D:\MOX\OTHERS\AIMOVE.C,Gather_Intercepting_Ships_,1
95,D:\MOX\OTHERS\AIMOVE.C,Interceptions_,95,D:\MOX\OTHERS\AIMOVE.C,Knock_Out_Impossible_Interceptions_,1
95,D:\MOX\OTHERS\AIMOVE.C,Interceptions_,95,D:\MOX\OTHERS\AIMOVE.C,Ship_Min_Strength_Versus_Players_At_Star_,1
95,D:\MOX\OTHERS\AIMOVE.C,Interceptions_,117,D:\MOX\OTHERS\RUSS.C,Compare_Ratios_,1
95,D:\MOX\OTHERS\AIMOVE.C,Interceptions_,117,D:\MOX\OTHERS\RUSS.C,Mox_Update_,1
95,D:\MOX\OTHERS\AIMOVE.C,Interceptions_,119,D:\MOX\OTHERS\SHIPMOVE.C,Can_Order_Ship_,1
95,D:\MOX\OTHERS\AIMOVE.C,Interceptions_,119,D:\MOX\OTHERS\SHIPMOVE.C,Make_Ships_Move_To_,1
95,D:\MOX\OTHERS\AIMOVE.C,Interceptions_,119,D:\MOX\OTHERS\SHIPMOVE.C,Ships_Try_To_Move_To_,1
95,D:\MOX\OTHERS\AIMOVE.C,Launch_Attacks_,95,D:\MOX\OTHERS\AIMOVE.C,Find_Best_Attack_From_Star_,1
95,D:\MOX\OTHERS\AIMOVE.C,Launch_Sneak_Attack_,27,D:\MOX\DIPLOMAC.C,Declare_War_,1
95,D:\MOX\OTHERS\AIMOVE.C,Launch_Sneak_Attack_,91,D:\MOX\OTHERS\AIBUILD.C,Player_War_Level_,1
95,D:\MOX\OTHERS\AIMOVE.C,Launch_Sneak_Attack_,95,D:\MOX\OTHERS\AIMOVE.C,Gather_Player_Ships_At_Star_,1
95,D:\MOX\OTHERS\AIMOVE.C,Launch_Sneak_Attack_,119,D:\MOX\OTHERS\SHIPMOVE.C,Make_Ships_Move_To_,1
95,D:\MOX\OTHERS\AIMOVE.C,Launch_Sneak_Attack_,119,D:\MOX\OTHERS\SHIPMOVE.C,Ships_Try_To_Move_To_,1
95,D:\MOX\OTHERS\AIMOVE.C,Move_AI_,95,D:\MOX\OTHERS\AIMOVE.C,Assign_New_Colony_Ship_Destinations_,1
95,D:\MOX\OTHERS\AIMOVE.C,Move_AI_,95,D:\MOX\OTHERS\AIMOVE.C,Delete_Already_Assigned_Planets_,1
95,D:\MOX\OTHERS\AIMOVE.C,Move_AI_,95,D:\MOX\OTHERS\AIMOVE.C,Get_Colonizable_Planets_,1
95,D:\MOX\OTHERS\AIMOVE.C,Move_AI_,95,D:\MOX\OTHERS\AIMOVE.C,Intercept_Invaders_,1
95,D:\MOX\OTHERS\AIMOVE.C,Move_AI_,95,D:\MOX\OTHERS\AIMOVE.C,Launch_Attacks_,6
95,D:\MOX\OTHERS\AIMOVE.C,Move_AI_,95,D:\MOX\OTHERS\AIMOVE.C,Launch_Sneak_Attack_,1
95,D:\MOX\OTHERS\AIMOVE.C,Move_AI_,95,D:\MOX\OTHERS\AIMOVE.C,Mark_Flee_Stars_,1
95,D:\MOX\OTHERS\AIMOVE.C,Move_AI_,95,D:\MOX\OTHERS\AIMOVE.C,Move_To_Stage_Points_,1
95,D:\MOX\OTHERS\AIMOVE.C,Move_AI_,95,D:\MOX\OTHERS\AIMOVE.C,Move_To_Unexplored_Stars_,1
95,D:\MOX\OTHERS\AIMOVE.C,Move_AI_,95,D:\MOX\OTHERS\AIMOVE.C,Move_Transports_,1
95,D:\MOX\OTHERS\AIMOVE.C,Move_AI_,117,D:\MOX\OTHERS\RUSS.C,Mox_Update_,14
95,D:\MOX\OTHERS\AIMOVE.C,Move_All_AI_,15,D:\MOX\EVENTS.C,Event_Check_Hyperspace_Flux_,1
95,D:\MOX\OTHERS\AIMOVE.C,Move_All_AI_,95,D:\MOX\OTHERS\AIMOVE.C,Move_AI_,1
95,D:\MOX\OTHERS\AIMOVE.C,Move_All_AI_,95,D:\MOX\OTHERS\AIMOVE.C,Move_NPCs_,1
95,D:\MOX\OTHERS\AIMOVE.C,Move_All_AI_,117,D:\MOX\OTHERS\RUSS.C,Mox_Update_,1
95,D:\MOX\OTHERS\AIMOVE.C,Move_NPCs_,28,D:\MOX\OTHERS\INITSHIP.C,Load_Eel_Ship_Design_,1
95,D:\MOX\OTHERS\AIMOVE.C,Move_NPCs_,62,D:\MOX\OTHERS\SHIPS.C,Kill_Ship_,1
95,D:\MOX\OTHERS\AIMOVE.C,Move_NPCs_,95,D:\MOX\OTHERS\AIMOVE.C,NPC_Dest_,2
95,D:\MOX\OTHERS\AIMOVE.C,Move_NPCs_,110,D:\MOX\OTHERS\MSG.C,Add_Msg_All_,2
95,D:\MOX\OTHERS\AIMOVE.C,Move_NPCs_,119,D:\MOX\OTHERS\SHIPMOVE.C,Create_Nonplayer_Ship_,1
95,D:\MOX\OTHERS\AIMOVE.C,Move_NPCs_,119,D:\MOX\OTHERS\SHIPMOVE.C,Make_Ships_Move_To_,1
95,D:\MOX\OTHERS\AIMOVE.C,Move_NPCs_,119,D:\MOX\OTHERS\SHIPMOVE.C,Ships_Try_To_Move_To_,1
95,D:\MOX\OTHERS\AIMOVE.C,Move_Ships_With_Possible_Intermediate_,119,D:\MOX\OTHERS\SHIPMOVE.C,Ships_Try_To_Move_To_,3
95,D:\MOX\OTHERS\AIMOVE.C,Move_To_Stage_Points_,15,D:\MOX\EVENTS.C,Event_Check_Warp_Beast_,1
95,D:\MOX\OTHERS\AIMOVE.C,Move_To_Stage_Points_,91,D:\MOX\OTHERS\AIBUILD.C,Player_War_Level_,1
95,D:\MOX\OTHERS\AIMOVE.C,Move_To_Stage_Points_,92,D:\MOX\OTHERS\AIDATA.C,Player_N_Turns_From_Star_To_Star_With_Intermediate_,2
95,D:\MOX\OTHERS\AIMOVE.C,Move_To_Stage_Points_,95,D:\MOX\OTHERS\AIMOVE.C,Move_Ships_With_Possible_Intermediate_,2
95,D:\MOX\OTHERS\AIMOVE.C,Move_To_Stage_Points_,95,D:\MOX\OTHERS\AIMOVE.C,Ship_Rough_Strength_At_Star_,2
95,D:\MOX\OTHERS\AIMOVE.C,Move_To_Stage_Points_,117,D:\MOX\OTHERS\RUSS.C,Compare_Ratios_,1
95,D:\MOX\OTHERS\AIMOVE.C,Move_To_Stage_Points_,117,D:\MOX\OTHERS\RUSS.C,Mox_Update_,1
95,D:\MOX\OTHERS\AIMOVE.C,Move_To_Stage_Points_,117,D:\MOX\OTHERS\RUSS.C,Shuffle_Sint_,1
95,D:\MOX\OTHERS\AIMOVE.C,Move_To_Stage_Points_,119,D:\MOX\OTHERS\SHIPMOVE.C,Can_Order_Ship_,1
95,D:\MOX\OTHERS\AIMOVE.C,Move_To_Stage_Points_,119,D:\MOX\OTHERS\SHIPMOVE.C,Make_Ships_Move_To_,2
95,D:\MOX\OTHERS\AIMOVE.C,Move_To_Stage_Points_,119,D:\MOX\OTHERS\SHIPMOVE.C,Ship_Destination_Star_,1
95,D:\MOX\OTHERS\AIMOVE.C,Move_To_Stage_Points_,119,D:\MOX\OTHERS\SHIPMOVE.C,Ships_Try_To_Move_To_,2
95,D:\MOX\OTHERS\AIMOVE.C,Move_To_Unexplored_Stars_,95,D:\MOX\OTHERS\AIMOVE.C,Get_Enemy_Strength_On_Turn_,1
95,D:\MOX\OTHERS\AIMOVE.C,Move_To_Unexplored_Stars_,119,D:\MOX\OTHERS\SHIPMOVE.C,Make_Ships_Move_To_,1
95,D:\MOX\OTHERS\AIMOVE.C,Move_To_Unexplored_Stars_,119,D:\MOX\OTHERS\SHIPMOVE.C,Ships_Try_To_Move_To_,1
95,D:\MOX\OTHERS\AIMOVE.C,Move_Transports_,95,D:\MOX\OTHERS\AIMOVE.C,Move_Ships_With_Possible_Intermediate_,2
95,D:\MOX\OTHERS\AIMOVE.C,Move_Transports_,107,D:\MOX\OTHERS\INVASION.C,Unload_Transports_,1
95,D:\MOX\OTHERS\AIMOVE.C,Move_Transports_,117,D:\MOX\OTHERS\RUSS.C,Mox_Update_,2
95,D:\MOX\OTHERS\AIMOVE.C,Move_Transports_,119,D:\MOX\OTHERS\SHIPMOVE.C,Make_Ships_Move_To_,3
95,D:\MOX\OTHERS\AIMOVE.C,Move_Transports_,119,D:\MOX\OTHERS\SHIPMOVE.C,Ship_Destination_Star_,2
95,D:\MOX\OTHERS\AIMOVE.C,Move_Transports_,119,D:\MOX\OTHERS\SHIPMOVE.C,Ships_Try_To_Move_To_,6
95,D:\MOX\OTHERS\AIMOVE.C,NPC_Dest_,106,D:\MOX\OTHERS\GEO.C,Parsecs_Between_Stars_,1
95,D:\MOX\OTHERS\AIMOVE.C,N_Enemy_Stars_Reachable_,106,D:\MOX\OTHERS\GEO.C,Parsecs_Between_Stars_,1
95,D:\MOX\OTHERS\AIMOVE.C,Player_Threatens_Player_,15,D:\MOX\EVENTS.C,Event_Check_Hyperspace_Flux_,1
95,D:\MOX\OTHERS\AIMOVE.C,Player_Threatens_Player_,95,D:\MOX\OTHERS\AIMOVE.C,Find_Opportunity_Attack_Aux_,1
96,D:\MOX\OTHERS\AISTAGE.C,Compute_Defensive_Stage_Points_,106,D:\MOX\OTHERS\GEO.C,Parsecs_Between_Stars_,1
96,D:\MOX\OTHERS\AISTAGE.C,Compute_Defensive_Stage_Points_,119,D:\MOX\OTHERS\SHIPMOVE.C,Star_In_Range_Of_Player_,1
97,D:\MOX\OTHERS\AITECH.C,AI_Tech_Select_,115,D:\MOX\OTHERS\NEWTECH.C,Choose_Tech_Application_,1
97,D:\MOX\OTHERS\AITECH.C,All_AI_Tech_Select_,30,D:\MOX\OTHERS\RACEOPT.C,Setup_Evolutionary_Upgrade_,1
97,D:\MOX\OTHERS\AITECH.C,All_AI_Tech_Select_,97,D:\MOX\OTHERS\AITECH.C,AI_Tech_Select_,1
97,D:\MOX\OTHERS\AITECH.C,All_AI_Tech_Select_,97,D:\MOX\OTHERS\AITECH.C,Compute_AI_Tech_Info_,1
97,D:\MOX\OTHERS\AITECH.C,Compute_AI_Tech_Info_,95,D:\MOX\OTHERS\AIMOVE.C,Best_Uncolonized_Undestined_Planet_,1
97,D:\MOX\OTHERS\AITECH.C,Compute_AI_Tech_Info_,97,D:\MOX\OTHERS\AITECH.C,Player_Best_Armor_,1
97,D:\MOX\OTHERS\AITECH.C,Compute_AI_Tech_Info_,97,D:\MOX\OTHERS\AITECH.C,Player_Best_Computer_,1
97,D:\MOX\OTHERS\AITECH.C,Compute_AI_Tech_Info_,97,D:\MOX\OTHERS\AITECH.C,Player_Best_Drive_,1
97,D:\MOX\OTHERS\AITECH.C,Compute_AI_Tech_Info_,97,D:\MOX\OTHERS\AITECH.C,Player_Best_Fuel_,1
97,D:\MOX\OTHERS\AITECH.C,Compute_AI_Tech_Info_,97,D:\MOX\OTHERS\AITECH.C,Player_Best_Planetary_Shield_,1
97,D:\MOX\OTHERS\AITECH.C,Compute_AI_Tech_Info_,97,D:\MOX\OTHERS\AITECH.C,Player_Best_Ship_Shield_,1
97,D:\MOX\OTHERS\AITECH.C,Compute_AI_Tech_Info_,107,D:\MOX\OTHERS\INVASION.C,Compute_Player_Ground_Combat_Bonuses_,1
97,D:\MOX\OTHERS\AITECH.C,System_Proximity_Count_,119,D:\MOX\OTHERS\SHIPMOVE.C,Star_In_Normal_Range_Of_Player_,1
98,D:\MOX\OTHERS\AITRADE.C,AI_Agrees_To_Research_Agreement_,121,D:\MOX\OTHERS\TRADE.C,Base_Research_Agreement_Goal_,1
98,D:\MOX\OTHERS\AITRADE.C,AI_Agrees_To_Trade_Agreement_,121,D:\MOX\OTHERS\TRADE.C,Base_Trade_Agreement_Goal_,1
100,D:\MOX\OTHERS\BOMB.C,Apply_Bomb_Hits_,100,D:\MOX\OTHERS\BOMB.C,Resolve_Biological_Hit_,1
100,D:\MOX\OTHERS\BOMB.C,Apply_Bomb_Hits_,100,D:\MOX\OTHERS\BOMB.C,Resolve_Bomb_Hit_,1
100,D:\MOX\OTHERS\BOMB.C,Destroy_Colony_,15,D:\MOX\EVENTS.C,Kill_All_Events_At_Colony_,1
100,D:\MOX\OTHERS\BOMB.C,Destroy_Colony_,68,D:\MOX\OTHERS\COLBLDG.C,Clear_Colony_Queue_,1
100,D:\MOX\OTHERS\BOMB.C,Destroy_Colony_,100,D:\MOX\OTHERS\BOMB.C,Handle_Leader_At_Lost_Colony_,1
100,D:\MOX\OTHERS\BOMB.C,Destroy_Colony_,102,D:\MOX\OTHERS\COLCALC.C,Compute_Star_Colony_Stuff_,1
100,D:\MOX\OTHERS\BOMB.C,Destroy_Colony_,107,D:\MOX\OTHERS\INVASION.C,Assign_New_Home_Planet_,1
100,D:\MOX\OTHERS\BOMB.C,Destroy_Colony_,110,D:\MOX\OTHERS\MSG.C,Add_Msg_,1
100,D:\MOX\OTHERS\BOMB.C,Handle_Leader_At_Lost_Colony_,58,D:\MOX\OTHERS\OFFICER.C,Kill_Officer_,1
100,D:\MOX\OTHERS\BOMB.C,Handle_Leader_At_Lost_Colony_,58,D:\MOX\OTHERS\OFFICER.C,Move_Officer_To_Pool_,1
100,D:\MOX\OTHERS\BOMB.C,Resolve_Bomb_Hit_,7,L:\MOX\ERICNET.C,Remove_Building_,2
101,D:\MOX\OTHERS\CHAT.C,Send_Chat_Msg_,112,D:\MOX\OTHERS\NETMOX.C,Mox_Send_Message_,1
101,D:\MOX\OTHERS\CHAT.C,Send_Chat_Msg_,117,D:\MOX\OTHERS\RUSS.C,Mox_Update_,1
101,D:\MOX\OTHERS\CHAT.C,Send_GNN_Chat_Msg_,112,D:\MOX\OTHERS\NETMOX.C,Mox_Send_Message_,1
101,D:\MOX\OTHERS\CHAT.C,Send_GNN_Chat_Msg_,117,D:\MOX\OTHERS\RUSS.C,Mox_Update_,1
102,D:\MOX\OTHERS\COLCALC.C,Apply_All_Colony_Changes_,102,D:\MOX\OTHERS\COLCALC.C,Apply_Colony_Changes_,1
102,D:\MOX\OTHERS\COLCALC.C,Apply_All_Player_Changes_,102,D:\MOX\OTHERS\COLCALC.C,Check_For_Research_Breakthrough_,1
102,D:\MOX\OTHERS\COLCALC.C,Apply_All_Player_Changes_,102,D:\MOX\OTHERS\COLCALC.C,Compute_Player_Total_Known_Tech_Cost_,1
102,D:\MOX\OTHERS\COLCALC.C,Apply_All_Player_Changes_,102,D:\MOX\OTHERS\COLCALC.C,Update_Player_Stats_,1
102,D:\MOX\OTHERS\COLCALC.C,Apply_All_Player_Changes_,109,D:\MOX\OTHERS\MAINTAIN.C,Player_Maintenance_,1
102,D:\MOX\OTHERS\COLCALC.C,Apply_All_Player_Changes_,110,D:\MOX\OTHERS\MSG.C,Add_Msg_,1
102,D:\MOX\OTHERS\COLCALC.C,Apply_All_Player_Changes_,119,D:\MOX\OTHERS\SHIPMOVE.C,Unmark_Just_Built_AI_Ships_,1
102,D:\MOX\OTHERS\COLCALC.C,Apply_Assimilation_,15,D:\MOX\EVENTS.C,Event_Check_Space_Anomaly_,1
102,D:\MOX\OTHERS\COLCALC.C,Apply_Assimilation_,110,D:\MOX\OTHERS\MSG.C,Add_Msg_,1
102,D:\MOX\OTHERS\COLCALC.C,Apply_Colony_Changes_,15,D:\MOX\EVENTS.C,Event_Check_Space_Anomaly_,1
102,D:\MOX\OTHERS\COLCALC.C,Apply_Colony_Changes_,102,D:\MOX\OTHERS\COLCALC.C,Apply_Assimilation_,1
102,D:\MOX\OTHERS\COLCALC.C,Apply_Colony_Changes_,102,D:\MOX\OTHERS\COLCALC.C,Apply_Colony_Pop_Growth_,1
102,D:\MOX\OTHERS\COLCALC.C,Apply_Colony_Changes_,102,D:\MOX\OTHERS\COLCALC.C,Apply_Production_,1
102,D:\MOX\OTHERS\COLCALC.C,Apply_Colony_Changes_,102,D:\MOX\OTHERS\COLCALC.C,Ghost_Colony_Stuff_,1
102,D:\MOX\OTHERS\COLCALC.C,Apply_Colony_Changes_,102,D:\MOX\OTHERS\COLCALC.C,Produce_Ground_Military_,1
102,D:\MOX\OTHERS\COLCALC.C,Apply_Colony_Pop_Growth_,15,D:\MOX\EVENTS.C,Event_Check_Colony_Researching_,1
102,D:\MOX\OTHERS\COLCALC.C,Apply_Colony_Pop_Growth_,15,D:\MOX\EVENTS.C,Event_Check_Space_Anomaly_,1
102,D:\MOX\OTHERS\COLCALC.C,Apply_Colony_Pop_Growth_,102,D:\MOX\OTHERS\COLCALC.C,Colony_Race_Pop_Limit_,1
102,D:\MOX\OTHERS\COLCALC.C,Apply_Colony_Pop_Growth_,110,D:\MOX\OTHERS\MSG.C,Add_Msg_,2
102,D:\MOX\OTHERS\COLCALC.C,Apply_Colony_Pop_Growth_,117,D:\MOX\OTHERS\RUSS.C,Get_Weighted_Choice_Int_,1
102,D:\MOX\OTHERS\COLCALC.C,Apply_Colony_Pop_Growth_,117,D:\MOX\OTHERS\RUSS.C,Shuffle_Sint_,1
102,D:\MOX\OTHERS\COLCALC.C,Apply_Production_,7,L:\MOX\ERICNET.C,Add_Building_,1
102,D:\MOX\OTHERS\COLCALC.C,Apply_Production_,15,D:\MOX\EVENTS.C,Event_Check_Space_Anomaly_,1
102,D:\MOX\OTHERS\COLCALC.C,Apply_Production_,41,D:\MOX\OTHERS\DESIGN.C,Cost_Of_Design_,1
102,D:\MOX\OTHERS\COLCALC.C,Apply_Production_,68,D:\MOX\OTHERS\COLBLDG.C,Create_Ship_,1
102,D:\MOX\OTHERS\COLCALC.C,Apply_Production_,68,D:\MOX\OTHERS\COLBLDG.C,Delete_Prod_From_Colony_Queue_,2
102,D:\MOX\OTHERS\COLCALC.C,Apply_Production_,74,D:\MOX\OTHERS\COLONY.C,Fix_Colony_Queue_,2
102,D:\MOX\OTHERS\COLCALC.C,Apply_Production_,91,D:\MOX\OTHERS\AIBUILD.C,Player_Colony_Autobuild_,2
102,D:\MOX\OTHERS\COLCALC.C,Apply_Production_,102,D:\MOX\OTHERS\COLCALC.C,Colony_Can_Build_Product_,2
102,D:\MOX\OTHERS\COLCALC.C,Apply_Production_,102,D:\MOX\OTHERS\COLCALC.C,Colony_N_Pops_Of_Empire_,1
102,D:\MOX\OTHERS\COLCALC.C,Apply_Production_,102,D:\MOX\OTHERS\COLCALC.C,Colony_Product_Cost_,1
102,D:\MOX\OTHERS\COLCALC.C,Apply_Production_,102,D:\MOX\OTHERS\COLCALC.C,Colony_Production_Calculation_,1
102,D:\MOX\OTHERS\COLCALC.C,Apply_Production_,102,D:\MOX\OTHERS\COLCALC.C,Colony_Race_Pop_Limit_,1
102,D:\MOX\OTHERS\COLCALC.C,Apply_Production_,102,D:\MOX\OTHERS\COLCALC.C,Delete_Obsolete_Artifical_Planets_Under_Construction_,1
102,D:\MOX\OTHERS\COLCALC.C,Apply_Production_,102,D:\MOX\OTHERS\COLCALC.C,Planet_Max_Population_For_Player_,1
102,D:\MOX\OTHERS\COLCALC.C,Apply_Production_,102,D:\MOX\OTHERS\COLCALC.C,Room_For_Another_Dude_,1
102,D:\MOX\OTHERS\COLCALC.C,Apply_Production_,102,D:\MOX\OTHERS\COLCALC.C,Update_Player_Stats_,1
102,D:\MOX\OTHERS\COLCALC.C,Apply_Production_,110,D:\MOX\OTHERS\MSG.C,Add_Msg_,3
102,D:\MOX\OTHERS\COLCALC.C,Apply_Production_,122,D:\MOX\BILL.C,Add_Their_Spy_,1
102,D:\MOX\OTHERS\COLCALC.C,Best_Leader_Diplomat_Bonus_,58,D:\MOX\OTHERS\OFFICER.C,Owned_Officer_Level_,2
102,D:\MOX\OTHERS\COLCALC.C,Chance_For_Research_Breakthrough_,102,D:\MOX\OTHERS\COLCALC.C,Chance_For_Research_Breakthrough_Aux_,1
102,D:\MOX\OTHERS\COLCALC.C,Chance_For_Research_Breakthrough_,102,D:\MOX\OTHERS\COLCALC.C,Player_Research_Cost_,1
102,D:\MOX\OTHERS\COLCALC.C,Check_For_Eliminated_Players_,15,D:\MOX\EVENTS.C,Event_Race_Eliminated_,1
102,D:\MOX\OTHERS\COLCALC.C,Check_For_Eliminated_Players_,102,D:\MOX\OTHERS\COLCALC.C,Eliminate_Player_,1
102,D:\MOX\OTHERS\COLCALC.C,Check_For_Research_Breakthrough_,102,D:\MOX\OTHERS\COLCALC.C,Chance_For_Research_Breakthrough_,1
102,D:\MOX\OTHERS\COLCALC.C,Check_For_Research_Breakthrough_,102,D:\MOX\OTHERS\COLCALC.C,Give_Player_Field_,1
102,D:\MOX\OTHERS\COLCALC.C,Colony_BC_Maintenance_,15,D:\MOX\EVENTS.C,Event_Check_Space_Anomaly_,1
102,D:\MOX\OTHERS\COLCALC.C,Colony_BC_Production_,15,D:\MOX\EVENTS.C,Event_Check_Space_Anomaly_,1
102,D:\MOX\OTHERS\COLCALC.C,Colony_BC_Production_,58,D:\MOX\OTHERS\OFFICER.C,Owned_Officer_Level_,2
102,D:\MOX\OTHERS\COLCALC.C,Colony_BC_Production_,102,D:\MOX\OTHERS\COLCALC.C,Colony_Officer_,1
102,D:\MOX\OTHERS\COLCALC.C,Colony_Buy_Outright_,102,D:\MOX\OTHERS\COLCALC.C,Colony_Cost_To_Buy_Product_,1
102,D:\MOX\OTHERS\COLCALC.C,Colony_Buy_Outright_,102,D:\MOX\OTHERS\COLCALC.C,Colony_Product_Cost_,1
102,D:\MOX\OTHERS\COLCALC.C,Colony_Calculation_,102,D:\MOX\OTHERS\COLCALC.C,Pass_Out_Imports_,1
102,D:\MOX\OTHERS\COLCALC.C,Colony_Calculation_,102,D:\MOX\OTHERS\COLCALC.C,Pre_Import_Computing_,1
102,D:\MOX\OTHERS\COLCALC.C,Colony_Calculation_,102,D:\MOX\OTHERS\COLCALC.C,Update_Player_Stats_,1
102,D:\MOX\OTHERS\COLCALC.C,Colony_Can_Afford_To_Buy_Product_,102,D:\MOX\OTHERS\COLCALC.C,Colony_Cost_To_Buy_Given_Product_,1
102,D:\MOX\OTHERS\COLCALC.C,Colony_Can_Build_Product_,68,D:\MOX\OTHERS\COLBLDG.C,N_Prods_In_Colony_Queue_,1
102,D:\MOX\OTHERS\COLCALC.C,Colony_Can_Build_Product_,102,D:\MOX\OTHERS\COLCALC.C,Room_For_Another_Dude_,2
102,D:\MOX\OTHERS\COLCALC.C,Colony_Can_Build_Product_,102,D:\MOX\OTHERS\COLCALC.C,Star_Has_Asteroid_Or_Gas_Giant_,1
102,D:\MOX\OTHERS\COLCALC.C,Colony_Cost_To_Buy_Given_Product_,102,D:\MOX\OTHERS\COLCALC.C,Colony_Product_Cost_,1
102,D:\MOX\OTHERS\COLCALC.C,Colony_Cost_To_Buy_Product_,102,D:\MOX\OTHERS\COLCALC.C,Colony_Cost_To_Buy_Given_Product_,1
102,D:\MOX\OTHERS\COLCALC.C,Colony_Current_Product_Cost_,102,D:\MOX\OTHERS\COLCALC.C,Colony_Product_Cost_,1
102,D:\MOX\OTHERS\COLCALC.C,Colony_Empire_Base_Food2_Produced_,102,D:\MOX\OTHERS\COLCALC.C,Colony_Food2_Per_Farmer_,1
102,D:\MOX\OTHERS\COLCALC.C,Colony_Empire_Base_Industry_Produced_,102,D:\MOX\OTHERS\COLCALC.C,Colony_Industry_Per_Worker_,1
102,D:\MOX\OTHERS\COLCALC.C,Colony_Empire_Base_Research_Produced_,102,D:\MOX\OTHERS\COLCALC.C,Colony_Research_Per_Scientist_,1
102,D:\MOX\OTHERS\COLCALC.C,Colony_Environmental_Stuff_,102,D:\MOX\OTHERS\COLCALC.C,Colony_Food2_Per_Farmer_,1
102,D:\MOX\OTHERS\COLCALC.C,Colony_Food_Maintenance_,15,D:\MOX\EVENTS.C,Event_Check_Space_Anomaly_,1
102,D:\MOX\OTHERS\COLCALC.C,Colony_Food_Production_,15,D:\MOX\EVENTS.C,Event_Check_Space_Anomaly_,1
102,D:\MOX\OTHERS\COLCALC.C,Colony_Food_Production_,102,D:\MOX\OTHERS\COLCALC.C,Colony_Job_Production_,1
102,D:\MOX\OTHERS\COLCALC.C,Colony_Food_Production_,102,D:\MOX\OTHERS\COLCALC.C,Format_Quotient_,9
102,D:\MOX\OTHERS\COLCALC.C,Colony_Industry_Maintenance_,15,D:\MOX\EVENTS.C,Event_Check_Space_Anomaly_,1
102,D:\MOX\OTHERS\COLCALC.C,Colony_Industry_Production_,15,D:\MOX\EVENTS.C,Event_Check_Space_Anomaly_,1
102,D:\MOX\OTHERS\COLCALC.C,Colony_Industry_Production_,58,D:\MOX\OTHERS\OFFICER.C,Owned_Officer_Level_,2
102,D:\MOX\OTHERS\COLCALC.C,Colony_Industry_Production_,102,D:\MOX\OTHERS\COLCALC.C,Colony_Job_Production_,1
102,D:\MOX\OTHERS\COLCALC.C,Colony_Industry_Production_,102,D:\MOX\OTHERS\COLCALC.C,Colony_Officer_,1
102,D:\MOX\OTHERS\COLCALC.C,Colony_Industry_Production_,102,D:\MOX\OTHERS\COLCALC.C,Format_Quotient_,9
102,D:\MOX\OTHERS\COLCALC.C,Colony_Job_Production_,58,D:\MOX\OTHERS\OFFICER.C,Owned_Officer_Level_,3
102,D:\MOX\OTHERS\COLCALC.C,Colony_Job_Production_,102,D:\MOX\OTHERS\COLCALC.C,Colony_Officer_,1
102,D:\MOX\OTHERS\COLCALC.C,Colony_Job_Production_,102,D:\MOX\OTHERS\COLCALC.C,Colony_Pop_Base_Prod_Produced_,1
102,D:\MOX\OTHERS\COLCALC.C,Colony_Job_Production_,102,D:\MOX\OTHERS\COLCALC.C,Gravity_Player_Production_Factor_,1
102,D:\MOX\OTHERS\COLCALC.C,Colony_Morale_,58,D:\MOX\OTHERS\OFFICER.C,Owned_Officer_Level_,2
102,D:\MOX\OTHERS\COLCALC.C,Colony_Morale_,102,D:\MOX\OTHERS\COLCALC.C,Colony_Officer_,1
102,D:\MOX\OTHERS\COLCALC.C,Colony_Morale_,102,D:\MOX\OTHERS\COLCALC.C,Mixed_Race_Morale_Penalty_,1
102,D:\MOX\OTHERS\COLCALC.C,Colony_N_Turns_To_Produce_,102,D:\MOX\OTHERS\COLCALC.C,Colony_Product_Cost_,1
102,D:\MOX\OTHERS\COLCALC.C,Colony_Pop_Grows_,15,D:\MOX\EVENTS.C,Event_Check_Plague_,1
102,D:\MOX\OTHERS\COLCALC.C,Colony_Pop_Grows_,15,D:\MOX\EVENTS.C,Event_Check_Population_Boom_,1
102,D:\MOX\OTHERS\COLCALC.C,Colony_Pop_Grows_,15,D:\MOX\EVENTS.C,Event_Check_Space_Anomaly_,1
102,D:\MOX\OTHERS\COLCALC.C,Colony_Pop_Grows_,58,D:\MOX\OTHERS\OFFICER.C,Owned_Officer_Level_,2
102,D:\MOX\OTHERS\COLCALC.C,Colony_Pop_Grows_,102,D:\MOX\OTHERS\COLCALC.C,Colony_Officer_,1
102,D:\MOX\OTHERS\COLCALC.C,Colony_Pop_Grows_,102,D:\MOX\OTHERS\COLCALC.C,Colony_Race_Pop_Limit_,1
102,D:\MOX\OTHERS\COLCALC.C,Colony_Pop_Prod_Produced_,102,D:\MOX\OTHERS\COLCALC.C,Gravity_Player_Production_Factor_,1
102,D:\MOX\OTHERS\COLCALC.C,Colony_Product_Cost_,41,D:\MOX\OTHERS\DESIGN.C,Cost_Reduction_For_Govt_Type_,3
102,D:\MOX\OTHERS\COLCALC.C,Colony_Production_Calculation_,102,D:\MOX\OTHERS\COLCALC.C,Pass_Out_Imports_,1
102,D:\MOX\OTHERS\COLCALC.C,Colony_Production_Calculation_,102,D:\MOX\OTHERS\COLCALC.C,Pre_Import_Computing_,1
102,D:\MOX\OTHERS\COLCALC.C,Colony_Race_Pop_Limit_,102,D:\MOX\OTHERS\COLCALC.C,Size_And_Climate_Race_Pop_Limit_,1
102,D:\MOX\OTHERS\COLCALC.C,Colony_Research_Production_,15,D:\MOX\EVENTS.C,Event_Check_Space_Anomaly_,1
102,D:\MOX\OTHERS\COLCALC.C,Colony_Research_Production_,102,D:\MOX\OTHERS\COLCALC.C,Colony_Job_Production_,1
102,D:\MOX\OTHERS\COLCALC.C,Colony_Research_Production_,102,D:\MOX\OTHERS\COLCALC.C,Format_Quotient_,8
102,D:\MOX\OTHERS\COLCALC.C,Compute_All_Star_Colony_Stuff_,102,D:\MOX\OTHERS\COLCALC.C,Compute_Star_Colony_Stuff_,1
102,D:\MOX\OTHERS\COLCALC.C,Compute_Blockades_,27,D:\MOX\DIPLOMAC.C,Change_Relations_,1
102,D:\MOX\OTHERS\COLCALC.C,Compute_Player_Maintenance_,58,D:\MOX\OTHERS\OFFICER.C,Officer_Maintenance_,1
102,D:\MOX\OTHERS\COLCALC.C,Compute_Player_Maintenance_,58,D:\MOX\OTHERS\OFFICER.C,Owned_Officer_Level_,2
102,D:\MOX\OTHERS\COLCALC.C,Compute_Player_Maintenance_,102,D:\MOX\OTHERS\COLCALC.C,Leader_At_Anomaly_,1
102,D:\MOX\OTHERS\COLCALC.C,Compute_Player_Maintenance_,102,D:\MOX\OTHERS\COLCALC.C,Tribute_Received_From_,1
102,D:\MOX\OTHERS\COLCALC.C,Compute_Player_Maintenance_,122,D:\MOX\BILL.C,Get_Their_Spy_Number_,1
102,D:\MOX\OTHERS\COLCALC.C,Delete_Obsolete_Artifical_Planets_Under_Construction_,68,D:\MOX\OTHERS\COLBLDG.C,Delete_Prod_From_Colony_Queue_,1
102,D:\MOX\OTHERS\COLCALC.C,Delete_Obsolete_Artifical_Planets_Under_Construction_,102,D:\MOX\OTHERS\COLCALC.C,Star_Has_Asteroid_Or_Gas_Giant_,1
102,D:\MOX\OTHERS\COLCALC.C,Do_Colony_Calculations_,102,D:\MOX\OTHERS\COLCALC.C,Colony_Pop_Grows_,1
102,D:\MOX\OTHERS\COLCALC.C,Do_Colony_Calculations_,102,D:\MOX\OTHERS\COLCALC.C,Colony_Specialty_,1
102,D:\MOX\OTHERS\COLCALC.C,Do_Colony_Calculations_,102,D:\MOX\OTHERS\COLCALC.C,Pass_Out_Imports_,1
102,D:\MOX\OTHERS\COLCALC.C,Do_Colony_Calculations_,102,D:\MOX\OTHERS\COLCALC.C,Pre_Import_Computing_,1
102,D:\MOX\OTHERS\COLCALC.C,Do_Colony_Calculations_,102,D:\MOX\OTHERS\COLCALC.C,Update_Player_Stats_,1
102,D:\MOX\OTHERS\COLCALC.C,Do_Colony_Calculations_,117,D:\MOX\OTHERS\RUSS.C,Assert_Settings_,1
102,D:\MOX\OTHERS\COLCALC.C,Do_Colony_Owner_Change_Star_Colony_Stuff_,102,D:\MOX\OTHERS\COLCALC.C,Compute_Star_Colony_Stuff_,1
102,D:\MOX\OTHERS\COLCALC.C,Do_Colony_Owner_Change_Star_Colony_Stuff_,119,D:\MOX\OTHERS\SHIPMOVE.C,Update_Ship_ETAs_,1
102,D:\MOX\OTHERS\COLCALC.C,Do_Player_Colony_Calculations_,102,D:\MOX\OTHERS\COLCALC.C,Do_Player_Colony_Post_Production_,1
102,D:\MOX\OTHERS\COLCALC.C,Do_Player_Colony_Calculations_,102,D:\MOX\OTHERS\COLCALC.C,Pre_Import_Computing_,1
102,D:\MOX\OTHERS\COLCALC.C,Do_Player_Colony_Calculations_,117,D:\MOX\OTHERS\RUSS.C,Mox_Update_,3
102,D:\MOX\OTHERS\COLCALC.C,Do_Player_Colony_Post_Production_,102,D:\MOX\OTHERS\COLCALC.C,Colony_Pop_Grows_,1
102,D:\MOX\OTHERS\COLCALC.C,Do_Player_Colony_Post_Production_,102,D:\MOX\OTHERS\COLCALC.C,Colony_Specialty_,1
102,D:\MOX\OTHERS\COLCALC.C,Do_Player_Colony_Post_Production_,102,D:\MOX\OTHERS\COLCALC.C,Pass_Out_Imports_,1
102,D:\MOX\OTHERS\COLCALC.C,Do_Player_Colony_Post_Production_,117,D:\MOX\OTHERS\RUSS.C,Mox_Update_,1
102,D:\MOX\OTHERS\COLCALC.C,Do_Surrender_Colony_,68,D:\MOX\OTHERS\COLBLDG.C,Clear_Colony_Queue_,1
102,D:\MOX\OTHERS\COLCALC.C,Do_Surrender_Colony_,102,D:\MOX\OTHERS\COLCALC.C,Colony_Environmental_Stuff_,1
102,D:\MOX\OTHERS\COLCALC.C,Do_Surrender_Colony_,102,D:\MOX\OTHERS\COLCALC.C,Colony_Production_Calculation_,1
102,D:\MOX\OTHERS\COLCALC.C,Do_Surrender_Colony_,102,D:\MOX\OTHERS\COLCALC.C,Compute_Star_Colony_Stuff_,1
102,D:\MOX\OTHERS\COLCALC.C,Do_Surrender_Colony_,102,D:\MOX\OTHERS\COLCALC.C,Update_Player_Stats_,1
102,D:\MOX\OTHERS\COLCALC.C,Do_Surrender_Colony_,107,D:\MOX\OTHERS\INVASION.C,Enforce_Population_Limits_At_Colony_,1
102,D:\MOX\OTHERS\COLCALC.C,Do_Surrender_Colony_,119,D:\MOX\OTHERS\SHIPMOVE.C,Update_Ship_ETAs_,1
102,D:\MOX\OTHERS\COLCALC.C,Do_Surrender_Empire_,52,D:\MOX\OTHERS\MAINSCR.C,Update_Ship_Icons_In_Between_Turns_,1
102,D:\MOX\OTHERS\COLCALC.C,Do_Surrender_Empire_,58,D:\MOX\OTHERS\OFFICER.C,Deassign_Officer_,1
102,D:\MOX\OTHERS\COLCALC.C,Do_Surrender_Empire_,102,D:\MOX\OTHERS\COLCALC.C,Compute_Star_Colony_Stuff_,1
102,D:\MOX\OTHERS\COLCALC.C,Do_Surrender_Empire_,102,D:\MOX\OTHERS\COLCALC.C,Do_Surrender_Colony_,1
102,D:\MOX\OTHERS\COLCALC.C,Do_Surrender_Empire_,102,D:\MOX\OTHERS\COLCALC.C,Eliminate_Player_,1
102,D:\MOX\OTHERS\COLCALC.C,Do_Surrender_Empire_,102,D:\MOX\OTHERS\COLCALC.C,Player_Gets_Tech_App_,1
102,D:\MOX\OTHERS\COLCALC.C,Do_Surrender_Empire_,102,D:\MOX\OTHERS\COLCALC.C,Player_May_Get_Tech_App_,1
102,D:\MOX\OTHERS\COLCALC.C,Do_Surrender_Empire_,122,D:\MOX\BILL.C,Get_Their_Spy_Number_,2
102,D:\MOX\OTHERS\COLCALC.C,Do_Surrender_Empire_,122,D:\MOX\BILL.C,Set_Their_Spy_Number_,1
102,D:\MOX\OTHERS\COLCALC.C,Do_Surrender_Star_,58,D:\MOX\OTHERS\OFFICER.C,Move_Officer_To_Pool_,1
102,D:\MOX\OTHERS\COLCALC.C,Do_Surrender_Star_,102,D:\MOX\OTHERS\COLCALC.C,Compute_Star_Colony_Stuff_,1
102,D:\MOX\OTHERS\COLCALC.C,Do_Surrender_Star_,102,D:\MOX\OTHERS\COLCALC.C,Do_Surrender_Colony_,1
102,D:\MOX\OTHERS\COLCALC.C,Do_Surrenders_,102,D:\MOX\OTHERS\COLCALC.C,Do_Surrender_Empire_,1
102,D:\MOX\OTHERS\COLCALC.C,Do_Surrenders_,102,D:\MOX\OTHERS\COLCALC.C,Do_Surrender_Star_,1
102,D:\MOX\OTHERS\COLCALC.C,Eliminate_Player_,52,D:\MOX\OTHERS\MAINSCR.C,Update_Ship_Icons_In_Between_Turns_,1
102,D:\MOX\OTHERS\COLCALC.C,Eliminate_Player_,62,D:\MOX\OTHERS\SHIPS.C,Kill_Ship_,1
102,D:\MOX\OTHERS\COLCALC.C,Eliminate_Player_,100,D:\MOX\OTHERS\BOMB.C,Destroy_Colony_,1
102,D:\MOX\OTHERS\COLCALC.C,Eliminate_Player_,120,D:\MOX\OTHERS\SPY.C,Bring_Home_Spies_Vs_,1
102,D:\MOX\OTHERS\COLCALC.C,Eliminate_Player_,122,D:\MOX\BILL.C,Set_Their_Spy_Number_,1
102,D:\MOX\OTHERS\COLCALC.C,Get_Player_Max_Population_,102,D:\MOX\OTHERS\COLCALC.C,Colony_Race_Pop_Limit_,1
102,D:\MOX\OTHERS\COLCALC.C,Get_Possible_Surrender_Systems_,119,D:\MOX\OTHERS\SHIPMOVE.C,Star_In_Range_Of_Player_,1
102,D:\MOX\OTHERS\COLCALC.C,Get_Surrender_System_,102,D:\MOX\OTHERS\COLCALC.C,Get_Possible_Surrender_Systems_,1
102,D:\MOX\OTHERS\COLCALC.C,Ghost_Colony_Stuff_,7,L:\MOX\ERICNET.C,Remove_Building_,1
102,D:\MOX\OTHERS\COLCALC.C,Ghost_Colony_Stuff_,100,D:\MOX\OTHERS\BOMB.C,Destroy_Colony_,1
102,D:\MOX\OTHERS\COLCALC.C,Give_Player_Field_,28,D:\MOX\OTHERS\INITSHIP.C,Init_Ship_Designs_,1
102,D:\MOX\OTHERS\COLCALC.C,Give_Player_Field_,102,D:\MOX\OTHERS\COLCALC.C,Advance_Player_Field_,1
102,D:\MOX\OTHERS\COLCALC.C,Give_Player_Field_,102,D:\MOX\OTHERS\COLCALC.C,Player_Gets_Tech_App_,2
102,D:\MOX\OTHERS\COLCALC.C,Housing_Is_Useless_,102,D:\MOX\OTHERS\COLCALC.C,Planet_Max_Population_For_Player_,1
102,D:\MOX\OTHERS\COLCALC.C,Leader_At_Anomaly_,15,D:\MOX\EVENTS.C,Event_Check_Space_Anomaly_At_Star_,1
102,D:\MOX\OTHERS\COLCALC.C,May_Surrender_Star_,119,D:\MOX\OTHERS\SHIPMOVE.C,Star_In_Normal_Range_Of_Player_,1
102,D:\MOX\OTHERS\COLCALC.C,Pass_Out_Imports_,15,D:\MOX\EVENTS.C,Event_Check_Space_Anomaly_,1
102,D:\MOX\OTHERS\COLCALC.C,Pass_Out_Imports_,102,D:\MOX\OTHERS\COLCALC.C,Colony_Pop_Grows_,2
102,D:\MOX\OTHERS\COLCALC.C,Pass_Out_Imports_,102,D:\MOX\OTHERS\COLCALC.C,Colony_Specialty_,2
102,D:\MOX\OTHERS\COLCALC.C,Planet_Max_Population_For_Player_,102,D:\MOX\OTHERS\COLCALC.C,Colony_Race_Pop_Limit_,2
102,D:\MOX\OTHERS\COLCALC.C,Planet_Max_Population_For_Player_,102,D:\MOX\OTHERS\COLCALC.C,Size_And_Climate_Race_Pop_Limit_,1
102,D:\MOX\OTHERS\COLCALC.C,Player_Gets_Tech_App_,28,D:\MOX\OTHERS\INITSHIP.C,Update_Player_Ship_Designs_,1
102,D:\MOX\OTHERS\COLCALC.C,Player_Gets_Tech_App_,102,D:\MOX\OTHERS\COLCALC.C,Advance_Player_Field_,2
102,D:\MOX\OTHERS\COLCALC.C,Player_Gets_Tech_App_,102,D:\MOX\OTHERS\COLCALC.C,Compute_Star_Colony_Stuff_,1
102,D:\MOX\OTHERS\COLCALC.C,Player_Gets_Tech_App_,102,D:\MOX\OTHERS\COLCALC.C,Do_Player_Colony_Calculations_,1
102,D:\MOX\OTHERS\COLCALC.C,Player_Gets_Tech_App_,102,D:\MOX\OTHERS\COLCALC.C,Ensure_Uncreative_Field_OK_,1
102,D:\MOX\OTHERS\COLCALC.C,Player_Gets_Tech_App_,102,D:\MOX\OTHERS\COLCALC.C,Field_Is_Gray_Box_,1
102,D:\MOX\OTHERS\COLCALC.C,Player_Gets_Tech_App_,102,D:\MOX\OTHERS\COLCALC.C,Player_Gets_Tech_App_,1
102,D:\MOX\OTHERS\COLCALC.C,Player_Gets_Tech_App_,102,D:\MOX\OTHERS\COLCALC.C,Player_May_Get_Tech_App_,1
102,D:\MOX\OTHERS\COLCALC.C,Player_Gets_Tech_App_,119,D:\MOX\OTHERS\SHIPMOVE.C,Update_All_Ship_Ranges_,1
102,D:\MOX\OTHERS\COLCALC.C,Player_N_Turns_Until_Research_Complete_,102,D:\MOX\OTHERS\COLCALC.C,Chance_For_Research_Breakthrough_Aux_,1
102,D:\MOX\OTHERS\COLCALC.C,Player_N_Turns_Until_Research_Complete_,102,D:\MOX\OTHERS\COLCALC.C,Player_Research_Cost_,1
102,D:\MOX\OTHERS\COLCALC.C,Post_Import_Computing_,102,D:\MOX\OTHERS\COLCALC.C,Colony_Pop_Grows_,1
102,D:\MOX\OTHERS\COLCALC.C,Post_Import_Computing_,102,D:\MOX\OTHERS\COLCALC.C,Colony_Specialty_,1
102,D:\MOX\OTHERS\COLCALC.C,Pre_Import_Computing_,102,D:\MOX\OTHERS\COLCALC.C,Colony_BC_Maintenance_,1
102,D:\MOX\OTHERS\COLCALC.C,Pre_Import_Computing_,102,D:\MOX\OTHERS\COLCALC.C,Colony_BC_Production_,1
102,D:\MOX\OTHERS\COLCALC.C,Pre_Import_Computing_,102,D:\MOX\OTHERS\COLCALC.C,Colony_Environmental_Stuff_,1
102,D:\MOX\OTHERS\COLCALC.C,Pre_Import_Computing_,102,D:\MOX\OTHERS\COLCALC.C,Colony_Food2_Per_Farmer_,1
102,D:\MOX\OTHERS\COLCALC.C,Pre_Import_Computing_,102,D:\MOX\OTHERS\COLCALC.C,Colony_Food_Maintenance_,1
102,D:\MOX\OTHERS\COLCALC.C,Pre_Import_Computing_,102,D:\MOX\OTHERS\COLCALC.C,Colony_Food_Production_,1
102,D:\MOX\OTHERS\COLCALC.C,Pre_Import_Computing_,102,D:\MOX\OTHERS\COLCALC.C,Colony_Industry_Maintenance_,1
102,D:\MOX\OTHERS\COLCALC.C,Pre_Import_Computing_,102,D:\MOX\OTHERS\COLCALC.C,Colony_Industry_Per_Worker_,1
102,D:\MOX\OTHERS\COLCALC.C,Pre_Import_Computing_,102,D:\MOX\OTHERS\COLCALC.C,Colony_Industry_Production_,1
102,D:\MOX\OTHERS\COLCALC.C,Pre_Import_Computing_,102,D:\MOX\OTHERS\COLCALC.C,Colony_Industry_To_Tax_,1
102,D:\MOX\OTHERS\COLCALC.C,Pre_Import_Computing_,102,D:\MOX\OTHERS\COLCALC.C,Colony_Morale_,1
102,D:\MOX\OTHERS\COLCALC.C,Pre_Import_Computing_,102,D:\MOX\OTHERS\COLCALC.C,Colony_Replicators_,1
102,D:\MOX\OTHERS\COLCALC.C,Pre_Import_Computing_,102,D:\MOX\OTHERS\COLCALC.C,Colony_Research_Per_Scientist_,1
102,D:\MOX\OTHERS\COLCALC.C,Pre_Import_Computing_,102,D:\MOX\OTHERS\COLCALC.C,Colony_Research_Production_,1
102,D:\MOX\OTHERS\COLCALC.C,Produce_Ground_Military_,107,D:\MOX\OTHERS\INVASION.C,Colony_Infantry_Barracks_Limit_,1
102,D:\MOX\OTHERS\COLCALC.C,Produce_Ground_Military_,107,D:\MOX\OTHERS\INVASION.C,Colony_Infantry_Limit_,1
102,D:\MOX\OTHERS\COLCALC.C,Produce_Ground_Military_,107,D:\MOX\OTHERS\INVASION.C,Colony_Tank_Barracks_Limit_,1
102,D:\MOX\OTHERS\COLCALC.C,Produce_Ground_Military_,107,D:\MOX\OTHERS\INVASION.C,Colony_Tank_Limit_,1
102,D:\MOX\OTHERS\COLCALC.C,Room_For_Another_Dude_,102,D:\MOX\OTHERS\COLCALC.C,Colony_Race_Pop_Limit_,2
102,D:\MOX\OTHERS\COLCALC.C,Ship_Type_Cost_For_Player_,41,D:\MOX\OTHERS\DESIGN.C,Cost_Reduction_For_Govt_Type_,1
102,D:\MOX\OTHERS\COLCALC.C,Show_BC_Production_,102,D:\MOX\OTHERS\COLCALC.C,Colony_BC_Production_,1
102,D:\MOX\OTHERS\COLCALC.C,Show_Command_Points_,102,D:\MOX\OTHERS\COLCALC.C,Compute_Player_Maintenance_,1
102,D:\MOX\OTHERS\COLCALC.C,Show_Food_Production_,102,D:\MOX\OTHERS\COLCALC.C,Colony_Food_Production_,1
102,D:\MOX\OTHERS\COLCALC.C,Show_Industry_Production_,102,D:\MOX\OTHERS\COLCALC.C,Colony_Industry_Production_,1
102,D:\MOX\OTHERS\COLCALC.C,Show_Morale_,64,D:\MOX\OTHERS\TEXTBOX.C,Text_Box_,1
102,D:\MOX\OTHERS\COLCALC.C,Show_Morale_,102,D:\MOX\OTHERS\COLCALC.C,Colony_Morale_,1
102,D:\MOX\OTHERS\COLCALC.C,Show_Research_Production_,102,D:\MOX\OTHERS\COLCALC.C,Colony_Research_Production_,1
102,D:\MOX\OTHERS\COLCALC.C,Size_And_Climate_Race_Pop_Limit_,102,D:\MOX\OTHERS\COLCALC.C,Size_And_Climate_Max_Population_,1
102,D:\MOX\OTHERS\COLCALC.C,Star_Colony_Calculation_,102,D:\MOX\OTHERS\COLCALC.C,Pass_Out_Imports_,1
102,D:\MOX\OTHERS\COLCALC.C,Star_Colony_Calculation_,102,D:\MOX\OTHERS\COLCALC.C,Pre_Import_Computing_,1
102,D:\MOX\OTHERS\COLCALC.C,Star_Colony_Calculation_,102,D:\MOX\OTHERS\COLCALC.C,Update_Player_Stats_,1
102,D:\MOX\OTHERS\COLCALC.C,Twiddle_Initial_Homeworld_,58,D:\MOX\OTHERS\OFFICER.C,Deassign_Officer_,1
102,D:\MOX\OTHERS\COLCALC.C,Twiddle_Initial_Homeworld_,102,D:\MOX\OTHERS\COLCALC.C,Pass_Out_Imports_,4
102,D:\MOX\OTHERS\COLCALC.C,Twiddle_Initial_Homeworld_,102,D:\MOX\OTHERS\COLCALC.C,Pre_Import_Computing_,5
102,D:\MOX\OTHERS\COLCALC.C,Twiddle_Initial_Homeworld_,117,D:\MOX\OTHERS\RUSS.C,Mox_Update_,1
102,D:\MOX\OTHERS\COLCALC.C,Twiddle_Initial_Homeworlds_,28,D:\MOX\OTHERS\INITSHIP.C,Update_Player_Ship_Designs_,1
102,D:\MOX\OTHERS\COLCALC.C,Twiddle_Initial_Homeworlds_,68,D:\MOX\OTHERS\COLBLDG.C,Create_Ship_,1
102,D:\MOX\OTHERS\COLCALC.C,Twiddle_Initial_Homeworlds_,102,D:\MOX\OTHERS\COLCALC.C,Do_Colony_Calculations_,2
102,D:\MOX\OTHERS\COLCALC.C,Twiddle_Initial_Homeworlds_,102,D:\MOX\OTHERS\COLCALC.C,Monster_At_Star_,1
102,D:\MOX\OTHERS\COLCALC.C,Twiddle_Initial_Homeworlds_,102,D:\MOX\OTHERS\COLCALC.C,Twiddle_Initial_Homeworld_,1
102,D:\MOX\OTHERS\COLCALC.C,Twiddle_Initial_Homeworlds_,105,D:\MOX\OTHERS\CONTACT.C,Compute_Contacts_,1
102,D:\MOX\OTHERS\COLCALC.C,Twiddle_Initial_Homeworlds_,117,D:\MOX\OTHERS\RUSS.C,Mox_Update_,3
102,D:\MOX\OTHERS\COLCALC.C,Twiddle_Initial_Homeworlds_,119,D:\MOX\OTHERS\SHIPMOVE.C,Star_In_Normal_Range_Of_Player_,1
102,D:\MOX\OTHERS\COLCALC.C,Twiddle_Initial_Homeworlds_,119,D:\MOX\OTHERS\SHIPMOVE.C,Update_All_Ship_Ranges_,1
102,D:\MOX\OTHERS\COLCALC.C,Update_Player_Stats_,15,D:\MOX\EVENTS.C,Event_Check_Colony_Researching_,1
102,D:\MOX\OTHERS\COLCALC.C,Update_Player_Stats_,58,D:\MOX\OTHERS\OFFICER.C,Owned_Officer_Level_,2
102,D:\MOX\OTHERS\COLCALC.C,Update_Player_Stats_,102,D:\MOX\OTHERS\COLCALC.C,Compute_Player_Maintenance_,1
102,D:\MOX\OTHERS\COLCALC.C,Update_Player_Stats_,102,D:\MOX\OTHERS\COLCALC.C,Leader_At_Anomaly_,1
102,D:\MOX\OTHERS\COLCALC.C,Update_Player_Stats_,102,D:\MOX\OTHERS\COLCALC.C,Tribute_Received_From_,1
103,D:\MOX\OTHERS\COLONIZE.C,AI_Colonize_,7,L:\MOX\ERICNET.C,Remove_Building_,1
103,D:\MOX\OTHERS\COLONIZE.C,AI_Colonize_,52,D:\MOX\OTHERS\MAINSCR.C,Update_Ship_Icons_In_Between_Turns_,1
103,D:\MOX\OTHERS\COLONIZE.C,AI_Colonize_,62,D:\MOX\OTHERS\SHIPS.C,Kill_Ship_,1
103,D:\MOX\OTHERS\COLONIZE.C,AI_Colonize_,92,D:\MOX\OTHERS\AIDATA.C,Uncolonized_Planet_Worth_To_Player_,1
103,D:\MOX\OTHERS\COLONIZE.C,AI_Colonize_,103,D:\MOX\OTHERS\COLONIZE.C,Make_New_Colony_Or_Outpost_,1
103,D:\MOX\OTHERS\COLONIZE.C,AI_Colonize_,116,D:\MOX\OTHERS\REPORT.C,Player_Colony_Base_At_Star_,2
103,D:\MOX\OTHERS\COLONIZE.C,AI_Colonize_,116,D:\MOX\OTHERS\REPORT.C,Player_Ship_Type_At_Star_,1
103,D:\MOX\OTHERS\COLONIZE.C,All_AI_Colonize_,103,D:\MOX\OTHERS\COLONIZE.C,AI_Colonize_,1
103,D:\MOX\OTHERS\COLONIZE.C,Allocate_New_Colony_Slots_,103,D:\MOX\OTHERS\COLONIZE.C,Find_Colonize_Players_,1
103,D:\MOX\OTHERS\COLONIZE.C,Allocate_New_Colony_Slots_,103,D:\MOX\OTHERS\COLONIZE.C,Star_N_Uncolonized_Planets_,1
103,D:\MOX\OTHERS\COLONIZE.C,Find_Colonize_Players_,103,D:\MOX\OTHERS\COLONIZE.C,Star_N_Colonizable_Planets_For_Player_,2
103,D:\MOX\OTHERS\COLONIZE.C,Find_Colonize_Players_,103,D:\MOX\OTHERS\COLONIZE.C,Star_N_Outpostable_Planets_For_Player_,1
103,D:\MOX\OTHERS\COLONIZE.C,Find_Colonize_Players_,110,D:\MOX\OTHERS\MSG.C,Add_Msg_,1
103,D:\MOX\OTHERS\COLONIZE.C,Make_New_Colony_,103,D:\MOX\OTHERS\COLONIZE.C,Make_New_Colony_Or_Outpost_,1
103,D:\MOX\OTHERS\COLONIZE.C,Make_New_Colony_Or_Outpost_,4,L:\MOX\INITGAME.C,Init_Colony_,1
103,D:\MOX\OTHERS\COLONIZE.C,Make_New_Colony_Or_Outpost_,102,D:\MOX\OTHERS\COLCALC.C,Colony_Calculation_,1
103,D:\MOX\OTHERS\COLONIZE.C,Make_New_Colony_Or_Outpost_,102,D:\MOX\OTHERS\COLCALC.C,Compute_Star_Colony_Stuff_,1
104,D:\MOX\OTHERS\COMBFIND.C,Bomb_Results_Popups_,46,D:\MOX\OTHERS\GENDRAW.C,Message_Box_,2
104,D:\MOX\OTHERS\COMBFIND.C,Bomb_Results_Popups_,69,D:\MOX\OTHERS\COLBOMB.C,Colony_Bombing_Screen_,1
104,D:\MOX\OTHERS\COMBFIND.C,Bomb_Results_Popups_,71,D:\MOX\OTHERS\COLGCBT.C,Colony_Combat_Screen_,1
104,D:\MOX\OTHERS\COMBFIND.C,Bomb_Results_Popups_,79,D:\MOX\OTHERS\ERIC.C,Play_Amoeba_Flic_,1
104,D:\MOX\OTHERS\COMBFIND.C,Bomb_Results_Popups_,79,D:\MOX\OTHERS\ERIC.C,Play_Planetary_Destruction_Flic_,1
104,D:\MOX\OTHERS\COMBFIND.C,Bomb_Results_Popups_,111,D:\MOX\OTHERS\MULTPLAY.C,Load_Net_Next_Turn_Screen_,1
104,D:\MOX\OTHERS\COMBFIND.C,Client_Combat_Loop_,7,L:\MOX\ERICNET.C,Mox_Play_Sound_,2
104,D:\MOX\OTHERS\COMBFIND.C,Client_Combat_Loop_,52,D:\MOX\OTHERS\MAINSCR.C,Draw_Mini_Main_Screen_,1
104,D:\MOX\OTHERS\COMBFIND.C,Client_Combat_Loop_,83,D:\MOX\OTHERS\MAINPUPS.C,Dragon_New_Star_Popup_,1
104,D:\MOX\OTHERS\COMBFIND.C,Client_Combat_Loop_,104,D:\MOX\OTHERS\COMBFIND.C,Bomb_Results_Popups_,2
104,D:\MOX\OTHERS\COMBFIND.C,Client_Combat_Loop_,104,D:\MOX\OTHERS\COMBFIND.C,Do_1_Combat_,5
104,D:\MOX\OTHERS\COMBFIND.C,Client_Combat_Loop_,104,D:\MOX\OTHERS\COMBFIND.C,Get_Local_Human_Target_,1
104,D:\MOX\OTHERS\COMBFIND.C,Client_Combat_Loop_,104,D:\MOX\OTHERS\COMBFIND.C,Strategic_Results_Popup_,1
104,D:\MOX\OTHERS\COMBFIND.C,Client_Combat_Loop_,111,D:\MOX\OTHERS\MULTPLAY.C,Chat_Box_Input_Loop_,1
104,D:\MOX\OTHERS\COMBFIND.C,Client_Combat_Loop_,111,D:\MOX\OTHERS\MULTPLAY.C,Load_Net_Next_Turn_Screen_,5
104,D:\MOX\OTHERS\COMBFIND.C,Client_Combat_Loop_,112,D:\MOX\OTHERS\NETMOX.C,Decode_Battle_Results_,1
104,D:\MOX\OTHERS\COMBFIND.C,Client_Combat_Loop_,112,D:\MOX\OTHERS\NETMOX.C,Decode_Pick_Target_Info_,1
104,D:\MOX\OTHERS\COMBFIND.C,Client_Combat_Loop_,112,D:\MOX\OTHERS\NETMOX.C,Decode_You_Are_Target_Info_,1
104,D:\MOX\OTHERS\COMBFIND.C,Client_Combat_Loop_,112,D:\MOX\OTHERS\NETMOX.C,Mox_Send_Message_,4
104,D:\MOX\OTHERS\COMBFIND.C,Client_Combat_Loop_,112,D:\MOX\OTHERS\NETMOX.C,Send_Battle_Results_,1
104,D:\MOX\OTHERS\COMBFIND.C,Client_Combat_Loop_,117,D:\MOX\OTHERS\RUSS.C,Mox_Update_,8
104,D:\MOX\OTHERS\COMBFIND.C,Collect_Targets_For_Combat_,104,D:\MOX\OTHERS\COMBFIND.C,Player_May_Attack_Player_,2
104,D:\MOX\OTHERS\COMBFIND.C,Determine_Retreat_Ships_,15,D:\MOX\EVENTS.C,Event_Check_Hyperspace_Flux_,1
104,D:\MOX\OTHERS\COMBFIND.C,Determine_Retreat_Ships_,52,D:\MOX\OTHERS\MAINSCR.C,Update_Ship_Icons_In_Between_Turns_,1
104,D:\MOX\OTHERS\COMBFIND.C,Determine_Retreat_Ships_,58,D:\MOX\OTHERS\OFFICER.C,Kill_Officer_,1
104,D:\MOX\OTHERS\COMBFIND.C,Determine_Retreat_Ships_,58,D:\MOX\OTHERS\OFFICER.C,Move_Officer_To_Pool_,1
104,D:\MOX\OTHERS\COMBFIND.C,Determine_Retreat_Ships_,62,D:\MOX\OTHERS\SHIPS.C,Kill_Ship_,1
104,D:\MOX\OTHERS\COMBFIND.C,Do_1_Combat_,46,D:\MOX\OTHERS\GENDRAW.C,Message_Box_,1
104,D:\MOX\OTHERS\COMBFIND.C,Do_1_Combat_,47,D:\MOX\OTHERS\HACCESS.C,Get_Planet_Name_,1
104,D:\MOX\OTHERS\COMBFIND.C,Do_1_Combat_,58,D:\MOX\OTHERS\OFFICER.C,Give_Player_Loknar_Special_,2
104,D:\MOX\OTHERS\COMBFIND.C,Do_1_Combat_,58,D:\MOX\OTHERS\OFFICER.C,Rescued_Loknar_Popup_,2
104,D:\MOX\OTHERS\COMBFIND.C,Do_1_Combat_,79,D:\MOX\OTHERS\ERIC.C,Play_Take_Orion_Flic_,2
104,D:\MOX\OTHERS\COMBFIND.C,Do_1_Combat_,102,D:\MOX\OTHERS\COLCALC.C,Player_Name_,1
104,D:\MOX\OTHERS\COMBFIND.C,Do_1_Combat_,104,D:\MOX\OTHERS\COMBFIND.C,Determine_Retreat_Ships_,2
104,D:\MOX\OTHERS\COMBFIND.C,Do_1_Combat_,104,D:\MOX\OTHERS\COMBFIND.C,Do_Attacker_Beat_Colony_Stuff_,1
104,D:\MOX\OTHERS\COMBFIND.C,Do_1_Combat_,104,D:\MOX\OTHERS\COMBFIND.C,Get_Combat_Ships_,3
104,D:\MOX\OTHERS\COMBFIND.C,Do_1_Combat_,104,D:\MOX\OTHERS\COMBFIND.C,Kill_Noncombat_Ships_,1
104,D:\MOX\OTHERS\COMBFIND.C,Do_1_Combat_,104,D:\MOX\OTHERS\COMBFIND.C,Reset_Combat_Ships_At_Current_Star_Has_Player_,2
104,D:\MOX\OTHERS\COMBFIND.C,Do_1_Combat_,104,D:\MOX\OTHERS\COMBFIND.C,Russ_Combat_,1
104,D:\MOX\OTHERS\COMBFIND.C,Do_1_Combat_,111,D:\MOX\OTHERS\MULTPLAY.C,Chat_Box_Input_Loop_,1
104,D:\MOX\OTHERS\COMBFIND.C,Do_1_Combat_,111,D:\MOX\OTHERS\MULTPLAY.C,Load_Net_Next_Turn_Screen_,1
104,D:\MOX\OTHERS\COMBFIND.C,Do_1_Combat_,117,D:\MOX\OTHERS\RUSS.C,Star_Name_,1
104,D:\MOX\OTHERS\COMBFIND.C,Do_Attacker_Beat_Colony_Stuff_,24,D:\MOX\OTHERS\COMBAT.C,Bombardment_,4
104,D:\MOX\OTHERS\COMBFIND.C,Do_Attacker_Beat_Colony_Stuff_,26,D:\MOX\OTHERS\COMBINIT.C,Apply_Bio_Weapon_Penalty_,2
104,D:\MOX\OTHERS\COMBFIND.C,Do_Attacker_Beat_Colony_Stuff_,27,D:\MOX\DIPLOMAC.C,Declare_Peace_,1
104,D:\MOX\OTHERS\COMBFIND.C,Do_Attacker_Beat_Colony_Stuff_,38,D:\MOX\OTHERS\ANTARANS.C,Restock_Antaran_Ship_,1
104,D:\MOX\OTHERS\COMBFIND.C,Do_Attacker_Beat_Colony_Stuff_,52,D:\MOX\OTHERS\MAINSCR.C,Update_Ship_Icons_In_Between_Turns_,1
104,D:\MOX\OTHERS\COMBFIND.C,Do_Attacker_Beat_Colony_Stuff_,62,D:\MOX\OTHERS\SHIPS.C,Kill_Ship_,1
104,D:\MOX\OTHERS\COMBFIND.C,Do_Attacker_Beat_Colony_Stuff_,69,D:\MOX\OTHERS\COLBOMB.C,Colony_Bombing_Screen_,2
104,D:\MOX\OTHERS\COMBFIND.C,Do_Attacker_Beat_Colony_Stuff_,71,D:\MOX\OTHERS\COLGCBT.C,Colony_Combat_Screen_,2
104,D:\MOX\OTHERS\COMBFIND.C,Do_Attacker_Beat_Colony_Stuff_,79,D:\MOX\OTHERS\ERIC.C,Force_Fade_To_Colony_Palette_,4
104,D:\MOX\OTHERS\COMBFIND.C,Do_Attacker_Beat_Colony_Stuff_,79,D:\MOX\OTHERS\ERIC.C,Play_Amoeba_Flic_,1
104,D:\MOX\OTHERS\COMBFIND.C,Do_Attacker_Beat_Colony_Stuff_,79,D:\MOX\OTHERS\ERIC.C,Play_Planetary_Destruction_Flic_,1
104,D:\MOX\OTHERS\COMBFIND.C,Do_Attacker_Beat_Colony_Stuff_,79,D:\MOX\OTHERS\ERIC.C,Player_Can_Mind_Control_Colony_,2
104,D:\MOX\OTHERS\COMBFIND.C,Do_Attacker_Beat_Colony_Stuff_,83,D:\MOX\OTHERS\MAINPUPS.C,Colony_Bombing_Popup_,1
104,D:\MOX\OTHERS\COMBFIND.C,Do_Attacker_Beat_Colony_Stuff_,83,D:\MOX\OTHERS\MAINPUPS.C,Colony_Selection_Popup_,1
104,D:\MOX\OTHERS\COMBFIND.C,Do_Attacker_Beat_Colony_Stuff_,90,D:\MOX\OTHERS\AIBOMB.C,AI_Invasion_Will_Succeed_,2
104,D:\MOX\OTHERS\COMBFIND.C,Do_Attacker_Beat_Colony_Stuff_,90,D:\MOX\OTHERS\AIBOMB.C,AI_Player_Invades_,1
104,D:\MOX\OTHERS\COMBFIND.C,Do_Attacker_Beat_Colony_Stuff_,100,D:\MOX\OTHERS\BOMB.C,Apply_Bomb_Hits_,2
104,D:\MOX\OTHERS\COMBFIND.C,Do_Attacker_Beat_Colony_Stuff_,100,D:\MOX\OTHERS\BOMB.C,Destroy_Colony_,6
104,D:\MOX\OTHERS\COMBFIND.C,Do_Attacker_Beat_Colony_Stuff_,100,D:\MOX\OTHERS\BOMB.C,Resolve_Biological_Hit_,2
104,D:\MOX\OTHERS\COMBFIND.C,Do_Attacker_Beat_Colony_Stuff_,100,D:\MOX\OTHERS\BOMB.C,Resolve_Bomb_Hit_,2
104,D:\MOX\OTHERS\COMBFIND.C,Do_Attacker_Beat_Colony_Stuff_,102,D:\MOX\OTHERS\COLCALC.C,Colony_Calculation_,1
104,D:\MOX\OTHERS\COMBFIND.C,Do_Attacker_Beat_Colony_Stuff_,102,D:\MOX\OTHERS\COLCALC.C,Colony_Environmental_Stuff_,1
104,D:\MOX\OTHERS\COMBFIND.C,Do_Attacker_Beat_Colony_Stuff_,102,D:\MOX\OTHERS\COLCALC.C,May_Surrender_Star_,1
104,D:\MOX\OTHERS\COMBFIND.C,Do_Attacker_Beat_Colony_Stuff_,104,D:\MOX\OTHERS\COMBFIND.C,Has_Stellar_Converter_,2
104,D:\MOX\OTHERS\COMBFIND.C,Do_Attacker_Beat_Colony_Stuff_,104,D:\MOX\OTHERS\COMBFIND.C,N_Enemy_Stars_,1
104,D:\MOX\OTHERS\COMBFIND.C,Do_Attacker_Beat_Colony_Stuff_,104,D:\MOX\OTHERS\COMBFIND.C,N_Enemy_Stars_In_Range_,1
104,D:\MOX\OTHERS\COMBFIND.C,Do_Attacker_Beat_Colony_Stuff_,104,D:\MOX\OTHERS\COMBFIND.C,Player_Owns_Transports_,1
104,D:\MOX\OTHERS\COMBFIND.C,Do_Attacker_Beat_Colony_Stuff_,107,D:\MOX\OTHERS\INVASION.C,Change_Colony_Ownership_,2
104,D:\MOX\OTHERS\COMBFIND.C,Do_Attacker_Beat_Colony_Stuff_,107,D:\MOX\OTHERS\INVASION.C,Enforce_Population_Limits_At_Colony_,1
104,D:\MOX\OTHERS\COMBFIND.C,Do_Attacker_Beat_Colony_Stuff_,107,D:\MOX\OTHERS\INVASION.C,Get_Invasion_Info_,2
104,D:\MOX\OTHERS\COMBFIND.C,Do_Attacker_Beat_Colony_Stuff_,107,D:\MOX\OTHERS\INVASION.C,Invade_,2
104,D:\MOX\OTHERS\COMBFIND.C,Do_Attacker_Beat_Colony_Stuff_,111,D:\MOX\OTHERS\MULTPLAY.C,Chat_Box_Input_Loop_,1
104,D:\MOX\OTHERS\COMBFIND.C,Do_Attacker_Beat_Colony_Stuff_,111,D:\MOX\OTHERS\MULTPLAY.C,Load_Net_Next_Turn_Screen_,1
104,D:\MOX\OTHERS\COMBFIND.C,Do_Attacker_Beat_Colony_Stuff_,112,D:\MOX\OTHERS\NETMOX.C,Russ_Change_Relations_,6
104,D:\MOX\OTHERS\COMBFIND.C,Do_Attacker_Beat_Colony_Stuff_,112,D:\MOX\OTHERS\NETMOX.C,Russ_Event_Monster_Update_,1
104,D:\MOX\OTHERS\COMBFIND.C,Do_Attacker_Beat_Colony_Stuff_,129,D:\MOX\SCIENCE.C,Show_Off_Captured_Tech_,2
104,D:\MOX\OTHERS\COMBFIND.C,Do_Dragon_Bribe_,119,D:\MOX\OTHERS\SHIPMOVE.C,Make_Ships_Move_To_,1
104,D:\MOX\OTHERS\COMBFIND.C,Do_Dragon_Bribe_,119,D:\MOX\OTHERS\SHIPMOVE.C,Ships_Try_To_Move_To_,1
104,D:\MOX\OTHERS\COMBFIND.C,Do_Net_Combat_Update_,104,D:\MOX\OTHERS\COMBFIND.C,Do_1_Combat_,1
104,D:\MOX\OTHERS\COMBFIND.C,Do_Net_Combat_Update_,104,D:\MOX\OTHERS\COMBFIND.C,Do_Dragon_Bribe_,1
104,D:\MOX\OTHERS\COMBFIND.C,Do_Net_Combat_Update_,104,D:\MOX\OTHERS\COMBFIND.C,Do_Nonhuman_Attack_Against_Human_,2
104,D:\MOX\OTHERS\COMBFIND.C,Do_Net_Combat_Update_,104,D:\MOX\OTHERS\COMBFIND.C,GNN_Reports_Combat_,1
104,D:\MOX\OTHERS\COMBFIND.C,Do_Net_Combat_Update_,104,D:\MOX\OTHERS\COMBFIND.C,Get_AI_Target_,1
104,D:\MOX\OTHERS\COMBFIND.C,Do_Net_Combat_Update_,104,D:\MOX\OTHERS\COMBFIND.C,Get_NPC_Target_,1
104,D:\MOX\OTHERS\COMBFIND.C,Do_Net_Combat_Update_,104,D:\MOX\OTHERS\COMBFIND.C,Pick_Star_And_Attacker_,1
104,D:\MOX\OTHERS\COMBFIND.C,Do_Net_Combat_Update_,104,D:\MOX\OTHERS\COMBFIND.C,Target_Colony_To_Planet_,1
104,D:\MOX\OTHERS\COMBFIND.C,Do_Net_Combat_Update_,104,D:\MOX\OTHERS\COMBFIND.C,Target_Planet_To_Colony_,1
104,D:\MOX\OTHERS\COMBFIND.C,Do_Net_Combat_Update_,104,D:\MOX\OTHERS\COMBFIND.C,Update_Player_Needs_To_Attack_,2
104,D:\MOX\OTHERS\COMBFIND.C,Do_Net_Combat_Update_,112,D:\MOX\OTHERS\NETMOX.C,Mox_Send_Message_,1
104,D:\MOX\OTHERS\COMBFIND.C,Do_Net_Combat_Update_,112,D:\MOX\OTHERS\NETMOX.C,Send_Dragon_Info_,1
104,D:\MOX\OTHERS\COMBFIND.C,Do_Net_Combat_Update_,112,D:\MOX\OTHERS\NETMOX.C,Send_Pick_Target_Info_,1
104,D:\MOX\OTHERS\COMBFIND.C,Do_Net_Combat_Update_,112,D:\MOX\OTHERS\NETMOX.C,Send_You_Are_Target_Info_,1
104,D:\MOX\OTHERS\COMBFIND.C,Do_Net_Combat_Update_,117,D:\MOX\OTHERS\RUSS.C,Mox_Update_,7
104,D:\MOX\OTHERS\COMBFIND.C,Do_Nonhuman_Attack_Against_Human_,104,D:\MOX\OTHERS\COMBFIND.C,Do_1_Combat_,1
104,D:\MOX\OTHERS\COMBFIND.C,Do_Nonhuman_Attack_Against_Human_,104,D:\MOX\OTHERS\COMBFIND.C,GNN_Reports_Combat_,1
104,D:\MOX\OTHERS\COMBFIND.C,Do_Nonhuman_Attack_Against_Human_,104,D:\MOX\OTHERS\COMBFIND.C,Target_Planet_To_Colony_,1
104,D:\MOX\OTHERS\COMBFIND.C,Do_Nonhuman_Attack_Against_Human_,104,D:\MOX\OTHERS\COMBFIND.C,Update_Player_Needs_To_Attack_,1
104,D:\MOX\OTHERS\COMBFIND.C,Do_Nonhuman_Attack_Against_Human_,112,D:\MOX\OTHERS\NETMOX.C,Mox_Send_Message_,1
104,D:\MOX\OTHERS\COMBFIND.C,Do_Nonhuman_Attack_Against_Human_,112,D:\MOX\OTHERS\NETMOX.C,Send_You_Are_Target_Info_,1
104,D:\MOX\OTHERS\COMBFIND.C,Do_System_Discoveries_At_Star_,4,L:\MOX\INITGAME.C,Init_Colony_,1
104,D:\MOX\OTHERS\COMBFIND.C,Do_System_Discoveries_At_Star_,102,D:\MOX\OTHERS\COLCALC.C,Colony_Calculation_,1
104,D:\MOX\OTHERS\COMBFIND.C,Do_System_Discoveries_At_Star_,102,D:\MOX\OTHERS\COLCALC.C,Colony_Race_Pop_Limit_,1
104,D:\MOX\OTHERS\COMBFIND.C,Do_System_Discoveries_At_Star_,102,D:\MOX\OTHERS\COLCALC.C,Compute_Star_Colony_Stuff_,1
104,D:\MOX\OTHERS\COMBFIND.C,Do_System_Discoveries_At_Star_,102,D:\MOX\OTHERS\COLCALC.C,Player_Gets_Tech_App_,1
104,D:\MOX\OTHERS\COMBFIND.C,Do_System_Discoveries_At_Star_,102,D:\MOX\OTHERS\COLCALC.C,Player_May_Get_Tech_App_,1
104,D:\MOX\OTHERS\COMBFIND.C,Do_System_Discoveries_At_Star_,104,D:\MOX\OTHERS\COMBFIND.C,Find_Planet_At_Star_Satisfying_,1
104,D:\MOX\OTHERS\COMBFIND.C,Do_System_Discoveries_At_Star_,104,D:\MOX\OTHERS\COMBFIND.C,Reset_One_Shot_System_Special_,1
104,D:\MOX\OTHERS\COMBFIND.C,Do_System_Discoveries_At_Star_,110,D:\MOX\OTHERS\MSG.C,Add_Msg_,1
104,D:\MOX\OTHERS\COMBFIND.C,Do_System_Discoveries_At_Star_,117,D:\MOX\OTHERS\RUSS.C,Get_Weighted_Choice_Char_,1
104,D:\MOX\OTHERS\COMBFIND.C,Expected_Bomb_Hits_,24,D:\MOX\OTHERS\COMBAT.C,Bombardment_,1
104,D:\MOX\OTHERS\COMBFIND.C,GNN_Reports_Combat_,101,D:\MOX\OTHERS\CHAT.C,Send_GNN_Chat_Msg_,1
104,D:\MOX\OTHERS\COMBFIND.C,GNN_Reports_Combat_,102,D:\MOX\OTHERS\COLCALC.C,Player_Name_,2
104,D:\MOX\OTHERS\COMBFIND.C,Get_AI_Target_,104,D:\MOX\OTHERS\COMBFIND.C,Get_Best_Colony_Target_,1
104,D:\MOX\OTHERS\COMBFIND.C,Get_AI_Target_,104,D:\MOX\OTHERS\COMBFIND.C,Get_Ship_Strength_Info_,1
104,D:\MOX\OTHERS\COMBFIND.C,Get_Best_Colony_Target_,34,D:\MOX\OTHERS\AIPOWER.C,Colony_Ground_Strength_Vs_Player_,1
104,D:\MOX\OTHERS\COMBFIND.C,Get_Best_Colony_Target_,34,D:\MOX\OTHERS\AIPOWER.C,Colony_Space_Strength_Vs_Player_,1
104,D:\MOX\OTHERS\COMBFIND.C,Get_Best_Colony_Target_,95,D:\MOX\OTHERS\AIMOVE.C,Enemy_Colony_Worth_To_Player_,1
104,D:\MOX\OTHERS\COMBFIND.C,Get_Best_Colony_Target_,102,D:\MOX\OTHERS\COLCALC.C,Colony_Planetary_Shield_,1
104,D:\MOX\OTHERS\COMBFIND.C,Get_Local_Human_Target_,1,L:\MOX\MOX2.C,_TOGGLE_PAGES_,1
104,D:\MOX\OTHERS\COMBFIND.C,Get_Local_Human_Target_,52,D:\MOX\OTHERS\MAINSCR.C,Draw_Mini_Main_Screen_,2
104,D:\MOX\OTHERS\COMBFIND.C,Get_Local_Human_Target_,52,D:\MOX\OTHERS\MAINSCR.C,Update_Ship_Icons_In_Between_Turns_,1
104,D:\MOX\OTHERS\COMBFIND.C,Get_Local_Human_Target_,83,D:\MOX\OTHERS\MAINPUPS.C,Defense_Colony_Selection_Popup_,1
104,D:\MOX\OTHERS\COMBFIND.C,Get_Local_Human_Target_,104,D:\MOX\OTHERS\COMBFIND.C,Human_Confirms_Attack_,1
104,D:\MOX\OTHERS\COMBFIND.C,Get_Ship_Strength_Info_,34,D:\MOX\OTHERS\AIPOWER.C,Ship_Strength_Vs_Planetary_Shield_,1
104,D:\MOX\OTHERS\COMBFIND.C,Get_Ship_Strength_Info_,34,D:\MOX\OTHERS\AIPOWER.C,Ship_Strength_Vs_Ships_,3
104,D:\MOX\OTHERS\COMBFIND.C,Has_Stellar_Converter_,28,D:\MOX\OTHERS\INITSHIP.C,Ship_Has_Weapon_,1
104,D:\MOX\OTHERS\COMBFIND.C,Human_Confirms_Attack_,46,D:\MOX\OTHERS\GENDRAW.C,Do_Confirmation_Box_,1
104,D:\MOX\OTHERS\COMBFIND.C,Kill_Noncombat_Ships_,46,D:\MOX\OTHERS\GENDRAW.C,Message_Box_,1
104,D:\MOX\OTHERS\COMBFIND.C,Kill_Noncombat_Ships_,52,D:\MOX\OTHERS\MAINSCR.C,Update_Ship_Icons_In_Between_Turns_,1
104,D:\MOX\OTHERS\COMBFIND.C,Kill_Noncombat_Ships_,62,D:\MOX\OTHERS\SHIPS.C,Kill_Ship_,1
104,D:\MOX\OTHERS\COMBFIND.C,N_Enemy_Stars_In_Range_,119,D:\MOX\OTHERS\SHIPMOVE.C,Star_In_Normal_Range_Of_Player_,1
104,D:\MOX\OTHERS\COMBFIND.C,Pick_Star_And_Attacker_,104,D:\MOX\OTHERS\COMBFIND.C,Collect_Targets_For_Combat_,1
104,D:\MOX\OTHERS\COMBFIND.C,Pick_Star_And_Attacker_,104,D:\MOX\OTHERS\COMBFIND.C,Pick_Attacker_At_Star_,1
104,D:\MOX\OTHERS\COMBFIND.C,Pick_Star_And_Attacker_,104,D:\MOX\OTHERS\COMBFIND.C,Some_Star_Player_Is_Busy_,1
104,D:\MOX\OTHERS\COMBFIND.C,Pick_Star_And_Attacker_,117,D:\MOX\OTHERS\RUSS.C,Mox_Update_,1
104,D:\MOX\OTHERS\COMBFIND.C,Process_Retreating_Ships_,38,D:\MOX\OTHERS\ANTARANS.C,Restock_Antaran_Ship_,1
104,D:\MOX\OTHERS\COMBFIND.C,Process_Retreating_Ships_,52,D:\MOX\OTHERS\MAINSCR.C,Update_Ship_Icons_In_Between_Turns_,1
104,D:\MOX\OTHERS\COMBFIND.C,Process_Retreating_Ships_,58,D:\MOX\OTHERS\OFFICER.C,Kill_Officer_,2
104,D:\MOX\OTHERS\COMBFIND.C,Process_Retreating_Ships_,58,D:\MOX\OTHERS\OFFICER.C,Move_Officer_To_Pool_,2
104,D:\MOX\OTHERS\COMBFIND.C,Process_Retreating_Ships_,62,D:\MOX\OTHERS\SHIPS.C,Kill_Ship_,3
104,D:\MOX\OTHERS\COMBFIND.C,Process_Retreating_Ships_,104,D:\MOX\OTHERS\COMBFIND.C,Closest_Other_Colony_Star_,1
104,D:\MOX\OTHERS\COMBFIND.C,Process_Retreating_Ships_,110,D:\MOX\OTHERS\MSG.C,Add_Msg_,1
104,D:\MOX\OTHERS\COMBFIND.C,Process_Retreating_Ships_,112,D:\MOX\OTHERS\NETMOX.C,Russ_Event_Monster_Update_,1
104,D:\MOX\OTHERS\COMBFIND.C,Process_Retreating_Ships_,119,D:\MOX\OTHERS\SHIPMOVE.C,Make_Ships_Move_To_,1
104,D:\MOX\OTHERS\COMBFIND.C,Process_Retreating_Ships_,119,D:\MOX\OTHERS\SHIPMOVE.C,Ships_Try_To_Move_To_,1
104,D:\MOX\OTHERS\COMBFIND.C,Russ_Combat_,14,D:\MOX\DIP-SCRN.C,Show_Sneak_Attack_Message_,1
104,D:\MOX\OTHERS\COMBFIND.C,Russ_Combat_,24,D:\MOX\OTHERS\COMBAT.C,Message_Box_Titled_,1
104,D:\MOX\OTHERS\COMBFIND.C,Russ_Combat_,24,D:\MOX\OTHERS\COMBAT.C,Strategic_Combat_,1
104,D:\MOX\OTHERS\COMBFIND.C,Russ_Combat_,26,D:\MOX\OTHERS\COMBINIT.C,Tactical_Combat_,2
104,D:\MOX\OTHERS\COMBFIND.C,Russ_Combat_,52,D:\MOX\OTHERS\MAINSCR.C,Update_Ship_Icons_In_Between_Turns_,3
104,D:\MOX\OTHERS\COMBFIND.C,Russ_Combat_,83,D:\MOX\OTHERS\MAINPUPS.C,Player_Attacked_Popup_,1
104,D:\MOX\OTHERS\COMBFIND.C,Russ_Combat_,104,D:\MOX\OTHERS\COMBFIND.C,AI_Can_Retreat_,1
104,D:\MOX\OTHERS\COMBFIND.C,Russ_Combat_,112,D:\MOX\OTHERS\NETMOX.C,Mox_Send_Message_,2
104,D:\MOX\OTHERS\COMBFIND.C,Russ_Combat_,117,D:\MOX\OTHERS\RUSS.C,Mox_Update_,2
104,D:\MOX\OTHERS\COMBFIND.C,Search_For_Battles_,1,L:\MOX\MOX2.C,Get_Auto_Function_,1
104,D:\MOX\OTHERS\COMBFIND.C,Search_For_Battles_,1,L:\MOX\MOX2.C,Put_Auto_Function_,1
104,D:\MOX\OTHERS\COMBFIND.C,Search_For_Battles_,15,D:\MOX\EVENTS.C,Event_Check_Space_Anomaly_At_Star_,1
104,D:\MOX\OTHERS\COMBFIND.C,Search_For_Battles_,52,D:\MOX\OTHERS\MAINSCR.C,Set_Reload_Fleet_Box_Palette_Flag_,1
104,D:\MOX\OTHERS\COMBFIND.C,Search_For_Battles_,52,D:\MOX\OTHERS\MAINSCR.C,Update_Ship_Icons_In_Between_Turns_,1
104,D:\MOX\OTHERS\COMBFIND.C,Search_For_Battles_,83,D:\MOX\OTHERS\MAINPUPS.C,Dragon_New_Star_Popup_,1
104,D:\MOX\OTHERS\COMBFIND.C,Search_For_Battles_,102,D:\MOX\OTHERS\COLCALC.C,Check_For_Eliminated_Players_,1
104,D:\MOX\OTHERS\COMBFIND.C,Search_For_Battles_,104,D:\MOX\OTHERS\COMBFIND.C,Client_Combat_Loop_,1
104,D:\MOX\OTHERS\COMBFIND.C,Search_For_Battles_,104,D:\MOX\OTHERS\COMBFIND.C,Do_1_Combat_,1
104,D:\MOX\OTHERS\COMBFIND.C,Search_For_Battles_,104,D:\MOX\OTHERS\COMBFIND.C,Do_Dragon_Bribe_,1
104,D:\MOX\OTHERS\COMBFIND.C,Search_For_Battles_,104,D:\MOX\OTHERS\COMBFIND.C,Do_System_Discoveries_At_Star_,1
104,D:\MOX\OTHERS\COMBFIND.C,Search_For_Battles_,104,D:\MOX\OTHERS\COMBFIND.C,Get_AI_Target_,1
104,D:\MOX\OTHERS\COMBFIND.C,Search_For_Battles_,104,D:\MOX\OTHERS\COMBFIND.C,Get_Local_Human_Target_,1
104,D:\MOX\OTHERS\COMBFIND.C,Search_For_Battles_,104,D:\MOX\OTHERS\COMBFIND.C,Get_NPC_Target_,1
104,D:\MOX\OTHERS\COMBFIND.C,Search_For_Battles_,104,D:\MOX\OTHERS\COMBFIND.C,Pick_Star_And_Attacker_,1
104,D:\MOX\OTHERS\COMBFIND.C,Search_For_Battles_,104,D:\MOX\OTHERS\COMBFIND.C,Process_Retreating_Ships_,1
104,D:\MOX\OTHERS\COMBFIND.C,Search_For_Battles_,104,D:\MOX\OTHERS\COMBFIND.C,Update_Player_Needs_To_Attack_,1
104,D:\MOX\OTHERS\COMBFIND.C,Search_For_Battles_,112,D:\MOX\OTHERS\NETMOX.C,Mox_Send_Message_,1
104,D:\MOX\OTHERS\COMBFIND.C,Search_For_Battles_,117,D:\MOX\OTHERS\RUSS.C,Shuffle_Char_,1
104,D:\MOX\OTHERS\COMBFIND.C,Strategic_Results_Popup_,7,L:\MOX\ERICNET.C,Mox_Play_Sound_,1
104,D:\MOX\OTHERS\COMBFIND.C,Strategic_Results_Popup_,24,D:\MOX\OTHERS\COMBAT.C,Message_Box_Titled_,1
104,D:\MOX\OTHERS\COMBFIND.C,Strategic_Results_Popup_,52,D:\MOX\OTHERS\MAINSCR.C,Update_Ship_Icons_In_Between_Turns_,1
104,D:\MOX\OTHERS\COMBFIND.C,Strategic_Results_Popup_,58,D:\MOX\OTHERS\OFFICER.C,Rescued_Loknar_Popup_,1
104,D:\MOX\OTHERS\COMBFIND.C,Strategic_Results_Popup_,79,D:\MOX\OTHERS\ERIC.C,Play_Take_Orion_Flic_,1
104,D:\MOX\OTHERS\COMBFIND.C,Strategic_Results_Popup_,111,D:\MOX\OTHERS\MULTPLAY.C,Load_Net_Next_Turn_Screen_,1
105,D:\MOX\OTHERS\CONTACT.C,Compute_Contacts_,119,D:\MOX\OTHERS\SHIPMOVE.C,Star_In_Extended_Range_Of_Player_,2
105,D:\MOX\OTHERS\CONTACT.C,Compute_Contacts_,119,D:\MOX\OTHERS\SHIPMOVE.C,Star_In_Normal_Range_Of_Player_,2
105,D:\MOX\OTHERS\CONTACT.C,Compute_Contacts_,120,D:\MOX\OTHERS\SPY.C,Bring_Home_Spies_Vs_,2
106,D:\MOX\OTHERS\GEO.C,Black_Hole_Blocks_Points_,106,D:\MOX\OTHERS\GEO.C,Collect_Black_Holes_,1
106,D:\MOX\OTHERS\GEO.C,Black_Hole_Blocks_Points_,106,D:\MOX\OTHERS\GEO.C,Point_Within_D_Of_Seg_,1
106,D:\MOX\OTHERS\GEO.C,Initialize_Black_Hole_Blocks_,106,D:\MOX\OTHERS\GEO.C,Collect_Black_Holes_,1
106,D:\MOX\OTHERS\GEO.C,Initialize_Black_Hole_Blocks_,106,D:\MOX\OTHERS\GEO.C,Point_Within_D_Of_Seg_,1
106,D:\MOX\OTHERS\GEO.C,Initialize_Star_In_Nebula_Info_,106,D:\MOX\OTHERS\GEO.C,Star_Is_In_Some_Nebula_,1
106,D:\MOX\OTHERS\GEO.C,Map_Is_Connected_,106,D:\MOX\OTHERS\GEO.C,Parsecs_Between_Stars_,1
106,D:\MOX\OTHERS\GEO.C,Map_Is_Connected_,106,D:\MOX\OTHERS\GEO.C,Union_Find_,1
106,D:\MOX\OTHERS\GEO.C,Move_Player_1_Turn_To_Star_,106,D:\MOX\OTHERS\GEO.C,Point_Is_In_Some_Nebula_,1
106,D:\MOX\OTHERS\GEO.C,Move_Player_1_Turn_To_Star_,106,D:\MOX\OTHERS\GEO.C,Point_Is_In_Warp_Field_Interdictor_Of_Star_,1
106,D:\MOX\OTHERS\GEO.C,Parsecs_Between_Stars_,106,D:\MOX\OTHERS\GEO.C,Parsecs_Between_Points_,1
106,D:\MOX\OTHERS\GEO.C,Point_Is_In_Some_Nebula_,106,D:\MOX\OTHERS\GEO.C,Point_Is_In_Nebula_N_,1
106,D:\MOX\OTHERS\GEO.C,Point_Within_D_Of_Seg_,106,D:\MOX\OTHERS\GEO.C,Points_On_Same_Side_Of_Line_,3
106,D:\MOX\OTHERS\GEO.C,Star_Is_In_Some_Nebula_,106,D:\MOX\OTHERS\GEO.C,Point_Is_In_Some_Nebula_,1
107,D:\MOX\OTHERS\INVASION.C,Change_Colony_Ownership_,7,L:\MOX\ERICNET.C,Remove_Building_,3
107,D:\MOX\OTHERS\INVASION.C,Change_Colony_Ownership_,102,D:\MOX\OTHERS\COLCALC.C,Player_Gets_Tech_App_,2
107,D:\MOX\OTHERS\INVASION.C,Change_Colony_Ownership_,102,D:\MOX\OTHERS\COLCALC.C,Player_May_Get_Tech_App_,2
107,D:\MOX\OTHERS\INVASION.C,Change_Colony_Ownership_,107,D:\MOX\OTHERS\INVASION.C,Change_Pop_Ownership_,1
107,D:\MOX\OTHERS\INVASION.C,Change_Colony_Ownership_,117,D:\MOX\OTHERS\RUSS.C,Get_Weighted_Choice_Short_,1
107,D:\MOX\OTHERS\INVASION.C,Change_Pop_Ownership_,7,L:\MOX\ERICNET.C,Remove_Building_,3
107,D:\MOX\OTHERS\INVASION.C,Change_Pop_Ownership_,68,D:\MOX\OTHERS\COLBLDG.C,Clear_Colony_Queue_,1
107,D:\MOX\OTHERS\INVASION.C,Change_Pop_Ownership_,100,D:\MOX\OTHERS\BOMB.C,Handle_Leader_At_Lost_Colony_,1
107,D:\MOX\OTHERS\INVASION.C,Change_Pop_Ownership_,102,D:\MOX\OTHERS\COLCALC.C,Colony_Environmental_Stuff_,1
107,D:\MOX\OTHERS\INVASION.C,Change_Pop_Ownership_,102,D:\MOX\OTHERS\COLCALC.C,Compute_Star_Colony_Stuff_,1
107,D:\MOX\OTHERS\INVASION.C,Change_Pop_Ownership_,102,D:\MOX\OTHERS\COLCALC.C,Do_Colony_Owner_Change_Star_Colony_Stuff_,1
107,D:\MOX\OTHERS\INVASION.C,Change_Pop_Ownership_,107,D:\MOX\OTHERS\INVASION.C,Assign_New_Home_Planet_,1
107,D:\MOX\OTHERS\INVASION.C,Change_Pop_Ownership_,107,D:\MOX\OTHERS\INVASION.C,Enforce_Population_Limits_At_Colony_,1
107,D:\MOX\OTHERS\INVASION.C,Check_All_Rebellions_,107,D:\MOX\OTHERS\INVASION.C,Check_Rebellion_,1
107,D:\MOX\OTHERS\INVASION.C,Check_Rebellion_,107,D:\MOX\OTHERS\INVASION.C,Change_Colony_Ownership_,1
107,D:\MOX\OTHERS\INVASION.C,Check_Rebellion_,107,D:\MOX\OTHERS\INVASION.C,Get_Rebellion_Info_,1
107,D:\MOX\OTHERS\INVASION.C,Check_Rebellion_,107,D:\MOX\OTHERS\INVASION.C,Ground_Combat_Round_,1
107,D:\MOX\OTHERS\INVASION.C,Check_Rebellion_,107,D:\MOX\OTHERS\INVASION.C,Resolve_Rebellion_Troops_,1
107,D:\MOX\OTHERS\INVASION.C,Check_Rebellion_,110,D:\MOX\OTHERS\MSG.C,Add_Msg_,2
107,D:\MOX\OTHERS\INVASION.C,Check_Rebellion_,117,D:\MOX\OTHERS\RUSS.C,Get_Weighted_Choice_Char_,1
107,D:\MOX\OTHERS\INVASION.C,Compute_Attacker_Officer_Bonus_,58,D:\MOX\OTHERS\OFFICER.C,Owned_Officer_Level_,2
107,D:\MOX\OTHERS\INVASION.C,Compute_Colony_Ground_Combat_Info_,107,D:\MOX\OTHERS\INVASION.C,Colony_N_Militia_,1
107,D:\MOX\OTHERS\INVASION.C,Compute_Colony_Ground_Combat_Info_,107,D:\MOX\OTHERS\INVASION.C,Compute_Colony_Officer_Bonus_,1
107,D:\MOX\OTHERS\INVASION.C,Compute_Colony_Ground_Combat_Info_,107,D:\MOX\OTHERS\INVASION.C,Compute_Ground_Combat_Info_,1
107,D:\MOX\OTHERS\INVASION.C,Compute_Colony_Ground_Combat_Info_,107,D:\MOX\OTHERS\INVASION.C,Compute_Player_Ground_Combat_Bonuses_,1
107,D:\MOX\OTHERS\INVASION.C,Compute_Colony_Officer_Bonus_,58,D:\MOX\OTHERS\OFFICER.C,Owned_Officer_Level_,2
107,D:\MOX\OTHERS\INVASION.C,Compute_Colony_Officer_Bonus_,102,D:\MOX\OTHERS\COLCALC.C,Colony_Officer_,1
107,D:\MOX\OTHERS\INVASION.C,Compute_Player_Ground_Combat_Bonuses_,97,D:\MOX\OTHERS\AITECH.C,Player_Best_Armor_,1
107,D:\MOX\OTHERS\INVASION.C,Compute_Player_Ground_Combat_Bonuses_,97,D:\MOX\OTHERS\AITECH.C,Player_Best_Personal_Shield_,1
107,D:\MOX\OTHERS\INVASION.C,Compute_Player_Ground_Combat_Bonuses_,97,D:\MOX\OTHERS\AITECH.C,Player_Best_Rifle_,1
107,D:\MOX\OTHERS\INVASION.C,Enforce_Population_Limits_At_Colony_,102,D:\MOX\OTHERS\COLCALC.C,Colony_Food2_Per_Farmer_,1
107,D:\MOX\OTHERS\INVASION.C,Enforce_Population_Limits_At_Colony_,102,D:\MOX\OTHERS\COLCALC.C,Colony_Race_Pop_Limit_,1
107,D:\MOX\OTHERS\INVASION.C,Enforce_Population_Limits_At_Colony_,117,D:\MOX\OTHERS\RUSS.C,Shuffle_,1
107,D:\MOX\OTHERS\INVASION.C,Get_Boarding_Info_,107,D:\MOX\OTHERS\INVASION.C,Compute_Ground_Combat_Info_,2
107,D:\MOX\OTHERS\INVASION.C,Get_Boarding_Info_,107,D:\MOX\OTHERS\INVASION.C,Compute_Player_Ground_Combat_Bonuses_,2
107,D:\MOX\OTHERS\INVASION.C,Get_Invasion_Info_,107,D:\MOX\OTHERS\INVASION.C,Colony_N_Militia_,1
107,D:\MOX\OTHERS\INVASION.C,Get_Invasion_Info_,107,D:\MOX\OTHERS\INVASION.C,Compute_Attacker_Officer_Bonus_,1
107,D:\MOX\OTHERS\INVASION.C,Get_Invasion_Info_,107,D:\MOX\OTHERS\INVASION.C,Compute_Colony_Officer_Bonus_,1
107,D:\MOX\OTHERS\INVASION.C,Get_Invasion_Info_,107,D:\MOX\OTHERS\INVASION.C,Compute_Ground_Combat_Info_,1
107,D:\MOX\OTHERS\INVASION.C,Get_Invasion_Info_,107,D:\MOX\OTHERS\INVASION.C,Compute_Player_Ground_Combat_Bonuses_,2
107,D:\MOX\OTHERS\INVASION.C,Get_Rebellion_Info_,107,D:\MOX\OTHERS\INVASION.C,Colony_N_Militia_,1
107,D:\MOX\OTHERS\INVASION.C,Get_Rebellion_Info_,107,D:\MOX\OTHERS\INVASION.C,Compute_Colony_Officer_Bonus_,1
107,D:\MOX\OTHERS\INVASION.C,Get_Rebellion_Info_,107,D:\MOX\OTHERS\INVASION.C,Compute_Ground_Combat_Info_,2
107,D:\MOX\OTHERS\INVASION.C,Get_Rebellion_Info_,107,D:\MOX\OTHERS\INVASION.C,Compute_Player_Ground_Combat_Bonuses_,2
107,D:\MOX\OTHERS\INVASION.C,Invade_,52,D:\MOX\OTHERS\MAINSCR.C,Update_Ship_Icons_In_Between_Turns_,1
107,D:\MOX\OTHERS\INVASION.C,Invade_,62,D:\MOX\OTHERS\SHIPS.C,Kill_Ship_,1
107,D:\MOX\OTHERS\INVASION.C,Invade_,107,D:\MOX\OTHERS\INVASION.C,Change_Colony_Ownership_,1
107,D:\MOX\OTHERS\INVASION.C,Invade_,107,D:\MOX\OTHERS\INVASION.C,Get_Invasion_Info_,1
107,D:\MOX\OTHERS\INVASION.C,Invade_,107,D:\MOX\OTHERS\INVASION.C,Ground_Combat_Round_,1
107,D:\MOX\OTHERS\INVASION.C,Invade_,107,D:\MOX\OTHERS\INVASION.C,Resolve_Invasion_Troops_,1
107,D:\MOX\OTHERS\INVASION.C,Resolve_Ground_Combat_,107,D:\MOX\OTHERS\INVASION.C,Ground_Combat_Round_,1
107,D:\MOX\OTHERS\INVASION.C,Resolve_Invasion_Troops_,62,D:\MOX\OTHERS\SHIPS.C,Kill_Ship_,1
107,D:\MOX\OTHERS\INVASION.C,Resolve_Invasion_Troops_,102,D:\MOX\OTHERS\COLCALC.C,Compute_Star_Colony_Stuff_,1
107,D:\MOX\OTHERS\INVASION.C,Resolve_Invasion_Troops_,107,D:\MOX\OTHERS\INVASION.C,Colony_Infantry_Limit_,1
107,D:\MOX\OTHERS\INVASION.C,Resolve_Rebellion_Troops_,102,D:\MOX\OTHERS\COLCALC.C,Compute_Star_Colony_Stuff_,1
107,D:\MOX\OTHERS\INVASION.C,Resolve_Rebellion_Troops_,107,D:\MOX\OTHERS\INVASION.C,Colony_Infantry_Limit_,1
107,D:\MOX\OTHERS\INVASION.C,Unload_Transports_,62,D:\MOX\OTHERS\SHIPS.C,Kill_Ship_,1
107,D:\MOX\OTHERS\INVASION.C,Unload_Transports_,102,D:\MOX\OTHERS\COLCALC.C,Update_Player_Stats_,1
107,D:\MOX\OTHERS\INVASION.C,Unload_Transports_,107,D:\MOX\OTHERS\INVASION.C,Colony_Infantry_Limit_,1
108,D:\MOX\OTHERS\LOSTSHIP.C,Compute_Stars_In_Range_Of_Player_,119,D:\MOX\OTHERS\SHIPMOVE.C,Star_In_Range_Of_Player_,2
108,D:\MOX\OTHERS\LOSTSHIP.C,Lose_Out_Of_Range_Ships_,104,D:\MOX\OTHERS\COMBFIND.C,Process_Retreating_Ships_,1
108,D:\MOX\OTHERS\LOSTSHIP.C,Lose_Out_Of_Range_Ships_,108,D:\MOX\OTHERS\LOSTSHIP.C,Compute_Stars_In_Range_Of_Player_,1
108,D:\MOX\OTHERS\LOSTSHIP.C,Lose_Out_Of_Range_Ships_,108,D:\MOX\OTHERS\LOSTSHIP.C,Player_Lose_Out_Of_Range_Ships_,1
108,D:\MOX\OTHERS\LOSTSHIP.C,Player_Lose_Out_Of_Range_Ships_,52,D:\MOX\OTHERS\MAINSCR.C,Update_Ship_Icons_In_Between_Turns_,1
109,D:\MOX\OTHERS\MAINTAIN.C,Kill_Buildings_,7,L:\MOX\ERICNET.C,Remove_Building_,1
109,D:\MOX\OTHERS\MAINTAIN.C,Kill_Buildings_,102,D:\MOX\OTHERS\COLCALC.C,Colony_Calculation_,1
109,D:\MOX\OTHERS\MAINTAIN.C,Kill_Buildings_,109,D:\MOX\OTHERS\MAINTAIN.C,Building_Worth_,1
109,D:\MOX\OTHERS\MAINTAIN.C,Kill_Buildings_,110,D:\MOX\OTHERS\MSG.C,Add_Msg_,1
109,D:\MOX\OTHERS\MAINTAIN.C,Kill_Leaders_,58,D:\MOX\OTHERS\OFFICER.C,Deassign_Officer_,1
109,D:\MOX\OTHERS\MAINTAIN.C,Kill_Leaders_,58,D:\MOX\OTHERS\OFFICER.C,Officer_Maintenance_,1
109,D:\MOX\OTHERS\MAINTAIN.C,Kill_Leaders_,102,D:\MOX\OTHERS\COLCALC.C,Do_Player_Colony_Calculations_,1
109,D:\MOX\OTHERS\MAINTAIN.C,Kill_Leaders_,110,D:\MOX\OTHERS\MSG.C,Add_Msg_,1
109,D:\MOX\OTHERS\MAINTAIN.C,Kill_Research_Buildings_,7,L:\MOX\ERICNET.C,Remove_Building_,1
109,D:\MOX\OTHERS\MAINTAIN.C,Kill_Research_Buildings_,102,D:\MOX\OTHERS\COLCALC.C,Do_Player_Colony_Calculations_,1
109,D:\MOX\OTHERS\MAINTAIN.C,Kill_Ships_,52,D:\MOX\OTHERS\MAINSCR.C,Update_Ship_Icons_In_Between_Turns_,1
109,D:\MOX\OTHERS\MAINTAIN.C,Kill_Ships_,58,D:\MOX\OTHERS\OFFICER.C,Move_Officer_To_Pool_,1
109,D:\MOX\OTHERS\MAINTAIN.C,Kill_Ships_,102,D:\MOX\OTHERS\COLCALC.C,Do_Player_Colony_Post_Production_,1
109,D:\MOX\OTHERS\MAINTAIN.C,Kill_Ships_,109,D:\MOX\OTHERS\MAINTAIN.C,Ship_Is_At_Colony_,2
109,D:\MOX\OTHERS\MAINTAIN.C,Kill_Ships_,110,D:\MOX\OTHERS\MSG.C,Add_Msg_,1
109,D:\MOX\OTHERS\MAINTAIN.C,Kill_Spy_,102,D:\MOX\OTHERS\COLCALC.C,Do_Player_Colony_Post_Production_,1
109,D:\MOX\OTHERS\MAINTAIN.C,Kill_Spy_,122,D:\MOX\BILL.C,Get_Their_Spy_Number_,1
109,D:\MOX\OTHERS\MAINTAIN.C,Kill_Spy_,122,D:\MOX\BILL.C,Set_Their_Spy_Number_,2
109,D:\MOX\OTHERS\MAINTAIN.C,Make_Scrap_Ships_Dead_,62,D:\MOX\OTHERS\SHIPS.C,Kill_Ship_,1
109,D:\MOX\OTHERS\MAINTAIN.C,Player_Maintenance_,34,D:\MOX\OTHERS\AIPOWER.C,Ship_Strength_Vs_Ships_,1
109,D:\MOX\OTHERS\MAINTAIN.C,Player_Maintenance_,109,D:\MOX\OTHERS\MAINTAIN.C,Kill_Buildings_,3
109,D:\MOX\OTHERS\MAINTAIN.C,Player_Maintenance_,109,D:\MOX\OTHERS\MAINTAIN.C,Kill_Leaders_,1
109,D:\MOX\OTHERS\MAINTAIN.C,Player_Maintenance_,109,D:\MOX\OTHERS\MAINTAIN.C,Kill_Research_Buildings_,1
109,D:\MOX\OTHERS\MAINTAIN.C,Player_Maintenance_,109,D:\MOX\OTHERS\MAINTAIN.C,Kill_Ships_,24
109,D:\MOX\OTHERS\MAINTAIN.C,Player_Maintenance_,109,D:\MOX\OTHERS\MAINTAIN.C,Kill_Spy_,1
109,D:\MOX\OTHERS\MAINTAIN.C,Ship_Is_At_Colony_,48,D:\MOX\OTHERS\HAROLD.C,XY_To_Star_Id_,1
109,D:\MOX\OTHERS\MAINTAIN.C,Ship_Scrap_Value_,109,D:\MOX\OTHERS\MAINTAIN.C,Ship_Is_At_Colony_,1
110,D:\MOX\OTHERS\MSG.C,Add_Diplomacy_Msg_,110,D:\MOX\OTHERS\MSG.C,Add_Msg_,1
110,D:\MOX\OTHERS\MSG.C,Add_Msg_All_,110,D:\MOX\OTHERS\MSG.C,Add_Msg_,1
110,D:\MOX\OTHERS\MSG.C,Add_Ongoing_Event_Msgs_,15,D:\MOX\EVENTS.C,Event_Check_Comet_,1
110,D:\MOX\OTHERS\MSG.C,Add_Ongoing_Event_Msgs_,15,D:\MOX\EVENTS.C,Event_Check_Hyperspace_Flux_,1
110,D:\MOX\OTHERS\MSG.C,Add_Ongoing_Event_Msgs_,15,D:\MOX\EVENTS.C,Event_Check_Plague_,1
110,D:\MOX\OTHERS\MSG.C,Add_Ongoing_Event_Msgs_,15,D:\MOX\EVENTS.C,Event_Check_Population_Boom_,1
110,D:\MOX\OTHERS\MSG.C,Add_Ongoing_Event_Msgs_,15,D:\MOX\EVENTS.C,Event_Check_Space_Anomaly_At_Star_,1
110,D:\MOX\OTHERS\MSG.C,Add_Ongoing_Event_Msgs_,110,D:\MOX\OTHERS\MSG.C,Add_Msg_,6
110,D:\MOX\OTHERS\MSG.C,Add_War_Msg_,110,D:\MOX\OTHERS\MSG.C,Add_Diplomacy_Msg_,1
110,D:\MOX\OTHERS\MSG.C,sprintf_msg_,29,D:\MOX\OTHERS\KEN.C,Ken_Get_Text_Message_,1
110,D:\MOX\OTHERS\MSG.C,sprintf_msg_,47,D:\MOX\OTHERS\HACCESS.C,Get_Planet_Name_,2
110,D:\MOX\OTHERS\MSG.C,sprintf_msg_,91,D:\MOX\OTHERS\AIBUILD.C,Product_Name_,1
111,D:\MOX\OTHERS\MULTPLAY.C,Add_Choose_Net_Plyrs_Fields_,111,D:\MOX\OTHERS\MULTPLAY.C,Add_Banner_Field_,1
111,D:\MOX\OTHERS\MULTPLAY.C,Add_Load_MP_Game_Screen_Fields_,46,D:\MOX\OTHERS\GENDRAW.C,Warning_Box_,1
111,D:\MOX\OTHERS\MULTPLAY.C,Add_Load_MP_Game_Screen_Fields_,48,D:\MOX\OTHERS\HAROLD.C,H_Message_,1
111,D:\MOX\OTHERS\MULTPLAY.C,Add_Load_MP_Game_Screen_Fields_,111,D:\MOX\OTHERS\MULTPLAY.C,Get_Valid_MP_Save_Games_,1
111,D:\MOX\OTHERS\MULTPLAY.C,Add_MP_Setup_Screen_Fields_,111,D:\MOX\OTHERS\MULTPLAY.C,Set_Multi_Player_Game_Type_,1
111,D:\MOX\OTHERS\MULTPLAY.C,Add_Modem_String_Fields_,55,D:\MOX\OTHERS\MISC.C,Font_Colors2_,2
111,D:\MOX\OTHERS\MULTPLAY.C,Add_Net_Next_Turn_Fields_,55,D:\MOX\OTHERS\MISC.C,Font_Colors2_,2
111,D:\MOX\OTHERS\MULTPLAY.C,Add_Net_Next_Turn_Fields_,111,D:\MOX\OTHERS\MULTPLAY.C,Get_Main_Palette_Base_Colors_,1
111,D:\MOX\OTHERS\MULTPLAY.C,Change_MP_Game_Name_,1,L:\MOX\MOX2.C,_TOGGLE_PAGES_,1
111,D:\MOX\OTHERS\MULTPLAY.C,Change_MP_Game_Name_,3,L:\MOX\FILEDEF.C,Save_Session_Related_Settings_,1
111,D:\MOX\OTHERS\MULTPLAY.C,Change_MP_Game_Name_,46,D:\MOX\OTHERS\GENDRAW.C,Warning_Box_,1
111,D:\MOX\OTHERS\MULTPLAY.C,Change_MP_Game_Name_,48,D:\MOX\OTHERS\HAROLD.C,H_Message_,2
111,D:\MOX\OTHERS\MULTPLAY.C,Change_MP_Game_Name_,57,D:\MOX\OTHERS\NAMESTAR.C,Remapped_Input_Box_Popup_,1
111,D:\MOX\OTHERS\MULTPLAY.C,Change_MP_Game_Name_,57,D:\MOX\OTHERS\NAMESTAR.C,Star_Name_Popup_Screen_Center_X_,1
111,D:\MOX\OTHERS\MULTPLAY.C,Change_MP_Game_Name_,57,D:\MOX\OTHERS\NAMESTAR.C,Star_Name_Popup_Screen_Center_Y_,1
111,D:\MOX\OTHERS\MULTPLAY.C,Chat_Box_Input_Loop_,1,L:\MOX\MOX2.C,_TOGGLE_PAGES_,1
111,D:\MOX\OTHERS\MULTPLAY.C,Chat_Box_Input_Loop_,101,D:\MOX\OTHERS\CHAT.C,Send_Chat_Msg_,1
111,D:\MOX\OTHERS\MULTPLAY.C,Chat_Box_Input_Loop_,111,D:\MOX\OTHERS\MULTPLAY.C,Draw_Net_Next_Turn_Screen_,1
111,D:\MOX\OTHERS\MULTPLAY.C,Check_Modem_Init_Help_Fields_,48,D:\MOX\OTHERS\HAROLD.C,Load_Language_Fonts_,2
111,D:\MOX\OTHERS\MULTPLAY.C,Check_Modem_Init_Help_Fields_,64,D:\MOX\OTHERS\TEXTBOX.C,Draw_Help_Entry_,1
111,D:\MOX\OTHERS\MULTPLAY.C,Choose_Multi_Network_Game_Screen_,1,L:\MOX\MOX2.C,Get_Auto_Function_,1
111,D:\MOX\OTHERS\MULTPLAY.C,Choose_Multi_Network_Game_Screen_,1,L:\MOX\MOX2.C,Put_Auto_Function_,1
111,D:\MOX\OTHERS\MULTPLAY.C,Choose_Multi_Network_Game_Screen_,1,L:\MOX\MOX2.C,_TOGGLE_PAGES_,2
111,D:\MOX\OTHERS\MULTPLAY.C,Choose_Multi_Network_Game_Screen_,111,D:\MOX\OTHERS\MULTPLAY.C,Add_Choose_Multi_Net_Game_Fields_,1
111,D:\MOX\OTHERS\MULTPLAY.C,Choose_Multi_Network_Game_Screen_,111,D:\MOX\OTHERS\MULTPLAY.C,Draw_Choose_Multi_Net_Game_Screen_,1
111,D:\MOX\OTHERS\MULTPLAY.C,Choose_Multi_Network_Game_Screen_,111,D:\MOX\OTHERS\MULTPLAY.C,Load_Choose_Multi_Net_Game_Screen_,1
111,D:\MOX\OTHERS\MULTPLAY.C,Choose_Network_Plyrs_Screen_,1,L:\MOX\MOX2.C,Get_Auto_Function_,1
111,D:\MOX\OTHERS\MULTPLAY.C,Choose_Network_Plyrs_Screen_,1,L:\MOX\MOX2.C,Put_Auto_Function_,1
111,D:\MOX\OTHERS\MULTPLAY.C,Choose_Network_Plyrs_Screen_,1,L:\MOX\MOX2.C,_TOGGLE_PAGES_,2
111,D:\MOX\OTHERS\MULTPLAY.C,Choose_Network_Plyrs_Screen_,46,D:\MOX\OTHERS\GENDRAW.C,Do_Confirmation_Box_,1
111,D:\MOX\OTHERS\MULTPLAY.C,Choose_Network_Plyrs_Screen_,48,D:\MOX\OTHERS\HAROLD.C,Get_N_Remaining_Humans_,1
111,D:\MOX\OTHERS\MULTPLAY.C,Choose_Network_Plyrs_Screen_,48,D:\MOX\OTHERS\HAROLD.C,H_Message_,1
111,D:\MOX\OTHERS\MULTPLAY.C,Choose_Network_Plyrs_Screen_,55,D:\MOX\OTHERS\MISC.C,Fade_Into_Screen_,1
111,D:\MOX\OTHERS\MULTPLAY.C,Choose_Network_Plyrs_Screen_,111,D:\MOX\OTHERS\MULTPLAY.C,Add_Choose_Net_Plyrs_Fields_,2
111,D:\MOX\OTHERS\MULTPLAY.C,Choose_Network_Plyrs_Screen_,111,D:\MOX\OTHERS\MULTPLAY.C,Draw_Choose_Net_Plyrs_Screen_,1
111,D:\MOX\OTHERS\MULTPLAY.C,Choose_Network_Plyrs_Screen_,111,D:\MOX\OTHERS\MULTPLAY.C,Load_Choose_Net_Plyrs_Screen_,1
111,D:\MOX\OTHERS\MULTPLAY.C,Confirmation_Of_Opponent_Joining_,48,D:\MOX\OTHERS\HAROLD.C,H_Message_,1
111,D:\MOX\OTHERS\MULTPLAY.C,Draw_Choose_Multi_Net_Game_Screen_,55,D:\MOX\OTHERS\MISC.C,Font_Colors2_,2
111,D:\MOX\OTHERS\MULTPLAY.C,Draw_Choose_Multi_Net_Game_Screen_,55,D:\MOX\OTHERS\MISC.C,Increase_Font_Color_Range_,1
111,D:\MOX\OTHERS\MULTPLAY.C,Draw_Choose_Net_Plyrs_Screen_,47,D:\MOX\OTHERS\HACCESS.C,Race_Name_String_,1
111,D:\MOX\OTHERS\MULTPLAY.C,Draw_Choose_Net_Plyrs_Screen_,111,D:\MOX\OTHERS\MULTPLAY.C,Draw_Multi_Player_Banner_,1
111,D:\MOX\OTHERS\MULTPLAY.C,Draw_Choose_Net_Plyrs_Screen_,111,D:\MOX\OTHERS\MULTPLAY.C,Get_Player_Colors_,1
111,D:\MOX\OTHERS\MULTPLAY.C,Draw_Join_Net_Screen_,79,D:\MOX\OTHERS\ERIC.C,Get_Fade_Percent_,1
111,D:\MOX\OTHERS\MULTPLAY.C,Draw_Load_MP_Game_Screen_,48,D:\MOX\OTHERS\HAROLD.C,H_Message_,1
111,D:\MOX\OTHERS\MULTPLAY.C,Draw_Load_MP_Game_Screen_,50,D:\MOX\OTHERS\LOADSAVE.C,Remove_Embedded_Special_Codes_,1
111,D:\MOX\OTHERS\MULTPLAY.C,Draw_Load_MP_Game_Screen_,55,D:\MOX\OTHERS\MISC.C,Font_Colors2_,3
111,D:\MOX\OTHERS\MULTPLAY.C,Draw_Load_MP_Game_Screen_,55,D:\MOX\OTHERS\MISC.C,Increase_Font_Color_Range_,1
111,D:\MOX\OTHERS\MULTPLAY.C,Draw_MP_Setup_Screen_,111,D:\MOX\OTHERS\MULTPLAY.C,Draw_MP_Buttons_Down_,1
111,D:\MOX\OTHERS\MULTPLAY.C,Draw_Modem_Setup_Screen_,48,D:\MOX\OTHERS\HAROLD.C,H_Message_,1
111,D:\MOX\OTHERS\MULTPLAY.C,Draw_Modem_Setup_Screen_,55,D:\MOX\OTHERS\MISC.C,Font_Colors2_,5
111,D:\MOX\OTHERS\MULTPLAY.C,Draw_Modem_Setup_Screen_,55,D:\MOX\OTHERS\MISC.C,Get_Font_Style_,1
111,D:\MOX\OTHERS\MULTPLAY.C,Draw_Modem_Setup_Screen_,55,D:\MOX\OTHERS\MISC.C,Set_Fitted_Font_Style_,1
111,D:\MOX\OTHERS\MULTPLAY.C,Draw_Modem_Setup_Screen_,111,D:\MOX\OTHERS\MULTPLAY.C,Print_Modem_Strings_,2
111,D:\MOX\OTHERS\MULTPLAY.C,Draw_Net_Next_Turn_Screen_,47,D:\MOX\OTHERS\HACCESS.C,Race_Name_String_,1
111,D:\MOX\OTHERS\MULTPLAY.C,Draw_Net_Next_Turn_Screen_,52,D:\MOX\OTHERS\MAINSCR.C,Draw_Mini_Main_Screen_,1
111,D:\MOX\OTHERS\MULTPLAY.C,Draw_Net_Next_Turn_Screen_,55,D:\MOX\OTHERS\MISC.C,Font_Colors2_,6
111,D:\MOX\OTHERS\MULTPLAY.C,Draw_Net_Next_Turn_Screen_,111,D:\MOX\OTHERS\MULTPLAY.C,Draw_Fill_Seg_,1
111,D:\MOX\OTHERS\MULTPLAY.C,Draw_Net_Next_Turn_Screen_,111,D:\MOX\OTHERS\MULTPLAY.C,Draw_Multi_Player_Banner_,1
111,D:\MOX\OTHERS\MULTPLAY.C,Draw_Net_Next_Turn_Screen_,111,D:\MOX\OTHERS\MULTPLAY.C,Get_Main_Palette_Base_Colors_,3
111,D:\MOX\OTHERS\MULTPLAY.C,Draw_NullModem_Setup_Screen_,55,D:\MOX\OTHERS\MISC.C,Font_Colors2_,5
111,D:\MOX\OTHERS\MULTPLAY.C,Draw_SendGet_Net_Info_Screen_,55,D:\MOX\OTHERS\MISC.C,Font_Colors2_,1
111,D:\MOX\OTHERS\MULTPLAY.C,Draw_Wait_For_New_Joiners_Screen_,48,D:\MOX\OTHERS\HAROLD.C,H_Message_,1
111,D:\MOX\OTHERS\MULTPLAY.C,Draw_Wait_For_New_Joiners_Screen_,55,D:\MOX\OTHERS\MISC.C,Font_Colors2_,1
111,D:\MOX\OTHERS\MULTPLAY.C,Draw_Wait_For_Race_Info_Screen_,48,D:\MOX\OTHERS\HAROLD.C,H_Message_,1
111,D:\MOX\OTHERS\MULTPLAY.C,Draw_Wait_For_Race_Info_Screen_,55,D:\MOX\OTHERS\MISC.C,Font_Colors2_,1
111,D:\MOX\OTHERS\MULTPLAY.C,Get_Net_Next_Turn_Player_Colors_,55,D:\MOX\OTHERS\MISC.C,Font_Colors2_,6
111,D:\MOX\OTHERS\MULTPLAY.C,Get_Player_Colors_,55,D:\MOX\OTHERS\MISC.C,Font_Colors2_,3
111,D:\MOX\OTHERS\MULTPLAY.C,Get_Valid_MP_Save_Games_,3,L:\MOX\FILEDEF.C,Get_Game_Type_From_Saved_Game_,1
111,D:\MOX\OTHERS\MULTPLAY.C,Hotseat_Add_Next_Player_Fields_,111,D:\MOX\OTHERS\MULTPLAY.C,Add_Banner_Field_,1
111,D:\MOX\OTHERS\MULTPLAY.C,Hotseat_Draw_Next_Player_,55,D:\MOX\OTHERS\MISC.C,Font_Colors2_,1
111,D:\MOX\OTHERS\MULTPLAY.C,Hotseat_Draw_Next_Player_,111,D:\MOX\OTHERS\MULTPLAY.C,Draw_Multi_Player_Banner_,1
111,D:\MOX\OTHERS\MULTPLAY.C,Hotseat_Draw_Next_Player_,111,D:\MOX\OTHERS\MULTPLAY.C,Get_Player_Colors_,1
111,D:\MOX\OTHERS\MULTPLAY.C,Hotseat_Draw_Next_Player_,111,D:\MOX\OTHERS\MULTPLAY.C,Hotseat_Print_Player_Data_,1
111,D:\MOX\OTHERS\MULTPLAY.C,Hotseat_Load_Next_Player_,111,D:\MOX\OTHERS\MULTPLAY.C,Hotseat_Get_Colors_,1
111,D:\MOX\OTHERS\MULTPLAY.C,Hotseat_Load_Next_Player_,111,D:\MOX\OTHERS\MULTPLAY.C,Hotseat_Get_N_Valid_Players_,1
111,D:\MOX\OTHERS\MULTPLAY.C,Hotseat_Load_Next_Player_,111,D:\MOX\OTHERS\MULTPLAY.C,Hotseat_Set_Next_Player_Status_,1
111,D:\MOX\OTHERS\MULTPLAY.C,Hotseat_Print_Player_Data_,48,D:\MOX\OTHERS\HAROLD.C,H_Message_,1
111,D:\MOX\OTHERS\MULTPLAY.C,Hotseat_Print_Player_Data_,55,D:\MOX\OTHERS\MISC.C,Get_Comma_String_,1
111,D:\MOX\OTHERS\MULTPLAY.C,Hotseat_Print_Player_Data_,60,D:\MOX\OTHERS\SCORE.C,Player_Score_,1
111,D:\MOX\OTHERS\MULTPLAY.C,Hotseat_Select_Player_,1,L:\MOX\MOX2.C,_TOGGLE_PAGES_,1
111,D:\MOX\OTHERS\MULTPLAY.C,Hotseat_Select_Player_,52,D:\MOX\OTHERS\MAINSCR.C,Center_Map_,1
111,D:\MOX\OTHERS\MULTPLAY.C,Hotseat_Select_Player_,52,D:\MOX\OTHERS\MAINSCR.C,Fade_Into_Main_Screen_,1
111,D:\MOX\OTHERS\MULTPLAY.C,Hotseat_Select_Player_,52,D:\MOX\OTHERS\MAINSCR.C,Restore_Hotseat_Map_Info_,2
111,D:\MOX\OTHERS\MULTPLAY.C,Hotseat_Select_Player_,52,D:\MOX\OTHERS\MAINSCR.C,Update_Ship_Icons_In_Between_Turns_,1
111,D:\MOX\OTHERS\MULTPLAY.C,Hotseat_Select_Player_,55,D:\MOX\OTHERS\MISC.C,Fade_Into_Screen_,2
111,D:\MOX\OTHERS\MULTPLAY.C,Hotseat_Select_Player_,111,D:\MOX\OTHERS\MULTPLAY.C,Hotseat_Add_Next_Player_Fields_,1
111,D:\MOX\OTHERS\MULTPLAY.C,Hotseat_Select_Player_,111,D:\MOX\OTHERS\MULTPLAY.C,Hotseat_Draw_Next_Player_,1
111,D:\MOX\OTHERS\MULTPLAY.C,Hotseat_Select_Player_,111,D:\MOX\OTHERS\MULTPLAY.C,Hotseat_Load_Next_Player_,1
111,D:\MOX\OTHERS\MULTPLAY.C,Hotseat_Select_Player_,116,D:\MOX\OTHERS\REPORT.C,Must_Display_Reports_,1
111,D:\MOX\OTHERS\MULTPLAY.C,Hotseat_Set_Next_Player_Status_,111,D:\MOX\OTHERS\MULTPLAY.C,Hotseat_Player_Status_,1
111,D:\MOX\OTHERS\MULTPLAY.C,Load_Choose_Multi_Net_Game_Screen_,117,D:\MOX\OTHERS\RUSS.C,Mox_Update_,1
111,D:\MOX\OTHERS\MULTPLAY.C,Load_Choose_Net_Plyrs_Screen_,48,D:\MOX\OTHERS\HAROLD.C,Get_N_Remaining_Humans_,1
111,D:\MOX\OTHERS\MULTPLAY.C,Load_Choose_Net_Plyrs_Screen_,117,D:\MOX\OTHERS\RUSS.C,Mox_Update_,1
111,D:\MOX\OTHERS\MULTPLAY.C,Load_Load_MP_Game_Screen_,117,D:\MOX\OTHERS\RUSS.C,Mox_Update_,1
111,D:\MOX\OTHERS\MULTPLAY.C,Load_MP_Setup_Pictures_,111,D:\MOX\OTHERS\MULTPLAY.C,Copy_Modem_Defaults_To_Net_Struct_,1
111,D:\MOX\OTHERS\MULTPLAY.C,Load_MP_Setup_Pictures_,117,D:\MOX\OTHERS\RUSS.C,Mox_Update_,1
111,D:\MOX\OTHERS\MULTPLAY.C,Load_Multi_Player_Game_Screen_,1,L:\MOX\MOX2.C,Get_Auto_Function_,1
111,D:\MOX\OTHERS\MULTPLAY.C,Load_Multi_Player_Game_Screen_,1,L:\MOX\MOX2.C,Put_Auto_Function_,1
111,D:\MOX\OTHERS\MULTPLAY.C,Load_Multi_Player_Game_Screen_,1,L:\MOX\MOX2.C,_TOGGLE_PAGES_,1
111,D:\MOX\OTHERS\MULTPLAY.C,Load_Multi_Player_Game_Screen_,3,L:\MOX\FILEDEF.C,Get_Saved_Game_Descriptions_,1
111,D:\MOX\OTHERS\MULTPLAY.C,Load_Multi_Player_Game_Screen_,3,L:\MOX\FILEDEF.C,Load_Game_,1
111,D:\MOX\OTHERS\MULTPLAY.C,Load_Multi_Player_Game_Screen_,46,D:\MOX\OTHERS\GENDRAW.C,Warning_Box_,1
111,D:\MOX\OTHERS\MULTPLAY.C,Load_Multi_Player_Game_Screen_,48,D:\MOX\OTHERS\HAROLD.C,H_Message_,1
111,D:\MOX\OTHERS\MULTPLAY.C,Load_Multi_Player_Game_Screen_,50,D:\MOX\OTHERS\LOADSAVE.C,Get_Save_Game_Date_Strings_,1
111,D:\MOX\OTHERS\MULTPLAY.C,Load_Multi_Player_Game_Screen_,50,D:\MOX\OTHERS\LOADSAVE.C,Get_Star_Date_Strings_,1
111,D:\MOX\OTHERS\MULTPLAY.C,Load_Multi_Player_Game_Screen_,55,D:\MOX\OTHERS\MISC.C,Fade_Into_Screen_,1
111,D:\MOX\OTHERS\MULTPLAY.C,Load_Multi_Player_Game_Screen_,111,D:\MOX\OTHERS\MULTPLAY.C,Add_Load_MP_Game_Screen_Fields_,1
111,D:\MOX\OTHERS\MULTPLAY.C,Load_Multi_Player_Game_Screen_,111,D:\MOX\OTHERS\MULTPLAY.C,Change_MP_Game_Name_,1
111,D:\MOX\OTHERS\MULTPLAY.C,Load_Multi_Player_Game_Screen_,111,D:\MOX\OTHERS\MULTPLAY.C,Draw_Load_MP_Game_Screen_,1
111,D:\MOX\OTHERS\MULTPLAY.C,Load_Multi_Player_Game_Screen_,111,D:\MOX\OTHERS\MULTPLAY.C,Load_Load_MP_Game_Screen_,1
111,D:\MOX\OTHERS\MULTPLAY.C,Load_Net_Next_Turn_Screen_,48,D:\MOX\OTHERS\HAROLD.C,Get_N_Remaining_Humans_,1
111,D:\MOX\OTHERS\MULTPLAY.C,Load_Net_Next_Turn_Screen_,55,D:\MOX\OTHERS\MISC.C,Fade_Into_Screen_,1
111,D:\MOX\OTHERS\MULTPLAY.C,Load_Net_Next_Turn_Screen_,111,D:\MOX\OTHERS\MULTPLAY.C,Add_Net_Next_Turn_Fields_,1
111,D:\MOX\OTHERS\MULTPLAY.C,Load_Net_Next_Turn_Screen_,111,D:\MOX\OTHERS\MULTPLAY.C,Get_Net_Next_Turn_Player_Colors_,1
111,D:\MOX\OTHERS\MULTPLAY.C,Load_Net_Next_Turn_Screen_,117,D:\MOX\OTHERS\RUSS.C,Mox_Update_,1
111,D:\MOX\OTHERS\MULTPLAY.C,Modem_Setup_Screen_,1,L:\MOX\MOX2.C,_TOGGLE_PAGES_,1
111,D:\MOX\OTHERS\MULTPLAY.C,Modem_Setup_Screen_,3,L:\MOX\FILEDEF.C,Save_Game_Settings_,1
111,D:\MOX\OTHERS\MULTPLAY.C,Modem_Setup_Screen_,48,D:\MOX\OTHERS\HAROLD.C,Load_Language_Fonts_,2
111,D:\MOX\OTHERS\MULTPLAY.C,Modem_Setup_Screen_,111,D:\MOX\OTHERS\MULTPLAY.C,Add_Modem_Setup_Fields_,1
111,D:\MOX\OTHERS\MULTPLAY.C,Modem_Setup_Screen_,111,D:\MOX\OTHERS\MULTPLAY.C,Add_Modem_String_Fields_,2
111,D:\MOX\OTHERS\MULTPLAY.C,Modem_Setup_Screen_,111,D:\MOX\OTHERS\MULTPLAY.C,Check_Modem_Init_Help_Fields_,1
111,D:\MOX\OTHERS\MULTPLAY.C,Modem_Setup_Screen_,111,D:\MOX\OTHERS\MULTPLAY.C,Draw_Modem_Setup_Screen_,1
111,D:\MOX\OTHERS\MULTPLAY.C,Modem_Setup_Screen_,111,D:\MOX\OTHERS\MULTPLAY.C,Load_Modem_Setup_Screen_,1
111,D:\MOX\OTHERS\MULTPLAY.C,Multi_Player_Screen_,1,L:\MOX\MOX2.C,Get_Auto_Function_,1
111,D:\MOX\OTHERS\MULTPLAY.C,Multi_Player_Screen_,1,L:\MOX\MOX2.C,Put_Auto_Function_,1
111,D:\MOX\OTHERS\MULTPLAY.C,Multi_Player_Screen_,1,L:\MOX\MOX2.C,_TOGGLE_PAGES_,4
111,D:\MOX\OTHERS\MULTPLAY.C,Multi_Player_Screen_,3,L:\MOX\FILEDEF.C,Save_Game_Settings_,2
111,D:\MOX\OTHERS\MULTPLAY.C,Multi_Player_Screen_,42,D:\MOX\OTHERS\EVANHELP.C,Set_Multi_Player_Setup_Screen_Help_List_,2
111,D:\MOX\OTHERS\MULTPLAY.C,Multi_Player_Screen_,46,D:\MOX\OTHERS\GENDRAW.C,Do_Confirmation_Box_,2
111,D:\MOX\OTHERS\MULTPLAY.C,Multi_Player_Screen_,46,D:\MOX\OTHERS\GENDRAW.C,Warning_Box_,1
111,D:\MOX\OTHERS\MULTPLAY.C,Multi_Player_Screen_,48,D:\MOX\OTHERS\HAROLD.C,H_Message_,6
111,D:\MOX\OTHERS\MULTPLAY.C,Multi_Player_Screen_,64,D:\MOX\OTHERS\TEXTBOX.C,Text_Box_,1
111,D:\MOX\OTHERS\MULTPLAY.C,Multi_Player_Screen_,79,D:\MOX\OTHERS\ERIC.C,Fast_Fade_In_,1
111,D:\MOX\OTHERS\MULTPLAY.C,Multi_Player_Screen_,79,D:\MOX\OTHERS\ERIC.C,Fast_Fade_Out_,1
111,D:\MOX\OTHERS\MULTPLAY.C,Multi_Player_Screen_,111,D:\MOX\OTHERS\MULTPLAY.C,Add_MP_Setup_Screen_Fields_,3
111,D:\MOX\OTHERS\MULTPLAY.C,Multi_Player_Screen_,111,D:\MOX\OTHERS\MULTPLAY.C,Draw_MP_Setup_Screen_,3
111,D:\MOX\OTHERS\MULTPLAY.C,Multi_Player_Screen_,111,D:\MOX\OTHERS\MULTPLAY.C,Get_Valid_MP_Save_Games_,1
111,D:\MOX\OTHERS\MULTPLAY.C,Multi_Player_Screen_,111,D:\MOX\OTHERS\MULTPLAY.C,Load_MP_Setup_Pictures_,3
111,D:\MOX\OTHERS\MULTPLAY.C,Multi_Player_Screen_,111,D:\MOX\OTHERS\MULTPLAY.C,Load_Multi_Player_Game_Screen_,1
111,D:\MOX\OTHERS\MULTPLAY.C,Multi_Player_Screen_,111,D:\MOX\OTHERS\MULTPLAY.C,Modem_Setup_Screen_,1
111,D:\MOX\OTHERS\MULTPLAY.C,Multi_Player_Screen_,111,D:\MOX\OTHERS\MULTPLAY.C,NullModem_Setup_Screen_,1
111,D:\MOX\OTHERS\MULTPLAY.C,NullModem_Setup_Screen_,1,L:\MOX\MOX2.C,_TOGGLE_PAGES_,1
111,D:\MOX\OTHERS\MULTPLAY.C,NullModem_Setup_Screen_,42,D:\MOX\OTHERS\EVANHELP.C,Set_Null_Modem_Setup_Screen_Help_List_,1
111,D:\MOX\OTHERS\MULTPLAY.C,NullModem_Setup_Screen_,111,D:\MOX\OTHERS\MULTPLAY.C,Add_NullModem_Setup_Fields_,1
111,D:\MOX\OTHERS\MULTPLAY.C,NullModem_Setup_Screen_,111,D:\MOX\OTHERS\MULTPLAY.C,Draw_NullModem_Setup_Screen_,1
111,D:\MOX\OTHERS\MULTPLAY.C,NullModem_Setup_Screen_,111,D:\MOX\OTHERS\MULTPLAY.C,Load_NullModem_Setup_Screen_,1
111,D:\MOX\OTHERS\MULTPLAY.C,Print_Modem_Strings_,55,D:\MOX\OTHERS\MISC.C,Font_Colors2_,2
111,D:\MOX\OTHERS\MULTPLAY.C,Reload_Getting_Data_Info_,111,D:\MOX\OTHERS\MULTPLAY.C,Reload_Generic_Net_Info_,1
111,D:\MOX\OTHERS\MULTPLAY.C,Reload_Sending_Data_Info_,55,D:\MOX\OTHERS\MISC.C,Fade_Into_Screen_,1
111,D:\MOX\OTHERS\MULTPLAY.C,Reload_Sending_Data_Info_,111,D:\MOX\OTHERS\MULTPLAY.C,Reload_Generic_Net_Info_,1
111,D:\MOX\OTHERS\MULTPLAY.C,Reload_Waiting_For_Joiners_Screen_,111,D:\MOX\OTHERS\MULTPLAY.C,Reload_Generic_Net_Info_,1
111,D:\MOX\OTHERS\MULTPLAY.C,Valid_Net_Games_,46,D:\MOX\OTHERS\GENDRAW.C,Warning_Box_,1
111,D:\MOX\OTHERS\MULTPLAY.C,Valid_Net_Games_,48,D:\MOX\OTHERS\HAROLD.C,H_Message_,1
111,D:\MOX\OTHERS\MULTPLAY.C,Valid_Net_Games_,111,D:\MOX\OTHERS\MULTPLAY.C,Get_Valid_MP_Save_Games_,1
112,D:\MOX\OTHERS\NETMOX.C,Accept_Diplomacy_Request_,14,D:\MOX\DIP-SCRN.C,Diplomacy_Screen_,1
112,D:\MOX\OTHERS\NETMOX.C,Accept_Diplomacy_Request_,46,D:\MOX\OTHERS\GENDRAW.C,Message_Box_,2
112,D:\MOX\OTHERS\NETMOX.C,Accept_Diplomacy_Request_,112,D:\MOX\OTHERS\NETMOX.C,Mox_Send_Message_,1
112,D:\MOX\OTHERS\NETMOX.C,Accept_Diplomacy_Request_,112,D:\MOX\OTHERS\NETMOX.C,Net_Cancel_Human_Diplomacy_Request_,1
112,D:\MOX\OTHERS\NETMOX.C,Accept_Diplomacy_Request_,117,D:\MOX\OTHERS\RUSS.C,Mox_Update_,1
112,D:\MOX\OTHERS\NETMOX.C,Broadcast_Game_Data_Differential_,1,L:\MOX\MOX2.C,_TOGGLE_PAGES_,1
112,D:\MOX\OTHERS\NETMOX.C,Broadcast_Game_Data_Differential_,112,D:\MOX\OTHERS\NETMOX.C,Make_Difference_Buffer_,1
112,D:\MOX\OTHERS\NETMOX.C,Broadcast_Game_Data_Differential_,112,D:\MOX\OTHERS\NETMOX.C,Mox_Send_Message_,2
112,D:\MOX\OTHERS\NETMOX.C,Broadcast_Game_Data_Differential_,112,D:\MOX\OTHERS\NETMOX.C,Open_Modem_File_,3
112,D:\MOX\OTHERS\NETMOX.C,Broadcast_Game_Data_Differential_,112,D:\MOX\OTHERS\NETMOX.C,Write_Modem_File_,2
112,D:\MOX\OTHERS\NETMOX.C,Broadcast_Game_Data_Differential_,117,D:\MOX\OTHERS\RUSS.C,Mox_Update_,7
112,D:\MOX\OTHERS\NETMOX.C,Close_Modem_File_,117,D:\MOX\OTHERS\RUSS.C,Mox_Update_,1
112,D:\MOX\OTHERS\NETMOX.C,Decode_Battle_Results_,52,D:\MOX\OTHERS\MAINSCR.C,Update_Ship_Icons_In_Between_Turns_,1
112,D:\MOX\OTHERS\NETMOX.C,Decode_Battle_Results_,62,D:\MOX\OTHERS\SHIPS.C,Kill_Ship_,2
112,D:\MOX\OTHERS\NETMOX.C,Decode_Battle_Results_,100,D:\MOX\OTHERS\BOMB.C,Destroy_Colony_,1
112,D:\MOX\OTHERS\NETMOX.C,Decode_Battle_Results_,102,D:\MOX\OTHERS\COLCALC.C,Compute_Star_Colony_Stuff_,1
112,D:\MOX\OTHERS\NETMOX.C,Decode_Battle_Results_,104,D:\MOX\OTHERS\COMBFIND.C,Decode_Star_Player_Presence_,1
112,D:\MOX\OTHERS\NETMOX.C,Decode_Battle_Results_,117,D:\MOX\OTHERS\RUSS.C,Mox_Update_,5
112,D:\MOX\OTHERS\NETMOX.C,Decode_Broadcast_Game_Data_Differential_,112,D:\MOX\OTHERS\NETMOX.C,Decode_Difference_Buffer_,1
112,D:\MOX\OTHERS\NETMOX.C,Decode_Broadcast_Game_Data_Differential_,112,D:\MOX\OTHERS\NETMOX.C,Open_Modem_File_,2
112,D:\MOX\OTHERS\NETMOX.C,Decode_Broadcast_Game_Data_Differential_,112,D:\MOX\OTHERS\NETMOX.C,Write_Modem_File_,1
112,D:\MOX\OTHERS\NETMOX.C,Decode_Broadcast_Game_Data_Differential_,116,D:\MOX\OTHERS\REPORT.C,Client_Initialize_Reports_,1
112,D:\MOX\OTHERS\NETMOX.C,Decode_Broadcast_Game_Data_Differential_,117,D:\MOX\OTHERS\RUSS.C,Mox_Update_,7
112,D:\MOX\OTHERS\NETMOX.C,Decode_Difference_Buffer_,112,D:\MOX\OTHERS\NETMOX.C,fread_modem_file_,1
112,D:\MOX\OTHERS\NETMOX.C,Decode_Difference_Buffer_,112,D:\MOX\OTHERS\NETMOX.C,fseek_modem_file_,2
112,D:\MOX\OTHERS\NETMOX.C,Decode_Difference_Buffer_,117,D:\MOX\OTHERS\RUSS.C,Mox_Update_,2
112,D:\MOX\OTHERS\NETMOX.C,Decode_Drop_Out_Info_,117,D:\MOX\OTHERS\RUSS.C,Make_Player_Into_AI_,1
112,D:\MOX\OTHERS\NETMOX.C,Decode_Game_Orders_,62,D:\MOX\OTHERS\SHIPS.C,Kill_Ship_,2
112,D:\MOX\OTHERS\NETMOX.C,Decode_Game_Orders_,117,D:\MOX\OTHERS\RUSS.C,Mox_Update_,7
112,D:\MOX\OTHERS\NETMOX.C,Decode_Pick_Target_Info_,52,D:\MOX\OTHERS\MAINSCR.C,Update_Ship_Icons_In_Between_Turns_,1
112,D:\MOX\OTHERS\NETMOX.C,Decode_Pick_Target_Info_,104,D:\MOX\OTHERS\COMBFIND.C,Copy_Target_Info_,1
112,D:\MOX\OTHERS\NETMOX.C,Decode_Pick_Target_Info_,104,D:\MOX\OTHERS\COMBFIND.C,Decode_Star_Player_Presence_,1
112,D:\MOX\OTHERS\NETMOX.C,Decode_Pick_Target_Info_,117,D:\MOX\OTHERS\RUSS.C,Mox_Update_,6
112,D:\MOX\OTHERS\NETMOX.C,Decode_You_Are_Target_Info_,104,D:\MOX\OTHERS\COMBFIND.C,Decode_Star_Player_Presence_,1
112,D:\MOX\OTHERS\NETMOX.C,Decode_You_Are_Target_Info_,104,D:\MOX\OTHERS\COMBFIND.C,Target_Colony_To_Planet_,1
112,D:\MOX\OTHERS\NETMOX.C,Get_Next_AI_Talker_,117,D:\MOX\OTHERS\RUSS.C,Get_Weighted_Choice_Char_,1
112,D:\MOX\OTHERS\NETMOX.C,Human_Abdicates_,112,D:\MOX\OTHERS\NETMOX.C,Send_Drop_Out_Info_,1
112,D:\MOX\OTHERS\NETMOX.C,Main_Receive_Message_,15,D:\MOX\EVENTS.C,Event_Monster_Update_,1
112,D:\MOX\OTHERS\NETMOX.C,Main_Receive_Message_,27,D:\MOX\DIPLOMAC.C,Change_Relations_,1
112,D:\MOX\OTHERS\NETMOX.C,Main_Receive_Message_,27,D:\MOX\DIPLOMAC.C,Declare_War_,1
112,D:\MOX\OTHERS\NETMOX.C,Main_Receive_Message_,101,D:\MOX\OTHERS\CHAT.C,Receive_Chat_Msg_,1
112,D:\MOX\OTHERS\NETMOX.C,Main_Receive_Message_,112,D:\MOX\OTHERS\NETMOX.C,Decode_Battle_Results_,1
112,D:\MOX\OTHERS\NETMOX.C,Main_Receive_Message_,112,D:\MOX\OTHERS\NETMOX.C,Decode_Drop_Out_Info_,1
112,D:\MOX\OTHERS\NETMOX.C,Main_Receive_Message_,112,D:\MOX\OTHERS\NETMOX.C,Decode_Pick_Target_Info_,1
112,D:\MOX\OTHERS\NETMOX.C,Main_Receive_Message_,112,D:\MOX\OTHERS\NETMOX.C,Decode_You_Are_Target_Info_,1
112,D:\MOX\OTHERS\NETMOX.C,Main_Receive_Message_,112,D:\MOX\OTHERS\NETMOX.C,Get_Next_AI_Talker_,3
112,D:\MOX\OTHERS\NETMOX.C,Main_Receive_Message_,114,D:\MOX\OTHERS\NETTURN.C,Net_Init_Host_Election_,1
112,D:\MOX\OTHERS\NETMOX.C,Make_Difference_Buffer_,112,D:\MOX\OTHERS\NETMOX.C,fgetc_modem_file_,1
112,D:\MOX\OTHERS\NETMOX.C,Make_Difference_Buffer_,112,D:\MOX\OTHERS\NETMOX.C,fseek_modem_file_,1
112,D:\MOX\OTHERS\NETMOX.C,Make_Difference_Buffer_,117,D:\MOX\OTHERS\RUSS.C,Mox_Update_,1
112,D:\MOX\OTHERS\NETMOX.C,Mox_Net_Update_,104,D:\MOX\OTHERS\COMBFIND.C,Do_Net_Combat_Update_,1
112,D:\MOX\OTHERS\NETMOX.C,Mox_Net_Update_,112,D:\MOX\OTHERS\NETMOX.C,Mox_Send_Message_,12
112,D:\MOX\OTHERS\NETMOX.C,Mox_Net_Update_,117,D:\MOX\OTHERS\RUSS.C,Mox_Update_,1
112,D:\MOX\OTHERS\NETMOX.C,Mox_Send_Message_,112,D:\MOX\OTHERS\NETMOX.C,Receive_Message_,1
112,D:\MOX\OTHERS\NETMOX.C,Net_Cancel_AI_Diplomacy_Request_,112,D:\MOX\OTHERS\NETMOX.C,Mox_Send_Message_,1
112,D:\MOX\OTHERS\NETMOX.C,Net_Cancel_Human_Diplomacy_Request_,112,D:\MOX\OTHERS\NETMOX.C,Mox_Send_Message_,1
112,D:\MOX\OTHERS\NETMOX.C,Net_End_AI_Diplomacy_,112,D:\MOX\OTHERS\NETMOX.C,Mox_Send_Message_,1
112,D:\MOX\OTHERS\NETMOX.C,Net_Request_AI_Diplomacy_,112,D:\MOX\OTHERS\NETMOX.C,Mox_Send_Message_,1
112,D:\MOX\OTHERS\NETMOX.C,Open_Modem_File_,117,D:\MOX\OTHERS\RUSS.C,Mox_Update_,1
112,D:\MOX\OTHERS\NETMOX.C,Receive_Message_,14,D:\MOX\DIP-SCRN.C,Diplomacy_Receive_Message_,1
112,D:\MOX\OTHERS\NETMOX.C,Receive_Message_,23,D:\MOX\OTHERS\CMBTMOV1.C,Tactical_Combat_Receive_Message_,1
112,D:\MOX\OTHERS\NETMOX.C,Receive_Message_,112,D:\MOX\OTHERS\NETMOX.C,Main_Receive_Message_,1
112,D:\MOX\OTHERS\NETMOX.C,Receive_Message_,112,D:\MOX\OTHERS\NETMOX.C,Net_Id_To_Player_Id_,1
112,D:\MOX\OTHERS\NETMOX.C,Russ_Change_Relations_,27,D:\MOX\DIPLOMAC.C,Change_Relations_,1
112,D:\MOX\OTHERS\NETMOX.C,Russ_Change_Relations_,112,D:\MOX\OTHERS\NETMOX.C,Mox_Send_Message_,1
112,D:\MOX\OTHERS\NETMOX.C,Russ_Event_Monster_Update_,15,D:\MOX\EVENTS.C,Event_Monster_Update_,1
112,D:\MOX\OTHERS\NETMOX.C,Russ_Event_Monster_Update_,112,D:\MOX\OTHERS\NETMOX.C,Mox_Send_Message_,1
112,D:\MOX\OTHERS\NETMOX.C,Send_Battle_Results_,104,D:\MOX\OTHERS\COMBFIND.C,Send_Star_Player_Presence_,1
112,D:\MOX\OTHERS\NETMOX.C,Send_Battle_Results_,111,D:\MOX\OTHERS\MULTPLAY.C,Chat_Box_Input_Loop_,1
112,D:\MOX\OTHERS\NETMOX.C,Send_Battle_Results_,112,D:\MOX\OTHERS\NETMOX.C,Mox_Send_Message_,4
112,D:\MOX\OTHERS\NETMOX.C,Send_Battle_Results_,117,D:\MOX\OTHERS\RUSS.C,Mox_Update_,7
112,D:\MOX\OTHERS\NETMOX.C,Send_Dragon_Info_,112,D:\MOX\OTHERS\NETMOX.C,Mox_Send_Message_,1
112,D:\MOX\OTHERS\NETMOX.C,Send_Drop_Out_Info_,112,D:\MOX\OTHERS\NETMOX.C,Mox_Send_Message_,1
112,D:\MOX\OTHERS\NETMOX.C,Send_Drop_Out_Info_,117,D:\MOX\OTHERS\RUSS.C,Make_Player_Into_AI_,1
112,D:\MOX\OTHERS\NETMOX.C,Send_Drop_Out_Info_,117,D:\MOX\OTHERS\RUSS.C,Mox_Update_,1
112,D:\MOX\OTHERS\NETMOX.C,Send_Game_Orders_,111,D:\MOX\OTHERS\MULTPLAY.C,Chat_Box_Input_Loop_,1
112,D:\MOX\OTHERS\NETMOX.C,Send_Game_Orders_,112,D:\MOX\OTHERS\NETMOX.C,Mox_Send_Message_,2
112,D:\MOX\OTHERS\NETMOX.C,Send_Game_Orders_,117,D:\MOX\OTHERS\RUSS.C,Mox_Update_,6
112,D:\MOX\OTHERS\NETMOX.C,Send_Pick_Target_Info_,104,D:\MOX\OTHERS\COMBFIND.C,Send_Star_Player_Presence_,1
112,D:\MOX\OTHERS\NETMOX.C,Send_Pick_Target_Info_,111,D:\MOX\OTHERS\MULTPLAY.C,Chat_Box_Input_Loop_,1
112,D:\MOX\OTHERS\NETMOX.C,Send_Pick_Target_Info_,112,D:\MOX\OTHERS\NETMOX.C,Mox_Send_Message_,2
112,D:\MOX\OTHERS\NETMOX.C,Send_Pick_Target_Info_,117,D:\MOX\OTHERS\RUSS.C,Mox_Update_,7
112,D:\MOX\OTHERS\NETMOX.C,Send_Pick_Your_Position_,112,D:\MOX\OTHERS\NETMOX.C,Mox_Send_Message_,1
112,D:\MOX\OTHERS\NETMOX.C,Send_You_Are_Target_Info_,104,D:\MOX\OTHERS\COMBFIND.C,Send_Star_Player_Presence_,1
112,D:\MOX\OTHERS\NETMOX.C,Send_You_Are_Target_Info_,111,D:\MOX\OTHERS\MULTPLAY.C,Chat_Box_Input_Loop_,1
112,D:\MOX\OTHERS\NETMOX.C,Send_You_Are_Target_Info_,112,D:\MOX\OTHERS\NETMOX.C,Mox_Send_Message_,2
112,D:\MOX\OTHERS\NETMOX.C,Send_You_Are_Target_Info_,117,D:\MOX\OTHERS\RUSS.C,Mox_Update_,6
112,D:\MOX\OTHERS\NETMOX.C,Write_Modem_File_,112,D:\MOX\OTHERS\NETMOX.C,fseek_modem_file_,1
112,D:\MOX\OTHERS\NETMOX.C,Write_Modem_File_,112,D:\MOX\OTHERS\NETMOX.C,fwrite_modem_file_,1
112,D:\MOX\OTHERS\NETMOX.C,Write_Modem_File_,117,D:\MOX\OTHERS\RUSS.C,Mox_Update_,3
113,D:\MOX\OTHERS\NETSTART.C,Do_Answer_,46,D:\MOX\OTHERS\GENDRAW.C,Message_Box_,1
113,D:\MOX\OTHERS\NETSTART.C,Do_Answer_,117,D:\MOX\OTHERS\RUSS.C,Mox_Update_,1
113,D:\MOX\OTHERS\NETSTART.C,Do_Dial_,46,D:\MOX\OTHERS\GENDRAW.C,Message_Box_,2
113,D:\MOX\OTHERS\NETSTART.C,Do_Dial_,117,D:\MOX\OTHERS\RUSS.C,Mox_Update_,1
113,D:\MOX\OTHERS\NETSTART.C,Join_Net_Screen_,1,L:\MOX\MOX2.C,_TOGGLE_PAGES_,2
113,D:\MOX\OTHERS\NETSTART.C,Join_Net_Screen_,46,D:\MOX\OTHERS\GENDRAW.C,Message_Box_,4
113,D:\MOX\OTHERS\NETSTART.C,Join_Net_Screen_,55,D:\MOX\OTHERS\MISC.C,Fade_Into_Screen_,1
113,D:\MOX\OTHERS\NETSTART.C,Join_Net_Screen_,111,D:\MOX\OTHERS\MULTPLAY.C,Choose_Multi_Network_Game_Screen_,1
113,D:\MOX\OTHERS\NETSTART.C,Join_Net_Screen_,111,D:\MOX\OTHERS\MULTPLAY.C,Draw_Join_Net_Screen_,2
113,D:\MOX\OTHERS\NETSTART.C,Join_Net_Screen_,111,D:\MOX\OTHERS\MULTPLAY.C,Reload_Initializing_Net_Info_,1
113,D:\MOX\OTHERS\NETSTART.C,Join_Net_Screen_,111,D:\MOX\OTHERS\MULTPLAY.C,Reload_Join_Net_Screen_,1
113,D:\MOX\OTHERS\NETSTART.C,Join_Net_Screen_,112,D:\MOX\OTHERS\NETMOX.C,Mox_Send_Message_,2
113,D:\MOX\OTHERS\NETSTART.C,Join_Net_Screen_,113,D:\MOX\OTHERS\NETSTART.C,Do_Answer_,1
113,D:\MOX\OTHERS\NETSTART.C,Join_Net_Screen_,113,D:\MOX\OTHERS\NETSTART.C,Net_Pick_Position_,1
113,D:\MOX\OTHERS\NETSTART.C,Join_Net_Screen_,113,D:\MOX\OTHERS\NETSTART.C,Net_Select_Race_,1
113,D:\MOX\OTHERS\NETSTART.C,Join_Net_Screen_,114,D:\MOX\OTHERS\NETTURN.C,Net_Init_Host_Election_,1
113,D:\MOX\OTHERS\NETSTART.C,Join_Net_Screen_,117,D:\MOX\OTHERS\RUSS.C,Mox_Update_,4
113,D:\MOX\OTHERS\NETSTART.C,Load_Net_Screen_,1,L:\MOX\MOX2.C,_TOGGLE_PAGES_,4
113,D:\MOX\OTHERS\NETSTART.C,Load_Net_Screen_,4,L:\MOX\INITGAME.C,Set_Defaults_,1
113,D:\MOX\OTHERS\NETSTART.C,Load_Net_Screen_,46,D:\MOX\OTHERS\GENDRAW.C,Do_Confirmation_Box_,1
113,D:\MOX\OTHERS\NETSTART.C,Load_Net_Screen_,46,D:\MOX\OTHERS\GENDRAW.C,Message_Box_,2
113,D:\MOX\OTHERS\NETSTART.C,Load_Net_Screen_,48,D:\MOX\OTHERS\HAROLD.C,Harold_Init_,1
113,D:\MOX\OTHERS\NETSTART.C,Load_Net_Screen_,52,D:\MOX\OTHERS\MAINSCR.C,Update_Ship_Icons_In_Between_Turns_,1
113,D:\MOX\OTHERS\NETSTART.C,Load_Net_Screen_,54,D:\MOX\OTHERS\MAPGEN.C,Init_Main_Screen_,1
113,D:\MOX\OTHERS\NETSTART.C,Load_Net_Screen_,55,D:\MOX\OTHERS\MISC.C,Fade_Into_Screen_,1
113,D:\MOX\OTHERS\NETSTART.C,Load_Net_Screen_,102,D:\MOX\OTHERS\COLCALC.C,Do_Player_Colony_Calculations_,1
113,D:\MOX\OTHERS\NETSTART.C,Load_Net_Screen_,111,D:\MOX\OTHERS\MULTPLAY.C,Add_Waiting_For_Joiners_Field_,1
113,D:\MOX\OTHERS\NETSTART.C,Load_Net_Screen_,111,D:\MOX\OTHERS\MULTPLAY.C,Choose_Network_Plyrs_Screen_,1
113,D:\MOX\OTHERS\NETSTART.C,Load_Net_Screen_,111,D:\MOX\OTHERS\MULTPLAY.C,Draw_Join_Net_Screen_,1
113,D:\MOX\OTHERS\NETSTART.C,Load_Net_Screen_,111,D:\MOX\OTHERS\MULTPLAY.C,Draw_SendGet_Net_Info_Screen_,1
113,D:\MOX\OTHERS\NETSTART.C,Load_Net_Screen_,111,D:\MOX\OTHERS\MULTPLAY.C,Draw_Wait_For_New_Joiners_Screen_,2
113,D:\MOX\OTHERS\NETSTART.C,Load_Net_Screen_,111,D:\MOX\OTHERS\MULTPLAY.C,Reload_Initializing_Net_Info_,1
113,D:\MOX\OTHERS\NETSTART.C,Load_Net_Screen_,111,D:\MOX\OTHERS\MULTPLAY.C,Reload_Sending_Data_Info_,1
113,D:\MOX\OTHERS\NETSTART.C,Load_Net_Screen_,111,D:\MOX\OTHERS\MULTPLAY.C,Reload_Waiting_For_Joiners_Screen_,1
113,D:\MOX\OTHERS\NETSTART.C,Load_Net_Screen_,112,D:\MOX\OTHERS\NETMOX.C,Broadcast_Game_Data_Differential_,1
113,D:\MOX\OTHERS\NETSTART.C,Load_Net_Screen_,112,D:\MOX\OTHERS\NETMOX.C,Mox_Send_Message_,1
113,D:\MOX\OTHERS\NETSTART.C,Load_Net_Screen_,112,D:\MOX\OTHERS\NETMOX.C,Net_Id_To_Player_Id_,1
113,D:\MOX\OTHERS\NETSTART.C,Load_Net_Screen_,112,D:\MOX\OTHERS\NETMOX.C,Send_Pick_Your_Position_,1
113,D:\MOX\OTHERS\NETSTART.C,Load_Net_Screen_,113,D:\MOX\OTHERS\NETSTART.C,Do_Dial_,1
113,D:\MOX\OTHERS\NETSTART.C,Load_Net_Screen_,113,D:\MOX\OTHERS\NETSTART.C,Russ_Net_Create_Game_,1
113,D:\MOX\OTHERS\NETSTART.C,Load_Net_Screen_,114,D:\MOX\OTHERS\NETTURN.C,Net_Init_Host_Election_,1
113,D:\MOX\OTHERS\NETSTART.C,Load_Net_Screen_,117,D:\MOX\OTHERS\RUSS.C,Make_Player_Into_AI_,1
113,D:\MOX\OTHERS\NETSTART.C,Load_Net_Screen_,117,D:\MOX\OTHERS\RUSS.C,Mox_Update_,3
113,D:\MOX\OTHERS\NETSTART.C,Net_Pick_Position_,1,L:\MOX\MOX2.C,_TOGGLE_PAGES_,2
113,D:\MOX\OTHERS\NETSTART.C,Net_Pick_Position_,111,D:\MOX\OTHERS\MULTPLAY.C,Choose_Network_Plyrs_Screen_,1
113,D:\MOX\OTHERS\NETSTART.C,Net_Pick_Position_,111,D:\MOX\OTHERS\MULTPLAY.C,Draw_SendGet_Net_Info_Screen_,2
113,D:\MOX\OTHERS\NETSTART.C,Net_Pick_Position_,111,D:\MOX\OTHERS\MULTPLAY.C,Reload_Getting_Data_Info_,1
113,D:\MOX\OTHERS\NETSTART.C,Net_Pick_Position_,112,D:\MOX\OTHERS\NETMOX.C,Decode_Broadcast_Game_Data_Differential_,1
113,D:\MOX\OTHERS\NETSTART.C,Net_Pick_Position_,112,D:\MOX\OTHERS\NETMOX.C,Mox_Send_Message_,2
113,D:\MOX\OTHERS\NETSTART.C,Net_Select_Race_,1,L:\MOX\MOX2.C,_TOGGLE_PAGES_,3
113,D:\MOX\OTHERS\NETSTART.C,Net_Select_Race_,4,L:\MOX\INITGAME.C,Init_New_Session_,1
113,D:\MOX\OTHERS\NETSTART.C,Net_Select_Race_,4,L:\MOX\INITGAME.C,Set_Defaults_,1
113,D:\MOX\OTHERS\NETSTART.C,Net_Select_Race_,31,D:\MOX\OTHERS\RACESEL.C,Race_Selection_Screen_,1
113,D:\MOX\OTHERS\NETSTART.C,Net_Select_Race_,48,D:\MOX\OTHERS\HAROLD.C,Harold_Init_,1
113,D:\MOX\OTHERS\NETSTART.C,Net_Select_Race_,52,D:\MOX\OTHERS\MAINSCR.C,Update_Ship_Icons_In_Between_Turns_,1
113,D:\MOX\OTHERS\NETSTART.C,Net_Select_Race_,54,D:\MOX\OTHERS\MAPGEN.C,Init_Main_Screen_,1
113,D:\MOX\OTHERS\NETSTART.C,Net_Select_Race_,55,D:\MOX\OTHERS\MISC.C,Fade_Into_Screen_,1
113,D:\MOX\OTHERS\NETSTART.C,Net_Select_Race_,111,D:\MOX\OTHERS\MULTPLAY.C,Draw_Join_Net_Screen_,2
113,D:\MOX\OTHERS\NETSTART.C,Net_Select_Race_,111,D:\MOX\OTHERS\MULTPLAY.C,Draw_SendGet_Net_Info_Screen_,2
113,D:\MOX\OTHERS\NETSTART.C,Net_Select_Race_,111,D:\MOX\OTHERS\MULTPLAY.C,Reload_Generating_Map_Info_,1
113,D:\MOX\OTHERS\NETSTART.C,Net_Select_Race_,111,D:\MOX\OTHERS\MULTPLAY.C,Reload_Getting_Data_Info_,1
113,D:\MOX\OTHERS\NETSTART.C,Net_Select_Race_,112,D:\MOX\OTHERS\NETMOX.C,Decode_Broadcast_Game_Data_Differential_,1
113,D:\MOX\OTHERS\NETSTART.C,Net_Select_Race_,112,D:\MOX\OTHERS\NETMOX.C,Mox_Send_Message_,1
113,D:\MOX\OTHERS\NETSTART.C,Request_Banner_Color_,112,D:\MOX\OTHERS\NETMOX.C,Mox_Send_Message_,1
113,D:\MOX\OTHERS\NETSTART.C,Request_Banner_Color_,117,D:\MOX\OTHERS\RUSS.C,Mox_Update_,1
113,D:\MOX\OTHERS\NETSTART.C,Request_Race_,112,D:\MOX\OTHERS\NETMOX.C,Mox_Send_Message_,1
113,D:\MOX\OTHERS\NETSTART.C,Request_Race_,117,D:\MOX\OTHERS\RUSS.C,Mox_Update_,2
113,D:\MOX\OTHERS\NETSTART.C,Russ_Net_Create_Game_,117,D:\MOX\OTHERS\RUSS.C,Mox_Update_,2
113,D:\MOX\OTHERS\NETSTART.C,Russ_Net_Init_,117,D:\MOX\OTHERS\RUSS.C,Mox_Update_,2
113,D:\MOX\OTHERS\NETSTART.C,Start_Net_Screen_,1,L:\MOX\MOX2.C,_TOGGLE_PAGES_,5
113,D:\MOX\OTHERS\NETSTART.C,Start_Net_Screen_,4,L:\MOX\INITGAME.C,Init_New_Game_,1
113,D:\MOX\OTHERS\NETSTART.C,Start_Net_Screen_,4,L:\MOX\INITGAME.C,Set_Defaults_,1
113,D:\MOX\OTHERS\NETSTART.C,Start_Net_Screen_,31,D:\MOX\OTHERS\RACESEL.C,Race_Selection_Screen_,1
113,D:\MOX\OTHERS\NETSTART.C,Start_Net_Screen_,46,D:\MOX\OTHERS\GENDRAW.C,Do_Confirmation_Box_,1
113,D:\MOX\OTHERS\NETSTART.C,Start_Net_Screen_,46,D:\MOX\OTHERS\GENDRAW.C,Message_Box_,3
113,D:\MOX\OTHERS\NETSTART.C,Start_Net_Screen_,48,D:\MOX\OTHERS\HAROLD.C,Harold_Init_,1
113,D:\MOX\OTHERS\NETSTART.C,Start_Net_Screen_,52,D:\MOX\OTHERS\MAINSCR.C,Update_Ship_Icons_In_Between_Turns_,1
113,D:\MOX\OTHERS\NETSTART.C,Start_Net_Screen_,54,D:\MOX\OTHERS\MAPGEN.C,Init_Main_Screen_,1
113,D:\MOX\OTHERS\NETSTART.C,Start_Net_Screen_,55,D:\MOX\OTHERS\MISC.C,Fade_Into_Screen_,2
113,D:\MOX\OTHERS\NETSTART.C,Start_Net_Screen_,111,D:\MOX\OTHERS\MULTPLAY.C,Add_Waiting_For_Joiners_Field_,1
113,D:\MOX\OTHERS\NETSTART.C,Start_Net_Screen_,111,D:\MOX\OTHERS\MULTPLAY.C,Draw_Join_Net_Screen_,1
113,D:\MOX\OTHERS\NETSTART.C,Start_Net_Screen_,111,D:\MOX\OTHERS\MULTPLAY.C,Draw_SendGet_Net_Info_Screen_,1
113,D:\MOX\OTHERS\NETSTART.C,Start_Net_Screen_,111,D:\MOX\OTHERS\MULTPLAY.C,Draw_Wait_For_New_Joiners_Screen_,2
113,D:\MOX\OTHERS\NETSTART.C,Start_Net_Screen_,111,D:\MOX\OTHERS\MULTPLAY.C,Draw_Wait_For_Race_Info_Screen_,1
113,D:\MOX\OTHERS\NETSTART.C,Start_Net_Screen_,111,D:\MOX\OTHERS\MULTPLAY.C,Reload_Initializing_Net_Info_,1
113,D:\MOX\OTHERS\NETSTART.C,Start_Net_Screen_,111,D:\MOX\OTHERS\MULTPLAY.C,Reload_Sending_Data_Info_,1
113,D:\MOX\OTHERS\NETSTART.C,Start_Net_Screen_,111,D:\MOX\OTHERS\MULTPLAY.C,Reload_Wait_For_Race_Info_,1
113,D:\MOX\OTHERS\NETSTART.C,Start_Net_Screen_,111,D:\MOX\OTHERS\MULTPLAY.C,Reload_Waiting_For_Joiners_Screen_,1
113,D:\MOX\OTHERS\NETSTART.C,Start_Net_Screen_,112,D:\MOX\OTHERS\NETMOX.C,Broadcast_Game_Data_Differential_,1
113,D:\MOX\OTHERS\NETSTART.C,Start_Net_Screen_,112,D:\MOX\OTHERS\NETMOX.C,Mox_Send_Message_,1
113,D:\MOX\OTHERS\NETSTART.C,Start_Net_Screen_,113,D:\MOX\OTHERS\NETSTART.C,Do_Dial_,1
113,D:\MOX\OTHERS\NETSTART.C,Start_Net_Screen_,113,D:\MOX\OTHERS\NETSTART.C,Russ_Net_Create_Game_,1
113,D:\MOX\OTHERS\NETSTART.C,Start_Net_Screen_,114,D:\MOX\OTHERS\NETTURN.C,Net_Init_Host_Election_,1
113,D:\MOX\OTHERS\NETSTART.C,Start_Net_Screen_,117,D:\MOX\OTHERS\RUSS.C,Mox_Update_,3
113,D:\MOX\OTHERS\NETSTART.C,Unrequest_Race_,112,D:\MOX\OTHERS\NETMOX.C,Mox_Send_Message_,1
114,D:\MOX\OTHERS\NETTURN.C,Client_Next_Turn_,52,D:\MOX\OTHERS\MAINSCR.C,Update_Ship_Icons_In_Between_Turns_,1
114,D:\MOX\OTHERS\NETTURN.C,Client_Next_Turn_,104,D:\MOX\OTHERS\COMBFIND.C,Client_Combat_Loop_,1
114,D:\MOX\OTHERS\NETTURN.C,Client_Next_Turn_,111,D:\MOX\OTHERS\MULTPLAY.C,Chat_Box_Input_Loop_,4
114,D:\MOX\OTHERS\NETTURN.C,Client_Next_Turn_,112,D:\MOX\OTHERS\NETMOX.C,Decode_Broadcast_Game_Data_Differential_,1
114,D:\MOX\OTHERS\NETTURN.C,Client_Next_Turn_,112,D:\MOX\OTHERS\NETMOX.C,Mox_Send_Message_,1
114,D:\MOX\OTHERS\NETTURN.C,Client_Next_Turn_,112,D:\MOX\OTHERS\NETMOX.C,Send_Game_Orders_,1
114,D:\MOX\OTHERS\NETTURN.C,Client_Next_Turn_,113,D:\MOX\OTHERS\NETSTART.C,Mox_Net_Uninit_,1
114,D:\MOX\OTHERS\NETTURN.C,Client_Next_Turn_,114,D:\MOX\OTHERS\NETTURN.C,Must_Broadcast_AI_Player_Data_,1
114,D:\MOX\OTHERS\NETTURN.C,Host_Next_Turn_,6,L:\MOX\NEXTTURN.C,Next_Turn_,1
114,D:\MOX\OTHERS\NETTURN.C,Host_Next_Turn_,52,D:\MOX\OTHERS\MAINSCR.C,Update_Ship_Icons_In_Between_Turns_,2
114,D:\MOX\OTHERS\NETTURN.C,Host_Next_Turn_,102,D:\MOX\OTHERS\COLCALC.C,Rebuild_WFI_List_,1
114,D:\MOX\OTHERS\NETTURN.C,Host_Next_Turn_,111,D:\MOX\OTHERS\MULTPLAY.C,Chat_Box_Input_Loop_,2
114,D:\MOX\OTHERS\NETTURN.C,Host_Next_Turn_,112,D:\MOX\OTHERS\NETMOX.C,Broadcast_Game_Data_Differential_,1
114,D:\MOX\OTHERS\NETTURN.C,Host_Next_Turn_,112,D:\MOX\OTHERS\NETMOX.C,Decode_Game_Orders_,1
114,D:\MOX\OTHERS\NETTURN.C,Host_Next_Turn_,112,D:\MOX\OTHERS\NETMOX.C,Mox_Send_Message_,2
114,D:\MOX\OTHERS\NETTURN.C,Host_Next_Turn_,113,D:\MOX\OTHERS\NETSTART.C,Mox_Net_Uninit_,1
114,D:\MOX\OTHERS\NETTURN.C,Host_Next_Turn_,114,D:\MOX\OTHERS\NETTURN.C,Net_Init_Host_Election_,1
114,D:\MOX\OTHERS\NETTURN.C,Host_Next_Turn_,117,D:\MOX\OTHERS\RUSS.C,Mox_Update_,1
114,D:\MOX\OTHERS\NETTURN.C,Net_Next_Turn_,7,L:\MOX\ERICNET.C,Mox_Play_Sound_,1
114,D:\MOX\OTHERS\NETTURN.C,Net_Next_Turn_,79,D:\MOX\OTHERS\ERIC.C,Play_Loose_Flic_,1
114,D:\MOX\OTHERS\NETTURN.C,Net_Next_Turn_,111,D:\MOX\OTHERS\MULTPLAY.C,Add_Net_Next_Turn_Fields_,1
114,D:\MOX\OTHERS\NETTURN.C,Net_Next_Turn_,111,D:\MOX\OTHERS\MULTPLAY.C,Chat_Box_Input_Loop_,2
114,D:\MOX\OTHERS\NETTURN.C,Net_Next_Turn_,111,D:\MOX\OTHERS\MULTPLAY.C,Load_Net_Next_Turn_Screen_,1
114,D:\MOX\OTHERS\NETTURN.C,Net_Next_Turn_,112,D:\MOX\OTHERS\NETMOX.C,Human_Surrenders_,1
114,D:\MOX\OTHERS\NETTURN.C,Net_Next_Turn_,112,D:\MOX\OTHERS\NETMOX.C,Mox_Send_Message_,1
114,D:\MOX\OTHERS\NETTURN.C,Net_Next_Turn_,113,D:\MOX\OTHERS\NETSTART.C,Mox_Net_Uninit_,2
114,D:\MOX\OTHERS\NETTURN.C,Net_Next_Turn_,114,D:\MOX\OTHERS\NETTURN.C,Client_Next_Turn_,1
114,D:\MOX\OTHERS\NETTURN.C,Net_Next_Turn_,114,D:\MOX\OTHERS\NETTURN.C,Host_Next_Turn_,1
114,D:\MOX\OTHERS\NETTURN.C,Net_Next_Turn_,117,D:\MOX\OTHERS\RUSS.C,Mox_Update_,1
115,D:\MOX\OTHERS\NEWTECH.C,Calc_Tech_Value_,102,D:\MOX\OTHERS\COLCALC.C,Player_May_Get_Tech_App_,1
115,D:\MOX\OTHERS\NEWTECH.C,Calc_Tech_Value_,115,D:\MOX\OTHERS\NEWTECH.C,Get_Competition_Player_Tech_Value_,2
115,D:\MOX\OTHERS\NEWTECH.C,Choose_Tech_Application_,115,D:\MOX\OTHERS\NEWTECH.C,All_Gray_Boxes_Researched_,1
115,D:\MOX\OTHERS\NEWTECH.C,Choose_Tech_Application_,115,D:\MOX\OTHERS\NEWTECH.C,Calc_Tech_Value_,1
115,D:\MOX\OTHERS\NEWTECH.C,Choose_Tech_Application_,115,D:\MOX\OTHERS\NEWTECH.C,Choose_Hyper_Advanced_Tech_,1
115,D:\MOX\OTHERS\NEWTECH.C,Choose_Tech_Application_,115,D:\MOX\OTHERS\NEWTECH.C,Set_Competition_Tech_Values_,1
115,D:\MOX\OTHERS\NEWTECH.C,Choose_Tech_Application_,117,D:\MOX\OTHERS\RUSS.C,Get_Weighted_Choice_Int_,1
115,D:\MOX\OTHERS\NEWTECH.C,Set_Competition_Tech_Values_,115,D:\MOX\OTHERS\NEWTECH.C,Get_Competition_Tech_Values_,12
116,D:\MOX\OTHERS\REPORT.C,Antarans_,9,D:\MOX\ANTAROOM.C,Main_Antaran_Room_Screen_,1
116,D:\MOX\OTHERS\REPORT.C,Antarans_,79,D:\MOX\OTHERS\ERIC.C,Play_Antarans_Attack_Flic_,1
116,D:\MOX\OTHERS\REPORT.C,Colonization_,7,L:\MOX\ERICNET.C,Remove_Building_,1
116,D:\MOX\OTHERS\REPORT.C,Colonization_,46,D:\MOX\OTHERS\GENDRAW.C,Do_Confirmation_Box_,3
116,D:\MOX\OTHERS\REPORT.C,Colonization_,47,D:\MOX\OTHERS\HACCESS.C,Get_Planet_Name_,2
116,D:\MOX\OTHERS\REPORT.C,Colonization_,52,D:\MOX\OTHERS\MAINSCR.C,Update_Ship_Icons_In_Between_Turns_,2
116,D:\MOX\OTHERS\REPORT.C,Colonization_,56,D:\MOX\OTHERS\MOVEBOX.C,Remove_Box_Check_,1
116,D:\MOX\OTHERS\REPORT.C,Colonization_,57,D:\MOX\OTHERS\NAMESTAR.C,Can_Change_Star_Name_,2
116,D:\MOX\OTHERS\REPORT.C,Colonization_,57,D:\MOX\OTHERS\NAMESTAR.C,Change_Star_Name_Popup_,2
116,D:\MOX\OTHERS\REPORT.C,Colonization_,57,D:\MOX\OTHERS\NAMESTAR.C,Star_Name_Popup_Screen_Center_X_,2
116,D:\MOX\OTHERS\REPORT.C,Colonization_,57,D:\MOX\OTHERS\NAMESTAR.C,Star_Name_Popup_Screen_Center_Y_,2
116,D:\MOX\OTHERS\REPORT.C,Colonization_,59,D:\MOX\OTHERS\PLNTSUM.C,Colony_Ship_Auto_Colonization_,3
116,D:\MOX\OTHERS\REPORT.C,Colonization_,62,D:\MOX\OTHERS\SHIPS.C,Clear_Auto_Colonization_Flag_,2
116,D:\MOX\OTHERS\REPORT.C,Colonization_,62,D:\MOX\OTHERS\SHIPS.C,Kill_Ship_,2
116,D:\MOX\OTHERS\REPORT.C,Colonization_,83,D:\MOX\OTHERS\MAINPUPS.C,New_Colony_Selection_Popup_,2
116,D:\MOX\OTHERS\REPORT.C,Colonization_,83,D:\MOX\OTHERS\MAINPUPS.C,New_Outpost_Selection_Popup_,1
116,D:\MOX\OTHERS\REPORT.C,Colonization_,103,D:\MOX\OTHERS\COLONIZE.C,Make_New_Colony_,1
116,D:\MOX\OTHERS\REPORT.C,Colonization_,103,D:\MOX\OTHERS\COLONIZE.C,Make_New_Outpost_,1
116,D:\MOX\OTHERS\REPORT.C,Colonization_,103,D:\MOX\OTHERS\COLONIZE.C,Star_N_Colonizable_Planets_For_Player_,1
116,D:\MOX\OTHERS\REPORT.C,Colonization_,116,D:\MOX\OTHERS\REPORT.C,Player_Colony_Base_At_Star_,4
116,D:\MOX\OTHERS\REPORT.C,Colonization_,116,D:\MOX\OTHERS\REPORT.C,Player_Ship_Type_At_Star_,2
116,D:\MOX\OTHERS\REPORT.C,Display_Report_,116,D:\MOX\OTHERS\REPORT.C,Display_Report_Aux_,1
116,D:\MOX\OTHERS\REPORT.C,Display_Report_Aux_,15,D:\MOX\EVENTS.C,Check_For_Event_,1
116,D:\MOX\OTHERS\REPORT.C,Display_Report_Aux_,15,D:\MOX\EVENTS.C,Check_For_Event_Message_,1
116,D:\MOX\OTHERS\REPORT.C,Display_Report_Aux_,58,D:\MOX\OTHERS\OFFICER.C,Officer_Made_Level_Report_,1
116,D:\MOX\OTHERS\REPORT.C,Display_Report_Aux_,116,D:\MOX\OTHERS\REPORT.C,Antarans_,1
116,D:\MOX\OTHERS\REPORT.C,Display_Report_Aux_,116,D:\MOX\OTHERS\REPORT.C,Colonization_,1
116,D:\MOX\OTHERS\REPORT.C,Display_Report_Aux_,116,D:\MOX\OTHERS\REPORT.C,Empty_Colony_Queue_,1
116,D:\MOX\OTHERS\REPORT.C,Display_Report_Aux_,116,D:\MOX\OTHERS\REPORT.C,Explored_New_Star_,1
116,D:\MOX\OTHERS\REPORT.C,Display_Report_Aux_,116,D:\MOX\OTHERS\REPORT.C,Has_Diplomacy_Messages_,1
116,D:\MOX\OTHERS\REPORT.C,Display_Report_Aux_,116,D:\MOX\OTHERS\REPORT.C,Has_Evolutionary_Upgrade_,1
116,D:\MOX\OTHERS\REPORT.C,Display_Report_Aux_,116,D:\MOX\OTHERS\REPORT.C,Has_Msg_,1
116,D:\MOX\OTHERS\REPORT.C,Display_Report_Aux_,116,D:\MOX\OTHERS\REPORT.C,Has_Officer_For_Hire_,1
116,D:\MOX\OTHERS\REPORT.C,Display_Report_Aux_,116,D:\MOX\OTHERS\REPORT.C,Has_Report_,1
116,D:\MOX\OTHERS\REPORT.C,Display_Report_Aux_,116,D:\MOX\OTHERS\REPORT.C,Has_Research_Breakthrough_,1
116,D:\MOX\OTHERS\REPORT.C,Display_Report_Aux_,116,D:\MOX\OTHERS\REPORT.C,Need_To_Set_Occupation_Policy_,1
116,D:\MOX\OTHERS\REPORT.C,Display_Report_Aux_,116,D:\MOX\OTHERS\REPORT.C,Set_Initial_Tech_,1
116,D:\MOX\OTHERS\REPORT.C,Empty_Colony_Queue_,56,D:\MOX\OTHERS\MOVEBOX.C,Remove_Box_Check_,1
116,D:\MOX\OTHERS\REPORT.C,Explored_New_Star_,56,D:\MOX\OTHERS\MOVEBOX.C,Remove_Box_Check_,1
116,D:\MOX\OTHERS\REPORT.C,Explored_New_Star_,83,D:\MOX\OTHERS\MAINPUPS.C,New_System_Discovery_Popup_,1
116,D:\MOX\OTHERS\REPORT.C,Explored_New_Star_,116,D:\MOX\OTHERS\REPORT.C,Draw_Special_,1
116,D:\MOX\OTHERS\REPORT.C,Has_Diplomacy_Messages_,14,D:\MOX\DIP-SCRN.C,Diplomacy_Message_Is_Interactive_,1
116,D:\MOX\OTHERS\REPORT.C,Has_Diplomacy_Messages_,14,D:\MOX\DIP-SCRN.C,Npc_Diplomacy_Screen_,2
116,D:\MOX\OTHERS\REPORT.C,Has_Diplomacy_Messages_,112,D:\MOX\OTHERS\NETMOX.C,Net_End_AI_Diplomacy_,1
116,D:\MOX\OTHERS\REPORT.C,Has_Diplomacy_Messages_,112,D:\MOX\OTHERS\NETMOX.C,Net_May_Begin_AI_Diplomacy_,1
116,D:\MOX\OTHERS\REPORT.C,Has_Diplomacy_Messages_,112,D:\MOX\OTHERS\NETMOX.C,Net_Request_AI_Diplomacy_,1
116,D:\MOX\OTHERS\REPORT.C,Has_Diplomacy_Messages_,117,D:\MOX\OTHERS\RUSS.C,Mox_Update_,1
116,D:\MOX\OTHERS\REPORT.C,Has_Evolutionary_Upgrade_,30,D:\MOX\OTHERS\RACEOPT.C,Setup_Evolutionary_Upgrade_,1
116,D:\MOX\OTHERS\REPORT.C,Has_GNN_,15,D:\MOX\EVENTS.C,Check_For_Event_,1
116,D:\MOX\OTHERS\REPORT.C,Has_GNN_,15,D:\MOX\EVENTS.C,Check_For_Event_Message_,1
116,D:\MOX\OTHERS\REPORT.C,Has_Msg_,110,D:\MOX\OTHERS\MSG.C,First_Msg_For_Player_,1
116,D:\MOX\OTHERS\REPORT.C,Has_Msg_,110,D:\MOX\OTHERS\MSG.C,N_Msgs_For_Player_,2
116,D:\MOX\OTHERS\REPORT.C,Has_Officer_For_Hire_,58,D:\MOX\OTHERS\OFFICER.C,Calculate_Officer_Cost_,1
116,D:\MOX\OTHERS\REPORT.C,Has_Officer_For_Hire_,58,D:\MOX\OTHERS\OFFICER.C,Set_Officer_To_Player_,1
116,D:\MOX\OTHERS\REPORT.C,Has_Officer_For_Hire_,83,D:\MOX\OTHERS\MAINPUPS.C,Random_New_Officer_Popup_,1
116,D:\MOX\OTHERS\REPORT.C,Has_Officer_For_Hire_,102,D:\MOX\OTHERS\COLCALC.C,Do_Player_Colony_Calculations_,1
116,D:\MOX\OTHERS\REPORT.C,Has_Report_,46,D:\MOX\OTHERS\GENDRAW.C,Message_Box_,1
116,D:\MOX\OTHERS\REPORT.C,Has_Report_,56,D:\MOX\OTHERS\MOVEBOX.C,Remove_Box_Check_,1
116,D:\MOX\OTHERS\REPORT.C,Has_Report_,116,D:\MOX\OTHERS\REPORT.C,sprintf_report_,1
116,D:\MOX\OTHERS\REPORT.C,Has_Report_,129,D:\MOX\SCIENCE.C,Show_Off_Stolen_Tech_,1
116,D:\MOX\OTHERS\REPORT.C,Has_Research_Breakthrough_,130,D:\MOX\TECH.C,Tech_Select_,1
116,D:\MOX\OTHERS\REPORT.C,Must_Display_Reports_,6,L:\MOX\NEXTTURN.C,Do_Autosave_,1
116,D:\MOX\OTHERS\REPORT.C,Must_Display_Reports_,116,D:\MOX\OTHERS\REPORT.C,Display_Report_Aux_,1
116,D:\MOX\OTHERS\REPORT.C,Must_Display_Reports_,116,D:\MOX\OTHERS\REPORT.C,Redirect_Newly_Built_Ships_,1
116,D:\MOX\OTHERS\REPORT.C,Need_To_Set_Occupation_Policy_,56,D:\MOX\OTHERS\MOVEBOX.C,Remove_Box_Check_,1
116,D:\MOX\OTHERS\REPORT.C,Need_To_Set_Occupation_Policy_,74,D:\MOX\OTHERS\COLONY.C,Colony_Screen_,1
116,D:\MOX\OTHERS\REPORT.C,Redirect_Newly_Built_Ships_,47,D:\MOX\OTHERS\HACCESS.C,Relocation_,1
116,D:\MOX\OTHERS\REPORT.C,Redirect_Newly_Built_Ships_,47,D:\MOX\OTHERS\HACCESS.C,Star_Has_Relocation_,1
116,D:\MOX\OTHERS\REPORT.C,Redirect_Newly_Built_Ships_,102,D:\MOX\OTHERS\COLCALC.C,Do_Player_Colony_Calculations_,1
116,D:\MOX\OTHERS\REPORT.C,Redirect_Newly_Built_Ships_,119,D:\MOX\OTHERS\SHIPMOVE.C,Make_Ships_Move_To_,1
116,D:\MOX\OTHERS\REPORT.C,Redirect_Newly_Built_Ships_,119,D:\MOX\OTHERS\SHIPMOVE.C,Ships_Try_To_Move_To_,1
116,D:\MOX\OTHERS\REPORT.C,Set_Initial_Tech_,130,D:\MOX\TECH.C,Tech_Select_,1
116,D:\MOX\OTHERS\REPORT.C,sprintf_report_,47,D:\MOX\OTHERS\HACCESS.C,Get_Planet_Name_,2
117,D:\MOX\OTHERS\RUSS.C,Load_Russ_Strings_,102,D:\MOX\OTHERS\COLCALC.C,Load_Colcalc_Strings_,1
117,D:\MOX\OTHERS\RUSS.C,Load_Russ_Strings_,104,D:\MOX\OTHERS\COMBFIND.C,Load_Combfind_Strings_,1
117,D:\MOX\OTHERS\RUSS.C,Load_Russ_Strings_,110,D:\MOX\OTHERS\MSG.C,Load_Msg_Strings_,1
117,D:\MOX\OTHERS\RUSS.C,Load_Russ_Strings_,112,D:\MOX\OTHERS\NETMOX.C,Load_Netmox_Strings_,1
117,D:\MOX\OTHERS\RUSS.C,Load_Russ_Strings_,113,D:\MOX\OTHERS\NETSTART.C,Load_Netstart_Strings_,1
117,D:\MOX\OTHERS\RUSS.C,Load_Russ_Strings_,114,D:\MOX\OTHERS\NETTURN.C,Load_Netturn_Strings_,1
117,D:\MOX\OTHERS\RUSS.C,Load_Russ_Strings_,116,D:\MOX\OTHERS\REPORT.C,Load_Report_Strings_,1
117,D:\MOX\OTHERS\RUSS.C,Make_All_AI_Game_,46,D:\MOX\OTHERS\GENDRAW.C,Message_Box_,1
117,D:\MOX\OTHERS\RUSS.C,Make_All_AI_Game_,117,D:\MOX\OTHERS\RUSS.C,Make_Player_Into_AI_,1
117,D:\MOX\OTHERS\RUSS.C,Make_Player_Into_AI_,28,D:\MOX\OTHERS\INITSHIP.C,Update_Player_Ship_Designs_,1
117,D:\MOX\OTHERS\RUSS.C,Make_Player_Into_AI_,68,D:\MOX\OTHERS\COLBLDG.C,Clear_Colony_Queue_,1
117,D:\MOX\OTHERS\RUSS.C,Make_Player_Into_AI_,102,D:\MOX\OTHERS\COLCALC.C,Do_Player_Colony_Calculations_,1
117,D:\MOX\OTHERS\RUSS.C,Shuffle_,117,D:\MOX\OTHERS\RUSS.C,Shuffle_Char_,1
117,D:\MOX\OTHERS\RUSS.C,Shuffle_,117,D:\MOX\OTHERS\RUSS.C,Shuffle_Int_,1
117,D:\MOX\OTHERS\RUSS.C,Shuffle_,117,D:\MOX\OTHERS\RUSS.C,Shuffle_Sint_,1
118,D:\MOX\OTHERS\SETTLER.C,Add_Settler_To_Colony_,118,D:\MOX\OTHERS\SETTLER.C,Room_For_Another_,1
118,D:\MOX\OTHERS\SETTLER.C,Move_Settlers_,15,D:\MOX\EVENTS.C,Event_Check_Space_Anomaly_At_Star_,1
118,D:\MOX\OTHERS\SETTLER.C,Move_Settlers_,110,D:\MOX\OTHERS\MSG.C,Add_Msg_,1
118,D:\MOX\OTHERS\SETTLER.C,Move_Settlers_,118,D:\MOX\OTHERS\SETTLER.C,Add_Settler_To_Colony_,1
118,D:\MOX\OTHERS\SETTLER.C,Pop_Tries_To_Settle_,15,D:\MOX\EVENTS.C,Event_Check_Plague_,1
118,D:\MOX\OTHERS\SETTLER.C,Pop_Tries_To_Settle_,15,D:\MOX\EVENTS.C,Event_Check_Space_Anomaly_,2
118,D:\MOX\OTHERS\SETTLER.C,Pop_Tries_To_Settle_,118,D:\MOX\OTHERS\SETTLER.C,Room_For_Another_,1
118,D:\MOX\OTHERS\SETTLER.C,Pop_Tries_To_Settle_,118,D:\MOX\OTHERS\SETTLER.C,Settler_ETA_,1
118,D:\MOX\OTHERS\SETTLER.C,Room_For_Another_,102,D:\MOX\OTHERS\COLCALC.C,Colony_Race_Pop_Limit_,3
118,D:\MOX\OTHERS\SETTLER.C,Settle_Pop_,118,D:\MOX\OTHERS\SETTLER.C,Add_Settler_To_Colony_,1
118,D:\MOX\OTHERS\SETTLER.C,Settle_Pop_,118,D:\MOX\OTHERS\SETTLER.C,Settler_ETA_,1
118,D:\MOX\OTHERS\SETTLER.C,Settler_ETA_,106,D:\MOX\OTHERS\GEO.C,Parsecs_Between_Stars_,1
119,D:\MOX\OTHERS\SHIPMOVE.C,Can_Order_Ship_,106,D:\MOX\OTHERS\GEO.C,Parsecs_Between_Points_,1
119,D:\MOX\OTHERS\SHIPMOVE.C,Create_Nonplayer_Ship_,48,D:\MOX\OTHERS\HAROLD.C,XY_To_Star_Id_,1
119,D:\MOX\OTHERS\SHIPMOVE.C,Do_Hyperspace_Beast_,52,D:\MOX\OTHERS\MAINSCR.C,Update_Ship_Icons_In_Between_Turns_,1
119,D:\MOX\OTHERS\SHIPMOVE.C,Do_Hyperspace_Beast_,58,D:\MOX\OTHERS\OFFICER.C,Kill_Officer_,1
119,D:\MOX\OTHERS\SHIPMOVE.C,Do_Hyperspace_Beast_,58,D:\MOX\OTHERS\OFFICER.C,Move_Officer_To_Pool_,1
119,D:\MOX\OTHERS\SHIPMOVE.C,Do_Hyperspace_Beast_,110,D:\MOX\OTHERS\MSG.C,Add_Msg_,1
119,D:\MOX\OTHERS\SHIPMOVE.C,Do_Wormhole_Event_,52,D:\MOX\OTHERS\MAINSCR.C,Update_Ship_Icons_In_Between_Turns_,1
119,D:\MOX\OTHERS\SHIPMOVE.C,Do_Wormhole_Event_,119,D:\MOX\OTHERS\SHIPMOVE.C,Make_Ship_Arrive_At_Star_,1
119,D:\MOX\OTHERS\SHIPMOVE.C,Make_Ship_Arrive_At_Star_,15,D:\MOX\EVENTS.C,Event_Orion_Discovered_,1
119,D:\MOX\OTHERS\SHIPMOVE.C,Make_Ships_Move_To_,62,D:\MOX\OTHERS\SHIPS.C,Clear_All_Ships_Auto_Colonization_Flag_,1
119,D:\MOX\OTHERS\SHIPMOVE.C,Move_All_Ships_Toward_Stars_,52,D:\MOX\OTHERS\MAINSCR.C,Update_Ship_Icons_In_Between_Turns_,1
119,D:\MOX\OTHERS\SHIPMOVE.C,Move_All_Ships_Toward_Stars_,106,D:\MOX\OTHERS\GEO.C,Move_Player_1_Turn_To_Star_,1
119,D:\MOX\OTHERS\SHIPMOVE.C,Move_All_Ships_Toward_Stars_,119,D:\MOX\OTHERS\SHIPMOVE.C,Make_Ship_Arrive_At_Star_,1
119,D:\MOX\OTHERS\SHIPMOVE.C,Player_N_Turns_From_Star_To_Star_,106,D:\MOX\OTHERS\GEO.C,Move_Player_1_Turn_To_Star_,1
119,D:\MOX\OTHERS\SHIPMOVE.C,Ships_Try_To_Move_To_,15,D:\MOX\EVENTS.C,Event_Check_Hyperspace_Flux_,1
119,D:\MOX\OTHERS\SHIPMOVE.C,Ships_Try_To_Move_To_,48,D:\MOX\OTHERS\HAROLD.C,XY_To_Star_Id_,1
119,D:\MOX\OTHERS\SHIPMOVE.C,Ships_Try_To_Move_To_,58,D:\MOX\OTHERS\OFFICER.C,Owned_Officer_Level_,2
119,D:\MOX\OTHERS\SHIPMOVE.C,Ships_Try_To_Move_To_,104,D:\MOX\OTHERS\COMBFIND.C,Closest_Other_Colony_Star_,1
119,D:\MOX\OTHERS\SHIPMOVE.C,Ships_Try_To_Move_To_,106,D:\MOX\OTHERS\GEO.C,Black_Hole_Blocks_Points_,1
119,D:\MOX\OTHERS\SHIPMOVE.C,Ships_Try_To_Move_To_,106,D:\MOX\OTHERS\GEO.C,Move_Player_1_Turn_To_Star_,1
119,D:\MOX\OTHERS\SHIPMOVE.C,Ships_Try_To_Move_To_,106,D:\MOX\OTHERS\GEO.C,Parsecs_Between_Stars_,1
119,D:\MOX\OTHERS\SHIPMOVE.C,Ships_Try_To_Move_To_,119,D:\MOX\OTHERS\SHIPMOVE.C,Ship_Range_,1
119,D:\MOX\OTHERS\SHIPMOVE.C,Ships_Try_To_Move_To_,119,D:\MOX\OTHERS\SHIPMOVE.C,Star_In_Range_Of_Player_,1
119,D:\MOX\OTHERS\SHIPMOVE.C,Star_In_Extended_Range_Of_Player_,119,D:\MOX\OTHERS\SHIPMOVE.C,Star_In_Range_Of_Player_,1
119,D:\MOX\OTHERS\SHIPMOVE.C,Star_In_Normal_Range_Of_Player_,119,D:\MOX\OTHERS\SHIPMOVE.C,Star_In_Range_Of_Player_,1
119,D:\MOX\OTHERS\SHIPMOVE.C,Star_In_Range_Of_Player_,119,D:\MOX\OTHERS\SHIPMOVE.C,Star_In_Range_Of_Player_Aux2_,2
119,D:\MOX\OTHERS\SHIPMOVE.C,Star_In_Range_Of_Player_Aux2_,119,D:\MOX\OTHERS\SHIPMOVE.C,Star_In_Range_Of_Player_Aux1_,2
119,D:\MOX\OTHERS\SHIPMOVE.C,Update_All_Ship_Ranges_,28,D:\MOX\OTHERS\INITSHIP.C,Best_Warp_Drive_,1
119,D:\MOX\OTHERS\SHIPMOVE.C,Update_All_Ship_Ranges_,28,D:\MOX\OTHERS\INITSHIP.C,Calc_Player_FTL_Speed_,1
119,D:\MOX\OTHERS\SHIPMOVE.C,Update_All_Ship_Ranges_,119,D:\MOX\OTHERS\SHIPMOVE.C,Update_Player_Ship_Range_,1
119,D:\MOX\OTHERS\SHIPMOVE.C,Update_Ship_ETAs_,106,D:\MOX\OTHERS\GEO.C,Move_Player_1_Turn_To_Star_,1
120,D:\MOX\OTHERS\SPY.C,Allocate_AI_Spies_,102,D:\MOX\OTHERS\COLCALC.C,Player_May_Get_Tech_App_,1
120,D:\MOX\OTHERS\SPY.C,Allocate_AI_Spies_,117,D:\MOX\OTHERS\RUSS.C,Get_Weighted_Choice_Int_,1
120,D:\MOX\OTHERS\SPY.C,Allocate_AI_Spies_,122,D:\MOX\BILL.C,Get_Their_Spy_Number_,4
120,D:\MOX\OTHERS\SPY.C,Allocate_AI_Spies_,122,D:\MOX\BILL.C,Set_Their_Spy_Mission_,1
120,D:\MOX\OTHERS\SPY.C,Allocate_AI_Spies_,122,D:\MOX\BILL.C,Set_Their_Spy_Number_,5
120,D:\MOX\OTHERS\SPY.C,Bring_Home_Spies_Vs_,122,D:\MOX\BILL.C,Get_Their_Spy_Number_,2
120,D:\MOX\OTHERS\SPY.C,Bring_Home_Spies_Vs_,122,D:\MOX\BILL.C,Set_Their_Spy_Number_,2
120,D:\MOX\OTHERS\SPY.C,Compute_Spy_Bonuses_,58,D:\MOX\OTHERS\OFFICER.C,Owned_Officer_Level_,4
120,D:\MOX\OTHERS\SPY.C,Compute_Spy_Bonuses_,102,D:\MOX\OTHERS\COLCALC.C,Leader_At_Anomaly_,1
120,D:\MOX\OTHERS\SPY.C,Compute_Spy_Bonuses_,120,D:\MOX\OTHERS\SPY.C,Tech_Spy_Bonus_,1
120,D:\MOX\OTHERS\SPY.C,Destroy_Random_Building_,7,L:\MOX\ERICNET.C,Remove_Building_,1
120,D:\MOX\OTHERS\SPY.C,Destroy_Random_Building_,27,D:\MOX\DIPLOMAC.C,Change_Relations_,1
120,D:\MOX\OTHERS\SPY.C,Destroy_Random_Building_,116,D:\MOX\OTHERS\REPORT.C,Add_Report_,2
120,D:\MOX\OTHERS\SPY.C,Leader_Assassinates_,110,D:\MOX\OTHERS\MSG.C,Add_Msg_,2
120,D:\MOX\OTHERS\SPY.C,Leader_Assassinates_,122,D:\MOX\BILL.C,Get_Their_Spy_Number_,4
120,D:\MOX\OTHERS\SPY.C,Leader_Assassinates_,122,D:\MOX\BILL.C,Set_Their_Spy_Number_,1
120,D:\MOX\OTHERS\SPY.C,Resolve_Assassins_,58,D:\MOX\OTHERS\OFFICER.C,Owned_Officer_Level_,2
120,D:\MOX\OTHERS\SPY.C,Resolve_Assassins_,120,D:\MOX\OTHERS\SPY.C,Leader_Assassinates_,1
120,D:\MOX\OTHERS\SPY.C,Resolve_Player_Spies_,110,D:\MOX\OTHERS\MSG.C,Add_Msg_,2
120,D:\MOX\OTHERS\SPY.C,Resolve_Player_Spies_,120,D:\MOX\OTHERS\SPY.C,Destroy_Random_Building_,1
120,D:\MOX\OTHERS\SPY.C,Resolve_Player_Spies_,120,D:\MOX\OTHERS\SPY.C,Frame_Another_,1
120,D:\MOX\OTHERS\SPY.C,Resolve_Player_Spies_,120,D:\MOX\OTHERS\SPY.C,N_Spies_Bonus_,2
120,D:\MOX\OTHERS\SPY.C,Resolve_Player_Spies_,120,D:\MOX\OTHERS\SPY.C,Steal_App_,1
120,D:\MOX\OTHERS\SPY.C,Resolve_Player_Spies_,122,D:\MOX\BILL.C,Get_Their_Spy_Mission_,2
120,D:\MOX\OTHERS\SPY.C,Resolve_Player_Spies_,122,D:\MOX\BILL.C,Get_Their_Spy_Number_,2
120,D:\MOX\OTHERS\SPY.C,Resolve_Player_Spies_,122,D:\MOX\BILL.C,Set_Their_Spy_Number_,2
120,D:\MOX\OTHERS\SPY.C,Resolve_Spies_,117,D:\MOX\OTHERS\RUSS.C,Shuffle_Char_,2
120,D:\MOX\OTHERS\SPY.C,Resolve_Spies_,120,D:\MOX\OTHERS\SPY.C,Allocate_AI_Spies_,1
120,D:\MOX\OTHERS\SPY.C,Resolve_Spies_,120,D:\MOX\OTHERS\SPY.C,Compute_Spy_Bonuses_,1
120,D:\MOX\OTHERS\SPY.C,Resolve_Spies_,120,D:\MOX\OTHERS\SPY.C,Resolve_Assassins_,1
120,D:\MOX\OTHERS\SPY.C,Resolve_Spies_,120,D:\MOX\OTHERS\SPY.C,Resolve_Player_Spies_,1
120,D:\MOX\OTHERS\SPY.C,Steal_App_,27,D:\MOX\DIPLOMAC.C,Change_Relations_,1
120,D:\MOX\OTHERS\SPY.C,Steal_App_,102,D:\MOX\OTHERS\COLCALC.C,Player_Gets_Tech_App_,1
120,D:\MOX\OTHERS\SPY.C,Steal_App_,102,D:\MOX\OTHERS\COLCALC.C,Player_May_Get_Tech_App_,1
120,D:\MOX\OTHERS\SPY.C,Steal_App_,116,D:\MOX\OTHERS\REPORT.C,Add_Report_,2
120,D:\MOX\OTHERS\SPY.C,Steal_App_,120,D:\MOX\OTHERS\SPY.C,Frame_Another_,1
121,D:\MOX\OTHERS\TRADE.C,Base_Trade_Agreement_Goal_,15,D:\MOX\EVENTS.C,Event_Check_Pirate_Activity_,2
121,D:\MOX\OTHERS\TRADE.C,Process_Research_Agreement_,121,D:\MOX\OTHERS\TRADE.C,Research_Agreement_Goal_,1
121,D:\MOX\OTHERS\TRADE.C,Process_Trade_Agreement_,121,D:\MOX\OTHERS\TRADE.C,Trade_Agreement_Goal_,1
121,D:\MOX\OTHERS\TRADE.C,Process_Trade_And_Research_Agreements_,121,D:\MOX\OTHERS\TRADE.C,Compute_N_Trade_And_Research_Pops_,1
121,D:\MOX\OTHERS\TRADE.C,Process_Trade_And_Research_Agreements_,121,D:\MOX\OTHERS\TRADE.C,Process_Research_Agreement_,1
121,D:\MOX\OTHERS\TRADE.C,Process_Trade_And_Research_Agreements_,121,D:\MOX\OTHERS\TRADE.C,Process_Trade_Agreement_,1
121,D:\MOX\OTHERS\TRADE.C,Start_Research_Agreement_,102,D:\MOX\OTHERS\COLCALC.C,Update_Player_Stats_,1
121,D:\MOX\OTHERS\TRADE.C,Start_Research_Agreement_,121,D:\MOX\OTHERS\TRADE.C,Research_Agreement_Goal_,2
121,D:\MOX\OTHERS\TRADE.C,Start_Trade_Agreement_,102,D:\MOX\OTHERS\COLCALC.C,Update_Player_Stats_,2
121,D:\MOX\OTHERS\TRADE.C,Start_Trade_Agreement_,121,D:\MOX\OTHERS\TRADE.C,Base_Trade_Agreement_Goal_,1
121,D:\MOX\OTHERS\TRADE.C,Start_Trade_Agreement_,121,D:\MOX\OTHERS\TRADE.C,Trade_Agreement_Goal_,2
121,D:\MOX\OTHERS\TRADE.C,Trade_Agreement_Goal_,58,D:\MOX\OTHERS\OFFICER.C,Owned_Officer_Level_,2
121,D:\MOX\OTHERS\TRADE.C,Trade_Agreement_Goal_,121,D:\MOX\OTHERS\TRADE.C,Base_Trade_Agreement_Goal_,1
122,D:\MOX\BILL.C,Add_My_Spy_,122,D:\MOX\BILL.C,Add_Their_Spy_,1
122,D:\MOX\BILL.C,Bill_Default_,125,D:\MOX\INFO.C,Set_Plyr_Info_Btns_,1
122,D:\MOX\BILL.C,Cache_Other_Scientist_Anim_,122,D:\MOX\BILL.C,Copy_File_To_File_,1
122,D:\MOX\BILL.C,Copy_File_To_File_,117,D:\MOX\OTHERS\RUSS.C,Mox_Update_,1
122,D:\MOX\BILL.C,Get_Players_Alive_Or_Omniscient_,48,D:\MOX\OTHERS\HAROLD.C,Player_Is_Omniscient_,1
122,D:\MOX\BILL.C,Get_Players_Alive_Or_Omniscient_,122,D:\MOX\BILL.C,Get_Active_Players_,1
122,D:\MOX\BILL.C,Get_Players_Dead_Or_Alive_,122,D:\MOX\BILL.C,Get_Active_Players_,1
122,D:\MOX\BILL.C,Get_Players_Dead_Or_Alive_Or_Omniscient_,48,D:\MOX\OTHERS\HAROLD.C,Player_Is_Omniscient_,1
122,D:\MOX\BILL.C,Get_Players_Dead_Or_Alive_Or_Omniscient_,122,D:\MOX\BILL.C,Get_Active_Players_,1
122,D:\MOX\BILL.C,Print_1_Or_More_Lines_Centered_,122,D:\MOX\BILL.C,_Print_1_Or_More_Lines_Centered_,1
122,D:\MOX\BILL.C,Print_1_Or_More_Lines_Centered_To_Bitmap_,122,D:\MOX\BILL.C,_Print_1_Or_More_Lines_Centered_,1
122,D:\MOX\BILL.C,Record_History_,102,D:\MOX\OTHERS\COLCALC.C,Compute_Total_Building_Costs_,1
122,D:\MOX\BILL.C,Squeeze_Paragraph_Centered_,122,D:\MOX\BILL.C,_Squeeze_Print_Paragraph_,1
122,D:\MOX\BILL.C,Squeeze_Paragraph_Centered_To_Bitmap_,122,D:\MOX\BILL.C,_Squeeze_Print_Paragraph_,1
122,D:\MOX\BILL.C,Squeeze_Print_,122,D:\MOX\BILL.C,_Squeeze_Print_,1
122,D:\MOX\BILL.C,Squeeze_Print_Centered_,122,D:\MOX\BILL.C,_Squeeze_Print_,1
122,D:\MOX\BILL.C,Squeeze_Print_Centered_To_Bitmap_,122,D:\MOX\BILL.C,_Squeeze_Print_,1
122,D:\MOX\BILL.C,Squeeze_Print_Paragraph_,122,D:\MOX\BILL.C,_Squeeze_Print_Paragraph_,1
122,D:\MOX\BILL.C,Squeeze_Print_Paragraph_To_Bitmap_,122,D:\MOX\BILL.C,_Squeeze_Print_Paragraph_,1
122,D:\MOX\BILL.C,Squeeze_Print_To_Bitmap_,122,D:\MOX\BILL.C,_Squeeze_Print_,1
122,D:\MOX\BILL.C,_Get_Paragraph_Max_Height_,122,D:\MOX\BILL.C,_Print_Paragraph_Bill_,1
122,D:\MOX\BILL.C,_Get_Paragraph_Max_Width_,122,D:\MOX\BILL.C,_Print_Paragraph_Bill_,1
122,D:\MOX\BILL.C,_Print_1_Or_More_Lines_Centered_,122,D:\MOX\BILL.C,_Print_Paragraph_Bill_,2
122,D:\MOX\BILL.C,_Print_Paragraph_,122,D:\MOX\BILL.C,_Print_Paragraph_Bill_,1
122,D:\MOX\BILL.C,_Print_Paragraph_Bill_,122,D:\MOX\BILL.C,_Print_String_Bill_,2
122,D:\MOX\BILL.C,_Print_Paragraph_To_Bitmap_,122,D:\MOX\BILL.C,_Print_Paragraph_Bill_,1
122,D:\MOX\BILL.C,_Squeeze_Print_,122,D:\MOX\BILL.C,_Print_String_Bill_,2
122,D:\MOX\BILL.C,_Squeeze_Print_Paragraph_,122,D:\MOX\BILL.C,_Print_Paragraph_Bill_,1
122,D:\MOX\BILL.C,_Squeeze_Print_Paragraph_,124,D:\MOX\FMTPARA.C,Print_Formatted_Paragraph_To_Bitmap_,1
124,D:\MOX\FMTPARA.C,Add_Character_To_Line_,124,D:\MOX\FMTPARA.C,Record_Break_Position_,1
124,D:\MOX\FMTPARA.C,Complete_Line_,124,D:\MOX\FMTPARA.C,Complete_Line_Data_,1
124,D:\MOX\FMTPARA.C,Complete_Line_,124,D:\MOX\FMTPARA.C,Justify_Line_,1
124,D:\MOX\FMTPARA.C,Complete_Line_,124,D:\MOX\FMTPARA.C,Print_Line_,1
124,D:\MOX\FMTPARA.C,FN_Set_Font_,124,D:\MOX\FMTPARA.C,Reset_Font_Spacing_Width_,1
124,D:\MOX\FMTPARA.C,FN_Set_Variable_,124,D:\MOX\FMTPARA.C,Get_Item_Value_,1
124,D:\MOX\FMTPARA.C,FN_Set_Variable_,124,D:\MOX\FMTPARA.C,Set_Item_Value_,1
124,D:\MOX\FMTPARA.C,FN_Superscript_,124,D:\MOX\FMTPARA.C,Reset_Font_Spacing_Width_,1
124,D:\MOX\FMTPARA.C,FN_User_Call_,124,D:\MOX\FMTPARA.C,Update_Max_Min_Values_,1
124,D:\MOX\FMTPARA.C,Get_Formatted_Paragraph_Max_Height_,124,D:\MOX\FMTPARA.C,_Print_Formatted_Paragraph_,1
124,D:\MOX\FMTPARA.C,Get_Formatted_Paragraph_Max_Width_,124,D:\MOX\FMTPARA.C,_Print_Formatted_Paragraph_,1
124,D:\MOX\FMTPARA.C,Get_Item_Value_Set_Plural_,124,D:\MOX\FMTPARA.C,Get_Item_Value_,1
124,D:\MOX\FMTPARA.C,Get_Next_Item_Value_,124,D:\MOX\FMTPARA.C,Get_Insert_Argument_Next_,1
124,D:\MOX\FMTPARA.C,Get_Next_Item_Value_,124,D:\MOX\FMTPARA.C,Get_Item_Value_,1
124,D:\MOX\FMTPARA.C,Initialize_Formatted_Paragraph_System_,124,D:\MOX\FMTPARA.C,Reset_A_Paragraph_Variable_,1
124,D:\MOX\FMTPARA.C,Insert_Argument_String_,124,D:\MOX\FMTPARA.C,Insert_A_String_,1
124,D:\MOX\FMTPARA.C,Insert_Item_,124,D:\MOX\FMTPARA.C,Get_Insert_Argument_Next_,5
124,D:\MOX\FMTPARA.C,Insert_Item_,124,D:\MOX\FMTPARA.C,Get_Item_Value_,9
124,D:\MOX\FMTPARA.C,Insert_Item_,124,D:\MOX\FMTPARA.C,Insert_A_String_,1
124,D:\MOX\FMTPARA.C,Insert_Item_,124,D:\MOX\FMTPARA.C,Insert_Argument_String_,1
124,D:\MOX\FMTPARA.C,Insert_Item_,124,D:\MOX\FMTPARA.C,Skip_Arg_Insert_A_String_,1
124,D:\MOX\FMTPARA.C,Insert_Next_Argument_String_,124,D:\MOX\FMTPARA.C,Get_Insert_Argument_Next_,1
124,D:\MOX\FMTPARA.C,Insert_Next_Argument_String_,124,D:\MOX\FMTPARA.C,Skip_Arg_Insert_A_String_,1
124,D:\MOX\FMTPARA.C,Justify_Line_,124,D:\MOX\FMTPARA.C,_Justify_Line_Fully_,1
124,D:\MOX\FMTPARA.C,Legalize_Paragraph_Y_,124,D:\MOX\FMTPARA.C,Set_Line_Limits_,1
124,D:\MOX\FMTPARA.C,Paragraph_CRFF_,124,D:\MOX\FMTPARA.C,Set_Line_Limits_,1
124,D:\MOX\FMTPARA.C,Paragraph_VT_,124,D:\MOX\FMTPARA.C,Set_Line_Limits_,1
124,D:\MOX\FMTPARA.C,Print_Formatted_Paragraph_,124,D:\MOX\FMTPARA.C,_Print_Formatted_Paragraph_,1
124,D:\MOX\FMTPARA.C,Print_Formatted_Paragraph_To_Bitmap_,124,D:\MOX\FMTPARA.C,_Print_Formatted_Paragraph_,1
124,D:\MOX\FMTPARA.C,Print_Line_,124,D:\MOX\FMTPARA.C,Pick_Font_Number_,2
124,D:\MOX\FMTPARA.C,Process_Command_,124,D:\MOX\FMTPARA.C,Complete_Line_,4
124,D:\MOX\FMTPARA.C,Process_Command_,124,D:\MOX\FMTPARA.C,Initialize_Line_Start_,1
124,D:\MOX\FMTPARA.C,Process_Command_,124,D:\MOX\FMTPARA.C,Insert_Item_,1
124,D:\MOX\FMTPARA.C,Process_Command_,124,D:\MOX\FMTPARA.C,Previous_Nesting_Level_,1
124,D:\MOX\FMTPARA.C,Process_Command_,124,D:\MOX\FMTPARA.C,Process_Function_,1
124,D:\MOX\FMTPARA.C,Process_Command_,124,D:\MOX\FMTPARA.C,Quit_Paragraph_,1
124,D:\MOX\FMTPARA.C,Process_Command_,124,D:\MOX\FMTPARA.C,Record_Break_Position_,2
124,D:\MOX\FMTPARA.C,Process_Command_,124,D:\MOX\FMTPARA.C,Reset_Paramaters_,1
124,D:\MOX\FMTPARA.C,Process_Command_,124,D:\MOX\FMTPARA.C,Set_Current_Style_,1
124,D:\MOX\FMTPARA.C,Process_Command_,124,D:\MOX\FMTPARA.C,Set_Value_,1
124,D:\MOX\FMTPARA.C,Process_Command_,124,D:\MOX\FMTPARA.C,Test_Item_,1
124,D:\MOX\FMTPARA.C,Process_Command_,124,D:\MOX\FMTPARA.C,Vertical_Move_,2
124,D:\MOX\FMTPARA.C,Process_Function_,124,D:\MOX\FMTPARA.C,FN_Set_Font_,1
124,D:\MOX\FMTPARA.C,Process_Function_,124,D:\MOX\FMTPARA.C,FN_Set_Margins_,1
124,D:\MOX\FMTPARA.C,Process_Function_,124,D:\MOX\FMTPARA.C,FN_Set_Origin_,1
124,D:\MOX\FMTPARA.C,Process_Function_,124,D:\MOX\FMTPARA.C,FN_Set_Tabs_,1
124,D:\MOX\FMTPARA.C,Process_Function_,124,D:\MOX\FMTPARA.C,FN_Set_Variable_,1
124,D:\MOX\FMTPARA.C,Process_Function_,124,D:\MOX\FMTPARA.C,FN_Set_Y_Pos_,1
124,D:\MOX\FMTPARA.C,Process_Function_,124,D:\MOX\FMTPARA.C,FN_Superscript_,1
124,D:\MOX\FMTPARA.C,Process_Function_,124,D:\MOX\FMTPARA.C,FN_User_Call_,1
124,D:\MOX\FMTPARA.C,Process_Function_,124,D:\MOX\FMTPARA.C,Get_Function_Argument_,1
124,D:\MOX\FMTPARA.C,Process_Function_,124,D:\MOX\FMTPARA.C,Set_Line_Limits_,2
124,D:\MOX\FMTPARA.C,Process_Function_,124,D:\MOX\FMTPARA.C,_Print_Formatted_Paragraph_,1
124,D:\MOX\FMTPARA.C,Process_Paragraph_Text_,124,D:\MOX\FMTPARA.C,Add_Character_To_Line_,1
124,D:\MOX\FMTPARA.C,Process_Paragraph_Text_,124,D:\MOX\FMTPARA.C,Process_Command_,1
124,D:\MOX\FMTPARA.C,Process_Paragraph_Text_,124,D:\MOX\FMTPARA.C,Record_Break_Position_,1
124,D:\MOX\FMTPARA.C,Process_Paragraph_Text_,124,D:\MOX\FMTPARA.C,Return_To_Last_Break_,1
124,D:\MOX\FMTPARA.C,Reset_Paramaters_,124,D:\MOX\FMTPARA.C,Get_Insert_Argument_Next_,1
124,D:\MOX\FMTPARA.C,Reset_Paramaters_,124,D:\MOX\FMTPARA.C,Reset_A_Paragraph_Variable_,1
124,D:\MOX\FMTPARA.C,Reset_Paramaters_,124,D:\MOX\FMTPARA.C,Reset_Font_Spacing_Width_,1
124,D:\MOX\FMTPARA.C,Return_To_Last_Break_,124,D:\MOX\FMTPARA.C,Add_Character_To_Line_,1
124,D:\MOX\FMTPARA.C,Set_Current_Style_,124,D:\MOX\FMTPARA.C,Get_Insert_Argument_Next_,1
124,D:\MOX\FMTPARA.C,Set_Justification_,124,D:\MOX\FMTPARA.C,Complete_Line_,1
124,D:\MOX\FMTPARA.C,Test_Item_,124,D:\MOX\FMTPARA.C,Get_Insert_Argument_Next_,8
124,D:\MOX\FMTPARA.C,Test_Item_,124,D:\MOX\FMTPARA.C,Get_Item_Value_,7
124,D:\MOX\FMTPARA.C,Test_Item_,124,D:\MOX\FMTPARA.C,Set_Item_Value_,1
124,D:\MOX\FMTPARA.C,Vertical_Move_,124,D:\MOX\FMTPARA.C,Set_Line_Limits_,1
124,D:\MOX\FMTPARA.C,_Print_Formatted_Paragraph_,124,D:\MOX\FMTPARA.C,Get_Current_Color_Set_,1
124,D:\MOX\FMTPARA.C,_Print_Formatted_Paragraph_,124,D:\MOX\FMTPARA.C,Process_Paragraph_Text_,1
124,D:\MOX\FMTPARA.C,_Print_Formatted_Paragraph_,124,D:\MOX\FMTPARA.C,Reset_Font_Spacing_Width_,1
124,D:\MOX\FMTPARA.C,_Print_Formatted_Paragraph_,124,D:\MOX\FMTPARA.C,Set_Line_Limits_,1
125,D:\MOX\INFO.C,Build_Maint_Chart_Bitmaps_,16,D:\MOX\JIM.C,Get_Text_Message_,2
125,D:\MOX\INFO.C,Build_Maint_Chart_Bitmaps_,125,D:\MOX\INFO.C,Colorize_Bitmap_,2
125,D:\MOX\INFO.C,Draw_Histories_,122,D:\MOX\BILL.C,Get_History_Params_,1
125,D:\MOX\INFO.C,Draw_Histories_,125,D:\MOX\INFO.C,Smooth_History_Data_,1
125,D:\MOX\INFO.C,Draw_Maint_Income_Chart_,16,D:\MOX\JIM.C,Decode_Text_Stat_,1
125,D:\MOX\INFO.C,Draw_Maint_Income_Chart_,16,D:\MOX\JIM.C,Get_Text_Message_,3
125,D:\MOX\INFO.C,Draw_Multiple_Drop_Areas_,125,D:\MOX\INFO.C,Draw_Drop_Area_,1
125,D:\MOX\INFO.C,Draw_Reference_Category_Subscreen_,126,D:\MOX\LIST.C,Get_Selected_List_Entry_,1
125,D:\MOX\INFO.C,Draw_Reference_Category_Subscreen_,126,D:\MOX\LIST.C,Set_Selected_List_Entry_,1
125,D:\MOX\INFO.C,Draw_Tech_Review_Subscreen_,126,D:\MOX\LIST.C,Display_Selected_List_Text_,1
125,D:\MOX\INFO.C,Draw_Tech_Review_Subscreen_,126,D:\MOX\LIST.C,Get_Selected_List_Entry_,1
125,D:\MOX\INFO.C,Draw_Tech_Review_Subscreen_,126,D:\MOX\LIST.C,Set_Selected_List_Entry_,1
125,D:\MOX\INFO.C,Draw_Turn_Summary_Subscreen_,126,D:\MOX\LIST.C,Display_List_Text_,1
125,D:\MOX\INFO.C,Draw_Turn_Summary_Subscreen_,126,D:\MOX\LIST.C,Get_Selected_List_Entry_,1
125,D:\MOX\INFO.C,Draw_Turn_Summary_Subscreen_,126,D:\MOX\LIST.C,Set_Selected_List_Entry_,1
125,D:\MOX\INFO.C,History_Subscreen_,1,L:\MOX\MOX2.C,_TOGGLE_PAGES_,1
125,D:\MOX\INFO.C,History_Subscreen_,16,D:\MOX\JIM.C,Get_Text_Message_,1
125,D:\MOX\INFO.C,History_Subscreen_,122,D:\MOX\BILL.C,Get_Players_Alive_Or_Omniscient_,1
125,D:\MOX\INFO.C,History_Subscreen_,125,D:\MOX\INFO.C,Display_Graphed_Players_Names_,1
125,D:\MOX\INFO.C,History_Subscreen_,125,D:\MOX\INFO.C,Draw_Drop_Area_,1
125,D:\MOX\INFO.C,History_Subscreen_,125,D:\MOX\INFO.C,Draw_Histories_,1
125,D:\MOX\INFO.C,History_Subscreen_,125,D:\MOX\INFO.C,Draw_The_History_Graph_,1
125,D:\MOX\INFO.C,History_Subscreen_,125,D:\MOX\INFO.C,Introduce_Subscreen_,1
125,D:\MOX\INFO.C,History_Subscreen_,125,D:\MOX\INFO.C,Set_Plyr_Hist_Btns_,2
125,D:\MOX\INFO.C,History_Subscreen_,125,D:\MOX\INFO.C,Set_Up_Player_Colors_,1
125,D:\MOX\INFO.C,Info_Screen_,1,L:\MOX\MOX2.C,Get_Auto_Function_,1
125,D:\MOX\INFO.C,Info_Screen_,16,D:\MOX\JIM.C,Bill_Picture_To_Mouse_,1
125,D:\MOX\INFO.C,Info_Screen_,79,D:\MOX\OTHERS\ERIC.C,Fast_Fade_Out_,1
125,D:\MOX\INFO.C,Info_Screen_,122,D:\MOX\BILL.C,Get_Active_Players_,2
125,D:\MOX\INFO.C,Info_Screen_,122,D:\MOX\BILL.C,Turn_Off_Palettes_,1
125,D:\MOX\INFO.C,Info_Screen_,123,D:\MOX\BILLHELP.C,History_Graph_Help_,1
125,D:\MOX\INFO.C,Info_Screen_,123,D:\MOX\BILLHELP.C,Race_Statistics_Help_,1
125,D:\MOX\INFO.C,Info_Screen_,123,D:\MOX\BILLHELP.C,Tech_Review_Help_,1
125,D:\MOX\INFO.C,Info_Screen_,123,D:\MOX\BILLHELP.C,Turn_Summary_Help_,1
125,D:\MOX\INFO.C,Info_Screen_,125,D:\MOX\INFO.C,Build_Maint_Chart_Bitmaps_,1
125,D:\MOX\INFO.C,Info_Screen_,125,D:\MOX\INFO.C,Draw_Maint_Income_Chart_,1
125,D:\MOX\INFO.C,Info_Screen_,125,D:\MOX\INFO.C,History_Subscreen_,1
125,D:\MOX\INFO.C,Info_Screen_,125,D:\MOX\INFO.C,Initialize_Maintenance_Values_,1
125,D:\MOX\INFO.C,Info_Screen_,125,D:\MOX\INFO.C,Race_Stats_Subscreen_,1
125,D:\MOX\INFO.C,Info_Screen_,125,D:\MOX\INFO.C,Reference_Subscreen_,1
125,D:\MOX\INFO.C,Info_Screen_,125,D:\MOX\INFO.C,Tech_Review_Subscreen_,1
125,D:\MOX\INFO.C,Info_Screen_,125,D:\MOX\INFO.C,Turn_Summary_Subscreen_,1
125,D:\MOX\INFO.C,Init_Info_Turn_Summary_List_,125,D:\MOX\INFO.C,Init_Turn_Summary_List_,1
125,D:\MOX\INFO.C,Init_Tech_Review_List_,16,D:\MOX\JIM.C,Get_Text_Message_,1
125,D:\MOX\INFO.C,Init_Tech_Review_List_,126,D:\MOX\LIST.C,Init_List_Data_,1
125,D:\MOX\INFO.C,Init_Turn_Summary_List_,110,D:\MOX\OTHERS\MSG.C,First_Msg_For_Player_,1
125,D:\MOX\INFO.C,Init_Turn_Summary_List_,110,D:\MOX\OTHERS\MSG.C,sprintf_msg_,1
125,D:\MOX\INFO.C,Init_Turn_Summary_List_,124,D:\MOX\FMTPARA.C,Get_Formatted_Paragraph_Max_Height_,1
125,D:\MOX\INFO.C,Init_Turn_Summary_List_,126,D:\MOX\LIST.C,Init_List_Data_,1
125,D:\MOX\INFO.C,Introduce_Subscreen_,1,L:\MOX\MOX2.C,_TOGGLE_PAGES_,1
125,D:\MOX\INFO.C,Introduce_Subscreen_,79,D:\MOX\OTHERS\ERIC.C,Fast_Fade_In_,1
125,D:\MOX\INFO.C,Introduce_Subscreen_,79,D:\MOX\OTHERS\ERIC.C,Get_Fade_Percent_,1
125,D:\MOX\INFO.C,Introduce_Subscreen_,122,D:\MOX\BILL.C,Turn_Off_Palettes_,1
125,D:\MOX\INFO.C,Print_Tech_Review_Item_,124,D:\MOX\FMTPARA.C,Print_Formatted_Paragraph_,1
125,D:\MOX\INFO.C,Print_Tech_Review_Item_,130,D:\MOX\TECH.C,Technology_Applications_Name_,1
125,D:\MOX\INFO.C,Print_Turn_Summary_Message_,110,D:\MOX\OTHERS\MSG.C,sprintf_msg_,1
125,D:\MOX\INFO.C,Print_Turn_Summary_Message_,124,D:\MOX\FMTPARA.C,Print_Formatted_Paragraph_,1
125,D:\MOX\INFO.C,Race_Stats_Subscreen_,1,L:\MOX\MOX2.C,_TOGGLE_PAGES_,1
125,D:\MOX\INFO.C,Race_Stats_Subscreen_,16,D:\MOX\JIM.C,Get_Text_Message_,4
125,D:\MOX\INFO.C,Race_Stats_Subscreen_,122,D:\MOX\BILL.C,Get_Players_Dead_Or_Alive_Or_Omniscient_,1
125,D:\MOX\INFO.C,Race_Stats_Subscreen_,125,D:\MOX\INFO.C,Draw_Drop_Area_,1
125,D:\MOX\INFO.C,Race_Stats_Subscreen_,125,D:\MOX\INFO.C,Introduce_Subscreen_,1
125,D:\MOX\INFO.C,Race_Stats_Subscreen_,125,D:\MOX\INFO.C,Print_Player_Specials_To_Bitmap_,1
125,D:\MOX\INFO.C,Race_Stats_Subscreen_,125,D:\MOX\INFO.C,Race_Statistics_Specials_Help_,1
125,D:\MOX\INFO.C,Race_Stats_Subscreen_,125,D:\MOX\INFO.C,Set_Up_Player_Colors_,1
125,D:\MOX\INFO.C,Reference_Category_Subscreen_,1,L:\MOX\MOX2.C,_TOGGLE_PAGES_,1
125,D:\MOX\INFO.C,Reference_Category_Subscreen_,16,D:\MOX\JIM.C,Get_Text_Message_,1
125,D:\MOX\INFO.C,Reference_Category_Subscreen_,64,D:\MOX\OTHERS\TEXTBOX.C,Get_Help_Lbx_Name_,1
125,D:\MOX\INFO.C,Reference_Category_Subscreen_,122,D:\MOX\BILL.C,Print_1_Or_More_Lines_Centered_To_Bitmap_,1
125,D:\MOX\INFO.C,Reference_Category_Subscreen_,124,D:\MOX\FMTPARA.C,Print_Formatted_Paragraph_To_Bitmap_,1
125,D:\MOX\INFO.C,Reference_Category_Subscreen_,125,D:\MOX\INFO.C,Draw_Drop_Area_,2
125,D:\MOX\INFO.C,Reference_Category_Subscreen_,125,D:\MOX\INFO.C,Draw_Reference_Category_Subscreen_,1
125,D:\MOX\INFO.C,Reference_Category_Subscreen_,125,D:\MOX\INFO.C,Introduce_Subscreen_,1
125,D:\MOX\INFO.C,Reference_Category_Subscreen_,126,D:\MOX\LIST.C,Add_Fields_To_List_Page_,1
125,D:\MOX\INFO.C,Reference_Category_Subscreen_,126,D:\MOX\LIST.C,Display_List_Page_,1
125,D:\MOX\INFO.C,Reference_Category_Subscreen_,126,D:\MOX\LIST.C,Get_Selected_List_Entry_,1
125,D:\MOX\INFO.C,Reference_Category_Subscreen_,126,D:\MOX\LIST.C,Init_List_Data_,1
125,D:\MOX\INFO.C,Reference_Category_Subscreen_,126,D:\MOX\LIST.C,Next_List_Page_,1
125,D:\MOX\INFO.C,Reference_Category_Subscreen_,126,D:\MOX\LIST.C,Previous_List_Page_,1
125,D:\MOX\INFO.C,Reference_Category_Subscreen_,126,D:\MOX\LIST.C,Set_List_Up_Down_Field_Drawing_,1
125,D:\MOX\INFO.C,Reference_Category_Subscreen_,126,D:\MOX\LIST.C,Set_Selected_List_Entry_,1
125,D:\MOX\INFO.C,Reference_How_To_Subscreen_,1,L:\MOX\MOX2.C,_TOGGLE_PAGES_,1
125,D:\MOX\INFO.C,Reference_How_To_Subscreen_,16,D:\MOX\JIM.C,Get_Text_Message_,1
125,D:\MOX\INFO.C,Reference_How_To_Subscreen_,64,D:\MOX\OTHERS\TEXTBOX.C,Get_Help_Lbx_Name_,1
125,D:\MOX\INFO.C,Reference_How_To_Subscreen_,124,D:\MOX\FMTPARA.C,Print_Formatted_Paragraph_,1
125,D:\MOX\INFO.C,Reference_How_To_Subscreen_,125,D:\MOX\INFO.C,Draw_Drop_Area_,1
125,D:\MOX\INFO.C,Reference_How_To_Subscreen_,125,D:\MOX\INFO.C,Introduce_Subscreen_,1
125,D:\MOX\INFO.C,Reference_Main_Subscreen_,1,L:\MOX\MOX2.C,_TOGGLE_PAGES_,1
125,D:\MOX\INFO.C,Reference_Main_Subscreen_,16,D:\MOX\JIM.C,Get_Text_Message_,2
125,D:\MOX\INFO.C,Reference_Main_Subscreen_,64,D:\MOX\OTHERS\TEXTBOX.C,Get_Help_Lbx_Name_,1
125,D:\MOX\INFO.C,Reference_Main_Subscreen_,125,D:\MOX\INFO.C,Draw_Drop_Area_,1
125,D:\MOX\INFO.C,Reference_Main_Subscreen_,125,D:\MOX\INFO.C,Draw_Reference_Main_Subscreen_,1
125,D:\MOX\INFO.C,Reference_Main_Subscreen_,125,D:\MOX\INFO.C,Introduce_Subscreen_,1
125,D:\MOX\INFO.C,Reference_Subscreen_,16,D:\MOX\JIM.C,Get_Text_Message_,1
125,D:\MOX\INFO.C,Reference_Subscreen_,123,D:\MOX\BILLHELP.C,Ref_Category_Help_,1
125,D:\MOX\INFO.C,Reference_Subscreen_,123,D:\MOX\BILLHELP.C,Ref_How_To_Help_,1
125,D:\MOX\INFO.C,Reference_Subscreen_,123,D:\MOX\BILLHELP.C,Reference_Help_,1
125,D:\MOX\INFO.C,Reference_Subscreen_,125,D:\MOX\INFO.C,Reference_Category_Subscreen_,1
125,D:\MOX\INFO.C,Reference_Subscreen_,125,D:\MOX\INFO.C,Reference_How_To_Subscreen_,1
125,D:\MOX\INFO.C,Reference_Subscreen_,125,D:\MOX\INFO.C,Reference_Main_Subscreen_,1
125,D:\MOX\INFO.C,Tech_Review_Subscreen_,125,D:\MOX\INFO.C,_Tech_Review_Subscreen_,1
125,D:\MOX\INFO.C,Turn_Summary_Subscreen_,1,L:\MOX\MOX2.C,_TOGGLE_PAGES_,2
125,D:\MOX\INFO.C,Turn_Summary_Subscreen_,16,D:\MOX\JIM.C,Decode_Text_Year_,1
125,D:\MOX\INFO.C,Turn_Summary_Subscreen_,16,D:\MOX\JIM.C,Get_Text_Message_,3
125,D:\MOX\INFO.C,Turn_Summary_Subscreen_,110,D:\MOX\OTHERS\MSG.C,Goto_Msg_Colony_,1
125,D:\MOX\INFO.C,Turn_Summary_Subscreen_,110,D:\MOX\OTHERS\MSG.C,N_Msgs_For_Player_,1
125,D:\MOX\INFO.C,Turn_Summary_Subscreen_,125,D:\MOX\INFO.C,Draw_Drop_Area_,1
125,D:\MOX\INFO.C,Turn_Summary_Subscreen_,125,D:\MOX\INFO.C,Draw_Turn_Summary_Subscreen_,1
125,D:\MOX\INFO.C,Turn_Summary_Subscreen_,125,D:\MOX\INFO.C,Init_Turn_Summary_List_,1
125,D:\MOX\INFO.C,Turn_Summary_Subscreen_,125,D:\MOX\INFO.C,Introduce_Subscreen_,2
125,D:\MOX\INFO.C,Turn_Summary_Subscreen_,126,D:\MOX\LIST.C,Add_Fields_To_List_Page_,1
125,D:\MOX\INFO.C,Turn_Summary_Subscreen_,126,D:\MOX\LIST.C,Display_List_Page_,1
125,D:\MOX\INFO.C,Turn_Summary_Subscreen_,126,D:\MOX\LIST.C,Next_List_Page_,1
125,D:\MOX\INFO.C,Turn_Summary_Subscreen_,126,D:\MOX\LIST.C,Previous_List_Page_,1
125,D:\MOX\INFO.C,Turn_Summary_Subscreen_,126,D:\MOX\LIST.C,Select_And_Page_By_Head_ID_,1
125,D:\MOX\INFO.C,Turn_Summary_Subscreen_,126,D:\MOX\LIST.C,Set_List_Up_Down_Field_Drawing_,1
125,D:\MOX\INFO.C,_Tech_Review_Subscreen_,1,L:\MOX\MOX2.C,_TOGGLE_PAGES_,1
125,D:\MOX\INFO.C,_Tech_Review_Subscreen_,16,D:\MOX\JIM.C,Get_Text_Message_,1
125,D:\MOX\INFO.C,_Tech_Review_Subscreen_,64,D:\MOX\OTHERS\TEXTBOX.C,Get_Help_Lbx_Name_,1
125,D:\MOX\INFO.C,_Tech_Review_Subscreen_,117,D:\MOX\OTHERS\RUSS.C,Mox_Update_,3
125,D:\MOX\INFO.C,_Tech_Review_Subscreen_,124,D:\MOX\FMTPARA.C,Print_Formatted_Paragraph_To_Bitmap_,2
125,D:\MOX\INFO.C,_Tech_Review_Subscreen_,125,D:\MOX\INFO.C,Draw_Drop_Area_,2
125,D:\MOX\INFO.C,_Tech_Review_Subscreen_,125,D:\MOX\INFO.C,Draw_Tech_Review_Subscreen_,1
125,D:\MOX\INFO.C,_Tech_Review_Subscreen_,125,D:\MOX\INFO.C,Init_Tech_Review_List_,1
125,D:\MOX\INFO.C,_Tech_Review_Subscreen_,125,D:\MOX\INFO.C,Introduce_Subscreen_,1
125,D:\MOX\INFO.C,_Tech_Review_Subscreen_,126,D:\MOX\LIST.C,Add_Fields_To_List_Page_,1
125,D:\MOX\INFO.C,_Tech_Review_Subscreen_,126,D:\MOX\LIST.C,Display_List_Page_,1
125,D:\MOX\INFO.C,_Tech_Review_Subscreen_,126,D:\MOX\LIST.C,Get_Selected_List_Entry_,1
125,D:\MOX\INFO.C,_Tech_Review_Subscreen_,126,D:\MOX\LIST.C,Next_List_Page_,1
125,D:\MOX\INFO.C,_Tech_Review_Subscreen_,126,D:\MOX\LIST.C,Previous_List_Page_,1
125,D:\MOX\INFO.C,_Tech_Review_Subscreen_,126,D:\MOX\LIST.C,Set_List_Up_Down_Field_Drawing_,1
125,D:\MOX\INFO.C,_Tech_Review_Subscreen_,126,D:\MOX\LIST.C,Set_Selected_List_Entry_,1
125,D:\MOX\INFO.C,_Tech_Review_Subscreen_,130,D:\MOX\TECH.C,Technology_Applications_Name_,1
126,D:\MOX\LIST.C,Display_List_Page_,126,D:\MOX\LIST.C,Display_List_Text_,1
126,D:\MOX\LIST.C,Display_List_Page_,126,D:\MOX\LIST.C,Set_List_Page_Pointer_,1
126,D:\MOX\LIST.C,Display_List_Text_,122,D:\MOX\BILL.C,Squeeze_Print_,1
126,D:\MOX\LIST.C,Display_Selected_List_Text_,122,D:\MOX\BILL.C,Squeeze_Print_,1
126,D:\MOX\LIST.C,Display_Selected_List_Text_For_Tech_List_,122,D:\MOX\BILL.C,Squeeze_Print_,1
126,D:\MOX\LIST.C,Next_List_Page_,126,D:\MOX\LIST.C,Set_List_Page_Pointer_,1
126,D:\MOX\LIST.C,Previous_List_Page_,126,D:\MOX\LIST.C,Set_List_Page_Pointer_,1
126,D:\MOX\LIST.C,Select_And_Page_By_Head_ID_,126,D:\MOX\LIST.C,Goto_Page_With_Entry_,1
127,D:\MOX\RACERPRT.C,Race_Report_Screen_,16,D:\MOX\JIM.C,Decode_Text_Stat_,1
127,D:\MOX\RACERPRT.C,Race_Report_Screen_,16,D:\MOX\JIM.C,Get_Text_Message_,7
127,D:\MOX\RACERPRT.C,Race_Report_Screen_,79,D:\MOX\OTHERS\ERIC.C,Fast_Fade_In_,1
127,D:\MOX\RACERPRT.C,Race_Report_Screen_,79,D:\MOX\OTHERS\ERIC.C,Fast_Fade_Out_,1
127,D:\MOX\RACERPRT.C,Race_Report_Screen_,117,D:\MOX\OTHERS\RUSS.C,Mox_Update_,8
127,D:\MOX\RACERPRT.C,Race_Report_Screen_,122,D:\MOX\BILL.C,Get_Their_Spy_Number_,1
127,D:\MOX\RACERPRT.C,Race_Report_Screen_,122,D:\MOX\BILL.C,Squeeze_Centered_Print_,1
127,D:\MOX\RACERPRT.C,Race_Report_Screen_,122,D:\MOX\BILL.C,Squeeze_Formatted_Paragraph_Centered_,1
127,D:\MOX\RACERPRT.C,Race_Report_Screen_,122,D:\MOX\BILL.C,Squeeze_Paragraph_Centered_,2
127,D:\MOX\RACERPRT.C,Race_Report_Screen_,122,D:\MOX\BILL.C,Turn_Off_Palettes_,1
127,D:\MOX\RACERPRT.C,Race_Report_Screen_,123,D:\MOX\BILLHELP.C,Report_Help_,1
127,D:\MOX\RACERPRT.C,Race_Report_Screen_,124,D:\MOX\FMTPARA.C,Set_Paragraph_Integer_Pointer_,1
127,D:\MOX\RACERPRT.C,Race_Report_Screen_,125,D:\MOX\INFO.C,_Tech_Review_Subscreen_,1
127,D:\MOX\RACERPRT.C,Race_Report_Screen_,128,D:\MOX\RACESCRN.C,Draw_Icon_Group_,1
127,D:\MOX\RACERPRT.C,Race_Report_Screen_,128,D:\MOX\RACESCRN.C,Setup_Icon_Group_Data_,1
128,D:\MOX\RACESCRN.C,Draw_Race_Screen_,16,D:\MOX\JIM.C,Decode_Text_Race_And_Name_,2
128,D:\MOX\RACESCRN.C,Draw_Race_Screen_,112,D:\MOX\OTHERS\NETMOX.C,Net_Diplomacy_With_,2
128,D:\MOX\RACESCRN.C,Draw_Race_Screen_,124,D:\MOX\FMTPARA.C,Print_Formatted_Paragraph_,1
128,D:\MOX\RACESCRN.C,Draw_Race_Screen_,128,D:\MOX\RACESCRN.C,Draw_Icon_Group_,2
128,D:\MOX\RACESCRN.C,Draw_Race_Screen_,128,D:\MOX\RACESCRN.C,Draw_Icon_Group_Cursor_,2
128,D:\MOX\RACESCRN.C,Draw_Race_Text_,16,D:\MOX\JIM.C,Decode_Text_Stat_,2
128,D:\MOX\RACESCRN.C,Draw_Race_Text_,48,D:\MOX\OTHERS\HAROLD.C,Player_Is_Omniscient_,2
128,D:\MOX\RACESCRN.C,Draw_Race_Text_,120,D:\MOX\OTHERS\SPY.C,Compute_Spy_Bonuses_,1
128,D:\MOX\RACESCRN.C,Draw_Race_Text_,122,D:\MOX\BILL.C,Squeeze_Centered_Print_,4
128,D:\MOX\RACESCRN.C,Draw_Race_Text_,122,D:\MOX\BILL.C,Squeeze_Paragraph_Centered_,1
128,D:\MOX\RACESCRN.C,Init_Race_Display_Data_,122,D:\MOX\BILL.C,Get_My_Agent_Number_,1
128,D:\MOX\RACESCRN.C,Init_Race_Display_Data_,122,D:\MOX\BILL.C,Get_My_Spy_Mission_,1
128,D:\MOX\RACESCRN.C,Init_Race_Display_Data_,122,D:\MOX\BILL.C,Get_My_Spy_Number_,1
128,D:\MOX\RACESCRN.C,Init_Race_Display_Data_,128,D:\MOX\RACESCRN.C,Calculate_Icon_Group_Data_,2
128,D:\MOX\RACESCRN.C,Move_Icon_Group_Icons_,128,D:\MOX\RACESCRN.C,Calculate_Icon_Group_Data_,2
128,D:\MOX\RACESCRN.C,Move_Spy_Group_From_Mouse_,16,D:\MOX\JIM.C,Bill_Picture_To_Mouse_,1
128,D:\MOX\RACESCRN.C,Move_Spy_Group_From_Mouse_,128,D:\MOX\RACESCRN.C,Calculate_Icon_Group_Data_,2
128,D:\MOX\RACESCRN.C,Move_Spy_Group_From_Mouse_,128,D:\MOX\RACESCRN.C,Redraw_Spy_Mouse_,1
128,D:\MOX\RACESCRN.C,Move_Spy_Group_To_Mouse_,128,D:\MOX\RACESCRN.C,Calculate_Icon_Group_Data_,2
128,D:\MOX\RACESCRN.C,Move_Spy_Group_To_Mouse_,128,D:\MOX\RACESCRN.C,Redraw_Spy_Mouse_,1
128,D:\MOX\RACESCRN.C,Race_Screen_,1,L:\MOX\MOX2.C,Get_Auto_Function_,1
128,D:\MOX\RACESCRN.C,Race_Screen_,1,L:\MOX\MOX2.C,Put_Auto_Function_,1
128,D:\MOX\RACESCRN.C,Race_Screen_,1,L:\MOX\MOX2.C,_TOGGLE_PAGES_,4
128,D:\MOX\RACESCRN.C,Race_Screen_,14,D:\MOX\DIP-SCRN.C,Diplomacy_Screen_,3
128,D:\MOX\RACESCRN.C,Race_Screen_,16,D:\MOX\JIM.C,Bill_Picture_To_Mouse_,3
128,D:\MOX\RACESCRN.C,Race_Screen_,16,D:\MOX\JIM.C,Decode_Text_Race_And_Name_,1
128,D:\MOX\RACESCRN.C,Race_Screen_,16,D:\MOX\JIM.C,Get_Text_Message_,30
128,D:\MOX\RACESCRN.C,Race_Screen_,46,D:\MOX\OTHERS\GENDRAW.C,Do_Confirmation_Box_,1
128,D:\MOX\RACESCRN.C,Race_Screen_,46,D:\MOX\OTHERS\GENDRAW.C,Message_Box_,2
128,D:\MOX\RACESCRN.C,Race_Screen_,74,D:\MOX\OTHERS\COLONY.C,Picture_To_Mouse_,1
128,D:\MOX\RACESCRN.C,Race_Screen_,74,D:\MOX\OTHERS\COLONY.C,Reset_Mouse_Picture_,1
128,D:\MOX\RACESCRN.C,Race_Screen_,79,D:\MOX\OTHERS\ERIC.C,Fast_Fade_In_,1
128,D:\MOX\RACESCRN.C,Race_Screen_,79,D:\MOX\OTHERS\ERIC.C,Fast_Fade_Out_,3
128,D:\MOX\RACESCRN.C,Race_Screen_,79,D:\MOX\OTHERS\ERIC.C,Get_Fade_Percent_,1
128,D:\MOX\RACESCRN.C,Race_Screen_,112,D:\MOX\OTHERS\NETMOX.C,Allowed_To_Cancel_Human_Diplomacy_,1
128,D:\MOX\RACESCRN.C,Race_Screen_,112,D:\MOX\OTHERS\NETMOX.C,Human_Diplomat_Says_Wait_,1
128,D:\MOX\RACESCRN.C,Race_Screen_,112,D:\MOX\OTHERS\NETMOX.C,Human_Hit_Next_Turn_,2
128,D:\MOX\RACESCRN.C,Race_Screen_,112,D:\MOX\OTHERS\NETMOX.C,Net_Cancel_AI_Diplomacy_Confirmed_,1
128,D:\MOX\RACESCRN.C,Race_Screen_,112,D:\MOX\OTHERS\NETMOX.C,Net_Cancel_AI_Diplomacy_Request_,1
128,D:\MOX\RACESCRN.C,Race_Screen_,112,D:\MOX\OTHERS\NETMOX.C,Net_Cancel_Human_Diplomacy_Request_,1
128,D:\MOX\RACESCRN.C,Race_Screen_,112,D:\MOX\OTHERS\NETMOX.C,Net_End_AI_Diplomacy_,1
128,D:\MOX\RACESCRN.C,Race_Screen_,112,D:\MOX\OTHERS\NETMOX.C,Net_End_Human_Diplomacy_,1
128,D:\MOX\RACESCRN.C,Race_Screen_,112,D:\MOX\OTHERS\NETMOX.C,Net_Human_Rejected_Diplomacy_,1
128,D:\MOX\RACESCRN.C,Race_Screen_,112,D:\MOX\OTHERS\NETMOX.C,Net_May_Begin_AI_Diplomacy_,1
128,D:\MOX\RACESCRN.C,Race_Screen_,112,D:\MOX\OTHERS\NETMOX.C,Net_May_Begin_Human_Diplomacy_,2
128,D:\MOX\RACESCRN.C,Race_Screen_,112,D:\MOX\OTHERS\NETMOX.C,Net_Request_AI_Diplomacy_,1
128,D:\MOX\RACESCRN.C,Race_Screen_,112,D:\MOX\OTHERS\NETMOX.C,Net_Request_Human_Diplomacy_,1
128,D:\MOX\RACESCRN.C,Race_Screen_,112,D:\MOX\OTHERS\NETMOX.C,No_AI_Diplomacy_Allowed_,2
128,D:\MOX\RACESCRN.C,Race_Screen_,117,D:\MOX\OTHERS\RUSS.C,Mox_Update_,52
128,D:\MOX\RACESCRN.C,Race_Screen_,122,D:\MOX\BILL.C,Get_Active_Players_,1
128,D:\MOX\RACESCRN.C,Race_Screen_,122,D:\MOX\BILL.C,Get_Players_Dead_Or_Alive_Or_Omniscient_,1
128,D:\MOX\RACESCRN.C,Race_Screen_,122,D:\MOX\BILL.C,Turn_Off_Palettes_,2
128,D:\MOX\RACESCRN.C,Race_Screen_,123,D:\MOX\BILLHELP.C,Races_Help_,1
128,D:\MOX\RACESCRN.C,Race_Screen_,127,D:\MOX\RACERPRT.C,Race_Report_Screen_,1
128,D:\MOX\RACESCRN.C,Race_Screen_,128,D:\MOX\RACESCRN.C,Calculate_Icon_Group_Data_,1
128,D:\MOX\RACESCRN.C,Race_Screen_,128,D:\MOX\RACESCRN.C,Draw_Race_Photos_,1
128,D:\MOX\RACESCRN.C,Race_Screen_,128,D:\MOX\RACESCRN.C,Draw_Race_Screen_,4
128,D:\MOX\RACESCRN.C,Race_Screen_,128,D:\MOX\RACESCRN.C,Draw_Race_Text_,1
128,D:\MOX\RACESCRN.C,Race_Screen_,128,D:\MOX\RACESCRN.C,Draw_Relations_Sliders_,1
128,D:\MOX\RACESCRN.C,Race_Screen_,128,D:\MOX\RACESCRN.C,Get_Spy_Group_For_Field_,1
128,D:\MOX\RACESCRN.C,Race_Screen_,128,D:\MOX\RACESCRN.C,Init_Race_Display_Data_,1
128,D:\MOX\RACESCRN.C,Race_Screen_,128,D:\MOX\RACESCRN.C,Move_Icon_Group_Icons_,1
128,D:\MOX\RACESCRN.C,Race_Screen_,128,D:\MOX\RACESCRN.C,Move_Spy_Group_From_Mouse_,4
128,D:\MOX\RACESCRN.C,Race_Screen_,128,D:\MOX\RACESCRN.C,Redraw_Spy_Mouse_,1
128,D:\MOX\RACESCRN.C,Race_Screen_,128,D:\MOX\RACESCRN.C,Setup_Main_Fields_,1
128,D:\MOX\RACESCRN.C,Race_Screen_,128,D:\MOX\RACESCRN.C,Setup_Race_Display_Fields_,2
128,D:\MOX\RACESCRN.C,Race_Screen_,128,D:\MOX\RACESCRN.C,Setup_Race_Who_Fields_,1
128,D:\MOX\RACESCRN.C,Race_Screen_,128,D:\MOX\RACESCRN.C,Update_Spy_Stuff_,5
128,D:\MOX\RACESCRN.C,Redraw_Spy_Mouse_,74,D:\MOX\OTHERS\COLONY.C,Clear_Mouse_Picture_,1
128,D:\MOX\RACESCRN.C,Redraw_Spy_Mouse_,128,D:\MOX\RACESCRN.C,Draw_Icon_Group_,1
128,D:\MOX\RACESCRN.C,Setup_Icon_Group_Data_,128,D:\MOX\RACESCRN.C,Calculate_Icon_Group_Data_,1
128,D:\MOX\RACESCRN.C,Update_Spy_Stuff_,122,D:\MOX\BILL.C,Set_My_Agent_Number_,1
128,D:\MOX\RACESCRN.C,Update_Spy_Stuff_,122,D:\MOX\BILL.C,Set_My_Spy_Mission_,1
128,D:\MOX\RACESCRN.C,Update_Spy_Stuff_,122,D:\MOX\BILL.C,Set_My_Spy_Number_,1
129,D:\MOX\SCIENCE.C,Science_Room_,1,L:\MOX\MOX2.C,Get_Auto_Function_,1
129,D:\MOX\SCIENCE.C,Science_Room_,1,L:\MOX\MOX2.C,Put_Auto_Function_,1
129,D:\MOX\SCIENCE.C,Science_Room_,1,L:\MOX\MOX2.C,_TOGGLE_PAGES_,5
129,D:\MOX\SCIENCE.C,Science_Room_,16,D:\MOX\JIM.C,Get_Text_Message_,1
129,D:\MOX\SCIENCE.C,Science_Room_,16,D:\MOX\JIM.C,Play_Streaming_Music_,3
129,D:\MOX\SCIENCE.C,Science_Room_,64,D:\MOX\OTHERS\TEXTBOX.C,Get_Help_Lbx_Name_,1
129,D:\MOX\SCIENCE.C,Science_Room_,74,D:\MOX\OTHERS\COLONY.C,Clear_Mouse_Picture_,1
129,D:\MOX\SCIENCE.C,Science_Room_,79,D:\MOX\OTHERS\ERIC.C,Fast_Fade_Out_,1
129,D:\MOX\SCIENCE.C,Science_Room_,79,D:\MOX\OTHERS\ERIC.C,Set_Fade_Percent_,2
129,D:\MOX\SCIENCE.C,Science_Room_,117,D:\MOX\OTHERS\RUSS.C,Mox_Update_,1
129,D:\MOX\SCIENCE.C,Science_Room_,122,D:\MOX\BILL.C,Turn_Off_Palettes_,2
129,D:\MOX\SCIENCE.C,Science_Room_,124,D:\MOX\FMTPARA.C,Get_Formatted_Paragraph_Max_Height_,1
129,D:\MOX\SCIENCE.C,Science_Room_,124,D:\MOX\FMTPARA.C,Print_Formatted_Paragraph_,1
129,D:\MOX\SCIENCE.C,Science_Room_,124,D:\MOX\FMTPARA.C,Print_Formatted_Paragraph_To_Bitmap_,2
129,D:\MOX\SCIENCE.C,Science_Room_,129,D:\MOX\SCIENCE.C,Update_Science_Anims_,5
129,D:\MOX\SCIENCE.C,Scientist_With_Tech_,16,D:\MOX\JIM.C,Decode_Text_Name_And_Tech_,1
129,D:\MOX\SCIENCE.C,Scientist_With_Tech_,16,D:\MOX\JIM.C,Get_Text_Message_,1
129,D:\MOX\SCIENCE.C,Scientist_With_Tech_,16,D:\MOX\JIM.C,Play_Background_Music_,1
129,D:\MOX\SCIENCE.C,Scientist_With_Tech_,74,D:\MOX\OTHERS\COLONY.C,Reset_Mouse_Picture_,1
129,D:\MOX\SCIENCE.C,Scientist_With_Tech_,122,D:\MOX\BILL.C,Cache_Other_Scientist_Anim_,1
129,D:\MOX\SCIENCE.C,Scientist_With_Tech_,129,D:\MOX\SCIENCE.C,Science_Room_,1
129,D:\MOX\SCIENCE.C,Show_Off_Captured_Tech_,16,D:\MOX\JIM.C,Decode_Text_System_,1
129,D:\MOX\SCIENCE.C,Show_Off_Captured_Tech_,16,D:\MOX\JIM.C,Get_Text_Message_,1
129,D:\MOX\SCIENCE.C,Show_Off_Captured_Tech_,16,D:\MOX\JIM.C,Play_Background_Music_,1
129,D:\MOX\SCIENCE.C,Show_Off_Captured_Tech_,74,D:\MOX\OTHERS\COLONY.C,Reset_Mouse_Picture_,1
129,D:\MOX\SCIENCE.C,Show_Off_Captured_Tech_,122,D:\MOX\BILL.C,Cache_Player_Trooper_Anim_,1
129,D:\MOX\SCIENCE.C,Show_Off_Captured_Tech_,129,D:\MOX\SCIENCE.C,Science_Room_,1
129,D:\MOX\SCIENCE.C,Show_Off_Researched_Tech_,16,D:\MOX\JIM.C,Decode_Text_Field_,1
129,D:\MOX\SCIENCE.C,Show_Off_Researched_Tech_,16,D:\MOX\JIM.C,Get_Text_Message_,1
129,D:\MOX\SCIENCE.C,Show_Off_Researched_Tech_,79,D:\MOX\OTHERS\ERIC.C,Fast_Fade_Out_,1
129,D:\MOX\SCIENCE.C,Show_Off_Researched_Tech_,129,D:\MOX\SCIENCE.C,Science_Room_,1
129,D:\MOX\SCIENCE.C,Show_Off_Researched_Tech_,130,D:\MOX\TECH.C,Technology_Fields_Name_,1
129,D:\MOX\SCIENCE.C,Show_Off_Stolen_Tech_,16,D:\MOX\JIM.C,Decode_Text_Tech_And_Other_Name_,1
129,D:\MOX\SCIENCE.C,Show_Off_Stolen_Tech_,16,D:\MOX\JIM.C,Get_Text_Message_,1
129,D:\MOX\SCIENCE.C,Show_Off_Stolen_Tech_,16,D:\MOX\JIM.C,Play_Background_Music_,1
129,D:\MOX\SCIENCE.C,Show_Off_Stolen_Tech_,74,D:\MOX\OTHERS\COLONY.C,Reset_Mouse_Picture_,1
129,D:\MOX\SCIENCE.C,Show_Off_Stolen_Tech_,122,D:\MOX\BILL.C,Cache_Player_Spy_Anim_,1
129,D:\MOX\SCIENCE.C,Show_Off_Stolen_Tech_,129,D:\MOX\SCIENCE.C,Science_Room_,1
130,D:\MOX\TECH.C,Display_All_Entry_Text_,130,D:\MOX\TECH.C,Display_Entry_Text_,1
130,D:\MOX\TECH.C,Display_Entry_Text_,122,D:\MOX\BILL.C,Squeeze_Print_,2
130,D:\MOX\TECH.C,Display_Selected_Entry_Text_,122,D:\MOX\BILL.C,Squeeze_Print_,2
130,D:\MOX\TECH.C,Draw_Application_Description_,16,D:\MOX\JIM.C,Get_Text_Message_,1
130,D:\MOX\TECH.C,Draw_Application_Description_,64,D:\MOX\OTHERS\TEXTBOX.C,Get_Help_Lbx_Name_,1
130,D:\MOX\TECH.C,Draw_Application_Description_,64,D:\MOX\OTHERS\TEXTBOX.C,Text_Box_,1
130,D:\MOX\TECH.C,Draw_Application_Description_,102,D:\MOX\OTHERS\COLCALC.C,Player_Research_Cost_,1
130,D:\MOX\TECH.C,Draw_Tech_List_,126,D:\MOX\LIST.C,Display_Selected_List_Text_For_Tech_List_,1
130,D:\MOX\TECH.C,Draw_Tech_List_,126,D:\MOX\LIST.C,Get_Selected_List_Entry_,1
130,D:\MOX\TECH.C,Draw_Tech_List_,126,D:\MOX\LIST.C,Set_Selected_List_Entry_,1
130,D:\MOX\TECH.C,Draw_Tech_Select_,130,D:\MOX\TECH.C,Display_Selected_Entry_Text_,1
130,D:\MOX\TECH.C,Draw_Tech_Select_,130,D:\MOX\TECH.C,Draw_Little_Arrow_,1
130,D:\MOX\TECH.C,Draw_Tech_Select_,130,D:\MOX\TECH.C,Set_Selected_Entry_,1
130,D:\MOX\TECH.C,Get_Group_List_,130,D:\MOX\TECH.C,Technology_Fields_Name_,1
130,D:\MOX\TECH.C,Init_Entry_Data_,16,D:\MOX\JIM.C,Get_Text_Message_,1
130,D:\MOX\TECH.C,Init_Entry_Data_,102,D:\MOX\OTHERS\COLCALC.C,Player_Research_Cost_,1
130,D:\MOX\TECH.C,Init_Entry_Data_,122,D:\MOX\BILL.C,Hyper_Field_To_Pseudo_App_Index_,2
130,D:\MOX\TECH.C,Init_Entry_Data_,130,D:\MOX\TECH.C,Technology_Applications_Name_,2
130,D:\MOX\TECH.C,Init_Entry_Data_,130,D:\MOX\TECH.C,Technology_Fields_Name_,1
130,D:\MOX\TECH.C,Print_Tech_Indent_Item_,122,D:\MOX\BILL.C,Squeeze_Print_,1
130,D:\MOX\TECH.C,Print_Tech_Indent_Item_,130,D:\MOX\TECH.C,Technology_Applications_Name_,1
130,D:\MOX\TECH.C,Tech_Change_,130,D:\MOX\TECH.C,_Tech_Select_,1
130,D:\MOX\TECH.C,Tech_Select_,16,D:\MOX\JIM.C,Play_Background_Music_,1
130,D:\MOX\TECH.C,Tech_Select_,74,D:\MOX\OTHERS\COLONY.C,Reset_Mouse_Picture_,1
130,D:\MOX\TECH.C,Tech_Select_,79,D:\MOX\OTHERS\ERIC.C,Fast_Fade_Out_,1
130,D:\MOX\TECH.C,Tech_Select_,122,D:\MOX\BILL.C,Turn_Off_Palettes_,1
130,D:\MOX\TECH.C,Tech_Select_,129,D:\MOX\SCIENCE.C,Show_Off_Researched_Tech_,1
130,D:\MOX\TECH.C,Tech_Select_,130,D:\MOX\TECH.C,_Tech_Select_,1
130,D:\MOX\TECH.C,_Tech_List_,1,L:\MOX\MOX2.C,Get_Auto_Function_,1
130,D:\MOX\TECH.C,_Tech_List_,1,L:\MOX\MOX2.C,Put_Auto_Function_,1
130,D:\MOX\TECH.C,_Tech_List_,1,L:\MOX\MOX2.C,_TOGGLE_PAGES_,3
130,D:\MOX\TECH.C,_Tech_List_,16,D:\MOX\JIM.C,Get_Text_Message_,11
130,D:\MOX\TECH.C,_Tech_List_,117,D:\MOX\OTHERS\RUSS.C,Mox_Update_,9
130,D:\MOX\TECH.C,_Tech_List_,123,D:\MOX\BILLHELP.C,Tech_Change_List_Left_Help_,1
130,D:\MOX\TECH.C,_Tech_List_,123,D:\MOX\BILLHELP.C,Tech_Change_List_Right_Help_,1
130,D:\MOX\TECH.C,_Tech_List_,123,D:\MOX\BILLHELP.C,Tech_Select_List_Left_Help_,1
130,D:\MOX\TECH.C,_Tech_List_,123,D:\MOX\BILLHELP.C,Tech_Select_List_Right_Help_,1
130,D:\MOX\TECH.C,_Tech_List_,126,D:\MOX\LIST.C,Add_Fields_To_List_Page_,1
130,D:\MOX\TECH.C,_Tech_List_,126,D:\MOX\LIST.C,Display_List_Page_,1
130,D:\MOX\TECH.C,_Tech_List_,126,D:\MOX\LIST.C,Display_Selected_List_Text_,1
130,D:\MOX\TECH.C,_Tech_List_,126,D:\MOX\LIST.C,Get_Selected_List_Entry_,1
130,D:\MOX\TECH.C,_Tech_List_,126,D:\MOX\LIST.C,Init_List_Data_,1
130,D:\MOX\TECH.C,_Tech_List_,126,D:\MOX\LIST.C,Next_List_Page_,1
130,D:\MOX\TECH.C,_Tech_List_,126,D:\MOX\LIST.C,Previous_List_Page_,1
130,D:\MOX\TECH.C,_Tech_List_,126,D:\MOX\LIST.C,Set_List_Up_Down_Field_Drawing_,1
130,D:\MOX\TECH.C,_Tech_List_,130,D:\MOX\TECH.C,Draw_Application_Description_,1
130,D:\MOX\TECH.C,_Tech_List_,130,D:\MOX\TECH.C,Draw_Tech_List_,1
130,D:\MOX\TECH.C,_Tech_List_,130,D:\MOX\TECH.C,Get_Group_List_,1
130,D:\MOX\TECH.C,_Tech_List_,132,D:\MOX\FIELDSAV.C,Restore_Field_Stats_,1
130,D:\MOX\TECH.C,_Tech_List_,132,D:\MOX\FIELDSAV.C,Save_Field_Stats_,1
130,D:\MOX\TECH.C,_Tech_Select_,1,L:\MOX\MOX2.C,Get_Auto_Function_,1
130,D:\MOX\TECH.C,_Tech_Select_,1,L:\MOX\MOX2.C,Put_Auto_Function_,1
130,D:\MOX\TECH.C,_Tech_Select_,1,L:\MOX\MOX2.C,_TOGGLE_PAGES_,2
130,D:\MOX\TECH.C,_Tech_Select_,16,D:\MOX\JIM.C,Bill_Picture_To_Mouse_,1
130,D:\MOX\TECH.C,_Tech_Select_,16,D:\MOX\JIM.C,Play_Streaming_Music_,1
130,D:\MOX\TECH.C,_Tech_Select_,79,D:\MOX\OTHERS\ERIC.C,Fast_Fade_In_,1
130,D:\MOX\TECH.C,_Tech_Select_,117,D:\MOX\OTHERS\RUSS.C,Mox_Update_,15
130,D:\MOX\TECH.C,_Tech_Select_,123,D:\MOX\BILLHELP.C,Technology_Change_Help_,1
130,D:\MOX\TECH.C,_Tech_Select_,123,D:\MOX\BILLHELP.C,Technology_Select_Help_,1
130,D:\MOX\TECH.C,_Tech_Select_,130,D:\MOX\TECH.C,Display_Entry_Text_,1
130,D:\MOX\TECH.C,_Tech_Select_,130,D:\MOX\TECH.C,Display_Selected_Entry_Text_,2
130,D:\MOX\TECH.C,_Tech_Select_,130,D:\MOX\TECH.C,Draw_Application_Description_,1
130,D:\MOX\TECH.C,_Tech_Select_,130,D:\MOX\TECH.C,Draw_Tech_Select_,2
130,D:\MOX\TECH.C,_Tech_Select_,130,D:\MOX\TECH.C,Init_Entry_Data_,2
130,D:\MOX\TECH.C,_Tech_Select_,130,D:\MOX\TECH.C,Init_Entry_Positions_,2
130,D:\MOX\TECH.C,_Tech_Select_,130,D:\MOX\TECH.C,Set_Selected_Entry_,1
130,D:\MOX\TECH.C,_Tech_Select_,130,D:\MOX\TECH.C,Setup_Entry_Buttons_,1
130,D:\MOX\TECH.C,_Tech_Select_,130,D:\MOX\TECH.C,_Tech_List_,1
131,D:\MOX\TURNSUM.C,Draw_Turn_Summary_Popup_,126,D:\MOX\LIST.C,Display_List_Text_,1
131,D:\MOX\TURNSUM.C,Draw_Turn_Summary_Popup_,126,D:\MOX\LIST.C,Get_Selected_List_Entry_,1
131,D:\MOX\TURNSUM.C,Draw_Turn_Summary_Popup_,126,D:\MOX\LIST.C,Set_Selected_List_Entry_,1
131,D:\MOX\TURNSUM.C,Init_Turn_Summary_Popup_List_,125,D:\MOX\INFO.C,Init_Turn_Summary_List_,1
131,D:\MOX\TURNSUM.C,Print_Turn_Summary_Popup_Message_,110,D:\MOX\OTHERS\MSG.C,sprintf_msg_,1
131,D:\MOX\TURNSUM.C,Print_Turn_Summary_Popup_Message_,124,D:\MOX\FMTPARA.C,Print_Formatted_Paragraph_,1
131,D:\MOX\TURNSUM.C,Turn_Summary_Popup_,1,L:\MOX\MOX2.C,Get_Auto_Function_,1
131,D:\MOX\TURNSUM.C,Turn_Summary_Popup_,1,L:\MOX\MOX2.C,Put_Auto_Function_,1
131,D:\MOX\TURNSUM.C,Turn_Summary_Popup_,1,L:\MOX\MOX2.C,_TOGGLE_PAGES_,2
131,D:\MOX\TURNSUM.C,Turn_Summary_Popup_,52,D:\MOX\OTHERS\MAINSCR.C,Draw_Mini_Main_Screen_,1
131,D:\MOX\TURNSUM.C,Turn_Summary_Popup_,79,D:\MOX\OTHERS\ERIC.C,Fast_Fade_In_,1
131,D:\MOX\TURNSUM.C,Turn_Summary_Popup_,79,D:\MOX\OTHERS\ERIC.C,Fast_Fade_Out_,1
131,D:\MOX\TURNSUM.C,Turn_Summary_Popup_,110,D:\MOX\OTHERS\MSG.C,Goto_Msg_Colony_,1
131,D:\MOX\TURNSUM.C,Turn_Summary_Popup_,110,D:\MOX\OTHERS\MSG.C,N_Msgs_For_Player_,1
131,D:\MOX\TURNSUM.C,Turn_Summary_Popup_,122,D:\MOX\BILL.C,Turn_Off_Palettes_,1
131,D:\MOX\TURNSUM.C,Turn_Summary_Popup_,123,D:\MOX\BILLHELP.C,Turn_Summary_Popup_Help_,1
131,D:\MOX\TURNSUM.C,Turn_Summary_Popup_,125,D:\MOX\INFO.C,Init_Turn_Summary_List_,1
131,D:\MOX\TURNSUM.C,Turn_Summary_Popup_,126,D:\MOX\LIST.C,Add_Fields_To_List_Page_,1
131,D:\MOX\TURNSUM.C,Turn_Summary_Popup_,126,D:\MOX\LIST.C,Display_List_Page_,1
131,D:\MOX\TURNSUM.C,Turn_Summary_Popup_,126,D:\MOX\LIST.C,Next_List_Page_,1
131,D:\MOX\TURNSUM.C,Turn_Summary_Popup_,126,D:\MOX\LIST.C,Previous_List_Page_,1
131,D:\MOX\TURNSUM.C,Turn_Summary_Popup_,126,D:\MOX\LIST.C,Select_And_Page_By_Head_ID_,1
131,D:\MOX\TURNSUM.C,Turn_Summary_Popup_,126,D:\MOX\LIST.C,Set_List_Up_Down_Field_Drawing_,1
131,D:\MOX\TURNSUM.C,Turn_Summary_Popup_,131,D:\MOX\TURNSUM.C,Draw_Turn_Summary_Popup_,1
132,D:\MOX\FIELDSAV.C,Restore_Field_Stats_,0,L:\MOX\MOX.C,main_,1
132,D:\MOX\FIELDSAV.C,Restore_Field_Stats_,64,D:\MOX\OTHERS\TEXTBOX.C,Draw_Help_Entry_,1
