caller,caller_offset,jump_site,target_owner,target_owner_offset,target,target_delta
main2_,87,1007,___begtext,3,6,3
Check_Command_Line_Parameters_,2022,2569,main2_,87,991,904
Save_Game_,5643,5860,Load_Game_,3631,5630,1999
Save_Game_,5643,7135,Load_Game_,3631,5630,1999
Get_Saved_Game_Descriptions_,7299,7679,Load_Game_,3631,5637,2006
Get_Star_Date_From_Save_File_,7766,7843,Check_Magic_Number_,7684,7760,76
Save_Out_Settings_To_Temp_File_,7953,8135,Read_Settings_From_Save_File_,7854,7947,93
Get_Game_Type_From_Saved_Game_,8140,8232,Check_Magic_Number_,7684,7750,66
Save_Session_Related_Settings_,8240,8437,Load_Game_,3631,5636,2005
Init_Players_,10627,11632,Make_System_Monsters_Into_Ships_,8908,9159,251
Init_Leaders_,12415,12655,Make_System_Monsters_Into_Ships_,8908,9159,251
Init_Non_Homeworld_Colony_,16312,16319,Init_Homeworld_Colony_,16295,16305,10
Remove_Building_,17898,17984,Add_Building_,16345,17892,1547
Remove_Building_,17898,18008,Add_Building_,16345,17892,1547
Remove_Building_,17898,18044,Add_Building_,16345,17892,1547
Remove_Building_,17898,18204,Add_Building_,16345,17892,1547
Remove_Building_,17898,18293,Add_Building_,16345,17892,1547
Remove_Building_,17898,18386,Add_Building_,16345,17892,1547
Do_Academy_At_Location_Check_,18554,18704,Calc_Ship_Level_,18407,18548,141
Control_Main_Council_Screen_,21408,21532,Draw_Main_Council_Screen_,21537,22222,685
Reload_Main_Council_Screen_,22228,23435,Draw_Main_Council_Screen_,21537,22222,685
Get_Council_Message_,23529,23588,Draw_Main_Council_Screen_,21537,22221,684
Get_Council_Message_,23529,23648,Draw_Main_Council_Screen_,21537,22221,684
Get_Council_Message_,23529,23715,Draw_Main_Council_Screen_,21537,22221,684
Get_Council_Message_,23529,23822,Draw_Main_Council_Screen_,21537,22221,684
Get_Council_Message_,23529,23951,Draw_Main_Council_Screen_,21537,22221,684
Council_Votes_,24252,24604,Draw_Main_Council_Screen_,21537,22222,685
Get_Main_Diplomacy_Choices_,30092,30786,Draw_Diplomacy_Synch_Mode_,28416,29188,772
Diplomacy_Fade_In_,31751,32024,Draw_Diplomacy_Synch_Mode_,28416,29189,773
Diplomacy_Break_Treaty_,32980,33540,Diplomacy_Propose_Treaty_,32091,32569,478
Get_Human_Declare_War_Message_,34198,34219,Get_Human_Surrender_Message_,34144,34165,21
Get_Human_Tech_Exchange_Accept_Message_,35623,35641,Get_Human_Propose_Treaty_Message_,35308,35465,157
Get_Human_Tech_Exchange_Decline_Message_,35646,35664,Get_Human_Propose_Treaty_Message_,35308,35465,157
Diplomacy_Offer_Gift_,38085,38634,Diplomacy_Demand_,35705,37274,1569
Diplomacy_Offer_Gift_,38085,38677,Diplomacy_Demand_,35705,37274,1569
Diplomacy_Offer_Gift_,38085,38963,Diplomacy_Demand_,35705,37274,1569
Diplomacy_Offer_Gift_,38085,38978,Diplomacy_Demand_,35705,37274,1569
Diplomacy_Offer_Gift_,38085,39159,Diplomacy_Demand_,35705,37274,1569
Diplomacy_Offer_Gift_,38085,39188,Diplomacy_Demand_,35705,37274,1569
Get_Diplomacy_Demand_Treaty_List_,42061,42242,Diplomacy_Need_Better_Offer_,39800,40281,481
Npc_Give_Gift_,44725,44791,Diplomacy_Propose_Treaty_,32091,32569,478
Npc_Give_Gift_,44725,44834,Diplomacy_Propose_Treaty_,32091,32569,478
Npc_Give_Gift_,44725,44892,Diplomacy_Propose_Treaty_,32091,32569,478
Npc_Give_Gift_,44725,44955,Diplomacy_Propose_Treaty_,32091,32569,478
Npc_Diplomacy_Screen_,44966,45158,Npc_Display_Diplomacy_Messages_,42247,42389,142
Check_Better_Offer_Available_,45914,45974,Diplomacy_Propose_Treaty_,32091,32569,478
Check_Better_Offer_Available_,45914,46000,Diplomacy_Propose_Treaty_,32091,32569,478
Get_Human_Demand_Response_,46520,46691,Diplomacy_Need_Better_Offer_,39800,40281,481
Get_Human_Demand_Response_,46520,46863,Diplomacy_Need_Better_Offer_,39800,40281,481
Diplomacy_Mouse_Init_,47406,48470,Draw_Diplomacy_Synch_Mode_,28416,29189,773
Diplomacy_Human_Need_Better_Offer_,48475,50194,Diplomacy_Propose_Treaty_,32091,32569,478
Check_Surrender_System_,50199,50292,Diplomacy_Propose_Treaty_,32091,32569,478
Draw_Diplomacy_System_Text_,51417,51831,Diplomacy_Propose_Treaty_,32091,32569,478
Diplomacy_System_Scan_,51836,52040,Diplomacy_Need_Better_Offer_,39800,40281,481
Diplomacy_Exchange_Technology_,52045,53164,Diplomacy_Propose_Treaty_,32091,32569,478
Diplomacy_Surrender_,53496,53714,Diplomacy_Declare_War_Resolution_,31220,31556,336
Diplomacy_Surrender_,53496,53810,Diplomacy_Declare_War_Resolution_,31220,31556,336
Diplomacy_Offer_Money_,53815,54425,Diplomacy_System_Display_,50297,51168,871
Diplomacy_Offer_Money_,53815,54496,Diplomacy_System_Display_,50297,51168,871
Diplomacy_Listen_Mode_,60905,61270,Diplomacy_Propose_Treaty_,32091,32569,478
Get_Listen_Mode_Message_,62283,62327,Get_Human_Surrender_Message_,34144,34170,26
Load_Diplomacy_Text_Messages_,62332,64526,Draw_Diplomacy_Synch_Mode_,28416,29189,773
Setup_Diplomacy_Help_,64531,64769,Diplomacy_Propose_Treaty_,32091,32569,478
Set_Opportunity_Attacks_,64896,65240,Draw_Diplomacy_Synch_Mode_,28416,29188,772
Add_Diplomacy_Turn_Summary_Messages_,65269,65512,Draw_Diplomacy_Synch_Mode_,28416,29188,772
Resolve_Delayed_Diplomacy_Orders_,65517,65726,Draw_Diplomacy_Synch_Mode_,28416,29189,773
Setup_Next_Event_,70513,72390,Pick_Random_Colony_No_Outpost_,81220,81305,85
Setup_Next_Event_,70513,72436,Pick_Random_Colony_No_Outpost_,81220,81305,85
Setup_Next_Event_,70513,72553,Get_Event_Message_,72557,72587,30
Determine_Event_,74506,75996,Pick_Random_Colony_No_Outpost_,81220,81305,85
Get_Event_Victim_,77143,77635,Pick_Random_Colony_No_Outpost_,81220,81305,85
Get_Antaran_Victim_,77660,78001,Pick_Random_Colony_No_Outpost_,81220,81305,85
Get_Event_Climate_Change_Colony_,78092,78255,Pick_Random_Colony_No_Outpost_,81220,81306,86
Get_Event_Industrial_Accident_Colony_,78260,78425,Get_Event_Climate_Change_Colony_,78092,78253,161
Event_Check_Planet_Warning_,79203,79674,Pick_Random_Colony_No_Outpost_,81220,81305,85
Pick_Completely_Random_Star_,80479,80675,Get_Event_Climate_Change_Colony_,78092,78253,161
Ship_Size_Points_At_Star_,80680,80735,Event_Get_Fleet_Strength_,74301,74363,62
Pick_Random_Player_In_Contact_,80765,80871,Pick_Random_Colony_No_Outpost_,81220,81305,85
Pick_Random_Star_,80876,81052,Pick_Random_Colony_No_Outpost_,81220,81305,85
Pick_Random_Officer_,81057,81128,Pick_Random_Colony_No_Outpost_,81220,81306,86
Pick_Random_Ship_,81133,81218,Pick_Random_Colony_No_Outpost_,81220,81306,86
Pick_Random_Colony_No_Capitol_,81312,81404,Pick_Random_Colony_No_Outpost_,81220,81303,83
Kill_All_Events_At_Colony_,81951,82634,Pick_Random_Colony_No_Outpost_,81220,81306,86
Star_Has_Event_,82684,83063,main2_,87,325,238
Determine_Lucky_Players_Events_,83217,83391,Pick_Random_Colony_No_Outpost_,81220,81303,83
Decode_Text_Race_And_Name_,85296,85319,Decode_Text_Stat_,85512,85536,24
Decode_Text_Name_And_System_,85354,85377,Decode_Text_Name_And_Stat_,85324,85348,24
Decode_Text_Name_And_Tech_,85379,85402,Decode_Text_Name_And_Stat_,85324,85348,24
Decode_Text_Name_And_Name_,85488,85507,Decode_Text_Name_And_Stat_,85324,85343,19
Decode_Text_System_,85543,85564,Decode_Text_Stat_,85512,85534,22
Decode_Text_Field_,85566,85586,Decode_Text_Stat_,85512,85532,20
Decode_Text_Tech_And_Other_Name_,85619,85649,Decode_Text_Name_And_Other_Tech_,85404,85435,31
NPC_Tech_Exchange_,86725,86736,NPC_To_Human_Diplomacy_,92560,93099,539
NPC_To_NPC_Treaty_Negotiations_,87341,88781,NPC_Threats_,86741,87334,593
Eliminate_NPC_Treaty_Conflicts_,89030,89207,NPC_Threats_,86741,87334,593
NPC_Diplomacy_Buildup_Penalties_,89212,89580,NPC_Threats_,86741,87334,593
NPC_Declarations_Of_War_,89585,91909,NPC_Threats_,86741,87334,593
NPC_Peace_Negotiations_,91914,92312,NPC_Threats_,86741,87334,593
NPC_To_Human_Diplomacy_,92560,93112,NPC_Threats_,86741,87334,593
Get_Tech_Exchange_Expectation_,94138,94331,Honor_Alliances_,88786,89024,238
Get_Tech_Exchange_Expectation_,94138,94351,Honor_Alliances_,88786,89024,238
NPC_Good_Proposal_Check_,95086,95483,Honor_Alliances_,88786,89024,238
NPC_Good_Proposal_Check_,95086,95490,Honor_Alliances_,88786,89024,238
NPC_Treaty_Hatred_,96207,96824,NPC_Threats_,86741,87334,593
NPC_Surrender_Check_,96829,98081,NPC_Threats_,86741,87334,593
Does_Ship_Have_Missiles_Incoming_,98086,98202,Get_Effective_Beam_Strength_,113246,113407,161
Safe_To_Fire_Sphere_Weapon_,98207,98659,Does_Ship_Have_Missiles_Incoming_,98086,98199,113
Ai_Self_Destruct_Check_,98664,99777,Get_Effective_Beam_Strength_,113246,113408,162
Ai_Stasis_Check_,99914,100067,Get_Effective_Beam_Strength_,113246,113407,161
Range_To_Ship_,100442,100799,Get_Current_Missile_Target_,110505,110744,239
Expected_Missile_Damage_,102062,102606,Expected_Weapon_Damage_,100804,102056,1252
Expected_Missile_Damage_,102062,102613,Expected_Weapon_Damage_,100804,102056,1252
Missile_Overkill_Check_,103384,103547,Get_Effective_Beam_Strength_,113246,113407,161
Is_Ship_Targeted_By_Missile_,103888,103953,Check_For_Launched_Fighters_,103552,103616,64
Crystal_Control_,104336,104498,Get_Effective_Beam_Strength_,113246,113407,161
Do_Auto_Ship_Turn_,104503,106262,Get_Effective_Beam_Strength_,113246,113407,161
Select_Missile_To_Target_,106821,107060,Get_Effective_Beam_Strength_,113246,113407,161
Select_Ship_To_Target_,107626,107747,Missile_Overkill_Check_,103384,103544,160
Combat_Ship_Class_,107845,108383,Get_Current_Missile_Target_,110505,110744,239
Combat_Ship_Class_,107845,108393,Get_Current_Missile_Target_,110505,110744,239
Combat_Ship_Class_,107845,108408,Get_Current_Missile_Target_,110505,110744,239
Auto_Move_Ship_,108965,109812,Get_Current_Missile_Target_,110505,110744,239
Get_Current_Target_,110750,110859,Get_Current_Missile_Target_,110505,110744,239
Get_Current_Target_,110750,110874,Get_Current_Missile_Target_,110505,110744,239
Get_Current_Target_,110750,110933,Get_Current_Missile_Target_,110505,110744,239
Get_Current_Target_,110750,110948,Get_Current_Missile_Target_,110505,110742,237
Get_Effective_Missile_Strength_,111101,112583,Get_Current_Missile_Target_,110505,110744,239
Average_Missile_Kills_,112588,113118,Expected_Beam_Bomb_Damage_,102618,103378,760
Get_Total_Hits_,113414,113564,Get_Effective_Beam_Strength_,113246,113408,162
Retreat_Check_,113569,114208,Get_Effective_Beam_Strength_,113246,113407,161
Get_Long_Range_Beam_Strength_,114213,114542,Get_Effective_Beam_Strength_,113246,113405,159
Get_Player_Mode_,115770,115826,Get_Effective_Beam_Strength_,113246,113407,161
Get_Player_Mode_,115770,116000,Get_Effective_Beam_Strength_,113246,113407,161
Get_Player_Mode_,115770,116010,Get_Effective_Beam_Strength_,113246,113407,161
Get_Player_Mode_,115770,116040,Get_Effective_Beam_Strength_,113246,113407,161
Full_Draw_Combat_Screen_,116410,117703,Ship_Completely_On_Screen_,145831,146174,343
Draw_Special_Status_Display_,125325,125706,Ship_Completely_On_Screen_,145831,146174,343
Draw_Blip3_,125826,126032,Draw_Blip2_,125711,125817,106
Draw_Blip4_,126037,126339,Draw_Blip2_,125711,125817,106
Draw_Blip5_,126344,126796,Draw_Blip2_,125711,125817,106
Draw_Reduced_Combat_Map_,127346,127869,Ship_Completely_On_Screen_,145831,146174,343
Draw_Main_Combat_Screen_,128238,131149,Ship_Completely_On_Screen_,145831,146174,343
Draw_Ship_,131170,131427,Draw_Ship_Status_,119277,123570,4293
Draw_Ship_,131170,132017,Draw_Ship_Status_,119277,123570,4293
Draw_Ship_,131170,132575,Draw_Ship_Status_,119277,123570,4293
Draw_Ship_,131170,132619,Draw_Ship_Status_,119277,123570,4293
Draw_Ship_,131170,132652,Draw_Ship_Status_,119277,123570,4293
Combat_Draw_View_Ship_,132657,139040,Ship_Completely_On_Screen_,145831,146175,344
Detailed_View_Ship_,139045,139774,Ship_Completely_On_Screen_,145831,146174,343
Draw_Shield_Arcs_,139843,140424,Ship_Completely_On_Screen_,145831,146174,343
Draw_Weapon_Arcs_,141109,141727,Ship_Completely_On_Screen_,145831,146174,343
Draw_Retreating_Ship_,142740,143697,Ship_Completely_On_Screen_,145831,146174,343
Ship_On_Screen_,146201,146364,Ship_Completely_On_Screen_,145831,146172,341
Ship_On_Screen_,146201,146428,Ship_Completely_On_Screen_,145831,146172,341
Create_Ship_Darken_Map_,148102,148543,Ship_Completely_On_Screen_,145831,146174,343
Draw_Internals_Display_,148894,149788,Draw_Weapon_Status_Display_,123597,125313,1716
Draw_Legal_Boxes_,150198,150589,Ship_Completely_On_Screen_,145831,146174,343
Move_Options_Background_,150594,151235,Ship_Completely_On_Screen_,145831,146174,343
Draw_Board_Popup_,151240,151486,Draw_Reduced_Map_Box_,126801,127334,533
Defensive_Combat_Bonus_,154893,155143,Repair_Combat_Ship_,153633,154676,1043
Get_Fleet_Pilot_Bonus_,155310,155397,Get_Fleet_Engineer_Bonus_,155148,155235,87
Leader_Ordnance_Bonus_,155469,155504,Fighter_Pilot_Bonus_,155242,155304,62
Leader_Ordnance_Bonus_,155469,155513,Fighter_Pilot_Bonus_,155242,155283,41
Get_Fleet_Ordnance_Bonus_,155518,155605,Get_Fleet_Engineer_Bonus_,155148,155235,87
Get_Fleet_Commando_Bonus_,155610,155697,Get_Fleet_Engineer_Bonus_,155148,155235,87
Commando_Bonus_,155702,155739,Fighter_Pilot_Bonus_,155242,155304,62
Commando_Bonus_,155702,155765,Fighter_Pilot_Bonus_,155242,155304,62
Engineer_Bonus_,155770,155807,Fighter_Pilot_Bonus_,155242,155304,62
Engineer_Bonus_,155770,155816,Commando_Bonus_,155702,155748,46
Get_Fleet_Security_Bonus_,155818,155905,Get_Fleet_Engineer_Bonus_,155148,155235,87
Security_Bonus_,155910,155947,Fighter_Pilot_Bonus_,155242,155304,62
Security_Bonus_,155910,155956,Commando_Bonus_,155702,155748,46
Init_Internal_Space_,156784,157354,Fleet_Offensive_Bonus_,156262,156554,292
Offensive_Combat_Bonus_,157405,157560,Repair_Combat_Ship_,153633,154676,1043
Helmsman_Bonus_,157565,157600,Fighter_Pilot_Bonus_,155242,155304,62
Helmsman_Bonus_,157565,157609,Fighter_Pilot_Bonus_,155242,155283,41
Weaponry_Bonus_,157614,157649,Fighter_Pilot_Bonus_,155242,155304,62
Weaponry_Bonus_,157614,157658,Fighter_Pilot_Bonus_,155242,155283,41
Galactic_Lore_Bonus_,157663,157698,Fighter_Pilot_Bonus_,155242,155304,62
Galactic_Lore_Bonus_,157663,157707,Fighter_Pilot_Bonus_,155242,155283,41
Defensive_Fire_Check_,159441,160110,Apply_Internal_Damage_,152145,153627,1482
Max_Defensive_Fire_Range_,160115,160335,Fleet_Offensive_Bonus_,156262,156554,292
Get_Combat_Ship_Special_Id_,160340,160440,Repair_Combat_Ship_,153633,154676,1043
Apply_Combat_Artemis_Net_,165519,165941,Fleet_Offensive_Bonus_,156262,156554,292
Used_Teleporter_,166006,166026,Combat_Ship_Done_,165946,165969,23
Set_Teleporter_Used_,166028,166048,Set_Combat_Ship_Done_,165976,165999,23
Already_Boarded_,166050,166070,Combat_Ship_Done_,165946,165966,20
Set_Boarded_Flag_,166072,166092,Set_Combat_Ship_Done_,165976,165996,20
Being_Captured_,166094,166114,Combat_Ship_Done_,165946,165966,20
Set_Capturing_Flag_,166119,166139,Set_Combat_Ship_Done_,165976,165996,20
Fire_Special_Weapon_,174127,174331,Get_Beam_Weapon_Modifiers_,169012,169201,189
Fire_Special_Weapon_,174127,174491,Get_Beam_Weapon_Modifiers_,169012,169201,189
Fire_Special_Weapon_,174127,174613,Get_Beam_Weapon_Modifiers_,169012,169201,189
Fire_Special_Weapon_,174127,174667,Get_Beam_Weapon_Modifiers_,169012,169201,189
Fire_Special_Weapon_,174127,175131,Get_Beam_Weapon_Modifiers_,169012,169201,189
Fire_Fighter_Beam_,175447,176046,Weapon_In_Range_,171805,172211,406
Energy_Absorber_Attack_,176247,176941,Special_Is_Turned_On_,176132,176241,109
BHG_,177703,178232,Special_Is_Turned_On_,176132,176241,109
Find_Weakest_Shield_,187279,187340,Draw_Missiles_,182324,182396,72
Draw_Fighter_,187345,187859,Draw_Missile_,180956,181547,591
Retarget_Missile_,187864,188296,Draw_Missiles_,182324,182396,72
QGet_Target_SC_,204576,204667,QGet_Hits_Bonus_,204322,204418,96
Missile_Attack_,204672,204987,QLoad_Combat_Antaran_Ship_,196020,196332,312
Strat_Special_Attack_,205148,205338,QLoad_Combat_Antaran_Ship_,196020,196332,312
Beam_Attack_,205343,205639,QLoad_Combat_Antaran_Ship_,196020,196332,312
Resolve_Strat_Colony_Damage_,205814,206201,QGet_Target_,204424,204570,146
Bombardment_,206459,206634,QGet_Target_,204424,204570,146
Bombardment_,206459,206655,QGet_Target_,204424,204570,146
Enemy_Dissipator_Exists_,207457,207546,Init_Ship_For_Start_Of_Turn_,207728,208354,626
Seeking_Missiles_,216740,217738,Init_Ship_For_Start_Of_Turn_,207728,208353,625
Calc_Current_Speed_,217743,218198,Init_Ship_For_Start_Of_Turn_,207728,208353,625
Check_For_Winner_,218203,218370,Init_Ship_For_Start_Of_Turn_,207728,208354,626
Next_Ship_,218532,218576,Init_Ship_For_Start_Of_Turn_,207728,208353,625
Next_Ship_,218532,219207,Init_Ship_For_Start_Of_Turn_,207728,208353,625
Ship_Done_Check_,219405,219487,Combat_Ship_Is_Functional_,207399,207451,52
Add_Missile_Fields_,220839,221221,Init_Ship_For_Start_Of_Turn_,207728,208353,625
Set_Combat_Help_Fields_,221226,222667,Init_Ship_For_Start_Of_Turn_,207728,208353,625
Add_Tactical_Combat_Fields_,222672,223056,Init_Ship_For_Start_Of_Turn_,207728,208353,625
Add_Tactical_Combat_Fields_,222672,224431,Init_Ship_For_Start_Of_Turn_,207728,208353,625
Assign_Combat_Grids_,224456,225085,Init_Ship_For_Start_Of_Turn_,207728,208353,625
Assign_Mouse_Images_,225090,226602,Init_Ship_For_Start_Of_Turn_,207728,208353,625
Scroll_Combat_Screen_,236097,236804,Deploy_Ships_,233539,234657,1118
Load_Combat_Ship_Palette_,237465,237861,Deploy_Ships_,233539,234657,1118
Load_Individual_Ship_Pictures_,237866,238815,Deploy_Ships_,233539,234657,1118
Increment_Bhg_,238820,238960,Deploy_Ships_,233539,234657,1118
Plasma_Web_Damage_,239054,239499,Deploy_Ships_,233539,234657,1118
Recharge_Shields_,239504,239743,Deploy_Ships_,233539,234657,1118
Load_Tactical_Colony_,240182,241685,Load_Combat_Ship_,234826,236091,1265
Unload_Combat_Ship_,244193,244688,Deploy_Ships_,233539,234657,1118
Load_Combat_Satelite_,244693,248305,Deploy_Ships_,233539,234657,1118
Load_Display_Combat_Ship_,248606,249826,Deploy_Ships_,233539,234658,1119
Repair_All_Combat_Ships_,249831,250101,Deploy_Ships_,233539,234657,1118
Load_Antaran_Star_Fortress_,250254,251761,Deploy_Ships_,233539,234657,1118
End_Of_Turn_Diplomacy_Adjustments_,252594,253286,Init_Diplomatic_Relations_,251790,252587,797
Diplomacy_Growth_,253291,254896,Init_Diplomatic_Relations_,251790,252587,797
Determine_Diplomacy_Messages_,256774,258263,Init_Diplomatic_Relations_,251790,252587,797
Fleet_Strength_Comparison_,262351,262495,Required_Alliances_,261424,261643,219
Maintenance_Strength_Comparison_,262558,262600,Tech_Strength_Comparison_,262500,262550,50
Unprovoked_Good_Messages_,262602,264210,Required_Alliances_,261424,261643,219
Unprovoked_Good_Messages_,262602,264226,Required_Alliances_,261424,261643,219
Clear_Diplomacy_Messages_,264460,264908,Init_Diplomatic_Relations_,251790,252587,797
Determine_First_Contacts_,265047,265639,Init_Diplomatic_Relations_,251790,252587,797
Modifier_Diplomacy_Adjustments_,265644,266202,Init_Diplomatic_Relations_,251790,252588,798
Declare_War_,266360,267145,Required_Alliances_,261424,261643,219
Break_Treaties_,267150,268118,Required_Alliances_,261424,261643,219
Break_Research_,268123,268711,Required_Alliances_,261424,261643,219
Break_Trade_,268716,269309,Required_Alliances_,261424,261643,219
Break_Tribute_,269314,269769,Required_Alliances_,261424,261643,219
Total_War_Loss_Comparison_,270095,270304,Required_Alliances_,261424,261643,219
Start_Research_Treaty_,270672,270906,Required_Alliances_,261424,261643,219
Start_Trade_Treaty_,270911,271145,Required_Alliances_,261424,261643,219
Declare_Peace_,271611,271869,Required_Alliances_,261424,261643,219
Get_Gift_Response_,276259,276912,Reward_Check_,256515,256768,253
Get_Demand_Response_,276953,278161,Change_Relations_,254901,256509,1608
NPC_Sneak_Attacks_,278235,279708,Init_Diplomatic_Relations_,251790,252587,797
Sneak_Attack_Evaluations_,279713,281787,Reward_Check_,256515,256768,253
Init_Ship_Designs_,282559,282859,Best_Point_Defense_Weapon_,289180,289332,152
Init_Ship_Designs_,282559,282931,Best_Point_Defense_Weapon_,289180,289332,152
Load_Small_Antaran_Combat_Ship_,282977,283487,Load_Large_Antaran_Design_,285148,285452,304
Load_Small_Antaran_Design_,283492,283687,Load_Large_Antaran_Design_,285148,285452,304
Load_Medium_Antaran_Combat_Ship_,283692,284248,Load_Small_Antaran_Combat_Ship_,282977,283473,496
Load_Medium_Antaran_Design_,284253,284467,Load_Small_Antaran_Design_,283492,283663,171
Load_Large_Antaran_Combat_Ship_,284472,285143,Load_Small_Antaran_Combat_Ship_,282977,283473,496
Load_Huge_Antaran_Combat_Ship_,285458,286225,Load_Small_Antaran_Combat_Ship_,282977,283473,496
Load_Huge_Antaran_Design_,286230,286562,Load_Large_Antaran_Design_,285148,285428,280
Load_Titan_Antaran_Combat_Ship_,286567,287441,Best_Point_Defense_Weapon_,289180,289332,152
Load_Titan_Antaran_Design_,287446,287835,Load_Large_Antaran_Design_,285148,285428,280
Load_Outpost_Ship_Design_,288134,288313,Load_Colony_Ship_Design_,287949,288128,179
Best_Armor_,288863,288970,Best_Ship_Shield_,288670,288775,105
Best_Beam_Weapon_,289003,289175,Best_Bomb_Weapon_,289954,290072,118
Best_Point_Defense_Weapon_,289180,289333,Load_Large_Antaran_Design_,285148,285452,304
Best_Missile_Weapon_,289574,289733,Best_Bomb_Weapon_,289954,290072,118
Best_Missile_Weapon_,289574,289743,Best_Bomb_Weapon_,289954,290072,118
Best_Missile_Weapon_,289574,289753,Best_Bomb_Weapon_,289954,290072,118
Best_Missile_Weapon_NT_,289786,289929,Best_Beam_Weapon_,289003,289173,170
Best_Missile_Weapon_NT_,289786,289939,Best_Beam_Weapon_,289003,289173,170
Best_Missile_Weapon_NT_,289786,289949,Best_Beam_Weapon_,289003,289173,170
Best_Beam_To_Hit_Special_,290308,290413,Best_Bomb_Weapon_,289954,290070,116
Best_Beam_Damage_Special_,290418,290539,Best_Bomb_Weapon_,289954,290070,116
Best_Beam_Defense_Special_,290544,290665,Best_Bomb_Weapon_,289954,290070,116
Best_Missile_Defense_Special_,290670,290791,Best_Bomb_Weapon_,289954,290070,116
Best_Missile_Damage_Special_,290796,290925,Best_Beam_Weapon_,289003,289173,170
Best_Ship_Fuel_,290975,291085,Best_Bomb_Weapon_,289954,290070,116
Update_Player_Ship_Designs_,291090,291116,Best_Point_Defense_Weapon_,289180,289332,152
Update_Player_Ship_Designs_,291090,291157,Best_Point_Defense_Weapon_,289180,289332,152
Update_Player_Ship_Designs_,291090,291218,Best_Point_Defense_Weapon_,289180,289332,152
Update_Equipment_On_Ships_Being_Built_,291223,291494,Best_Point_Defense_Weapon_,289180,289332,152
Update_Automatic_Design_Equipment_,291499,291778,Best_Point_Defense_Weapon_,289180,289332,152
Update_Strategic_Ship_Designs_,291783,291996,Best_Point_Defense_Weapon_,289180,289332,152
Update_Player_Strategic_Ship_Designs_,292001,292193,Best_Point_Defense_Weapon_,289180,289332,152
Load_Eel_Ship_Design_,294164,294422,Load_Colony_Ship_Design_,287949,288128,179
Load_Guardian_Ship_Design_,294700,295043,Load_Large_Antaran_Design_,285148,285449,301
Check_For_Auto_Refit_,295048,295152,Load_Large_Antaran_Design_,285148,285452,304
Repair_Ships_At_Colonies_,295157,295406,Best_Ship_Shield_,288670,288775,105
Ship_Has_Weapon_,295536,295610,Load_Colony_Ship_Design_,287949,288128,179
Load_Loknar_Ship_Design_,296071,296383,Load_Large_Antaran_Design_,285148,285449,301
Get_Weighted_Choice_Best_Long_,296967,297041,Get_Weighted_Best_Choice_,296883,296961,78
Calculate_Picks_,299091,299264,Draw_Race_Option_Background_,299269,300703,1434
Draw_Racial_Option_Screen_,300709,303004,Draw_Race_Option_Background_,299269,300681,1412
Racial_Option_Screen_,304060,305267,Draw_Race_Option_Background_,299269,300696,1427
Racial_Option_Screen_,304060,305871,Draw_Race_Option_Background_,299269,300696,1427
Add_Race_Options_Fields_,305876,306578,Calculate_Picks_,299091,299263,172
Convert_Player_To_Flags_,306583,306739,Calculate_Picks_,299091,299263,172
Setup_Evolutionary_Upgrade_,307370,307525,Calculate_Picks_,299091,299263,172
Convert_Player_To_Flags_EM_,308429,308640,Calculate_Picks_,299091,299263,172
Convert_Flags_To_Player_EM_,308645,308804,Convert_Flags_To_Player_,306744,306926,182
Evolutionary_Mutation_Screen_,308809,310303,Draw_Race_Option_Background_,299269,300696,1427
Draw_Race_Selection_Screen_,310679,311817,Reload_Race_Selection_Screen_,310388,310673,285
Race_Selection_Screen_,312592,315186,Draw_Race_Selection_Screen_,310679,311810,1131
Draw_Flag_Screen_,315191,315386,Reload_Race_Selection_Screen_,310388,310672,284
Set_Flag_Screen_Help_,315391,315447,Set_Race_Select_Help_,311899,312585,686
Flag_Screen_,315452,315924,Reload_Race_Selection_Screen_,310388,310672,284
Flag_Screen_,315452,316014,Reload_Race_Selection_Screen_,310388,310672,284
Ken_Test_,316952,317063,Find_Ship_Stacks_,316446,316946,500
Remove_Non_Detected_Ships_,317779,318847,Find_Ship_Stacks_,316446,316945,499
Init_Player_Tech_,320863,322268,Init_Tech_,319971,320504,533
Ship_Strength_Vs_Shield_,323403,324279,Satelite_Strength_Vs_Ships_,322418,323089,671
Ship_Strength_Vs_Shield_,323403,324286,Satelite_Strength_Vs_Ships_,322418,323089,671
Missile_Base_Strength_,324900,324922,Ship_Strength_Vs_Planetary_Shield_,324473,324894,421
Missile_Base_Strength_,324900,325022,Ship_Strength_Vs_Planetary_Shield_,324473,324894,421
Phasor_Base_Strength_,325027,325191,Ship_Strength_Vs_Planetary_Shield_,324473,324894,421
Fighter_Garrison_Strength_,325196,325442,Ship_Strength_Vs_Planetary_Shield_,324473,324894,421
Get_Ship_Class_,326279,326345,Special_Devices_Available_,326122,326270,148
Get_Ship_Class_,326279,326387,Special_Devices_Available_,326122,326270,148
Get_Ship_Class_,326279,326449,Special_Devices_Available_,326122,326270,148
Get_Ship_Class_,326279,326500,Special_Devices_Available_,326122,326270,148
Get_Ship_Class_,326279,326515,Special_Devices_Available_,326122,326270,148
Get_Ship_Class_,326279,326549,Special_Devices_Available_,326122,326270,148
Get_Ship_Class_,326279,326564,Special_Devices_Available_,326122,326270,148
Get_Ship_Class_,326279,326579,Special_Devices_Available_,326122,326270,148
Get_Ship_Class_,326279,326596,Special_Devices_Available_,326122,326270,148
Get_Ship_Class_,326279,326660,Special_Devices_Available_,326122,326270,148
Get_Ship_Class_,326279,326710,Special_Devices_Available_,326122,326270,148
Get_Ship_Class_,326279,326753,Special_Devices_Available_,326122,326270,148
Get_Ship_Class_,326279,326963,Special_Devices_Available_,326122,326270,148
Get_Ship_Class_,326279,327047,Special_Devices_Available_,326122,326270,148
Add_Beam_Weapon_To_Design_,332927,333440,Add_Missile_Weapon_To_Design_,329593,329897,304
Hotseat_Screen_,338146,338866,Draw_Hotseat_Screen_,337622,337878,256
Advanced_Civilization_Colonies_,339056,339603,Build_Parsec_Star_Distances_,338922,339049,127
Build_Adv_Civ_Star_List_,339608,340016,Build_Parsec_Star_Distances_,338922,339049,127
Build_Adv_Civ_Planet_List_,340021,340305,Build_Parsec_Star_Distances_,338922,339049,127
Get_Worth_For_All_Planets_,340310,340564,Build_Parsec_Star_Distances_,338922,339049,127
Get_Next_Adv_Civ_Planet_,341020,341362,Proximity_Bonus_,340754,340943,189
Choose_Adv_Civ_Planets_,341367,342083,Build_Parsec_Star_Distances_,338922,339049,127
Get_Saved_Planet_Worth_,342113,342180,Proximity_Bonus_,340754,340943,189
Twiddle_Selected_Adv_Civ_Planets_,342185,342869,Build_Parsec_Star_Distances_,338922,339049,127
Get_Players_Planet_Worthiness_Average_,343200,343301,Build_Parsec_Star_Distances_,338922,339049,127
Antaran_Offensive_Force_,343667,343705,Antaran_Defensive_Force_,343514,343552,38
Antarans_Should_Attack_,343773,343862,Build_Antaran_Defensive_Ships_,343964,344005,41
Antarans_Should_Attack_,343773,343962,Build_Antaran_Defensive_Ships_,343964,344005,41
Build_Antaran_Offensive_Ships_,344011,344046,Build_Antaran_Defensive_Ships_,343964,343996,32
Deploy_Antaran_Ships_,344992,345503,Build_Antaran_Defensive_Ships_,343964,344005,41
Next_Antaran_Ship_Size_,345997,346066,Antaran_Defensive_Force_,343514,343552,38
Add_Replacement_Weapon_Fields_,347028,348803,Print_Main_Weapon_Box_,355564,357096,1532
Draw_Generic_Replacement_Box_,350040,350286,Generic_Replacement_Box_,352318,352872,554
Draw_Special_Systems_Replacement_Box_,350291,350494,Draw_Generic_Replacement_Box_,350040,350266,226
Draw_Special_Systems_Scroll_Bar_,350499,350758,Generic_Replacement_Box_,352318,352872,554
Draw_Weapons_Arc_Box_,350763,351008,Add_Special_System_Fields_,348808,349399,591
Draw_Weapons_Mod_Box_,351013,351277,Add_Special_System_Fields_,348808,349399,591
Draw_Weapons_Rack_Box_,351282,351477,Add_Special_System_Fields_,348808,349399,591
Draw_Weapons_Replacement_Box_,351482,352046,Draw_Generic_Replacement_Box_,350040,350266,226
Draw_Weapons_Scroll_Bar_,352051,352313,Draw_Special_Systems_Scroll_Bar_,350499,350753,254
Generic_Replacement_Box_,352318,352873,Special_Systems_Box_,362325,363831,1506
New_Mod_Space_,354416,354545,Mod_Allowed_On_Weapon_Type_,354188,354295,107
New_Mod_Space_,354416,354552,Mod_Allowed_On_Weapon_Type_,354188,354295,107
Print_Computer_Data_,354557,355559,Print_Main_Weapon_Box_,355564,357102,1538
Print_Shield_Data_,357138,358010,Print_Main_Weapon_Box_,355564,357033,1469
Print_Special_System_Data_,358015,359362,Print_Main_Weapon_Box_,355564,357046,1482
Print_Weapon_Mod_Help_Description_,359367,359602,Generic_Replacement_Box_,352318,352867,549
Print_Weapon_Modification_Message_,359631,360011,Special_Systems_Box_,362325,363830,1505
Redraw_Main_Design_Screen_To_Background_,360016,360087,Draw_Darkened_Design_Screen_,349497,349562,65
Set_Up_Weapon_Display_,360444,360818,Generic_Replacement_Box_,352318,352872,554
Space_With_Weapons_,361101,361242,Special_Systems_Box_,362325,363831,1506
Special_System_Choices_,361491,361998,Generic_Replacement_Box_,352318,352872,554
Special_System_Exclusion_,362003,362182,Add_Special_System_Fields_,348808,349399,591
Update_Field_Item_Chosen_,364003,364091,Mod_Allowed_On_Weapon_Type_,354188,354295,107
Valid_Modifications_,364682,364958,Generic_Replacement_Box_,352318,352872,554
Weapon_Choices_,365083,365850,Generic_Replacement_Box_,352318,352872,554
Weapon_Choices_,365083,365860,Generic_Replacement_Box_,352318,352872,554
Weapons_Replacement_Box_,365955,368170,Special_Systems_Box_,362325,363824,1499
Build_Design_Template_,370337,370627,Add_Design_Buttons_,368226,369630,1404
Check_For_Auto_Repeat_,371610,371641,Add_Design_Buttons_,368226,369630,1404
Check_For_Auto_Repeat_,371610,372025,Add_Design_Buttons_,368226,369630,1404
Clear_Design_For_Colony_Builds_,373570,373679,Build_Initial_Design_Template_,370632,371477,845
Clear_Weapon_Slot_,373800,373970,Add_Design_Buttons_,368226,369631,1405
Design_Screen_,375218,376962,Add_Design_Buttons_,368226,369631,1405
Design_Template_Costs_,376967,377474,Add_Design_Buttons_,368226,369630,1404
Design_Template_Space_Requirements_,377479,377977,Add_Design_Buttons_,368226,369630,1404
Draw_Down_Buttons_,378628,378908,Add_Design_Buttons_,368226,369630,1404
Draw_Down_Buttons_,378628,378988,Add_Design_Buttons_,368226,369630,1404
Load_Design_Screen_Pictures_,379277,380966,Add_Design_Buttons_,368226,369630,1404
Number_Of_Weapons_Loaded_,381329,381362,Number_Of_Special_Systems_,381287,381323,36
Print_Current_Design_,381596,385144,Design_Screen_,375218,376961,1743
Replacement_Exists_,385500,385595,Add_Design_Buttons_,368226,369631,1405
Space_For_System_Replacement_,386094,386412,Add_Design_Buttons_,368226,369630,1404
Total_Design_Cost_,386935,387098,Current_Design_Base_Combat_Speed_,374890,374988,98
Total_Space_Used_,387170,387285,Add_Design_Buttons_,368226,369631,1405
Update_Player_Design_,387656,388207,Build_Initial_Design_Template_,370632,371477,845
Miniaturization_Category_,389404,389467,Number_Of_Special_Systems_,381287,381323,36
Miniaturization_Category_,389404,389515,Number_Of_Special_Systems_,381287,381323,36
Miniaturization_Category_,389404,389575,Number_Of_Special_Systems_,381287,381323,36
Set_Design_Screen_Help_List_,390468,390588,Set_Null_Modem_Setup_Screen_Help_List_,391967,392020,53
Set_Main_Game_Screen_Help_List_,391206,391222,Set_PlntSum_Screen_Help_List_,390445,390461,16
Set_Scrap_Freighters_Help_List_,391227,391243,Set_PlntSum_Screen_Help_List_,390445,390461,16
Set_Load_Game_Screen_Help_List_,391248,391264,Set_PlntSum_Screen_Help_List_,390445,390461,16
Set_Save_Game_Screen_Help_List_,391269,391285,Set_PlntSum_Screen_Help_List_,390445,390461,16
Set_Options_Game_Screen_Help_List_,391290,391306,Set_PlntSum_Screen_Help_List_,390445,390461,16
Set_Fleet_Screen_Help_List_,391311,391514,Set_Main_Screen_Help_List_,389760,390433,673
Set_ColOff_Screen_Help_List_,391519,391608,Set_Main_Screen_Help_List_,389760,390433,673
Set_ShipOff_Screen_Help_List_,391613,391867,Get_Application_Description_,392170,392275,105
Set_Main_Menu_Screen_Help_List_,391872,391888,Set_PlntSum_Screen_Help_List_,390445,390461,16
Set_Multi_Player_Setup_Screen_Help_List_,391893,391909,Set_PlntSum_Screen_Help_List_,390445,390461,16
Set_Modem_Setup_Screen_Help_List_,391914,391965,Set_Null_Modem_Setup_Screen_Help_List_,391967,392018,51
Set_Input_Box_Help_List_,392030,392046,Set_PlntSum_Screen_Help_List_,390445,390461,16
Set_Diplomacy_Request_Help_List_,392051,392070,Set_Null_Modem_Setup_Screen_Help_List_,391967,391986,19
Set_Hotseat_Setup_Screen_Help_List_,392072,392091,Set_Null_Modem_Setup_Screen_Help_List_,391967,391986,19
Get_Help_LBX_Message_,392281,392316,Get_Application_Description_,392170,392205,35
Add_Fleet_Movement_Box_Fields_,392968,393733,Add_Added_Buttons_,392484,392962,478
Check_For_Build_Outpost_Button_,393849,393866,Check_For_Attack_Antares_Button_,393833,393843,10
Check_For_Colonization_Button_,393868,393885,Check_For_Attack_Antares_Button_,393833,393843,10
Check_For_Engage_Enemy_Forces_Button_,393887,393904,Check_For_Attack_Antares_Button_,393833,393843,10
Check_For_Transport_Troops_Button_,393906,393923,Check_For_Attack_Antares_Button_,393833,393843,10
Draw_Damage_Bars_,393962,394401,Draw_Large_Fleet_Box_Frame_,394406,394748,342
Draw_Small_Fleet_Box_Frame_,394754,395142,Draw_Large_Fleet_Box_Frame_,394406,394708,302
Draw_Fleet_Movement_Box_,395381,397053,Draw_Fltpop_Scroll_Bar_,395147,395375,228
Draw_Fleet_Pop_Added_Buttons_,397058,397462,Add_Added_Buttons_,392484,392962,478
Fleet_Box_Height_,397798,398035,Draw_Fltpop_Scroll_Bar_,395147,395374,227
Get_Fleetpop_Scanned_Ship_Info_,398286,398400,Draw_Fltpop_Scroll_Bar_,395147,395375,228
Get_Fleetpop_Scanned_Ship_Info_,398286,398432,Draw_Fltpop_Scroll_Bar_,395147,395375,228
Print_Fleet_Box_Info_,398598,399869,Draw_Fleet_Movement_Box_,395381,397046,1665
Print_Fleet_Box_Info_,398598,399890,Draw_Fleet_Movement_Box_,395381,397046,1665
Fleet_Box_Data_,399927,400137,First_Unselected_Icon_,397467,397672,205
Set_Attack_Antares_Button_Flag_,400615,400851,Draw_Fltpop_Scroll_Bar_,395147,395374,227
Set_Build_Outpost_Button_Flag_,400856,400880,Draw_Fltpop_Scroll_Bar_,395147,395374,227
Set_Build_Outpost_Button_Flag_,400856,401200,Draw_Fltpop_Scroll_Bar_,395147,395374,227
Set_Colonize_Button_Flag_,401205,401560,Draw_Fltpop_Scroll_Bar_,395147,395374,227
Set_Engage_Enemy_Forces_Flag_,401565,401591,Draw_Fltpop_Scroll_Bar_,395147,395374,227
Set_Engage_Enemy_Forces_Flag_,401565,401894,Draw_Fltpop_Scroll_Bar_,395147,395374,227
Set_Fleet_Movement_Icon_Selections_,402078,402241,Add_Added_Buttons_,392484,392962,478
Set_Transport_Troops_Flag_,402246,402270,Draw_Fltpop_Scroll_Bar_,395147,395374,227
Set_Transport_Troops_Flag_,402246,402634,Draw_Fltpop_Scroll_Bar_,395147,395374,227
Draw_Fltscrn_Ship_Destination_Lines_,406769,407453,Draw_Fltscrn_Big_Ship_Icons_,406230,406690,460
Fill_FltScrn_Scroll_Bar_,407667,407931,Draw_Fltscrn_Big_Ship_Icons_,406230,406690,460
Fleet_Screen_,407936,410824,Draw_Fltscrn_Big_Ship_Icons_,406230,406691,461
Reload_Fleet_Screen_,411210,411899,Draw_Fltscrn_Big_Ship_Icons_,406230,406690,460
Reload_Small_Ship_Icons_,411959,412139,Draw_Fltscrn_Big_Ship_Icons_,406230,406690,460
Draw_Fltscrn_Relocation_Lines_,414330,414611,Draw_Fltscrn_Big_Ship_Icons_,406230,406690,460
N_Fltscrn_Ships_Selected_,414616,414673,First_Selected_Ship_,413400,413454,54
Add_Fltscrn_Small_Icon_Fields_,415186,415290,Button_Underneath_,415961,416061,100
Button_Underneath_,415961,416062,Draw_Captains_Picture_,416217,416601,384
Fltscrn_Move_Ships_,417096,417507,Draw_Captains_Picture_,416217,416600,383
Fltscrn_Ships_To_Be_Displayed_,417512,417618,Button_Underneath_,415961,416059,98
Fltscrn_Ships_To_Be_Displayed_,417512,417635,Button_Underneath_,415961,416059,98
Fltscrn_Ships_To_Be_Displayed_,417512,417642,Button_Underneath_,415961,416059,98
Fltscrn_Ships_To_Be_Displayed_,417512,417652,Button_Underneath_,415961,416059,98
Print_Fltscrn_Scanned_Star_Name_,418213,419167,Button_Underneath_,415961,416061,100
Print_Scanned_Ship_Data_,419598,420037,Draw_Captains_Picture_,416217,416594,377
Print_Scanned_Ship_Data_,419598,421661,Draw_Captains_Picture_,416217,416594,377
Do_Confirmation_Box_,423512,424027,Message_Box_Exploding_,422970,423505,535
Get_Planet_Name_No_Prime_,424770,424780,Get_Planet_Name_,424744,424757,13
Colony_Player_Color_,424991,425009,Star_Player_Palette_Color_,429232,429248,16
Colony_Player_Palette_Color_,425014,425044,Star_Player_Palette_Color_,429232,429260,28
Ship_Owner_,425973,425998,Ship_Icon_Y_,428290,428388,98
Planet_Player_Color_,427009,427025,Star_Player_Palette_Color_,429232,429234,2
Planet_Player_Palette_Color_,427030,427064,Star_Player_Palette_Color_,429232,429248,16
Ship_Icon_Id_From_Node_Ptr_,428032,428148,Set_All_Colony_Auto_Select_Flags_,427271,427494,223
Ship_Icon_Star_Id_,428206,428242,Ship_Stack_Star_Id_,428947,428971,24
Ship_Player_Palette_Color_,428487,428495,Star_Player_Palette_Color_,429232,429248,16
Ship_Stack_From_Saved_Array_,428500,428725,Set_All_Colony_Auto_Select_Flags_,427271,427493,222
Ship_Stack_From_Ship_Id_,428814,428942,Set_All_Colony_Auto_Select_Flags_,427271,427493,222
Ship_Stack_X_,428978,429002,Ship_Icon_X_,428247,428283,36
Ship_Stack_Y_,429007,429031,Ship_Icon_Y_,428290,428326,36
System_Ship_Chosen_To_Ship_Icon_Id_,429298,429369,Fleet_Movement_Icon_Ship_Stack_,425843,425942,99
Owner_Of_First_Ship_In_Fleet_Box_,429434,429441,Ship_Stack_Owner_,425961,425962,1
Nearest_Star_To_XY_,429446,429570,Set_All_Colony_Auto_Select_Flags_,427271,427493,222
Get_Up_Scaled_Value_,430719,430737,Get_Scaled_Value_,430700,430713,13
Get_Zoom_Ratio_Value_,430739,430759,Get_Scaled_Value_,430700,430713,13
Harold_Init_,431660,431724,Harold_Defaults_,430787,431652,865
N_Colony_Owners_,432505,432626,Confirm_Planet_And_Star_Index_Link_,429671,429892,221
N_Food_Planets_In_System_,432872,432936,Enemy_Has_Colony_At_Star_,430135,430237,102
N_Planets_In_System_,432941,433006,Enemy_Has_Colony_At_Star_,430135,430237,102
N_Satellites_,433070,433114,Enemy_Has_Colony_At_Star_,430135,430237,102
Planet_Number_,433259,433357,Confirm_Planet_And_Star_Index_Link_,429671,429892,221
Player_Has_Dimensional_Portal_,433488,433510,Player_Has_Artemis_Net_,433401,433423,22
Player_Has_Stargate_,433642,433665,Player_Has_Jumpgate_,433512,433535,23
Star_Guarded_By_Monster_,435322,435486,XY_To_Star_Id_,435171,435258,87
Load_H_Strings_,436246,436619,Confirm_Planet_And_Star_Index_Link_,429671,429893,222
Write_Language_Setting_File_,436857,436927,Get_Font_File_,436787,436843,56
Load_Leader_Titles_,437011,437133,Confirm_Planet_And_Star_Index_Link_,429671,429892,221
Assign_Home_Star_Names_,437361,437518,Get_Orion_Star_Id_,441735,442199,464
Build_Min_Star_Distances_,438304,438447,Get_Orion_Star_Id_,441735,442199,464
Enforce_3_Planet_Minimum_,438554,438797,Get_Orion_Star_Id_,441735,442199,464
Ensure_At_Least_1_Food_Planet_,439857,440520,Get_Orion_Star_Id_,441735,442199,464
Generate_Home_Worlds_,440525,441083,Get_Orion_Star_Id_,441735,442199,464
Generate_Home_Worlds_,440525,441265,Get_Orion_Star_Id_,441735,442199,464
Get_Orion_Star_Id_,441735,442200,Generate_Orion_,441276,441729,453
Modify_Home_Worlds_,443567,444138,Get_Orion_Star_Id_,441735,442199,464
Randomize_Home_Worlds_,444143,444216,Generate_Orion_,441276,441729,453
Set_Up_Home_Gen_Msg_,444302,444641,Get_Orion_Star_Id_,441735,442199,464
Usable_Orbit_,445621,445854,Get_Orion_Star_Id_,441735,442197,462
Make_System_Monsters_,445893,446513,Generate_Orion_,441276,441722,446
Do_Load_Game_Popup_,449142,449852,Check_For_Saved_Games_,448852,449036,184
Do_Main_Game_Popup_,449857,450570,Do_Save_Game_Popup_,450900,451851,951
Do_Options_Game_Popup_,450575,450895,Check_For_Saved_Games_,448852,449036,184
Do_Save_Game_Popup_,450900,451852,Check_For_Saved_Games_,448852,449037,185
Get_File_Date_String_,452105,452208,Add_Game_Popup_Fields_,446561,448652,2091
Get_File_Date_String_,452105,452284,Add_Game_Popup_Fields_,446561,448652,2091
Get_Save_Game_Date_Strings_,452434,452602,Check_For_Saved_Games_,448852,449036,184
Get_Star_Date_Strings_,452607,452878,Add_Game_Popup_Fields_,446561,448652,2091
Print_Options_To_Bitmap_,454065,454082,Print_Load_Save_To_Bitmap_,453965,453982,17
_Draw_Load_Save_Game_Popup_,455174,456444,Check_For_Saved_Games_,448852,449036,184
_Draw_Main_Game_Popup_,456449,457226,Check_For_Saved_Games_,448852,449036,184
_Draw_Main_Game_Popup_,456449,457251,Check_For_Saved_Games_,448852,449036,184
_Draw_Options_Game_Popup_,457256,459034,Do_Save_Game_Popup_,450900,451845,945
_Game_Popup_,459055,459658,Check_For_Saved_Games_,448852,449036,184
_Game_Popup_,459055,459723,Check_For_Saved_Games_,448852,449036,184
Set_Up_Load_Save_Popup_,460118,460371,Check_For_Saved_Games_,448852,449036,184
Remove_Embedded_Special_Codes_,460376,460445,Add_Game_Popup_Fields_,446561,448652,2091
Draw_Darkened_New_Game_Button_,460909,460944,Draw_Darkened_Load_Button_,460865,460900,35
Add_Fields_For_Language_,461230,461511,Check_For_Saved_Games_,448852,449036,184
Draw_Credits_,463175,463740,Do_Main_Menu_File_Animation_,462260,463040,780
Main_Menu_Fade_Function2_,463765,463773,Main_Menu_Fade_Function_,463745,463753,8
Draw_Main_Menu_Screen_,463780,464166,Do_Main_Menu_File_Animation_,462260,463040,780
Load_Credits_,464235,464621,Do_Main_Menu_File_Animation_,462260,463040,780
Main_Menu_Screen_,464626,465593,Do_Main_Menu_File_Animation_,462260,463040,780
Reload_Main_Menu_Screen_,465598,465763,Do_Main_Menu_File_Animation_,462260,463041,781
Add_Star_Fields_,467631,467779,Draw_Black_Holes_,474105,474367,262
Check_Mouse_XY_Fields_,469697,469987,Draw_Black_Holes_,474105,474367,262
Do_Fleet_Popup_,471473,471718,Check_Hot_Keys_,469001,469691,690
Do_Fleet_Popup_,471473,472076,Check_Hot_Keys_,469001,469691,690
Do_Reply_To_Diplomacy_Request_,472398,472676,Draw_Black_Holes_,474105,474367,262
Draw_A_Gate_Icon_,472897,473853,Draw_Black_Holes_,474105,474367,262
Draw_A_Star_,473858,474100,Draw_Black_Holes_,474105,474367,262
Draw_ETA_Destination_Line_,474602,474872,Draw_Black_Holes_,474105,474367,262
Draw_Fleet_Box_Selected_Ship_Seg_,476083,476169,Do_System_Popup_,472681,472891,210
Draw_Main_Screen_,476501,477639,Draw_Black_Holes_,474105,474367,262
Draw_Main_Screen_For_Zooming_,478158,478637,Draw_Black_Holes_,474105,474367,262
Draw_Nebulae_,479119,479242,Draw_Black_Holes_,474105,474367,262
Draw_Player_Done_Lights_,479756,480027,Draw_Black_Holes_,474105,474367,262
Draw_Relocation_Links_,480032,480206,Draw_Black_Holes_,474105,474358,253
Draw_Reply_To_Diplomacy_Request_Popup_,480211,480443,Draw_Black_Holes_,474105,474367,262
Draw_Wormhole_Links_,480659,480849,Draw_Black_Holes_,474105,474362,257
Get_Star_Id_For_Officers_Screen_,482269,482437,Draw_Black_Holes_,474105,474368,263
Get_Star_Id_For_Officers_Screen_,482269,482896,Popup_XY_,481102,481266,164
Get_Star_Id_For_Officers_Screen_,482269,483114,Popup_XY_,481102,481266,164
Get_Twinkling_Star_,483119,483309,Draw_Black_Holes_,474105,474367,262
Give_Me_All_Tech_Advances_,483314,483441,Do_System_Popup_,472681,472891,210
Main_Screen_,483720,489023,Draw_Black_Holes_,474105,474368,263
Print_Galaxy_Map_Scanned_Star_,489916,490228,Draw_Reply_To_Diplomacy_Request_Popup_,480211,480437,226
Print_Highlighted_Star_Name_,490233,490409,Do_System_Popup_,472681,472891,210
Print_Main_Screen_Data_,490414,494341,Main_Screen_,483720,489016,5296
Set_Post_Fitted_Font_Style_,494346,494422,Check_Hot_Keys_,469001,469691,690
Print_Star_Names_,494775,494900,Draw_Black_Holes_,474105,474358,253
Scan_Ships_XY_,497319,497607,Check_Hot_Keys_,469001,469691,690
Scroll_Map_,499193,499554,Check_Hot_Keys_,469001,469691,690
Scroll_Map_,499193,499589,Check_Hot_Keys_,469001,469691,690
Set_Painted_Fleet_Fields_,499895,500052,Draw_Black_Holes_,474105,474367,262
Zoom_Box_Width_,501064,501072,Zoom_Box_Height_,501048,501056,8
Warn_About_Cheating_Players_,501105,501437,Draw_Black_Holes_,474105,474367,262
Distance_Between_Stars_Screen_,502637,503165,Building_Outposts_In_Main_Screen_,502138,502588,450
Do_Begin_Of_Turn_,503170,503625,Building_Outposts_In_Main_Screen_,502138,502588,450
Draw_Main_Screen_For_Star_Distances_,503630,504182,Building_Outposts_In_Main_Screen_,502138,502588,450
Planet_Colonization_In_Main_Screen_,504542,505031,Building_Outposts_In_Main_Screen_,502138,502556,418
Scrap_Freighters_,505113,505760,Building_Outposts_In_Main_Screen_,502138,502588,450
Enforce_Planet_Max_,506937,507464,Assign_Marooned_Heroes_,506705,506876,171
Gas_Giants_,507469,507558,Get_Random_Orbit_,511401,511500,99
Generate_Climate_,507563,507806,Assign_Marooned_Heroes_,506705,506876,171
Generate_Nebulas_,508057,509118,Assign_Marooned_Heroes_,506705,506877,172
Generate_Orbit_,509287,509394,Assign_Marooned_Heroes_,506705,506876,171
Generate_Spectral_Class_,509959,510011,Get_Random_Orbit_,511401,511500,99
Get_Valid_Orbit_,511506,511647,Get_Random_Orbit_,511401,511500,99
Get_Valid_Orbit_,511506,511655,Get_Random_Orbit_,511401,511488,87
Home_Planet_,511660,511732,Get_Random_Orbit_,511401,511500,99
Set_Star_XYs_,511999,513029,Get_A_Planet_Or_Star_Special_,510016,510861,845
Set_Star_XYs_,511999,513080,Get_A_Planet_Or_Star_Special_,510016,510861,845
Randomize_Star_Names_,513538,513624,Assign_Marooned_Heroes_,506705,506877,172
Set_Default_Nebula_Data_,513671,513745,Assign_Marooned_Heroes_,506705,506876,171
Black_Hole_Fix_,514209,514562,Assign_Marooned_Heroes_,506705,506876,171
Load_Nebula_Pictures_,514567,514771,Assign_Marooned_Heroes_,506705,506876,171
Min_Font_Colors_,518178,518299,Font_Colors2_,517573,517845,272
Min_Font_Colors_,518178,518380,Font_Colors2_,517573,517845,272
Min_Font_Colors_,518178,518472,Font_Colors2_,517573,517845,272
CHECK_PARAM_PRINT_,518768,518901,CHECK_PARAM_DRAW_,518635,518762,127
CHECK_PARAM_PRINT_,518768,518915,CHECK_PARAM_DRAW_,518635,518762,127
Change_Font_Style_,519099,519161,Get_Comma_String_,517854,518147,293
Draw_Darkened_Box_,520277,520376,CHECK_PARAM_DRAW_,518635,518762,127
Draw_Highlight_Box_,520381,520639,CHECK_PARAM_DRAW_,518635,518762,127
Fill_Bitmap_Unbounded_,521000,521111,Fill_Bitmap_,520924,520994,70
Get_Furthest_Endpoint_,521811,521946,Fill_Bitmap_,520924,520994,70
Get_Mox_Min_Font_Colors_,522006,522027,Get_Mox_Font_Colors_,521976,521997,21
Get_Time_Stamp_Int_,522093,522194,Get_Comma_String_,517854,518147,293
HCLS_,522199,522202,Fade_To_Black_,520814,520822,8
Increase_Font_Color_Range_,522207,522320,Decrease_Font_Color_Range_,519166,519274,108
Next_File_Name_,522650,522954,Bit_Value_To_Num_,518477,518535,58
Read_Data_File_,523129,523242,Get_Comma_String_,517854,518147,293
Remove_Chars_,523247,523389,Bit_Value_To_Num_,518477,518535,58
Set_Fitted_Font_Style_,523681,523781,Get_Bitmap_String_Range_,521418,521538,120
Swap_Bitmap_Colors_,523912,524035,Get_Advancing_Bitmap_String_Range_,521113,521396,283
Tint_Bitmap_Colors_,524040,524153,Get_Bitmap_String_Range_,521418,521538,120
Tint_Bitmap_Colors_In_Range_,524158,524275,Replace_Bitmap_Colors_,523394,523547,153
_Tri_Interlaced_Fill_,524676,524854,Get_Bitmap_String_Range_,521418,521538,120
Box_Officer_Screen_Scanned_Star_,526286,526382,Box_Fleet_Screen_Scanned_Star_,525967,526058,91
Draw_Galaxy_Map_Box_,527439,528490,Add_Galaxy_Map_Fields_2_,524859,525163,304
Draw_Galaxy_Map_Box_,527439,528532,Add_Galaxy_Map_Fields_2_,524859,525163,304
Get_Galaxy_Map_Star_XY_,528853,529031,Add_Galaxy_Map_Fields_,525169,525354,185
Move_Box_To_Top_,529036,529220,Add_Whole_Window_Field_,525752,525823,71
Move_Moveable_Box_,529225,529887,Display_Moveable_Box_Info_,526661,526761,100
Move_Moveable_Box_,529225,530289,Display_Moveable_Box_Info_,526661,526761,100
Moveable_Box_Occluded_,530397,530640,Display_Moveable_Box_Info_,526661,526761,100
Save_And_Remove_Boxes_,530852,531003,Add_Whole_Window_Field_,525752,525823,71
Mouse_Within_Fleet_Box_,531211,531332,Add_Resource_Box_Fields_,525565,525746,181
Star_Name_Popup_Main_Y_,533533,533589,Star_Name_Popup_Main_X_,533462,533517,55
Max_Pixel_Width_Star_Name_Can_Be_,533591,533917,Setup_Input_Box_Popup_,531412,532237,825
Ask_For_Hire_,535922,536173,Officer_Skill_Value_,542391,542721,330
Draw_Officer_Screen_,537936,539161,Ask_For_Hire_,535922,536166,244
Draw_Officer_Screen_To_Back_,539166,539488,Officer_Skill_Value_,542391,542720,329
Draw_Offscrn_Fleet_Ship_Window_,539519,539537,Draw_Offscrn_Colony_Window_,539493,539511,18
Fleet_Screen_Icon_Ship_Id_,539753,539822,Build_Captain_Id_List_,536178,536395,217
Get_Officer_Pictures_,540151,540333,Officer_Skill_Value_,542391,542720,329
Get_Random_Skills_,540338,540678,Add_Skill_Description_Help_Fields_,535186,535583,397
Get_Skill_Data_Max_Pixel_Width_,540715,540966,Officer_Skill_Value_,542391,542720,329
Load_Officer_Skill_Name_Descriptions_,541437,541553,Officer_Skill_Value_,542391,542720,329
Move_Officer_To_Limbo_,541600,541706,Officer_Skill_Value_,542391,542720,329
Move_Officer_To_Limbo_,541600,541854,Officer_Skill_Value_,542391,542720,329
Officer_Has_Special_Skill_,542366,542389,Officer_Has_General_Skill_,542333,542356,23
Officer_Skill_Value_,542391,542834,Hire_Officer_,540971,541109,138
Bonus_For_Famous_Heroes_,542863,543012,Officer_Skill_Value_,542391,542720,329
Officers_Screen_,543773,546525,Officer_Skill_Value_,542391,542720,329
Print_Galmap_Scanned_Ship_,546787,547089,Ask_For_Hire_,535922,536166,244
Print_Galmap_Scanned_Ship_,546787,547749,Ask_For_Hire_,535922,536166,244
Print_Scanned_Ship_Name_,550075,550345,Officer_Skill_Value_,542391,542720,329
Random_Skill2_,550711,551116,Add_Skill_Description_Help_Fields_,535186,535583,397
Reload_Officer_Screen_Pictures_,551121,552160,Officer_Skill_Value_,542391,542720,329
Reload_Officer_Skill_Icons_,552165,552214,Officer_Skill_Value_,542391,542721,330
Reload_Offscrn_Small_Ship_Icons_,552274,552454,Officer_Skill_Value_,542391,542720,329
Save_Officer_Structure_,552487,552507,Restore_Officer_Structure_,552459,552479,20
Wrapper_For_Officer_Popup_Help_Fields_,553790,553927,Hire_Officer_,540971,541109,138
Wrapper_For_Offscrn_Help_Fields_,553984,554099,Officer_Skill_Value_,542391,542721,330
Wrapper_For_Offscrn_System_Popup_,554150,554276,Officer_Skill_Value_,542391,542720,329
N_Fleet_Officers_Owned_By_Player_,554860,554922,Officer_Skill_Value_,542391,542721,330
N_Star_Officers_Owned_By_Player_,554927,554996,Officer_Skill_Value_,542391,542720,329
Chance_To_Hire_Hero_,555037,555090,Officer_Skill_Value_,542391,542720,329
Chance_To_Hire_Hero_,555037,555419,Officer_Skill_Value_,542391,542720,329
Increase_Officer_Level_By_One_,555424,555556,Officer_Skill_Value_,542391,542720,329
Officer_Cost_,555565,555617,Officer_Skill_Value_,542391,542728,337
Random_Officer_Check_,555622,555727,Build_Captain_Id_List_,536178,536395,217
Select_Leader_For_Hire_,555821,556072,Officer_Skill_Value_,542391,542718,327
Find_Selected_Leader_,556377,556936,Ask_For_Hire_,535922,536172,250
Assign_Loknar_Ship_To_Player_,558008,558212,Ask_For_Hire_,535922,536166,244
Allocate_Adv_Civ_Game_Officers_,558217,558638,Officer_Skill_Value_,542391,542720,329
Get_N_Skills_Per_Officer_Displayed_,558643,558887,Officer_Skill_Value_,542391,542720,329
Assign_Captain_,559099,560158,Leader_Name_,554376,554809,433
Leader_Cheat_Popup_,561134,561694,Ask_For_Hire_,535922,536172,250
Give_Leader_Specials_To_Player_,561699,562006,Hire_Officer_,540971,541109,138
Best_Diplomat_Skill_Bonus_,562011,562154,Officer_Skill_Value_,542391,542718,327
Add_Plntsum_Fields_,562641,563542,Add_PlntSum_Galaxy_Map_Fields_,563647,563817,170
Build_Ship_Summary_,563962,564738,Add_PlntSum_Galaxy_Map_Fields_,563647,563816,169
Check_For_Colony_And_Outpost_Ships_,564743,565021,Add_PlntSum_Galaxy_Map_Fields_,563647,563816,169
Draw_Rotating_Planets_,565541,565739,Add_PlntSum_Galaxy_Map_Fields_,563647,563816,169
Fill_Summary_Screen_Scroll_Bar_,565744,565941,Add_PlntSum_Galaxy_Map_Fields_,563647,563816,169
Filter_Explored_Planets_,565946,566508,Add_PlntSum_Galaxy_Map_Fields_,563647,563816,169
Planet_Summary_List_Id_,567939,567999,First_Planet_In_Summary_List_,567854,567932,78
Planet_Summary_Id_,568375,568436,First_Planet_In_Summary_List_,567854,567932,78
Send_Nearest_Ship_,570055,571366,Add_PlntSum_Galaxy_Map_Fields_,563647,563817,170
Set_Colony_Ship_To_Star_Distances_,571377,571795,Planet_Is_Enemy_Controlled_,568045,568294,249
Set_Outpost_Ship_To_Star_Distances_,571800,572219,Planet_Is_Enemy_Controlled_,568045,568294,249
Draw_Nearest_Ship_Directional_Line_,572486,573136,Add_PlntSum_Galaxy_Map_Fields_,563647,563816,169
Summary_Planet_Index_,573212,573291,First_Planet_In_Summary_List_,567854,567932,78
Summary_Screen_Print_Data_,573296,574971,Send_Nearest_Ship_,570055,571359,1304
Summary_Screen_Print_Scanned_,574976,575981,Send_Nearest_Ship_,570055,571365,1310
Wrapper_For_Planet_Summary_Galaxy_Map_,576160,576762,Add_PlntSum_Galaxy_Map_Fields_,563647,563816,169
Update_Ship_Etas_,577448,577729,Add_PlntSum_Galaxy_Map_Fields_,563647,563816,169
Planet_Summary_Screen_,578130,579557,Add_PlntSum_Galaxy_Map_Fields_,563647,563816,169
Draw_Total_Score_,580726,581362,Build_Captured_Colonists_Array_,579606,579910,304
Draw_Eliminated_Race_Pictures_,581367,582007,Build_Captured_Colonists_Array_,579606,579909,303
Draw_Elimination_Score_,582012,582146,Build_Captured_Colonists_Array_,579606,579909,303
Draw_Hi_Score_Screen_,582266,582568,Calculate_Hi_Scores_,579959,580379,420
Draw_Orion_Score_,582573,582604,Draw_Council_Score_,580671,580717,46
Draw_Population_Score_,583169,583237,Draw_Captured_Colonies_Score_,580571,580661,90
Draw_Reg_Pop_,583242,583263,Draw_Cap_Pop_,580539,580563,24
Draw_Technology_Score_,583268,583302,Draw_Council_Score_,580671,580717,46
Draw_Time_Score_,583307,583436,Calculate_Hi_Scores_,579959,580379,420
Get_Hall_Of_Fame_Colors_,583533,583611,Build_Captured_Colonists_Array_,579606,579910,304
Get_Hi_Score_Colors_,583616,583751,Build_Captured_Colonists_Array_,579606,579910,304
Get_Population_Score_,583879,583945,Get_Elimination_Score_,583756,583836,80
Draw_Hall_Of_Fame_Screen_,585283,586369,Build_Captured_Colonists_Array_,579606,579909,303
Hall_Of_Fame_Screen_,586374,586818,Build_Captured_Colonists_Array_,579606,579910,304
Read_HOF_File_,586925,586956,Calculate_Hi_Scores_,579959,580379,420
Read_HOF_File_,586925,587008,Calculate_Hi_Scores_,579959,580379,420
Create_Default_HOF_File_,587072,587533,Build_Captured_Colonists_Array_,579606,579909,303
End_Of_Game_Hi_Score_,587538,588156,Draw_Total_Score_,580726,581355,629
Init_Hall_Of_Fame_Screen_,588161,588753,Build_Captured_Colonists_Array_,579606,579909,303
Set_Hi_Score_Pop_Icon_Ids_,589040,589617,Build_Captured_Colonists_Array_,579606,579909,303
Set_Vertical_Scroll_Bar_Maxima_,590117,590171,Get_Vertical_Scroll_Bar_First_Item_,589888,590059,171
Draw_Ship_Icons_,591631,591811,Build_Ship_Icons_,590597,591624,1027
Do_Ship_Destination_Lines_,591885,592339,Build_Ship_Icons_,590597,591624,1027
Add_Ship_Icon_Fields_,592344,592447,Build_Ship_Icons_,590597,591624,1027
Load_Highlighted_Ship_Icon_Picture_,595029,595301,Build_Ship_Icons_,590597,591624,1027
Load_Highlighted_Ship_Icon_Picture_,595029,595496,Build_Ship_Icons_,590597,591624,1027
Kill_Ship_,595514,595618,Set_Ship_Icon_XYs_,591816,591879,63
Kill_Ship_,595514,595631,Build_Nonplayer_Ship_,595647,595655,8
Draw_Outpost_Marker_,601389,601463,Draw_Colony_Marker_,601105,601181,76
Draw_System_Display_Border_,602309,602363,Draw_Sun_Seg_,602149,602298,149
Draw_System_Display_Planets_,602365,602581,Draw_Gate_Icons_,601190,601383,193
Draw_System_Ship_Icons_,605124,605477,Draw_Gate_Icons_,601190,601383,193
Get_System_Display_Ship_Icon_XY_,605757,605943,Draw_System_Highlight_,604693,605118,425
Hide_System_Display_,605985,606177,Draw_Sun_Seg_,602149,602303,154
Load_New_System_Display_,606286,607018,Build_System_Popup_Ships_,598030,598214,184
N_Ships_By_Type_At_Location_,607023,607265,Draw_Planet_With_Pierced_Ring_,601468,602143,675
Global_Data_Seg_Ok_,607386,607482,Need_To_Reload_System_Display_,607270,607380,110
Potential_Colony_Info_Popup_,607551,608628,Build_System_Popup_Ships_,598030,598215,185
Potential_Colony_Info_Popup_,607551,608633,__SegmentEndPC32,1410708,1275679432,1274268724
Print_Gate_Info_,608649,609290,Do_Print_System_Ship_Data_,599779,601096,1317
Print_System_Display_Box_Title_,609345,609708,Draw_System_Highlight_,604693,605118,425
Set_System_Display_Loaded_Flag_,609819,609934,Need_To_Reload_System_Display_,607270,607380,110
Wrapper_For_Normal_System_Fields_,610136,610233,Build_System_Popup_Ships_,598030,598214,184
Calculate_Remap_Gray_Palettes_,610384,610569,Build_System_Popup_Ships_,598030,598214,184
Calculate_Remap_Gray_Palettes_,610384,610586,__SegmentEndPC32,1410708,940137073,938726365
Calculate_Remap_Gray_Palettes_,610384,610602,__SegmentEndPC32,1410708,1443453569,1442042861
Print_Empty_System_Data_,612155,612415,Build_System_Popup_Ships_,598030,598214,184
Print_Special_Building_Data_,612558,612764,Draw_Sun_Seg_,602149,602303,154
Rob_Interpolate_Line_,617006,617145,Draw_Shield_Hit_Next_Frame_,629151,629415,264
Rob_Interpolate_Line_,617006,617168,Draw_Shield_Hit_Next_Frame_,629151,629415,264
Rob_Interpolate_Line_,617006,617179,Draw_Shield_Hit_Next_Frame_,629151,629415,264
Rob_Interpolate_Line_,617006,617202,Draw_Shield_Hit_Next_Frame_,629151,629415,264
Rob_Interpolate_Line_,617006,617213,Draw_Shield_Hit_Next_Frame_,629151,629415,264
Rob_Interpolate_Line_,617006,617360,Draw_Shield_Hit_Next_Frame_,629151,629415,264
Draw_Ship_Explosion_,619447,619558,Draw_Shield_Hit_Next_Frame_,629151,629415,264
Load_Ship_Burst_,619594,619712,Rot_To_Base_Rot_,630686,630724,38
Load_Ship_Explosion_,619717,619795,Rot_To_Base_Rot_,630686,630724,38
Draw_Fighter_Beam_,626739,626923,Draw_Ship_Burst_,619364,619441,77
Draw_Fighter_Beam_,626739,627050,Draw_Ship_Burst_,619364,619441,77
Draw_Damage_Message_Queue_,627235,627349,Rot_To_Base_Rot_,630686,630724,38
Add_Damage_Indicator_For_Ship_,627626,627725,Draw_Ship_Burst_,619364,619441,77
Add_Damage_Indicator_For_Biological_,627770,627806,Add_Damage_Indicator_For_Missile_,627730,627763,33
Load_Shield_Hit_,628514,628637,Rot_To_Base_Rot_,630686,630724,38
Draw_All_Shields_,628642,628722,Rot_To_Base_Rot_,630686,630724,38
Planet_Size_To_Shield_Size_,629448,629467,Ship_Size_To_Shield_Size_,629421,629439,18
Draw_Shield_Hit_,629485,630681,Draw_Damage_Indicator_,627366,627620,254
Rot_To_Rot_Method_,630731,630762,Rot_To_Base_Rot_,630686,630717,31
Draw_Reflection_Field_Hit_Next_Frame_,631425,631672,Draw_Shield_Hit_Next_Frame_,629151,629409,258
Draw_Reflection_Field_Hit_,631693,632150,Draw_Shield_Hit_Next_Frame_,629151,629415,264
Set_Beam_Colors_,633911,635159,Beam_SFX_,622999,626730,3731
Draw_Anti_Missile_Rocket_Picture_,637008,637114,Draw_Gyro_Special_Effect_,638045,638957,912
Teleport_Enemy_Ship_,638963,639281,Draw_Gyro_Special_Effect_,638045,638957,912
Draw_Stasis_Beam_,641146,641861,Draw_Gyro_Special_Effect_,638045,638957,912
Draw_Cloak_,641866,642262,Draw_Gyro_Special_Effect_,638045,638952,907
Tractor_Beam_,644042,644459,Draw_Gyro_Special_Effect_,638045,638957,912
Tractor_Beam_,644042,644476,Reload_Main_Council_Screen_,22228,22358,130
Draw_Plasma_Web_,644480,645093,Draw_Moving_Tractor_,642568,642922,354
Draw_Transporter_Bomb_Beam_,645109,645509,Draw_Moving_Tractor_,642568,642922,354
Draw_Ship_Collapsing_,646464,646516,Do_Spherical_SFX_,646680,650221,3541
Draw_Ship_Collapsing_,646464,646675,Do_Spherical_SFX_,646680,650221,3541
N_Prods_In_Queue_,654825,654855,Colbldg_Create_Ship_,653167,653230,63
Star_N_Uncolonized_Worlds_,654958,655067,Trace_Tech_Apps_,654658,654819,161
Draw_Militarys_List_,656995,657605,Trace_Tech_Apps_,654658,654818,160
Add_Buildings_Fields_,657610,657735,Trace_Tech_Apps_,654658,654819,161
Add_Militarys_Fields_,657740,657865,Trace_Tech_Apps_,654658,654819,161
Draw_Building_Info_,658147,658345,Draw_Buildings_List_,656637,656989,352
Draw_Ship_Design_Info_,660140,660379,Trace_Tech_Apps_,654658,654818,160
Draw_Ship_Info_,660384,660563,Trace_Tech_Apps_,654658,654818,160
Draw_Active_Prod_,660568,660933,Trace_Tech_Apps_,654658,654819,161
Draw_Active_Prod_,660568,661105,Trace_Tech_Apps_,654658,654819,161
Draw_Active_Prod_,660568,661192,Trace_Tech_Apps_,654658,654819,161
Add_To_Queue_,661269,661341,Trace_Tech_Apps_,654658,654819,161
Add_To_Queue_,661269,662246,Trace_Tech_Apps_,654658,654819,161
Add_Refited_Ship_To_Queue_,663952,664328,Trace_Tech_Apps_,654658,654818,160
Insert_Before_Queue_Slot_,664333,664565,Get_App_Description_String_,654283,654367,84
Do_Exit_Screen_Cleanup_,664833,665547,Get_App_Description_String_,654283,654367,84
Do_Exit_Screen_Cleanup_,664833,666744,Get_App_Description_String_,654283,654367,84
Do_Exit_Screen_Cleanup_,664833,667505,Get_App_Description_String_,654283,654367,84
Do_Exit_Screen_Cleanup_,664833,667637,Get_App_Description_String_,654283,654367,84
Draw_Build_Queue_,667759,668245,Trace_Tech_Apps_,654658,654818,160
Add_Build_Queue_Fields_,668250,668335,Trace_Tech_Apps_,654658,654818,160
Draw_Current_Selection_,668456,668664,Draw_Buildings_List_,656637,656989,352
Draw_Current_Selection_,668456,668954,Draw_Buildings_List_,656637,656989,352
Draw_Current_Selection_,668456,669130,Draw_Buildings_List_,656637,656989,352
Draw_Current_Selection_,668456,669580,Draw_Buildings_List_,656637,656989,352
Draw_Current_Selection_,668456,669829,Draw_Buildings_List_,656637,656989,352
Draw_Current_Selection_,668456,669862,Draw_Buildings_List_,656637,656989,352
Draw_Current_Selection_,668456,670086,Draw_Buildings_List_,656637,656989,352
Draw_Current_Selection_,668456,670479,Draw_Buildings_List_,656637,656989,352
Draw_Current_Selection_,668456,670497,Draw_Buildings_List_,656637,656989,352
Draw_Current_Selection_,668456,670545,Draw_Buildings_List_,656637,656989,352
Build_Queue_Popup_,671809,672552,Draw_Buildings_List_,656637,656989,352
Load_Bombing_Anims_,672602,672641,Build_Queue_Popup_,671809,672560,751
Do_Bomb_,673286,673482,Add_Bomb_To_End_Of_Queue_,672678,672984,306
Do_Summary_String_Popup_,674123,675069,Add_Bomb_To_End_Of_Queue_,672678,672985,307
Draw_Info_Wee_Morale_,676808,676810,Draw_Info_Morale_,676790,676792,2
Draw_Colony_Wee_Prod_,677319,677325,Draw_Colony_Prod_,677283,677289,6
Build_Road_List_Based_On_Bldg_List_,680089,680482,Load_Road_List_Anims_,679870,680082,212
Draw_Road_List_,680533,680654,Load_Road_List_Anims_,679870,680082,212
Link_Buildings_,680659,680774,Load_Road_List_Anims_,679870,680082,212
Find_Simplest_Path_Node_,680786,680861,Draw_Colony_Prod_Both_,677327,679628,2301
Find_Simplest_Path_Node_,680786,681377,Draw_Colony_Prod_Both_,677327,679628,2301
Find_Simplest_Path_Node_,680786,681427,Draw_Colony_Prod_Both_,677327,679628,2301
Pick_Random_Road_Around_CR_,682072,682078,Pick_Random_Road_At_CR_,682059,682065,6
Build_Veggie_List_Based_On_Bldg_List_,682359,682896,Load_Road_List_Anims_,679870,680082,212
Add_Hit_Anim_To_Queue_,684448,684471,Add_Kill_Anim_To_Queue_,684421,684436,15
Force_Firing_Pairs_,686610,686791,Draw_Colony_Combat_Screen_,684681,685195,514
N_Left_Active_To_Process_,686935,686992,N_Left_Of_Me_To_Process_,686876,686929,53
Move_Is_Legal_,689133,689316,Resort_Units_,686994,687238,244
Move_Is_Legal_,689133,689386,Resort_Units_,686994,687238,244
Move_Is_Legal_,689133,689443,Resort_Units_,686994,687238,244
Move_Is_Legal_,689133,689504,Resort_Units_,686994,687238,244
Move_Is_Legal_,689133,689517,Set_Mox_Alt_Path_,2674,2693,19
Do_Delta_Y_,689695,689839,Resort_Units_,686994,687238,244
Add_Unit_,690125,690336,Draw_Colony_Combat_Screen_,684681,685195,514
Add_Unit_,690125,690349,Draw_Colony_Combat_Screen_,684681,685195,514
Draw_Summary_Box_DEF_,691339,691958,N_Troop_Type_,689970,690039,69
Draw_Unit_Beam_,692063,692405,Resort_Units_,686994,687238,244
Load_Landing_Anims_,693160,693199,Set_Ground_Combat_Screen_Help_List_,693097,693118,21
Get_Cluster_,695357,695420,Draw_Cluster_,695113,695351,238
Get_Cluster_,695357,695518,Draw_Cluster_,695113,695351,238
N_Colonies_And_Outposts_At_Star_For_Player_,698446,698554,Box_Bldg_Slot_,706577,706656,79
Remap_Draw_Ship_Seg_N_Centered_,699300,699463,Remap_Draw_Ship_Centered_,699077,699276,199
Set_Colony_Font_To_Player_,700220,700290,Set_Colony_Font_To_Blue_,700292,700354,62
Set_Colony_Font_To_Reg_Blue_,700361,700432,Set_Colony_Font_To_Blue_,700292,700346,54
Pop_State_String_,700743,700761,Conquered_String_,700705,700719,14
Spy_Anim_,701314,701338,Satellite_Anims_,703391,703410,19
Draw_Building_,701464,701540,Make_Satellite_Bitm_,699521,699801,280
Colony_Pop_Anim_,701609,701732,Box_Bldg_Slot_,706577,706656,79
Colony_Pop_Anim_,701609,701753,Box_Bldg_Slot_,706577,706656,79
Race_Conquered_Anim_,701758,701768,Spy_Anim_,701314,701324,10
Govt_Anims_,703370,703389,Satellite_Anims_,703391,703410,19
Import_Anims_,703599,703613,Prod_Anims_,703558,703581,23
Import_Anims_,703599,703625,Prod_Anims_,703558,703581,23
Clear_Bldgs_Array_,703733,703747,Clear_Satellite_Array_,703708,703725,17
Sort_Bldg_Array_Columns_,703945,704345,Make_Satellite_Bitm_,699521,699801,280
N_Houses_In_Bldg_Array_,704350,704425,N_Colonies_And_Outposts_At_Star_,698559,698628,69
Make_Bldg_Array_For_Colony_,705291,706003,Box_Bldg_Slot_,706577,706656,79
Sum_Colonists_,706930,707274,Box_To_XY_Pair_,706213,706402,189
Draw_Colony_Info_Pop_For_,707335,707401,Add_Job_Field_For_,707403,707472,69
Draw_Colony_Info_Pop_Scanned_,707979,708136,Add_Move_Colonist_Job_Field_For_,707693,707888,195
Draw_Colony_Info_Production_For_,708222,708240,Draw_Colony_Info_Pop_Scanned_,707979,708148,169
Draw_Colony_Info_Military_,709115,709161,Make_Satellite_Bitm_,699521,699801,280
Add_Military_Field_For_,709166,709172,Draw_Colony_Info_Military_For_,709105,709108,3
Add_Military_Fields_,709174,709223,Make_Satellite_Bitm_,699521,699801,280
Draw_Info_Name_And_Pop_,709684,710402,Make_Satellite_Bitm_,699521,699801,280
Draw_Info_Build_,711983,712628,Make_Satellite_Bitm_,699521,699801,280
Add_Satellite_Fields_,712633,712855,Make_Satellite_Bitm_,699521,699801,280
Check_Satellite_Fields_,712860,713324,Box_Bldg_Slot_,706577,706656,79
Satellite_Anim_,713478,713569,Satellite_Anims_,703391,703407,16
Draw_Colony_Satellites_,713574,713797,Make_Satellite_Bitm_,699521,699802,281
Add_Bldg_Fields_,713802,713987,Make_Satellite_Bitm_,699521,699801,280
Check_Bldg_Fields_,714032,714554,Box_Bldg_Slot_,706577,706656,79
Check_Bldg_Fields_,714032,714863,Box_Bldg_Slot_,706577,706656,79
Check_Bldg_Fields_,714032,714897,Box_Bldg_Slot_,706577,706656,79
Draw_Bldg_CR_Dark_,714902,715099,Box_Bldg_Slot_,706577,706651,74
Draw_Bldg_At_XY_With_Bottom_Centered_No_Glass_,715104,715310,Draw_Building_With_Bottom_Centered_,711048,711249,201
Draw_Colony_Bldg_,715315,715474,Box_Bldg_Slot_,706577,706656,79
Draw_Colony_Bldg_,715315,715528,Box_Bldg_Slot_,706577,706656,79
Draw_Colony_Bldg_,715315,715544,Box_Bldg_Slot_,706577,706656,79
Draw_Colony_Bldgs_,715740,715940,Defragment_Colony_Queue_,698789,698854,65
Draw_Colony_Bldgs_to_Bitm_,715945,716055,Make_Satellite_Bitm_,699521,699801,280
Check_System_Display_Fields_,718850,719301,Box_Bldg_Slot_,706577,706656,79
Check_System_Display_Fields_,718850,719878,Box_Bldg_Slot_,706577,706656,79
Tested_Colony_Buys_Outright_,719883,720141,Make_Satellite_Bitm_,699521,699801,280
Tested_Colony_Buys_Outright_,719883,720361,Make_Satellite_Bitm_,699521,699801,280
Colony_Screen_,722314,722684,Make_Satellite_Bitm_,699521,699801,280
Colony_Screen_,722314,723296,Make_Satellite_Bitm_,699521,699801,280
Cache_Load_Planet_,723301,723317,Satellite_Anims_,703391,703410,19
Picture_To_Mouse_,723551,723642,Picture_And_Pointer_To_Mouse_,723322,723525,203
Reset_Mouse_Picture_,723700,723716,Clear_Move_Military_,700922,700952,30
Mini_Planet_Anim_,724412,724504,Satellite_Anims_,703391,703410,19
Update_First_Ship_,724798,725216,Add_Ship_List_Fields_,725513,725669,156
Draw_Ship2_,725802,726073,Draw_Refit_Popup_,726248,727157,909
Load_Refit2_Ship_Anims_,727482,727500,Load_Refit_Ship_Anims_,724692,724707,15
Add2_Fields_,727510,727850,Add_Ship_List_Fields_,725513,725668,155
Scan_Ship_D_Info_,727855,727907,Scan_Ship_Info_,726078,726148,70
Draw_Ship_D_List_,727912,728422,Add_Ship_List_Fields_,725513,725668,155
Evaluate2_Input_,728692,728897,Draw_Refit_Popup_,726248,727157,909
Evaluate2_Input_,728692,729104,Draw_Refit_Popup_,726248,727157,909
Evaluate2_Input_,728692,729258,Draw_Refit_Popup_,726248,727126,878
Draw_Empire_Info_,730868,731535,Restore_Control_,730370,730750,380
Get_Selected_Pop_,731802,732013,Get_Scanned_Pop_,731540,731796,256
Add_Fields_Pop_For_,732018,732287,Restore_Control_,730370,730750,380
Add_Fields_Pop_For_,732018,732729,Restore_Control_,730370,730750,380
Event_Good_,733449,734424,Restore_Control_,730370,730751,381
Colsum_Box_Galaxy_Map_Star_,735898,736010,Get_Scanned_Pop_,731540,731796,256
Draw_Colony_Scan_Info_,736060,736502,Restore_Control_,730370,730750,380
Draw_Colony_Summary_Screen_,736564,737067,Restore_Control_,730370,730745,375
Check_Galaxy_Map_Fields_,739265,739562,Get_Scanned_Pop_,731540,731796,256
Draw_Col_Sys_Disp_Last_Scanned_,741387,741629,Draw_Col_Sys_Disp_,739785,740242,457
Load_Xport_Anims_,742134,742315,N_Colonies_,742752,742845,93
Draw_Bar_Indicator_,743099,743387,N_Colonies_,742752,743093,341
Draw_Bar_Indicator_,743099,743419,N_Colonies_,742752,743093,341
Xport_Popup_,743732,744063,N_Colonies_,742752,743092,340
Draw_Bottom_Centered_,744789,744819,Draw_Centered_,744703,744738,35
Play_Normal_Win_Flic_,747291,747323,Play_Diplomatic_Win_Flic_,747197,747263,66
Play_Antaran_Win_Flic_,747325,747357,Play_Diplomatic_Win_Flic_,747197,747226,29
Play_Loose_Flic_,747362,747389,Play_Diplomatic_Win_Flic_,747197,747261,64
Draw_Click_Thru_Fields_,747716,747953,Draw_Fake_Buttons_,747394,747528,134
Evaluate_Click_Thru_Fields_,748196,748276,Draw_Fake_Buttons_,747394,747528,134
Clear_New_Officer_Slots_,749381,749391,Clear_System_Special_Slots_,749350,749370,20
Add_Random_New_Officer_Fields_,750922,751113,Draw_Special_Info_Popup_,750360,750857,497
Marooned_Officer_Fails_Popup_,753440,753453,Marooned_Officer_Joins_Popup_,753412,753425,13
Add_Officer_Gains_Level_Fields_,753455,753458,Add_Discovery_Fields_,754542,754587,45
Load_Officer_Gains_Level_Popup_,754117,754180,Load_New_Officer_Popup_,751973,752088,115
Officer_Gains_Level_Popup_,754185,754441,Defense_Colony_Selection_Popup_,759414,759737,323
Draw_Discovery_Popup_,754629,754947,Random_New_Officer_Popup_,752346,753405,1059
New_System_Discovery_Popup_,755030,755564,Officer_Gains_Level_Popup_,754185,754436,251
Add_Selection_Fields_,755649,755657,Add_Discovery_Fields_,754542,754547,5
Draw_Selection_Popup_,755678,756092,Random_New_Officer_Popup_,752346,753406,1060
Drop_Troops_Selection_Popup_,757052,757063,Artificial_Planet_Selection_Popup_,757027,757038,11
New_Outpost_Selection_Popup_,757065,757076,Artificial_Planet_Selection_Popup_,757027,757038,11
New_Colony_Selection_Popup_,757176,757527,Defense_Colony_Selection_Popup_,759414,759737,323
Update_Attack_Selection_Fields_,757611,757656,Add_Attack_Selection_Fields_,757658,757671,13
Attack_Colony_Selection_Popup_,758200,758459,Defense_Colony_Selection_Popup_,759414,759737,323
Update_Defense_Selection_Fields_,758531,758576,Add_Attack_Selection_Fields_,757658,757671,13
Add_Defense_Selection_Fields_,758581,758589,Add_Attack_Selection_Fields_,757658,757666,8
Draw_Defense_Selection_Popup_,758594,758704,Draw_Attack_Selection_Popup_,757703,757797,94
Draw_Slider_Popup_,760893,761433,Random_New_Officer_Popup_,752346,753405,1059
New_Colony_Confirmation_Box_,761796,762216,Random_New_Officer_Popup_,752346,753405,1059
Build_Generic_Planet_Or_Colony_Description_String_Formatted_,762221,762845,Defense_Colony_Selection_Popup_,759414,759737,323
Build_Generic_Planet_Or_Colony_Description_String_Formatted_,762221,763449,Defense_Colony_Selection_Popup_,759414,759737,323
Colony_Invasion_Popup_,763791,763850,Colony_Selection_Popup_,763558,763633,75
Add_Colony_Combat_Fields_,765384,766519,Defense_Colony_Selection_Popup_,759414,759737,323
Draw_Colony_Combat_Popup_,766524,768135,Random_New_Officer_Popup_,752346,753405,1059
Colony_Combat_Popup_,768720,769718,Defense_Colony_Selection_Popup_,759414,759735,321
Dragon_New_Star_Popup_,771893,772119,Defense_Colony_Selection_Popup_,759414,759735,321
Draw_Pictures_,773181,773431,Reload_Newgame_Screen_,772636,773174,538
Draw_Newgame_Screen_,773436,775004,Reload_Newgame_Screen_,772636,773175,539
Newgame_Screen_,775221,776412,Reload_Newgame_Screen_,772636,773174,538
Set_Colony_Summary_Screen_Help_List_,776984,777000,Set_Colony_Screen_Help_List_,776961,776977,16
Set_Refit_Ship_Popup_Help_List_,777002,777018,Set_Colony_Screen_Help_List_,776961,776977,16
Set_Building_Queue_Screen_Help_List_,777020,777036,Set_Colony_Screen_Help_List_,776961,776977,16
Set_Transport_Popup_Help_List_,777038,777054,Set_Colony_Screen_Help_List_,776961,776977,16
Set_Occupation_Policy_Popup_Help_List_,777056,777072,Set_Colony_Screen_Help_List_,776961,776977,16
Set_Player_Attacked_Popup_Help_List_,777156,777172,Set_Colony_Screen_Help_List_,776961,776977,16
Set_New_Colony_Confirmation_Box_Help_List_,777177,777193,Set_Colony_Screen_Help_List_,776961,776977,16
Set_Tax_Rate_Popup_Help_List_,777198,777214,Set_Colony_Screen_Help_List_,776961,776977,16
Set_Dragon_New_Star_Popup_Help_List_,777219,777235,Set_Colony_Screen_Help_List_,776961,776977,16
Set_Planet_Selection_Popup_Help_List_,777240,777256,Set_Colony_Screen_Help_List_,776961,776977,16
Set_Officer_Information_Popup_Help_List_,777261,777277,Set_Colony_Screen_Help_List_,776961,776977,16
Set_Combat_Colony_Selection_Popup_Help_List_,777282,777298,Set_Colony_Screen_Help_List_,776961,776977,16
Mean_Ship_Strength_,785125,785585,Compute_Needs_,783373,785118,1745
Colony_Is_Conquered_,786178,786354,__SegmentEndPC32,1410708,957090750,955680042
Assign_Colony_New_Building_,789256,789586,Compute_Needs_,783373,785118,1745
Assign_Colony_New_Building_,789256,789602,Compute_Needs_,783373,785118,1745
Assign_Colony_New_Building_,789256,789626,Compute_Needs_,783373,785118,1745
Empire_Buy_Outright_,789807,790529,Compute_Needs_,783373,785118,1745
Assign_Empire_Building_,790766,796495,Compute_Needs_,783373,785119,1746
Proximity_Worth_To_Player_,797418,797849,Uncolonized_Planet_Worth_To_Player_,796583,797186,603
Colony_Worth_To_Player_,797870,798056,Uncolonized_Planet_Worth_To_Player_,796583,797186,603
Colony_Worth_To_Player_,797870,798761,Uncolonized_Planet_Worth_To_Player_,796583,797177,594
Compute_Base_Planet_Values_,798766,799008,Colony_Dominant_Player_,797192,797346,154
Compute_Contextual_Planet_Values_,799013,799507,Colony_Dominant_Player_,797192,797346,154
Refit_Desirability_,799697,800106,Colony_Dominant_Player_,797192,797346,154
Compute_Star_Player_Range_Info_,801696,802095,Colony_Dominant_Player_,797192,797346,154
Compute_AI_Data_,802100,808776,Colony_Dominant_Player_,797192,797347,155
Keep_Ship_Designs_Up_To_Date_,810222,810388,Clear_Build_Queues_If_New_Tech_,809172,810215,1043
Sort_Pops_Fixed_,810921,810972,Sort_Colonies_Blockaded_,808801,808847,46
Assign_Required_Colonists_,810977,811296,Clear_Build_Queues_If_New_Tech_,809172,810215,1043
Do_Blockaded_Colony_,811495,811792,Clear_Build_Queues_If_New_Tech_,809172,810216,1044
Sort_Pops_R_I_,811797,811914,Sort_Pops_FI_,811341,811474,133
Sort_Pops_R_I_,811797,811926,Sort_Pops_FI_,811341,811474,133
Sort_Pops_R_I_,811797,811937,Sort_Pops_FI_,811341,811474,133
Sort_Pops_FR_I_,811942,812138,Sort_Pops_FI_,811341,811478,137
Sort_Pops_FR_I_,811942,812165,Sort_Pops_FI_,811341,811478,137
Compute_Max_Min_R_I_Worthiness_,812170,812310,Clear_Build_Queues_If_New_Tech_,809172,810215,1043
Compute_Max_Min_R_I_Worthiness_,812170,812327,Clear_Build_Queues_If_New_Tech_,809172,810215,1043
Do_Unblockaded_Colony_,812332,812614,Clear_Build_Queues_If_New_Tech_,809172,810215,1043
Grab_Scientist_,812674,812721,Grab_Worker_,812619,812666,47
Sort_Pops_F_IR_,813259,813548,Sort_Pops_FI_,811341,811478,137
Sort_Pops_F_IR_,813259,813556,Sort_Pops_FI_,811341,811478,137
Sort_Pops_F_IR_,813259,813563,Sort_Pops_FI_,811341,811478,137
Make_First_Unassigned_Into_Farmer_,813568,813764,Clear_Build_Queues_If_New_Tech_,809172,810216,1044
Make_First_Unassigned_Into_Farmer_,813568,813775,Clear_Build_Queues_If_New_Tech_,809172,810216,1044
Assign_Additional_Unblockaded_Farmers_,813780,814459,Clear_Build_Queues_If_New_Tech_,809172,810215,1043
Assign_Star_Officer_,815473,816079,Reassign_Fleet_Officer_,815224,815467,243
Delete_Already_Assigned_Planets_,816996,817438,Get_Colonizable_Planets_,816824,816990,166
Ship_Rough_Strength_At_Star_,818515,818991,Get_Colonizable_Planets_,816824,816990,166
Sort_candidate_stars_,821319,821521,Get_Colonizable_Planets_,816824,816990,166
Sort_candidate_stars_,821319,821535,Get_Colonizable_Planets_,816824,816990,166
Sort_candidate_stars_,821319,821542,Get_Colonizable_Planets_,816824,816990,166
Enemy_Colony_Worth_To_Player_,822545,822748,Get_Colonizable_Planets_,816824,816990,166
Launch_Attacks_,825326,825402,Get_Colonizable_Planets_,816824,816990,166
Move_To_Unexplored_Stars_,831444,832082,Intercept_Invaders_,827269,828536,1267
Launch_Sneak_Attack_,832087,832480,Intercept_Invaders_,827269,828543,1274
Mark_Flee_Stars_,832485,832633,Launch_Sneak_Attack_,832087,832479,392
Move_AI_,832638,833108,Best_Uncolonized_Undestined_Planet_,822393,822539,146
Sort_npc_dests_,833113,833229,Get_Colonizable_Planets_,816824,816990,166
NPC_Dest_,833234,833747,Get_Colonizable_Planets_,816824,816990,166
Move_NPCs_,833752,834340,Intercept_Invaders_,827269,828536,1267
Find_Opportunity_Attack_Aux_,834463,834647,Compute_Attack_Worthiness_,822994,824269,1275
Player_Threatens_Player_,834760,834995,Knock_Out_Impossible_Interceptions_,825407,825778,371
Number_Of_Attacks_Underway_,835000,835199,Get_Colonizable_Planets_,816824,816990,166
Player_Best_Armor_,836387,836429,Player_Best_Ship_Shield_,836339,836381,42
Player_Best_Computer_,836431,836473,Player_Best_Ship_Shield_,836339,836381,42
Player_Best_Fuel_,836475,836517,Player_Best_Ship_Shield_,836339,836381,42
Player_Best_Drive_,836579,836625,Player_Best_Ship_Shield_,836339,836381,42
Player_Best_Rifle_,836630,836676,Player_Best_Ship_Shield_,836339,836381,42
Player_Best_Personal_Shield_,836681,836727,Player_Best_Ship_Shield_,836339,836381,42
Apply_Evolutionary_Upgrades_,838576,838700,Compute_AI_Tech_Info_,836732,838242,1510
AI_Agrees_To_Research_Agreement_,838787,838858,AI_Agrees_To_Trade_Agreement_,838705,838776,71
Resolve_Biological_Hit_,839998,840175,Destroy_Colony_,839084,839351,267
Resolve_Biological_Hit_,839998,840226,Destroy_Colony_,839084,839351,267
Resolve_Biological_Hit_,839998,840242,Destroy_Colony_,839084,839351,267
Resolve_Biological_Hit_,839998,840390,Destroy_Colony_,839084,839351,267
Resolve_Biological_Hit_,839998,840429,Destroy_Colony_,839084,839351,267
Send_GNN_Chat_Msg_,840746,840880,Send_Chat_Msg_,840632,840739,107
Format_Quotient_,842294,842447,Colony_Food_Production_,845412,846615,1203
Colony_Morale_,842533,843088,Colony_Food_Production_,845412,846615,1203
Colony_Morale_,842533,843510,Colony_Food_Production_,845412,846606,1194
Colony_Pop_Prod_Produced_,843731,843833,Size_And_Climate_Race_Pop_Limit_,854675,854856,181
Colony_Pop_Base_Prod_Produced_,844332,844411,Colony_Empire_Base_Industry_Produced_,847175,847380,205
Show_Food_Production_,846621,846662,Show_Morale_,843515,843556,41
Colony_Food_Maintenance_,846667,846719,Player_N_Turns_Until_Research_Complete_,859940,860055,115
Colony_Food_Maintenance_,846667,846992,Player_N_Turns_Until_Research_Complete_,859940,860055,115
Show_Industry_Production_,849176,849217,Show_Morale_,843515,843556,41
Colony_Industry_Maintenance_,849222,849274,Player_N_Turns_Until_Research_Complete_,859940,860055,115
Colony_Industry_Maintenance_,849222,849514,Player_N_Turns_Until_Research_Complete_,859940,860055,115
Colony_Replicators_,849519,850108,Player_N_Turns_Until_Research_Complete_,859940,860055,115
Pass_Out_Imports_,850160,851393,Colony_Food_Production_,845412,846615,1203
Colony_Empire_Base_Research_Produced_,851575,851810,Colony_Empire_Base_Industry_Produced_,847175,847380,205
Colony_Empire_Base_Research_Produced_,851575,851823,Colony_Empire_Base_Industry_Produced_,847175,847376,201
Colony_Research_Production_,851828,851855,Colony_Food_Production_,845412,846615,1203
Colony_Research_Production_,851828,851918,Colony_Food_Production_,845412,846615,1203
Colony_Research_Production_,851828,852926,Colony_Food_Production_,845412,846600,1188
Show_Research_Production_,852931,852972,Show_Morale_,843515,843556,41
Colony_BC_Production_,852977,853004,Colony_Food_Production_,845412,846615,1203
Colony_BC_Production_,852977,853067,Colony_Food_Production_,845412,846615,1203
Colony_BC_Production_,852977,854211,Colony_Food_Production_,845412,846600,1188
Show_BC_Production_,854216,854257,Show_Morale_,843515,843556,41
Colony_BC_Maintenance_,854351,854543,Player_N_Turns_Until_Research_Complete_,859940,860055,115
Planet_Max_Population_For_Player_,854863,855064,Colony_Food_Production_,845412,846615,1203
Room_For_Another_Dude_,855195,855443,Colony_Industry_Production_,847387,849164,1777
Colony_Cost_To_Buy_Given_Product_,856066,856152,Size_And_Climate_Race_Pop_Limit_,854675,854856,181
Colony_Cost_To_Buy_Given_Product_,856066,856175,Size_And_Climate_Race_Pop_Limit_,854675,854856,181
Colony_Cost_To_Buy_Given_Product_,856066,856192,Size_And_Climate_Race_Pop_Limit_,854675,854854,179
Colony_Can_Build_Product_,856508,858164,Colony_Food_Production_,845412,846615,1203
Colony_Pop_Grows_,858169,858229,Player_N_Turns_Until_Research_Complete_,859940,860055,115
Colony_Pop_Grows_,858169,859368,Player_N_Turns_Until_Research_Complete_,859940,860055,115
Compute_Player_Maintenance_,860160,861759,Colony_Food_Production_,845412,846615,1203
Show_Command_Points_,861764,861804,Show_Morale_,843515,843556,41
Compute_Total_Building_Costs_,861809,861915,Player_N_Turns_Until_Research_Complete_,859940,860056,116
Update_Player_Stats_,861968,862827,Player_N_Turns_Until_Research_Complete_,859940,860055,115
Do_Player_Colony_Post_Production_,863497,863597,Colony_Calculation_,862832,862889,57
Apply_Colony_Pop_Growth_,863690,865361,Player_N_Turns_Until_Research_Complete_,859940,860056,116
Apply_Assimilation_,865366,865809,Player_N_Turns_Until_Research_Complete_,859940,860055,115
Apply_Production_,866015,866264,Player_N_Turns_Until_Research_Complete_,859940,860055,115
Apply_Production_,866015,867971,Player_N_Turns_Until_Research_Complete_,859940,860055,115
Apply_Production_,866015,867989,Player_N_Turns_Until_Research_Complete_,859940,860055,115
Ghost_Colony_Stuff_,867994,868201,Player_N_Turns_Until_Research_Complete_,859940,860055,115
Compute_Player_Total_Known_Tech_Cost_,869685,869882,Player_N_Turns_Until_Research_Complete_,859940,860055,115
Eliminate_Player_,869887,870426,Player_N_Turns_Until_Research_Complete_,859940,860055,115
Do_Surrender_Empire_,871263,871629,Colony_Food_Production_,845412,846615,1203
Do_Surrenders_,871881,872015,Player_N_Turns_Until_Research_Complete_,859940,860055,115
Apply_All_Player_Changes_,872265,872485,Player_N_Turns_Until_Research_Complete_,859940,860055,115
Compute_Blockades_,872599,873072,Player_N_Turns_Until_Research_Complete_,859940,860055,115
Compute_Star_Colony_Stuff_,873110,873416,Player_N_Turns_Until_Research_Complete_,859940,860055,115
Twiddle_Initial_Homeworld_,873918,874286,Player_N_Turns_Until_Research_Complete_,859940,860056,116
Twiddle_Initial_Homeworld_,873918,874313,Player_N_Turns_Until_Research_Complete_,859940,860056,116
Twiddle_Initial_Homeworld_,873918,874434,Player_N_Turns_Until_Research_Complete_,859940,860056,116
Twiddle_Initial_Homeworld_,873918,874443,Player_N_Turns_Until_Research_Complete_,859940,860056,116
Twiddle_Initial_Homeworlds_,874546,875234,Player_N_Turns_Until_Research_Complete_,859940,860055,115
Get_System_Population_,875369,875475,Colony_Food_Production_,845412,846615,1203
Best_Leader_Diplomat_Bonus_,876041,876206,Player_N_Turns_Until_Research_Complete_,859940,860053,113
Make_New_Outpost_,876671,876681,Make_New_Colony_,876657,876664,7
AI_Colonize_,878072,878577,Find_Colonize_Players_,876912,877806,894
Process_Retreating_Ships_,880210,881406,Client_Combat_Loop_,893681,895171,1490
Get_Best_Colony_Target_,882855,883572,Get_Combat_Ships_,879116,879260,144
Human_Confirms_Attack_,883577,883926,Closest_Other_Colony_Star_,879565,879780,215
Pick_Attacker_At_Star_,885140,885292,Client_Combat_Loop_,893681,895172,1491
Collect_Targets_For_Combat_,885428,885781,Closest_Other_Colony_Star_,879565,879780,215
Bomb_Results_Popups_,886263,886427,Client_Combat_Loop_,893681,895172,1491
N_Enemy_Stars_In_Range_,886503,886580,Closest_Other_Colony_Star_,879565,879780,215
Do_System_Discoveries_At_Star_,891175,891361,Client_Combat_Loop_,893681,895171,1490
Do_System_Discoveries_At_Star_,891175,891380,Client_Combat_Loop_,893681,895171,1490
Do_System_Discoveries_At_Star_,891175,891413,Client_Combat_Loop_,893681,895171,1490
Do_System_Discoveries_At_Star_,891175,891846,Client_Combat_Loop_,893681,895171,1490
Do_System_Discoveries_At_Star_,891175,892110,Client_Combat_Loop_,893681,895171,1490
Search_For_Battles_,892258,893557,Client_Combat_Loop_,893681,895172,1491
Do_Nonhuman_Attack_Against_Human_,895259,895380,Client_Combat_Loop_,893681,895171,1490
Do_Nonhuman_Attack_Against_Human_,895259,895568,Client_Combat_Loop_,893681,895171,1490
Do_Net_Combat_Update_,895649,897421,Client_Combat_Loop_,893681,895166,1485
Map_Is_Connected_,900480,900724,Initialize_Black_Hole_Blocks_,899197,899515,318
Get_Orbit_From_X_Y_,901067,901337,Point_Is_In_Some_Nebula_,899642,899702,60
Actual_Expected_Damage_,901342,901463,Get_Orbit_Display_X_Y_,900843,901061,218
Get_Invasion_Info_,903217,903543,Get_Rebellion_Info_,902746,903002,256
Change_Pop_Ownership_,904183,904704,Assign_New_Home_Planet_,904037,904177,140
Check_Rebellion_,905824,906309,Enforce_Population_Limits_At_Colony_,903548,904031,483
Kill_Spy_,908479,908654,Kill_Research_Buildings_,907528,907749,221
Player_Maintenance_,909488,910492,Kill_Research_Buildings_,907528,907749,221
Add_Peace_Msg_,915463,915469,Add_War_Msg_,915453,915456,3
Add_Alliance_Msg_,915471,915477,Add_War_Msg_,915453,915456,3
Add_Nonaggression_Msg_,915479,915485,Add_War_Msg_,915453,915456,3
Add_Peace_Ended_Msg_,915487,915493,Add_War_Msg_,915453,915456,3
Add_Ongoing_Event_Msgs_,915495,916045,Allocate_Msg_Slots_,912186,912370,184
Add_Choose_Net_Plyrs_Fields_,916304,916695,Multi_Player_Screen_,937369,938499,1130
Add_Choose_Net_Plyrs_Fields_,916304,916709,Multi_Player_Screen_,937369,938499,1130
Add_Net_Next_Turn_Fields_,916714,917109,Multi_Player_Screen_,937369,938499,1130
Add_Load_MP_Game_Screen_Fields_,917114,917378,Multi_Player_Screen_,937369,938499,1130
Add_Choose_Multi_Net_Game_Fields_,917383,917653,Multi_Player_Screen_,937369,938499,1130
Add_Modem_Setup_Fields_,918514,919155,Multi_Player_Screen_,937369,938499,1130
Add_Modem_String_Fields_,919160,919548,Multi_Player_Screen_,937369,938499,1130
Print_Modem_Strings_,919631,919870,Draw_Wait_For_New_Joiners_Screen_,929253,929603,350
Add_NullModem_Setup_Fields_,919875,920424,Add_Modem_Setup_Fields_,918514,919129,615
Choose_Multi_Network_Game_Screen_,920718,921106,Multi_Player_Screen_,937369,938499,1130
Draw_Net_Next_Turn_Screen_,921717,923241,Multi_Player_Screen_,937369,938500,1131
Draw_Choose_Net_Plyrs_Screen_,923246,924098,Draw_Net_Next_Turn_Screen_,921717,923234,1517
Draw_Choose_Multi_Net_Game_Screen_,924404,924897,Draw_Net_Next_Turn_Screen_,921717,923234,1517
Draw_Load_MP_Game_Screen_,924902,925821,Multi_Player_Screen_,937369,938499,1130
Draw_Modem_Setup_Screen_,926421,927549,Draw_Net_Next_Turn_Screen_,921717,923234,1517
Draw_NullModem_Setup_Screen_,927924,928902,Multi_Player_Screen_,937369,938499,1130
Draw_SendGet_Net_Info_Screen_,928907,929248,Draw_Wait_For_New_Joiners_Screen_,929253,929604,351
Draw_Wait_For_New_Joiners_Screen_,929253,929609,Multi_Player_Screen_,937369,938499,1130
Draw_Wait_For_Race_Info_Screen_,929614,929972,Draw_Wait_For_New_Joiners_Screen_,929253,929600,347
Get_Net_Next_Turn_Player_Colors_,930235,930729,Multi_Player_Screen_,937369,938499,1130
Hotseat_Add_Next_Player_Fields_,930798,931045,Multi_Player_Screen_,937369,938499,1130
Hotseat_Draw_Next_Player_,931050,931831,Multi_Player_Screen_,937369,938499,1130
Hotseat_Get_Colors_,931836,932055,Multi_Player_Screen_,937369,938499,1130
Hotseat_Select_Player_,932580,933218,Multi_Player_Screen_,937369,938499,1130
Hotseat_Set_Next_Player_Status_,933223,933380,Multi_Player_Screen_,937369,938499,1130
Load_Net_Next_Turn_Screen_,933442,933825,Multi_Player_Screen_,937369,938499,1130
Load_Load_MP_Game_Screen_,934317,934597,Load_Choose_Multi_Net_Game_Screen_,934099,934302,203
Load_Modem_Setup_Screen_,935099,935382,Load_Choose_Multi_Net_Game_Screen_,934099,934305,206
Load_Multi_Player_Game_Screen_,935776,935974,Draw_Net_Next_Turn_Screen_,921717,923234,1517
Load_Multi_Player_Game_Screen_,935776,936316,Draw_Net_Next_Turn_Screen_,921717,923234,1517
Load_NullModem_Setup_Screen_,936321,936643,Multi_Player_Screen_,937369,938500,1131
Modem_Setup_Screen_,936648,937364,Draw_Net_Next_Turn_Screen_,921717,923234,1517
NullModem_Setup_Screen_,938506,938950,Multi_Player_Screen_,937369,938494,1125
Reload_Generic_Net_Info_,938967,939163,Multi_Player_Screen_,937369,938500,1131
Reload_Join_Net_Screen_,939215,939220,Reload_Generating_Map_Info_,938955,938960,5
Reload_Wait_For_Race_Info_,939291,939301,Reload_Generating_Map_Info_,938955,938960,5
Change_MP_Game_Name_,939895,940158,Multi_Player_Screen_,937369,938499,1130
Mox_Net_Update_,944638,946059,Net_End_AI_Diplomacy_,959173,959368,195
Decode_Difference_Buffer_,946897,946949,Make_Difference_Buffer_,946411,946891,480
Decode_Difference_Buffer_,946897,947133,Make_Difference_Buffer_,946411,946891,480
Broadcast_Game_Data_Differential_,947405,948721,Net_End_AI_Diplomacy_,959173,959368,195
Send_Game_Orders_,949909,951218,Broadcast_Game_Data_Differential_,947405,948711,1306
Decode_Pick_Target_Info_,953486,954259,Decode_Game_Orders_,951256,952530,1274
Send_You_Are_Target_Info_,954264,955358,Make_Difference_Buffer_,946411,946891,480
Decode_You_Are_Target_Info_,955363,956172,Decode_Game_Orders_,951256,952530,1274
Decode_Battle_Results_,957528,958552,Decode_Game_Orders_,951256,952530,1274
Send_Pick_Your_Position_,958557,958670,Broadcast_Game_Data_Differential_,947405,948711,1306
Get_Next_AI_Talker_,958883,959083,Net_End_AI_Diplomacy_,959173,959368,195
Net_Request_Human_Diplomacy_,959478,959634,Net_End_AI_Diplomacy_,959173,959363,190
Net_Request_Human_Diplomacy_,959478,959772,Net_End_AI_Diplomacy_,959173,959363,190
Refuse_Diplomacy_Request_,960296,960367,Net_Cancel_Human_Diplomacy_Request_,959830,959896,66
Tell_Diplomacy_Requester_To_Wait_,960372,960400,Net_Cancel_Human_Diplomacy_Request_,959830,959898,68
Send_Drop_Out_Info_,960432,960669,Decode_Game_Orders_,951256,952530,1274
Decode_Drop_Out_Info_,960674,960887,Decode_Game_Orders_,951256,952530,1274
Human_Surrenders_,960905,960911,Human_Abdicates_,960892,960898,6
Net_Pick_Position_,961669,961791,Net_Select_Race_,961240,961662,422
Net_Pick_Position_,961669,962171,Net_Select_Race_,961240,961604,364
Load_Net_Screen_,963195,963544,Join_Net_Screen_,962267,963052,785
Load_Net_Screen_,963195,963724,Join_Net_Screen_,962267,963052,785
Load_Net_Screen_,963195,964576,Join_Net_Screen_,962267,963052,785
Start_Net_Screen_,964581,966256,Net_Select_Race_,961240,961663,423
Client_Next_Turn_,967378,967787,Host_Next_Turn_,966626,967314,688
Net_Next_Turn_,967792,967870,Host_Next_Turn_,966626,967314,688
Net_Next_Turn_,967792,968352,Host_Next_Turn_,966626,967314,688
Calc_Tech_Value_,968773,971156,Get_Competition_Player_Tech_Value_,968620,968723,103
Get_Competition_Tech_Values_,971161,971284,Get_Competition_Player_Tech_Value_,968620,968721,101
Initialize_Reports_,972828,972868,Client_Initialize_Reports_,972778,972792,14
Star_Has_Special_For_Player_,973037,973071,Draw_Special_,972917,973031,114
Explored_New_Star_,973146,973195,Has_Officer_For_Hire_,975441,975586,145
Explored_New_Star_,973146,973370,Has_Officer_For_Hire_,975441,975586,145
Has_Msg_,975082,975436,Has_Officer_For_Hire_,975441,975586,145
Has_Report_,975705,975875,Has_Officer_For_Hire_,975441,975586,145
Has_Diplomacy_Messages_,975880,976143,Has_Officer_For_Hire_,975441,975583,142
Shuffle_Sint_,977397,977466,Shuffle_Char_,977333,977391,58
Shuffle_Int_,977468,977533,Shuffle_Char_,977333,977391,58
Star_In_Range_Of_Player_Aux2_,980371,980470,Star_In_Range_Of_Player_Aux1_,980201,980362,161
Move_All_Ships_Toward_Stars_,982762,983051,Can_Order_Ship_,980670,980882,212
Update_Ship_ETAs_,984092,984340,Can_Order_Ship_,980670,980882,212
Do_Wormhole_Event_,984345,984595,Make_Ship_Arrive_At_Star_,982490,982756,266
Do_Hyperspace_Beast_,984600,985123,Can_Order_Ship_,980670,980882,212
Reset_Needless_Ignore_Combat_Ships_Flags_,985213,985534,Can_Order_Ship_,980670,980883,213
Resolve_Player_Spies_,988324,989027,Allocate_AI_Spies_,986393,987541,1148
Leader_Assassinates_,989032,989342,Allocate_AI_Spies_,986393,987541,1148
Trade_Agreement_Goal_,990116,990350,Start_Trade_Agreement_,990947,991100,153
Process_Trade_Agreement_,990547,990688,Start_Trade_Agreement_,990947,991100,153
Process_Research_Agreement_,990693,990834,Start_Trade_Agreement_,990947,991100,153
Start_Research_Agreement_,991106,991282,Start_Trade_Agreement_,990947,991095,148
Get_My_Agent_Number_,993119,993140,Get_My_Spy_Number_,993041,993063,22
Get_My_Agent_Mission_,993142,993163,Get_My_Spy_Mission_,993081,993103,22
Set_Their_Spy_Mission_,993205,993239,Set_Their_Spy_Number_,993165,993196,31
Set_My_Spy_Mission_,993293,993339,Set_My_Spy_Number_,993241,993284,43
Set_My_Agent_Mission_,993394,993440,Set_My_Agent_Number_,993341,993384,43
Update_List_Window_Data_,993786,994522,Record_History_,991370,992289,919
Turn_On_Palettes_,994549,994551,Turn_Off_Palettes_,994527,994532,5
Squeeze_Print_Right_,995133,995137,Squeeze_Print_,995088,995092,4
Squeeze_Print_Right_To_Bitmap_,995139,995149,Squeeze_Print_To_Bitmap_,995107,995117,10
Squeeze_Centered_Print_,995240,995244,Squeeze_Print_,995088,995092,4
Squeeze_Centered_Print_To_Bitmap_,995249,995259,Squeeze_Print_To_Bitmap_,995107,995117,10
Squeeze_Print_Full_,995264,995268,Squeeze_Print_,995088,995092,4
Squeeze_Print_Full_To_Bitmap_,995273,995283,Squeeze_Print_To_Bitmap_,995107,995117,10
Squeeze_Print_Formatted_Paragraph_,995754,995766,Squeeze_Print_Paragraph_,995677,995689,12
Squeeze_Print_Formatted_Paragraph_To_Bitmap_,995768,995780,Squeeze_Print_Paragraph_To_Bitmap_,995715,995727,12
Squeeze_Formatted_Paragraph_Centered_,995899,995912,Squeeze_Paragraph_Centered_,995782,995795,13
Squeeze_Formatted_Paragraph_Centered_To_Bitmap_,995914,995927,Squeeze_Paragraph_Centered_To_Bitmap_,995840,995853,13
Cache_Player_Spy_Anim_,996555,996636,Cache_Other_Scientist_Anim_,996392,996466,74
Cache_Player_Trooper_Anim_,996641,996726,Cache_Other_Scientist_Anim_,996392,996466,74
_Print_String_Bill_,996783,997125,_Squeeze_Print_,994731,995082,351
_Print_Paragraph_Bill_,997130,997648,Squeeze_Paragraph_Centered_To_Bitmap_,995840,995893,53
Ref_Category_Help_,997817,997830,Reference_Help_,997776,997789,13
Ref_How_To_Help_,997832,997845,Reference_Help_,997776,997789,13
Turn_Summary_Help_,997870,997883,Reference_Help_,997776,997789,13
Race_Statistics_Help_,997885,997898,Reference_Help_,997776,997789,13
Tech_Review_Help_,997900,997913,Reference_Help_,997776,997789,13
History_Graph_Help_,997915,997928,Reference_Help_,997776,997789,13
Technology_Select_Help_,997933,997949,Turn_Summary_Popup_Help_,997847,997863,16
Technology_Change_Help_,997951,997967,Turn_Summary_Popup_Help_,997847,997863,16
Tech_Select_List_Right_Help_,997969,997985,Turn_Summary_Popup_Help_,997847,997863,16
Tech_Select_List_Left_Help_,997987,998003,Turn_Summary_Popup_Help_,997847,997863,16
Tech_Change_List_Right_Help_,998008,998024,Turn_Summary_Popup_Help_,997847,997863,16
Tech_Change_List_Left_Help_,998029,998045,Turn_Summary_Popup_Help_,997847,997863,16
Races_Help_,998050,998066,Turn_Summary_Popup_Help_,997847,997863,16
Report_Help_,998071,998087,Turn_Summary_Popup_Help_,997847,997863,16
Audience_Menu_Help_,998092,998108,Turn_Summary_Popup_Help_,997847,997863,16
Treaties_Menu_Help_,998113,998129,Turn_Summary_Popup_Help_,997847,997863,16
Treaties_Race_Help_,998134,998150,Turn_Summary_Popup_Help_,997847,997863,16
War_Race_Help_,998155,998171,Turn_Summary_Popup_Help_,997847,997863,16
Trade_Menu_Help_,998176,998192,Turn_Summary_Popup_Help_,997847,997863,16
Trade_Cash_Help_,998197,998213,Turn_Summary_Popup_Help_,997847,997863,16
Trade_Tech_Help_,998218,998234,Turn_Summary_Popup_Help_,997847,997863,16
Tech_Swap_Help_,998239,998255,Turn_Summary_Popup_Help_,997847,997863,16
Tribute_Menu_Help_,998260,998276,Turn_Summary_Popup_Help_,997847,997863,16
Tribute_Cash_Help_,998281,998297,Turn_Summary_Popup_Help_,997847,997863,16
Tribute_Tech_Help_,998302,998318,Turn_Summary_Popup_Help_,997847,997863,16
Return_To_Last_Break_,999867,1000070,Record_Break_Position_,1000082,1000326,244
Return_To_Last_Break_,999867,1000077,Record_Break_Position_,1000082,1000326,244
Insert_Item_,1003657,1003777,Record_Break_Position_,1000082,1000325,243
Insert_Item_,1003657,1003790,Record_Break_Position_,1000082,1000325,243
Insert_Item_,1003657,1004098,Record_Break_Position_,1000082,1000325,243
Insert_Item_,1003657,1004200,Record_Break_Position_,1000082,1000325,243
Insert_Item_,1003657,1004459,Record_Break_Position_,1000082,1000325,243
Insert_Item_,1003657,1004473,Record_Break_Position_,1000082,1000325,243
Insert_Item_,1003657,1004487,Record_Break_Position_,1000082,1000325,243
Insert_Item_,1003657,1004501,Record_Break_Position_,1000082,1000325,243
Process_Function_,1004851,1005977,Record_Break_Position_,1000082,1000325,243
FN_Set_Space_Size_,1006903,1006962,FN_Set_Y_Pos_,1006756,1006849,93
FN_Set_Indent_,1007257,1007319,FN_Set_FF_Size_,1007020,1007080,60
_Justify_Line_Fully_,1007699,1007980,Record_Break_Position_,1000082,1000325,243
Print_Line_,1007985,1009590,Record_Break_Position_,1000082,1000325,243
Set_Line_Limits_,1010419,1010802,Record_Break_Position_,1000082,1000325,243
Set_Line_Limits_,1010419,1010835,Record_Break_Position_,1000082,1000325,243
Info_Screen_,1010860,1011861,Initialize_Maintenance_Values_,1013163,1013352,189
Draw_The_History_Graph_,1013358,1013924,Initialize_Maintenance_Values_,1013163,1013351,188
Draw_Histories_,1014092,1015126,Initialize_Maintenance_Values_,1013163,1013351,188
Display_Graphed_Players_Names_,1015274,1015440,Initialize_Maintenance_Values_,1013163,1013351,188
Init_Tech_Review_List_,1017361,1017553,History_Subscreen_,1015445,1015843,398
Print_Player_Specials_To_Bitmap_,1017558,1018011,Build_Maint_Chart_Bitmaps_,1012244,1013153,909
Turn_Summary_Subscreen_,1019800,1020255,Race_Stats_Subscreen_,1018310,1019479,1169
Turn_Summary_Subscreen_,1019800,1020285,Race_Stats_Subscreen_,1018310,1019477,1167
Turn_Summary_Subscreen_,1019800,1020600,Race_Stats_Subscreen_,1018310,1019477,1167
Draw_Turn_Summary_Subscreen_,1020605,1020716,Draw_Tech_Review_Subscreen_,1017130,1017352,222
Reference_Subscreen_,1020721,1020804,History_Subscreen_,1015445,1015790,345
Reference_Subscreen_,1020721,1020832,History_Subscreen_,1015445,1015843,398
Reference_Subscreen_,1020721,1020852,History_Subscreen_,1015445,1015843,398
Reference_Subscreen_,1020721,1020872,History_Subscreen_,1015445,1015843,398
Reference_Main_Subscreen_,1020877,1021519,Race_Stats_Subscreen_,1018310,1019479,1169
Reference_Main_Subscreen_,1020877,1021652,Race_Stats_Subscreen_,1018310,1019477,1167
Draw_Reference_Main_Subscreen_,1021657,1021789,Draw_Tech_Review_Subscreen_,1017130,1017352,222
Reference_Category_Subscreen_,1022094,1023168,Race_Stats_Subscreen_,1018310,1019479,1169
Reference_Category_Subscreen_,1022094,1023264,Race_Stats_Subscreen_,1018310,1019477,1167
Draw_Reference_Category_Subscreen_,1023269,1023408,Draw_Tech_Review_Subscreen_,1017130,1017322,192
Add_Fields_To_List_Page_,1024392,1024536,Init_List_Data_,1024167,1024385,218
Goto_Page_With_Entry_,1025364,1025422,Display_Selected_List_Text_,1024541,1024831,290
Goto_Page_With_Entry_,1025364,1025438,Display_Selected_List_Text_,1024541,1024831,290
Set_Selected_List_Entry_,1025507,1025620,Display_Selected_List_Text_,1024541,1024831,290
Race_Screen_,1027258,1029276,Draw_Relations_Sliders_,1031504,1031655,151
Init_Race_Display_Data_,1030717,1031499,Setup_Race_Who_Fields_,1034230,1034375,145
Draw_Race_Text_,1032125,1033444,Race_Screen_,1027258,1029275,2017
Setup_Race_Display_Fields_,1033840,1033862,Setup_Race_Who_Fields_,1034230,1034375,145
Draw_Race_Screen_,1034464,1035059,Draw_Relations_Sliders_,1031504,1031654,150
Draw_Race_Screen_,1034464,1035226,Draw_Relations_Sliders_,1031504,1031654,150
Draw_Icon_Group_,1036247,1036348,Draw_Relations_Sliders_,1031504,1031654,150
_Tech_Finished_,1039365,1039376,Tech_Select_,1039209,1039269,60
_Tech_Select_,1039378,1041581,Draw_Little_Arrow_,1041763,1042113,350
Draw_Tech_List_,1043606,1043677,Draw_Tech_Select_,1041586,1041745,159
Display_Entry_Text_,1043712,1044074,Draw_Little_Arrow_,1041763,1042112,349
Init_Entry_Positions_,1044419,1044592,Draw_Little_Arrow_,1041763,1042113,350
Init_Entry_Data_,1044617,1045508,_Tech_List_,1042119,1043594,1475
Setup_Entry_Buttons_,1045513,1045654,Set_Selected_Entry_,1044293,1044387,94
Get_Group_List_,1045659,1046038,Set_Selected_Entry_,1044293,1044387,94
Draw_Application_Description_,1046063,1046381,Set_Selected_Entry_,1044293,1044387,94
Get_Tech_Cost_,1046843,1046854,New_Get_Tech_Cost_,1046621,1046625,4
__exit_,1048999,1048999,__do_exit_with_msg__,1049001,1049036,35
_AIL_set_preference,1243215,1243460,_AIL_call_driver,1244104,1244362,258
_AIL_get_real_vect,1243475,1243705,_AIL_sample_playback_rate,1250532,1250762,230
_AIL_set_real_vect,1243710,1243826,_AIL_restore_USE16_ISR,1243969,1244076,107
_AIL_delay,1244382,1244486,_AIL_restore_USE16_ISR,1243969,1244073,104
_AIL_register_timer,1245353,1245583,_AIL_sample_playback_rate,1250532,1250762,230
_AIL_set_timer_user,1245588,1245826,_AIL_set_preference,1243215,1243453,238
_AIL_set_timer_period,1245831,1245944,_AIL_set_real_vect,1243710,1243823,113
_AIL_set_timer_frequency,1245949,1246062,_AIL_set_real_vect,1243710,1243823,113
_AIL_set_timer_divisor,1246067,1246180,_AIL_set_real_vect,1243710,1243823,113
_AIL_interrupt_divisor,1246185,1246402,_AIL_set_sample_file,1248873,1249123,250
_AIL_start_timer,1246407,1246511,_AIL_restore_USE16_ISR,1243969,1244073,104
_AIL_start_all_timers,1246516,1246609,_AIL_shutdown,1243068,1243207,139
_AIL_stop_timer,1246614,1246718,_AIL_restore_USE16_ISR,1243969,1244073,104
_AIL_stop_all_timers,1246723,1246816,_AIL_shutdown,1243068,1243207,139
_AIL_release_timer_handle,1246821,1246925,_AIL_restore_USE16_ISR,1243969,1244073,104
_AIL_release_all_timers,1246930,1247023,_AIL_shutdown,1243068,1243207,139
_AIL_get_IO_environment,1247028,1247252,_AIL_get_real_vect,1243475,1243699,224
_AIL_install_driver,1247257,1247495,_AIL_set_preference,1243215,1243453,238
_AIL_uninstall_driver,1247500,1247604,_AIL_restore_USE16_ISR,1243969,1244073,104
_AIL_install_DIG_INI,1247609,1247826,_AIL_set_sample_file,1248873,1249123,250
_AIL_install_DIG_driver_file,1247831,1248063,_AIL_install_driver,1247257,1247489,232
_AIL_uninstall_DIG_driver,1248068,1248172,_AIL_restore_USE16_ISR,1243969,1244073,104
_AIL_allocate_sample_handle,1248177,1248401,_AIL_get_real_vect,1243475,1243699,224
_AIL_allocate_file_sample,1248406,1248650,_AIL_install_DIG_INI,1247609,1247820,211
_AIL_release_sample_handle,1248655,1248759,_AIL_restore_USE16_ISR,1243969,1244073,104
_AIL_init_sample,1248764,1248868,_AIL_restore_USE16_ISR,1243969,1244073,104
_AIL_set_sample_file,1248873,1249130,_AIL_call_driver,1244104,1244362,258
_AIL_set_sample_address,1249135,1249260,_AIL_set_USE16_ISR,1243831,1243956,125
_AIL_set_sample_type,1249265,1249390,_AIL_set_USE16_ISR,1243831,1243956,125
_AIL_start_sample,1249395,1249499,_AIL_restore_USE16_ISR,1243969,1244073,104
_AIL_stop_sample,1249504,1249608,_AIL_restore_USE16_ISR,1243969,1244073,104
_AIL_resume_sample,1249613,1249717,_AIL_restore_USE16_ISR,1243969,1244073,104
_AIL_end_sample,1249722,1249826,_AIL_restore_USE16_ISR,1243969,1244073,104
_AIL_set_sample_playback_rate,1249831,1249944,_AIL_set_real_vect,1243710,1243823,113
_AIL_set_sample_volume,1249949,1250062,_AIL_set_real_vect,1243710,1243823,113
_AIL_set_sample_pan,1250067,1250180,_AIL_set_real_vect,1243710,1243823,113
_AIL_set_sample_loop_count,1250185,1250298,_AIL_set_real_vect,1243710,1243823,113
_AIL_sample_status,1250303,1250527,_AIL_register_timer,1245353,1245577,224
_AIL_sample_playback_rate,1250532,1250768,_AIL_call_driver,1244104,1244362,258
_AIL_sample_volume,1250773,1250997,_AIL_sample_playback_rate,1250532,1250756,224
_AIL_sample_pan,1251002,1251226,_AIL_sample_playback_rate,1250532,1250756,224
_AIL_sample_loop_count,1251231,1251455,_AIL_sample_playback_rate,1250532,1250756,224
_AIL_install_DIG_driver_image,1251460,1251704,_AIL_install_DIG_INI,1247609,1247820,211
_AIL_minimum_sample_buffer_size,1251709,1251953,_AIL_set_sample_file,1248873,1249117,244
_AIL_sample_buffer_ready,1251958,1252182,_AIL_sample_playback_rate,1250532,1250756,224
_AIL_load_sample_buffer,1252187,1252325,_AIL_set_USE16_ISR,1243831,1243959,128
_AIL_set_sample_position,1252330,1252443,_AIL_set_real_vect,1243710,1243823,113
_AIL_sample_position,1252448,1252672,_AIL_register_timer,1245353,1245577,224
_AIL_register_SOB_callback,1252677,1252909,_AIL_install_driver,1247257,1247489,232
_AIL_register_EOB_callback,1252914,1253146,_AIL_install_driver,1247257,1247489,232
_AIL_register_EOS_callback,1253151,1253383,_AIL_install_driver,1247257,1247489,232
_AIL_register_EOF_callback,1253388,1253620,_AIL_install_driver,1247257,1247489,232
_AIL_set_sample_user_data,1253625,1253750,_AIL_set_USE16_ISR,1243831,1243956,125
_AIL_sample_user_data,1253755,1253987,_AIL_set_preference,1243215,1243447,232
_AIL_active_sample_count,1253992,1254216,_AIL_sample_playback_rate,1250532,1250756,224
_AIL_install_MDI_INI,1254221,1254432,_AIL_install_DIG_INI,1247609,1247820,211
_AIL_install_MDI_driver_file,1254437,1254669,_AIL_install_driver,1247257,1247489,232
_AIL_uninstall_MDI_driver,1254674,1254778,_AIL_restore_USE16_ISR,1243969,1244073,104
_AIL_allocate_sequence_handle,1254783,1255007,_AIL_get_real_vect,1243475,1243699,224
_AIL_release_sequence_handle,1255012,1255116,_AIL_restore_USE16_ISR,1243969,1244073,104
_AIL_init_sequence,1255121,1255365,_AIL_set_sample_file,1248873,1249117,244
_AIL_start_sequence,1255370,1255474,_AIL_restore_USE16_ISR,1243969,1244073,104
_AIL_stop_sequence,1255479,1255583,_AIL_restore_USE16_ISR,1243969,1244073,104
_AIL_resume_sequence,1255588,1255692,_AIL_restore_USE16_ISR,1243969,1244073,104
_AIL_end_sequence,1255697,1255801,_AIL_restore_USE16_ISR,1243969,1244073,104
_AIL_set_sequence_tempo,1255806,1255931,_AIL_set_USE16_ISR,1243831,1243956,125
_AIL_set_sequence_volume,1255936,1256061,_AIL_set_USE16_ISR,1243831,1243956,125
_AIL_set_sequence_loop_count,1256066,1256179,_AIL_set_real_vect,1243710,1243823,113
_AIL_sequence_status,1256184,1256408,_AIL_register_timer,1245353,1245577,224
_AIL_sequence_tempo,1256413,1256637,_AIL_sample_playback_rate,1250532,1250756,224
_AIL_sequence_volume,1256642,1256866,_AIL_sample_playback_rate,1250532,1250756,224
_AIL_sequence_loop_count,1256871,1257095,_AIL_sample_playback_rate,1250532,1250756,224
_AIL_install_MDI_driver_image,1257100,1257344,_AIL_install_DIG_INI,1247609,1247820,211
_AIL_set_GTL_filename_prefix,1257349,1257453,_AIL_restore_USE16_ISR,1243969,1244073,104
_AIL_timbre_status,1257458,1257702,_AIL_set_sample_file,1248873,1249117,244
_AIL_install_timbre,1257707,1257951,_AIL_set_sample_file,1248873,1249117,244
_AIL_protect_timbre,1257956,1258081,_AIL_set_USE16_ISR,1243831,1243956,125
_AIL_unprotect_timbre,1258086,1258211,_AIL_set_USE16_ISR,1243831,1243956,125
_AIL_active_sequence_count,1258216,1258440,_AIL_sample_playback_rate,1250532,1250756,224
_AIL_controller_value,1258445,1258689,_AIL_set_sample_file,1248873,1249117,244
_AIL_channel_notes,1258694,1258926,_AIL_set_preference,1243215,1243447,232
_AIL_sequence_position,1258931,1259190,_AIL_load_sample_buffer,1252187,1252322,135
_AIL_branch_index,1259195,1259308,_AIL_set_real_vect,1243710,1243823,113
_AIL_register_prefix_callback,1259313,1259545,_AIL_install_driver,1247257,1247489,232
_AIL_register_trigger_callback,1259550,1259782,_AIL_install_driver,1247257,1247489,232
_AIL_register_sequence_callback,1259787,1260019,_AIL_install_driver,1247257,1247489,232
_AIL_register_event_callback,1260024,1260256,_AIL_install_driver,1247257,1247489,232
_AIL_register_timbre_callback,1260261,1260493,_AIL_install_driver,1247257,1247489,232
_AIL_set_sequence_user_data,1260498,1260623,_AIL_set_USE16_ISR,1243831,1243956,125
_AIL_sequence_user_data,1260628,1260860,_AIL_set_preference,1243215,1243447,232
_AIL_register_ICA_array,1260865,1260978,_AIL_set_real_vect,1243710,1243823,113
_AIL_lock_channel,1260983,1261207,_AIL_sample_playback_rate,1250532,1250756,224
_AIL_release_channel,1261212,1261325,_AIL_set_real_vect,1243710,1243823,113
_AIL_map_sequence_channel,1261330,1261455,_AIL_set_USE16_ISR,1243831,1243956,125
_AIL_true_sequence_channel,1261460,1261692,_AIL_set_preference,1243215,1243447,232
_AIL_send_channel_voice_message,1261697,1261845,_AIL_set_USE16_ISR,1243831,1243959,128
_AIL_send_sysex_message,1261850,1261963,_AIL_set_real_vect,1243710,1243823,113
_AIL_create_wave_synthesizer,1261968,1262227,_AIL_call_driver,1244104,1244355,251
_AIL_destroy_wave_synthesizer,1262232,1262336,_AIL_restore_USE16_ISR,1243969,1244073,104
scan_string_,1299937,1300223,scan_char_,1299788,1299931,143
scan_float_,1300639,1301425,scan_char_,1299788,1299931,143
__parse_tz_,1313976,1314026,parse_rule_,1314364,1314820,456
__MemAllocator,1316274,1316437,__MemFree,1316442,1316704,262
__CreateNewNHeap_,1317542,1317559,RationalAlloc_,1317333,1317533,200
__CreateNewNHeap_,1317542,1317713,RationalAlloc_,1317333,1317533,200
AILXMIDI_end_,1357088,1357796,AILXDIG_start_,1357844,1357852,8
XDIG_set_pitch_,1358474,1358735,XDIG_set_volume_,1358366,1358468,102
_AIL_API_destroy_wave_synthesizer,1360165,1360244,_XDIG_MIDI_trap,1358777,1359782,1005
_radseekcur,1362277,1362281,_radseekbegin,1362241,1362245,4
_radseekend,1362283,1362287,_radseekbegin,1362241,1362245,4
__int_ctrl_break_handler_,1374651,1374749,__int23_handler_,1374502,1374619,117
__int_ctrl_break_handler_,1374651,1374766,__int23_handler_,1374502,1374614,112
__restore_int_ctrl_break_,1375357,1375408,__restore_int23_,1374919,1375180,261
_SmackDoTables,1394336,1395886,_Unsmack,1405728,1406400,672
_SmackDoTables,1394336,1395940,_Unsmack,1405728,1406400,672
_SmackDoTables,1394336,1397960,_Unsmack,1405728,1406400,672
_SmackDoTables,1394336,1398004,_Unsmack,1405728,1406400,672
_SmackDoTables,1394336,1398385,_Unsmack,1405728,1406400,672
_SmackDoTables,1394336,1398438,_Unsmack,1405728,1406400,672
_SmackDoTables,1394336,1402686,_Unsmack,1405728,1406400,672
_SmackDoTables,1394336,1402740,_Unsmack,1405728,1406400,672
_SmackDoTables,1394336,1404752,_Unsmack,1405728,1406400,672
_SmackDoTables,1394336,1404804,_Unsmack,1405728,1406400,672
_SmackDoTables,1394336,1405087,_Unsmack,1405728,1406400,672
_SmackDoTables,1394336,1405132,_Unsmack,1405728,1406400,672
_SmackDoTables,1394336,1405497,_Unsmack,1405728,1406400,672
_SmackDoTables,1394336,1405538,_Unsmack,1405728,1406400,672
_Unsmack,1405728,1406177,_SmackDoTables,1394336,1394976,640
