module_index,module,symbol_type,static,name,segment,offset,file_offset,subsystems
17,D:\MOX\NPCDIPLO.C,code,False,NPC_Threats_,1,86741,698665,ai
17,D:\MOX\NPCDIPLO.C,code,False,Honor_Alliances_,1,88786,700710,ai
17,D:\MOX\NPCDIPLO.C,code,False,NPC_Declarations_Of_War_,1,89585,701509,ai
17,D:\MOX\NPCDIPLO.C,code,False,NPC_Peace_Negotiations_,1,91914,703838,ai
17,D:\MOX\NPCDIPLO.C,code,False,NPC_Required_Alliances_,1,92317,704241,ai
17,D:\MOX\NPCDIPLO.C,code,False,NPC_Good_Proposal_Check_,1,95086,707010,ai
17,D:\MOX\NPCDIPLO.C,code,False,Clear_Last_Proposal_Turn_,1,95495,707419,ai
17,D:\MOX\NPCDIPLO.C,code,False,NPC_Message_Rejection_Check_,1,95583,707507,ai
17,D:\MOX\NPCDIPLO.C,code,False,NPC_Proposal_Rejection_Accept_,1,95974,707898,ai
17,D:\MOX\NPCDIPLO.C,code,False,NPC_Surrender_Check_,1,96829,708753,ai
90,D:\MOX\OTHERS\AIBOMB.C,code,False,AI_Invasion_Will_Succeed_,1,782958,1394882,ai
90,D:\MOX\OTHERS\AIBOMB.C,code,False,AI_Player_Invades_,1,783180,1395104,ai
91,D:\MOX\OTHERS\AIBUILD.C,code,False,Product_Name_,1,783256,1395180,ai
91,D:\MOX\OTHERS\AIBUILD.C,code,True,Compute_Freighter_Need_,1,783293,1395217,ai
91,D:\MOX\OTHERS\AIBUILD.C,code,True,Compute_Needs_,1,783373,1395297,ai
91,D:\MOX\OTHERS\AIBUILD.C,code,False,Compute_Empire_Building_Needs_,1,785590,1397514,ai
91,D:\MOX\OTHERS\AIBUILD.C,code,True,Find_Buildable_Buildings_,1,786091,1398015,ai
91,D:\MOX\OTHERS\AIBUILD.C,code,True,Force_Produce_,1,789746,1401670,ai
91,D:\MOX\OTHERS\AIBUILD.C,code,False,Player_War_Level_,1,790534,1402458,ai
91,D:\MOX\OTHERS\AIBUILD.C,code,False,Assign_Empire_Building_,1,790766,1402690,ai
92,D:\MOX\OTHERS\AIDATA.C,code,False,Uncolonized_Planet_Worth_To_Player_,1,796583,1408507,ai
92,D:\MOX\OTHERS\AIDATA.C,code,True,Star_In_Range_Of_Given_Star_,1,797353,1409277,ai
92,D:\MOX\OTHERS\AIDATA.C,code,True,Proximity_Worth_To_Player_,1,797418,1409342,ai
92,D:\MOX\OTHERS\AIDATA.C,code,True,Compute_Base_Planet_Values_,1,798766,1410690,ai
92,D:\MOX\OTHERS\AIDATA.C,code,True,Compute_Contextual_Planet_Values_,1,799013,1410937,ai
92,D:\MOX\OTHERS\AIDATA.C,code,True,Refit_Desirability_,1,799697,1411621,ai
92,D:\MOX\OTHERS\AIDATA.C,code,False,airefit_cmp_,1,800111,1412035,ai
92,D:\MOX\OTHERS\AIDATA.C,code,False,Player_N_Turns_From_Star_To_Star_With_Intermediate_,1,800118,1412042,ai
92,D:\MOX\OTHERS\AIDATA.C,code,True,Find_Players_In_Range_,1,801384,1413308,ai
92,D:\MOX\OTHERS\AIDATA.C,code,True,Compute_Star_Player_Range_Info_,1,801696,1413620,ai
92,D:\MOX\OTHERS\AIDATA.C,code,False,Compute_AI_Data_,1,802100,1414024,ai
92,D:\MOX\OTHERS\AIDATA.C,code,False,Deallocate_AI_Data_,1,808781,1420705,ai
35,D:\MOX\OTHERS\AIDESIGN.C,code,False,Fighters_Available_,1,325992,937916,ai
35,D:\MOX\OTHERS\AIDESIGN.C,code,False,Special_Devices_Available_,1,326122,938046,ai
35,D:\MOX\OTHERS\AIDESIGN.C,code,False,Special_Legal_For_Design_,1,327052,938976,ai
35,D:\MOX\OTHERS\AIDESIGN.C,code,False,Add_Specials_To_Design_,1,327188,939112,ai
35,D:\MOX\OTHERS\AIDESIGN.C,code,False,Add_Theme_Special_To_Design_,1,327871,939795,ai
35,D:\MOX\OTHERS\AIDESIGN.C,code,False,Add_Fighters_To_Design_,1,328108,940032,ai
93,D:\MOX\OTHERS\AIDUDES.C,code,True,Assign_Buildings_,1,809115,1421039,ai
93,D:\MOX\OTHERS\AIDUDES.C,code,True,Freighter_Cheat_,1,810393,1422317,ai
93,D:\MOX\OTHERS\AIDUDES.C,code,True,Assign_Required_Colonists_,1,810977,1422901,ai
93,D:\MOX\OTHERS\AIDUDES.C,code,True,FI_Worthiness_,1,811301,1423225,ai
93,D:\MOX\OTHERS\AIDUDES.C,code,True,Compute_Max_Min_R_I_Worthiness_,1,812170,1424094,ai
93,D:\MOX\OTHERS\AIDUDES.C,code,True,F_IR_Worthiness_,1,813098,1425022,ai
93,D:\MOX\OTHERS\AIDUDES.C,code,True,Assign_Additional_Unblockaded_Farmers_,1,813780,1425704,ai
94,D:\MOX\OTHERS\AILEADER.C,code,True,Assign_Star_Officer_,1,815473,1427397,ai
94,D:\MOX\OTHERS\AILEADER.C,code,True,Assign_Unassigned_Leaders_,1,816084,1428008,ai
94,D:\MOX\OTHERS\AILEADER.C,code,False,Do_AI_Leaders_,1,816185,1428109,ai
95,D:\MOX\OTHERS\AIMOVE.C,code,True,Sort_colonizable_,1,816738,1428662,ai
95,D:\MOX\OTHERS\AIMOVE.C,code,False,AI_May_Attack_Player_,1,816745,1428669,ai
95,D:\MOX\OTHERS\AIMOVE.C,code,False,Get_Colonizable_Planets_,1,816824,1428748,ai
95,D:\MOX\OTHERS\AIMOVE.C,code,True,Delete_Already_Assigned_Planets_,1,816996,1428920,ai
95,D:\MOX\OTHERS\AIMOVE.C,code,True,Get_Enemy_Strength_On_Turn_,1,818180,1430104,ai
95,D:\MOX\OTHERS\AIMOVE.C,code,True,Sort_candidate_stars_,1,821319,1433243,ai
95,D:\MOX\OTHERS\AIMOVE.C,code,True,Star_Has_Monster_,1,821547,1433471,ai
95,D:\MOX\OTHERS\AIMOVE.C,code,False,Best_Uncolonized_Undestined_Planet_,1,822393,1434317,ai
95,D:\MOX\OTHERS\AIMOVE.C,code,False,Player_Is_Hostile_To_Player_,1,822753,1434677,ai
95,D:\MOX\OTHERS\AIMOVE.C,code,False,N_Enemy_Stars_Reachable_,1,822866,1434790,ai
95,D:\MOX\OTHERS\AIMOVE.C,code,True,Compute_Attack_Worthiness_,1,822994,1434918,ai
95,D:\MOX\OTHERS\AIMOVE.C,code,True,Find_Best_Attack_From_Star_,1,824499,1436423,ai
95,D:\MOX\OTHERS\AIMOVE.C,code,True,Launch_Attacks_,1,825326,1437250,ai
95,D:\MOX\OTHERS\AIMOVE.C,code,True,Knock_Out_Impossible_Interceptions_,1,825407,1437331,ai
95,D:\MOX\OTHERS\AIMOVE.C,code,True,Interceptions_,1,825982,1437906,ai
95,D:\MOX\OTHERS\AIMOVE.C,code,True,Intercept_Invaders_,1,827269,1439193,ai
95,D:\MOX\OTHERS\AIMOVE.C,code,True,Move_To_Stage_Points_,1,828549,1440473,ai
95,D:\MOX\OTHERS\AIMOVE.C,code,True,Move_Transports_,1,829852,1441776,ai
95,D:\MOX\OTHERS\AIMOVE.C,code,True,Move_To_Unexplored_Stars_,1,831444,1443368,ai
95,D:\MOX\OTHERS\AIMOVE.C,code,True,Launch_Sneak_Attack_,1,832087,1444011,ai
95,D:\MOX\OTHERS\AIMOVE.C,code,True,Mark_Flee_Stars_,1,832485,1444409,ai
95,D:\MOX\OTHERS\AIMOVE.C,code,False,Move_AI_,1,832638,1444562,ai
95,D:\MOX\OTHERS\AIMOVE.C,code,True,Sort_npc_dests_,1,833113,1445037,ai
95,D:\MOX\OTHERS\AIMOVE.C,code,True,NPC_Dest_,1,833234,1445158,ai
95,D:\MOX\OTHERS\AIMOVE.C,code,True,Move_NPCs_,1,833752,1445676,ai
95,D:\MOX\OTHERS\AIMOVE.C,code,False,Move_All_AI_,1,834345,1446269,ai
95,D:\MOX\OTHERS\AIMOVE.C,code,True,Find_Opportunity_Attack_Aux_,1,834463,1446387,ai
95,D:\MOX\OTHERS\AIMOVE.C,code,False,Find_Opportunity_Attack_,1,834652,1446576,ai
95,D:\MOX\OTHERS\AIMOVE.C,code,False,Player_Threatens_Player_,1,834760,1446684,ai
95,D:\MOX\OTHERS\AIMOVE.C,code,False,Number_Of_Attacks_Underway_,1,835000,1446924,ai
34,D:\MOX\OTHERS\AIPOWER.C,code,False,Base_Generic_Dcv_,1,322281,934205,ai
34,D:\MOX\OTHERS\AIPOWER.C,code,False,Base_Generic_Ocv_,1,322361,934285,ai
34,D:\MOX\OTHERS\AIPOWER.C,code,False,Strength_Hits_Modifier_,1,323284,935208,ai
34,D:\MOX\OTHERS\AIPOWER.C,code,False,Phasor_Base_Strength_,1,325027,936951,ai
34,D:\MOX\OTHERS\AIPOWER.C,code,False,Fighter_Garrison_Strength_,1,325196,937120,ai
96,D:\MOX\OTHERS\AISTAGE.C,code,False,Compute_Defensive_Stage_Points_,1,835204,1447128,ai
97,D:\MOX\OTHERS\AITECH.C,code,False,Player_Best_Computer_,1,836431,1448355,ai
97,D:\MOX\OTHERS\AITECH.C,code,False,Player_Best_Fuel_,1,836475,1448399,ai
97,D:\MOX\OTHERS\AITECH.C,code,False,Player_Best_Planetary_Shield_,1,836522,1448446,ai
97,D:\MOX\OTHERS\AITECH.C,code,False,Player_Best_Drive_,1,836579,1448503,ai
97,D:\MOX\OTHERS\AITECH.C,code,False,Player_Best_Rifle_,1,836630,1448554,ai
97,D:\MOX\OTHERS\AITECH.C,code,False,Player_Best_Personal_Shield_,1,836681,1448605,ai
97,D:\MOX\OTHERS\AITECH.C,code,False,System_Proximity_Count_,1,838471,1450395,ai
97,D:\MOX\OTHERS\AITECH.C,code,False,Apply_Evolutionary_Upgrades_,1,838576,1450500,ai
29,D:\MOX\OTHERS\KEN.C,code,False,Init_NPC_Personalities_Objectives_Themes_,1,297430,909354,ai
112,D:\MOX\OTHERS\NETMOX.C,code,True,Get_Next_AI_Talker_,1,958883,1570807,ai
114,D:\MOX\OTHERS\NETTURN.C,code,True,Must_Broadcast_AI_Player_Data_,1,967321,1579245,ai
58,D:\MOX\OTHERS\OFFICER.C,code,False,Ai_Assign_Leader_To_Star_,1,560263,1172187,ai
117,D:\MOX\OTHERS\RUSS.C,code,False,Make_Player_Into_AI_,1,977952,1589876,ai
117,D:\MOX\OTHERS\RUSS.C,code,False,Make_All_AI_Game_,1,978073,1589997,ai
91,D:\MOX\OTHERS\AIBUILD.C,code,False,Mean_Ship_Strength_,1,785125,1397049,ai;fleet
92,D:\MOX\OTHERS\AIDATA.C,code,True,sort_ships_,1,799512,1411436,ai;fleet
92,D:\MOX\OTHERS\AIDATA.C,code,False,Ship_N_Turns_To_Star_With_Intermediate_,1,800831,1412755,ai;fleet
35,D:\MOX\OTHERS\AIDESIGN.C,code,False,Get_Ship_Class_,1,326279,938203,ai;fleet
35,D:\MOX\OTHERS\AIDESIGN.C,code,False,Auto_Design_Ship_,1,333477,945401,ai;fleet
93,D:\MOX\OTHERS\AIDUDES.C,code,True,Keep_Ship_Designs_Up_To_Date_,1,810222,1422146,ai;fleet
93,D:\MOX\OTHERS\AIDUDES.C,code,True,Do_Ship_Upgrade_Cheats_,1,810521,1422445,ai;fleet
94,D:\MOX\OTHERS\AILEADER.C,code,True,Assign_Fleet_Officer_,1,815066,1426990,ai;fleet
94,D:\MOX\OTHERS\AILEADER.C,code,True,Reassign_Fleet_Officer_,1,815224,1427148,ai;fleet
95,D:\MOX\OTHERS\AIMOVE.C,code,True,Move_Ships_With_Possible_Intermediate_,1,817443,1429367,ai;fleet
95,D:\MOX\OTHERS\AIMOVE.C,code,True,Ship_Rough_Strength_At_Star_,1,818515,1430439,ai;fleet
95,D:\MOX\OTHERS\AIMOVE.C,code,True,Ship_Min_Strength_Versus_Players_At_Star_,1,818996,1430920,ai;fleet
95,D:\MOX\OTHERS\AIMOVE.C,code,True,Gather_Player_Ships_At_Star_,1,824312,1436236,ai;fleet
95,D:\MOX\OTHERS\AIMOVE.C,code,True,Gather_Intercepting_Ships_,1,825816,1437740,ai;fleet
34,D:\MOX\OTHERS\AIPOWER.C,code,False,Satelite_Strength_Vs_Ships_,1,322418,934342,ai;fleet
34,D:\MOX\OTHERS\AIPOWER.C,code,False,Ship_Strength_Vs_Ships_In_Nebula_,1,323337,935261,ai;fleet
34,D:\MOX\OTHERS\AIPOWER.C,code,False,Ship_Strength_Vs_Ships_,1,323351,935275,ai;fleet
34,D:\MOX\OTHERS\AIPOWER.C,code,False,Ship_Strength_Vs_Shield_,1,323403,935327,ai;fleet
34,D:\MOX\OTHERS\AIPOWER.C,code,False,Current_Ship_Hits_,1,324291,936215,ai;fleet
34,D:\MOX\OTHERS\AIPOWER.C,code,False,Max_Ship_Hits_,1,324342,936266,ai;fleet
34,D:\MOX\OTHERS\AIPOWER.C,code,False,Ship_Strength_Vs_Planetary_Shield_,1,324473,936397,ai;fleet
34,D:\MOX\OTHERS\AIPOWER.C,code,False,Get_Best_Ship_Shield_Value_,1,325745,937669,ai;fleet
97,D:\MOX\OTHERS\AITECH.C,code,False,Player_Best_Ship_Shield_,1,836339,1448263,ai;fleet
58,D:\MOX\OTHERS\OFFICER.C,code,False,Ai_Assign_Leader_To_Ship_,1,560163,1172087,ai;fleet
119,D:\MOX\OTHERS\SHIPMOVE.C,code,False,Unmark_Just_Built_AI_Ships_,1,985128,1597052,ai;fleet
15,D:\MOX\EVENTS.C,code,False,Get_Event_Climate_Change_Colony_,1,78092,690016,colony
15,D:\MOX\EVENTS.C,code,False,Pick_Random_Colony_No_Outpost_,1,81220,693144,colony
15,D:\MOX\EVENTS.C,code,False,Pick_Random_Colony_No_Capitol_,1,81312,693236,colony
15,D:\MOX\EVENTS.C,code,False,Event_Check_Colony_Researching_,1,81406,693330,colony
15,D:\MOX\EVENTS.C,code,False,Colony_Has_Event_,1,81504,693428,colony
15,D:\MOX\EVENTS.C,code,False,Kill_All_Events_At_Colony_,1,81951,693875,colony
37,D:\MOX\OTHERS\ADVCIV.C,code,False,Advanced_Civilization_Colonies_,1,339056,950980,colony
37,D:\MOX\OTHERS\ADVCIV.C,code,True,Player_Has_Colony_At_Star_,1,340990,952914,colony
67,D:\MOX\OTHERS\COLBCACH.C,code,False,Allocate_Bldg_Cache_,1,652610,1264534,colony
67,D:\MOX\OTHERS\COLBCACH.C,code,False,Deallocate_Bldg_Cache_,1,652718,1264642,colony
67,D:\MOX\OTHERS\COLBCACH.C,code,True,Bldg_In_Cache_,1,652790,1264714,colony
67,D:\MOX\OTHERS\COLBCACH.C,code,True,Oldest_Slot_In_Bldg_Cache_,1,652878,1264802,colony
67,D:\MOX\OTHERS\COLBCACH.C,code,True,Touch_Slot_,1,652922,1264846,colony
67,D:\MOX\OTHERS\COLBCACH.C,code,False,Touch_Bldg_,1,652946,1264870,colony
67,D:\MOX\OTHERS\COLBCACH.C,code,False,Cache_Load_Bldg_,1,653020,1264944,colony
68,D:\MOX\OTHERS\COLBLDG.C,code,False,Allocate_Help_Buffer_,1,653135,1265059,colony
68,D:\MOX\OTHERS\COLBLDG.C,code,False,Is_In_Queue_,1,653878,1265802,colony
68,D:\MOX\OTHERS\COLBLDG.C,code,True,Print_Setting_Description_,1,653916,1265840,colony
68,D:\MOX\OTHERS\COLBLDG.C,code,False,Get_Setting_Description_String_,1,654009,1265933,colony
68,D:\MOX\OTHERS\COLBLDG.C,code,True,Print_App_Description_,1,654093,1266017,colony
68,D:\MOX\OTHERS\COLBLDG.C,code,False,Clear_Last_App_Description_String_,1,654273,1266197,colony
68,D:\MOX\OTHERS\COLBLDG.C,code,False,Get_App_Description_String_,1,654283,1266207,colony
68,D:\MOX\OTHERS\COLBLDG.C,code,False,Option_String_,1,654445,1266369,colony
68,D:\MOX\OTHERS\COLBLDG.C,code,True,N_Prods_In_Queue_,1,654825,1266749,colony
68,D:\MOX\OTHERS\COLBLDG.C,code,False,N_Prods_In_Colony_Queue_,1,654860,1266784,colony
68,D:\MOX\OTHERS\COLBLDG.C,code,False,N_Prods_In_Colony_Ptr_Queue_,1,654920,1266844,colony
68,D:\MOX\OTHERS\COLBLDG.C,code,True,Star_N_Uncolonized_Worlds_,1,654958,1266882,colony
68,D:\MOX\OTHERS\COLBLDG.C,code,True,qsort_building_by_name_,1,655072,1266996,colony
68,D:\MOX\OTHERS\COLBLDG.C,code,False,Calculate_Building_Array_,1,655100,1267024,colony
68,D:\MOX\OTHERS\COLBLDG.C,code,True,Build_Arrays_,1,655257,1267181,colony
68,D:\MOX\OTHERS\COLBLDG.C,code,True,Calculate_Military_Array_,1,655262,1267186,colony
68,D:\MOX\OTHERS\COLBLDG.C,code,True,Calc_Font_Off_,1,656237,1268161,colony
68,D:\MOX\OTHERS\COLBLDG.C,code,True,Get_Font_Off_For_Buildings_,1,656279,1268203,colony
68,D:\MOX\OTHERS\COLBLDG.C,code,True,Get_Font_Off_For_Military_,1,656537,1268461,colony
68,D:\MOX\OTHERS\COLBLDG.C,code,False,Add_Buildings_Fields_,1,657610,1269534,colony
68,D:\MOX\OTHERS\COLBLDG.C,code,False,Add_Militarys_Fields_,1,657740,1269664,colony
68,D:\MOX\OTHERS\COLBLDG.C,code,True,Something_Behind_Settting_,1,657870,1269794,colony
68,D:\MOX\OTHERS\COLBLDG.C,code,False,Load_Build_Anims_,1,657956,1269880,colony
68,D:\MOX\OTHERS\COLBLDG.C,code,True,Get_First_Empty_Queue_Slot_,1,661197,1273121,colony
68,D:\MOX\OTHERS\COLBLDG.C,code,False,Auto_Design_Type_,1,661232,1273156,colony
68,D:\MOX\OTHERS\COLBLDG.C,code,True,Add_To_Queue_,1,661269,1273193,colony
68,D:\MOX\OTHERS\COLBLDG.C,code,False,First_Prod_Colony_Queue_Slot_,1,662621,1274545,colony
68,D:\MOX\OTHERS\COLBLDG.C,code,False,First_Prod_Queue_Slot_,1,662871,1274795,colony
68,D:\MOX\OTHERS\COLBLDG.C,code,False,Delete_From_Colony_Queue_,1,663065,1274989,colony
68,D:\MOX\OTHERS\COLBLDG.C,code,True,Delete_From_Queue_,1,663159,1275083,colony
68,D:\MOX\OTHERS\COLBLDG.C,code,False,Delete_Prod_From_Colony_Queue_,1,663663,1275587,colony
68,D:\MOX\OTHERS\COLBLDG.C,code,False,Clear_Colony_Queue_,1,663713,1275637,colony
68,D:\MOX\OTHERS\COLBLDG.C,code,True,Defragment_Queue_,1,663741,1275665,colony
68,D:\MOX\OTHERS\COLBLDG.C,code,True,Squish_Out_Queue_Slot_,1,663888,1275812,colony
68,D:\MOX\OTHERS\COLBLDG.C,code,True,Insert_Before_Queue_Slot_,1,664333,1276257,colony
68,D:\MOX\OTHERS\COLBLDG.C,code,False,Selection_Name_,1,667642,1279566,colony
68,D:\MOX\OTHERS\COLBLDG.C,code,True,Add_Build_Queue_Fields_,1,668250,1280174,colony
69,D:\MOX\OTHERS\COLBOMB.C,code,True,Queue_Is_Empty_,1,672991,1284915,colony
69,D:\MOX\OTHERS\COLBOMB.C,code,True,Allocate_Hit_,1,673236,1285160,colony
69,D:\MOX\OTHERS\COLBOMB.C,code,True,Do_Bombs_,1,673487,1285411,colony
69,D:\MOX\OTHERS\COLBOMB.C,code,True,Add_Building_To_Queue_,1,673587,1285511,colony
69,D:\MOX\OTHERS\COLBOMB.C,code,True,Blow_Up_All_Bldgs_,1,674027,1285951,colony
102,D:\MOX\OTHERS\COLCALC.C,code,False,Load_Colcalc_Strings_,1,840957,1452881,colony
102,D:\MOX\OTHERS\COLCALC.C,code,False,Colony_Officer_,1,842226,1454150,colony
102,D:\MOX\OTHERS\COLCALC.C,code,False,Format_Quotient_,1,842294,1454218,colony
102,D:\MOX\OTHERS\COLCALC.C,code,True,Mixed_Race_Morale_Penalty_,1,842452,1454376,colony
102,D:\MOX\OTHERS\COLCALC.C,code,True,Colony_Morale_,1,842533,1454457,colony
102,D:\MOX\OTHERS\COLCALC.C,code,False,Show_Morale_,1,843515,1455439,colony
102,D:\MOX\OTHERS\COLCALC.C,code,False,Gravity_Player_Production_Factor_,1,843564,1455488,colony
102,D:\MOX\OTHERS\COLCALC.C,code,False,Colony_Empire_Base_Food2_Produced_,1,843974,1455898,colony
102,D:\MOX\OTHERS\COLCALC.C,code,True,Colony_Job_Production_,1,844416,1456340,colony
102,D:\MOX\OTHERS\COLCALC.C,code,True,Colony_Replicators_,1,849519,1461443,colony
102,D:\MOX\OTHERS\COLCALC.C,code,False,Colony_Is_Blockaded_,1,850113,1462037,colony
102,D:\MOX\OTHERS\COLCALC.C,code,True,Pass_Out_Imports_,1,850160,1462084,colony
102,D:\MOX\OTHERS\COLCALC.C,code,True,Player_Effective_Climate_,1,854601,1466525,colony
102,D:\MOX\OTHERS\COLCALC.C,code,False,Room_For_Another_Dude_,1,855195,1467119,colony
102,D:\MOX\OTHERS\COLCALC.C,code,False,Colony_N_Turns_To_Produce_,1,855972,1467896,colony
102,D:\MOX\OTHERS\COLCALC.C,code,False,Star_Has_Asteroid_Or_Gas_Giant_,1,856363,1468287,colony
102,D:\MOX\OTHERS\COLCALC.C,code,False,Delete_Obsolete_Artifical_Planets_Under_Construction_,1,856431,1468355,colony
102,D:\MOX\OTHERS\COLCALC.C,code,False,Colony_Can_Build_Product_,1,856508,1468432,colony
102,D:\MOX\OTHERS\COLCALC.C,code,False,Colony_Environmental_Stuff_,1,859373,1471297,colony
102,D:\MOX\OTHERS\COLCALC.C,code,False,Pre_Import_Computing_,1,859481,1471405,colony
102,D:\MOX\OTHERS\COLCALC.C,code,True,Colony_Specialty_,1,859679,1471603,colony
102,D:\MOX\OTHERS\COLCALC.C,code,True,Post_Import_Computing_,1,859763,1471687,colony
102,D:\MOX\OTHERS\COLCALC.C,code,True,Colony_Production_Calculation_,1,859780,1471704,colony
102,D:\MOX\OTHERS\COLCALC.C,code,False,Leader_At_Anomaly_,1,860062,1471986,colony
102,D:\MOX\OTHERS\COLCALC.C,code,True,Tribute_Received_From_,1,860103,1472027,colony
102,D:\MOX\OTHERS\COLCALC.C,code,False,Compute_Total_Building_Costs_,1,861809,1473733,colony
102,D:\MOX\OTHERS\COLCALC.C,code,False,Player_Owns_Officer_,1,861920,1473844,colony
102,D:\MOX\OTHERS\COLCALC.C,code,False,Update_Player_Stats_,1,861968,1473892,colony
102,D:\MOX\OTHERS\COLCALC.C,code,False,Colony_Calculation_,1,862832,1474756,colony
102,D:\MOX\OTHERS\COLCALC.C,code,False,Star_Colony_Calculation_,1,862897,1474821,colony
102,D:\MOX\OTHERS\COLCALC.C,code,False,All_Colony_Calculations_,1,863025,1474949,colony
102,D:\MOX\OTHERS\COLCALC.C,code,False,Do_Colony_Calculations_,1,863025,1474949,colony
102,D:\MOX\OTHERS\COLCALC.C,code,False,Do_Player_Colony_Post_Production_,1,863497,1475421,colony
102,D:\MOX\OTHERS\COLCALC.C,code,False,Do_Player_Colony_Calculations_,1,863602,1475526,colony
102,D:\MOX\OTHERS\COLCALC.C,code,True,Apply_Assimilation_,1,865366,1477290,colony
102,D:\MOX\OTHERS\COLCALC.C,code,True,Produce_Ground_Military_,1,865814,1477738,colony
102,D:\MOX\OTHERS\COLCALC.C,code,True,Housing_Is_Useless_,1,865975,1477899,colony
102,D:\MOX\OTHERS\COLCALC.C,code,True,Apply_Production_,1,866015,1477939,colony
102,D:\MOX\OTHERS\COLCALC.C,code,True,Ghost_Colony_Stuff_,1,867994,1479918,colony
102,D:\MOX\OTHERS\COLCALC.C,code,True,Apply_Colony_Changes_,1,868206,1480130,colony
102,D:\MOX\OTHERS\COLCALC.C,code,False,Apply_All_Colony_Changes_,1,868316,1480240,colony
102,D:\MOX\OTHERS\COLCALC.C,code,True,Advance_Player_Field_,1,868381,1480305,colony
102,D:\MOX\OTHERS\COLCALC.C,code,True,Ensure_Uncreative_Field_OK_,1,868495,1480419,colony
102,D:\MOX\OTHERS\COLCALC.C,code,False,Field_Is_Gray_Box_,1,868827,1480751,colony
102,D:\MOX\OTHERS\COLCALC.C,code,False,Give_Player_Field_,1,869392,1481316,colony
102,D:\MOX\OTHERS\COLCALC.C,code,True,Eliminate_Player_,1,869887,1481811,colony
102,D:\MOX\OTHERS\COLCALC.C,code,True,Do_Surrender_Colony_,1,870431,1482355,colony
102,D:\MOX\OTHERS\COLCALC.C,code,True,Do_Surrender_Star_,1,870714,1482638,colony
102,D:\MOX\OTHERS\COLCALC.C,code,False,May_Surrender_Star_,1,870921,1482845,colony
102,D:\MOX\OTHERS\COLCALC.C,code,False,Surrender_Star_,1,871091,1483015,colony
102,D:\MOX\OTHERS\COLCALC.C,code,True,Do_Surrender_Empire_,1,871263,1483187,colony
102,D:\MOX\OTHERS\COLCALC.C,code,False,May_Surrender_Empire_,1,871634,1483558,colony
102,D:\MOX\OTHERS\COLCALC.C,code,False,Surrender_Empire_,1,871686,1483610,colony
102,D:\MOX\OTHERS\COLCALC.C,code,False,Do_Surrenders_,1,871881,1483805,colony
102,D:\MOX\OTHERS\COLCALC.C,code,False,Init_Surrenders_,1,872020,1483944,colony
102,D:\MOX\OTHERS\COLCALC.C,code,False,Check_For_Eliminated_Players_,1,872115,1484039,colony
102,D:\MOX\OTHERS\COLCALC.C,code,False,Apply_All_Player_Changes_,1,872265,1484189,colony
102,D:\MOX\OTHERS\COLCALC.C,code,False,N_Living_Players_,1,872490,1484414,colony
102,D:\MOX\OTHERS\COLCALC.C,code,False,N_Living_Human_Players_,1,872542,1484466,colony
102,D:\MOX\OTHERS\COLCALC.C,code,False,Compute_Blockades_,1,872599,1484523,colony
102,D:\MOX\OTHERS\COLCALC.C,code,False,Compute_Star_Colony_Stuff_,1,873110,1485034,colony
102,D:\MOX\OTHERS\COLCALC.C,code,False,Do_Colony_Owner_Change_Star_Colony_Stuff_,1,873421,1485345,colony
102,D:\MOX\OTHERS\COLCALC.C,code,False,Rebuild_WFI_List_,1,873479,1485403,colony
102,D:\MOX\OTHERS\COLCALC.C,code,False,Compute_All_Star_Colony_Stuff_,1,873480,1485404,colony
102,D:\MOX\OTHERS\COLCALC.C,code,False,Compute_Potential_Colony_Info_,1,873520,1485444,colony
102,D:\MOX\OTHERS\COLCALC.C,code,True,Twiddle_Initial_Homeworld_,1,873918,1485842,colony
102,D:\MOX\OTHERS\COLCALC.C,code,False,First_Colony_Of_Player_,1,874448,1486372,colony
102,D:\MOX\OTHERS\COLCALC.C,code,True,Monster_At_Star_,1,874484,1486408,colony
102,D:\MOX\OTHERS\COLCALC.C,code,False,Twiddle_Initial_Homeworlds_,1,874546,1486470,colony
102,D:\MOX\OTHERS\COLCALC.C,code,False,Colony_Planetary_Shield_,1,875239,1487163,colony
102,D:\MOX\OTHERS\COLCALC.C,code,True,Sort_star_weights_,1,875480,1487404,colony
102,D:\MOX\OTHERS\COLCALC.C,code,False,Get_Surrender_System_,1,875491,1487415,colony
102,D:\MOX\OTHERS\COLCALC.C,code,False,Get_Possible_Surrender_Systems_,1,875732,1487656,colony
102,D:\MOX\OTHERS\COLCALC.C,code,False,Player_Name_,1,876008,1487932,colony
102,D:\MOX\OTHERS\COLCALC.C,code,False,Best_Leader_Diplomat_Bonus_,1,876041,1487965,colony
70,D:\MOX\OTHERS\COLDRAW.C,code,False,Calculate_Squish_Step_,1,675428,1287352,colony
70,D:\MOX\OTHERS\COLDRAW.C,code,False,Load_Road_List_Anims_,1,679870,1291794,colony
70,D:\MOX\OTHERS\COLDRAW.C,code,False,Build_Road_List_Based_On_Bldg_List_,1,680089,1292013,colony
70,D:\MOX\OTHERS\COLDRAW.C,code,False,Road_Back_To_Front_,1,680487,1292411,colony
70,D:\MOX\OTHERS\COLDRAW.C,code,False,Load_Veggie_Anims_,1,680532,1292456,colony
70,D:\MOX\OTHERS\COLDRAW.C,code,False,Link_Buildings_,1,680659,1292583,colony
70,D:\MOX\OTHERS\COLDRAW.C,code,False,Find_Simplest_Path_Node_,1,680786,1292710,colony
70,D:\MOX\OTHERS\COLDRAW.C,code,True,Veggie_Anims_,1,681432,1293356,colony
70,D:\MOX\OTHERS\COLDRAW.C,code,False,Pick_Random_Veggie_Anim_For_Colony_CR_,1,681459,1293383,colony
70,D:\MOX\OTHERS\COLDRAW.C,code,False,Pick_Random_Veggie_Anim_Entry_For_Colony_CR_,1,681543,1293467,colony
70,D:\MOX\OTHERS\COLDRAW.C,code,False,Veggie_Type_For_Colony_,1,681680,1293604,colony
70,D:\MOX\OTHERS\COLDRAW.C,code,False,N_Roads_Around_CR_,1,681956,1293880,colony
70,D:\MOX\OTHERS\COLDRAW.C,code,False,Pick_Random_Road_At_CR_,1,682059,1293983,colony
70,D:\MOX\OTHERS\COLDRAW.C,code,False,Pick_Random_Road_Around_CR_,1,682072,1293996,colony
70,D:\MOX\OTHERS\COLDRAW.C,code,False,Pick_Random_Road_At_And_Around_CR_,1,682080,1294004,colony
70,D:\MOX\OTHERS\COLDRAW.C,code,False,Build_Veggie_List_Based_On_Bldg_List_,1,682359,1294283,colony
71,D:\MOX\OTHERS\COLGCBT.C,code,False,Add_Kill_Anim_To_Queue_,1,684421,1296345,colony
71,D:\MOX\OTHERS\COLGCBT.C,code,False,Add_Hit_Anim_To_Queue_,1,684448,1296372,colony
71,D:\MOX\OTHERS\COLGCBT.C,code,True,N_Slots_Left_,1,685853,1297777,colony
71,D:\MOX\OTHERS\COLGCBT.C,code,True,Top_Line_Y_,1,685901,1297825,colony
71,D:\MOX\OTHERS\COLGCBT.C,code,True,Top_Line_X_,1,685933,1297857,colony
71,D:\MOX\OTHERS\COLGCBT.C,code,False,Set_Up_Troops_,1,685958,1297882,colony
71,D:\MOX\OTHERS\COLGCBT.C,code,True,Calc_Top_Line_,1,685990,1297914,colony
71,D:\MOX\OTHERS\COLGCBT.C,code,True,Spatter_Down_Starting_Troops_,1,686117,1298041,colony
71,D:\MOX\OTHERS\COLGCBT.C,code,False,Find_Unshot_Target_,1,686270,1298194,colony
71,D:\MOX\OTHERS\COLGCBT.C,code,False,Find_Lowest_Framed_Unit_,1,686344,1298268,colony
71,D:\MOX\OTHERS\COLGCBT.C,code,False,Verify_Legal_Totals_,1,686480,1298404,colony
71,D:\MOX\OTHERS\COLGCBT.C,code,False,Force_Firing_Pairs_,1,686610,1298534,colony
71,D:\MOX\OTHERS\COLGCBT.C,code,True,N_Left_Of_Me_To_Process_,1,686876,1298800,colony
71,D:\MOX\OTHERS\COLGCBT.C,code,True,N_Left_Active_To_Process_,1,686935,1298859,colony
71,D:\MOX\OTHERS\COLGCBT.C,code,True,Resort_Units_,1,686994,1298918,colony
71,D:\MOX\OTHERS\COLGCBT.C,code,False,Get_Firepoint_Offsets_,1,687245,1299169,colony
71,D:\MOX\OTHERS\COLGCBT.C,code,False,Get_Target_Offsets_,1,687432,1299356,colony
71,D:\MOX\OTHERS\COLGCBT.C,code,False,Pick_Target_,1,687650,1299574,colony
71,D:\MOX\OTHERS\COLGCBT.C,code,False,Do_Unit_Turn_,1,687748,1299672,colony
71,D:\MOX\OTHERS\COLGCBT.C,code,True,Action_Anim_,1,688631,1300555,colony
71,D:\MOX\OTHERS\COLGCBT.C,code,True,Pick_Next_Action_,1,688780,1300704,colony
71,D:\MOX\OTHERS\COLGCBT.C,code,True,Move_Is_Legal_,1,689133,1301057,colony
71,D:\MOX\OTHERS\COLGCBT.C,code,True,Do_Legal_Move_Check_,1,689525,1301449,colony
71,D:\MOX\OTHERS\COLGCBT.C,code,True,Do_Delta_Y_,1,689695,1301619,colony
71,D:\MOX\OTHERS\COLGCBT.C,code,False,Reinforce_Units_,1,689844,1301768,colony
71,D:\MOX\OTHERS\COLGCBT.C,code,False,Get_First_Unit_,1,689910,1301834,colony
71,D:\MOX\OTHERS\COLGCBT.C,code,True,N_Troop_Type_,1,689970,1301894,colony
71,D:\MOX\OTHERS\COLGCBT.C,code,True,Get_Next_Troop_Type_,1,690045,1301969,colony
71,D:\MOX\OTHERS\COLGCBT.C,code,True,Add_Unit_,1,690125,1302049,colony
71,D:\MOX\OTHERS\COLGCBT.C,code,True,Add_Initial_Unit_,1,690354,1302278,colony
71,D:\MOX\OTHERS\COLGCBT.C,code,True,Replace_Colgcbt_Color_With_Player_Colors_,1,691963,1303887,colony
71,D:\MOX\OTHERS\COLGCBT.C,code,False,Get_CGCBT_Beam_Len_,1,692900,1304824,colony
71,D:\MOX\OTHERS\COLGCBT.C,code,False,Play_Unit_Beam_Sound_,1,692984,1304908,colony
72,D:\MOX\OTHERS\COLLAND.C,code,True,Load_Landing_Anims_,1,693160,1305084,colony
72,D:\MOX\OTHERS\COLLAND.C,code,True,Print_Planet_Data_,1,693566,1305490,colony
73,D:\MOX\OTHERS\COLMOVE.C,code,False,Clear_Cluster_,1,694924,1306848,colony
73,D:\MOX\OTHERS\COLMOVE.C,code,False,Get_First_Unemployed_,1,694999,1306923,colony
73,D:\MOX\OTHERS\COLMOVE.C,code,False,Get_Num_Unemployed_,1,695055,1306979,colony
73,D:\MOX\OTHERS\COLMOVE.C,code,False,Get_Cluster_,1,695357,1307281,colony
73,D:\MOX\OTHERS\COLMOVE.C,code,False,Send_Cluster_,1,695956,1307880,colony
73,D:\MOX\OTHERS\COLMOVE.C,code,False,Give_Colonist_New_Job_,1,697818,1309742,colony
103,D:\MOX\OTHERS\COLONIZE.C,code,True,Make_New_Colony_Or_Outpost_,1,876211,1488135,colony
103,D:\MOX\OTHERS\COLONIZE.C,code,False,Make_New_Colony_,1,876657,1488581,colony
103,D:\MOX\OTHERS\COLONIZE.C,code,False,Make_New_Outpost_,1,876671,1488595,colony
103,D:\MOX\OTHERS\COLONIZE.C,code,False,Star_N_Uncolonized_Planets_,1,876683,1488607,colony
103,D:\MOX\OTHERS\COLONIZE.C,code,False,Star_N_Colonizable_Planets_For_Player_,1,876744,1488668,colony
103,D:\MOX\OTHERS\COLONIZE.C,code,False,Star_N_Outpostable_Planets_For_Player_,1,876850,1488774,colony
103,D:\MOX\OTHERS\COLONIZE.C,code,True,Find_Colonize_Players_,1,876912,1488836,colony
103,D:\MOX\OTHERS\COLONIZE.C,code,False,Allocate_New_Colony_Slots_,1,877812,1489736,colony
74,D:\MOX\OTHERS\COLONY.C,code,False,N_Colonies_And_Outposts_At_Star_For_Player_,1,698446,1310370,colony
74,D:\MOX\OTHERS\COLONY.C,code,False,N_Colonies_And_Outposts_At_Star_,1,698559,1310483,colony
74,D:\MOX\OTHERS\COLONY.C,code,False,N_Bldgs_,1,698733,1310657,colony
74,D:\MOX\OTHERS\COLONY.C,code,True,Defragment_Colony_Queue_,1,698789,1310713,colony
74,D:\MOX\OTHERS\COLONY.C,code,True,Squish_Out_Colony_Queue_Slot_,1,698860,1310784,colony
74,D:\MOX\OTHERS\COLONY.C,code,False,Fix_Colony_Queue_,1,698939,1310863,colony
74,D:\MOX\OTHERS\COLONY.C,code,True,Clean_Up_Colony_Queue_,1,698987,1310911,colony
74,D:\MOX\OTHERS\COLONY.C,code,False,Make_Satellite_Bitm_,1,699521,1311445,colony
74,D:\MOX\OTHERS\COLONY.C,code,False,Print_Sys_Disp_Scanned_String_,1,699808,1311732,colony
74,D:\MOX\OTHERS\COLONY.C,code,False,Reset_Field_Arrays_,1,700040,1311964,colony
74,D:\MOX\OTHERS\COLONY.C,code,False,Set_Colony_Font_,1,700158,1312082,colony
74,D:\MOX\OTHERS\COLONY.C,code,False,Set_Colony_Font_To_Player_,1,700220,1312144,colony
74,D:\MOX\OTHERS\COLONY.C,code,False,Set_Colony_Font_To_Blue_,1,700292,1312216,colony
74,D:\MOX\OTHERS\COLONY.C,code,False,Set_Colony_Font_To_Reg_Blue_,1,700361,1312285,colony
74,D:\MOX\OTHERS\COLONY.C,code,False,Set_Colony_Font_To_Red_,1,700434,1312358,colony
74,D:\MOX\OTHERS\COLONY.C,code,False,Set_Colony_Font_To_,1,700494,1312418,colony
74,D:\MOX\OTHERS\COLONY.C,code,False,Colonize_Planet_,1,700546,1312470,colony
74,D:\MOX\OTHERS\COLONY.C,code,False,Init_Colonies_,1,700611,1312535,colony
74,D:\MOX\OTHERS\COLONY.C,code,False,Job_String_,1,700656,1312580,colony
74,D:\MOX\OTHERS\COLONY.C,code,False,Conquered_String_,1,700705,1312629,colony
74,D:\MOX\OTHERS\COLONY.C,code,False,Conquered_String_Abbreviated_,1,700729,1312653,colony
74,D:\MOX\OTHERS\COLONY.C,code,False,Set_Colony_Globals_,1,700778,1312702,colony
74,D:\MOX\OTHERS\COLONY.C,code,False,Col_Calc_Wrapper_,1,700838,1312762,colony
74,D:\MOX\OTHERS\COLONY.C,code,True,Clear_Move_Military_,1,700922,1312846,colony
74,D:\MOX\OTHERS\COLONY.C,code,True,Pick_Up_Colonists_,1,700959,1312883,colony
74,D:\MOX\OTHERS\COLONY.C,code,True,Drop_Military_,1,701003,1312927,colony
74,D:\MOX\OTHERS\COLONY.C,code,False,Reset_Field_Mode_,1,701131,1313055,colony
74,D:\MOX\OTHERS\COLONY.C,code,True,Load_People_,1,701270,1313194,colony
74,D:\MOX\OTHERS\COLONY.C,code,False,Load_Global_Bitms_,1,701271,1313195,colony
74,D:\MOX\OTHERS\COLONY.C,code,False,Turn_To_Rubble_CR_Bldg_,1,701343,1313267,colony
74,D:\MOX\OTHERS\COLONY.C,code,False,CR_Building_Name_,1,701403,1313327,colony
74,D:\MOX\OTHERS\COLONY.C,code,False,Real_Building_Name_,1,701453,1313377,colony
74,D:\MOX\OTHERS\COLONY.C,code,False,Satellite_Name_,1,701453,1313377,colony
74,D:\MOX\OTHERS\COLONY.C,code,False,Race_Conquered_Anim_,1,701758,1313682,colony
74,D:\MOX\OTHERS\COLONY.C,code,False,People_Anim_,1,701773,1313697,colony
74,D:\MOX\OTHERS\COLONY.C,code,False,Military_Anims_,1,701883,1313807,colony
74,D:\MOX\OTHERS\COLONY.C,code,False,Military_Anim_,1,701915,1313839,colony
74,D:\MOX\OTHERS\COLONY.C,code,False,Troop_Anim_,1,702064,1313988,colony
74,D:\MOX\OTHERS\COLONY.C,code,False,Player_Troop_Name_,1,702101,1314025,colony
74,D:\MOX\OTHERS\COLONY.C,code,False,Player_Troop_Anim_,1,702243,1314167,colony
74,D:\MOX\OTHERS\COLONY.C,code,False,Load_Bldg_Bitm_,1,702395,1314319,colony
74,D:\MOX\OTHERS\COLONY.C,code,True,Load_Officer_Anim_,1,702685,1314609,colony
74,D:\MOX\OTHERS\COLONY.C,code,False,Load_PC_Bar_Anim_,1,702743,1314667,colony
74,D:\MOX\OTHERS\COLONY.C,code,False,Load_Road_Anim_,1,702744,1314668,colony
74,D:\MOX\OTHERS\COLONY.C,code,False,Load_Galaxy_Map_Anims_,1,702749,1314673,colony
74,D:\MOX\OTHERS\COLONY.C,code,False,Load_Local_Colony_Anims_,1,702973,1314897,colony
74,D:\MOX\OTHERS\COLONY.C,code,False,C_Anims_,1,703118,1315042,colony
74,D:\MOX\OTHERS\COLONY.C,code,True,Load_Colony_Info_Anims_,1,703369,1315293,colony
74,D:\MOX\OTHERS\COLONY.C,code,False,Load_Satellite_Anims_,1,703369,1315293,colony
74,D:\MOX\OTHERS\COLONY.C,code,False,Govt_Anim_,1,703370,1315294,colony
74,D:\MOX\OTHERS\COLONY.C,code,False,Govt_Anims_,1,703370,1315294,colony
74,D:\MOX\OTHERS\COLONY.C,code,False,Satellite_Anims_,1,703391,1315315,colony
74,D:\MOX\OTHERS\COLONY.C,code,False,Satellite_Bldg_N_TO_Satellite_Animation_Index_,1,703418,1315342,colony
74,D:\MOX\OTHERS\COLONY.C,code,False,Load_Colony_Anims_,1,703510,1315434,colony
74,D:\MOX\OTHERS\COLONY.C,code,False,Prod_Anims_,1,703558,1315482,colony
74,D:\MOX\OTHERS\COLONY.C,code,False,Import_Anims_,1,703599,1315523,colony
74,D:\MOX\OTHERS\COLONY.C,code,False,Short_Anims_,1,703627,1315551,colony
74,D:\MOX\OTHERS\COLONY.C,code,True,Clear_Satellite_Array_,1,703708,1315632,colony
74,D:\MOX\OTHERS\COLONY.C,code,True,Clear_Bldgs_Array_,1,703733,1315657,colony
74,D:\MOX\OTHERS\COLONY.C,code,False,Bldg_Array_Empty_,1,703749,1315673,colony
74,D:\MOX\OTHERS\COLONY.C,code,False,Get_Bldg_CR_,1,703799,1315723,colony
74,D:\MOX\OTHERS\COLONY.C,code,True,Sort_Bldg_Array_Columns_,1,703945,1315869,colony
74,D:\MOX\OTHERS\COLONY.C,code,True,N_Houses_In_Bldg_Array_,1,704350,1316274,colony
74,D:\MOX\OTHERS\COLONY.C,code,True,Find_Replacement_Slot_For_Building_,1,704430,1316354,colony
74,D:\MOX\OTHERS\COLONY.C,code,True,Insert_Bldg_Into_Array_,1,704606,1316530,colony
74,D:\MOX\OTHERS\COLONY.C,code,True,Sat_Should_Be_Replaced_,1,705051,1316975,colony
74,D:\MOX\OTHERS\COLONY.C,code,True,Remove_Satellite_From_Array_,1,705151,1317075,colony
74,D:\MOX\OTHERS\COLONY.C,code,True,Insert_Satellite_Into_Array_,1,705262,1317186,colony
74,D:\MOX\OTHERS\COLONY.C,code,False,Make_Bldg_Array_For_Colony_,1,705291,1317215,colony
74,D:\MOX\OTHERS\COLONY.C,code,False,CR_To_XY_,1,706008,1317932,colony
74,D:\MOX\OTHERS\COLONY.C,code,False,Get_Bldg_Box_,1,706034,1317958,colony
74,D:\MOX\OTHERS\COLONY.C,code,False,Box_To_XY_Pair_,1,706213,1318137,colony
74,D:\MOX\OTHERS\COLONY.C,code,True,XY_In_Bldg_Poly_,1,706408,1318332,colony
74,D:\MOX\OTHERS\COLONY.C,code,False,Box_All_Slots_,1,706531,1318455,colony
74,D:\MOX\OTHERS\COLONY.C,code,True,Box_Bldg_Slot_,1,706577,1318501,colony
74,D:\MOX\OTHERS\COLONY.C,code,False,Bldg_Coords_To_Effective_Frame_,1,706726,1318650,colony
74,D:\MOX\OTHERS\COLONY.C,code,True,Colony_Type_,1,706783,1318707,colony
74,D:\MOX\OTHERS\COLONY.C,code,False,Reset_Step_Squish_,1,706856,1318780,colony
74,D:\MOX\OTHERS\COLONY.C,code,False,Colony_Has_Natives_,1,706866,1318790,colony
74,D:\MOX\OTHERS\COLONY.C,code,False,Sum_Colonists_,1,706930,1318854,colony
74,D:\MOX\OTHERS\COLONY.C,code,True,Add_Job_Field_For_,1,707403,1319327,colony
74,D:\MOX\OTHERS\COLONY.C,code,True,Add_Job_Fields_,1,707645,1319569,colony
74,D:\MOX\OTHERS\COLONY.C,code,True,Add_Move_Colonist_Job_Field_For_,1,707693,1319617,colony
74,D:\MOX\OTHERS\COLONY.C,code,True,Do_Colony_Info_Military_Stuff_For_,1,708258,1320182,colony
74,D:\MOX\OTHERS\COLONY.C,code,True,Add_Military_Field_For_,1,709166,1321090,colony
74,D:\MOX\OTHERS\COLONY.C,code,True,Add_Military_Fields_,1,709174,1321098,colony
74,D:\MOX\OTHERS\COLONY.C,code,True,Print_Scanned_Satellite_,1,710407,1322331,colony
74,D:\MOX\OTHERS\COLONY.C,code,True,Print_Scanned_String_,1,710439,1322363,colony
74,D:\MOX\OTHERS\COLONY.C,code,True,Print_Scanned_Military_,1,710544,1322468,colony
74,D:\MOX\OTHERS\COLONY.C,code,False,Actual_Build_Time_,1,710902,1322826,colony
74,D:\MOX\OTHERS\COLONY.C,code,False,Total_Build_Time_,1,710983,1322907,colony
74,D:\MOX\OTHERS\COLONY.C,code,False,Calculate_Colony_Turn_Count_From_Scrap_For_Prod_,1,711609,1323533,colony
74,D:\MOX\OTHERS\COLONY.C,code,False,Calculate_Colony_Turn_Count_With_Accumulation_For_Prod_,1,711704,1323628,colony
74,D:\MOX\OTHERS\COLONY.C,code,False,Calculate_Current_Production_Turn_Count_,1,711827,1323751,colony
74,D:\MOX\OTHERS\COLONY.C,code,True,Add_Satellite_Fields_,1,712633,1324557,colony
74,D:\MOX\OTHERS\COLONY.C,code,True,Check_Satellite_Fields_,1,712860,1324784,colony
74,D:\MOX\OTHERS\COLONY.C,code,False,Satellite_Anim_,1,713478,1325402,colony
74,D:\MOX\OTHERS\COLONY.C,code,True,Add_Bldg_Fields_,1,713802,1325726,colony
74,D:\MOX\OTHERS\COLONY.C,code,True,Scan_Bldg_CR_,1,713992,1325916,colony
74,D:\MOX\OTHERS\COLONY.C,code,True,Check_Bldg_Fields_,1,714032,1325956,colony
74,D:\MOX\OTHERS\COLONY.C,code,False,Bldg_Back_To_Front_,1,715694,1327618,colony
74,D:\MOX\OTHERS\COLONY.C,code,True,Box_Galaxy_Map_Star_,1,716621,1328545,colony
74,D:\MOX\OTHERS\COLONY.C,code,True,Add_Stacking_Fields_,1,717721,1329645,colony
74,D:\MOX\OTHERS\COLONY.C,code,False,Clear_Sys_Disp_Fields_,1,718080,1330004,colony
74,D:\MOX\OTHERS\COLONY.C,code,False,Clear_Galaxy_Map_Fields_,1,718127,1330051,colony
74,D:\MOX\OTHERS\COLONY.C,code,False,Update_Colony_Palette_,1,718170,1330094,colony
74,D:\MOX\OTHERS\COLONY.C,code,True,Check_Job_Fields_,1,718375,1330299,colony
74,D:\MOX\OTHERS\COLONY.C,code,True,Check_Military_Fields_,1,718636,1330560,colony
74,D:\MOX\OTHERS\COLONY.C,code,True,Check_System_Display_Fields_,1,718850,1330774,colony
74,D:\MOX\OTHERS\COLONY.C,code,False,Tested_Colony_Buys_Outright_,1,719883,1331807,colony
74,D:\MOX\OTHERS\COLONY.C,code,False,Get_Next_Colony_,1,721404,1333328,colony
74,D:\MOX\OTHERS\COLONY.C,code,False,Allocate_Mini_Planet_Cache_,1,722313,1334237,colony
74,D:\MOX\OTHERS\COLONY.C,code,False,Allocate_Planet_Cache_,1,722313,1334237,colony
74,D:\MOX\OTHERS\COLONY.C,code,False,Cache_Load_Planet_,1,723301,1335225,colony
74,D:\MOX\OTHERS\COLONY.C,code,False,Picture_And_Pointer_To_Mouse_,1,723322,1335246,colony
74,D:\MOX\OTHERS\COLONY.C,code,False,Picture_To_Mouse_,1,723551,1335475,colony
74,D:\MOX\OTHERS\COLONY.C,code,False,Clear_Mouse_Picture_,1,723644,1335568,colony
74,D:\MOX\OTHERS\COLONY.C,code,False,Reset_Mouse_Picture_,1,723700,1335624,colony
74,D:\MOX\OTHERS\COLONY.C,code,True,Do_Cheats_,1,723847,1335771,colony
74,D:\MOX\OTHERS\COLONY.C,code,False,Colony_GI_Fill_,1,724387,1336311,colony
74,D:\MOX\OTHERS\COLONY.C,code,True,Mini_Planet_Anim_,1,724412,1336336,colony
75,D:\MOX\OTHERS\COLREFIT.C,code,True,Update2_Fields_,1,727505,1339429,colony
75,D:\MOX\OTHERS\COLREFIT.C,code,True,Add2_Fields_,1,727510,1339434,colony
75,D:\MOX\OTHERS\COLREFIT.C,code,True,Evaluate2_Input_,1,728692,1340616,colony
76,D:\MOX\OTHERS\COLSUM.C,code,False,Load_Colsum_Strings_,1,729689,1341613,colony
76,D:\MOX\OTHERS\COLSUM.C,code,False,Clear_First_,1,730250,1342174,colony
76,D:\MOX\OTHERS\COLSUM.C,code,False,Load_Col_Sum_Anims_,1,730314,1342238,colony
76,D:\MOX\OTHERS\COLSUM.C,code,True,Restore_Control_,1,730370,1342294,colony
76,D:\MOX\OTHERS\COLSUM.C,code,False,Update_First_,1,730757,1342681,colony
76,D:\MOX\OTHERS\COLSUM.C,code,False,Event_Good_,1,733449,1345373,colony
76,D:\MOX\OTHERS\COLSUM.C,code,True,cmp_,1,734429,1346353,colony
76,D:\MOX\OTHERS\COLSUM.C,code,True,cmp_Alpha_,1,734451,1346375,colony
76,D:\MOX\OTHERS\COLSUM.C,code,True,Prod_To_Sort_Type_,1,734549,1346473,colony
76,D:\MOX\OTHERS\COLSUM.C,code,True,cmp_Prod_,1,734740,1346664,colony
76,D:\MOX\OTHERS\COLSUM.C,code,True,cmp_Science_,1,735171,1347095,colony
76,D:\MOX\OTHERS\COLSUM.C,code,True,Switched_cmp_,1,735339,1347263,colony
76,D:\MOX\OTHERS\COLSUM.C,code,True,Sort_Col_List_,1,735559,1347483,colony
76,D:\MOX\OTHERS\COLSUM.C,code,True,Update_Col_List_,1,735638,1347562,colony
76,D:\MOX\OTHERS\COLSUM.C,code,True,Colsum_Connect_Galaxy_Map_Stars_,1,735751,1347675,colony
76,D:\MOX\OTHERS\COLSUM.C,code,True,Colsum_Box_Galaxy_Map_Star_,1,735898,1347822,colony
76,D:\MOX\OTHERS\COLSUM.C,code,True,Evaluate_Col_List_Input_,1,737072,1348996,colony
76,D:\MOX\OTHERS\COLSUM.C,code,False,Increment_First_,1,737972,1349896,colony
76,D:\MOX\OTHERS\COLSUM.C,code,False,Decrement_First_,1,738050,1349974,colony
76,D:\MOX\OTHERS\COLSUM.C,code,True,Evaluate_Input_,1,738115,1350039,colony
76,D:\MOX\OTHERS\COLSUM.C,code,False,Check_Galaxy_Map_Fields_,1,739265,1351189,colony
76,D:\MOX\OTHERS\COLSUM.C,code,True,Pick_Best_Planet_To_Goto_At_Star_,1,739567,1351491,colony
77,D:\MOX\OTHERS\COLSYSDI.C,code,False,Planet_Anims_,1,739754,1351678,colony
77,D:\MOX\OTHERS\COLSYSDI.C,code,False,Load_Col_Sys_Disp_,1,739784,1351708,colony
77,D:\MOX\OTHERS\COLSYSDI.C,code,False,Planet_Summary_String_,1,740248,1352172,colony
77,D:\MOX\OTHERS\COLSYSDI.C,code,False,Add_Col_Sys_Disp_Fields_,1,741073,1352997,colony
78,D:\MOX\OTHERS\COLXPORT.C,code,False,Load_Xport_Anims_,1,742134,1354058,colony
78,D:\MOX\OTHERS\COLXPORT.C,code,True,Clear_List_Col_Array_,1,742320,1354244,colony
78,D:\MOX\OTHERS\COLXPORT.C,code,False,Cheezy_Col_Count_Hack_,1,742623,1354547,colony
78,D:\MOX\OTHERS\COLXPORT.C,code,False,N_Colonies_And_Outposts_,1,742674,1354598,colony
78,D:\MOX\OTHERS\COLXPORT.C,code,False,N_Colonies_,1,742752,1354676,colony
78,D:\MOX\OTHERS\COLXPORT.C,code,False,Build_Global_Colony_List_,1,743633,1355557,colony
41,D:\MOX\OTHERS\DESIGN.C,code,False,Clear_Design_For_Colony_Builds_,1,373570,985494,colony
41,D:\MOX\OTHERS\DESIGN.C,code,False,Get_Colony_Handle_,1,378993,990917,colony
79,D:\MOX\OTHERS\ERIC.C,code,False,Force_Fade_To_Colony_Palette_,1,744575,1356499,colony
79,D:\MOX\OTHERS\ERIC.C,code,False,Fast_Fade_Out_Needed_For_Colony_Palette_,1,744581,1356505,colony
79,D:\MOX\OTHERS\ERIC.C,code,False,Pick_Random_Colony_,1,745308,1357232,colony
79,D:\MOX\OTHERS\ERIC.C,code,False,Player_Can_Mind_Control_Colony_With_Help_,1,745787,1357711,colony
79,D:\MOX\OTHERS\ERIC.C,code,False,Player_Can_Mind_Control_Colony_,1,746026,1357950,colony
86,D:\MOX\OTHERS\ERICHELP.C,code,False,Set_New_Colony_Confirmation_Box_Help_List_,1,777177,1389101,colony
47,D:\MOX\OTHERS\HACCESS.C,code,False,Colony_Player_Color_,1,424991,1036915,colony
47,D:\MOX\OTHERS\HACCESS.C,code,False,Colony_Player_Palette_Color_,1,425014,1036938,colony
47,D:\MOX\OTHERS\HACCESS.C,code,False,Last_Colony_Selected_,1,426398,1038322,colony
47,D:\MOX\OTHERS\HACCESS.C,code,False,N_Colonies_At_Star_,1,426602,1038526,colony
47,D:\MOX\OTHERS\HACCESS.C,code,False,Set_All_Colony_Auto_Select_Flags_,1,427271,1039195,colony
47,D:\MOX\OTHERS\HACCESS.C,code,False,Set_Colony_Auto_Select_For_Star_,1,427563,1039487,colony
47,D:\MOX\OTHERS\HACCESS.C,code,False,Set_Last_Colony_Selected_,1,427753,1039677,colony
47,D:\MOX\OTHERS\HACCESS.C,code,False,Player_Has_Colony_In_System_,1,429425,1041349,colony
48,D:\MOX\OTHERS\HAROLD.C,code,False,Contact_With_One_Colony_,1,429899,1041823,colony
48,D:\MOX\OTHERS\HAROLD.C,code,False,Enemy_Has_Colony_At_Star_,1,430135,1042059,colony
48,D:\MOX\OTHERS\HAROLD.C,code,False,Has_Colony_,1,431726,1043650,colony
48,D:\MOX\OTHERS\HAROLD.C,code,False,Is_Colony_Star_,1,432250,1044174,colony
48,D:\MOX\OTHERS\HAROLD.C,code,False,N_Colony_Owners_,1,432505,1044429,colony
48,D:\MOX\OTHERS\HAROLD.C,code,False,Colony_Owners_,1,432631,1044555,colony
48,D:\MOX\OTHERS\HAROLD.C,code,False,Player_Has_Colony_,1,433436,1045360,colony
48,D:\MOX\OTHERS\HAROLD.C,code,False,Star_Id_From_Colony_Id_,1,434393,1046317,colony
107,D:\MOX\OTHERS\INVASION.C,code,True,Compute_Colony_Officer_Bonus_,1,901807,1513731,colony
107,D:\MOX\OTHERS\INVASION.C,code,True,Colony_N_Militia_,1,902686,1514610,colony
107,D:\MOX\OTHERS\INVASION.C,code,False,Change_Colony_Ownership_,1,905025,1516949,colony
107,D:\MOX\OTHERS\INVASION.C,code,False,Colony_Infantry_Limit_,1,906653,1518577,colony
107,D:\MOX\OTHERS\INVASION.C,code,False,Colony_Infantry_Barracks_Limit_,1,906727,1518651,colony
107,D:\MOX\OTHERS\INVASION.C,code,False,Colony_Tank_Limit_,1,906781,1518705,colony
107,D:\MOX\OTHERS\INVASION.C,code,False,Colony_Tank_Barracks_Limit_,1,906868,1518792,colony
83,D:\MOX\OTHERS\MAINPUPS.C,code,False,Player_Has_Colony_Or_Outpost_At_Star_,1,749247,1361171,colony
83,D:\MOX\OTHERS\MAINPUPS.C,code,True,New_Colony_Confirmation_Box_,1,761796,1373720,colony
83,D:\MOX\OTHERS\MAINPUPS.C,code,False,Build_Generic_Planet_Or_Colony_Description_String_Formatted_,1,762221,1374145,colony
83,D:\MOX\OTHERS\MAINPUPS.C,code,True,Get_Colony_Best_Shield_Bldg_,1,763454,1375378,colony
110,D:\MOX\OTHERS\MSG.C,code,False,Goto_Msg_Colony_,1,915184,1527108,colony
58,D:\MOX\OTHERS\OFFICER.C,code,True,Check_For_Colony_Calculation_Update_,1,536458,1148382,colony
58,D:\MOX\OTHERS\OFFICER.C,code,True,Save_Officers_Original_Colony_Id_,1,552509,1164433,colony
59,D:\MOX\OTHERS\PLNTSUM.C,code,True,Set_Auto_Colonize_Flag_,1,562466,1174390,colony
59,D:\MOX\OTHERS\PLNTSUM.C,code,True,Colony_Owner_Colors_,1,565323,1177247,colony
59,D:\MOX\OTHERS\PLNTSUM.C,code,True,Get_Colony_Outpost_Marker_XY_,1,566513,1178437,colony
59,D:\MOX\OTHERS\PLNTSUM.C,code,True,Planet_Has_Players_Colony_,1,567800,1179724,colony
59,D:\MOX\OTHERS\PLNTSUM.C,code,True,Planet_In_Range_Of_A_Colony_,1,568001,1179925,colony
59,D:\MOX\OTHERS\PLNTSUM.C,code,True,Print_Colony_Outpost_Marker_,1,568441,1180365,colony
116,D:\MOX\OTHERS\REPORT.C,code,False,Player_Colony_Base_At_Star_,1,973375,1585299,colony
116,D:\MOX\OTHERS\REPORT.C,code,True,Colonization_,1,973569,1585493,colony
116,D:\MOX\OTHERS\REPORT.C,code,True,Empty_Colony_Queue_,1,974739,1586663,colony
118,D:\MOX\OTHERS\SETTLER.C,code,True,Add_Settler_To_Colony_,1,978965,1590889,colony
7,L:\MOX\ERICNET.C,code,False,Init_Homeworld_Colony_,1,16295,628219,colony
7,L:\MOX\ERICNET.C,code,False,Init_Non_Homeworld_Colony_,1,16312,628236,colony
4,L:\MOX\INITGAME.C,code,True,Set_Initial_Colony_Auto_Selects_,1,9166,621090,colony
4,L:\MOX\INITGAME.C,code,True,Init_Colonies_Array_,1,9242,621166,colony
4,L:\MOX\INITGAME.C,code,False,Init_Colony_,1,11637,623561,colony
91,D:\MOX\OTHERS\AIBUILD.C,code,False,Colony_Is_Conquered_,1,786178,1398102,colony;ai
91,D:\MOX\OTHERS\AIBUILD.C,code,True,Colony_Building_Score_,1,786486,1398410,colony;ai
91,D:\MOX\OTHERS\AIBUILD.C,code,False,Assign_Colony_New_Building_,1,789256,1401180,colony;ai
91,D:\MOX\OTHERS\AIBUILD.C,code,False,Assign_Colony_Building_,1,796500,1408424,colony;ai
91,D:\MOX\OTHERS\AIBUILD.C,code,False,Player_Colony_Autobuild_,1,796547,1408471,colony;ai
92,D:\MOX\OTHERS\AIDATA.C,code,True,Colony_Dominant_Player_,1,797192,1409116,colony;ai
92,D:\MOX\OTHERS\AIDATA.C,code,False,Colony_Worth_To_Player_,1,797870,1409794,colony;ai
93,D:\MOX\OTHERS\AIDUDES.C,code,True,Sort_Colonies_Blockaded_,1,808801,1420725,colony;ai
93,D:\MOX\OTHERS\AIDUDES.C,code,True,Collect_AI_Colonies_,1,808853,1420777,colony;ai
93,D:\MOX\OTHERS\AIDUDES.C,code,True,Do_Blockaded_Colony_,1,811495,1423419,colony;ai
93,D:\MOX\OTHERS\AIDUDES.C,code,True,Do_Unblockaded_Colony_,1,812332,1424256,colony;ai
93,D:\MOX\OTHERS\AIDUDES.C,code,False,Colony_AI_,1,814804,1426728,colony;ai
93,D:\MOX\OTHERS\AIDUDES.C,code,False,All_Colony_AI_,1,814951,1426875,colony;ai
95,D:\MOX\OTHERS\AIMOVE.C,code,False,Enemy_Colony_Worth_To_Player_,1,822545,1434469,colony;ai
34,D:\MOX\OTHERS\AIPOWER.C,code,False,Colony_Ground_Strength_Vs_Player_,1,325447,937371,colony;ai
34,D:\MOX\OTHERS\AIPOWER.C,code,False,Colony_Space_Strength_Vs_Player_,1,325636,937560,colony;ai
103,D:\MOX\OTHERS\COLONIZE.C,code,False,AI_Colonize_,1,878072,1489996,colony;ai
103,D:\MOX\OTHERS\COLONIZE.C,code,False,All_AI_Colonize_,1,878582,1490506,colony;ai
91,D:\MOX\OTHERS\AIBUILD.C,code,True,Compute_Colony_Ship_Need_,1,783272,1395196,colony;ai;fleet
95,D:\MOX\OTHERS\AIMOVE.C,code,True,Get_Best_Unescorted_Colony_Ship_,1,817992,1429916,colony;ai;fleet
95,D:\MOX\OTHERS\AIMOVE.C,code,True,Get_Best_Escorted_Colony_Ship_,1,819191,1431115,colony;ai;fleet
95,D:\MOX\OTHERS\AIMOVE.C,code,True,I_Soonest_Enemy_Colony_Ship_,1,821179,1433103,colony;ai;fleet
95,D:\MOX\OTHERS\AIMOVE.C,code,True,Assign_New_Colony_Ship_Destinations_,1,821615,1433539,colony;ai;fleet
100,D:\MOX\OTHERS\BOMB.C,code,False,Handle_Leader_At_Lost_Colony_,1,838860,1450784,colony;combat
100,D:\MOX\OTHERS\BOMB.C,code,False,Destroy_Colony_,1,839084,1451008,colony;combat
21,D:\MOX\OTHERS\CMBTFIRE.C,code,False,Destroy_Colony_Defense_,1,172446,784370,colony;combat
68,D:\MOX\OTHERS\COLBLDG.C,code,False,Build_Weapon_String_,1,658350,1270274,colony;combat
69,D:\MOX\OTHERS\COLBOMB.C,code,True,Load_Bombing_Anims_,1,672602,1284526,colony;combat
69,D:\MOX\OTHERS\COLBOMB.C,code,True,Squeze_Out_Bomb_,1,672643,1284567,colony;combat
69,D:\MOX\OTHERS\COLBOMB.C,code,True,Add_Bomb_To_End_Of_Queue_,1,672678,1284602,colony;combat
69,D:\MOX\OTHERS\COLBOMB.C,code,True,Replace_With_New_Bomb_,1,673003,1284927,colony;combat
69,D:\MOX\OTHERS\COLBOMB.C,code,True,Decrement_Bomb_Counters_,1,673059,1284983,colony;combat
69,D:\MOX\OTHERS\COLBOMB.C,code,True,Do_Bomb_,1,673286,1285210,colony;combat
71,D:\MOX\OTHERS\COLGCBT.C,code,True,Load_Combat_Anims_,1,683345,1295269,colony;combat
24,D:\MOX\OTHERS\COMBAT.C,code,False,Get_Colony_Hits_,1,205681,817605,colony;combat
24,D:\MOX\OTHERS\COMBAT.C,code,False,Resolve_Strat_Colony_Damage_,1,205814,817738,colony;combat
104,D:\MOX\OTHERS\COMBFIND.C,code,False,Target_Colony_To_Planet_,1,879070,1490994,colony;combat
104,D:\MOX\OTHERS\COMBFIND.C,code,False,Target_Planet_To_Colony_,1,879095,1491019,colony;combat
104,D:\MOX\OTHERS\COMBFIND.C,code,False,Closest_Other_Colony_Star_,1,879565,1491489,colony;combat
104,D:\MOX\OTHERS\COMBFIND.C,code,True,Get_Best_Colony_Target_,1,882855,1494779,colony;combat
104,D:\MOX\OTHERS\COMBFIND.C,code,True,Do_Attacker_Beat_Colony_Stuff_,1,886738,1498662,colony;combat
104,D:\MOX\OTHERS\COMBFIND.C,code,True,Planet_Has_Splinter_Colony_,1,890985,1502909,colony;combat
104,D:\MOX\OTHERS\COMBFIND.C,code,False,Free_Colony_Slot_,1,891067,1502991,colony;combat
26,D:\MOX\OTHERS\COMBINIT.C,code,False,Colony_Has_Defenses_,1,227491,839415,colony;combat
26,D:\MOX\OTHERS\COMBINIT.C,code,False,Load_Colony_Defense_,1,240105,852029,colony;combat
26,D:\MOX\OTHERS\COMBINIT.C,code,False,Load_Tactical_Colony_,1,240182,852106,colony;combat
26,D:\MOX\OTHERS\COMBINIT.C,code,False,Load_Combat_Colony_Picture_,1,241690,853614,colony;combat
107,D:\MOX\OTHERS\INVASION.C,code,False,Compute_Colony_Ground_Combat_Info_,1,907027,1518951,colony;combat
83,D:\MOX\OTHERS\MAINPUPS.C,code,True,Update_Colony_Combat_Fields_,1,765344,1377268,colony;combat
83,D:\MOX\OTHERS\MAINPUPS.C,code,True,Add_Colony_Combat_Fields_,1,765384,1377308,colony;combat
83,D:\MOX\OTHERS\MAINPUPS.C,code,True,Evaluate_Colony_Combat_Input_,1,768140,1380064,colony;combat
69,D:\MOX\OTHERS\COLBOMB.C,code,True,Draw_Colony_Bombing_Screen_,1,673792,1285716,colony;combat;ui
69,D:\MOX\OTHERS\COLBOMB.C,code,False,Colony_Bombing_Screen_,1,675074,1286998,colony;combat;ui
71,D:\MOX\OTHERS\COLGCBT.C,code,True,Draw_Colony_Combat_Screen_,1,684681,1296605,colony;combat;ui
71,D:\MOX\OTHERS\COLGCBT.C,code,False,Colony_Combat_Screen_,1,685201,1297125,colony;combat;ui
71,D:\MOX\OTHERS\COLGCBT.C,code,False,Set_Ground_Combat_Screen_Help_List_,1,693097,1305021,colony;combat;ui
86,D:\MOX\OTHERS\ERICHELP.C,code,False,Set_Combat_Colony_Selection_Popup_Help_List_,1,777282,1389206,colony;combat;ui
83,D:\MOX\OTHERS\MAINPUPS.C,code,False,Colony_Bombing_Popup_,1,764705,1376629,colony;combat;ui
83,D:\MOX\OTHERS\MAINPUPS.C,code,False,Load_Combat_Colony_Picture_To_Screen_Seg_,1,764799,1376723,colony;combat;ui
83,D:\MOX\OTHERS\MAINPUPS.C,code,True,Load_Colony_Combat_Popup_,1,764952,1376876,colony;combat;ui
83,D:\MOX\OTHERS\MAINPUPS.C,code,True,Draw_Colony_Combat_Popup_,1,766524,1378448,colony;combat;ui
83,D:\MOX\OTHERS\MAINPUPS.C,code,False,Colony_Combat_Popup_,1,768720,1380644,colony;combat;ui
74,D:\MOX\OTHERS\COLONY.C,code,False,Spy_Anim_,1,701314,1313238,colony;diplomacy
15,D:\MOX\EVENTS.C,code,False,Find_Nearest_Player_Colony_to_Ship_,1,80264,692188,colony;fleet
15,D:\MOX\EVENTS.C,code,False,Colony_To_Ship_Dist2_,1,80360,692284,colony;fleet
68,D:\MOX\OTHERS\COLBLDG.C,code,True,Colbldg_Create_Ship_,1,653167,1265091,colony;fleet
68,D:\MOX\OTHERS\COLBLDG.C,code,False,Create_Ship_,1,653236,1265160,colony;fleet
68,D:\MOX\OTHERS\COLBLDG.C,code,True,Colbldg_Scrap_Ship_,1,653803,1265727,colony;fleet
68,D:\MOX\OTHERS\COLBLDG.C,code,True,Delete_Ship_,1,653804,1265728,colony;fleet
68,D:\MOX\OTHERS\COLBLDG.C,code,False,Ship_N_Anim_,1,653832,1265756,colony;fleet
68,D:\MOX\OTHERS\COLBLDG.C,code,False,Build_Ship_Design_Info_Formatted_Paragraph_,1,658678,1270602,colony;fleet
68,D:\MOX\OTHERS\COLBLDG.C,code,True,Add_Refited_Ship_To_Queue_,1,663952,1275876,colony;fleet
68,D:\MOX\OTHERS\COLBLDG.C,code,False,Remove_Ships_,1,664570,1276494,colony;fleet
102,D:\MOX\OTHERS\COLCALC.C,code,False,Show_Command_Points_,1,861764,1473688,colony;fleet
102,D:\MOX\OTHERS\COLCALC.C,code,False,Colony_Can_Build_Large_Ships_,1,873077,1485001,colony;fleet
74,D:\MOX\OTHERS\COLONY.C,code,False,Load_Ship_Bitm_,1,702427,1314351,colony;fleet
75,D:\MOX\OTHERS\COLREFIT.C,code,False,Load_Refit_Ship_Anims_,1,724692,1336616,colony;fleet
75,D:\MOX\OTHERS\COLREFIT.C,code,True,Update_First_Ship_,1,724798,1336722,colony;fleet
75,D:\MOX\OTHERS\COLREFIT.C,code,True,Add_Ship_List_Fields_,1,725513,1337437,colony;fleet
75,D:\MOX\OTHERS\COLREFIT.C,code,True,Build_Ship_List_,1,725675,1337599,colony;fleet
75,D:\MOX\OTHERS\COLREFIT.C,code,True,Scan_Ship_Info_,1,726078,1338002,colony;fleet
75,D:\MOX\OTHERS\COLREFIT.C,code,False,Star_Has_Ship_,1,726236,1338160,colony;fleet
75,D:\MOX\OTHERS\COLREFIT.C,code,False,Load_Refit2_Ship_Anims_,1,727482,1339406,colony;fleet
75,D:\MOX\OTHERS\COLREFIT.C,code,True,Scan_Ship_D_Info_,1,727855,1339779,colony;fleet
47,D:\MOX\OTHERS\HACCESS.C,code,False,Enemy_Ship_Going_To_My_Colony_,1,425709,1037633,colony;fleet
28,D:\MOX\OTHERS\INITSHIP.C,code,False,Load_Colony_Ship_Design_,1,287949,899873,colony;fleet
28,D:\MOX\OTHERS\INITSHIP.C,code,False,Repair_Ships_At_Colonies_,1,295157,907081,colony;fleet
109,D:\MOX\OTHERS\MAINTAIN.C,code,True,Ship_Is_At_Colony_,1,908659,1520583,colony;fleet
59,D:\MOX\OTHERS\PLNTSUM.C,code,False,Colony_Ship_Auto_Colonization_,1,562477,1174401,colony;fleet
59,D:\MOX\OTHERS\PLNTSUM.C,code,True,Add_Colony_Ship_Icon_Field_,1,562495,1174419,colony;fleet
59,D:\MOX\OTHERS\PLNTSUM.C,code,True,Check_For_Colony_And_Outpost_Ships_,1,564743,1176667,colony;fleet
59,D:\MOX\OTHERS\PLNTSUM.C,code,True,Set_Colony_Ship_To_Star_Distances_,1,571377,1183301,colony;fleet
59,D:\MOX\OTHERS\PLNTSUM.C,code,True,Summary_Found_Colony_Ship_,1,573141,1185065,colony;fleet
62,D:\MOX\OTHERS\SHIPS.C,code,False,Enemy_Ship_Heading_Toward_Our_Colony_,1,594753,1206677,colony;fleet
62,D:\MOX\OTHERS\SHIPS.C,code,False,Clear_Auto_Colonization_Flag_,1,596980,1208904,colony;fleet
62,D:\MOX\OTHERS\SHIPS.C,code,False,Clear_All_Ships_Auto_Colonization_Flag_,1,597005,1208929,colony;fleet
68,D:\MOX\OTHERS\COLBLDG.C,code,True,Draw_Ship_Design_Info2_,1,660042,1271966,colony;fleet;ui
68,D:\MOX\OTHERS\COLBLDG.C,code,False,Draw_Ship_Design_Info_,1,660140,1272064,colony;fleet;ui
68,D:\MOX\OTHERS\COLBLDG.C,code,False,Draw_Ship_Info_,1,660384,1272308,colony;fleet;ui
74,D:\MOX\OTHERS\COLONY.C,code,False,Remap_Draw_Ship_Centered_,1,699077,1311001,colony;fleet;ui
74,D:\MOX\OTHERS\COLONY.C,code,False,Remap_Draw_Ship_Seg_N_Centered_,1,699300,1311224,colony;fleet;ui
74,D:\MOX\OTHERS\COLONY.C,code,False,Remap_Draw_Ship_D_Centered_,1,699468,1311392,colony;fleet;ui
74,D:\MOX\OTHERS\COLONY.C,code,True,Draw_Current_Ship_,1,711545,1323469,colony;fleet;ui
75,D:\MOX\OTHERS\COLREFIT.C,code,True,Draw_Ship_List_,1,726169,1338093,colony;fleet;ui
75,D:\MOX\OTHERS\COLREFIT.C,code,True,Draw_Ship_D_List_,1,727912,1339836,colony;fleet;ui
43,D:\MOX\OTHERS\FLEETPOP.C,code,True,Check_For_Colonization_Button_,1,393868,1005792,colony;fleet;ui
43,D:\MOX\OTHERS\FLEETPOP.C,code,True,Set_Colonize_Button_Flag_,1,401205,1013129,colony;fleet;ui
59,D:\MOX\OTHERS\PLNTSUM.C,code,True,Draw_Colony_Ship_Icon_,1,576052,1187976,colony;fleet;ui
68,D:\MOX\OTHERS\COLBLDG.C,code,False,Draw_Buildings_List_,1,656637,1268561,colony;ui
68,D:\MOX\OTHERS\COLBLDG.C,code,False,Draw_Militarys_List_,1,656995,1268919,colony;ui
68,D:\MOX\OTHERS\COLBLDG.C,code,True,Draw_Building_Centered_In_Window_,1,658076,1270000,colony;ui
68,D:\MOX\OTHERS\COLBLDG.C,code,False,Draw_Building_Info_,1,658147,1270071,colony;ui
68,D:\MOX\OTHERS\COLBLDG.C,code,False,Draw_Active_Prod_,1,660568,1272492,colony;ui
68,D:\MOX\OTHERS\COLBLDG.C,code,False,Do_Exit_Screen_Cleanup_,1,664833,1276757,colony;ui
68,D:\MOX\OTHERS\COLBLDG.C,code,True,Draw_Build_Queue_,1,667759,1279683,colony;ui
68,D:\MOX\OTHERS\COLBLDG.C,code,True,Draw_Centered_In_Window_,1,668340,1280264,colony;ui
68,D:\MOX\OTHERS\COLBLDG.C,code,True,Print_Centered_In_Window_,1,668362,1280286,colony;ui
68,D:\MOX\OTHERS\COLBLDG.C,code,False,Draw_Current_Selection_,1,668456,1280380,colony;ui
68,D:\MOX\OTHERS\COLBLDG.C,code,False,Draw_Build_Queue_Popup_,1,670967,1282891,colony;ui
68,D:\MOX\OTHERS\COLBLDG.C,code,False,Build_Queue_Popup_,1,671809,1283733,colony;ui
69,D:\MOX\OTHERS\COLBOMB.C,code,True,Do_Summary_String_Popup_,1,674123,1286047,colony;ui
70,D:\MOX\OTHERS\COLDRAW.C,code,False,Draw_Cluster_Update_Function_,1,675329,1287253,colony;ui
70,D:\MOX\OTHERS\COLDRAW.C,code,False,Draw_Info_Morale_,1,676790,1288714,colony;ui
70,D:\MOX\OTHERS\COLDRAW.C,code,False,Draw_Info_Wee_Morale_,1,676808,1288732,colony;ui
70,D:\MOX\OTHERS\COLDRAW.C,code,False,Draw_Info_Morale_Both_,1,676812,1288736,colony;ui
70,D:\MOX\OTHERS\COLDRAW.C,code,False,Draw_Colony_Prod_,1,677283,1289207,colony;ui
70,D:\MOX\OTHERS\COLDRAW.C,code,False,Draw_Colony_Wee_Prod_,1,677319,1289243,colony;ui
70,D:\MOX\OTHERS\COLDRAW.C,code,False,Draw_Colony_Prod_Both_,1,677327,1289251,colony;ui
70,D:\MOX\OTHERS\COLDRAW.C,code,False,Draw_Colony_PC_Bar_,1,679634,1291558,colony;ui
70,D:\MOX\OTHERS\COLDRAW.C,code,False,Draw_Road_List_,1,680533,1292457,colony;ui
70,D:\MOX\OTHERS\COLDRAW.C,code,False,Draw_Simplest_Path_,1,680779,1292703,colony;ui
70,D:\MOX\OTHERS\COLDRAW.C,code,False,Clear_Veggie_Draw_Flags_,1,682290,1294214,colony;ui
70,D:\MOX\OTHERS\COLDRAW.C,code,False,Draw_Veggie_CR_,1,682901,1294825,colony;ui
71,D:\MOX\OTHERS\COLGCBT.C,code,True,Draw_Summary_,1,684473,1296397,colony;ui
71,D:\MOX\OTHERS\COLGCBT.C,code,False,Draw_Troops_,1,686796,1298720,colony;ui
71,D:\MOX\OTHERS\COLGCBT.C,code,True,Draw_Summary_Box_ATK_,1,691143,1303067,colony;ui
71,D:\MOX\OTHERS\COLGCBT.C,code,True,Draw_Summary_Boxes_,1,691334,1303258,colony;ui
71,D:\MOX\OTHERS\COLGCBT.C,code,True,Draw_Summary_Box_DEF_,1,691339,1303263,colony;ui
71,D:\MOX\OTHERS\COLGCBT.C,code,False,Draw_Unit_Beam_,1,692063,1303987,colony;ui
71,D:\MOX\OTHERS\COLGCBT.C,code,True,Draw_CGCBT_Beam_,1,692410,1304334,colony;ui
72,D:\MOX\OTHERS\COLLAND.C,code,True,Draw_Colony_Landing_Screen_,1,693201,1305125,colony;ui
72,D:\MOX\OTHERS\COLLAND.C,code,False,Colony_Landing_Screen_,1,694274,1306198,colony;ui
73,D:\MOX\OTHERS\COLMOVE.C,code,False,Draw_Cluster_,1,695113,1307037,colony;ui
74,D:\MOX\OTHERS\COLONY.C,code,False,Draw_Building_,1,701464,1313388,colony;ui
74,D:\MOX\OTHERS\COLONY.C,code,True,Draw_Bldg_CR_,1,701545,1313469,colony;ui
74,D:\MOX\OTHERS\COLONY.C,code,False,Draw_All_Buildings_,1,701586,1313510,colony;ui
74,D:\MOX\OTHERS\COLONY.C,code,True,Load_Button_Anims_,1,702498,1314422,colony;ui
74,D:\MOX\OTHERS\COLONY.C,code,False,Load_Colony_Screen_Seg_,1,702804,1314728,colony;ui
74,D:\MOX\OTHERS\COLONY.C,code,True,Load_Planet_Screen_,1,702973,1314897,colony;ui
74,D:\MOX\OTHERS\COLONY.C,code,True,Load_Colony_Popups_,1,703369,1315293,colony;ui
74,D:\MOX\OTHERS\COLONY.C,code,False,Bldg_Coords_To_Centered_Screen_Coord_,1,706662,1318586,colony;ui
74,D:\MOX\OTHERS\COLONY.C,code,False,Bldg_Coords_To_Screen_Coord_,1,706707,1318631,colony;ui
74,D:\MOX\OTHERS\COLONY.C,code,True,Draw_Colony_Info_Production_,1,708190,1320114,colony;ui
74,D:\MOX\OTHERS\COLONY.C,code,True,Draw_Colony_Info_Production_For_,1,708222,1320146,colony;ui
74,D:\MOX\OTHERS\COLONY.C,code,True,Draw_Colony_Info_Military_For_,1,709105,1321029,colony;ui
74,D:\MOX\OTHERS\COLONY.C,code,True,Draw_Colony_Info_Military_,1,709115,1321039,colony;ui
74,D:\MOX\OTHERS\COLONY.C,code,True,Draw_Colony_Info_Officer_,1,709228,1321152,colony;ui
74,D:\MOX\OTHERS\COLONY.C,code,True,Draw_Colony_Info_Morale_,1,709569,1321493,colony;ui
74,D:\MOX\OTHERS\COLONY.C,code,True,Draw_Colony_Info_Background_,1,709603,1321527,colony;ui
74,D:\MOX\OTHERS\COLONY.C,code,True,Draw_Colony_Info_Scanned_,1,710642,1322566,colony;ui
74,D:\MOX\OTHERS\COLONY.C,code,True,Draw_Colony_Info_,1,710720,1322644,colony;ui
74,D:\MOX\OTHERS\COLONY.C,code,False,Draw_Building_With_Bottom_Centered_,1,711048,1322972,colony;ui
74,D:\MOX\OTHERS\COLONY.C,code,False,Draw_Current_Production_Graph_,1,711255,1323179,colony;ui
74,D:\MOX\OTHERS\COLONY.C,code,False,Draw_Current_Building2_,1,711348,1323272,colony;ui
74,D:\MOX\OTHERS\COLONY.C,code,True,Draw_Current_Building_,1,711522,1323446,colony;ui
74,D:\MOX\OTHERS\COLONY.C,code,True,Draw_Turn_Count_,1,711896,1323820,colony;ui
74,D:\MOX\OTHERS\COLONY.C,code,True,Draw_Current_Production_,1,711983,1323907,colony;ui
74,D:\MOX\OTHERS\COLONY.C,code,True,Draw_Info_Build_,1,711983,1323907,colony;ui
74,D:\MOX\OTHERS\COLONY.C,code,True,Draw_Satellite_Dark_,1,713329,1325253,colony;ui
74,D:\MOX\OTHERS\COLONY.C,code,True,Draw_Colony_Satellites_,1,713574,1325498,colony;ui
74,D:\MOX\OTHERS\COLONY.C,code,True,Draw_Bldg_CR_Dark_,1,714902,1326826,colony;ui
74,D:\MOX\OTHERS\COLONY.C,code,True,Draw_Bldg_At_XY_With_Bottom_Centered_No_Glass_,1,715104,1327028,colony;ui
74,D:\MOX\OTHERS\COLONY.C,code,True,Draw_Colony_Bldg_,1,715315,1327239,colony;ui
74,D:\MOX\OTHERS\COLONY.C,code,True,Draw_Colony_Bldg_To_Bitm_,1,715549,1327473,colony;ui
74,D:\MOX\OTHERS\COLONY.C,code,True,Draw_Planet_Info_,1,715739,1327663,colony;ui
74,D:\MOX\OTHERS\COLONY.C,code,False,Draw_Colony_Bldgs_,1,715740,1327664,colony;ui
74,D:\MOX\OTHERS\COLONY.C,code,False,Draw_Colony_Bldgs_to_Bitm_,1,715945,1327869,colony;ui
74,D:\MOX\OTHERS\COLONY.C,code,True,Draw_Road_Anim_,1,716060,1327984,colony;ui
74,D:\MOX\OTHERS\COLONY.C,code,True,Draw_Colony_Screen_,1,716065,1327989,colony;ui
74,D:\MOX\OTHERS\COLONY.C,code,True,Add_Screen_Fields_,1,716827,1328751,colony;ui
74,D:\MOX\OTHERS\COLONY.C,code,False,Draw_Sys_Disp_Scanned_,1,718209,1330133,colony;ui
74,D:\MOX\OTHERS\COLONY.C,code,True,Draw_Gal_Map_Last_Star_Scanned_,1,718292,1330216,colony;ui
74,D:\MOX\OTHERS\COLONY.C,code,True,Draw_Sys_Disp_Last_Scanned_,1,718357,1330281,colony;ui
74,D:\MOX\OTHERS\COLONY.C,code,True,Evaluate_Screen_Input_,1,720366,1332290,colony;ui
74,D:\MOX\OTHERS\COLONY.C,code,False,Set_Colony_Screen_To_New_Colony_,1,721495,1333419,colony;ui
74,D:\MOX\OTHERS\COLONY.C,code,True,Do_Informational_And_Decision_Popups_,1,721758,1333682,colony;ui
74,D:\MOX\OTHERS\COLONY.C,code,False,Colony_Screen_,1,722314,1334238,colony;ui
74,D:\MOX\OTHERS\COLONY.C,code,False,Draw_Planet_Summary_,1,724509,1336433,colony;ui
75,D:\MOX\OTHERS\COLREFIT.C,code,True,Draw_Ship2_,1,725802,1337726,colony;ui
75,D:\MOX\OTHERS\COLREFIT.C,code,True,Draw_Refit_Popup_,1,726248,1338172,colony;ui
75,D:\MOX\OTHERS\COLREFIT.C,code,False,Colony_Refit_Popup_,1,727163,1339087,colony;ui
75,D:\MOX\OTHERS\COLREFIT.C,code,True,Draw_Refit2_Popup_,1,728427,1340351,colony;ui
75,D:\MOX\OTHERS\COLREFIT.C,code,False,Colony_Refit2_Popup_,1,729263,1341187,colony;ui
76,D:\MOX\OTHERS\COLSUM.C,code,True,Draw_Empire_Info_,1,730868,1342792,colony;ui
76,D:\MOX\OTHERS\COLSUM.C,code,True,Draw_Gal_Map_,1,736015,1347939,colony;ui
76,D:\MOX\OTHERS\COLSUM.C,code,False,Draw_Colony_Scan_Info_,1,736060,1347984,colony;ui
76,D:\MOX\OTHERS\COLSUM.C,code,False,Draw_Scan_Info_,1,736507,1348431,colony;ui
76,D:\MOX\OTHERS\COLSUM.C,code,False,Draw_Colony_Summary_Screen_,1,736564,1348488,colony;ui
76,D:\MOX\OTHERS\COLSUM.C,code,False,Colony_Summary_Screen_,1,738658,1350582,colony;ui
77,D:\MOX\OTHERS\COLSYSDI.C,code,False,Draw_Col_Sys_Disp_,1,739785,1351709,colony;ui
77,D:\MOX\OTHERS\COLSYSDI.C,code,False,Draw_Col_Sys_Disp_Last_Scanned_,1,741387,1353311,colony;ui
78,D:\MOX\OTHERS\COLXPORT.C,code,True,Draw_Colony_Summary_For_Colony_,1,742438,1354362,colony;ui
78,D:\MOX\OTHERS\COLXPORT.C,code,True,Draw_Bar_Indicator_,1,743099,1355023,colony;ui
78,D:\MOX\OTHERS\COLXPORT.C,code,True,Draw_Xport_Popup_,1,743424,1355348,colony;ui
78,D:\MOX\OTHERS\COLXPORT.C,code,False,Xport_Popup_,1,743732,1355656,colony;ui
86,D:\MOX\OTHERS\ERICHELP.C,code,False,Set_Colony_Screen_Help_List_,1,776961,1388885,colony;ui
86,D:\MOX\OTHERS\ERICHELP.C,code,False,Set_Colony_Summary_Screen_Help_List_,1,776984,1388908,colony;ui
87,D:\MOX\OTHERS\ESCROLL.C,code,False,Draw_Scroll_Bar_Indicator_In_Base_Colony_Palette_,1,777391,1389315,colony;ui
83,D:\MOX\OTHERS\MAINPUPS.C,code,True,Load_Colony_Selection_Popup_,1,755569,1367493,colony;ui
83,D:\MOX\OTHERS\MAINPUPS.C,code,False,New_Colony_Selection_Popup_,1,757176,1369100,colony;ui
83,D:\MOX\OTHERS\MAINPUPS.C,code,True,Load_Colony_Attack_Selection_Popup_,1,757532,1369456,colony;ui
83,D:\MOX\OTHERS\MAINPUPS.C,code,False,Attack_Colony_Selection_Popup_,1,758200,1370124,colony;ui
83,D:\MOX\OTHERS\MAINPUPS.C,code,True,Load_Colony_Defense_Selection_Popup_,1,758464,1370388,colony;ui
83,D:\MOX\OTHERS\MAINPUPS.C,code,False,Defense_Colony_Selection_Popup_,1,759414,1371338,colony;ui
83,D:\MOX\OTHERS\MAINPUPS.C,code,False,Colony_Selection_Popup_,1,763558,1375482,colony;ui
83,D:\MOX\OTHERS\MAINPUPS.C,code,False,Colony_Invasion_Popup_,1,763791,1375715,colony;ui
52,D:\MOX\OTHERS\MAINSCR.C,code,True,Do_Colony_Screen_,1,471310,1083234,colony;ui
53,D:\MOX\OTHERS\MAINSCR2.C,code,False,Planet_Colonization_In_Main_Screen_,1,504542,1116466,colony;ui
58,D:\MOX\OTHERS\OFFICER.C,code,True,Draw_Offscrn_Colony_Window_,1,539493,1151417,colony;ui
58,D:\MOX\OTHERS\OFFICER.C,code,False,Wrapper_For_Colony_Officer_Popup_Data_,1,553710,1165634,colony;ui
59,D:\MOX\OTHERS\PLNTSUM.C,code,True,Send_Colony_Button_Selectable_,1,569985,1181909,colony;ui
60,D:\MOX\OTHERS\SCORE.C,code,True,Draw_Captured_Colonies_Score_,1,580571,1192495,colony;ui
63,D:\MOX\OTHERS\SYS.C,code,True,Draw_Colony_Marker_,1,601105,1213029,colony;ui
63,D:\MOX\OTHERS\SYS.C,code,False,Potential_Colony_Info_Popup_,1,607551,1219475,colony;ui
16,D:\MOX\JIM.C,code,False,Play_Combat_Music_,1,84332,696256,combat
65,D:\MOX\OTHERS\BEAMS.C,code,True,N_Frames_For_Last_Weapon_Fired_,1,617365,1229289,combat
65,D:\MOX\OTHERS\BEAMS.C,code,False,Load_Combat_Beam_Stuff_,1,619800,1231724,combat
65,D:\MOX\OTHERS\BEAMS.C,code,False,Add_Weapon_Palette_Fragment_To_Current_Palette_,1,619971,1231895,combat
65,D:\MOX\OTHERS\BEAMS.C,code,True,Fire_Weapon_,1,620060,1231984,combat
65,D:\MOX\OTHERS\BEAMS.C,code,False,Add_Damage_Indicator_For_Missile_,1,627730,1239654,combat
65,D:\MOX\OTHERS\BEAMS.C,code,False,Build_Steve_Stuff_Struct_For_Weapon_,1,635164,1247088,combat
65,D:\MOX\OTHERS\BEAMS.C,code,False,Weapon_Has_Steve_Stuff_,1,636140,1248064,combat
100,D:\MOX\OTHERS\BOMB.C,code,False,Resolve_Bomb_Hit_,1,839357,1451281,combat
100,D:\MOX\OTHERS\BOMB.C,code,False,Resolve_Biological_Hit_,1,839998,1451922,combat
100,D:\MOX\OTHERS\BOMB.C,code,False,Apply_Bomb_Hits_,1,840434,1452358,combat
18,D:\MOX\OTHERS\CMBTAI.C,code,False,Safe_To_Fire_Sphere_Weapon_,1,98207,710131,combat
18,D:\MOX\OTHERS\CMBTAI.C,code,False,Range_To_XY_,1,100072,711996,combat
18,D:\MOX\OTHERS\CMBTAI.C,code,False,Range_To_Missile_,1,100406,712330,combat
18,D:\MOX\OTHERS\CMBTAI.C,code,False,Expected_Weapon_Damage_,1,100804,712728,combat
18,D:\MOX\OTHERS\CMBTAI.C,code,False,Expected_Missile_Damage_,1,102062,713986,combat
18,D:\MOX\OTHERS\CMBTAI.C,code,False,Expected_Beam_Bomb_Damage_,1,102618,714542,combat
18,D:\MOX\OTHERS\CMBTAI.C,code,False,Missile_Overkill_Check_,1,103384,715308,combat
18,D:\MOX\OTHERS\CMBTAI.C,code,False,Check_For_Launched_Fighters_,1,103552,715476,combat
18,D:\MOX\OTHERS\CMBTAI.C,code,False,Toggle_Auto_Combat_Flags_,1,103958,715882,combat
18,D:\MOX\OTHERS\CMBTAI.C,code,False,Crystal_Control_,1,104336,716260,combat
18,D:\MOX\OTHERS\CMBTAI.C,code,False,Target_Missile_Value_,1,106267,718191,combat
18,D:\MOX\OTHERS\CMBTAI.C,code,False,Select_Missile_To_Target_,1,106821,718745,combat
18,D:\MOX\OTHERS\CMBTAI.C,code,False,Choose_Target_,1,107752,719676,combat
18,D:\MOX\OTHERS\CMBTAI.C,code,False,Evaluate_Possible_Move_,1,108413,720337,combat
18,D:\MOX\OTHERS\CMBTAI.C,code,False,Bring_Weapons_To_Bear_,1,108560,720484,combat
18,D:\MOX\OTHERS\CMBTAI.C,code,False,Will_Missile_Do_Damage_,1,110290,722214,combat
18,D:\MOX\OTHERS\CMBTAI.C,code,False,Get_Current_Missile_Target_,1,110505,722429,combat
18,D:\MOX\OTHERS\CMBTAI.C,code,False,Get_Current_Target_,1,110750,722674,combat
18,D:\MOX\OTHERS\CMBTAI.C,code,True,Convert_Ordinal_To_Msl_Type_,1,110993,722917,combat
18,D:\MOX\OTHERS\CMBTAI.C,code,False,Get_Effective_Missile_Strength_,1,111101,723025,combat
18,D:\MOX\OTHERS\CMBTAI.C,code,False,Average_Missile_Kills_,1,112588,724512,combat
18,D:\MOX\OTHERS\CMBTAI.C,code,False,Get_Effective_Weapon_Damage_,1,113123,725047,combat
18,D:\MOX\OTHERS\CMBTAI.C,code,False,Get_Effective_Beam_Strength_,1,113246,725170,combat
18,D:\MOX\OTHERS\CMBTAI.C,code,False,Get_Total_Hits_,1,113414,725338,combat
18,D:\MOX\OTHERS\CMBTAI.C,code,False,Retreat_Check_,1,113569,725493,combat
18,D:\MOX\OTHERS\CMBTAI.C,code,False,Get_Long_Range_Beam_Strength_,1,114213,726137,combat
18,D:\MOX\OTHERS\CMBTAI.C,code,False,Boarding_Action_Type_,1,114985,726909,combat
18,D:\MOX\OTHERS\CMBTAI.C,code,False,Get_Player_Mode_,1,115770,727694,combat
19,D:\MOX\OTHERS\CMBTDRW1.C,code,False,Relative_Bearing_XY_,1,141732,753656,combat
19,D:\MOX\OTHERS\CMBTDRW1.C,code,False,Relative_Bearing_,1,141856,753780,combat
19,D:\MOX\OTHERS\CMBTDRW1.C,code,False,Get_Weapon_Arc_,1,142033,753957,combat
19,D:\MOX\OTHERS\CMBTDRW1.C,code,False,Crew_Quality_String_,1,146682,758606,combat
19,D:\MOX\OTHERS\CMBTDRW1.C,code,False,Plasma_Darken_,1,146883,758807,combat
19,D:\MOX\OTHERS\CMBTDRW1.C,code,False,Move_Options_Background_,1,150594,762518,combat
20,D:\MOX\OTHERS\CMBTFIR2.C,code,False,Apply_Internal_Damage_,1,152145,764069,combat
20,D:\MOX\OTHERS\CMBTFIR2.C,code,False,Clear_Internal_Space_,1,154682,766606,combat
20,D:\MOX\OTHERS\CMBTFIR2.C,code,False,Combat_Bonus_,1,154710,766634,combat
20,D:\MOX\OTHERS\CMBTFIR2.C,code,False,Computer_Bonus_,1,154751,766675,combat
20,D:\MOX\OTHERS\CMBTFIR2.C,code,False,Crew_Boarding_Combat_Bonus_,1,154797,766721,combat
20,D:\MOX\OTHERS\CMBTFIR2.C,code,False,Crew_Defensive_Combat_Bonus_,1,154829,766753,combat
20,D:\MOX\OTHERS\CMBTFIR2.C,code,False,Crew_Offensive_Combat_Bonus_,1,154861,766785,combat
20,D:\MOX\OTHERS\CMBTFIR2.C,code,False,Defensive_Combat_Bonus_,1,154893,766817,combat
20,D:\MOX\OTHERS\CMBTFIR2.C,code,False,Fighter_Pilot_Bonus_,1,155242,767166,combat
20,D:\MOX\OTHERS\CMBTFIR2.C,code,False,Set_Combat_Ordnance_Values_,1,155402,767326,combat
20,D:\MOX\OTHERS\CMBTFIR2.C,code,False,Leader_Ordnance_Bonus_,1,155469,767393,combat
20,D:\MOX\OTHERS\CMBTFIR2.C,code,False,Commando_Bonus_,1,155702,767626,combat
20,D:\MOX\OTHERS\CMBTFIR2.C,code,False,Engineer_Bonus_,1,155770,767694,combat
20,D:\MOX\OTHERS\CMBTFIR2.C,code,False,Security_Bonus_,1,155910,767834,combat
20,D:\MOX\OTHERS\CMBTFIR2.C,code,False,Heal_System_,1,156561,768485,combat
20,D:\MOX\OTHERS\CMBTFIR2.C,code,False,Init_Internal_Space_,1,156784,768708,combat
20,D:\MOX\OTHERS\CMBTFIR2.C,code,False,Kill_Crew_,1,157359,769283,combat
20,D:\MOX\OTHERS\CMBTFIR2.C,code,False,Offensive_Combat_Bonus_,1,157405,769329,combat
20,D:\MOX\OTHERS\CMBTFIR2.C,code,False,Helmsman_Bonus_,1,157565,769489,combat
20,D:\MOX\OTHERS\CMBTFIR2.C,code,False,Weaponry_Bonus_,1,157614,769538,combat
20,D:\MOX\OTHERS\CMBTFIR2.C,code,False,Galactic_Lore_Bonus_,1,157663,769587,combat
20,D:\MOX\OTHERS\CMBTFIR2.C,code,False,Select_Internal_,1,157712,769636,combat
20,D:\MOX\OTHERS\CMBTFIR2.C,code,False,Total_Internal_Space_,1,158564,770488,combat
20,D:\MOX\OTHERS\CMBTFIR2.C,code,False,Max_Total_Internal_Space_,1,158690,770614,combat
20,D:\MOX\OTHERS\CMBTFIR2.C,code,False,Weapons_Left_,1,158816,770740,combat
20,D:\MOX\OTHERS\CMBTFIR2.C,code,False,Final_Fire_,1,158876,770800,combat
20,D:\MOX\OTHERS\CMBTFIR2.C,code,False,Defensive_Fire_Check_,1,159441,771365,combat
20,D:\MOX\OTHERS\CMBTFIR2.C,code,False,Max_Defensive_Fire_Range_,1,160115,772039,combat
20,D:\MOX\OTHERS\CMBTFIR2.C,code,False,Init_Boarding_Action_,1,160445,772369,combat
20,D:\MOX\OTHERS\CMBTFIR2.C,code,False,Resolve_Raid_,1,160520,772444,combat
20,D:\MOX\OTHERS\CMBTFIR2.C,code,False,Resolve_Capture_,1,163240,775164,combat
20,D:\MOX\OTHERS\CMBTFIR2.C,code,False,Select_Raid_Internal_,1,165032,776956,combat
20,D:\MOX\OTHERS\CMBTFIR2.C,code,False,Apply_Combat_Artemis_Net_,1,165519,777443,combat
20,D:\MOX\OTHERS\CMBTFIR2.C,code,False,Used_Teleporter_,1,166006,777930,combat
20,D:\MOX\OTHERS\CMBTFIR2.C,code,False,Set_Teleporter_Used_,1,166028,777952,combat
20,D:\MOX\OTHERS\CMBTFIR2.C,code,False,Already_Boarded_,1,166050,777974,combat
20,D:\MOX\OTHERS\CMBTFIR2.C,code,False,Set_Boarded_Flag_,1,166072,777996,combat
20,D:\MOX\OTHERS\CMBTFIR2.C,code,False,Being_Captured_,1,166094,778018,combat
20,D:\MOX\OTHERS\CMBTFIR2.C,code,False,Set_Capturing_Flag_,1,166119,778043,combat
20,D:\MOX\OTHERS\CMBTFIR2.C,code,False,Clear_Capturing_Flag_,1,166144,778068,combat
21,D:\MOX\OTHERS\CMBTFIRE.C,code,False,Retarget_Missiles_Aimed_At_,1,166174,778098,combat
21,D:\MOX\OTHERS\CMBTFIRE.C,code,False,Target_Is_Legal_For_Weapon_,1,166376,778300,combat
21,D:\MOX\OTHERS\CMBTFIRE.C,code,False,Get_Beam_Range_To_Hit_Bonus_,1,168966,780890,combat
21,D:\MOX\OTHERS\CMBTFIRE.C,code,False,Get_Beam_Weapon_Modifiers_,1,169012,780936,combat
21,D:\MOX\OTHERS\CMBTFIRE.C,code,False,Fire_Beam_Weapon_,1,169207,781131,combat
21,D:\MOX\OTHERS\CMBTFIRE.C,code,False,Facing_Shield_,1,171488,783412,combat
21,D:\MOX\OTHERS\CMBTFIRE.C,code,False,Weapon_In_Range_,1,171805,783729,combat
21,D:\MOX\OTHERS\CMBTFIRE.C,code,False,Apply_Damage_To_Missile_,1,172217,784141,combat
21,D:\MOX\OTHERS\CMBTFIRE.C,code,False,Does_Combat_Planet_Have_Defenses_,1,172354,784278,combat
21,D:\MOX\OTHERS\CMBTFIRE.C,code,False,Apply_Damage_To_Planet_,1,172995,784919,combat
21,D:\MOX\OTHERS\CMBTFIRE.C,code,False,Fire_Bomb_,1,173770,785694,combat
21,D:\MOX\OTHERS\CMBTFIRE.C,code,False,Weapon_Can_Fire_At_Missiles_,1,173994,785918,combat
21,D:\MOX\OTHERS\CMBTFIRE.C,code,False,Fire_Special_Weapon_,1,174127,786051,combat
21,D:\MOX\OTHERS\CMBTFIRE.C,code,False,Fire_Fighter_Bomb_,1,175136,787060,combat
21,D:\MOX\OTHERS\CMBTFIRE.C,code,False,Fire_Fighter_Beam_,1,175447,787371,combat
21,D:\MOX\OTHERS\CMBTFIRE.C,code,False,Remove_Stasis_Beam_,1,176051,787975,combat
21,D:\MOX\OTHERS\CMBTFIRE.C,code,False,Special_Is_On_,1,176101,788025,combat
21,D:\MOX\OTHERS\CMBTFIRE.C,code,False,Special_Is_Turned_On_,1,176132,788056,combat
21,D:\MOX\OTHERS\CMBTFIRE.C,code,False,Energy_Absorber_Attack_,1,176247,788171,combat
21,D:\MOX\OTHERS\CMBTFIRE.C,code,False,Pre_Weapon_Specials_,1,176946,788870,combat
21,D:\MOX\OTHERS\CMBTFIRE.C,code,False,BHG_,1,177703,789627,combat
22,D:\MOX\OTHERS\CMBTMIS.C,code,True,_missile_group_offset,1,178237,790161,combat
22,D:\MOX\OTHERS\CMBTMIS.C,code,True,_torpedo_group_offset,1,178749,790673,combat
22,D:\MOX\OTHERS\CMBTMIS.C,code,False,Missile_Owner_,1,179005,790929,combat
22,D:\MOX\OTHERS\CMBTMIS.C,code,False,Missile_Type_,1,179024,790948,combat
22,D:\MOX\OTHERS\CMBTMIS.C,code,False,Coord_Movement_,1,179190,791114,combat
22,D:\MOX\OTHERS\CMBTMIS.C,code,False,Kill_Missile_,1,179328,791252,combat
22,D:\MOX\OTHERS\CMBTMIS.C,code,False,Did_Missile_Hit_,1,179405,791329,combat
22,D:\MOX\OTHERS\CMBTMIS.C,code,True,Picture_Count_,1,179500,791424,combat
22,D:\MOX\OTHERS\CMBTMIS.C,code,True,Get_Multiple_Torpedo_Coords_,1,179674,791598,combat
22,D:\MOX\OTHERS\CMBTMIS.C,code,True,Get_Multiple_Missile_Coords_,1,180082,792006,combat
22,D:\MOX\OTHERS\CMBTMIS.C,code,False,Fire_Missile_,1,182418,794342,combat
22,D:\MOX\OTHERS\CMBTMIS.C,code,False,Missile_Coord_Movement_,1,183332,795256,combat
22,D:\MOX\OTHERS\CMBTMIS.C,code,False,Missile_Facing_To_XY_,1,183410,795334,combat
22,D:\MOX\OTHERS\CMBTMIS.C,code,False,Missile_Facing_,1,183452,795376,combat
22,D:\MOX\OTHERS\CMBTMIS.C,code,False,Missile_Speed_,1,183585,795509,combat
22,D:\MOX\OTHERS\CMBTMIS.C,code,False,Move_Missile_,1,183991,795915,combat
22,D:\MOX\OTHERS\CMBTMIS.C,code,False,Next_Missile_Id_,1,184861,796785,combat
22,D:\MOX\OTHERS\CMBTMIS.C,code,False,Is_Missile_Target_Alive_,1,184985,796909,combat
22,D:\MOX\OTHERS\CMBTMIS.C,code,False,Resolve_Missile_,1,185055,796979,combat
22,D:\MOX\OTHERS\CMBTMIS.C,code,False,Find_Weakest_Shield_,1,187279,799203,combat
22,D:\MOX\OTHERS\CMBTMIS.C,code,False,Retarget_Missile_,1,187864,799788,combat
22,D:\MOX\OTHERS\CMBTMIS.C,code,False,Fighter_Ocv_,1,188301,800225,combat
22,D:\MOX\OTHERS\CMBTMIS.C,code,False,Missile_Dcv_,1,188384,800308,combat
22,D:\MOX\OTHERS\CMBTMIS.C,code,False,Get_Missile_Hits_,1,188565,800489,combat
22,D:\MOX\OTHERS\CMBTMIS.C,code,False,Fighter_Combat_SFX_,1,188836,800760,combat
23,D:\MOX\OTHERS\CMBTMOV1.C,code,False,Test_Move_Until_Impact_,1,191141,803065,combat
23,D:\MOX\OTHERS\CMBTMOV1.C,code,False,Get_Facing_,1,194033,805957,combat
23,D:\MOX\OTHERS\CMBTMOV1.C,code,False,Turn_To_Face_,1,195169,807093,combat
23,D:\MOX\OTHERS\CMBTMOV1.C,code,False,Wait_Until_Net_Opponent_Finished_,1,195582,807506,combat
23,D:\MOX\OTHERS\CMBTMOV1.C,code,False,Tactical_Combat_Receive_Message_,1,195800,807724,combat
66,D:\MOX\OTHERS\CMBTSPEC.C,code,False,Anti_Missile_Rockets_,1,637449,1249373,combat
66,D:\MOX\OTHERS\CMBTSPEC.C,code,False,Gyro_Destablizer_,1,639286,1251210,combat
66,D:\MOX\OTHERS\CMBTSPEC.C,code,False,Lightning_Field_,1,640114,1252038,combat
66,D:\MOX\OTHERS\CMBTSPEC.C,code,False,Plasma_Web_,1,642947,1254871,combat
66,D:\MOX\OTHERS\CMBTSPEC.C,code,False,Tractor_Beam_,1,644042,1255966,combat
66,D:\MOX\OTHERS\CMBTSPEC.C,code,False,Stellar_Converter_,1,645514,1257438,combat
66,D:\MOX\OTHERS\CMBTSPEC.C,code,False,Do_Spherical_SFX_,1,646680,1258604,combat
66,D:\MOX\OTHERS\CMBTSPEC.C,code,False,Missile_Launch_FX_,1,652158,1264082,combat
24,D:\MOX\OTHERS\COMBAT.C,code,False,Message_Box_Titled_,1,196010,807934,combat
24,D:\MOX\OTHERS\COMBAT.C,code,False,Get_Leader_Combat_Bonuses_,1,196660,808584,combat
24,D:\MOX\OTHERS\COMBAT.C,code,False,Strategic_Combat_,1,196936,808860,combat
24,D:\MOX\OTHERS\COMBAT.C,code,False,Apply_Damage_To_Qship_,1,199722,811646,combat
24,D:\MOX\OTHERS\COMBAT.C,code,False,Get_Non_Player_Name_,1,199875,811799,combat
24,D:\MOX\OTHERS\COMBAT.C,code,False,Build_End_Of_Combat_Message_,1,200000,811924,combat
24,D:\MOX\OTHERS\COMBAT.C,code,False,QGet_Hits_Bonus_,1,204322,816246,combat
24,D:\MOX\OTHERS\COMBAT.C,code,False,QGet_Target_,1,204424,816348,combat
24,D:\MOX\OTHERS\COMBAT.C,code,False,QGet_Target_SC_,1,204576,816500,combat
24,D:\MOX\OTHERS\COMBAT.C,code,False,Missile_Attack_,1,204672,816596,combat
24,D:\MOX\OTHERS\COMBAT.C,code,False,Strat_Bomb_Attack_,1,204992,816916,combat
24,D:\MOX\OTHERS\COMBAT.C,code,False,Stellar_Converter_Attack_,1,205115,817039,combat
24,D:\MOX\OTHERS\COMBAT.C,code,False,Strat_Special_Attack_,1,205148,817072,combat
24,D:\MOX\OTHERS\COMBAT.C,code,False,Beam_Attack_,1,205343,817267,combat
24,D:\MOX\OTHERS\COMBAT.C,code,False,Combat_Satelite_Check_,1,205644,817568,combat
24,D:\MOX\OTHERS\COMBAT.C,code,False,Strategic_Bombardment_,1,206206,818130,combat
24,D:\MOX\OTHERS\COMBAT.C,code,False,Bombardment_,1,206459,818383,combat
24,D:\MOX\OTHERS\COMBAT.C,code,False,Tactical_Bombardment_,1,206721,818645,combat
25,D:\MOX\OTHERS\COMBAT1.C,code,False,Enemy_Dissipator_Exists_,1,207457,819381,combat
25,D:\MOX\OTHERS\COMBAT1.C,code,False,Send_Tactical_Combat_Message_,1,207631,819555,combat
25,D:\MOX\OTHERS\COMBAT1.C,code,False,Set_Ocv_Dcv_For_All_,1,208360,820284,combat
25,D:\MOX\OTHERS\COMBAT1.C,code,False,Do_Combat_Turn_,1,208767,820691,combat
25,D:\MOX\OTHERS\COMBAT1.C,code,False,Seeking_Missiles_,1,216740,828664,combat
25,D:\MOX\OTHERS\COMBAT1.C,code,False,Calc_Current_Speed_,1,217743,829667,combat
25,D:\MOX\OTHERS\COMBAT1.C,code,False,Check_For_Winner_,1,218203,830127,combat
25,D:\MOX\OTHERS\COMBAT1.C,code,False,Weapon_Is_On_,1,219212,831136,combat
25,D:\MOX\OTHERS\COMBAT1.C,code,False,Weapon_Is_Off_,1,219244,831168,combat
25,D:\MOX\OTHERS\COMBAT1.C,code,False,Remove_Continuing_Effect_Specials_,1,219276,831200,combat
25,D:\MOX\OTHERS\COMBAT1.C,code,False,Initiate_Boarding_Action_,1,219623,831547,combat
25,D:\MOX\OTHERS\COMBAT1.C,code,False,Add_Missile_Fields_,1,220839,832763,combat
25,D:\MOX\OTHERS\COMBAT1.C,code,False,Set_Combat_Help_Fields_,1,221226,833150,combat
25,D:\MOX\OTHERS\COMBAT1.C,code,False,Add_Tactical_Combat_Fields_,1,222672,834596,combat
25,D:\MOX\OTHERS\COMBAT1.C,code,False,Assign_Combat_Grids_,1,224456,836380,combat
25,D:\MOX\OTHERS\COMBAT1.C,code,False,Assign_Mouse_Images_,1,225090,837014,combat
25,D:\MOX\OTHERS\COMBAT1.C,code,False,Set_Legal_Moves_,1,226607,838531,combat
104,D:\MOX\OTHERS\COMBFIND.C,code,False,Load_Combfind_Strings_,1,878632,1490556,combat
104,D:\MOX\OTHERS\COMBFIND.C,code,False,Copy_Target_Info_,1,878851,1490775,combat
104,D:\MOX\OTHERS\COMBFIND.C,code,False,Send_Star_Player_Presence_,1,878874,1490798,combat
104,D:\MOX\OTHERS\COMBFIND.C,code,False,Decode_Star_Player_Presence_,1,878969,1490893,combat
104,D:\MOX\OTHERS\COMBFIND.C,code,True,Update_Player_Needs_To_Attack_,1,879266,1491190,combat
104,D:\MOX\OTHERS\COMBFIND.C,code,True,Russ_Combat_,1,881475,1493399,combat
104,D:\MOX\OTHERS\COMBFIND.C,code,True,Expected_Bomb_Hits_,1,882296,1494220,combat
104,D:\MOX\OTHERS\COMBFIND.C,code,True,Human_Confirms_Attack_,1,883577,1495501,combat
104,D:\MOX\OTHERS\COMBFIND.C,code,True,Get_Local_Human_Target_,1,883931,1495855,combat
104,D:\MOX\OTHERS\COMBFIND.C,code,True,Pick_Attacker_At_Star_,1,885140,1497064,combat
104,D:\MOX\OTHERS\COMBFIND.C,code,True,Player_May_Attack_Player_,1,885297,1497221,combat
104,D:\MOX\OTHERS\COMBFIND.C,code,True,Collect_Targets_For_Combat_,1,885428,1497352,combat
104,D:\MOX\OTHERS\COMBFIND.C,code,True,Some_Star_Player_Is_Busy_,1,885786,1497710,combat
104,D:\MOX\OTHERS\COMBFIND.C,code,False,Pick_Star_And_Attacker_,1,885925,1497849,combat
104,D:\MOX\OTHERS\COMBFIND.C,code,True,Has_Stellar_Converter_,1,886432,1498356,combat
104,D:\MOX\OTHERS\COMBFIND.C,code,False,N_Enemy_Stars_In_Range_,1,886503,1498427,combat
104,D:\MOX\OTHERS\COMBFIND.C,code,True,N_Enemy_Stars_,1,886585,1498509,combat
104,D:\MOX\OTHERS\COMBFIND.C,code,True,Player_Owns_Transports_,1,886646,1498570,combat
104,D:\MOX\OTHERS\COMBFIND.C,code,True,Do_1_Combat_,1,889740,1501664,combat
104,D:\MOX\OTHERS\COMBFIND.C,code,False,Find_Planet_At_Star_Satisfying_,1,890993,1502917,combat
104,D:\MOX\OTHERS\COMBFIND.C,code,False,Reset_One_Shot_System_Special_,1,891122,1503046,combat
104,D:\MOX\OTHERS\COMBFIND.C,code,True,Do_System_Discoveries_At_Star_,1,891175,1503099,combat
104,D:\MOX\OTHERS\COMBFIND.C,code,True,Do_Dragon_Bribe_,1,892115,1504039,combat
104,D:\MOX\OTHERS\COMBFIND.C,code,False,Search_For_Battles_,1,892258,1504182,combat
104,D:\MOX\OTHERS\COMBFIND.C,code,False,Client_Combat_Loop_,1,893681,1505605,combat
104,D:\MOX\OTHERS\COMBFIND.C,code,True,GNN_Reports_Combat_,1,895178,1507102,combat
104,D:\MOX\OTHERS\COMBFIND.C,code,True,Do_Nonhuman_Attack_Against_Human_,1,895259,1507183,combat
104,D:\MOX\OTHERS\COMBFIND.C,code,False,Do_Net_Combat_Update_,1,895649,1507573,combat
26,D:\MOX\OTHERS\COMBINIT.C,code,False,Tactical_Combat_,1,227641,839565,combat
26,D:\MOX\OTHERS\COMBINIT.C,code,True,qsort_combat_data_by_size_,1,233183,845107,combat
26,D:\MOX\OTHERS\COMBINIT.C,code,False,Calc_Combat_Shield_Max_,1,234664,846588,combat
26,D:\MOX\OTHERS\COMBINIT.C,code,False,Increment_Bhg_,1,238820,850744,combat
26,D:\MOX\OTHERS\COMBINIT.C,code,False,End_Of_Turn_Bookeeping_,1,238965,850889,combat
26,D:\MOX\OTHERS\COMBINIT.C,code,False,Plasma_Web_Damage_,1,239054,850978,combat
26,D:\MOX\OTHERS\COMBINIT.C,code,False,Recharge_Shields_,1,239504,851428,combat
26,D:\MOX\OTHERS\COMBINIT.C,code,False,Type_Of_Space_Station_,1,239748,851672,combat
26,D:\MOX\OTHERS\COMBINIT.C,code,False,Load_Antaran_Planet_,1,239827,851751,combat
26,D:\MOX\OTHERS\COMBINIT.C,code,False,Apply_Bio_Weapon_Penalty_,1,241950,853874,combat
26,D:\MOX\OTHERS\COMBINIT.C,code,False,End_Of_Combat_,1,242052,853976,combat
26,D:\MOX\OTHERS\COMBINIT.C,code,False,Load_Combat_Satelite_,1,244693,856617,combat
26,D:\MOX\OTHERS\COMBINIT.C,code,False,Init_Special_Devices_,1,248310,860234,combat
26,D:\MOX\OTHERS\COMBINIT.C,code,False,Load_Antaran_Star_Fortress_,1,250254,862178,combat
40,D:\MOX\OTHERS\DESBOX.C,code,True,Add_Replacement_Weapon_Fields_,1,347028,958952,combat
40,D:\MOX\OTHERS\DESBOX.C,code,True,Clear_Weapon_Replacement_Fields_,1,349418,961342,combat
40,D:\MOX\OTHERS\DESBOX.C,code,True,Get_Weapon_Mod_Field_XYs_,1,353437,965361,combat
40,D:\MOX\OTHERS\DESBOX.C,code,True,Get_Weapons_Box_Base_Dimensions_,1,353916,965840,combat
40,D:\MOX\OTHERS\DESBOX.C,code,True,Have_Tractor_Beam_Weapon_,1,354037,965961,combat
40,D:\MOX\OTHERS\DESBOX.C,code,True,Mod_Allowed_On_Weapon_Type_,1,354188,966112,combat
40,D:\MOX\OTHERS\DESBOX.C,code,True,Print_Main_Weapon_Box_,1,355564,967488,combat
40,D:\MOX\OTHERS\DESBOX.C,code,True,Print_Weapon_Mod_Help_Description_,1,359367,971291,combat
40,D:\MOX\OTHERS\DESBOX.C,code,True,Print_Weapon_Modification_Message_,1,359631,971555,combat
40,D:\MOX\OTHERS\DESBOX.C,code,True,Set_New_Weapon_Modifications_,1,360284,972208,combat
40,D:\MOX\OTHERS\DESBOX.C,code,True,Set_Up_Weapon_Display_,1,360444,972368,combat
40,D:\MOX\OTHERS\DESBOX.C,code,True,Set_Up_Weapon_Scroll_Bar_,1,360823,972747,combat
40,D:\MOX\OTHERS\DESBOX.C,code,True,Space_With_Weapons_,1,361101,973025,combat
40,D:\MOX\OTHERS\DESBOX.C,code,False,Space_With_Weapon_,1,361247,973171,combat
40,D:\MOX\OTHERS\DESBOX.C,code,True,Update_Weapon_Modification_Data_,1,364096,976020,combat
40,D:\MOX\OTHERS\DESBOX.C,code,True,Update_Weapon_Replacement_,1,364152,976076,combat
40,D:\MOX\OTHERS\DESBOX.C,code,True,Weapon_Choice_Valid_,1,364963,976887,combat
40,D:\MOX\OTHERS\DESBOX.C,code,True,Weapon_Choices_,1,365083,977007,combat
40,D:\MOX\OTHERS\DESBOX.C,code,True,Weapon_Index_,1,365865,977789,combat
40,D:\MOX\OTHERS\DESBOX.C,code,True,Weapon_Replacement_Help_,1,365883,977807,combat
40,D:\MOX\OTHERS\DESBOX.C,code,False,Weapons_Replacement_Box_,1,365955,977879,combat
41,D:\MOX\OTHERS\DESIGN.C,code,True,Bonus_For_Weapon_Arcs_,1,370304,982228,combat
41,D:\MOX\OTHERS\DESIGN.C,code,True,Update_N_Weapons_In_Design_,1,371483,983407,combat
41,D:\MOX\OTHERS\DESIGN.C,code,False,Check_Weapon_Fields_,1,372975,984899,combat
41,D:\MOX\OTHERS\DESIGN.C,code,False,Clear_Weapon_Slot_,1,373800,985724,combat
41,D:\MOX\OTHERS\DESIGN.C,code,True,Current_Design_Armor_Absorption_,1,374651,986575,combat
41,D:\MOX\OTHERS\DESIGN.C,code,True,Current_Design_Combat_Speed_,1,374735,986659,combat
41,D:\MOX\OTHERS\DESIGN.C,code,True,Current_Design_Min_Combat_Speed_,1,374826,986750,combat
41,D:\MOX\OTHERS\DESIGN.C,code,True,Current_Design_Max_Combat_Speed_,1,374858,986782,combat
41,D:\MOX\OTHERS\DESIGN.C,code,True,Current_Design_Base_Combat_Speed_,1,374890,986814,combat
41,D:\MOX\OTHERS\DESIGN.C,code,False,Design_Weapon_Damage_String_,1,377982,989906,combat
41,D:\MOX\OTHERS\DESIGN.C,code,False,Modify_Weapon_By_Arcs_,1,381150,993074,combat
41,D:\MOX\OTHERS\DESIGN.C,code,False,N_Weapon_Arcs_,1,381199,993123,combat
41,D:\MOX\OTHERS\DESIGN.C,code,False,Number_Of_Weapons_Loaded_,1,381329,993253,combat
41,D:\MOX\OTHERS\DESIGN.C,code,False,One_Weapon_Space_Without_M_Level_,1,381364,993288,combat
41,D:\MOX\OTHERS\DESIGN.C,code,True,Space_For_Weapon_Replacement_,1,386417,998341,combat
41,D:\MOX\OTHERS\DESIGN.C,code,False,Weapon_Needs_Racks_,1,388526,1000450,combat
41,D:\MOX\OTHERS\DESIGN.C,code,False,One_Weapon_Space_,1,388550,1000474,combat
41,D:\MOX\OTHERS\DESIGN.C,code,False,Weapon_Space_,1,388750,1000674,combat
41,D:\MOX\OTHERS\DESIGN.C,code,False,Weapon_Type_,1,389099,1001023,combat
41,D:\MOX\OTHERS\DESIGN.C,code,False,Weapon_Arc_String_,1,389112,1001036,combat
41,D:\MOX\OTHERS\DESIGN.C,code,False,Weapon_Mod_String_,1,389247,1001171,combat
41,D:\MOX\OTHERS\DESIGN.C,code,False,Weapon_Rack_Size_To_Value_,1,389580,1001504,combat
47,D:\MOX\OTHERS\HACCESS.C,code,False,Design_Armor_,1,425049,1036973,combat
47,D:\MOX\OTHERS\HACCESS.C,code,False,Design_Weapon_,1,425321,1037245,combat
47,D:\MOX\OTHERS\HACCESS.C,code,False,Design_Weapon_Ammo_,1,425358,1037282,combat
47,D:\MOX\OTHERS\HACCESS.C,code,False,Design_Weapon_Count_,1,425394,1037318,combat
47,D:\MOX\OTHERS\HACCESS.C,code,False,Design_Weapon_Firing_Arc_,1,425430,1037354,combat
47,D:\MOX\OTHERS\HACCESS.C,code,False,Design_Weapon_Specials_,1,425466,1037390,combat
28,D:\MOX\OTHERS\INITSHIP.C,code,False,Get_Design_Combat_Bonuses_,1,281984,893908,combat
28,D:\MOX\OTHERS\INITSHIP.C,code,False,Best_Armor_,1,288863,900787,combat
28,D:\MOX\OTHERS\INITSHIP.C,code,False,Best_Beam_Weapon_,1,289003,900927,combat
28,D:\MOX\OTHERS\INITSHIP.C,code,False,Best_Missile_Weapon_,1,289574,901498,combat
28,D:\MOX\OTHERS\INITSHIP.C,code,False,Best_Missile_Weapon_NT_,1,289786,901710,combat
28,D:\MOX\OTHERS\INITSHIP.C,code,False,Best_Bomb_Weapon_,1,289954,901878,combat
28,D:\MOX\OTHERS\INITSHIP.C,code,False,Best_Strat_Special_Weapon_,1,290106,902030,combat
28,D:\MOX\OTHERS\INITSHIP.C,code,False,Best_Missile_Defense_Special_,1,290670,902594,combat
28,D:\MOX\OTHERS\INITSHIP.C,code,False,Best_Missile_Damage_Special_,1,290796,902720,combat
28,D:\MOX\OTHERS\INITSHIP.C,code,False,Strat_Beam_Weapon_Count_,1,292375,904299,combat
28,D:\MOX\OTHERS\INITSHIP.C,code,False,Strat_Missile_Weapon_Count_,1,292433,904357,combat
28,D:\MOX\OTHERS\INITSHIP.C,code,False,Strat_Special_Weapon_Count_,1,292445,904369,combat
28,D:\MOX\OTHERS\INITSHIP.C,code,False,Strat_Bomb_Weapon_Count_,1,292457,904381,combat
28,D:\MOX\OTHERS\INITSHIP.C,code,False,Update_Strategic_Design_Weapons_Specials_,1,292469,904393,combat
107,D:\MOX\OTHERS\INVASION.C,code,False,Compute_Player_Ground_Combat_Bonuses_,1,901468,1513392,combat
107,D:\MOX\OTHERS\INVASION.C,code,True,Compute_Ground_Combat_Info_,1,902094,1514018,combat
107,D:\MOX\OTHERS\INVASION.C,code,False,Ground_Combat_Round_,1,902398,1514322,combat
107,D:\MOX\OTHERS\INVASION.C,code,False,Resolve_Ground_Combat_,1,902657,1514581,combat
83,D:\MOX\OTHERS\MAINPUPS.C,code,False,Update_CCP_Display_Data_Bombing_,1,763855,1375779,combat
83,D:\MOX\OTHERS\MAINPUPS.C,code,False,Setup_To_Apply_Bomb_Hits_,1,763930,1375854,combat
83,D:\MOX\OTHERS\MAINPUPS.C,code,False,Apply_Next_Bomb_Hit_,1,763996,1375920,combat
35,D:\MOX\OTHERS\AIDESIGN.C,code,False,Human_Player_Best_Weapons_Are_Beams_,1,325927,937851,combat;ai
35,D:\MOX\OTHERS\AIDESIGN.C,code,False,Special_Weapons_Available_,1,326048,937972,combat;ai
35,D:\MOX\OTHERS\AIDESIGN.C,code,False,Determine_Missile_Weapon_Modifications_,1,328546,940470,combat;ai
35,D:\MOX\OTHERS\AIDESIGN.C,code,False,Add_Missile_Weapon_To_Design_,1,329593,941517,combat;ai
35,D:\MOX\OTHERS\AIDESIGN.C,code,False,Determine_Bomb_Weapon_,1,329903,941827,combat;ai
35,D:\MOX\OTHERS\AIDESIGN.C,code,False,Add_Bomb_Weapon_To_Design_,1,330333,942257,combat;ai
35,D:\MOX\OTHERS\AIDESIGN.C,code,False,Determine_Beam_Weapon_Modifications_,1,330585,942509,combat;ai
35,D:\MOX\OTHERS\AIDESIGN.C,code,False,Add_Beam_Weapon_To_Design_,1,332927,944851,combat;ai
34,D:\MOX\OTHERS\AIPOWER.C,code,False,Modified_Weapon_Strength_,1,323111,935035,combat;ai
34,D:\MOX\OTHERS\AIPOWER.C,code,False,Missile_Base_Strength_,1,324900,936824,combat;ai
97,D:\MOX\OTHERS\AITECH.C,code,False,Player_Best_Armor_,1,836387,1448311,combat;ai
18,D:\MOX\OTHERS\CMBTAI.C,code,False,Ai_Self_Destruct_Check_,1,98664,710588,combat;ai
18,D:\MOX\OTHERS\CMBTAI.C,code,False,Ai_Stasis_Check_,1,99914,711838,combat;ai
18,D:\MOX\OTHERS\CMBTAI.C,code,False,Resolve_Ai_Boarding_,1,114547,726471,combat;ai
104,D:\MOX\OTHERS\COMBFIND.C,code,True,AI_Can_Retreat_,1,881411,1493335,combat;ai
104,D:\MOX\OTHERS\COMBFIND.C,code,True,Get_AI_Target_,1,884170,1496094,combat;ai
104,D:\MOX\OTHERS\COMBFIND.C,code,True,Get_NPC_Target_,1,884777,1496701,combat;ai
18,D:\MOX\OTHERS\CMBTAI.C,code,False,Does_Ship_Have_Missiles_Incoming_,1,98086,710010,combat;fleet
18,D:\MOX\OTHERS\CMBTAI.C,code,False,Release_Smallest_Ship_From_Stasis_,1,99782,711706,combat;fleet
18,D:\MOX\OTHERS\CMBTAI.C,code,False,Range_To_Ship_,1,100442,712366,combat;fleet
18,D:\MOX\OTHERS\CMBTAI.C,code,False,Is_Ship_Out_Of_Ammo_,1,103647,715571,combat;fleet
18,D:\MOX\OTHERS\CMBTAI.C,code,False,Is_Ship_Targeted_By_Missile_,1,103888,715812,combat;fleet
18,D:\MOX\OTHERS\CMBTAI.C,code,False,Do_Auto_Ship_Turn_,1,104503,716427,combat;fleet
18,D:\MOX\OTHERS\CMBTAI.C,code,False,Target_Ship_Value_,1,107065,718989,combat;fleet
18,D:\MOX\OTHERS\CMBTAI.C,code,False,Select_Ship_To_Target_,1,107626,719550,combat;fleet
18,D:\MOX\OTHERS\CMBTAI.C,code,False,Combat_Ship_Class_,1,107845,719769,combat;fleet
18,D:\MOX\OTHERS\CMBTAI.C,code,False,Auto_Move_Ship_,1,108965,720889,combat;fleet
18,D:\MOX\OTHERS\CMBTAI.C,code,False,Get_Current_Ship_Target_,1,109817,721741,combat;fleet
19,D:\MOX\OTHERS\CMBTDRW1.C,code,False,Detailed_View_Ship_,1,139045,750969,combat;fleet
19,D:\MOX\OTHERS\CMBTDRW1.C,code,False,Get_Ship_Anim_Dimensions_,1,143702,755626,combat;fleet
19,D:\MOX\OTHERS\CMBTDRW1.C,code,False,Display_Combat_View_Ship_,1,146437,758361,combat;fleet
19,D:\MOX\OTHERS\CMBTDRW1.C,code,False,Create_Ship_Darken_Map_,1,148102,760026,combat;fleet
20,D:\MOX\OTHERS\CMBTFIR2.C,code,False,Repair_Combat_Ship_,1,153633,765557,combat;fleet
20,D:\MOX\OTHERS\CMBTFIR2.C,code,False,Get_Fleet_Engineer_Bonus_,1,155148,767072,combat;fleet
20,D:\MOX\OTHERS\CMBTFIR2.C,code,False,Get_Fleet_Pilot_Bonus_,1,155310,767234,combat;fleet
20,D:\MOX\OTHERS\CMBTFIR2.C,code,False,Get_Fleet_Ordnance_Bonus_,1,155518,767442,combat;fleet
20,D:\MOX\OTHERS\CMBTFIR2.C,code,False,Get_Fleet_Commando_Bonus_,1,155610,767534,combat;fleet
20,D:\MOX\OTHERS\CMBTFIR2.C,code,False,Get_Fleet_Security_Bonus_,1,155818,767742,combat;fleet
20,D:\MOX\OTHERS\CMBTFIR2.C,code,False,Fleet_Defensive_Bonus_,1,155961,767885,combat;fleet
20,D:\MOX\OTHERS\CMBTFIR2.C,code,False,Fleet_Offensive_Bonus_,1,156262,768186,combat;fleet
20,D:\MOX\OTHERS\CMBTFIR2.C,code,False,Ship_Specials_Defensive_Bonus_,1,158307,770231,combat;fleet
20,D:\MOX\OTHERS\CMBTFIR2.C,code,False,Ship_Specials_Offensive_Bonus_,1,158534,770458,combat;fleet
20,D:\MOX\OTHERS\CMBTFIR2.C,code,False,Get_Combat_Ship_Special_Id_,1,160340,772264,combat;fleet
20,D:\MOX\OTHERS\CMBTFIR2.C,code,False,Capture_Ship_,1,164626,776550,combat;fleet
20,D:\MOX\OTHERS\CMBTFIR2.C,code,False,Damage_From_Ship_Exploding_,1,165462,777386,combat;fleet
20,D:\MOX\OTHERS\CMBTFIR2.C,code,False,Combat_Ship_Done_,1,165946,777870,combat;fleet
20,D:\MOX\OTHERS\CMBTFIR2.C,code,False,Set_Combat_Ship_Done_,1,165976,777900,combat;fleet
21,D:\MOX\OTHERS\CMBTFIRE.C,code,False,Is_Combat_Ship_Dead_,1,166266,778190,combat;fleet
21,D:\MOX\OTHERS\CMBTFIRE.C,code,False,Fire_Ship_,1,166750,778674,combat;fleet
21,D:\MOX\OTHERS\CMBTFIRE.C,code,False,Apply_Ship_Damage_,1,170373,782297,combat;fleet
21,D:\MOX\OTHERS\CMBTFIRE.C,code,False,Destroy_Ship_,1,171541,783465,combat;fleet
21,D:\MOX\OTHERS\CMBTFIRE.C,code,False,Place_Ship_In_Stasis_,1,174098,786022,combat;fleet
23,D:\MOX\OTHERS\CMBTMOV1.C,code,False,Ship_Is_In_Stasis_,1,189795,801719,combat;fleet
23,D:\MOX\OTHERS\CMBTMOV1.C,code,False,Ship_In_Black_Hole_,1,189820,801744,combat;fleet
23,D:\MOX\OTHERS\CMBTMOV1.C,code,False,Rotate_Ship_Until_Impact_,1,190377,802301,combat;fleet
23,D:\MOX\OTHERS\CMBTMOV1.C,code,False,Ship_In_Legal_Square_,1,190985,802909,combat;fleet
23,D:\MOX\OTHERS\CMBTMOV1.C,code,False,Move_Ship_,1,192015,803939,combat;fleet
23,D:\MOX\OTHERS\CMBTMOV1.C,code,False,Rotate_Ship_,1,194088,806012,combat;fleet
66,D:\MOX\OTHERS\CMBTSPEC.C,code,False,Teleport_Enemy_Ship_,1,638963,1250887,combat;fleet
66,D:\MOX\OTHERS\CMBTSPEC.C,code,False,Start_Ship_Engine_SFX_,1,646399,1258323,combat;fleet
66,D:\MOX\OTHERS\CMBTSPEC.C,code,False,End_Ship_Engine_SFX_,1,646436,1258360,combat;fleet
66,D:\MOX\OTHERS\CMBTSPEC.C,code,False,Play_Ship_Explosion_SFX_,1,650251,1262175,combat;fleet
66,D:\MOX\OTHERS\CMBTSPEC.C,code,False,Destroy_Ship_FX_,1,650363,1262287,combat;fleet
24,D:\MOX\OTHERS\COMBAT.C,code,False,QLoad_Combat_Antaran_Ship_,1,196020,807944,combat;fleet
24,D:\MOX\OTHERS\COMBAT.C,code,False,QLoad_Antaran_Defense_Fleet_,1,196338,808262,combat;fleet
24,D:\MOX\OTHERS\COMBAT.C,code,False,Qload_Ships_,1,202447,814371,combat;fleet
25,D:\MOX\OTHERS\COMBAT1.C,code,False,Get_Number_Of_Ships_In_Stasis_,1,207342,819266,combat;fleet
25,D:\MOX\OTHERS\COMBAT1.C,code,False,Combat_Ship_Is_Functional_,1,207399,819323,combat;fleet
25,D:\MOX\OTHERS\COMBAT1.C,code,False,Ship_Controlled_By_Computer_,1,207551,819475,combat;fleet
25,D:\MOX\OTHERS\COMBAT1.C,code,False,Init_Ship_For_Start_Of_Turn_,1,207728,819652,combat;fleet
25,D:\MOX\OTHERS\COMBAT1.C,code,True,Ship_Initiative_Value_,1,208486,820410,combat;fleet
25,D:\MOX\OTHERS\COMBAT1.C,code,True,qsort_ship_initiative_,1,208540,820464,combat;fleet
25,D:\MOX\OTHERS\COMBAT1.C,code,False,Set_Cur_Ship_To_,1,218375,830299,combat;fleet
25,D:\MOX\OTHERS\COMBAT1.C,code,False,Next_Ship_,1,218532,830456,combat;fleet
25,D:\MOX\OTHERS\COMBAT1.C,code,False,Ship_Done_Check_,1,219405,831329,combat;fleet
25,D:\MOX\OTHERS\COMBAT1.C,code,False,Retreat_Ship_,1,219492,831416,combat;fleet
104,D:\MOX\OTHERS\COMBFIND.C,code,True,Get_Combat_Ships_,1,879116,1491040,combat;fleet
104,D:\MOX\OTHERS\COMBFIND.C,code,True,Kill_Noncombat_Ships_,1,879428,1491352,combat;fleet
104,D:\MOX\OTHERS\COMBFIND.C,code,True,Determine_Retreat_Ships_,1,879786,1491710,combat;fleet
104,D:\MOX\OTHERS\COMBFIND.C,code,False,Process_Retreating_Ships_,1,880210,1492134,combat;fleet
104,D:\MOX\OTHERS\COMBFIND.C,code,True,Get_Ship_Strength_Info_,1,882354,1494278,combat;fleet
104,D:\MOX\OTHERS\COMBFIND.C,code,True,Reset_Combat_Ships_At_Current_Star_Has_Player_,1,889688,1501612,combat;fleet
26,D:\MOX\OTHERS\COMBINIT.C,code,True,qsort_ship_array_by_size_,1,227580,839504,combat;fleet
26,D:\MOX\OTHERS\COMBINIT.C,code,False,Ship_Size_In_Squares_,1,233212,845136,combat;fleet
26,D:\MOX\OTHERS\COMBINIT.C,code,False,Ship_Can_Deploy_At_,1,233289,845213,combat;fleet
26,D:\MOX\OTHERS\COMBINIT.C,code,False,Deploy_Ships_,1,233539,845463,combat;fleet
26,D:\MOX\OTHERS\COMBINIT.C,code,False,Load_Combat_Ship_,1,234826,846750,combat;fleet
26,D:\MOX\OTHERS\COMBINIT.C,code,False,Ship_Center_Offsets_,1,237265,849189,combat;fleet
26,D:\MOX\OTHERS\COMBINIT.C,code,True,Load_Combat_Ship_Palette_,1,237465,849389,combat;fleet
26,D:\MOX\OTHERS\COMBINIT.C,code,True,Load_Individual_Ship_Pictures_,1,237866,849790,combat;fleet
26,D:\MOX\OTHERS\COMBINIT.C,code,False,Does_Combat_Ship_Have_Special_,1,241875,853799,combat;fleet
26,D:\MOX\OTHERS\COMBINIT.C,code,False,Unload_Combat_Ship_,1,244193,856117,combat;fleet
26,D:\MOX\OTHERS\COMBINIT.C,code,False,Load_Display_Combat_Ship_,1,248606,860530,combat;fleet
26,D:\MOX\OTHERS\COMBINIT.C,code,False,Repair_All_Combat_Ships_,1,249831,861755,combat;fleet
26,D:\MOX\OTHERS\COMBINIT.C,code,False,Load_Combat_Antaran_Ship_,1,250126,862050,combat;fleet
26,D:\MOX\OTHERS\COMBINIT.C,code,False,Load_Antaran_Defense_Fleet_,1,250177,862101,combat;fleet
47,D:\MOX\OTHERS\HACCESS.C,code,False,Is_Combat_Ship_,1,426370,1038294,combat;fleet
28,D:\MOX\OTHERS\INITSHIP.C,code,False,Get_Ship_Combat_Bonuses_,1,282203,894127,combat;fleet
28,D:\MOX\OTHERS\INITSHIP.C,code,False,Load_Small_Antaran_Combat_Ship_,1,282977,894901,combat;fleet
28,D:\MOX\OTHERS\INITSHIP.C,code,False,Load_Medium_Antaran_Combat_Ship_,1,283692,895616,combat;fleet
28,D:\MOX\OTHERS\INITSHIP.C,code,False,Load_Large_Antaran_Combat_Ship_,1,284472,896396,combat;fleet
28,D:\MOX\OTHERS\INITSHIP.C,code,False,Load_Huge_Antaran_Combat_Ship_,1,285458,897382,combat;fleet
28,D:\MOX\OTHERS\INITSHIP.C,code,False,Load_Titan_Antaran_Combat_Ship_,1,286567,898491,combat;fleet
28,D:\MOX\OTHERS\INITSHIP.C,code,False,Best_Point_Defense_Weapon_,1,289180,901104,combat;fleet
28,D:\MOX\OTHERS\INITSHIP.C,code,False,Best_Point_Defense_Weapon_By_Size_,1,289400,901324,combat;fleet
28,D:\MOX\OTHERS\INITSHIP.C,code,False,Ship_Has_Weapon_,1,295536,907460,combat;fleet
28,D:\MOX\OTHERS\INITSHIP.C,code,False,Get_Ship_Armor_Hits_,1,295973,907897,combat;fleet
119,D:\MOX\OTHERS\SHIPMOVE.C,code,False,Reset_Needless_Ignore_Combat_Ships_Flags_,1,985213,1597137,combat;fleet
19,D:\MOX\OTHERS\CMBTDRW1.C,code,False,Draw_Ship_Status_,1,119277,731201,combat;fleet;ui
19,D:\MOX\OTHERS\CMBTDRW1.C,code,False,Draw_Ship_,1,131170,743094,combat;fleet;ui
19,D:\MOX\OTHERS\CMBTDRW1.C,code,False,Combat_Draw_View_Ship_,1,132657,744581,combat;fleet;ui
19,D:\MOX\OTHERS\CMBTDRW1.C,code,False,Draw_Ship_To_Bitmap_,1,142118,754042,combat;fleet;ui
19,D:\MOX\OTHERS\CMBTDRW1.C,code,False,Draw_Retreating_Ship_,1,142740,754664,combat;fleet;ui
19,D:\MOX\OTHERS\CMBTDRW1.C,code,False,Remap_Draw_Ship_Status_,1,143769,755693,combat;fleet;ui
19,D:\MOX\OTHERS\CMBTDRW1.C,code,False,Ship_Completely_On_Screen_,1,145831,757755,combat;fleet;ui
19,D:\MOX\OTHERS\CMBTDRW1.C,code,False,Ship_On_Screen_,1,146201,758125,combat;fleet;ui
19,D:\MOX\OTHERS\CMBTDRW1.C,code,False,Get_Draw_Ship_Offsets_,1,148564,760488,combat;fleet;ui
19,D:\MOX\OTHERS\CMBTDRW1.C,code,False,Get_Ship_Center_Draw_XY_,1,148803,760727,combat;fleet;ui
23,D:\MOX\OTHERS\CMBTMOV1.C,code,False,Draw_Teleporting_Ship_,1,189848,801772,combat;fleet;ui
66,D:\MOX\OTHERS\CMBTSPEC.C,code,False,Draw_Ship_Collapsing_,1,646464,1258388,combat;fleet;ui
19,D:\MOX\OTHERS\CMBTDRW1.C,code,False,Draw_Super_Fast_Screen_,1,116053,727977,combat;ui
19,D:\MOX\OTHERS\CMBTDRW1.C,code,False,Refresh_Combat_Screen_Full_,1,116225,728149,combat;ui
19,D:\MOX\OTHERS\CMBTDRW1.C,code,False,Full_Draw_Combat_Screen_,1,116410,728334,combat;ui
19,D:\MOX\OTHERS\CMBTDRW1.C,code,False,Draw_Grey_Damage_Bars_,1,117708,729632,combat;ui
19,D:\MOX\OTHERS\CMBTDRW1.C,code,False,Draw_Weapon_Status_Display_,1,123597,735521,combat;ui
19,D:\MOX\OTHERS\CMBTDRW1.C,code,False,Draw_Special_Status_Display_,1,125325,737249,combat;ui
19,D:\MOX\OTHERS\CMBTDRW1.C,code,False,Draw_Blip2_,1,125711,737635,combat;ui
19,D:\MOX\OTHERS\CMBTDRW1.C,code,False,Draw_Blip3_,1,125826,737750,combat;ui
19,D:\MOX\OTHERS\CMBTDRW1.C,code,False,Draw_Blip4_,1,126037,737961,combat;ui
19,D:\MOX\OTHERS\CMBTDRW1.C,code,False,Draw_Blip5_,1,126344,738268,combat;ui
19,D:\MOX\OTHERS\CMBTDRW1.C,code,False,Draw_Reduced_Map_Box_,1,126801,738725,combat;ui
19,D:\MOX\OTHERS\CMBTDRW1.C,code,False,Draw_Reduced_Combat_Map_,1,127346,739270,combat;ui
19,D:\MOX\OTHERS\CMBTDRW1.C,code,False,Draw_Option_Panel_Lights_,1,127874,739798,combat;ui
19,D:\MOX\OTHERS\CMBTDRW1.C,code,False,Draw_Crew_Level_Stars_,1,128069,739993,combat;ui
19,D:\MOX\OTHERS\CMBTDRW1.C,code,False,Draw_Main_Combat_Screen_,1,128238,740162,combat;ui
19,D:\MOX\OTHERS\CMBTDRW1.C,code,False,Draw_Shield_Arcs_,1,139843,751767,combat;ui
19,D:\MOX\OTHERS\CMBTDRW1.C,code,False,Draw_Weapon_Arcs_,1,141109,753033,combat;ui
19,D:\MOX\OTHERS\CMBTDRW1.C,code,False,Scroll_Draw_Combat_Screen_,1,144707,756631,combat;ui
19,D:\MOX\OTHERS\CMBTDRW1.C,code,False,Draw_Bombs_,1,147296,759220,combat;ui
19,D:\MOX\OTHERS\CMBTDRW1.C,code,False,Draw_Internals_Display_,1,148894,760818,combat;ui
19,D:\MOX\OTHERS\CMBTDRW1.C,code,False,Draw_Fake_Combat_Buttons_,1,149793,761717,combat;ui
19,D:\MOX\OTHERS\CMBTDRW1.C,code,False,Draw_Legal_Boxes_,1,150198,762122,combat;ui
19,D:\MOX\OTHERS\CMBTDRW1.C,code,True,Draw_Board_Popup_,1,151240,763164,combat;ui
19,D:\MOX\OTHERS\CMBTDRW1.C,code,False,Board_Popup_,1,151491,763415,combat;ui
21,D:\MOX\OTHERS\CMBTFIRE.C,code,False,Draw_Energy_Absorber_,1,177133,789057,combat;ui
21,D:\MOX\OTHERS\CMBTFIRE.C,code,False,Draw_BHG_,1,177344,789268,combat;ui
22,D:\MOX\OTHERS\CMBTMIS.C,code,False,Draw_Missile_,1,180956,792880,combat;ui
22,D:\MOX\OTHERS\CMBTMIS.C,code,False,Draw_Missile_Status_,1,181561,793485,combat;ui
22,D:\MOX\OTHERS\CMBTMIS.C,code,False,Draw_Missiles_,1,182324,794248,combat;ui
22,D:\MOX\OTHERS\CMBTMIS.C,code,False,Missile_On_Combat_Screen_,1,183887,795811,combat;ui
22,D:\MOX\OTHERS\CMBTMIS.C,code,False,On_Combat_Screen_,1,184921,796845,combat;ui
22,D:\MOX\OTHERS\CMBTMIS.C,code,False,Draw_Fighter_,1,187345,799269,combat;ui
66,D:\MOX\OTHERS\CMBTSPEC.C,code,True,Draw_Anti_Missile_Rocket_Picture_,1,637008,1248932,combat;ui
66,D:\MOX\OTHERS\CMBTSPEC.C,code,True,Draw_Anti_Missile_Rockets_,1,637119,1249043,combat;ui
66,D:\MOX\OTHERS\CMBTSPEC.C,code,True,Draw_Gyro_Special_Effect_,1,638045,1249969,combat;ui
66,D:\MOX\OTHERS\CMBTSPEC.C,code,False,Draw_Stasis_Ball_,1,640537,1252461,combat;ui
66,D:\MOX\OTHERS\CMBTSPEC.C,code,False,Draw_Stasis_Beam_,1,641146,1253070,combat;ui
66,D:\MOX\OTHERS\CMBTSPEC.C,code,False,Draw_Cloak_,1,641866,1253790,combat;ui
66,D:\MOX\OTHERS\CMBTSPEC.C,code,False,Draw_Continuing_Tractor_,1,642267,1254191,combat;ui
66,D:\MOX\OTHERS\CMBTSPEC.C,code,False,Draw_Moving_Tractor_,1,642568,1254492,combat;ui
66,D:\MOX\OTHERS\CMBTSPEC.C,code,False,Draw_Plasma_Web_,1,644480,1256404,combat;ui
66,D:\MOX\OTHERS\CMBTSPEC.C,code,False,Draw_Transporter_Bomb_Beam_,1,645109,1257033,combat;ui
24,D:\MOX\OTHERS\COMBAT.C,code,False,Draw_Qcombat_,1,205147,817071,combat;ui
104,D:\MOX\OTHERS\COMBFIND.C,code,True,Strategic_Results_Popup_,1,886173,1498097,combat;ui
104,D:\MOX\OTHERS\COMBFIND.C,code,True,Bomb_Results_Popups_,1,886263,1498187,combat;ui
26,D:\MOX\OTHERS\COMBINIT.C,code,False,Combat_Screen_,1,227490,839414,combat;ui
26,D:\MOX\OTHERS\COMBINIT.C,code,False,Scroll_Combat_Screen_,1,236097,848021,combat;ui
26,D:\MOX\OTHERS\COMBINIT.C,code,False,Snap_Center_Combat_Screen_,1,236809,848733,combat;ui
40,D:\MOX\OTHERS\DESBOX.C,code,True,Draw_Weapons_Arc_Box_,1,350763,962687,combat;ui
40,D:\MOX\OTHERS\DESBOX.C,code,True,Draw_Weapons_Mod_Box_,1,351013,962937,combat;ui
40,D:\MOX\OTHERS\DESBOX.C,code,True,Draw_Weapons_Rack_Box_,1,351282,963206,combat;ui
40,D:\MOX\OTHERS\DESBOX.C,code,True,Draw_Weapons_Replacement_Box_,1,351482,963406,combat;ui
40,D:\MOX\OTHERS\DESBOX.C,code,False,Draw_Weapons_Scroll_Bar_,1,352051,963975,combat;ui
42,D:\MOX\OTHERS\EVANHELP.C,code,False,Set_Weapon_Replacement_Screen_Help_List_,1,390593,1002517,combat;ui
122,D:\MOX\BILL.C,code,False,Get_Their_Spy_Number_,1,992975,1604899,diplomacy
122,D:\MOX\BILL.C,code,False,Get_Their_Spy_Mission_,1,993009,1604933,diplomacy
122,D:\MOX\BILL.C,code,False,Get_My_Spy_Number_,1,993041,1604965,diplomacy
122,D:\MOX\BILL.C,code,False,Get_My_Spy_Mission_,1,993081,1605005,diplomacy
122,D:\MOX\BILL.C,code,False,Set_Their_Spy_Number_,1,993165,1605089,diplomacy
122,D:\MOX\BILL.C,code,False,Set_Their_Spy_Mission_,1,993205,1605129,diplomacy
122,D:\MOX\BILL.C,code,False,Set_My_Spy_Number_,1,993241,1605165,diplomacy
122,D:\MOX\BILL.C,code,False,Set_My_Spy_Mission_,1,993293,1605217,diplomacy
122,D:\MOX\BILL.C,code,False,Take_Their_Spy_,1,993442,1605366,diplomacy
122,D:\MOX\BILL.C,code,False,Take_My_Spy_,1,993493,1605417,diplomacy
122,D:\MOX\BILL.C,code,False,Add_Their_Spy_,1,993611,1605535,diplomacy
122,D:\MOX\BILL.C,code,False,Add_My_Spy_,1,993666,1605590,diplomacy
122,D:\MOX\BILL.C,code,False,Cache_Player_Spy_Anim_,1,996555,1608479,diplomacy
123,D:\MOX\BILLHELP.C,code,False,Treaties_Race_Help_,1,998134,1610058,diplomacy
12,D:\MOX\COUNCIL.C,code,False,Calc_Council_Vote_,1,23440,635364,diplomacy
12,D:\MOX\COUNCIL.C,code,False,Get_Council_Message_,1,23529,635453,diplomacy
12,D:\MOX\COUNCIL.C,code,False,Next_Council_State_,1,23984,635908,diplomacy
12,D:\MOX\COUNCIL.C,code,False,Council_Finished_Voting_,1,24056,635980,diplomacy
12,D:\MOX\COUNCIL.C,code,False,Council_Votes_,1,24252,636176,diplomacy
12,D:\MOX\COUNCIL.C,code,False,Vote_Check_,1,24609,636533,diplomacy
12,D:\MOX\COUNCIL.C,code,False,Council_Vote_Result_,1,25060,636984,diplomacy
12,D:\MOX\COUNCIL.C,code,False,Council_Player_Vote_,1,25404,637328,diplomacy
12,D:\MOX\COUNCIL.C,code,False,Council_Accept_Ruling_,1,26123,638047,diplomacy
12,D:\MOX\COUNCIL.C,code,False,Check_For_Council_Meeting_,1,26799,638723,diplomacy
12,D:\MOX\COUNCIL.C,code,False,Load_Council_Text_Messages_,1,26970,638894,diplomacy
12,D:\MOX\COUNCIL.C,code,False,Council_Player_Voted_Winner_,1,27081,639005,diplomacy
12,D:\MOX\COUNCIL.C,code,False,Drive_Council_Player_Voted_Winner_,1,27199,639123,diplomacy
12,D:\MOX\COUNCIL.C,code,False,Get_Player_Voted_Winner_Message_,1,27644,639568,diplomacy
27,D:\MOX\DIPLOMAC.C,code,False,Init_Diplomatic_Relations_,1,251790,863714,diplomacy
27,D:\MOX\DIPLOMAC.C,code,False,End_Of_Turn_Diplomacy_Adjustments_,1,252594,864518,diplomacy
27,D:\MOX\DIPLOMAC.C,code,False,Change_Relations_,1,254901,866825,diplomacy
27,D:\MOX\DIPLOMAC.C,code,False,Reward_Check_,1,256515,868439,diplomacy
27,D:\MOX\DIPLOMAC.C,code,False,Determine_Diplomacy_Messages_,1,256774,868698,diplomacy
27,D:\MOX\DIPLOMAC.C,code,False,Determine_Bad_Message_,1,258268,870192,diplomacy
27,D:\MOX\DIPLOMAC.C,code,False,Sneak_Attack_Or_Declare_War_,1,259483,871407,diplomacy
27,D:\MOX\DIPLOMAC.C,code,False,Peace_Proposal_,1,259732,871656,diplomacy
27,D:\MOX\DIPLOMAC.C,code,False,Get_Demands_,1,260411,872335,diplomacy
27,D:\MOX\DIPLOMAC.C,code,False,Required_Alliances_,1,261424,873348,diplomacy
27,D:\MOX\DIPLOMAC.C,code,False,Determine_Good_Message_,1,261669,873593,diplomacy
27,D:\MOX\DIPLOMAC.C,code,False,Get_War_Count_,1,262184,874108,diplomacy
27,D:\MOX\DIPLOMAC.C,code,False,Get_Player_Contact_Count_,1,262283,874207,diplomacy
27,D:\MOX\DIPLOMAC.C,code,False,Unprovoked_Good_Messages_,1,262602,874526,diplomacy
27,D:\MOX\DIPLOMAC.C,code,False,Sneak_Attack_War_Check_,1,264231,876155,diplomacy
27,D:\MOX\DIPLOMAC.C,code,False,Clear_Diplomacy_Messages_,1,264460,876384,diplomacy
27,D:\MOX\DIPLOMAC.C,code,False,Limit_Treaty_Modifiers_,1,264913,876837,diplomacy
27,D:\MOX\DIPLOMAC.C,code,False,Save_Last_Diplomacy_Messages_,1,265046,876970,diplomacy
27,D:\MOX\DIPLOMAC.C,code,False,Determine_First_Contacts_,1,265047,876971,diplomacy
27,D:\MOX\DIPLOMAC.C,code,False,Modifier_Diplomacy_Adjustments_,1,265644,877568,diplomacy
27,D:\MOX\DIPLOMAC.C,code,False,Find_Worst_Modifier_,1,266207,878131,diplomacy
27,D:\MOX\DIPLOMAC.C,code,False,Declare_War_,1,266360,878284,diplomacy
27,D:\MOX\DIPLOMAC.C,code,False,Break_Treaties_,1,267150,879074,diplomacy
27,D:\MOX\DIPLOMAC.C,code,False,Break_Tribute_,1,269314,881238,diplomacy
27,D:\MOX\DIPLOMAC.C,code,False,Total_War_Loss_Comparison_,1,270095,882019,diplomacy
27,D:\MOX\DIPLOMAC.C,code,False,War_Loss_Comparison_,1,270309,882233,diplomacy
27,D:\MOX\DIPLOMAC.C,code,False,Start_Tribute_Treaty_,1,270409,882333,diplomacy
27,D:\MOX\DIPLOMAC.C,code,False,Start_Treaty_,1,271150,883074,diplomacy
27,D:\MOX\DIPLOMAC.C,code,False,Adjust_Diplomat_Modifiers_,1,271555,883479,diplomacy
27,D:\MOX\DIPLOMAC.C,code,False,Declare_Peace_,1,271611,883535,diplomacy
27,D:\MOX\DIPLOMAC.C,code,False,Diplomacy_Broken_Contacts_,1,271874,883798,diplomacy
27,D:\MOX\DIPLOMAC.C,code,False,Valid_Treaty_Proposal_,1,271966,883890,diplomacy
27,D:\MOX\DIPLOMAC.C,code,False,Check_Treaty_Proposal_,1,272173,884097,diplomacy
27,D:\MOX\DIPLOMAC.C,code,False,Diplomacy_Test_,1,274758,886682,diplomacy
27,D:\MOX\DIPLOMAC.C,code,False,Get_Break_Treaty_Message_,1,275444,887368,diplomacy
27,D:\MOX\DIPLOMAC.C,code,False,Get_Break_Tribute_Treaty_Message_,1,275983,887907,diplomacy
27,D:\MOX\DIPLOMAC.C,code,False,Get_Declare_War_Message_,1,276156,888080,diplomacy
27,D:\MOX\DIPLOMAC.C,code,False,Get_Gift_Response_,1,276259,888183,diplomacy
27,D:\MOX\DIPLOMAC.C,code,False,Get_Demand_Response_,1,276953,888877,diplomacy
27,D:\MOX\DIPLOMAC.C,code,False,Get_Player_Diplomacy_Personality_,1,278166,890090,diplomacy
27,D:\MOX\DIPLOMAC.C,code,False,Sneak_Attack_Evaluations_,1,279713,891637,diplomacy
27,D:\MOX\DIPLOMAC.C,code,False,Set_Demands_,1,281792,893716,diplomacy
27,D:\MOX\DIPLOMAC.C,code,False,Clear_Threat_Turn_,1,281933,893857,diplomacy
42,D:\MOX\OTHERS\EVANHELP.C,code,False,Set_Diplomacy_Request_Help_List_,1,392051,1003975,diplomacy
52,D:\MOX\OTHERS\MAINSCR.C,code,True,Add_Reply_To_Diplomacy_Request_Fields_,1,467366,1079290,diplomacy
52,D:\MOX\OTHERS\MAINSCR.C,code,True,Check_For_Diplomacy_Request_,1,468236,1080160,diplomacy
52,D:\MOX\OTHERS\MAINSCR.C,code,True,Do_Reply_To_Diplomacy_Request_,1,472398,1084322,diplomacy
109,D:\MOX\OTHERS\MAINTAIN.C,code,True,Kill_Spy_,1,908479,1520403,diplomacy
110,D:\MOX\OTHERS\MSG.C,code,True,Add_Diplomacy_Msg_,1,915302,1527226,diplomacy
112,D:\MOX\OTHERS\NETMOX.C,code,False,Net_Request_Human_Diplomacy_,1,959478,1571402,diplomacy
112,D:\MOX\OTHERS\NETMOX.C,code,False,Net_May_Begin_Human_Diplomacy_,1,959777,1571701,diplomacy
112,D:\MOX\OTHERS\NETMOX.C,code,False,Allowed_To_Cancel_Human_Diplomacy_,1,959819,1571743,diplomacy
112,D:\MOX\OTHERS\NETMOX.C,code,False,Net_Cancel_Human_Diplomacy_Request_,1,959830,1571754,diplomacy
112,D:\MOX\OTHERS\NETMOX.C,code,False,Net_End_Human_Diplomacy_,1,959914,1571838,diplomacy
112,D:\MOX\OTHERS\NETMOX.C,code,False,Net_Diplomacy_With_,1,959942,1571866,diplomacy
112,D:\MOX\OTHERS\NETMOX.C,code,False,Human_Requesting_Diplomacy_,1,959950,1571874,diplomacy
112,D:\MOX\OTHERS\NETMOX.C,code,False,Accept_Diplomacy_Request_,1,960035,1571959,diplomacy
112,D:\MOX\OTHERS\NETMOX.C,code,False,Refuse_Diplomacy_Request_,1,960296,1572220,diplomacy
112,D:\MOX\OTHERS\NETMOX.C,code,False,Tell_Diplomacy_Requester_To_Wait_,1,960372,1572296,diplomacy
112,D:\MOX\OTHERS\NETMOX.C,code,False,Humans_Requesting_Diplomacy_,1,960405,1572329,diplomacy
112,D:\MOX\OTHERS\NETMOX.C,code,False,Net_Human_Rejected_Diplomacy_,1,960411,1572335,diplomacy
116,D:\MOX\OTHERS\REPORT.C,code,True,Has_Diplomacy_Messages_,1,975880,1587804,diplomacy
60,D:\MOX\OTHERS\SCORE.C,code,True,Get_Won_Council_Score_,1,584215,1196139,diplomacy
60,D:\MOX\OTHERS\SCORE.C,code,True,Won_Council_Vote_,1,584754,1196678,diplomacy
120,D:\MOX\OTHERS\SPY.C,code,False,Compute_Spy_Bonuses_,1,985731,1597655,diplomacy
120,D:\MOX\OTHERS\SPY.C,code,True,Frame_Another_,1,986053,1597977,diplomacy
120,D:\MOX\OTHERS\SPY.C,code,True,Steal_App_,1,987548,1599472,diplomacy
120,D:\MOX\OTHERS\SPY.C,code,True,Destroy_Random_Building_,1,987914,1599838,diplomacy
120,D:\MOX\OTHERS\SPY.C,code,True,N_Spies_Bonus_,1,988291,1600215,diplomacy
120,D:\MOX\OTHERS\SPY.C,code,True,Resolve_Player_Spies_,1,988324,1600248,diplomacy
120,D:\MOX\OTHERS\SPY.C,code,True,Leader_Assassinates_,1,989032,1600956,diplomacy
120,D:\MOX\OTHERS\SPY.C,code,True,Resolve_Assassins_,1,989347,1601271,diplomacy
120,D:\MOX\OTHERS\SPY.C,code,False,Resolve_Spies_,1,989483,1601407,diplomacy
120,D:\MOX\OTHERS\SPY.C,code,False,Bring_Home_Spies_Vs_,1,989680,1601604,diplomacy
128,D:\MOX\RACESCRN.C,code,True,Update_Spy_Stuff_,1,1034381,1646305,diplomacy
128,D:\MOX\RACESCRN.C,code,True,Get_Spy_Group_For_Field_,1,1035231,1647155,diplomacy
128,D:\MOX\RACESCRN.C,code,True,Adjust_Spy_Mission_Data_,1,1035299,1647223,diplomacy
128,D:\MOX\RACESCRN.C,code,True,Redraw_Spy_Mouse_,1,1035341,1647265,diplomacy
128,D:\MOX\RACESCRN.C,code,True,Move_Spy_Group_From_Mouse_,1,1035461,1647385,diplomacy
128,D:\MOX\RACESCRN.C,code,True,Move_Spy_Group_To_Mouse_,1,1035621,1647545,diplomacy
128,D:\MOX\RACESCRN.C,code,True,Erase_Mouse_Spies_,1,1035713,1647637,diplomacy
27,D:\MOX\DIPLOMAC.C,code,False,NPC_Sneak_Attacks_,1,278235,890159,diplomacy;ai
17,D:\MOX\NPCDIPLO.C,code,False,NPC_Diplomacy_,1,86695,698619,diplomacy;ai
17,D:\MOX\NPCDIPLO.C,code,False,NPC_To_NPC_Treaty_Negotiations_,1,87341,699265,diplomacy;ai
17,D:\MOX\NPCDIPLO.C,code,False,Eliminate_NPC_Treaty_Conflicts_,1,89030,700954,diplomacy;ai
17,D:\MOX\NPCDIPLO.C,code,False,NPC_Diplomacy_Buildup_Penalties_,1,89212,701136,diplomacy;ai
17,D:\MOX\NPCDIPLO.C,code,False,NPC_To_Human_Diplomacy_,1,92560,704484,diplomacy;ai
17,D:\MOX\NPCDIPLO.C,code,False,NPC_Treaty_Hatred_,1,96207,708131,diplomacy;ai
112,D:\MOX\OTHERS\NETMOX.C,code,False,Net_Request_AI_Diplomacy_,1,959088,1571012,diplomacy;ai
112,D:\MOX\OTHERS\NETMOX.C,code,False,Net_May_Begin_AI_Diplomacy_,1,959145,1571069,diplomacy;ai
112,D:\MOX\OTHERS\NETMOX.C,code,False,Net_End_AI_Diplomacy_,1,959173,1571097,diplomacy;ai
112,D:\MOX\OTHERS\NETMOX.C,code,False,Net_Cancel_AI_Diplomacy_Request_,1,959375,1571299,diplomacy;ai
112,D:\MOX\OTHERS\NETMOX.C,code,False,Net_Cancel_AI_Diplomacy_Confirmed_,1,959441,1571365,diplomacy;ai
112,D:\MOX\OTHERS\NETMOX.C,code,False,No_AI_Diplomacy_Allowed_,1,959452,1571376,diplomacy;ai
120,D:\MOX\OTHERS\SPY.C,code,False,Allocate_AI_Spies_,1,986393,1598317,diplomacy;ai
14,D:\MOX\DIP-SCRN.C,code,False,Npc_Display_Diplomacy_Messages_,1,42247,654171,diplomacy;ai;ui
14,D:\MOX\DIP-SCRN.C,code,False,Accepted_Npc_Demand_Resolution_,1,43966,655890,diplomacy;ai;ui
14,D:\MOX\DIP-SCRN.C,code,False,Npc_Give_Gift_,1,44725,656649,diplomacy;ai;ui
14,D:\MOX\DIP-SCRN.C,code,False,Npc_Diplomacy_Screen_,1,44966,656890,diplomacy;ai;ui
27,D:\MOX\DIPLOMAC.C,code,False,Fleet_Strength_Comparison_,1,262351,874275,diplomacy;fleet
27,D:\MOX\DIPLOMAC.C,code,False,Fleet_Comparison_,1,269774,881698,diplomacy;fleet
123,D:\MOX\BILLHELP.C,code,False,Treaties_Menu_Help_,1,998113,1610037,diplomacy;ui
12,D:\MOX\COUNCIL.C,code,False,Main_Council_Screen_,1,21049,632973,diplomacy;ui
12,D:\MOX\COUNCIL.C,code,False,Control_Main_Council_Screen_,1,21408,633332,diplomacy;ui
12,D:\MOX\COUNCIL.C,code,False,Draw_Main_Council_Screen_,1,21537,633461,diplomacy;ui
12,D:\MOX\COUNCIL.C,code,False,Reload_Main_Council_Screen_,1,22228,634152,diplomacy;ui
12,D:\MOX\COUNCIL.C,code,False,Draw_Council_Player_Voted_Winner_,1,27346,639270,diplomacy;ui
14,D:\MOX\DIP-SCRN.C,code,False,Diplomacy_Screen_,1,27726,639650,diplomacy;ui
14,D:\MOX\DIP-SCRN.C,code,False,Draw_Diplomacy_Screen_,1,28416,640340,diplomacy;ui
14,D:\MOX\DIP-SCRN.C,code,False,Draw_Diplomacy_Synch_Mode_,1,28416,640340,diplomacy;ui
14,D:\MOX\DIP-SCRN.C,code,False,Get_Main_Repulsive_Diplomacy_Choices_,1,29223,641147,diplomacy;ui
14,D:\MOX\DIP-SCRN.C,code,False,Get_Main_Diplomacy_Choices_,1,30092,642016,diplomacy;ui
14,D:\MOX\DIP-SCRN.C,code,False,Diplomacy_Set_Main_Options_,1,30791,642715,diplomacy;ui
14,D:\MOX\DIP-SCRN.C,code,False,Diplomacy_Declare_War_Resolution_,1,31220,643144,diplomacy;ui
14,D:\MOX\DIP-SCRN.C,code,False,Setup_Back_Page_,1,31569,643493,diplomacy;ui
14,D:\MOX\DIP-SCRN.C,code,False,Setup_Ambassador_Pic_,1,31666,643590,diplomacy;ui
14,D:\MOX\DIP-SCRN.C,code,False,Diplomacy_Fade_In_,1,31751,643675,diplomacy;ui
14,D:\MOX\DIP-SCRN.C,code,False,Draw_Diplomacy_Fade_In_Screen_,1,32029,643953,diplomacy;ui
14,D:\MOX\DIP-SCRN.C,code,False,Diplomacy_Propose_Treaty_,1,32091,644015,diplomacy;ui
14,D:\MOX\DIP-SCRN.C,code,False,Diplomacy_Break_Treaty_,1,32980,644904,diplomacy;ui
14,D:\MOX\DIP-SCRN.C,code,False,Diplomacy_Break_Treaty_Resolution_,1,33545,645469,diplomacy;ui
14,D:\MOX\DIP-SCRN.C,code,False,Get_Human_Surrender_Message_,1,34144,646068,diplomacy;ui
14,D:\MOX\DIP-SCRN.C,code,False,Get_Human_Declare_War_Message_,1,34198,646122,diplomacy;ui
14,D:\MOX\DIP-SCRN.C,code,False,Get_Human_Offer_Gift_Message_,1,34237,646161,diplomacy;ui
14,D:\MOX\DIP-SCRN.C,code,False,Get_Human_Demand_Message_,1,34515,646439,diplomacy;ui
14,D:\MOX\DIP-SCRN.C,code,False,Get_Human_Break_Treaty_Message_,1,34874,646798,diplomacy;ui
14,D:\MOX\DIP-SCRN.C,code,False,Get_Human_Form_Treaty_Message_,1,35040,646964,diplomacy;ui
14,D:\MOX\DIP-SCRN.C,code,False,Get_Human_Propose_Treaty_Message_,1,35308,647232,diplomacy;ui
14,D:\MOX\DIP-SCRN.C,code,False,Diplomacy_Demand_,1,35705,647629,diplomacy;ui
14,D:\MOX\DIP-SCRN.C,code,False,Diplomacy_Offer_Gift_,1,38085,650009,diplomacy;ui
14,D:\MOX\DIP-SCRN.C,code,False,Diplomacy_Display_Response_,1,39193,651117,diplomacy;ui
14,D:\MOX\DIP-SCRN.C,code,False,Diplomacy_Determine_Treaty_Proposal_,1,39319,651243,diplomacy;ui
14,D:\MOX\DIP-SCRN.C,code,False,Diplomacy_Need_Better_Offer_,1,39800,651724,diplomacy;ui
14,D:\MOX\DIP-SCRN.C,code,False,Diplomacy_Generic_List_,1,40424,652348,diplomacy;ui
14,D:\MOX\DIP-SCRN.C,code,False,Diplomacy_Generic_System_List_,1,41469,653393,diplomacy;ui
14,D:\MOX\DIP-SCRN.C,code,False,Draw_Diplomacy_Generic_System_List_,1,42029,653953,diplomacy;ui
14,D:\MOX\DIP-SCRN.C,code,False,Get_Diplomacy_Demand_Treaty_List_,1,42061,653985,diplomacy;ui
14,D:\MOX\DIP-SCRN.C,code,False,Get_Non_Player_Proposals_,1,44050,655974,diplomacy;ui
14,D:\MOX\DIP-SCRN.C,code,False,Show_Sneak_Attack_Message_,1,44960,656884,diplomacy;ui
14,D:\MOX\DIP-SCRN.C,code,False,Check_Human_Treaty_Proposal_,1,45163,657087,diplomacy;ui
14,D:\MOX\DIP-SCRN.C,code,False,Get_Human_Treaty_Choice_,1,45479,657403,diplomacy;ui
14,D:\MOX\DIP-SCRN.C,code,False,Check_Better_Offer_Available_,1,45914,657838,diplomacy;ui
14,D:\MOX\DIP-SCRN.C,code,False,Get_Human_Demand_Choice_,1,46005,657929,diplomacy;ui
14,D:\MOX\DIP-SCRN.C,code,False,Diplomacy_Give_In_To_Demand_,1,46215,658139,diplomacy;ui
14,D:\MOX\DIP-SCRN.C,code,False,Get_Human_Demand_Response_,1,46520,658444,diplomacy;ui
14,D:\MOX\DIP-SCRN.C,code,False,Get_Human_Gift_Response_,1,46884,658808,diplomacy;ui
14,D:\MOX\DIP-SCRN.C,code,False,Diplomacy_Load_New_Ambassador_,1,47233,659157,diplomacy;ui
14,D:\MOX\DIP-SCRN.C,code,False,Diplomacy_Mouse_Init_,1,47406,659330,diplomacy;ui
14,D:\MOX\DIP-SCRN.C,code,False,Diplomacy_Human_Need_Better_Offer_,1,48475,660399,diplomacy;ui
14,D:\MOX\DIP-SCRN.C,code,False,Check_Surrender_System_,1,50199,662123,diplomacy;ui
14,D:\MOX\DIP-SCRN.C,code,False,Diplomacy_System_Display_,1,50297,662221,diplomacy;ui
14,D:\MOX\DIP-SCRN.C,code,False,Draw_Diplomacy_System_Display_,1,51176,663100,diplomacy;ui
14,D:\MOX\DIP-SCRN.C,code,False,Draw_Diplomacy_System_,1,51315,663239,diplomacy;ui
14,D:\MOX\DIP-SCRN.C,code,False,Draw_Diplomacy_System_Text_,1,51417,663341,diplomacy;ui
14,D:\MOX\DIP-SCRN.C,code,False,Diplomacy_System_Scan_,1,51836,663760,diplomacy;ui
14,D:\MOX\DIP-SCRN.C,code,False,Start_Diplomacy_Music_,1,53461,665385,diplomacy;ui
14,D:\MOX\DIP-SCRN.C,code,False,Diplomacy_Surrender_,1,53496,665420,diplomacy;ui
14,D:\MOX\DIP-SCRN.C,code,False,Get_Diplomacy_Statement_,1,54629,666553,diplomacy;ui
14,D:\MOX\DIP-SCRN.C,code,False,An_,1,56855,668779,diplomacy;ui
14,D:\MOX\DIP-SCRN.C,code,False,Get_Net_Diplomacy_Choices_,1,57080,669004,diplomacy;ui
14,D:\MOX\DIP-SCRN.C,code,False,Diplomacy_Net_Switcheroo_,1,60695,672619,diplomacy;ui
14,D:\MOX\DIP-SCRN.C,code,False,Diplomacy_Initial_Synch_Up_,1,60828,672752,diplomacy;ui
14,D:\MOX\DIP-SCRN.C,code,False,Diplomacy_Listen_Mode_,1,60905,672829,diplomacy;ui
14,D:\MOX\DIP-SCRN.C,code,False,Diplomacy_Chat_,1,61275,673199,diplomacy;ui
14,D:\MOX\DIP-SCRN.C,code,False,Draw_Diplomacy_Listen_Mode_,1,61628,673552,diplomacy;ui
14,D:\MOX\DIP-SCRN.C,code,False,Diplomacy_Synch_Mode_,1,61743,673667,diplomacy;ui
14,D:\MOX\DIP-SCRN.C,code,False,Start_Net_Treaty_,1,61821,673745,diplomacy;ui
14,D:\MOX\DIP-SCRN.C,code,False,Diplomacy_Receive_Message_,1,62000,673924,diplomacy;ui
14,D:\MOX\DIP-SCRN.C,code,False,Get_Listen_Mode_Message_,1,62283,674207,diplomacy;ui
14,D:\MOX\DIP-SCRN.C,code,False,Load_Diplomacy_Text_Messages_,1,62332,674256,diplomacy;ui
14,D:\MOX\DIP-SCRN.C,code,False,Setup_Diplomacy_Help_,1,64531,676455,diplomacy;ui
14,D:\MOX\DIP-SCRN.C,code,False,Setup_Full_Screen_Diplomacy_Help_,1,64774,676698,diplomacy;ui
14,D:\MOX\DIP-SCRN.C,code,False,Set_Opportunity_Attacks_,1,64896,676820,diplomacy;ui
14,D:\MOX\DIP-SCRN.C,code,False,Add_Diplomacy_Turn_Summary_Messages_,1,65269,677193,diplomacy;ui
14,D:\MOX\DIP-SCRN.C,code,False,Resolve_Delayed_Diplomacy_Orders_,1,65517,677441,diplomacy;ui
14,D:\MOX\DIP-SCRN.C,code,False,Diplomacy_Main_Net_Chat_,1,65731,677655,diplomacy;ui
14,D:\MOX\DIP-SCRN.C,code,False,Diplomacy_Message_Is_Interactive_,1,65890,677814,diplomacy;ui
52,D:\MOX\OTHERS\MAINSCR.C,code,True,Draw_Diplomacy_Request_Lights_,1,474374,1086298,diplomacy;ui
52,D:\MOX\OTHERS\MAINSCR.C,code,True,Draw_Reply_To_Diplomacy_Request_Popup_,1,480211,1092135,diplomacy;ui
52,D:\MOX\OTHERS\MAINSCR.C,code,True,Load_Reply_To_Diplomacy_Request_Popup_,1,483601,1095525,diplomacy;ui
60,D:\MOX\OTHERS\SCORE.C,code,True,Draw_Council_Score_,1,580671,1192595,diplomacy;ui
123,D:\MOX\BILLHELP.C,code,False,Trade_Cash_Help_,1,998197,1610121,economy
125,D:\MOX\INFO.C,code,True,Initialize_Maintenance_Values_,1,1013163,1625087,economy
40,D:\MOX\OTHERS\DESBOX.C,code,True,System_Added_Cost_And_Space_,1,363837,975761,economy
41,D:\MOX\OTHERS\DESIGN.C,code,False,Computer_Cost_,1,373975,985899,economy
41,D:\MOX\OTHERS\DESIGN.C,code,False,Cost_Given_M_Level_,1,374041,985965,economy
41,D:\MOX\OTHERS\DESIGN.C,code,False,Cost_Of_Design_,1,374135,986059,economy
41,D:\MOX\OTHERS\DESIGN.C,code,False,Current_Design_Shield_Cost_,1,375003,986927,economy
41,D:\MOX\OTHERS\DESIGN.C,code,True,Printed_Design_Cost_,1,375113,987037,economy
41,D:\MOX\OTHERS\DESIGN.C,code,False,Design_Cost_For_Player_,1,375197,987121,economy
41,D:\MOX\OTHERS\DESIGN.C,code,False,Cost_Reduction_For_Govt_Type_,1,385440,997364,economy
41,D:\MOX\OTHERS\DESIGN.C,code,False,Shield_Cost_,1,385768,997692,economy
41,D:\MOX\OTHERS\DESIGN.C,code,False,Shield_Cost_Given_M_Level_,1,385814,997738,economy
41,D:\MOX\OTHERS\DESIGN.C,code,False,Total_Design_Cost_,1,386935,998859,economy
47,D:\MOX\OTHERS\HACCESS.C,code,False,Design_Cost_,1,425111,1037035,economy
28,D:\MOX\OTHERS\INITSHIP.C,code,False,Cost_Of_Strategic_Design_,1,292198,904122,economy
83,D:\MOX\OTHERS\MAINPUPS.C,code,True,Update_Tax_Rate_Fields_,1,769946,1381870,economy
83,D:\MOX\OTHERS\MAINPUPS.C,code,True,Add_Tax_Rate_Fields_,1,769973,1381897,economy
83,D:\MOX\OTHERS\MAINPUPS.C,code,True,Evaluate_Tax_Rate_Input_,1,770456,1382380,economy
109,D:\MOX\OTHERS\MAINTAIN.C,code,False,Player_Maintenance_,1,909488,1521412,economy
58,D:\MOX\OTHERS\OFFICER.C,code,False,Officer_Maintenance_,1,543389,1155313,economy
58,D:\MOX\OTHERS\OFFICER.C,code,False,Calculate_Officer_Cost_,1,555561,1167485,economy
58,D:\MOX\OTHERS\OFFICER.C,code,False,Officer_Cost_,1,555565,1167489,economy
30,D:\MOX\OTHERS\RACEOPT.C,code,False,Real_Ability_Cost_,1,307049,918973,economy
121,D:\MOX\OTHERS\TRADE.C,code,False,Base_Trade_Agreement_Goal_,1,990012,1601936,economy
121,D:\MOX\OTHERS\TRADE.C,code,True,Trade_Agreement_Goal_,1,990116,1602040,economy
121,D:\MOX\OTHERS\TRADE.C,code,True,Process_Trade_Agreement_,1,990547,1602471,economy
121,D:\MOX\OTHERS\TRADE.C,code,False,Start_Trade_Agreement_,1,990947,1602871,economy
91,D:\MOX\OTHERS\AIBUILD.C,code,False,Empire_Buy_Outright_,1,789807,1401731,economy;ai
91,D:\MOX\OTHERS\AIBUILD.C,code,False,Refit_Cost_,1,790667,1402591,economy;ai
98,D:\MOX\OTHERS\AITRADE.C,code,False,AI_Agrees_To_Trade_Agreement_,1,838705,1450629,economy;ai
102,D:\MOX\OTHERS\COLCALC.C,code,False,_climate_maintenance_modifiers,1,840890,1452814,economy;colony
102,D:\MOX\OTHERS\COLCALC.C,code,True,Colony_BC_Production_,1,852977,1464901,economy;colony
102,D:\MOX\OTHERS\COLCALC.C,code,False,Show_BC_Production_,1,854216,1466140,economy;colony
102,D:\MOX\OTHERS\COLCALC.C,code,True,Colony_BC_Maintenance_,1,854351,1466275,economy;colony
102,D:\MOX\OTHERS\COLCALC.C,code,False,Colony_Product_Cost_,1,855510,1467434,economy;colony
102,D:\MOX\OTHERS\COLCALC.C,code,False,Colony_Current_Product_Cost_,1,855957,1467881,economy;colony
102,D:\MOX\OTHERS\COLCALC.C,code,False,Colony_Cost_To_Buy_Given_Product_,1,856066,1467990,economy;colony
102,D:\MOX\OTHERS\COLCALC.C,code,False,Colony_Cost_To_Buy_Product_,1,856197,1468121,economy;colony
102,D:\MOX\OTHERS\COLCALC.C,code,False,Colony_Buy_Outright_,1,856221,1468145,economy;colony
102,D:\MOX\OTHERS\COLCALC.C,code,False,Colony_Can_Afford_To_Buy_Product_,1,856298,1468222,economy;colony
102,D:\MOX\OTHERS\COLCALC.C,code,False,Compute_Player_Maintenance_,1,860160,1472084,economy;colony
74,D:\MOX\OTHERS\COLONY.C,code,False,Colony_Can_Buy_Product_0_,1,716712,1328636,economy;colony
76,D:\MOX\OTHERS\COLSUM.C,code,True,cmp_BC_,1,735241,1347165,economy;colony
93,D:\MOX\OTHERS\AIDUDES.C,code,False,Colony_AI_Given_Tax_,1,814621,1426545,economy;colony;ai
102,D:\MOX\OTHERS\COLCALC.C,code,False,Ship_Type_Cost_For_Player_,1,855448,1467372,economy;colony;fleet
68,D:\MOX\OTHERS\COLBLDG.C,code,False,Draw_Cost_And_Time_Info_,1,670550,1282474,economy;colony;ui
23,D:\MOX\OTHERS\CMBTMOV1.C,code,False,Turn_Cost_,1,194851,806775,economy;combat
23,D:\MOX\OTHERS\CMBTMOV1.C,code,False,Move_Cost_,1,194911,806835,economy;combat
41,D:\MOX\OTHERS\DESIGN.C,code,False,Weapon_Cost_,1,388212,1000136,economy;combat
27,D:\MOX\DIPLOMAC.C,code,False,Maintenance_Strength_Comparison_,1,262558,874482,economy;diplomacy
27,D:\MOX\DIPLOMAC.C,code,False,Break_Trade_,1,268716,880640,economy;diplomacy
27,D:\MOX\DIPLOMAC.C,code,False,Start_Trade_Treaty_,1,270911,882835,economy;diplomacy
27,D:\MOX\DIPLOMAC.C,code,False,Get_Break_Trade_Message_,1,275820,887744,economy;diplomacy
14,D:\MOX\DIP-SCRN.C,code,False,Diplomacy_Offer_Money_,1,53815,665739,economy;diplomacy;ui
123,D:\MOX\BILLHELP.C,code,False,Trade_Menu_Help_,1,998176,1610100,economy;ui
125,D:\MOX\INFO.C,code,True,Draw_Maint_Income_Chart_,1,1011866,1623790,economy;ui
86,D:\MOX\OTHERS\ERICHELP.C,code,False,Set_Tax_Rate_Popup_Help_List_,1,777198,1389122,economy;ui
83,D:\MOX\OTHERS\MAINPUPS.C,code,True,Load_Tax_Rate_Popup_,1,769723,1381647,economy;ui
83,D:\MOX\OTHERS\MAINPUPS.C,code,True,Draw_Tax_Rate_Popup_,1,770386,1382310,economy;ui
83,D:\MOX\OTHERS\MAINPUPS.C,code,False,Tax_Rate_Popup_,1,770571,1382495,economy;ui
15,D:\MOX\EVENTS.C,code,False,Event_Get_Fleet_Strength_,1,74301,686225,fleet
15,D:\MOX\EVENTS.C,code,False,Ship_Size_Points_At_Star_,1,80680,692604,fleet
15,D:\MOX\EVENTS.C,code,False,Pick_Random_Ship_,1,81133,693057,fleet
124,D:\MOX\FMTPARA.C,code,True,Process_Command_,1,1000368,1612292,fleet
37,D:\MOX\OTHERS\ADVCIV.C,code,False,Assign_Advanced_Civilization_Starting_Ships_,1,342088,954012,fleet
38,D:\MOX\OTHERS\ANTARANS.C,code,True,Build_Antaran_Defensive_Ships_,1,343964,955888,fleet
38,D:\MOX\OTHERS\ANTARANS.C,code,True,Build_Antaran_Offensive_Ships_,1,344011,955935,fleet
38,D:\MOX\OTHERS\ANTARANS.C,code,True,Build_Antaran_Ships_,1,344048,955972,fleet
38,D:\MOX\OTHERS\ANTARANS.C,code,True,Deploy_Antaran_Ships_,1,344992,956916,fleet
38,D:\MOX\OTHERS\ANTARANS.C,code,False,Kill_Antaran_Defensive_Ship_,1,345849,957773,fleet
38,D:\MOX\OTHERS\ANTARANS.C,code,False,Kill_Antaran_Offensive_Ship_,1,345931,957855,fleet
38,D:\MOX\OTHERS\ANTARANS.C,code,True,Next_Antaran_Ship_Size_,1,345997,957921,fleet
38,D:\MOX\OTHERS\ANTARANS.C,code,True,No_Small_Ships_After_N_Turns_,1,346071,957995,fleet
38,D:\MOX\OTHERS\ANTARANS.C,code,True,No_Medium_Ships_After_N_Turns_,1,346139,958063,fleet
38,D:\MOX\OTHERS\ANTARANS.C,code,False,Restock_Antaran_Ship_,1,346207,958131,fleet
65,D:\MOX\OTHERS\BEAMS.C,code,False,Get_Ship_Range_,1,619330,1231254,fleet
65,D:\MOX\OTHERS\BEAMS.C,code,True,Load_Ship_Burst_,1,619594,1231518,fleet
65,D:\MOX\OTHERS\BEAMS.C,code,True,Load_Ship_Explosion_,1,619717,1231641,fleet
65,D:\MOX\OTHERS\BEAMS.C,code,False,Add_Damage_Indicator_For_Ship_,1,627626,1239550,fleet
65,D:\MOX\OTHERS\BEAMS.C,code,False,Ship_Size_To_Shield_Size_,1,629421,1241345,fleet
41,D:\MOX\OTHERS\DESIGN.C,code,False,Get_Ship_Design_Name_,1,379031,990955,fleet
41,D:\MOX\OTHERS\DESIGN.C,code,True,Print_Ship_Size_Error_Message_,1,385169,997093,fleet
79,D:\MOX\OTHERS\ERIC.C,code,False,Player_Has_Ship_Size_Or_Larger_At_Star_,1,745705,1357629,fleet
43,D:\MOX\OTHERS\FLEETPOP.C,code,False,Add_Fleet_Movement_Box_Fields_,1,392968,1004892,fleet
43,D:\MOX\OTHERS\FLEETPOP.C,code,False,At_Least_One_Ship_Of_Type_Selected_,1,393738,1005662,fleet
43,D:\MOX\OTHERS\FLEETPOP.C,code,True,Can_Build_Outpost_,1,393773,1005697,fleet
43,D:\MOX\OTHERS\FLEETPOP.C,code,False,Clear_Ship_Node_Selection_Flags_,1,393925,1005849,fleet
43,D:\MOX\OTHERS\FLEETPOP.C,code,False,Clear_Fleet_Selection_Status_Flags_,1,393957,1005881,fleet
43,D:\MOX\OTHERS\FLEETPOP.C,code,False,First_Unselected_Icon_,1,397467,1009391,fleet
43,D:\MOX\OTHERS\FLEETPOP.C,code,True,Fleet_Box_Grid_Height_,1,397720,1009644,fleet
43,D:\MOX\OTHERS\FLEETPOP.C,code,False,Fleet_Box_Height_,1,397798,1009722,fleet
43,D:\MOX\OTHERS\FLEETPOP.C,code,False,Fleet_Box_Width_,1,398040,1009964,fleet
43,D:\MOX\OTHERS\FLEETPOP.C,code,True,Get_Absolute_Location_Scan_Info_,1,398101,1010025,fleet
43,D:\MOX\OTHERS\FLEETPOP.C,code,False,Get_Fleetpop_Scanned_Ship_Info_,1,398286,1010210,fleet
43,D:\MOX\OTHERS\FLEETPOP.C,code,False,N_Fleet_Icons_,1,398437,1010361,fleet
43,D:\MOX\OTHERS\FLEETPOP.C,code,True,Planet_Is_Colonizable_,1,398497,1010421,fleet
43,D:\MOX\OTHERS\FLEETPOP.C,code,True,Print_Fleet_Box_Info_,1,398598,1010522,fleet
43,D:\MOX\OTHERS\FLEETPOP.C,code,False,Reload_Fleet_Box_Data_,1,399895,1011819,fleet
43,D:\MOX\OTHERS\FLEETPOP.C,code,False,Fleet_Box_Data_,1,399927,1011851,fleet
43,D:\MOX\OTHERS\FLEETPOP.C,code,False,Reload_Fleet_Box_Palette_,1,400142,1012066,fleet
43,D:\MOX\OTHERS\FLEETPOP.C,code,False,Reload_Ship_Selection_Status_,1,400156,1012080,fleet
43,D:\MOX\OTHERS\FLEETPOP.C,code,False,Save_Ship_Selection_Status_,1,400273,1012197,fleet
43,D:\MOX\OTHERS\FLEETPOP.C,code,True,Set_Engage_Enemy_Forces_Flag_,1,401565,1013489,fleet
43,D:\MOX\OTHERS\FLEETPOP.C,code,True,Set_Fleet_Box_Data_Dimensions_,1,401899,1013823,fleet
43,D:\MOX\OTHERS\FLEETPOP.C,code,False,Set_Fleet_Movement_Box_Dimensions_,1,402026,1013950,fleet
43,D:\MOX\OTHERS\FLEETPOP.C,code,False,Set_Fleet_Movement_Icon_Selections_,1,402078,1014002,fleet
43,D:\MOX\OTHERS\FLEETPOP.C,code,True,Set_Transport_Troops_Flag_,1,402246,1014170,fleet
43,D:\MOX\OTHERS\FLEETPOP.C,code,True,Ship_Should_Be_Auto_Selected_,1,402639,1014563,fleet
43,D:\MOX\OTHERS\FLEETPOP.C,code,False,Icon_Selection_Status_,1,402735,1014659,fleet
43,D:\MOX\OTHERS\FLEETPOP.C,code,True,Buffer_Reload_Fleetpop_Frame_,1,402832,1014756,fleet
43,D:\MOX\OTHERS\FLEETPOP.C,code,False,Some_Icon_Selected_,1,402967,1014891,fleet
43,D:\MOX\OTHERS\FLEETPOP.C,code,False,Can_Select_Fleet_Box_Ship_,1,403025,1014949,fleet
44,D:\MOX\OTHERS\FLT1.C,code,True,Get_Scrap_Ship_Value_,1,405089,1017013,fleet
44,D:\MOX\OTHERS\FLT1.C,code,True,Cant_Order_Ship_Message_,1,405215,1017139,fleet
44,D:\MOX\OTHERS\FLT1.C,code,False,Next_Ship_Icon_,1,410882,1022806,fleet
44,D:\MOX\OTHERS\FLT1.C,code,False,Previous_Ship_Icon_,1,411045,1022969,fleet
44,D:\MOX\OTHERS\FLT1.C,code,False,Reload_Small_Ship_Icons_,1,411959,1023883,fleet
44,D:\MOX\OTHERS\FLT1.C,code,False,Scan_Small_Ship_Icons_,1,412144,1024068,fleet
44,D:\MOX\OTHERS\FLT1.C,code,False,Scrap_Ships_,1,412414,1024338,fleet
44,D:\MOX\OTHERS\FLT1.C,code,True,First_Selected_Ship_,1,413400,1025324,fleet
44,D:\MOX\OTHERS\FLT1.C,code,True,F_Ship_Icon_From_Node_Ptr_,1,413521,1025445,fleet
44,D:\MOX\OTHERS\FLT1.C,code,True,N_Fltscrn_Ships_Selected_,1,414616,1026540,fleet
45,D:\MOX\OTHERS\FLT2.C,code,True,Move_Ship_To_Front_Of_List_,1,415746,1027670,fleet
45,D:\MOX\OTHERS\FLT2.C,code,False,Build_Fltscrn_Ship_List_,1,415837,1027761,fleet
45,D:\MOX\OTHERS\FLT2.C,code,False,Create_Blank_Fleet_Icon_,1,416067,1027991,fleet
45,D:\MOX\OTHERS\FLT2.C,code,False,Fltscrn_Move_Ships_,1,417096,1029020,fleet
45,D:\MOX\OTHERS\FLT2.C,code,False,Fltscrn_Ships_To_Be_Displayed_,1,417512,1029436,fleet
45,D:\MOX\OTHERS\FLT2.C,code,True,Ok_To_Add_Ship_,1,418087,1030011,fleet
45,D:\MOX\OTHERS\FLT2.C,code,False,Print_Scanned_Ship_Data_,1,419598,1031522,fleet
45,D:\MOX\OTHERS\FLT2.C,code,False,Set_Fltscrn_Small_Ship_Icon_XYs_,1,421960,1033884,fleet
45,D:\MOX\OTHERS\FLT2.C,code,False,Set_Small_Ship_Stack_Pointer_,1,422596,1034520,fleet
106,D:\MOX\OTHERS\GEO.C,code,False,Point_Within_D_Of_Seg_,1,898353,1510277,fleet
106,D:\MOX\OTHERS\GEO.C,code,False,Point_Is_In_Nebula_N_,1,899528,1511452,fleet
106,D:\MOX\OTHERS\GEO.C,code,False,Point_Is_In_Some_Nebula_,1,899642,1511566,fleet
106,D:\MOX\OTHERS\GEO.C,code,False,Point_Is_In_Warp_Field_Interdictor_Of_Star_,1,899779,1511703,fleet
47,D:\MOX\OTHERS\HACCESS.C,code,False,Build_Saved_Ship_Array_,1,424782,1036706,fleet
47,D:\MOX\OTHERS\HACCESS.C,code,False,Clear_Fleet_Box_Selected_Ship_Status_,1,424945,1036869,fleet
47,D:\MOX\OTHERS\HACCESS.C,code,False,Fleet_Movement_Icon_Selected_,1,425821,1037745,fleet
47,D:\MOX\OTHERS\HACCESS.C,code,False,Fleet_Movement_Icon_Ship_Stack_,1,425843,1037767,fleet
47,D:\MOX\OTHERS\HACCESS.C,code,False,Fleet_Movement_Owner_,1,425950,1037874,fleet
47,D:\MOX\OTHERS\HACCESS.C,code,False,Ship_Stack_Owner_,1,425961,1037885,fleet
47,D:\MOX\OTHERS\HACCESS.C,code,False,Ship_Owner_,1,425973,1037897,fleet
47,D:\MOX\OTHERS\HACCESS.C,code,False,Fleet_Movement_Ship_Id_,1,426003,1037927,fleet
47,D:\MOX\OTHERS\HACCESS.C,code,False,Get_Fleet_Box_Selected_Ship_Ids_,1,426026,1037950,fleet
47,D:\MOX\OTHERS\HACCESS.C,code,False,Get_Stack_Start_From_Saved_Ship_Array_,1,426195,1038119,fleet
47,D:\MOX\OTHERS\HACCESS.C,code,False,Node_Ptr_From_Ship_Id_,1,426795,1038719,fleet
47,D:\MOX\OTHERS\HACCESS.C,code,False,Node_Ptr_From_Ship_Stack_,1,426858,1038782,fleet
47,D:\MOX\OTHERS\HACCESS.C,code,False,Player_Can_Order_Ship_,1,427069,1038993,fleet
47,D:\MOX\OTHERS\HACCESS.C,code,False,Save_Hotseat_Fleet_Box_Ship_,1,427822,1039746,fleet
47,D:\MOX\OTHERS\HACCESS.C,code,False,Set_Hotseat_Fleet_Box_To_Last_Stack_,1,427888,1039812,fleet
47,D:\MOX\OTHERS\HACCESS.C,code,False,Ship_Icon_Id_From_Node_Ptr_,1,428032,1039956,fleet
47,D:\MOX\OTHERS\HACCESS.C,code,False,Ship_Icon_Owner_,1,428153,1040077,fleet
47,D:\MOX\OTHERS\HACCESS.C,code,False,Ship_Icon_Ship_Id_,1,428169,1040093,fleet
47,D:\MOX\OTHERS\HACCESS.C,code,False,System_Ship_Scanned_To_Ship_Id_,1,428194,1040118,fleet
47,D:\MOX\OTHERS\HACCESS.C,code,False,Ship_Icon_Star_Id_,1,428206,1040130,fleet
47,D:\MOX\OTHERS\HACCESS.C,code,False,Ship_Icon_X_,1,428247,1040171,fleet
47,D:\MOX\OTHERS\HACCESS.C,code,False,Ship_Icon_Y_,1,428290,1040214,fleet
47,D:\MOX\OTHERS\HACCESS.C,code,False,Ship_Player_Palette_Color_,1,428487,1040411,fleet
47,D:\MOX\OTHERS\HACCESS.C,code,False,Ship_Stack_From_Saved_Array_,1,428500,1040424,fleet
47,D:\MOX\OTHERS\HACCESS.C,code,False,Ship_Stack_From_Ship_Icon_,1,428730,1040654,fleet
47,D:\MOX\OTHERS\HACCESS.C,code,False,Ship_Stack_From_Ship_Id_,1,428814,1040738,fleet
47,D:\MOX\OTHERS\HACCESS.C,code,False,Ship_Stack_Location_,1,428947,1040871,fleet
47,D:\MOX\OTHERS\HACCESS.C,code,False,Ship_Stack_Star_Id_,1,428947,1040871,fleet
47,D:\MOX\OTHERS\HACCESS.C,code,False,Ship_Stack_X_,1,428978,1040902,fleet
47,D:\MOX\OTHERS\HACCESS.C,code,False,Ship_Stack_Y_,1,429007,1040931,fleet
47,D:\MOX\OTHERS\HACCESS.C,code,False,Ship_Status_,1,429036,1040960,fleet
47,D:\MOX\OTHERS\HACCESS.C,code,False,Stack_Ship_Orbiting_Planet_,1,429183,1041107,fleet
47,D:\MOX\OTHERS\HACCESS.C,code,False,System_Ship_Chosen_To_Ship_Icon_Id_,1,429298,1041222,fleet
47,D:\MOX\OTHERS\HACCESS.C,code,False,Owner_Of_First_Ship_In_Fleet_Box_,1,429434,1041358,fleet
48,D:\MOX\OTHERS\HAROLD.C,code,False,Init_Fleet_Movement_Box_,1,431903,1043827,fleet
48,D:\MOX\OTHERS\HAROLD.C,code,False,N_Player_Ships_,1,433011,1044935,fleet
48,D:\MOX\OTHERS\HAROLD.C,code,False,First_Ship_Orbiting_Star_,1,435026,1046950,fleet
48,D:\MOX\OTHERS\HAROLD.C,code,False,Star_XY_To_Ship_Id_,1,435057,1046981,fleet
48,D:\MOX\OTHERS\HAROLD.C,code,False,At_Least_One_Ship_At_Location_,1,435491,1047415,fleet
28,D:\MOX\OTHERS\INITSHIP.C,code,False,Init_Ship_Designs_,1,282559,894483,fleet
28,D:\MOX\OTHERS\INITSHIP.C,code,False,Load_Antaran_Ship_Design_,1,282956,894880,fleet
28,D:\MOX\OTHERS\INITSHIP.C,code,False,Load_Doom_Star_Ship_Design_,1,287840,899764,fleet
28,D:\MOX\OTHERS\INITSHIP.C,code,False,Update_Ship_Names_To_New_Language_,1,287876,899800,fleet
28,D:\MOX\OTHERS\INITSHIP.C,code,False,Load_Outpost_Ship_Design_,1,288134,900058,fleet
28,D:\MOX\OTHERS\INITSHIP.C,code,False,Load_Transport_Ship_Design_,1,288318,900242,fleet
28,D:\MOX\OTHERS\INITSHIP.C,code,False,Best_Ship_Shield_,1,288670,900594,fleet
28,D:\MOX\OTHERS\INITSHIP.C,code,False,Point_Defense_Damage_Per_Space_,1,289338,901262,fleet
28,D:\MOX\OTHERS\INITSHIP.C,code,False,Best_Ship_Fuel_,1,290975,902899,fleet
28,D:\MOX\OTHERS\INITSHIP.C,code,False,Update_Player_Ship_Designs_,1,291090,903014,fleet
28,D:\MOX\OTHERS\INITSHIP.C,code,False,Update_Equipment_On_Ships_Being_Built_,1,291223,903147,fleet
28,D:\MOX\OTHERS\INITSHIP.C,code,False,Update_Strategic_Ship_Designs_,1,291783,903707,fleet
28,D:\MOX\OTHERS\INITSHIP.C,code,False,Update_Player_Strategic_Ship_Designs_,1,292001,903925,fleet
28,D:\MOX\OTHERS\INITSHIP.C,code,False,Auto_Strategic_Design_Ship_,1,292977,904901,fleet
28,D:\MOX\OTHERS\INITSHIP.C,code,False,Update_Strategic_Ship_,1,293195,905119,fleet
28,D:\MOX\OTHERS\INITSHIP.C,code,False,Load_Dragon_Ship_Design_,1,293378,905302,fleet
28,D:\MOX\OTHERS\INITSHIP.C,code,False,Load_Hydra_Ship_Design_,1,293660,905584,fleet
28,D:\MOX\OTHERS\INITSHIP.C,code,False,Load_Amoeba_Ship_Design_,1,293899,905823,fleet
28,D:\MOX\OTHERS\INITSHIP.C,code,False,Load_Eel_Ship_Design_,1,294164,906088,fleet
28,D:\MOX\OTHERS\INITSHIP.C,code,False,Load_Crystal_Ship_Design_,1,294427,906351,fleet
28,D:\MOX\OTHERS\INITSHIP.C,code,False,Load_Guardian_Ship_Design_,1,294700,906624,fleet
28,D:\MOX\OTHERS\INITSHIP.C,code,False,Repair_Ship_Full_,1,295411,907335,fleet
28,D:\MOX\OTHERS\INITSHIP.C,code,False,Get_Ship_Structure_,1,295815,907739,fleet
28,D:\MOX\OTHERS\INITSHIP.C,code,False,Load_Loknar_Ship_Design_,1,296071,907995,fleet
29,D:\MOX\OTHERS\KEN.C,code,False,Load_Player_Ship_Palette_,1,296416,908340,fleet
29,D:\MOX\OTHERS\KEN.C,code,False,Get_Ship_Id_Picture_Seg_,1,296568,908492,fleet
29,D:\MOX\OTHERS\KEN.C,code,False,Get_Ship_Picture_Seg_,1,296599,908523,fleet
29,D:\MOX\OTHERS\KEN.C,code,False,Get_Ship_Picture_Segk_,1,296603,908527,fleet
108,D:\MOX\OTHERS\LOSTSHIP.C,code,True,Player_Lose_Out_Of_Range_Ships_,1,907311,1519235,fleet
108,D:\MOX\OTHERS\LOSTSHIP.C,code,False,Lose_Out_Of_Range_Ships_,1,907455,1519379,fleet
52,D:\MOX\OTHERS\MAINSCR.C,code,True,Check_Ships_XY_,1,469992,1081916,fleet
52,D:\MOX\OTHERS\MAINSCR.C,code,False,Cycle_Ship_Icons_,1,470527,1082451,fleet
52,D:\MOX\OTHERS\MAINSCR.C,code,True,Scan_Fleet_Movement_Box_Fields_,1,495581,1107505,fleet
52,D:\MOX\OTHERS\MAINSCR.C,code,True,Scan_Ships_XY_,1,497319,1109243,fleet
52,D:\MOX\OTHERS\MAINSCR.C,code,True,Set_Painted_Fleet_Fields_,1,499895,1111819,fleet
52,D:\MOX\OTHERS\MAINSCR.C,code,False,Set_Reload_Fleet_Box_Palette_Flag_,1,500057,1111981,fleet
52,D:\MOX\OTHERS\MAINSCR.C,code,False,Ship_Can_Be_Selected_,1,500074,1111998,fleet
52,D:\MOX\OTHERS\MAINSCR.C,code,False,Update_Ship_Icons_In_Between_Turns_,1,500932,1112856,fleet
53,D:\MOX\OTHERS\MAINSCR2.C,code,True,Check_Fleet_Movement_Box_Status_,1,502595,1114519,fleet
53,D:\MOX\OTHERS\MAINSCR2.C,code,True,Restore_Fleet_Box_Palette_,1,505061,1116985,fleet
109,D:\MOX\OTHERS\MAINTAIN.C,code,False,Ship_Scrap_Value_,1,908760,1520684,fleet
109,D:\MOX\OTHERS\MAINTAIN.C,code,True,Kill_Ships_,1,908791,1520715,fleet
109,D:\MOX\OTHERS\MAINTAIN.C,code,False,Make_Scrap_Ships_Dead_,1,909202,1521126,fleet
54,D:\MOX\OTHERS\MAPGEN.C,code,True,Build_Min_Point_Distances_,1,516929,1128853,fleet
56,D:\MOX\OTHERS\MOVEBOX.C,code,False,Vanish_Fleet_Movement_Box_,1,531008,1142932,fleet
56,D:\MOX\OTHERS\MOVEBOX.C,code,False,Mouse_Within_Fleet_Box_,1,531211,1143135,fleet
58,D:\MOX\OTHERS\OFFICER.C,code,False,Captain_And_Ship_Icon_Selected_,1,536401,1148325,fleet
58,D:\MOX\OTHERS\OFFICER.C,code,False,Print_Galmap_Scanned_Ship_,1,546787,1158711,fleet
58,D:\MOX\OTHERS\OFFICER.C,code,True,Print_Scanned_Ship_Name_,1,550075,1161999,fleet
58,D:\MOX\OTHERS\OFFICER.C,code,True,Reload_Offscrn_Small_Ship_Icons_,1,552274,1164198,fleet
58,D:\MOX\OTHERS\OFFICER.C,code,True,Save_Officers_Original_Ship_Id_,1,552553,1164477,fleet
58,D:\MOX\OTHERS\OFFICER.C,code,False,Ships_In_Same_Place_,1,553607,1165531,fleet
58,D:\MOX\OTHERS\OFFICER.C,code,False,N_Fleet_Officers_Owned_By_Player_,1,554860,1166784,fleet
58,D:\MOX\OTHERS\OFFICER.C,code,True,Assign_Loknar_Ship_To_Player_,1,558008,1169932,fleet
58,D:\MOX\OTHERS\OFFICER.C,code,True,Assign_Leader_To_Ship_,1,560557,1172481,fleet
58,D:\MOX\OTHERS\OFFICER.C,code,True,Get_Ship_Leader_ETA_,1,560715,1172639,fleet
59,D:\MOX\OTHERS\PLNTSUM.C,code,True,Add_Outpost_Ship_Icon_Field_,1,562571,1174495,fleet
59,D:\MOX\OTHERS\PLNTSUM.C,code,True,Build_Ship_Summary_,1,563962,1175886,fleet
59,D:\MOX\OTHERS\PLNTSUM.C,code,True,Load_Planet_Summary_Ship_Icon_,1,566985,1178909,fleet
59,D:\MOX\OTHERS\PLNTSUM.C,code,True,Reset_Ship_To_Star_Distances_,1,569202,1181126,fleet
59,D:\MOX\OTHERS\PLNTSUM.C,code,True,Nearest_Ship_Id_,1,569991,1181915,fleet
59,D:\MOX\OTHERS\PLNTSUM.C,code,True,Send_Nearest_Ship_,1,570055,1181979,fleet
59,D:\MOX\OTHERS\PLNTSUM.C,code,True,Set_Outpost_Ship_To_Star_Distances_,1,571800,1183724,fleet
59,D:\MOX\OTHERS\PLNTSUM.C,code,True,Ship_Is_Not_Colonizing_,1,572309,1184233,fleet
59,D:\MOX\OTHERS\PLNTSUM.C,code,True,Summary_Found_Outpost_Ship_,1,573176,1185100,fleet
59,D:\MOX\OTHERS\PLNTSUM.C,code,False,Summary_Ship_Index_,1,575986,1187910,fleet
59,D:\MOX\OTHERS\PLNTSUM.C,code,True,Update_Ship_Etas_,1,577448,1189372,fleet
116,D:\MOX\OTHERS\REPORT.C,code,False,Player_Ship_Type_At_Star_,1,973479,1585403,fleet
116,D:\MOX\OTHERS\REPORT.C,code,True,Redirect_Newly_Built_Ships_,1,976787,1588711,fleet
119,D:\MOX\OTHERS\SHIPMOVE.C,code,False,Ship_Range_,1,980118,1592042,fleet
119,D:\MOX\OTHERS\SHIPMOVE.C,code,False,Can_Order_Ship_,1,980670,1592594,fleet
119,D:\MOX\OTHERS\SHIPMOVE.C,code,False,Ships_Try_To_Move_To_,1,980889,1592813,fleet
119,D:\MOX\OTHERS\SHIPMOVE.C,code,False,Make_Ships_Move_To_,1,982280,1594204,fleet
119,D:\MOX\OTHERS\SHIPMOVE.C,code,False,Ship_Is_Moving_,1,982473,1594397,fleet
119,D:\MOX\OTHERS\SHIPMOVE.C,code,True,Make_Ship_Arrive_At_Star_,1,982490,1594414,fleet
119,D:\MOX\OTHERS\SHIPMOVE.C,code,False,Move_All_Ships_Toward_Stars_,1,982762,1594686,fleet
119,D:\MOX\OTHERS\SHIPMOVE.C,code,False,Create_Nonplayer_Ship_,1,983056,1594980,fleet
119,D:\MOX\OTHERS\SHIPMOVE.C,code,False,Allocate_New_Ship_Slots_,1,983323,1595247,fleet
119,D:\MOX\OTHERS\SHIPMOVE.C,code,True,Update_Player_Ship_Range_,1,983885,1595809,fleet
119,D:\MOX\OTHERS\SHIPMOVE.C,code,False,Update_All_Ship_Ranges_,1,983948,1595872,fleet
119,D:\MOX\OTHERS\SHIPMOVE.C,code,False,Ship_Destination_Star_,1,984050,1595974,fleet
119,D:\MOX\OTHERS\SHIPMOVE.C,code,False,Update_Ship_ETAs_,1,984092,1596016,fleet
119,D:\MOX\OTHERS\SHIPMOVE.C,code,False,Player_Has_Ships_Pestering_Other_Player_,1,985539,1597463,fleet
62,D:\MOX\OTHERS\SHIPS.C,code,False,Build_Ship_Icons_,1,590597,1202521,fleet
62,D:\MOX\OTHERS\SHIPS.C,code,False,Set_Ship_Icon_XYs_,1,591816,1203740,fleet
62,D:\MOX\OTHERS\SHIPS.C,code,False,Do_Ship_Destination_Lines_,1,591885,1203809,fleet
62,D:\MOX\OTHERS\SHIPS.C,code,False,Add_Ship_Icon_Fields_,1,592344,1204268,fleet
62,D:\MOX\OTHERS\SHIPS.C,code,False,Get_Ship_Icon_Coords_,1,592476,1204400,fleet
62,D:\MOX\OTHERS\SHIPS.C,code,True,Get_XYs_For_Orbiting_Ships_,1,592816,1204740,fleet
62,D:\MOX\OTHERS\SHIPS.C,code,False,Get_Ship_Icon_Coords_In_Space_,1,593109,1205033,fleet
62,D:\MOX\OTHERS\SHIPS.C,code,False,Get_Ship_Icon_Pict_Seg_,1,593272,1205196,fleet
62,D:\MOX\OTHERS\SHIPS.C,code,False,Get_Stack_Orbiting_Star_,1,593706,1205630,fleet
62,D:\MOX\OTHERS\SHIPS.C,code,False,Build_Ship_Id_List_,1,594263,1206187,fleet
62,D:\MOX\OTHERS\SHIPS.C,code,False,Print_Eta_On_Ship_Icon_,1,594864,1206788,fleet
62,D:\MOX\OTHERS\SHIPS.C,code,False,Load_Highlighted_Ship_Icon_Picture_,1,595029,1206953,fleet
62,D:\MOX\OTHERS\SHIPS.C,code,True,qsort_ship_icon_,1,595501,1207425,fleet
62,D:\MOX\OTHERS\SHIPS.C,code,False,Kill_Ship_,1,595514,1207438,fleet
62,D:\MOX\OTHERS\SHIPS.C,code,False,Build_Nonplayer_Ship_,1,595647,1207571,fleet
62,D:\MOX\OTHERS\SHIPS.C,code,False,Set_Nonplayer_Ship_XY_,1,595810,1207734,fleet
62,D:\MOX\OTHERS\SHIPS.C,code,False,Set_Nonplayer_Ship_Destination_,1,596515,1208439,fleet
62,D:\MOX\OTHERS\SHIPS.C,code,False,Deploy_Ships_To_Attack_Antares_,1,596730,1208654,fleet
62,D:\MOX\OTHERS\SHIPS.C,code,False,Reset_Ships_Attacking_Antares_,1,596878,1208802,fleet
62,D:\MOX\OTHERS\SHIPS.C,code,False,Get_Ship_Icon_Dimensions_,1,596937,1208861,fleet
32,D:\MOX\OTHERS\SHIPSTAK.C,code,False,Ship_Has_Special_,1,316307,928231,fleet
32,D:\MOX\OTHERS\SHIPSTAK.C,code,False,Ship_Has_Stealth_Device_,1,316379,928303,fleet
32,D:\MOX\OTHERS\SHIPSTAK.C,code,False,Find_Ship_Stacks_,1,316446,928370,fleet
32,D:\MOX\OTHERS\SHIPSTAK.C,code,False,Update_Ship_Stack_,1,317698,929622,fleet
32,D:\MOX\OTHERS\SHIPSTAK.C,code,False,Remove_Non_Detected_Ships_,1,317779,929703,fleet
32,D:\MOX\OTHERS\SHIPSTAK.C,code,False,Delete_Ship_Stack_,1,318852,930776,fleet
32,D:\MOX\OTHERS\SHIPSTAK.C,code,False,Delete_Ship_Node_,1,318889,930813,fleet
32,D:\MOX\OTHERS\SHIPSTAK.C,code,True,Sort_Ships_In_Stack_,1,318944,930868,fleet
32,D:\MOX\OTHERS\SHIPSTAK.C,code,True,Build_Ship_Type_Array_,1,319049,930973,fleet
32,D:\MOX\OTHERS\SHIPSTAK.C,code,True,qsort_ships_by_type_,1,319229,931153,fleet
63,D:\MOX\OTHERS\SYS.C,code,False,Clear_System_Display_Ship_Fields_,1,598252,1210176,fleet
63,D:\MOX\OTHERS\SYS.C,code,True,Do_Print_System_Ship_Data_,1,599779,1211703,fleet
63,D:\MOX\OTHERS\SYS.C,code,True,Get_System_Display_Ship_Icon_XY_,1,605757,1217681,fleet
63,D:\MOX\OTHERS\SYS.C,code,True,Get_System_Ship_Info_Box_Dimensions_,1,605948,1217872,fleet
63,D:\MOX\OTHERS\SYS.C,code,False,N_Ships_By_Type_At_Location_,1,607023,1218947,fleet
63,D:\MOX\OTHERS\SYS.C,code,False,Print_System_Ship_Data_,1,609713,1221637,fleet
63,D:\MOX\OTHERS\SYS.C,code,False,Ships_At_Location_String_,1,609939,1221863,fleet
63,D:\MOX\OTHERS\SYS.C,code,True,Buffer_Reload_System_Ships_,1,612420,1224344,fleet
7,L:\MOX\ERICNET.C,code,False,Init_Advanced_Civilization_Fleet_,1,16311,628235,fleet
7,L:\MOX\ERICNET.C,code,False,Calc_Ship_Level_,1,18407,630331,fleet
7,L:\MOX\ERICNET.C,code,False,Do_XP_For_Ship_,1,18901,630825,fleet
7,L:\MOX\ERICNET.C,code,False,Do_All_Ships_XP_Check_,1,18983,630907,fleet
4,L:\MOX\INITGAME.C,code,True,Init_Ships_Array_,1,8808,620732,fleet
4,L:\MOX\INITGAME.C,code,True,Make_System_Monsters_Into_Ships_,1,8908,620832,fleet
4,L:\MOX\INITGAME.C,code,False,Test_Create_Ship_,1,11784,623708,fleet
1,L:\MOX\MOX2.C,code,False,Check_Command_Line_Parameters_,1,2022,613946,fleet
65,D:\MOX\OTHERS\BEAMS.C,code,False,Draw_Ship_Burst_,1,619364,1231288,fleet;ui
65,D:\MOX\OTHERS\BEAMS.C,code,False,Draw_Ship_Explosion_,1,619447,1231371,fleet;ui
41,D:\MOX\OTHERS\DESIGN.C,code,True,Get_Ship_Size_Button_Field_XY_,1,379129,991053,fleet;ui
86,D:\MOX\OTHERS\ERICHELP.C,code,False,Set_Refit_Ship_Popup_Help_List_,1,777002,1388926,fleet;ui
42,D:\MOX\OTHERS\EVANHELP.C,code,False,Set_Fleet_Screen_Help_List_,1,391311,1003235,fleet;ui
43,D:\MOX\OTHERS\FLEETPOP.C,code,True,Add_Added_Buttons_,1,392484,1004408,fleet;ui
43,D:\MOX\OTHERS\FLEETPOP.C,code,True,Check_For_Attack_Antares_Button_,1,393833,1005757,fleet;ui
43,D:\MOX\OTHERS\FLEETPOP.C,code,True,Check_For_Build_Outpost_Button_,1,393849,1005773,fleet;ui
43,D:\MOX\OTHERS\FLEETPOP.C,code,True,Check_For_Engage_Enemy_Forces_Button_,1,393887,1005811,fleet;ui
43,D:\MOX\OTHERS\FLEETPOP.C,code,True,Check_For_Transport_Troops_Button_,1,393906,1005830,fleet;ui
43,D:\MOX\OTHERS\FLEETPOP.C,code,False,Draw_Damage_Bars_,1,393962,1005886,fleet;ui
43,D:\MOX\OTHERS\FLEETPOP.C,code,True,Draw_Large_Fleet_Box_Frame_,1,394406,1006330,fleet;ui
43,D:\MOX\OTHERS\FLEETPOP.C,code,True,Draw_Small_Fleet_Box_Frame_,1,394754,1006678,fleet;ui
43,D:\MOX\OTHERS\FLEETPOP.C,code,False,Draw_Fltpop_Scroll_Bar_,1,395147,1007071,fleet;ui
43,D:\MOX\OTHERS\FLEETPOP.C,code,False,Draw_Fleet_Movement_Box_,1,395381,1007305,fleet;ui
43,D:\MOX\OTHERS\FLEETPOP.C,code,False,Fleet_Buttons_Chosen_,1,398049,1009973,fleet;ui
43,D:\MOX\OTHERS\FLEETPOP.C,code,False,Get_Fleet_Icon_Button_XY_,1,398239,1010163,fleet;ui
43,D:\MOX\OTHERS\FLEETPOP.C,code,True,Set_Added_Button_Stuff_,1,400385,1012309,fleet;ui
43,D:\MOX\OTHERS\FLEETPOP.C,code,True,Set_Attack_Antares_Button_Flag_,1,400615,1012539,fleet;ui
43,D:\MOX\OTHERS\FLEETPOP.C,code,True,Set_Build_Outpost_Button_Flag_,1,400856,1012780,fleet;ui
44,D:\MOX\OTHERS\FLT1.C,code,True,Add_Fleet_Screen_Fields_,1,403069,1014993,fleet;ui
44,D:\MOX\OTHERS\FLT1.C,code,False,Draw_Flashing_Small_Ship_Icon_,1,405273,1017197,fleet;ui
44,D:\MOX\OTHERS\FLT1.C,code,False,Draw_Fleet_Screen_,1,405394,1017318,fleet;ui
44,D:\MOX\OTHERS\FLT1.C,code,False,Draw_Fltscrn_Big_Ship_Icons_,1,406230,1018154,fleet;ui
44,D:\MOX\OTHERS\FLT1.C,code,True,Draw_Box_Around_Scanned_Ship_,1,406697,1018621,fleet;ui
44,D:\MOX\OTHERS\FLT1.C,code,False,Draw_Fltscrn_Ship_Destination_Lines_,1,406769,1018693,fleet;ui
44,D:\MOX\OTHERS\FLT1.C,code,False,Draw_Fltscrn_Small_Ship_Icons_,1,407458,1019382,fleet;ui
44,D:\MOX\OTHERS\FLT1.C,code,False,Fleet_Screen_,1,407936,1019860,fleet;ui
44,D:\MOX\OTHERS\FLT1.C,code,False,Reload_Fleet_Screen_,1,411210,1023134,fleet;ui
44,D:\MOX\OTHERS\FLT1.C,code,False,Reload_Fleet_Screen_Galaxy_Stars_,1,411904,1023828,fleet;ui
45,D:\MOX\OTHERS\FLT2.C,code,False,Fleet_Screen_Big_Icon_Fields_,1,416640,1028564,fleet;ui
45,D:\MOX\OTHERS\FLT2.C,code,False,Set_Fleet_Screen_Stack_Owner_,1,421908,1033832,fleet;ui
47,D:\MOX\OTHERS\HACCESS.C,code,False,Button_Ship_Node_Ptr_,1,424869,1036793,fleet;ui
52,D:\MOX\OTHERS\MAINSCR.C,code,True,Do_Fleet_Popup_,1,471473,1083397,fleet;ui
52,D:\MOX\OTHERS\MAINSCR.C,code,True,Draw_Fleet_Box_Selected_Ship_Seg_,1,476083,1088007,fleet;ui
52,D:\MOX\OTHERS\MAINSCR.C,code,True,Draw_Scanned_Ship_Seg_,1,480448,1092372,fleet;ui
52,D:\MOX\OTHERS\MAINSCR.C,code,False,Get_Ship_Stack_For_Officers_Screen_,1,482028,1093952,fleet;ui
53,D:\MOX\OTHERS\MAINSCR2.C,code,False,Show_Command_Points_Screen_,1,506553,1118477,fleet;ui
56,D:\MOX\OTHERS\MOVEBOX.C,code,True,Box_Fleet_Screen_Scanned_Ship_,1,525912,1137836,fleet;ui
56,D:\MOX\OTHERS\MOVEBOX.C,code,False,Box_Fleet_Screen_Scanned_Star_,1,525967,1137891,fleet;ui
56,D:\MOX\OTHERS\MOVEBOX.C,code,True,Do_Fleet_Screen_Stuff_,1,526767,1138691,fleet;ui
58,D:\MOX\OTHERS\OFFICER.C,code,True,Draw_Offscrn_Fleet_Ship_Window_,1,539519,1151443,fleet;ui
58,D:\MOX\OTHERS\OFFICER.C,code,False,Fleet_Screen_Icon_Ship_Id_,1,539753,1151677,fleet;ui
58,D:\MOX\OTHERS\OFFICER.C,code,False,Is_Fleet_Officer_Screen_,1,541115,1153039,fleet;ui
59,D:\MOX\OTHERS\PLNTSUM.C,code,True,Draw_Nearest_Ship_Directional_Line_,1,572486,1184410,fleet;ui
59,D:\MOX\OTHERS\PLNTSUM.C,code,True,Draw_Outpost_Ship_Icon_,1,576111,1188035,fleet;ui
62,D:\MOX\OTHERS\SHIPS.C,code,False,Draw_Ship_Icons_,1,591631,1203555,fleet;ui
62,D:\MOX\OTHERS\SHIPS.C,code,False,Overlapped_Ship_Icon_Button_,1,593832,1205756,fleet;ui
62,D:\MOX\OTHERS\SHIPS.C,code,False,Draw_Directional_Multi_Colored_Line_,1,594368,1206292,fleet;ui
62,D:\MOX\OTHERS\SHIPS.C,code,False,Draw_Ship_Destination_Line_,1,594585,1206509,fleet;ui
63,D:\MOX\OTHERS\SYS.C,code,True,Build_System_Popup_Ships_,1,598030,1209954,fleet;ui
63,D:\MOX\OTHERS\SYS.C,code,True,Draw_System_Ship_Icons_,1,605124,1217048,fleet;ui
48,D:\MOX\OTHERS\HAROLD.C,code,False,N_Food_Planets_In_System_,1,432872,1044796,food
49,D:\MOX\OTHERS\HOMEGEN.C,code,True,Add_Non_Food_Planets_To_List_,1,437296,1049220,food
49,D:\MOX\OTHERS\HOMEGEN.C,code,True,Ensure_At_Least_1_Food_Planet_,1,439857,1051781,food
49,D:\MOX\OTHERS\HOMEGEN.C,code,True,Is_Added_Food_World_,1,443286,1055210,food
54,D:\MOX\OTHERS\MAPGEN.C,code,False,Generate_Food_Per_Farmer_,1,507811,1119735,food
54,D:\MOX\OTHERS\MAPGEN.C,code,False,Generate_Max_Farms_,1,507934,1119858,food
93,D:\MOX\OTHERS\AIDUDES.C,code,True,Make_First_Unassigned_Into_Farmer_,1,813568,1425492,food;ai
102,D:\MOX\OTHERS\COLCALC.C,code,False,Colony_Food2_Per_Farmer_,1,843838,1455762,food;colony
102,D:\MOX\OTHERS\COLCALC.C,code,True,Colony_Food_Production_,1,845412,1457336,food;colony
102,D:\MOX\OTHERS\COLCALC.C,code,False,Show_Food_Production_,1,846621,1458545,food;colony
74,D:\MOX\OTHERS\COLONY.C,code,False,Create_Shadow_Farmer_,1,723721,1335645,food;colony
74,D:\MOX\OTHERS\COLONY.C,code,False,Shadow_Farmer_Bitm_,1,723841,1335765,food;colony
76,D:\MOX\OTHERS\COLSUM.C,code,True,cmp_Food_,1,735031,1346955,food;colony
102,D:\MOX\OTHERS\COLCALC.C,code,True,Colony_Food_Maintenance_,1,846667,1458591,food;economy;colony
15,D:\MOX\EVENTS.C,code,False,Allocate_Industrial_Accident_Hit_,1,79923,691847,industry
49,D:\MOX\OTHERS\HOMEGEN.C,code,False,Enforce_Abundant_Minerals_,1,438802,1050726,industry
49,D:\MOX\OTHERS\HOMEGEN.C,code,False,Enforce_Mineral_Richness_,1,439514,1051438,industry
54,D:\MOX\OTHERS\MAPGEN.C,code,False,Generate_Mineral_Class_,1,507995,1119919,industry
54,D:\MOX\OTHERS\MAPGEN.C,code,False,Get_Minerals_Extracted_,1,511296,1123220,industry
59,D:\MOX\OTHERS\PLNTSUM.C,code,True,Planet_Is_Mineral_Scarce_,1,568300,1180224,industry
59,D:\MOX\OTHERS\PLNTSUM.C,code,True,qsort_by_minerals_,1,576791,1188715,industry
91,D:\MOX\OTHERS\AIBUILD.C,code,True,Industry_Worth_,1,786140,1398064,industry;ai
93,D:\MOX\OTHERS\AIDUDES.C,code,True,Grab_Worker_,1,812619,1424543,industry;ai
93,D:\MOX\OTHERS\AIDUDES.C,code,True,Industry_Sanity_Check_,1,814464,1426388,industry;ai
15,D:\MOX\EVENTS.C,code,False,Get_Event_Industrial_Accident_Colony_,1,78260,690184,industry;colony
15,D:\MOX\EVENTS.C,code,False,Get_Event_Mineral_Depletion_Colony_,1,78430,690354,industry;colony
15,D:\MOX\EVENTS.C,code,False,Get_Event_Mineral_Deposit_Colony_,1,78523,690447,industry;colony
102,D:\MOX\OTHERS\COLCALC.C,code,False,_minerals_per_mine,1,840885,1452809,industry;colony
102,D:\MOX\OTHERS\COLCALC.C,code,False,Colony_Industry_Per_Worker_,1,846997,1458921,industry;colony
102,D:\MOX\OTHERS\COLCALC.C,code,False,Colony_Empire_Base_Industry_Produced_,1,847175,1459099,industry;colony
102,D:\MOX\OTHERS\COLCALC.C,code,True,Colony_Industry_Production_,1,847387,1459311,industry;colony
102,D:\MOX\OTHERS\COLCALC.C,code,False,Show_Industry_Production_,1,849176,1461100,industry;colony
76,D:\MOX\OTHERS\COLSUM.C,code,True,cmp_Industry_,1,735101,1347025,industry;colony
91,D:\MOX\OTHERS\AIBUILD.C,code,True,colony_less_industry_cmp_,1,789631,1401555,industry;colony;ai
102,D:\MOX\OTHERS\COLCALC.C,code,True,Colony_Industry_Maintenance_,1,849222,1461146,industry;economy;colony
102,D:\MOX\OTHERS\COLCALC.C,code,True,Colony_Industry_To_Tax_,1,854262,1466186,industry;economy;colony
93,D:\MOX\OTHERS\AIDUDES.C,code,True,Assign_Additional_Research_Industry_,1,812723,1424647,industry;research;ai
15,D:\MOX\EVENTS.C,code,False,Event_Check_Population_Boom_,1,79113,691037,population
107,D:\MOX\OTHERS\INVASION.C,code,True,Change_Pop_Ownership_,1,904183,1516107,population
83,D:\MOX\OTHERS\MAINPUPS.C,code,False,Eric_Pop_Fields_,1,749210,1361134,population
59,D:\MOX\OTHERS\PLNTSUM.C,code,True,qsort_by_max_population_,1,576780,1188704,population
60,D:\MOX\OTHERS\SCORE.C,code,True,Build_Pop_Array_,1,579916,1191840,population
60,D:\MOX\OTHERS\SCORE.C,code,True,Get_Population_Score_,1,583879,1195803,population
60,D:\MOX\OTHERS\SCORE.C,code,True,Get_Total_Population_,1,584154,1196078,population
60,D:\MOX\OTHERS\SCORE.C,code,True,Set_Hi_Score_Pop_Icon_Ids_,1,589040,1200964,population
60,D:\MOX\OTHERS\SCORE.C,code,True,Get_From_Tmp_Pop_,1,589622,1201546,population
118,D:\MOX\OTHERS\SETTLER.C,code,False,Pop_Tries_To_Settle_,1,978508,1590432,population
118,D:\MOX\OTHERS\SETTLER.C,code,False,Settle_Pop_,1,979222,1591146,population
93,D:\MOX\OTHERS\AIDUDES.C,code,True,Sort_Pops_Fixed_,1,810921,1422845,population;ai
93,D:\MOX\OTHERS\AIDUDES.C,code,True,Sort_Pops_FI_,1,811341,1423265,population;ai
93,D:\MOX\OTHERS\AIDUDES.C,code,True,Sort_Pops_R_I_,1,811797,1423721,population;ai
93,D:\MOX\OTHERS\AIDUDES.C,code,True,Sort_Pops_FR_I_,1,811942,1423866,population;ai
93,D:\MOX\OTHERS\AIDUDES.C,code,True,Sort_Pops_F_IR_,1,813259,1425183,population;ai
102,D:\MOX\OTHERS\COLCALC.C,code,False,Colony_Pop_Prod_Produced_,1,843731,1455655,population;colony
102,D:\MOX\OTHERS\COLCALC.C,code,True,Colony_Pop_Base_Prod_Produced_,1,844332,1456256,population;colony
102,D:\MOX\OTHERS\COLCALC.C,code,False,Size_Subterranean_Pop_Bonus_,1,854548,1466472,population;colony
102,D:\MOX\OTHERS\COLCALC.C,code,True,Size_And_Climate_Max_Population_,1,854552,1466476,population;colony
102,D:\MOX\OTHERS\COLCALC.C,code,True,Size_And_Climate_Race_Pop_Limit_,1,854675,1466599,population;colony
102,D:\MOX\OTHERS\COLCALC.C,code,False,Planet_Max_Population_For_Player_,1,854863,1466787,population;colony
102,D:\MOX\OTHERS\COLCALC.C,code,False,Colony_Race_Pop_Limit_,1,855069,1466993,population;colony
102,D:\MOX\OTHERS\COLCALC.C,code,False,Colony_N_Pops_Of_Empire_,1,855150,1467074,population;colony
102,D:\MOX\OTHERS\COLCALC.C,code,True,Colony_Pop_Grows_,1,858169,1470093,population;colony
102,D:\MOX\OTHERS\COLCALC.C,code,True,Apply_Colony_Pop_Growth_,1,863690,1475614,population;colony
102,D:\MOX\OTHERS\COLCALC.C,code,False,Get_Player_Max_Population_,1,875287,1487211,population;colony
102,D:\MOX\OTHERS\COLCALC.C,code,False,Get_System_Population_,1,875369,1487293,population;colony
70,D:\MOX\OTHERS\COLDRAW.C,code,False,Do_Colony_Info_Pop_Stuff_For_Pop_,1,675574,1287498,population;colony
73,D:\MOX\OTHERS\COLMOVE.C,code,False,Pops_Identical_,1,695523,1307447,population;colony
73,D:\MOX\OTHERS\COLMOVE.C,code,False,Colony_Pop_String_,1,695714,1307638,population;colony
74,D:\MOX\OTHERS\COLONY.C,code,False,Get_Effective_Pop_Player_,1,699852,1311776,population;colony
74,D:\MOX\OTHERS\COLONY.C,code,False,Pop_Race_String_,1,699930,1311854,population;colony
74,D:\MOX\OTHERS\COLONY.C,code,False,Pop_State_String_,1,700743,1312667,population;colony
74,D:\MOX\OTHERS\COLONY.C,code,False,Colony_Pop_Anim_,1,701609,1313533,population;colony
74,D:\MOX\OTHERS\COLONY.C,code,False,Pop_To_Pop_State_,1,707279,1319203,population;colony
76,D:\MOX\OTHERS\COLSUM.C,code,True,Get_Scanned_Pop_,1,731540,1343464,population;colony
76,D:\MOX\OTHERS\COLSUM.C,code,True,Get_Selected_Pop_,1,731802,1343726,population;colony
76,D:\MOX\OTHERS\COLSUM.C,code,True,Add_Fields_Pop_For_,1,732018,1343942,population;colony
76,D:\MOX\OTHERS\COLSUM.C,code,True,cmp_Pop_,1,734965,1346889,population;colony
76,D:\MOX\OTHERS\COLSUM.C,code,True,Evaluate_Colony_Pop_Input_,1,737641,1349565,population;colony
107,D:\MOX\OTHERS\INVASION.C,code,False,Enforce_Population_Limits_At_Colony_,1,903548,1515472,population;colony
74,D:\MOX\OTHERS\COLONY.C,code,False,Draw_Pop_Dark_,1,698635,1310559,population;colony;ui
74,D:\MOX\OTHERS\COLONY.C,code,True,Draw_Colony_Info_Pop_For_,1,707335,1319259,population;colony;ui
74,D:\MOX\OTHERS\COLONY.C,code,True,Draw_Colony_Info_Pop_,1,707952,1319876,population;colony;ui
74,D:\MOX\OTHERS\COLONY.C,code,True,Draw_Colony_Info_Pop_Scanned_,1,707979,1319903,population;colony;ui
74,D:\MOX\OTHERS\COLONY.C,code,True,Draw_Info_Name_And_Pop_,1,709684,1321608,population;colony;ui
78,D:\MOX\OTHERS\COLXPORT.C,code,True,Draw_Info_Pop_For_,1,742345,1354269,population;colony;ui
27,D:\MOX\DIPLOMAC.C,code,False,Diplomacy_Growth_,1,253291,865215,population;diplomacy
27,D:\MOX\DIPLOMAC.C,code,False,Population_Comparison_,1,269976,881900,population;diplomacy
43,D:\MOX\OTHERS\FLEETPOP.C,code,True,Draw_Fleet_Pop_Added_Buttons_,1,397058,1008982,population;fleet;ui
121,D:\MOX\OTHERS\TRADE.C,code,True,Compute_N_Trade_And_Research_Pops_,1,989762,1601686,population;research;economy
60,D:\MOX\OTHERS\SCORE.C,code,True,Draw_Cap_Pop_,1,580539,1192463,population;ui
60,D:\MOX\OTHERS\SCORE.C,code,True,Draw_Pop_,1,582609,1194533,population;ui
60,D:\MOX\OTHERS\SCORE.C,code,True,Draw_Population_Score_,1,583169,1195093,population;ui
60,D:\MOX\OTHERS\SCORE.C,code,True,Draw_Reg_Pop_,1,583242,1195166,population;ui
122,D:\MOX\BILL.C,code,False,Cache_Player_Scientist_Anim_,1,996385,1608309,research
122,D:\MOX\BILL.C,code,False,Cache_Other_Scientist_Anim_,1,996392,1608316,research
123,D:\MOX\BILLHELP.C,code,False,Tech_Review_Help_,1,997900,1609824,research
123,D:\MOX\BILLHELP.C,code,False,Technology_Select_Help_,1,997933,1609857,research
123,D:\MOX\BILLHELP.C,code,False,Technology_Change_Help_,1,997951,1609875,research
123,D:\MOX\BILLHELP.C,code,False,Tech_Select_List_Right_Help_,1,997969,1609893,research
123,D:\MOX\BILLHELP.C,code,False,Tech_Select_List_Left_Help_,1,997987,1609911,research
123,D:\MOX\BILLHELP.C,code,False,Tech_Change_List_Right_Help_,1,998008,1609932,research
123,D:\MOX\BILLHELP.C,code,False,Tech_Change_List_Left_Help_,1,998029,1609953,research
123,D:\MOX\BILLHELP.C,code,False,Tech_Swap_Help_,1,998239,1610163,research
123,D:\MOX\BILLHELP.C,code,False,Tribute_Tech_Help_,1,998302,1610226,research
125,D:\MOX\INFO.C,code,False,Print_Tech_Review_Item_,1,1015849,1627773,research
125,D:\MOX\INFO.C,code,True,Tech_Review_Subscreen_,1,1015895,1627819,research
125,D:\MOX\INFO.C,code,False,_Tech_Review_Subscreen_,1,1015923,1627847,research
125,D:\MOX\INFO.C,code,False,Init_Tech_Review_List_,1,1017361,1629285,research
16,D:\MOX\JIM.C,code,False,Decode_Text_Name_And_Tech_,1,85379,697303,research
16,D:\MOX\JIM.C,code,False,Decode_Text_Name_And_Other_Tech_,1,85404,697328,research
16,D:\MOX\JIM.C,code,False,Decode_Text_Name_Tech_And_Other_Tech_,1,85445,697369,research
16,D:\MOX\JIM.C,code,False,Decode_Text_Tech_And_Other_Name_,1,85619,697543,research
126,D:\MOX\LIST.C,code,False,Display_Selected_List_Text_For_Tech_List_,1,1024837,1636761,research
41,D:\MOX\OTHERS\DESIGN.C,code,False,Tech_App_To_Tech_Id_,1,386718,998642,research
41,D:\MOX\OTHERS\DESIGN.C,code,False,Tech_Level_,1,386826,998750,research
41,D:\MOX\OTHERS\DESIGN.C,code,True,Get_Tech_Description_Lbx_Name_,1,389692,1001616,research
47,D:\MOX\OTHERS\HACCESS.C,code,False,Player_Has_Tech_,1,427095,1039019,research
83,D:\MOX\OTHERS\MAINPUPS.C,code,False,Leader_Technology_String_,1,751118,1363042,research
52,D:\MOX\OTHERS\MAINSCR.C,code,True,Give_Me_All_Tech_Advances_,1,483314,1095238,research
52,D:\MOX\OTHERS\MAINSCR.C,code,True,Get_Research_Unit_String_,1,501756,1113680,research
109,D:\MOX\OTHERS\MAINTAIN.C,code,True,Kill_Research_Buildings_,1,907528,1519452,research
115,D:\MOX\OTHERS\NEWTECH.C,code,True,Choose_Hyper_Advanced_Tech_,1,968500,1580424,research
115,D:\MOX\OTHERS\NEWTECH.C,code,True,Get_Competition_Player_Tech_Value_,1,968620,1580544,research
115,D:\MOX\OTHERS\NEWTECH.C,code,False,Calc_Tech_Value_,1,968773,1580697,research
115,D:\MOX\OTHERS\NEWTECH.C,code,True,Get_Competition_Tech_Values_,1,971161,1583085,research
115,D:\MOX\OTHERS\NEWTECH.C,code,False,Set_Competition_Tech_Values_,1,971289,1583213,research
115,D:\MOX\OTHERS\NEWTECH.C,code,False,Choose_Tech_Application_,1,971573,1583497,research
58,D:\MOX\OTHERS\OFFICER.C,code,False,Get_Advanced_Government_Tech_,1,539827,1151751,research
58,D:\MOX\OTHERS\OFFICER.C,code,True,Get_Random_Antaran_Tech_,1,557750,1169674,research
58,D:\MOX\OTHERS\OFFICER.C,code,True,Get_Available_Antaran_Tech_,1,557923,1169847,research
116,D:\MOX\OTHERS\REPORT.C,code,True,Set_Initial_Tech_,1,973073,1584997,research
116,D:\MOX\OTHERS\REPORT.C,code,True,Has_Research_Breakthrough_,1,975592,1587516,research
60,D:\MOX\OTHERS\SCORE.C,code,True,Get_Technology_,1,583947,1195871,research
60,D:\MOX\OTHERS\SCORE.C,code,True,Get_Technology_Score_,1,584051,1195975,research
33,D:\MOX\OTHERS\TECHINIT.C,code,False,Load_Tech_Names_,1,319242,931166,research
33,D:\MOX\OTHERS\TECHINIT.C,code,False,Init_Tech_,1,319971,931895,research
33,D:\MOX\OTHERS\TECHINIT.C,code,False,Tech_Is_Legal_For_Player_,1,320641,932565,research
33,D:\MOX\OTHERS\TECHINIT.C,code,False,Init_Player_Tech_,1,320863,932787,research
129,D:\MOX\SCIENCE.C,code,False,Show_Off_Stolen_Tech_,1,1036353,1648277,research
129,D:\MOX\SCIENCE.C,code,False,Show_Off_Captured_Tech_,1,1036506,1648430,research
129,D:\MOX\SCIENCE.C,code,False,Scientist_With_Tech_,1,1036647,1648571,research
129,D:\MOX\SCIENCE.C,code,False,Show_Off_Researched_Tech_,1,1036796,1648720,research
130,D:\MOX\TECH.C,code,False,Print_Tech_Indent_Item_,1,1039127,1651051,research
130,D:\MOX\TECH.C,code,False,Tech_Select_,1,1039209,1651133,research
130,D:\MOX\TECH.C,code,False,Tech_Change_,1,1039310,1651234,research
130,D:\MOX\TECH.C,code,False,_Tech_Finished_,1,1039365,1651289,research
130,D:\MOX\TECH.C,code,False,_Tech_Select_,1,1039378,1651302,research
130,D:\MOX\TECH.C,code,False,_Tech_List_,1,1042119,1654043,research
130,D:\MOX\TECH.C,code,True,Display_All_Entry_Text_,1,1043682,1655606,research
130,D:\MOX\TECH.C,code,True,Display_Entry_Text_,1,1043712,1655636,research
130,D:\MOX\TECH.C,code,True,Display_Selected_Entry_Text_,1,1044079,1656003,research
130,D:\MOX\TECH.C,code,True,Set_Selected_Entry_,1,1044293,1656217,research
130,D:\MOX\TECH.C,code,True,Get_Selected_Entry_,1,1044393,1656317,research
130,D:\MOX\TECH.C,code,True,Init_Entry_Positions_,1,1044419,1656343,research
130,D:\MOX\TECH.C,code,True,Init_Entry_Data_,1,1044617,1656541,research
130,D:\MOX\TECH.C,code,True,Get_Group_List_,1,1045659,1657583,research
130,D:\MOX\TECH.C,code,False,Technology_Fields_Name_,1,1046386,1658310,research
130,D:\MOX\TECH.C,code,False,Technology_Applications_Name_,1,1046433,1658357,research
130,D:\MOX\TECH.C,code,False,Save_Hyper_Tech_Values_,1,1046660,1658584,research
130,D:\MOX\TECH.C,code,False,Restore_Hyper_Tech_Values_,1,1046711,1658635,research
130,D:\MOX\TECH.C,code,False,Promote_Hyper_Field_Values_,1,1046765,1658689,research
130,D:\MOX\TECH.C,code,False,Promote_A_Hyper_Value_By_Field_,1,1046809,1658733,research
130,D:\MOX\TECH.C,code,False,Get_Parent_Index_,1,1047008,1658932,research
130,D:\MOX\TECH.C,code,False,Crack_Tech_Select_List_Entry_,1,1047046,1658970,research
17,D:\MOX\NPCDIPLO.C,code,False,NPC_Tech_Exchange_,1,86725,698649,research;ai
17,D:\MOX\NPCDIPLO.C,code,False,Get_Tech_Exchange_Reaction_,1,93117,705041,research;ai
17,D:\MOX\NPCDIPLO.C,code,False,compare_tech_,1,93453,705377,research;ai
17,D:\MOX\NPCDIPLO.C,code,False,reverse_compare_tech_,1,93458,705382,research;ai
17,D:\MOX\NPCDIPLO.C,code,False,Get_Exchange_Tech_List_,1,93465,705389,research;ai
17,D:\MOX\NPCDIPLO.C,code,False,Get_Tech_Exchange_Expectation_,1,94138,706062,research;ai
17,D:\MOX\NPCDIPLO.C,code,False,Get_Differential_Tech_List_,1,94356,706280,research;ai
17,D:\MOX\NPCDIPLO.C,code,False,NPC_Tech_Exchange_Check_,1,94735,706659,research;ai
35,D:\MOX\OTHERS\AIDESIGN.C,code,False,Get_Competition_Player_Tech_Values_,1,325841,937765,research;ai
93,D:\MOX\OTHERS\AIDUDES.C,code,True,Clear_Build_Queues_If_New_Tech_,1,809172,1421096,research;ai
93,D:\MOX\OTHERS\AIDUDES.C,code,True,Grab_Scientist_,1,812674,1424598,research;ai
97,D:\MOX\OTHERS\AITECH.C,code,False,AI_Tech_Select_,1,836232,1448156,research;ai
97,D:\MOX\OTHERS\AITECH.C,code,False,Compute_AI_Tech_Info_,1,836732,1448656,research;ai
97,D:\MOX\OTHERS\AITECH.C,code,False,All_AI_Tech_Select_,1,838249,1450173,research;ai
97,D:\MOX\OTHERS\AITECH.C,code,False,Get_Max_Technology_Value_,1,838382,1450306,research;ai
98,D:\MOX\OTHERS\AITRADE.C,code,False,AI_Agrees_To_Research_Agreement_,1,838787,1450711,research;ai
15,D:\MOX\EVENTS.C,code,False,Colony_Research_Points_,1,80740,692664,research;colony
68,D:\MOX\OTHERS\COLBLDG.C,code,False,Trace_Tech_Apps_,1,654658,1266582,research;colony
102,D:\MOX\OTHERS\COLCALC.C,code,False,Colony_Research_Per_Scientist_,1,851398,1463322,research;colony
102,D:\MOX\OTHERS\COLCALC.C,code,False,Colony_Empire_Base_Research_Produced_,1,851575,1463499,research;colony
102,D:\MOX\OTHERS\COLCALC.C,code,True,Colony_Research_Production_,1,851828,1463752,research;colony
102,D:\MOX\OTHERS\COLCALC.C,code,False,Show_Research_Production_,1,852931,1464855,research;colony
102,D:\MOX\OTHERS\COLCALC.C,code,True,Chance_For_Research_Breakthrough_Aux_,1,859846,1471770,research;colony
102,D:\MOX\OTHERS\COLCALC.C,code,False,Chance_For_Research_Breakthrough_,1,859892,1471816,research;colony
102,D:\MOX\OTHERS\COLCALC.C,code,False,Player_N_Turns_Until_Research_Complete_,1,859940,1471864,research;colony
102,D:\MOX\OTHERS\COLCALC.C,code,False,Player_May_Get_Tech_App_,1,868651,1480575,research;colony
102,D:\MOX\OTHERS\COLCALC.C,code,False,Player_Gets_Tech_App_,1,868868,1480792,research;colony
102,D:\MOX\OTHERS\COLCALC.C,code,False,Check_For_Research_Breakthrough_,1,869600,1481524,research;colony
47,D:\MOX\OTHERS\HACCESS.C,code,False,Weapons_Index_From_Tech_App_,1,429374,1041298,research;combat
27,D:\MOX\DIPLOMAC.C,code,False,Tech_Strength_Comparison_,1,262500,874424,research;diplomacy
27,D:\MOX\DIPLOMAC.C,code,False,Break_Research_,1,268123,880047,research;diplomacy
27,D:\MOX\DIPLOMAC.C,code,False,Tech_Comparison_,1,269883,881807,research;diplomacy
27,D:\MOX\DIPLOMAC.C,code,False,Start_Research_Treaty_,1,270672,882596,research;diplomacy
27,D:\MOX\DIPLOMAC.C,code,False,Get_Break_Research_Message_,1,275657,887581,research;diplomacy
120,D:\MOX\OTHERS\SPY.C,code,True,Tech_Spy_Bonus_,1,985662,1597586,research;diplomacy
14,D:\MOX\DIP-SCRN.C,code,False,Get_Human_Tech_Exchange_Message_,1,35479,647403,research;diplomacy;ui
14,D:\MOX\DIP-SCRN.C,code,False,Get_Human_Tech_Exchange_First_Message_,1,35554,647478,research;diplomacy;ui
14,D:\MOX\DIP-SCRN.C,code,False,Get_Human_Tech_Exchange_Accept_Message_,1,35623,647547,research;diplomacy;ui
14,D:\MOX\DIP-SCRN.C,code,False,Get_Human_Tech_Exchange_Decline_Message_,1,35646,647570,research;diplomacy;ui
14,D:\MOX\DIP-SCRN.C,code,False,Get_Diplomacy_Tech_List_,1,40287,652211,research;diplomacy;ui
14,D:\MOX\DIP-SCRN.C,code,False,Diplomacy_Generic_Exchange_Tech_List_,1,40742,652666,research;diplomacy;ui
14,D:\MOX\DIP-SCRN.C,code,False,Get_Human_Tech_Exchange_Choice_,1,47099,659023,research;diplomacy;ui
14,D:\MOX\DIP-SCRN.C,code,False,Diplomacy_Exchange_Technology_,1,52045,663969,research;diplomacy;ui
14,D:\MOX\DIP-SCRN.C,code,False,Get_Diplomacy_Tech_Exchange_Lists_,1,53169,665093,research;diplomacy;ui
123,D:\MOX\BILLHELP.C,code,False,Trade_Tech_Help_,1,998218,1610142,research;economy
40,D:\MOX\OTHERS\DESBOX.C,code,True,qsort_by_research_cost_,1,368217,980141,research;economy
58,D:\MOX\OTHERS\OFFICER.C,code,True,Get_Research_Cost_Skill_Value_,1,540683,1152607,research;economy
121,D:\MOX\OTHERS\TRADE.C,code,False,Base_Research_Agreement_Goal_,1,990355,1602279,research;economy
121,D:\MOX\OTHERS\TRADE.C,code,True,Research_Agreement_Goal_,1,990405,1602329,research;economy
121,D:\MOX\OTHERS\TRADE.C,code,True,Process_Research_Agreement_,1,990693,1602617,research;economy
121,D:\MOX\OTHERS\TRADE.C,code,False,Process_Trade_And_Research_Agreements_,1,990839,1602763,research;economy
121,D:\MOX\OTHERS\TRADE.C,code,False,Start_Research_Agreement_,1,991106,1603030,research;economy
130,D:\MOX\TECH.C,code,False,New_Get_Tech_Cost_,1,1046621,1658545,research;economy
130,D:\MOX\TECH.C,code,False,Get_Tech_Cost_,1,1046843,1658767,research;economy
130,D:\MOX\TECH.C,code,False,Sort_Tech_List_By_Cost_,1,1046859,1658783,research;economy
102,D:\MOX\OTHERS\COLCALC.C,code,False,Player_Research_Cost_,1,859798,1471722,research;economy;colony
102,D:\MOX\OTHERS\COLCALC.C,code,False,Compute_Player_Total_Known_Tech_Cost_,1,869685,1481609,research;economy;colony
44,D:\MOX\OTHERS\FLT1.C,code,False,Get_Technology_From_Scrapped_Ship_,1,404275,1016199,research;fleet
44,D:\MOX\OTHERS\FLT1.C,code,True,Plunder_Ships_For_Tech_,1,412340,1024264,research;fleet
125,D:\MOX\INFO.C,code,True,Draw_Tech_Review_Subscreen_,1,1017130,1629054,research;ui
60,D:\MOX\OTHERS\SCORE.C,code,True,Draw_Technology_Score_,1,583268,1195192,research;ui
130,D:\MOX\TECH.C,code,True,Draw_Tech_Select_,1,1041586,1653510,research;ui
130,D:\MOX\TECH.C,code,False,Draw_Little_Arrow_,1,1041763,1653687,research;ui
130,D:\MOX\TECH.C,code,True,Draw_Tech_List_,1,1043606,1655530,research;ui
130,D:\MOX\TECH.C,code,True,Setup_Entry_Buttons_,1,1045513,1657437,research;ui
130,D:\MOX\TECH.C,code,True,Draw_Application_Description_,1,1046063,1657987,research;ui
9,D:\MOX\ANTAROOM.C,code,False,Main_Antaran_Room_Screen_,1,19116,631040,ui
9,D:\MOX\ANTAROOM.C,code,False,Draw_Main_Antaran_Room_Screen_,1,19453,631377,ui
9,D:\MOX\ANTAROOM.C,code,False,Reload_Main_Antaran_Room_Screen_,1,19587,631511,ui
9,D:\MOX\ANTAROOM.C,code,False,Check_Show_Main_Antaran_Room_Screen_,1,19937,631861,ui
122,D:\MOX\BILL.C,code,False,Update_List_Window_Data_,1,993786,1605710,ui
122,D:\MOX\BILL.C,code,False,Disable_Draw_Current_Fields_,1,994553,1606477,ui
122,D:\MOX\BILL.C,code,False,Enable_Draw_Current_Fields_,1,994587,1606511,ui
122,D:\MOX\BILL.C,code,False,Draw_Prior_Fields_,1,994621,1606545,ui
122,D:\MOX\BILL.C,code,False,Disable_Draw_Selected_Fields_,1,994685,1606609,ui
122,D:\MOX\BILL.C,code,False,Enable_Draw_Selected_Fields_,1,994708,1606632,ui
123,D:\MOX\BILLHELP.C,code,False,Turn_Summary_Popup_Help_,1,997847,1609771,ui
123,D:\MOX\BILLHELP.C,code,False,Audience_Menu_Help_,1,998092,1610016,ui
123,D:\MOX\BILLHELP.C,code,False,Tribute_Menu_Help_,1,998260,1610184,ui
15,D:\MOX\EVENTS.C,code,False,Drive_Event_Screen_,1,66560,678484,ui
15,D:\MOX\EVENTS.C,code,False,Draw_Event_Screen_,1,66656,678580,ui
125,D:\MOX\INFO.C,code,False,Info_Screen_,1,1010860,1622784,ui
125,D:\MOX\INFO.C,code,False,Draw_The_History_Graph_,1,1013358,1625282,ui
125,D:\MOX\INFO.C,code,True,Draw_Histories_,1,1014092,1626016,ui
125,D:\MOX\INFO.C,code,True,Draw_History_Subscreen_,1,1015848,1627772,ui
125,D:\MOX\INFO.C,code,True,Draw_Race_Stats_Subscreen_,1,1019490,1631414,ui
125,D:\MOX\INFO.C,code,False,Draw_Dummy_Turn_Summary_Subscreen_,1,1019799,1631723,ui
125,D:\MOX\INFO.C,code,True,Draw_Reference_How_To_Subscreen_,1,1019799,1631723,ui
125,D:\MOX\INFO.C,code,True,Draw_Turn_Summary_Subscreen_,1,1020605,1632529,ui
125,D:\MOX\INFO.C,code,True,Draw_Reference_Main_Subscreen_,1,1021657,1633581,ui
125,D:\MOX\INFO.C,code,True,Draw_Reference_Category_Subscreen_,1,1023269,1635193,ui
125,D:\MOX\INFO.C,code,True,Draw_Drop_Area_,1,1023489,1635413,ui
125,D:\MOX\INFO.C,code,True,Draw_Multiple_Drop_Areas_,1,1023902,1635826,ui
16,D:\MOX\JIM.C,code,False,Draw_Logos_,1,85715,697639,ui
65,D:\MOX\OTHERS\BEAMS.C,code,False,Draw_Generic_Beam_,1,617372,1229296,ui
65,D:\MOX\OTHERS\BEAMS.C,code,False,Draw_Fighter_Beam_,1,626739,1238663,ui
65,D:\MOX\OTHERS\BEAMS.C,code,False,Draw_Damage_Message_Queue_,1,627235,1239159,ui
65,D:\MOX\OTHERS\BEAMS.C,code,False,Draw_Damage_Indicator_,1,627366,1239290,ui
65,D:\MOX\OTHERS\BEAMS.C,code,False,Draw_Damage_Indicator_Right_,1,627808,1239732,ui
65,D:\MOX\OTHERS\BEAMS.C,code,False,Draw_Damage_Indicator_Right2_,1,627839,1239763,ui
65,D:\MOX\OTHERS\BEAMS.C,code,False,Draw_Damage_Message_Queue_Until_Done_,1,627873,1239797,ui
65,D:\MOX\OTHERS\BEAMS.C,code,False,Get_SFX_Draw_Shield_Facing_,1,627964,1239888,ui
65,D:\MOX\OTHERS\BEAMS.C,code,True,Get_SFX_Draw_Shield_Facing2_,1,628076,1240000,ui
65,D:\MOX\OTHERS\BEAMS.C,code,False,Draw_All_Shields_,1,628642,1240566,ui
65,D:\MOX\OTHERS\BEAMS.C,code,False,Draw_Shield_Hit_Once_Through_,1,628839,1240763,ui
65,D:\MOX\OTHERS\BEAMS.C,code,False,Draw_Shield_Hit_Next_Frame_,1,629151,1241075,ui
65,D:\MOX\OTHERS\BEAMS.C,code,True,Draw_Shield_Hit_,1,629485,1241409,ui
65,D:\MOX\OTHERS\BEAMS.C,code,False,Draw_Reflection_Field_Hit_Once_Through_,1,631079,1243003,ui
65,D:\MOX\OTHERS\BEAMS.C,code,False,Draw_Reflection_Field_Hit_Next_Frame_,1,631425,1243349,ui
65,D:\MOX\OTHERS\BEAMS.C,code,True,Draw_Reflection_Field_Hit_,1,631693,1243617,ui
65,D:\MOX\OTHERS\BEAMS.C,code,False,Draw_Beam_,1,632407,1244331,ui
65,D:\MOX\OTHERS\BEAMS.C,code,False,Draw_Beam2_,1,636206,1248130,ui
40,D:\MOX\OTHERS\DESBOX.C,code,True,Draw_Darkened_Design_Screen_,1,349497,961421,ui
40,D:\MOX\OTHERS\DESBOX.C,code,True,Draw_Generic_Replacement_Box_Help_,1,349580,961504,ui
40,D:\MOX\OTHERS\DESBOX.C,code,True,Draw_Generic_Replacement_Box_,1,350040,961964,ui
40,D:\MOX\OTHERS\DESBOX.C,code,True,Draw_Special_Systems_Replacement_Box_,1,350291,962215,ui
40,D:\MOX\OTHERS\DESBOX.C,code,False,Draw_Special_Systems_Scroll_Bar_,1,350499,962423,ui
40,D:\MOX\OTHERS\DESBOX.C,code,True,Redraw_Main_Design_Screen_To_Background_,1,360016,971940,ui
40,D:\MOX\OTHERS\DESBOX.C,code,False,Window_Box_,1,368175,980099,ui
41,D:\MOX\OTHERS\DESIGN.C,code,False,Add_Design_Buttons_,1,368226,980150,ui
41,D:\MOX\OTHERS\DESIGN.C,code,True,Add_Size_Button_,1,369637,981561,ui
41,D:\MOX\OTHERS\DESIGN.C,code,False,Check_Plus_Minus_Buttons_,1,372374,984298,ui
41,D:\MOX\OTHERS\DESIGN.C,code,False,Design_Screen_,1,375218,987142,ui
41,D:\MOX\OTHERS\DESIGN.C,code,False,Draw_Design_Screen_,1,378573,990497,ui
41,D:\MOX\OTHERS\DESIGN.C,code,False,Draw_Down_Buttons_,1,378628,990552,ui
41,D:\MOX\OTHERS\DESIGN.C,code,False,Load_Design_Screen_Pictures_,1,379277,991201,ui
79,D:\MOX\OTHERS\ERIC.C,code,False,Draw_Centered_,1,744703,1356627,ui
79,D:\MOX\OTHERS\ERIC.C,code,False,Remap_Draw_Centered_,1,744746,1356670,ui
79,D:\MOX\OTHERS\ERIC.C,code,False,Draw_Bottom_Centered_,1,744789,1356713,ui
79,D:\MOX\OTHERS\ERIC.C,code,False,Draw_Bottom_Centered_No_Glass_,1,744821,1356745,ui
79,D:\MOX\OTHERS\ERIC.C,code,True,Do_Cinematic_Popup_Setup_,1,746427,1358351,ui
79,D:\MOX\OTHERS\ERIC.C,code,True,Do_Cinematic_Popup_Cleanup_,1,746584,1358508,ui
86,D:\MOX\OTHERS\ERICHELP.C,code,False,Set_Building_Queue_Screen_Help_List_,1,777020,1388944,ui
86,D:\MOX\OTHERS\ERICHELP.C,code,False,Set_Transport_Popup_Help_List_,1,777038,1388962,ui
86,D:\MOX\OTHERS\ERICHELP.C,code,False,Set_Occupation_Policy_Popup_Help_List_,1,777056,1388980,ui
86,D:\MOX\OTHERS\ERICHELP.C,code,False,Set_New_Game_Screen_Help_List_,1,777074,1388998,ui
86,D:\MOX\OTHERS\ERICHELP.C,code,False,Set_New_System_Discovery_Popup_Help_List_,1,777155,1389079,ui
86,D:\MOX\OTHERS\ERICHELP.C,code,False,Set_Player_Attacked_Popup_Help_List_,1,777156,1389080,ui
86,D:\MOX\OTHERS\ERICHELP.C,code,False,Set_Dragon_New_Star_Popup_Help_List_,1,777219,1389143,ui
86,D:\MOX\OTHERS\ERICHELP.C,code,False,Set_Planet_Selection_Popup_Help_List_,1,777240,1389164,ui
86,D:\MOX\OTHERS\ERICHELP.C,code,False,Set_Officer_Information_Popup_Help_List_,1,777261,1389185,ui
42,D:\MOX\OTHERS\EVANHELP.C,code,False,Set_Main_Screen_Help_List_,1,389760,1001684,ui
42,D:\MOX\OTHERS\EVANHELP.C,code,False,Set_PlntSum_Screen_Help_List_,1,390445,1002369,ui
42,D:\MOX\OTHERS\EVANHELP.C,code,False,Set_Design_Screen_Help_List_,1,390468,1002392,ui
42,D:\MOX\OTHERS\EVANHELP.C,code,False,Set_Main_Game_Screen_Help_List_,1,391206,1003130,ui
42,D:\MOX\OTHERS\EVANHELP.C,code,False,Set_Load_Game_Screen_Help_List_,1,391248,1003172,ui
42,D:\MOX\OTHERS\EVANHELP.C,code,False,Set_Save_Game_Screen_Help_List_,1,391269,1003193,ui
42,D:\MOX\OTHERS\EVANHELP.C,code,False,Set_Options_Game_Screen_Help_List_,1,391290,1003214,ui
42,D:\MOX\OTHERS\EVANHELP.C,code,False,Set_ColOff_Screen_Help_List_,1,391519,1003443,ui
42,D:\MOX\OTHERS\EVANHELP.C,code,False,Set_ShipOff_Screen_Help_List_,1,391613,1003537,ui
42,D:\MOX\OTHERS\EVANHELP.C,code,False,Set_Main_Menu_Screen_Help_List_,1,391872,1003796,ui
42,D:\MOX\OTHERS\EVANHELP.C,code,False,Set_Multi_Player_Setup_Screen_Help_List_,1,391893,1003817,ui
42,D:\MOX\OTHERS\EVANHELP.C,code,False,Set_Modem_Setup_Screen_Help_List_,1,391914,1003838,ui
42,D:\MOX\OTHERS\EVANHELP.C,code,False,Set_Null_Modem_Setup_Screen_Help_List_,1,391967,1003891,ui
42,D:\MOX\OTHERS\EVANHELP.C,code,False,Set_Hotseat_Setup_Screen_Help_List_,1,392072,1003996,ui
80,D:\MOX\OTHERS\FAKEBUTS.C,code,False,Draw_Fake_Buttons_,1,747394,1359318,ui
80,D:\MOX\OTHERS\FAKEBUTS.C,code,False,Add_Fake_Button_To_List_,1,747534,1359458,ui
80,D:\MOX\OTHERS\FAKEBUTS.C,code,False,Clear_Fake_Buttons_,1,747582,1359506,ui
80,D:\MOX\OTHERS\FAKEBUTS.C,code,False,Add_Fake_Button_Field_,1,747611,1359535,ui
80,D:\MOX\OTHERS\FAKEBUTS.C,code,False,Draw_Click_Thru_Fields_,1,747716,1359640,ui
82,D:\MOX\OTHERS\FLCQUEUE.C,code,False,Draw_Flic_Queue_,1,748791,1360715,ui
82,D:\MOX\OTHERS\FLCQUEUE.C,code,True,Draw_Queue_Entry_,1,748816,1360740,ui
44,D:\MOX\OTHERS\FLT1.C,code,False,Allocate_Fltscrn_Next_Screen_Seg_,1,404069,1015993,ui
44,D:\MOX\OTHERS\FLT1.C,code,True,Draw_Fltscrn_Relocation_Lines_,1,414330,1026254,ui
45,D:\MOX\OTHERS\FLT2.C,code,False,Button_Underneath_,1,415961,1027885,ui
45,D:\MOX\OTHERS\FLT2.C,code,False,Draw_Captains_Picture_,1,416217,1028141,ui
45,D:\MOX\OTHERS\FLT2.C,code,False,Get_Filter_Button_Status_,1,417762,1029686,ui
46,D:\MOX\OTHERS\GENDRAW.C,code,True,Draw_Animating_Message_Box_,1,424032,1035956,ui
46,D:\MOX\OTHERS\GENDRAW.C,code,True,Draw_Confirm_Box_,1,424164,1036088,ui
48,D:\MOX\OTHERS\HAROLD.C,code,False,Planet_Data_Screen_,1,433180,1045104,ui
48,D:\MOX\OTHERS\HAROLD.C,code,False,Draw_Multi_Colored_Box_,1,435703,1047627,ui
36,D:\MOX\OTHERS\HOTPOP.C,code,False,Reload_Hotseat_Screen_,1,337354,949278,ui
36,D:\MOX\OTHERS\HOTPOP.C,code,True,Fade_Into_Hotseat_Screen_,1,337486,949410,ui
36,D:\MOX\OTHERS\HOTPOP.C,code,False,Draw_Hotseat_Screen_,1,337622,949546,ui
36,D:\MOX\OTHERS\HOTPOP.C,code,True,Init_Hotseat_Screen_,1,337885,949809,ui
36,D:\MOX\OTHERS\HOTPOP.C,code,False,Hotseat_Screen_,1,338146,950070,ui
50,D:\MOX\OTHERS\LOADSAVE.C,code,True,Add_Game_Popup_Fields_,1,446561,1058485,ui
50,D:\MOX\OTHERS\LOADSAVE.C,code,True,Allocate_Data_Space_For_Game_Popup_,1,448658,1060582,ui
50,D:\MOX\OTHERS\LOADSAVE.C,code,False,Darken_Main_Screen_Background_,1,449043,1060967,ui
50,D:\MOX\OTHERS\LOADSAVE.C,code,False,Do_Load_Game_Popup_,1,449142,1061066,ui
50,D:\MOX\OTHERS\LOADSAVE.C,code,True,Do_Main_Game_Popup_,1,449857,1061781,ui
50,D:\MOX\OTHERS\LOADSAVE.C,code,True,Do_Options_Game_Popup_,1,450575,1062499,ui
50,D:\MOX\OTHERS\LOADSAVE.C,code,True,Do_Save_Game_Popup_,1,450900,1062824,ui
50,D:\MOX\OTHERS\LOADSAVE.C,code,True,Fiz_Game_Popup_,1,451857,1063781,ui
50,D:\MOX\OTHERS\LOADSAVE.C,code,True,Fiz_Game_Popup_Autofuction_,1,451859,1063783,ui
50,D:\MOX\OTHERS\LOADSAVE.C,code,True,Restore_Game_Popup_,1,451860,1063784,ui
50,D:\MOX\OTHERS\LOADSAVE.C,code,True,Restore_Main_Screen_,1,451964,1063888,ui
50,D:\MOX\OTHERS\LOADSAVE.C,code,True,Game_Popup_User_Box_,1,451994,1063918,ui
50,D:\MOX\OTHERS\LOADSAVE.C,code,True,Get_Game_Popup_Colors_,1,452289,1064213,ui
50,D:\MOX\OTHERS\LOADSAVE.C,code,True,Load_Game_Popup_Pictures_,1,453212,1065136,ui
50,D:\MOX\OTHERS\LOADSAVE.C,code,True,Pull_Down_Game_Popup_,1,454084,1066008,ui
50,D:\MOX\OTHERS\LOADSAVE.C,code,True,Push_Up_Game_Popup_,1,454105,1066029,ui
50,D:\MOX\OTHERS\LOADSAVE.C,code,True,Animate_Game_Popup_,1,454130,1066054,ui
50,D:\MOX\OTHERS\LOADSAVE.C,code,True,_Draw_Load_Save_Game_Popup_,1,455174,1067098,ui
50,D:\MOX\OTHERS\LOADSAVE.C,code,True,_Draw_Main_Game_Popup_,1,456449,1068373,ui
50,D:\MOX\OTHERS\LOADSAVE.C,code,True,_Draw_Options_Game_Popup_,1,457256,1069180,ui
50,D:\MOX\OTHERS\LOADSAVE.C,code,False,_Game_Popup_,1,459055,1070979,ui
50,D:\MOX\OTHERS\LOADSAVE.C,code,True,Load_Mainmenu_Load_Game_Popup_,1,459737,1071661,ui
50,D:\MOX\OTHERS\LOADSAVE.C,code,False,Mainmenu_Load_Game_Popup_,1,459959,1071883,ui
50,D:\MOX\OTHERS\LOADSAVE.C,code,True,Set_Up_Load_Save_Popup_,1,460118,1072042,ui
50,D:\MOX\OTHERS\LOADSAVE.C,code,True,Draw_Darkened_Load_Button_,1,460865,1072789,ui
50,D:\MOX\OTHERS\LOADSAVE.C,code,True,Draw_Darkened_New_Game_Button_,1,460909,1072833,ui
50,D:\MOX\OTHERS\LOADSAVE.C,code,True,Set_Music_For_Game_Popup_,1,460946,1072870,ui
50,D:\MOX\OTHERS\LOADSAVE.C,code,True,Set_Sound_For_Game_Popup_,1,461080,1073004,ui
51,D:\MOX\OTHERS\MAINMENU.C,code,True,Add_Main_Menu_Fields_,1,461540,1073464,ui
51,D:\MOX\OTHERS\MAINMENU.C,code,True,Do_Main_Menu_File_Animation_,1,462260,1074184,ui
51,D:\MOX\OTHERS\MAINMENU.C,code,True,Do_Mainmenu_Load_Screen_,1,463047,1074971,ui
51,D:\MOX\OTHERS\MAINMENU.C,code,True,Draw_Credits_,1,463175,1075099,ui
51,D:\MOX\OTHERS\MAINMENU.C,code,True,Main_Menu_Fade_Function_,1,463745,1075669,ui
51,D:\MOX\OTHERS\MAINMENU.C,code,True,Main_Menu_Fade_Function2_,1,463765,1075689,ui
51,D:\MOX\OTHERS\MAINMENU.C,code,True,Draw_Main_Menu_File_Animation_,1,463775,1075699,ui
51,D:\MOX\OTHERS\MAINMENU.C,code,True,Draw_Main_Menu_Screen_,1,463780,1075704,ui
51,D:\MOX\OTHERS\MAINMENU.C,code,False,Main_Menu_Screen_,1,464626,1076550,ui
51,D:\MOX\OTHERS\MAINMENU.C,code,True,Reload_Main_Menu_Screen_,1,465598,1077522,ui
83,D:\MOX\OTHERS\MAINPUPS.C,code,False,Draw_System_Special_Popup_,1,749555,1361479,ui
83,D:\MOX\OTHERS\MAINPUPS.C,code,True,Do_Popup_Setup_,1,749614,1361538,ui
83,D:\MOX\OTHERS\MAINPUPS.C,code,True,Do_Popup_Cleanup_,1,750211,1362135,ui
83,D:\MOX\OTHERS\MAINPUPS.C,code,False,Draw_Special_Info_Popup_,1,750360,1362284,ui
83,D:\MOX\OTHERS\MAINPUPS.C,code,True,Draw_Random_New_Officer_Popup_,1,751354,1363278,ui
83,D:\MOX\OTHERS\MAINPUPS.C,code,True,Load_New_Officer_Popup_,1,751973,1363897,ui
83,D:\MOX\OTHERS\MAINPUPS.C,code,True,Load_New_Officer_Popup_For_Officer_Screen_,1,752112,1364036,ui
83,D:\MOX\OTHERS\MAINPUPS.C,code,True,Set_Globals_To_Center_Popup_,1,752260,1364184,ui
83,D:\MOX\OTHERS\MAINPUPS.C,code,False,Hire_Officer_Popup_,1,752312,1364236,ui
83,D:\MOX\OTHERS\MAINPUPS.C,code,False,Random_New_Officer_Popup_,1,752346,1364270,ui
83,D:\MOX\OTHERS\MAINPUPS.C,code,False,Marooned_Officer_Joins_Popup_,1,753412,1365336,ui
83,D:\MOX\OTHERS\MAINPUPS.C,code,False,Marooned_Officer_Fails_Popup_,1,753440,1365364,ui
83,D:\MOX\OTHERS\MAINPUPS.C,code,True,Draw_Officer_Gains_Level_Popup_,1,753696,1365620,ui
83,D:\MOX\OTHERS\MAINPUPS.C,code,True,Load_Officer_Gains_Level_Popup_,1,754117,1366041,ui
83,D:\MOX\OTHERS\MAINPUPS.C,code,False,Officer_Gains_Level_Popup_,1,754185,1366109,ui
83,D:\MOX\OTHERS\MAINPUPS.C,code,True,Load_System_Discovery_Popup_,1,754446,1366370,ui
83,D:\MOX\OTHERS\MAINPUPS.C,code,True,Draw_Discovery_Popup_,1,754629,1366553,ui
83,D:\MOX\OTHERS\MAINPUPS.C,code,False,New_System_Discovery_Popup_,1,755030,1366954,ui
83,D:\MOX\OTHERS\MAINPUPS.C,code,True,Draw_Selection_Popup_,1,755678,1367602,ui
83,D:\MOX\OTHERS\MAINPUPS.C,code,False,Artificial_Planet_Selection_Popup_,1,757027,1368951,ui
83,D:\MOX\OTHERS\MAINPUPS.C,code,False,Drop_Troops_Selection_Popup_,1,757052,1368976,ui
83,D:\MOX\OTHERS\MAINPUPS.C,code,False,New_Outpost_Selection_Popup_,1,757065,1368989,ui
83,D:\MOX\OTHERS\MAINPUPS.C,code,True,Draw_Attack_Selection_Popup_,1,757703,1369627,ui
83,D:\MOX\OTHERS\MAINPUPS.C,code,True,Draw_Defense_Selection_Popup_,1,758594,1370518,ui
83,D:\MOX\OTHERS\MAINPUPS.C,code,False,Player_Attacked_Popup_,1,759771,1371695,ui
83,D:\MOX\OTHERS\MAINPUPS.C,code,True,Load_SLIDER_Popup_,1,760283,1372207,ui
83,D:\MOX\OTHERS\MAINPUPS.C,code,True,Draw_Slider_Popup_,1,760893,1372817,ui
83,D:\MOX\OTHERS\MAINPUPS.C,code,False,Slider_Popup_,1,761520,1373444,ui
83,D:\MOX\OTHERS\MAINPUPS.C,code,True,Load_Dragon_New_Star_Popup_,1,770905,1382829,ui
83,D:\MOX\OTHERS\MAINPUPS.C,code,True,Draw_Dragon_New_Star_Popup_,1,771217,1383141,ui
83,D:\MOX\OTHERS\MAINPUPS.C,code,False,Dragon_New_Star_Popup_,1,771893,1383817,ui
52,D:\MOX\OTHERS\MAINSCR.C,code,False,Allocate_First_Screen_Seg_,1,467784,1079708,ui
52,D:\MOX\OTHERS\MAINSCR.C,code,False,Do_System_Popup_,1,472681,1084605,ui
52,D:\MOX\OTHERS\MAINSCR.C,code,True,Draw_A_Gate_Icon_,1,472897,1084821,ui
52,D:\MOX\OTHERS\MAINSCR.C,code,True,Draw_A_Star_,1,473858,1085782,ui
52,D:\MOX\OTHERS\MAINSCR.C,code,False,Draw_Black_Holes_,1,474105,1086029,ui
52,D:\MOX\OTHERS\MAINSCR.C,code,True,Draw_ETA_Destination_Line_,1,474602,1086526,ui
52,D:\MOX\OTHERS\MAINSCR.C,code,False,Draw_Exploding_Plasma_Box_,1,474877,1086801,ui
52,D:\MOX\OTHERS\MAINSCR.C,code,False,Draw_Game_Turn_Buttons_,1,475991,1087915,ui
52,D:\MOX\OTHERS\MAINSCR.C,code,False,Draw_Main_Main_Screen_,1,476174,1088098,ui
52,D:\MOX\OTHERS\MAINSCR.C,code,False,Draw_Main_Screen_,1,476501,1088425,ui
52,D:\MOX\OTHERS\MAINSCR.C,code,False,Draw_Main_Screen_Before_Stencil_,1,477644,1089568,ui
52,D:\MOX\OTHERS\MAINSCR.C,code,False,Draw_Main_Screen_Filled_,1,477845,1089769,ui
52,D:\MOX\OTHERS\MAINSCR.C,code,True,Draw_Main_Screen_For_Zooming_,1,478158,1090082,ui
52,D:\MOX\OTHERS\MAINSCR.C,code,True,Draw_Main_Screen_While_Moving_Boxes_,1,478642,1090566,ui
52,D:\MOX\OTHERS\MAINSCR.C,code,False,Draw_Mini_Main_Screen_,1,478877,1090801,ui
52,D:\MOX\OTHERS\MAINSCR.C,code,False,Draw_Nebulae_,1,479119,1091043,ui
52,D:\MOX\OTHERS\MAINSCR.C,code,True,Draw_Paralax_,1,479247,1091171,ui
52,D:\MOX\OTHERS\MAINSCR.C,code,True,Draw_Player_Done_Lights_,1,479756,1091680,ui
52,D:\MOX\OTHERS\MAINSCR.C,code,True,Draw_Relocation_Links_,1,480032,1091956,ui
52,D:\MOX\OTHERS\MAINSCR.C,code,False,Draw_Stars_,1,480592,1092516,ui
52,D:\MOX\OTHERS\MAINSCR.C,code,False,Draw_Wormhole_Links_,1,480659,1092583,ui
52,D:\MOX\OTHERS\MAINSCR.C,code,True,Set_Popup_Draw_XY_,1,481015,1092939,ui
52,D:\MOX\OTHERS\MAINSCR.C,code,True,Popup_XY_,1,481102,1093026,ui
52,D:\MOX\OTHERS\MAINSCR.C,code,False,Get_PointXY_Draw_Coords_,1,481983,1093907,ui
52,D:\MOX\OTHERS\MAINSCR.C,code,False,Get_Star_Draw_Coords_,1,482195,1094119,ui
52,D:\MOX\OTHERS\MAINSCR.C,code,False,Get_Star_Id_For_Officers_Screen_,1,482269,1094193,ui
52,D:\MOX\OTHERS\MAINSCR.C,code,False,Is_Main_Screen_Palette_,1,483523,1095447,ui
52,D:\MOX\OTHERS\MAINSCR.C,code,False,Main_Screen_,1,483720,1095644,ui
52,D:\MOX\OTHERS\MAINSCR.C,code,False,Main_Screen_Text_Box_,1,489028,1100952,ui
52,D:\MOX\OTHERS\MAINSCR.C,code,False,Mini_Main_Screen_Text_Box_,1,489112,1101036,ui
52,D:\MOX\OTHERS\MAINSCR.C,code,False,Print_Main_Screen_Data_,1,490414,1102338,ui
52,D:\MOX\OTHERS\MAINSCR.C,code,False,Redraw_Main_Screen_,1,494905,1106829,ui
52,D:\MOX\OTHERS\MAINSCR.C,code,False,Redraw_Main_Screen_Without_Boxes_,1,495169,1107093,ui
52,D:\MOX\OTHERS\MAINSCR.C,code,False,Clear_Main_Screen_Fields_,1,499594,1111518,ui
52,D:\MOX\OTHERS\MAINSCR.C,code,True,Set_Main_Screen_Fields_To_Null_,1,499594,1111518,ui
52,D:\MOX\OTHERS\MAINSCR.C,code,False,Star_On_Screen_,1,500104,1112028,ui
52,D:\MOX\OTHERS\MAINSCR.C,code,False,Fade_Into_Main_Screen_,1,501442,1113366,ui
53,D:\MOX\OTHERS\MAINSCR2.C,code,False,Building_Outposts_In_Main_Screen_,1,502138,1114062,ui
53,D:\MOX\OTHERS\MAINSCR2.C,code,False,Distance_Between_Stars_Screen_,1,502637,1114561,ui
53,D:\MOX\OTHERS\MAINSCR2.C,code,True,Draw_Main_Screen_For_Star_Distances_,1,503630,1115554,ui
53,D:\MOX\OTHERS\MAINSCR2.C,code,True,Main_Screen_Report_Handler_,1,504187,1116111,ui
53,D:\MOX\OTHERS\MAINSCR2.C,code,True,Redraw_Main_Screen_After_Popups_,1,505036,1116960,ui
53,D:\MOX\OTHERS\MAINSCR2.C,code,False,Unloading_Transports_In_Main_Screen_,1,505765,1117689,ui
53,D:\MOX\OTHERS\MAINSCR2.C,code,False,Reports_Screen_,1,506198,1118122,ui
54,D:\MOX\OTHERS\MAPGEN.C,code,False,Init_Main_Screen_,1,511753,1123677,ui
55,D:\MOX\OTHERS\MISC.C,code,False,Box_Clipping_Window_,1,518541,1130465,ui
55,D:\MOX\OTHERS\MISC.C,code,False,CHECK_PARAM_DRAW_,1,518635,1130559,ui
55,D:\MOX\OTHERS\MISC.C,code,False,Draw_Advancing_Fill_Message_,1,520161,1132085,ui
55,D:\MOX\OTHERS\MISC.C,code,False,Draw_Darkened_Box_,1,520277,1132201,ui
55,D:\MOX\OTHERS\MISC.C,code,False,Draw_Highlight_Box_,1,520381,1132305,ui
55,D:\MOX\OTHERS\MISC.C,code,False,Fade_Into_Screen_,1,520644,1132568,ui
55,D:\MOX\OTHERS\MISC.C,code,False,Restore_Window_Status_,1,523606,1135530,ui
55,D:\MOX\OTHERS\MISC.C,code,False,Save_Window_Status_,1,523633,1135557,ui
56,D:\MOX\OTHERS\MOVEBOX.C,code,False,Add_Whole_Window_Field_,1,525752,1137676,ui
56,D:\MOX\OTHERS\MOVEBOX.C,code,True,Box_Officer_Screen_Chosen_Star_,1,526090,1138014,ui
56,D:\MOX\OTHERS\MOVEBOX.C,code,True,Box_Officer_Screen_Scanned_Star_,1,526286,1138210,ui
56,D:\MOX\OTHERS\MOVEBOX.C,code,True,Do_Officer_Screen_Stuff_,1,526842,1138766,ui
56,D:\MOX\OTHERS\MOVEBOX.C,code,False,Draw_Galaxy_Map_Box_,1,527439,1139363,ui
56,D:\MOX\OTHERS\MOVEBOX.C,code,False,Draw_Moveable_Box_,1,528537,1140461,ui
111,D:\MOX\OTHERS\MULTPLAY.C,code,True,Add_Load_MP_Game_Screen_Fields_,1,917114,1529038,ui
111,D:\MOX\OTHERS\MULTPLAY.C,code,True,Add_MP_Setup_Screen_Fields_,1,917658,1529582,ui
111,D:\MOX\OTHERS\MULTPLAY.C,code,False,Choose_Multi_Network_Game_Screen_,1,920718,1532642,ui
111,D:\MOX\OTHERS\MULTPLAY.C,code,False,Choose_Network_Plyrs_Screen_,1,921111,1533035,ui
111,D:\MOX\OTHERS\MULTPLAY.C,code,False,Draw_Net_Next_Turn_Screen_,1,921717,1533641,ui
111,D:\MOX\OTHERS\MULTPLAY.C,code,False,Draw_Choose_Net_Plyrs_Screen_,1,923246,1535170,ui
111,D:\MOX\OTHERS\MULTPLAY.C,code,False,Draw_Generic_Net_Info_Screen_,1,924103,1536027,ui
111,D:\MOX\OTHERS\MULTPLAY.C,code,False,Draw_Join_Net_Screen_,1,924103,1536027,ui
111,D:\MOX\OTHERS\MULTPLAY.C,code,True,Draw_Choose_Multi_Net_Game_Screen_,1,924404,1536328,ui
111,D:\MOX\OTHERS\MULTPLAY.C,code,True,Draw_Load_MP_Game_Screen_,1,924902,1536826,ui
111,D:\MOX\OTHERS\MULTPLAY.C,code,True,Draw_MP_Setup_Screen_,1,925826,1537750,ui
111,D:\MOX\OTHERS\MULTPLAY.C,code,True,Draw_MP_Buttons_Down_,1,926130,1538054,ui
111,D:\MOX\OTHERS\MULTPLAY.C,code,True,Draw_Modem_Setup_Screen_,1,926421,1538345,ui
111,D:\MOX\OTHERS\MULTPLAY.C,code,True,Draw_Fill_Seg_,1,927554,1539478,ui
111,D:\MOX\OTHERS\MULTPLAY.C,code,False,Draw_Multi_Player_Banner_,1,927671,1539595,ui
111,D:\MOX\OTHERS\MULTPLAY.C,code,True,Draw_NullModem_Setup_Screen_,1,927924,1539848,ui
111,D:\MOX\OTHERS\MULTPLAY.C,code,False,Draw_SendGet_Net_Info_Screen_,1,928907,1540831,ui
111,D:\MOX\OTHERS\MULTPLAY.C,code,False,Draw_Wait_For_New_Joiners_Screen_,1,929253,1541177,ui
111,D:\MOX\OTHERS\MULTPLAY.C,code,False,Draw_Wait_For_Race_Info_Screen_,1,929614,1541538,ui
111,D:\MOX\OTHERS\MULTPLAY.C,code,True,Hotseat_Draw_Next_Player_,1,931050,1542974,ui
111,D:\MOX\OTHERS\MULTPLAY.C,code,False,Load_Net_Next_Turn_Screen_,1,933442,1545366,ui
111,D:\MOX\OTHERS\MULTPLAY.C,code,True,Load_Choose_Net_Plyrs_Screen_,1,933830,1545754,ui
111,D:\MOX\OTHERS\MULTPLAY.C,code,True,Load_Choose_Multi_Net_Game_Screen_,1,934099,1546023,ui
111,D:\MOX\OTHERS\MULTPLAY.C,code,True,Load_Load_MP_Game_Screen_,1,934317,1546241,ui
111,D:\MOX\OTHERS\MULTPLAY.C,code,True,Load_Modem_Setup_Screen_,1,935099,1547023,ui
111,D:\MOX\OTHERS\MULTPLAY.C,code,False,Load_Multi_Player_Game_Screen_,1,935776,1547700,ui
111,D:\MOX\OTHERS\MULTPLAY.C,code,True,Load_NullModem_Setup_Screen_,1,936321,1548245,ui
111,D:\MOX\OTHERS\MULTPLAY.C,code,True,Modem_Setup_Screen_,1,936648,1548572,ui
111,D:\MOX\OTHERS\MULTPLAY.C,code,False,Multi_Player_Screen_,1,937369,1549293,ui
111,D:\MOX\OTHERS\MULTPLAY.C,code,True,NullModem_Setup_Screen_,1,938506,1550430,ui
111,D:\MOX\OTHERS\MULTPLAY.C,code,False,Reload_Join_Net_Screen_,1,939215,1551139,ui
111,D:\MOX\OTHERS\MULTPLAY.C,code,False,Reload_Waiting_For_Joiners_Screen_,1,939306,1551230,ui
57,D:\MOX\OTHERS\NAMESTAR.C,code,True,Draw_Input_Box_Popup_,1,531337,1143261,ui
57,D:\MOX\OTHERS\NAMESTAR.C,code,False,Remapped_Input_Box_Popup_,1,531380,1143304,ui
57,D:\MOX\OTHERS\NAMESTAR.C,code,True,Setup_Input_Box_Popup_,1,531412,1143336,ui
57,D:\MOX\OTHERS\NAMESTAR.C,code,False,Input_Box_Popup_,1,532244,1144168,ui
57,D:\MOX\OTHERS\NAMESTAR.C,code,False,Change_Star_Name_Popup_,1,533121,1145045,ui
57,D:\MOX\OTHERS\NAMESTAR.C,code,False,Change_Home_Star_Name_Popup_,1,533154,1145078,ui
57,D:\MOX\OTHERS\NAMESTAR.C,code,False,Star_Name_Popup_Screen_Center_X_,1,533438,1145362,ui
57,D:\MOX\OTHERS\NAMESTAR.C,code,False,Star_Name_Popup_Screen_Center_Y_,1,533444,1145368,ui
57,D:\MOX\OTHERS\NAMESTAR.C,code,False,Star_Name_Popup_Map_Center_X_,1,533450,1145374,ui
57,D:\MOX\OTHERS\NAMESTAR.C,code,False,Star_Name_Popup_Map_Center_Y_,1,533456,1145380,ui
57,D:\MOX\OTHERS\NAMESTAR.C,code,False,Star_Name_Popup_Main_X_,1,533462,1145386,ui
57,D:\MOX\OTHERS\NAMESTAR.C,code,False,Star_Name_Popup_Main_Y_,1,533533,1145457,ui
113,D:\MOX\OTHERS\NETSTART.C,code,False,Join_Net_Screen_,1,962267,1574191,ui
113,D:\MOX\OTHERS\NETSTART.C,code,False,Load_Net_Screen_,1,963195,1575119,ui
113,D:\MOX\OTHERS\NETSTART.C,code,False,Start_Net_Screen_,1,964581,1576505,ui
84,D:\MOX\OTHERS\NEWGAME.C,code,False,Reload_Newgame_Screen_,1,772636,1384560,ui
84,D:\MOX\OTHERS\NEWGAME.C,code,True,Draw_Pictures_,1,773181,1385105,ui
84,D:\MOX\OTHERS\NEWGAME.C,code,False,Draw_Newgame_Screen_,1,773436,1385360,ui
84,D:\MOX\OTHERS\NEWGAME.C,code,False,Newgame_Screen_,1,775221,1387145,ui
89,D:\MOX\OTHERS\NEWPUP.C,code,True,Draw_Troop_Popup_,1,782553,1394477,ui
89,D:\MOX\OTHERS\NEWPUP.C,code,False,Troop_Popup_,1,782816,1394740,ui
85,D:\MOX\OTHERS\OCPOLPUP.C,code,False,Occupation_Policy_Popup_,1,776553,1388477,ui
58,D:\MOX\OTHERS\OFFICER.C,code,True,Add_Officer_Screen_Fields_,1,534094,1146018,ui
58,D:\MOX\OTHERS\OFFICER.C,code,False,Draw_Officer_Screen_,1,537936,1149860,ui
58,D:\MOX\OTHERS\OFFICER.C,code,True,Draw_Officer_Screen_To_Back_,1,539166,1151090,ui
58,D:\MOX\OTHERS\OFFICER.C,code,True,Draw_Skill_Icon_,1,539539,1151463,ui
58,D:\MOX\OTHERS\OFFICER.C,code,True,Fade_Into_Leaders_Screen_,1,539568,1151492,ui
58,D:\MOX\OTHERS\OFFICER.C,code,True,Change_Screen_Type_,1,542012,1153936,ui
58,D:\MOX\OTHERS\OFFICER.C,code,True,Officer_Screen_Text_Box_,1,543510,1155434,ui
58,D:\MOX\OTHERS\OFFICER.C,code,True,Officer_Screen_User_Box_,1,543546,1155470,ui
58,D:\MOX\OTHERS\OFFICER.C,code,False,Officers_Screen_,1,543773,1155697,ui
58,D:\MOX\OTHERS\OFFICER.C,code,True,Reload_Officer_Screen_Pictures_,1,551121,1163045,ui
58,D:\MOX\OTHERS\OFFICER.C,code,False,Wrapper_For_Officer_Popup_Help_Fields_,1,553790,1165714,ui
58,D:\MOX\OTHERS\OFFICER.C,code,True,Wrapper_For_Offscrn_System_Popup_,1,554150,1166074,ui
58,D:\MOX\OTHERS\OFFICER.C,code,False,Wrapper_To_Add_Officer_Popup_Help_Fields_,1,554281,1166205,ui
58,D:\MOX\OTHERS\OFFICER.C,code,False,Rescued_Loknar_Popup_,1,557698,1169622,ui
58,D:\MOX\OTHERS\OFFICER.C,code,True,Set_Officer_Screen_Help_,1,558892,1170816,ui
58,D:\MOX\OTHERS\OFFICER.C,code,False,Leader_Cheat_Popup_,1,561134,1173058,ui
59,D:\MOX\OTHERS\PLNTSUM.C,code,True,Allocate_Space_For_Summary_Screen_,1,563823,1175747,ui
59,D:\MOX\OTHERS\PLNTSUM.C,code,True,Determine_Button_Status_,1,565371,1177295,ui
59,D:\MOX\OTHERS\PLNTSUM.C,code,True,Draw_Rotating_Planets_,1,565541,1177465,ui
59,D:\MOX\OTHERS\PLNTSUM.C,code,False,Fill_Summary_Screen_Scroll_Bar_,1,565744,1177668,ui
59,D:\MOX\OTHERS\PLNTSUM.C,code,True,Send_Outpost_Button_Selectable_,1,571371,1183295,ui
59,D:\MOX\OTHERS\PLNTSUM.C,code,True,Summary_Screen_Print_Data_,1,573296,1185220,ui
59,D:\MOX\OTHERS\PLNTSUM.C,code,True,Summary_Screen_Print_Scanned_,1,574976,1186900,ui
59,D:\MOX\OTHERS\PLNTSUM.C,code,False,Draw_Mini_Planet_Summary_Screen_,1,577734,1189658,ui
59,D:\MOX\OTHERS\PLNTSUM.C,code,True,Draw_Planet_Summary_Screen_,1,577734,1189658,ui
59,D:\MOX\OTHERS\PLNTSUM.C,code,False,Planet_Summary_Screen_,1,578130,1190054,ui
30,D:\MOX\OTHERS\RACEOPT.C,code,False,Reload_Racial_Option_Screen_,1,298947,910871,ui
30,D:\MOX\OTHERS\RACEOPT.C,code,False,Draw_Race_Option_Background_,1,299269,911193,ui
30,D:\MOX\OTHERS\RACEOPT.C,code,False,Draw_Racial_Option_Screen_,1,300709,912633,ui
30,D:\MOX\OTHERS\RACEOPT.C,code,False,Racial_Option_Screen_,1,304060,915984,ui
30,D:\MOX\OTHERS\RACEOPT.C,code,False,Evolutionary_Mutation_Screen_,1,308809,920733,ui
31,D:\MOX\OTHERS\RACESEL.C,code,False,Reload_Race_Selection_Screen_,1,310388,922312,ui
31,D:\MOX\OTHERS\RACESEL.C,code,False,Draw_Race_Selection_Screen_,1,310679,922603,ui
31,D:\MOX\OTHERS\RACESEL.C,code,False,Race_Selection_Screen_,1,312592,924516,ui
31,D:\MOX\OTHERS\RACESEL.C,code,False,Draw_Flag_Screen_,1,315191,927115,ui
31,D:\MOX\OTHERS\RACESEL.C,code,False,Set_Flag_Screen_Help_,1,315391,927315,ui
31,D:\MOX\OTHERS\RACESEL.C,code,False,Flag_Screen_,1,315452,927376,ui
31,D:\MOX\OTHERS\RACESEL.C,code,False,Draw_Naming_Popup_,1,316019,927943,ui
31,D:\MOX\OTHERS\RACESEL.C,code,False,Naming_Popup_,1,316091,928015,ui
116,D:\MOX\OTHERS\REPORT.C,code,False,Draw_Special_,1,972917,1584841,ui
60,D:\MOX\OTHERS\SCORE.C,code,True,Add_Hi_Score_Screen_Fields_,1,579562,1191486,ui
60,D:\MOX\OTHERS\SCORE.C,code,True,Draw_Antares_Score_,1,580502,1192426,ui
60,D:\MOX\OTHERS\SCORE.C,code,True,Draw_Total_Score_,1,580726,1192650,ui
60,D:\MOX\OTHERS\SCORE.C,code,True,Draw_Eliminated_Race_Pictures_,1,581367,1193291,ui
60,D:\MOX\OTHERS\SCORE.C,code,True,Draw_Elimination_Score_,1,582012,1193936,ui
60,D:\MOX\OTHERS\SCORE.C,code,True,Draw_Generic_Score_,1,582151,1194075,ui
60,D:\MOX\OTHERS\SCORE.C,code,True,Draw_Hi_Score_Screen_,1,582266,1194190,ui
60,D:\MOX\OTHERS\SCORE.C,code,True,Draw_Orion_Score_,1,582573,1194497,ui
60,D:\MOX\OTHERS\SCORE.C,code,True,Draw_Time_Score_,1,583307,1195231,ui
60,D:\MOX\OTHERS\SCORE.C,code,False,Hi_Score_Screen_,1,584251,1196175,ui
60,D:\MOX\OTHERS\SCORE.C,code,True,Load_Hi_Score_Screen_,1,584514,1196438,ui
60,D:\MOX\OTHERS\SCORE.C,code,True,Load_Hall_Of_Fame_Screen_,1,585185,1197109,ui
60,D:\MOX\OTHERS\SCORE.C,code,True,Draw_Hall_Of_Fame_Screen_,1,585283,1197207,ui
60,D:\MOX\OTHERS\SCORE.C,code,False,Hall_Of_Fame_Screen_,1,586374,1198298,ui
60,D:\MOX\OTHERS\SCORE.C,code,True,Init_Hall_Of_Fame_Screen_,1,588161,1200085,ui
61,D:\MOX\OTHERS\SCROLL.C,code,False,Draw_Generic_Vertical_Scroll_Bar_,1,590374,1202298,ui
63,D:\MOX\OTHERS\SYS.C,code,False,Add_System_Display_Popup_Fields_,1,597108,1209032,ui
63,D:\MOX\OTHERS\SYS.C,code,True,Draw_Gate_Icons_,1,601190,1213114,ui
63,D:\MOX\OTHERS\SYS.C,code,True,Draw_Outpost_Marker_,1,601389,1213313,ui
63,D:\MOX\OTHERS\SYS.C,code,True,Draw_Planet_With_Pierced_Ring_,1,601468,1213392,ui
63,D:\MOX\OTHERS\SYS.C,code,False,Draw_Sun_Seg_,1,602149,1214073,ui
63,D:\MOX\OTHERS\SYS.C,code,True,Draw_System_Display_Border_,1,602309,1214233,ui
63,D:\MOX\OTHERS\SYS.C,code,True,Draw_System_Display_Planets_,1,602365,1214289,ui
63,D:\MOX\OTHERS\SYS.C,code,False,Draw_System_Display_Popup_,1,602586,1214510,ui
63,D:\MOX\OTHERS\SYS.C,code,True,Draw_System_Highlight_,1,604693,1216617,ui
63,D:\MOX\OTHERS\SYS.C,code,False,Wrapper_For_Normal_System_Popup_,1,610238,1222162,ui
63,D:\MOX\OTHERS\SYS.C,code,True,Remap_Draw_With_Mask_,1,610606,1222530,ui
63,D:\MOX\OTHERS\SYS.C,code,True,Remap_Draw_Animated_Sprite_Mask_,1,611292,1223216,ui
63,D:\MOX\OTHERS\SYS.C,code,True,Remap_Clipped_Draw_Animated_Sprite_Mask_,1,611570,1223494,ui
64,D:\MOX\OTHERS\TEXTBOX.C,code,False,Draw_Help_Entry_,1,612769,1224693,ui
127,D:\MOX\RACERPRT.C,code,False,Race_Report_Screen_,1,1025728,1637652,ui
128,D:\MOX\RACESCRN.C,code,False,Race_Screen_,1,1027258,1639182,ui
128,D:\MOX\RACESCRN.C,code,True,Draw_Relations_Sliders_,1,1031504,1643428,ui
128,D:\MOX\RACESCRN.C,code,True,Draw_Race_Photos_,1,1031661,1643585,ui
128,D:\MOX\RACESCRN.C,code,True,Draw_Race_Text_,1,1032125,1644049,ui
128,D:\MOX\RACESCRN.C,code,True,Draw_Race_Screen_,1,1034464,1646388,ui
128,D:\MOX\RACESCRN.C,code,False,Draw_Icon_Group_Cursor_,1,1036022,1647946,ui
128,D:\MOX\RACESCRN.C,code,False,Draw_Icon_Group_,1,1036247,1648171,ui
129,D:\MOX\SCIENCE.C,code,False,Draw_Science_Room_,1,1039126,1651050,ui
10,D:\MOX\SMACK.C,code,False,Draw_Smack_Screen_,1,20709,632633,ui
131,D:\MOX\TURNSUM.C,code,True,Print_Turn_Summary_Popup_Message_,1,1047093,1659017,ui
131,D:\MOX\TURNSUM.C,code,False,Init_Turn_Summary_Popup_List_,1,1047189,1659113,ui
131,D:\MOX\TURNSUM.C,code,False,Draw_Turn_Summary_Popup_,1,1047212,1659136,ui
131,D:\MOX\TURNSUM.C,code,False,Turn_Summary_Popup_,1,1047298,1659222,ui
5,L:\MOX\LOADER.C,code,True,Load_Main_Screen_Pictures_,1,12738,624662,ui
1,L:\MOX\MOX2.C,code,False,Screen_Control_,1,1179,613103,ui
