name,segment,offset,kind,module_index,file_offset
___begtext,1,3,4,133,611927
_main_palette_player_colors,1,16,4,0,611940
main_,1,24,4,0,611948
main2_,1,87,4,1,612011
Screen_Control_,1,1179,4,1,613103
_TOGGLE_PAGES_,1,1917,4,1,613841
Set_Refresh_,1,1927,4,1,613851
Get_Auto_Function_,1,1967,4,1,613891
Put_Auto_Function_,1,1978,4,1,613902
Execute_Auto_Function_,1,1986,4,1,613910
Set_Game_Random_Seed_,1,1994,4,1,613918
Check_Command_Line_Parameters_,1,2022,4,1,613946
Get_Value_From_String_,1,2574,5,1,614498
Set_Mox_Alt_Path_,1,2674,4,1,614598
Set_Mox_Language_,1,3119,4,1,615043
Load_Mox_Global_Strings_,1,3238,4,1,615162
Allocate_Data_Space_,1,3253,4,2,615177
Load_Game_,1,3631,4,3,615555
Save_Game_,1,5643,4,3,617567
Save_Game_Settings_,1,7140,4,3,619064
Load_Game_Settings_,1,7225,4,3,619149
Get_Saved_Game_Descriptions_,1,7299,4,3,619223
Check_Magic_Number_,1,7684,4,3,619608
Get_Star_Date_From_Save_File_,1,7766,4,3,619690
Magic_Number_Ok_,1,7845,4,3,619769
Read_Settings_From_Save_File_,1,7854,4,3,619778
Save_Moo_Custom_Player_Data_,1,7952,4,3,619876
Save_Out_Settings_To_Temp_File_,1,7953,4,3,619877
Get_Game_Type_From_Saved_Game_,1,8140,4,3,620064
Read_Moo_Custom_Player_Data_,1,8237,4,3,620161
Save_Session_Related_Settings_,1,8240,4,3,620164
Copy_Over_Game_Universe_Settings_,1,8442,5,3,620366
Make_Autosave_File_Name_,1,8565,4,3,620489
Get_Multi_Player_N_Humans_,1,8688,5,3,620612
Update_Game_Settings_Version_Number_,1,8743,4,3,620667
Init_Ships_Array_,1,8808,5,4,620732
Make_System_Monsters_Into_Ships_,1,8908,5,4,620832
Set_Initial_Colony_Auto_Selects_,1,9166,5,4,621090
Init_Colonies_Array_,1,9242,5,4,621166
Init_New_Game_,1,9337,4,4,621261
Init_New_Session_,1,10138,4,4,622062
Set_Defaults_,1,10143,4,4,622067
Set_Default_Game_Settings_,1,10209,4,4,622133
Write_Game_Settings_,1,10551,4,4,622475
Init_Players_,1,10627,4,4,622551
Init_Colony_,1,11637,4,4,623561
Test_Create_Ship_,1,11784,4,4,623708
Init_Officers_,1,12414,4,4,624338
Init_Leaders_,1,12415,4,4,624339
Load_Pictures_,1,12660,4,5,624584
Load_Main_Screen_Pictures_,1,12738,5,5,624662
Load_Player_Special_Names_,1,13906,4,5,625830
Next_Turn_Calc_,1,14003,4,6,625927
Do_Autosave_,1,14370,4,6,626294
Next_Turn_,1,14448,4,6,626372
Get_Winner_,1,14824,5,6,626748
Init_Homeworld_Colony2_,1,14909,4,7,626833
Init_Homeworld_Colony_,1,16295,4,7,628219
Init_Advanced_Civilization_Fleet_,1,16311,4,7,628235
Init_Non_Homeworld_Colony_,1,16312,4,7,628236
Add_Building_,1,16345,4,7,628269
Remove_Building_,1,17898,4,7,629822
Mox_Play_Sound_,1,18391,4,7,630315
Calc_Ship_Level_,1,18407,4,7,630331
Do_Academy_At_Location_Check_,1,18554,4,7,630478
Best_Instructor_Bonus_,1,18709,4,7,630633
Do_XP_For_Ship_,1,18901,4,7,630825
Do_All_Ships_XP_Check_,1,18983,4,7,630907
_rifles,1,19080,4,8,631004
_personal_shields,1,19098,4,8,631022
_planetary_shields,1,19104,4,8,631028
Main_Antaran_Room_Screen_,1,19116,4,9,631040
Draw_Main_Antaran_Room_Screen_,1,19453,4,9,631377
Reload_Main_Antaran_Room_Screen_,1,19587,4,9,631511
Get_Antaran_Room_Message_,1,19836,4,9,631760
Check_Show_Main_Antaran_Room_Screen_,1,19937,4,9,631861
Play_Cinematic_,1,19959,4,10,631883
Smack_Fade_,1,20613,4,10,632537
Draw_Smack_Screen_,1,20709,4,10,632633
Race_Customization_,1,20731,4,11,632655
Main_Council_Screen_,1,21049,4,12,632973
Control_Main_Council_Screen_,1,21408,4,12,633332
Draw_Main_Council_Screen_,1,21537,4,12,633461
Reload_Main_Council_Screen_,1,22228,4,12,634152
Calc_Council_Vote_,1,23440,4,12,635364
Get_Council_Message_,1,23529,4,12,635453
Next_Council_State_,1,23984,4,12,635908
Council_Finished_Voting_,1,24056,4,12,635980
Council_Votes_,1,24252,4,12,636176
Vote_Check_,1,24609,4,12,636533
Council_Vote_Result_,1,25060,4,12,636984
Council_Player_Vote_,1,25404,4,12,637328
Council_Accept_Ruling_,1,26123,4,12,638047
Check_For_Council_Meeting_,1,26799,4,12,638723
Load_Council_Text_Messages_,1,26970,4,12,638894
Council_Player_Voted_Winner_,1,27081,4,12,639005
Drive_Council_Player_Voted_Winner_,1,27199,4,12,639123
Draw_Council_Player_Voted_Winner_,1,27346,4,12,639270
Get_Player_Voted_Winner_Message_,1,27644,4,12,639568
Diplomacy_Screen_,1,27726,4,14,639650
Draw_Diplomacy_Screen_,1,28416,4,14,640340
Draw_Diplomacy_Synch_Mode_,1,28416,4,14,640340
Get_Main_Repulsive_Diplomacy_Choices_,1,29223,4,14,641147
Get_Main_Diplomacy_Choices_,1,30092,4,14,642016
Diplomacy_Set_Main_Options_,1,30791,4,14,642715
Diplomacy_Declare_War_Resolution_,1,31220,4,14,643144
Setup_Back_Page_,1,31569,4,14,643493
Setup_Ambassador_Pic_,1,31666,4,14,643590
Diplomacy_Fade_In_,1,31751,4,14,643675
Draw_Diplomacy_Fade_In_Screen_,1,32029,4,14,643953
Diplomacy_Propose_Treaty_,1,32091,4,14,644015
Diplomacy_Break_Treaty_,1,32980,4,14,644904
Diplomacy_Break_Treaty_Resolution_,1,33545,4,14,645469
Get_Human_Surrender_Message_,1,34144,4,14,646068
Get_Human_Declare_War_Message_,1,34198,4,14,646122
Get_Human_Offer_Gift_Message_,1,34237,4,14,646161
Get_Human_Demand_Message_,1,34515,4,14,646439
Get_Human_Break_Treaty_Message_,1,34874,4,14,646798
Get_Human_Form_Treaty_Message_,1,35040,4,14,646964
Get_Human_Propose_Treaty_Message_,1,35308,4,14,647232
Get_Human_Tech_Exchange_Message_,1,35479,4,14,647403
Get_Human_Tech_Exchange_First_Message_,1,35554,4,14,647478
Get_Human_Tech_Exchange_Accept_Message_,1,35623,4,14,647547
Get_Human_Tech_Exchange_Decline_Message_,1,35646,4,14,647570
Diplomacy_Demand_,1,35705,4,14,647629
Diplomacy_Offer_Gift_,1,38085,4,14,650009
Diplomacy_Display_Response_,1,39193,4,14,651117
Diplomacy_Determine_Treaty_Proposal_,1,39319,4,14,651243
Diplomacy_Need_Better_Offer_,1,39800,4,14,651724
Get_Diplomacy_Tech_List_,1,40287,4,14,652211
Diplomacy_Generic_List_,1,40424,4,14,652348
Diplomacy_Generic_Exchange_Tech_List_,1,40742,4,14,652666
Diplomacy_Generic_System_List_,1,41469,4,14,653393
Draw_Diplomacy_Generic_System_List_,1,42029,4,14,653953
Get_Diplomacy_Demand_Treaty_List_,1,42061,4,14,653985
Npc_Display_Diplomacy_Messages_,1,42247,4,14,654171
Accepted_Npc_Demand_Resolution_,1,43966,4,14,655890
Get_Non_Player_Proposals_,1,44050,4,14,655974
Npc_Give_Gift_,1,44725,4,14,656649
Show_Sneak_Attack_Message_,1,44960,4,14,656884
Npc_Diplomacy_Screen_,1,44966,4,14,656890
Check_Human_Treaty_Proposal_,1,45163,4,14,657087
Get_Human_Treaty_Choice_,1,45479,4,14,657403
Check_Better_Offer_Available_,1,45914,4,14,657838
Get_Human_Demand_Choice_,1,46005,4,14,657929
Diplomacy_Give_In_To_Demand_,1,46215,4,14,658139
Get_Human_Demand_Response_,1,46520,4,14,658444
Get_Human_Gift_Response_,1,46884,4,14,658808
Get_Human_Tech_Exchange_Choice_,1,47099,4,14,659023
Diplomacy_Load_New_Ambassador_,1,47233,4,14,659157
Diplomacy_Mouse_Init_,1,47406,4,14,659330
Diplomacy_Human_Need_Better_Offer_,1,48475,4,14,660399
Check_Surrender_System_,1,50199,4,14,662123
Diplomacy_System_Display_,1,50297,4,14,662221
Draw_Diplomacy_System_Display_,1,51176,4,14,663100
Draw_Diplomacy_System_,1,51315,4,14,663239
Draw_Diplomacy_System_Text_,1,51417,4,14,663341
Diplomacy_System_Scan_,1,51836,4,14,663760
Diplomacy_Exchange_Technology_,1,52045,4,14,663969
Get_Diplomacy_Tech_Exchange_Lists_,1,53169,4,14,665093
Start_Diplomacy_Music_,1,53461,4,14,665385
Diplomacy_Surrender_,1,53496,4,14,665420
Diplomacy_Offer_Money_,1,53815,4,14,665739
Get_Diplomacy_Statement_,1,54629,4,14,666553
An_,1,56855,4,14,668779
Get_Net_Diplomacy_Choices_,1,57080,4,14,669004
Diplomacy_Net_Switcheroo_,1,60695,4,14,672619
Diplomacy_Initial_Synch_Up_,1,60828,4,14,672752
Diplomacy_Listen_Mode_,1,60905,4,14,672829
Diplomacy_Chat_,1,61275,4,14,673199
Draw_Diplomacy_Listen_Mode_,1,61628,4,14,673552
Diplomacy_Synch_Mode_,1,61743,4,14,673667
Start_Net_Treaty_,1,61821,4,14,673745
Diplomacy_Receive_Message_,1,62000,4,14,673924
Get_Listen_Mode_Message_,1,62283,4,14,674207
Load_Diplomacy_Text_Messages_,1,62332,4,14,674256
Setup_Diplomacy_Help_,1,64531,4,14,676455
Setup_Full_Screen_Diplomacy_Help_,1,64774,4,14,676698
Set_Opportunity_Attacks_,1,64896,4,14,676820
Add_Diplomacy_Turn_Summary_Messages_,1,65269,4,14,677193
Resolve_Delayed_Diplomacy_Orders_,1,65517,4,14,677441
Diplomacy_Main_Net_Chat_,1,65731,4,14,677655
Diplomacy_Message_Is_Interactive_,1,65890,4,14,677814
Init_Events_,1,65956,4,15,677880
Reset_Events_,1,66041,4,15,677965
Check_For_Event_Message_,1,66111,4,15,678035
Check_For_Event_,1,66174,4,15,678098
Start_Main_Event_,1,66333,4,15,678257
Load_Event_Picture_,1,66507,4,15,678431
Drive_Event_Screen_,1,66560,4,15,678484
Draw_Event_Screen_,1,66656,4,15,678580
Event_Fade_In_,1,66872,4,15,678796
Event_Twiddle_,1,67234,4,15,679158
Setup_Next_Event_,1,70513,4,15,682437
Get_Event_Message_,1,72557,4,15,684481
Event_Get_Fleet_Strength_,1,74301,4,15,686225
Determine_Event_,1,74506,4,15,686430
Get_Event_Victim_,1,77143,4,15,689067
Get_Antaran_Victim_,1,77660,4,15,689584
Player_Has_Bad_Event_,1,78006,4,15,689930
Get_Event_Climate_Change_Colony_,1,78092,4,15,690016
Get_Event_Industrial_Accident_Colony_,1,78260,4,15,690184
Get_Event_Mineral_Depletion_Colony_,1,78430,4,15,690354
Get_Event_Mineral_Deposit_Colony_,1,78523,4,15,690447
Event_Monster_Update_,1,78636,4,15,690560
Event_Race_Eliminated_,1,78763,4,15,690687
Event_Orion_Discovered_,1,78776,4,15,690700
Event_Defeat_Antarans_,1,78789,4,15,690713
Event_Surrender_,1,78802,4,15,690726
Event_Rebel_Assimilation_,1,78822,4,15,690746
Event_Check_Hyperspace_Flux_,1,78842,4,15,690766
Event_Check_Space_Anomaly_,1,78878,4,15,690802
Event_Check_Pirate_Activity_,1,78958,4,15,690882
Event_Check_Plague_,1,79032,4,15,690956
Event_Check_Warp_Beast_,1,79077,4,15,691001
Event_Check_Population_Boom_,1,79113,4,15,691037
Event_Check_Comet_,1,79158,4,15,691082
Event_Check_Planet_Warning_,1,79203,4,15,691127
Event_Check_General_Status_,1,79679,4,15,691603
Allocate_Comet_Hit_,1,79744,4,15,691668
Allocate_Industrial_Accident_Hit_,1,79923,4,15,691847
Allocate_Earthquake_Hit_,1,80040,4,15,691964
Find_Nearest_Player_Colony_to_Ship_,1,80264,4,15,692188
Colony_To_Ship_Dist2_,1,80360,4,15,692284
Pick_Completely_Random_Star_,1,80479,4,15,692403
Ship_Size_Points_At_Star_,1,80680,4,15,692604
Colony_Research_Points_,1,80740,4,15,692664
Pick_Random_Player_In_Contact_,1,80765,4,15,692689
Pick_Random_Star_,1,80876,4,15,692800
Pick_Random_Officer_,1,81057,4,15,692981
Pick_Random_Ship_,1,81133,4,15,693057
Pick_Random_Colony_No_Outpost_,1,81220,4,15,693144
Pick_Random_Colony_No_Capitol_,1,81312,4,15,693236
Event_Check_Colony_Researching_,1,81406,4,15,693330
Colony_Has_Event_,1,81504,4,15,693428
Kill_All_Events_At_Colony_,1,81951,4,15,693875
Event_Check_Space_Anomaly_At_Star_,1,82639,4,15,694563
Star_Has_Event_,1,82684,4,15,694608
Event_Pirate_Activity_Strength_,1,83087,4,15,695011
Determine_Lucky_Players_Events_,1,83217,4,15,695141
Update_Lucky_Players_Events_,1,83396,4,15,695320
Jim_Hot_Key_,1,83453,4,16,695377
Play_Streaming_Music_,1,83575,4,16,695499
Stop_Background_Music_,1,84017,4,16,695941
Play_Background_Music_,1,84047,4,16,695971
Fade_Down_Background_Music_,1,84237,4,16,696161
Play_Combat_Music_,1,84332,4,16,696256
Get_Text_Message_,1,84473,4,16,696397
Decode_Text_Message_,1,84682,4,16,696606
Decode_Text_Name_,1,85296,4,16,697220
Decode_Text_Race_,1,85296,4,16,697220
Decode_Text_Race_And_Name_,1,85296,4,16,697220
Decode_Text_Name_And_Stat_,1,85324,4,16,697248
Decode_Text_Name_And_System_,1,85354,4,16,697278
Decode_Text_Name_And_Tech_,1,85379,4,16,697303
Decode_Text_Name_And_Other_Tech_,1,85404,4,16,697328
Decode_Text_Name_Tech_And_Other_Tech_,1,85445,4,16,697369
Decode_Text_Name_And_Name_,1,85488,4,16,697412
Decode_Text_Stat_,1,85512,4,16,697436
Decode_Text_System_,1,85543,4,16,697467
Decode_Text_Field_,1,85566,4,16,697490
Decode_Text_Year_,1,85588,4,16,697512
Decode_Text_Tech_And_Other_Name_,1,85619,4,16,697543
Bill_Picture_To_Mouse_,1,85654,4,16,697578
Draw_Logos_,1,85715,4,16,697639
Logo_Fade_Out_,1,86415,4,16,698339
Slow_Fade_In_,1,86511,4,16,698435
Check_For_Simtex_Logo_,1,86617,4,16,698541
NPC_Diplomacy_,1,86695,4,17,698619
NPC_Tech_Exchange_,1,86725,4,17,698649
NPC_Threats_,1,86741,4,17,698665
NPC_To_NPC_Treaty_Negotiations_,1,87341,4,17,699265
Honor_Alliances_,1,88786,4,17,700710
Eliminate_NPC_Treaty_Conflicts_,1,89030,4,17,700954
NPC_Diplomacy_Buildup_Penalties_,1,89212,4,17,701136
NPC_Declarations_Of_War_,1,89585,4,17,701509
NPC_Peace_Negotiations_,1,91914,4,17,703838
NPC_Required_Alliances_,1,92317,4,17,704241
NPC_To_Human_Diplomacy_,1,92560,4,17,704484
Get_Tech_Exchange_Reaction_,1,93117,4,17,705041
compare_tech_,1,93453,4,17,705377
reverse_compare_tech_,1,93458,4,17,705382
Get_Exchange_Tech_List_,1,93465,4,17,705389
Get_Tech_Exchange_Expectation_,1,94138,4,17,706062
Get_Differential_Tech_List_,1,94356,4,17,706280
NPC_Tech_Exchange_Check_,1,94735,4,17,706659
NPC_Good_Proposal_Check_,1,95086,4,17,707010
Clear_Last_Proposal_Turn_,1,95495,4,17,707419
NPC_Message_Rejection_Check_,1,95583,4,17,707507
NPC_Proposal_Rejection_Accept_,1,95974,4,17,707898
NPC_Treaty_Hatred_,1,96207,4,17,708131
NPC_Surrender_Check_,1,96829,4,17,708753
Does_Ship_Have_Missiles_Incoming_,1,98086,4,18,710010
Safe_To_Fire_Sphere_Weapon_,1,98207,4,18,710131
Ai_Self_Destruct_Check_,1,98664,4,18,710588
Release_Smallest_Ship_From_Stasis_,1,99782,4,18,711706
Ai_Stasis_Check_,1,99914,4,18,711838
Range_To_XY_,1,100072,4,18,711996
Range_To_Missile_,1,100406,4,18,712330
Range_To_Ship_,1,100442,4,18,712366
Expected_Weapon_Damage_,1,100804,4,18,712728
Expected_Missile_Damage_,1,102062,4,18,713986
Expected_Beam_Bomb_Damage_,1,102618,4,18,714542
Missile_Overkill_Check_,1,103384,4,18,715308
Check_For_Launched_Fighters_,1,103552,4,18,715476
Is_Ship_Out_Of_Ammo_,1,103647,4,18,715571
Is_Ship_Targeted_By_Missile_,1,103888,4,18,715812
Toggle_Auto_Combat_Flags_,1,103958,4,18,715882
Crystal_Control_,1,104336,4,18,716260
Do_Auto_Ship_Turn_,1,104503,4,18,716427
Target_Missile_Value_,1,106267,4,18,718191
Select_Missile_To_Target_,1,106821,4,18,718745
Target_Ship_Value_,1,107065,4,18,718989
Select_Ship_To_Target_,1,107626,4,18,719550
Choose_Target_,1,107752,4,18,719676
Combat_Ship_Class_,1,107845,4,18,719769
Evaluate_Possible_Move_,1,108413,4,18,720337
Bring_Weapons_To_Bear_,1,108560,4,18,720484
Auto_Move_Ship_,1,108965,4,18,720889
Get_Current_Ship_Target_,1,109817,4,18,721741
Will_Missile_Do_Damage_,1,110290,4,18,722214
Get_Current_Missile_Target_,1,110505,4,18,722429
Get_Current_Target_,1,110750,4,18,722674
Convert_Ordinal_To_Msl_Type_,1,110993,5,18,722917
Get_Effective_Missile_Strength_,1,111101,4,18,723025
Average_Missile_Kills_,1,112588,4,18,724512
Get_Effective_Weapon_Damage_,1,113123,4,18,725047
Get_Effective_Beam_Strength_,1,113246,4,18,725170
Get_Total_Hits_,1,113414,4,18,725338
Retreat_Check_,1,113569,4,18,725493
Get_Long_Range_Beam_Strength_,1,114213,4,18,726137
Resolve_Ai_Boarding_,1,114547,4,18,726471
Boarding_Action_Type_,1,114985,4,18,726909
Get_Player_Mode_,1,115770,4,18,727694
Draw_Super_Fast_Screen_,1,116053,4,19,727977
Refresh_Combat_Screen_Full_,1,116225,4,19,728149
Full_Draw_Combat_Screen_,1,116410,4,19,728334
Draw_Grey_Damage_Bars_,1,117708,4,19,729632
Draw_Ship_Status_,1,119277,4,19,731201
Draw_Weapon_Status_Display_,1,123597,4,19,735521
Draw_Special_Status_Display_,1,125325,4,19,737249
Draw_Blip2_,1,125711,4,19,737635
Draw_Blip3_,1,125826,4,19,737750
Draw_Blip4_,1,126037,4,19,737961
Draw_Blip5_,1,126344,4,19,738268
Draw_Reduced_Map_Box_,1,126801,4,19,738725
Draw_Reduced_Combat_Map_,1,127346,4,19,739270
Draw_Option_Panel_Lights_,1,127874,4,19,739798
Draw_Crew_Level_Stars_,1,128069,4,19,739993
Draw_Main_Combat_Screen_,1,128238,4,19,740162
Draw_Ship_,1,131170,4,19,743094
Combat_Draw_View_Ship_,1,132657,4,19,744581
Detailed_View_Ship_,1,139045,4,19,750969
Draw_Shield_Arcs_,1,139843,4,19,751767
Draw_Weapon_Arcs_,1,141109,4,19,753033
Relative_Bearing_XY_,1,141732,4,19,753656
Relative_Bearing_,1,141856,4,19,753780
Get_Weapon_Arc_,1,142033,4,19,753957
Draw_Ship_To_Bitmap_,1,142118,4,19,754042
Draw_Retreating_Ship_,1,142740,4,19,754664
Get_Ship_Anim_Dimensions_,1,143702,4,19,755626
Remap_Draw_Ship_Status_,1,143769,4,19,755693
Scroll_Draw_Combat_Screen_,1,144707,4,19,756631
Ship_Completely_On_Screen_,1,145831,4,19,757755
Ship_On_Screen_,1,146201,4,19,758125
Display_Combat_View_Ship_,1,146437,4,19,758361
Crew_Quality_String_,1,146682,4,19,758606
Plasma_Darken_,1,146883,4,19,758807
Draw_Bombs_,1,147296,4,19,759220
Create_Ship_Darken_Map_,1,148102,4,19,760026
Get_Draw_Ship_Offsets_,1,148564,4,19,760488
Get_Ship_Center_Draw_XY_,1,148803,4,19,760727
Draw_Internals_Display_,1,148894,4,19,760818
Draw_Fake_Combat_Buttons_,1,149793,4,19,761717
Draw_Legal_Boxes_,1,150198,4,19,762122
Move_Options_Background_,1,150594,4,19,762518
Draw_Board_Popup_,1,151240,5,19,763164
Board_Popup_,1,151491,4,19,763415
Apply_Internal_Damage_,1,152145,4,20,764069
Repair_Combat_Ship_,1,153633,4,20,765557
Clear_Internal_Space_,1,154682,4,20,766606
Combat_Bonus_,1,154710,4,20,766634
Computer_Bonus_,1,154751,4,20,766675
Crew_Boarding_Combat_Bonus_,1,154797,4,20,766721
Crew_Defensive_Combat_Bonus_,1,154829,4,20,766753
Crew_Offensive_Combat_Bonus_,1,154861,4,20,766785
Defensive_Combat_Bonus_,1,154893,4,20,766817
Get_Fleet_Engineer_Bonus_,1,155148,4,20,767072
Fighter_Pilot_Bonus_,1,155242,4,20,767166
Get_Fleet_Pilot_Bonus_,1,155310,4,20,767234
Set_Combat_Ordnance_Values_,1,155402,4,20,767326
Leader_Ordnance_Bonus_,1,155469,4,20,767393
Get_Fleet_Ordnance_Bonus_,1,155518,4,20,767442
Get_Fleet_Commando_Bonus_,1,155610,4,20,767534
Commando_Bonus_,1,155702,4,20,767626
Engineer_Bonus_,1,155770,4,20,767694
Get_Fleet_Security_Bonus_,1,155818,4,20,767742
Security_Bonus_,1,155910,4,20,767834
Fleet_Defensive_Bonus_,1,155961,4,20,767885
Fleet_Offensive_Bonus_,1,156262,4,20,768186
Heal_System_,1,156561,4,20,768485
Init_Internal_Space_,1,156784,4,20,768708
Kill_Crew_,1,157359,4,20,769283
Offensive_Combat_Bonus_,1,157405,4,20,769329
Helmsman_Bonus_,1,157565,4,20,769489
Weaponry_Bonus_,1,157614,4,20,769538
Galactic_Lore_Bonus_,1,157663,4,20,769587
Select_Internal_,1,157712,4,20,769636
Ship_Specials_Defensive_Bonus_,1,158307,4,20,770231
Ship_Specials_Offensive_Bonus_,1,158534,4,20,770458
Total_Internal_Space_,1,158564,4,20,770488
Max_Total_Internal_Space_,1,158690,4,20,770614
Weapons_Left_,1,158816,4,20,770740
Final_Fire_,1,158876,4,20,770800
Defensive_Fire_Check_,1,159441,4,20,771365
Max_Defensive_Fire_Range_,1,160115,4,20,772039
Get_Combat_Ship_Special_Id_,1,160340,4,20,772264
Init_Boarding_Action_,1,160445,4,20,772369
Resolve_Raid_,1,160520,4,20,772444
Resolve_Capture_,1,163240,4,20,775164
Capture_Ship_,1,164626,4,20,776550
Select_Raid_Internal_,1,165032,4,20,776956
Damage_From_Ship_Exploding_,1,165462,4,20,777386
Apply_Combat_Artemis_Net_,1,165519,4,20,777443
Combat_Ship_Done_,1,165946,4,20,777870
Set_Combat_Ship_Done_,1,165976,4,20,777900
Used_Teleporter_,1,166006,4,20,777930
Set_Teleporter_Used_,1,166028,4,20,777952
Already_Boarded_,1,166050,4,20,777974
Set_Boarded_Flag_,1,166072,4,20,777996
Being_Captured_,1,166094,4,20,778018
Set_Capturing_Flag_,1,166119,4,20,778043
Clear_Capturing_Flag_,1,166144,4,20,778068
Retarget_Missiles_Aimed_At_,1,166174,4,21,778098
Is_Combat_Ship_Dead_,1,166266,4,21,778190
Target_Is_Legal_For_Weapon_,1,166376,4,21,778300
Fire_Ship_,1,166750,4,21,778674
Get_Beam_Range_To_Hit_Bonus_,1,168966,4,21,780890
Get_Beam_Weapon_Modifiers_,1,169012,4,21,780936
Fire_Beam_Weapon_,1,169207,4,21,781131
Apply_Ship_Damage_,1,170373,4,21,782297
Facing_Shield_,1,171488,4,21,783412
Destroy_Ship_,1,171541,4,21,783465
Weapon_In_Range_,1,171805,4,21,783729
Apply_Damage_To_Missile_,1,172217,4,21,784141
Does_Combat_Planet_Have_Defenses_,1,172354,4,21,784278
Destroy_Colony_Defense_,1,172446,4,21,784370
Apply_Damage_To_Planet_,1,172995,4,21,784919
Fire_Bomb_,1,173770,4,21,785694
Weapon_Can_Fire_At_Missiles_,1,173994,4,21,785918
Place_Ship_In_Stasis_,1,174098,4,21,786022
Fire_Special_Weapon_,1,174127,4,21,786051
Fire_Fighter_Bomb_,1,175136,4,21,787060
Fire_Fighter_Beam_,1,175447,4,21,787371
Remove_Stasis_Beam_,1,176051,4,21,787975
Special_Is_On_,1,176101,4,21,788025
Special_Is_Turned_On_,1,176132,4,21,788056
Energy_Absorber_Attack_,1,176247,4,21,788171
Pre_Weapon_Specials_,1,176946,4,21,788870
Draw_Energy_Absorber_,1,177133,4,21,789057
Draw_BHG_,1,177344,4,21,789268
BHG_,1,177703,4,21,789627
_missile_group_offset,1,178237,5,22,790161
_torpedo_group_offset,1,178749,5,22,790673
Missile_Owner_,1,179005,4,22,790929
Missile_Type_,1,179024,4,22,790948
Coord_Movement_,1,179190,4,22,791114
Kill_Missile_,1,179328,4,22,791252
Did_Missile_Hit_,1,179405,4,22,791329
Picture_Count_,1,179500,5,22,791424
Get_Multiple_Torpedo_Coords_,1,179674,5,22,791598
Get_Multiple_Missile_Coords_,1,180082,5,22,792006
Draw_Missile_,1,180956,4,22,792880
Draw_Missile_Status_,1,181561,4,22,793485
Draw_Missiles_,1,182324,4,22,794248
Fire_Missile_,1,182418,4,22,794342
Missile_Coord_Movement_,1,183332,4,22,795256
Missile_Facing_To_XY_,1,183410,4,22,795334
Missile_Facing_,1,183452,4,22,795376
Missile_Speed_,1,183585,4,22,795509
Missile_On_Combat_Screen_,1,183887,4,22,795811
Move_Missile_,1,183991,4,22,795915
Next_Missile_Id_,1,184861,4,22,796785
On_Combat_Screen_,1,184921,4,22,796845
Is_Missile_Target_Alive_,1,184985,4,22,796909
Resolve_Missile_,1,185055,4,22,796979
Find_Weakest_Shield_,1,187279,4,22,799203
Draw_Fighter_,1,187345,4,22,799269
Retarget_Missile_,1,187864,4,22,799788
Fighter_Ocv_,1,188301,4,22,800225
Missile_Dcv_,1,188384,4,22,800308
Get_Missile_Hits_,1,188565,4,22,800489
Fighter_Combat_SFX_,1,188836,4,22,800760
Ship_Is_In_Stasis_,1,189795,4,23,801719
Ship_In_Black_Hole_,1,189820,4,23,801744
Draw_Teleporting_Ship_,1,189848,4,23,801772
Rotate_Ship_Until_Impact_,1,190377,4,23,802301
Ship_In_Legal_Square_,1,190985,4,23,802909
Test_Move_Until_Impact_,1,191141,4,23,803065
Move_Ship_,1,192015,4,23,803939
Get_Facing_,1,194033,4,23,805957
Rotate_Ship_,1,194088,4,23,806012
Turn_Cost_,1,194851,4,23,806775
Move_Cost_,1,194911,4,23,806835
Turn_To_Face_,1,195169,4,23,807093
Wait_Until_Net_Opponent_Finished_,1,195582,4,23,807506
Tactical_Combat_Receive_Message_,1,195800,4,23,807724
Message_Box_Titled_,1,196010,4,24,807934
QLoad_Combat_Antaran_Ship_,1,196020,4,24,807944
QLoad_Antaran_Defense_Fleet_,1,196338,4,24,808262
Get_Leader_Combat_Bonuses_,1,196660,4,24,808584
Strategic_Combat_,1,196936,4,24,808860
Apply_Damage_To_Qship_,1,199722,4,24,811646
Get_Non_Player_Name_,1,199875,4,24,811799
Build_End_Of_Combat_Message_,1,200000,4,24,811924
Qload_Ships_,1,202447,4,24,814371
QGet_Hits_Bonus_,1,204322,4,24,816246
QGet_Target_,1,204424,4,24,816348
QGet_Target_SC_,1,204576,4,24,816500
Missile_Attack_,1,204672,4,24,816596
Strat_Bomb_Attack_,1,204992,4,24,816916
Stellar_Converter_Attack_,1,205115,4,24,817039
Draw_Qcombat_,1,205147,4,24,817071
Strat_Special_Attack_,1,205148,4,24,817072
Beam_Attack_,1,205343,4,24,817267
Combat_Satelite_Check_,1,205644,4,24,817568
Get_Colony_Hits_,1,205681,4,24,817605
Resolve_Strat_Colony_Damage_,1,205814,4,24,817738
Strategic_Bombardment_,1,206206,4,24,818130
Bombardment_,1,206459,4,24,818383
Tactical_Bombardment_,1,206721,4,24,818645
Get_Number_Of_Ships_In_Stasis_,1,207342,4,25,819266
Combat_Ship_Is_Functional_,1,207399,4,25,819323
Enemy_Dissipator_Exists_,1,207457,4,25,819381
Ship_Controlled_By_Computer_,1,207551,4,25,819475
Send_Tactical_Combat_Message_,1,207631,4,25,819555
Init_Ship_For_Start_Of_Turn_,1,207728,4,25,819652
Set_Ocv_Dcv_For_All_,1,208360,4,25,820284
Ship_Initiative_Value_,1,208486,5,25,820410
qsort_ship_initiative_,1,208540,5,25,820464
Do_Combat_Turn_,1,208767,4,25,820691
Seeking_Missiles_,1,216740,4,25,828664
Calc_Current_Speed_,1,217743,4,25,829667
Check_For_Winner_,1,218203,4,25,830127
Set_Cur_Ship_To_,1,218375,4,25,830299
Next_Ship_,1,218532,4,25,830456
Weapon_Is_On_,1,219212,4,25,831136
Weapon_Is_Off_,1,219244,4,25,831168
Remove_Continuing_Effect_Specials_,1,219276,4,25,831200
Ship_Done_Check_,1,219405,4,25,831329
Retreat_Ship_,1,219492,4,25,831416
Initiate_Boarding_Action_,1,219623,4,25,831547
Add_Missile_Fields_,1,220839,4,25,832763
Set_Combat_Help_Fields_,1,221226,4,25,833150
Add_Tactical_Combat_Fields_,1,222672,4,25,834596
Assign_Combat_Grids_,1,224456,4,25,836380
Assign_Mouse_Images_,1,225090,4,25,837014
Set_Legal_Moves_,1,226607,4,25,838531
Combat_Screen_,1,227490,4,26,839414
Colony_Has_Defenses_,1,227491,4,26,839415
qsort_ship_array_by_size_,1,227580,5,26,839504
Tactical_Combat_,1,227641,4,26,839565
qsort_combat_data_by_size_,1,233183,5,26,845107
Ship_Size_In_Squares_,1,233212,4,26,845136
Ship_Can_Deploy_At_,1,233289,4,26,845213
Deploy_Ships_,1,233539,4,26,845463
Calc_Combat_Shield_Max_,1,234664,4,26,846588
Load_Combat_Ship_,1,234826,4,26,846750
Scroll_Combat_Screen_,1,236097,4,26,848021
Snap_Center_Combat_Screen_,1,236809,4,26,848733
Ship_Center_Offsets_,1,237265,4,26,849189
Load_Combat_Ship_Palette_,1,237465,5,26,849389
Load_Individual_Ship_Pictures_,1,237866,5,26,849790
Increment_Bhg_,1,238820,4,26,850744
End_Of_Turn_Bookeeping_,1,238965,4,26,850889
Plasma_Web_Damage_,1,239054,4,26,850978
Recharge_Shields_,1,239504,4,26,851428
Type_Of_Space_Station_,1,239748,4,26,851672
Load_Antaran_Planet_,1,239827,4,26,851751
Load_Colony_Defense_,1,240105,4,26,852029
Load_Tactical_Colony_,1,240182,4,26,852106
Load_Combat_Colony_Picture_,1,241690,4,26,853614
Does_Combat_Ship_Have_Special_,1,241875,4,26,853799
Apply_Bio_Weapon_Penalty_,1,241950,4,26,853874
End_Of_Combat_,1,242052,4,26,853976
Unload_Combat_Ship_,1,244193,4,26,856117
Load_Combat_Satelite_,1,244693,4,26,856617
Init_Special_Devices_,1,248310,4,26,860234
Load_Display_Combat_Ship_,1,248606,4,26,860530
Repair_All_Combat_Ships_,1,249831,4,26,861755
Load_Combat_Antaran_Ship_,1,250126,4,26,862050
Load_Antaran_Defense_Fleet_,1,250177,4,26,862101
Load_Antaran_Star_Fortress_,1,250254,4,26,862178
Init_Diplomatic_Relations_,1,251790,4,27,863714
End_Of_Turn_Diplomacy_Adjustments_,1,252594,4,27,864518
Diplomacy_Growth_,1,253291,4,27,865215
Change_Relations_,1,254901,4,27,866825
Reward_Check_,1,256515,4,27,868439
Determine_Diplomacy_Messages_,1,256774,4,27,868698
Determine_Bad_Message_,1,258268,4,27,870192
Sneak_Attack_Or_Declare_War_,1,259483,4,27,871407
Peace_Proposal_,1,259732,4,27,871656
Get_Demands_,1,260411,4,27,872335
Required_Alliances_,1,261424,4,27,873348
Determine_Good_Message_,1,261669,4,27,873593
Get_War_Count_,1,262184,4,27,874108
Get_Player_Contact_Count_,1,262283,4,27,874207
Fleet_Strength_Comparison_,1,262351,4,27,874275
Tech_Strength_Comparison_,1,262500,4,27,874424
Maintenance_Strength_Comparison_,1,262558,4,27,874482
Unprovoked_Good_Messages_,1,262602,4,27,874526
Sneak_Attack_War_Check_,1,264231,4,27,876155
Clear_Diplomacy_Messages_,1,264460,4,27,876384
Limit_Treaty_Modifiers_,1,264913,4,27,876837
Save_Last_Diplomacy_Messages_,1,265046,4,27,876970
Determine_First_Contacts_,1,265047,4,27,876971
Modifier_Diplomacy_Adjustments_,1,265644,4,27,877568
Find_Worst_Modifier_,1,266207,4,27,878131
Declare_War_,1,266360,4,27,878284
Break_Treaties_,1,267150,4,27,879074
Break_Research_,1,268123,4,27,880047
Break_Trade_,1,268716,4,27,880640
Break_Tribute_,1,269314,4,27,881238
Fleet_Comparison_,1,269774,4,27,881698
Tech_Comparison_,1,269883,4,27,881807
Population_Comparison_,1,269976,4,27,881900
Total_War_Loss_Comparison_,1,270095,4,27,882019
War_Loss_Comparison_,1,270309,4,27,882233
Start_Tribute_Treaty_,1,270409,4,27,882333
Start_Research_Treaty_,1,270672,4,27,882596
Start_Trade_Treaty_,1,270911,4,27,882835
Start_Treaty_,1,271150,4,27,883074
Adjust_Diplomat_Modifiers_,1,271555,4,27,883479
Declare_Peace_,1,271611,4,27,883535
Diplomacy_Broken_Contacts_,1,271874,4,27,883798
Valid_Treaty_Proposal_,1,271966,4,27,883890
Check_Treaty_Proposal_,1,272173,4,27,884097
Diplomacy_Test_,1,274758,4,27,886682
Get_Break_Treaty_Message_,1,275444,4,27,887368
Get_Break_Research_Message_,1,275657,4,27,887581
Get_Break_Trade_Message_,1,275820,4,27,887744
Get_Break_Tribute_Treaty_Message_,1,275983,4,27,887907
Get_Declare_War_Message_,1,276156,4,27,888080
Get_Gift_Response_,1,276259,4,27,888183
Get_Demand_Response_,1,276953,4,27,888877
Get_Player_Diplomacy_Personality_,1,278166,4,27,890090
NPC_Sneak_Attacks_,1,278235,4,27,890159
Sneak_Attack_Evaluations_,1,279713,4,27,891637
Set_Demands_,1,281792,4,27,893716
Clear_Threat_Turn_,1,281933,4,27,893857
Get_Design_Combat_Bonuses_,1,281984,4,28,893908
Get_Ship_Combat_Bonuses_,1,282203,4,28,894127
Init_Ship_Designs_,1,282559,4,28,894483
Load_Antaran_Ship_Design_,1,282956,4,28,894880
Load_Small_Antaran_Combat_Ship_,1,282977,4,28,894901
Load_Small_Antaran_Design_,1,283492,4,28,895416
Load_Medium_Antaran_Combat_Ship_,1,283692,4,28,895616
Load_Medium_Antaran_Design_,1,284253,4,28,896177
Load_Large_Antaran_Combat_Ship_,1,284472,4,28,896396
Load_Large_Antaran_Design_,1,285148,4,28,897072
Load_Huge_Antaran_Combat_Ship_,1,285458,4,28,897382
Load_Huge_Antaran_Design_,1,286230,4,28,898154
Load_Titan_Antaran_Combat_Ship_,1,286567,4,28,898491
Load_Titan_Antaran_Design_,1,287446,4,28,899370
Load_Doom_Star_Ship_Design_,1,287840,4,28,899764
Update_Ship_Names_To_New_Language_,1,287876,4,28,899800
Load_Colony_Ship_Design_,1,287949,4,28,899873
Load_Outpost_Ship_Design_,1,288134,4,28,900058
Load_Transport_Ship_Design_,1,288318,4,28,900242
Best_Warp_Drive_,1,288550,4,28,900474
Best_Ship_Shield_,1,288670,4,28,900594
Best_Computer_,1,288781,4,28,900705
Best_Armor_,1,288863,4,28,900787
Best_Beam_Weapon_,1,289003,4,28,900927
Best_Point_Defense_Weapon_,1,289180,4,28,901104
Point_Defense_Damage_Per_Space_,1,289338,4,28,901262
Best_Point_Defense_Weapon_By_Size_,1,289400,4,28,901324
Best_Missile_Weapon_,1,289574,4,28,901498
Best_Missile_Weapon_NT_,1,289786,4,28,901710
Best_Bomb_Weapon_,1,289954,4,28,901878
Best_Strat_Special_Weapon_,1,290106,4,28,902030
Best_Beam_To_Hit_Special_,1,290308,4,28,902232
Best_Beam_Damage_Special_,1,290418,4,28,902342
Best_Beam_Defense_Special_,1,290544,4,28,902468
Best_Missile_Defense_Special_,1,290670,4,28,902594
Best_Missile_Damage_Special_,1,290796,4,28,902720
Best_Shield_Special_,1,290930,4,28,902854
Best_Ship_Fuel_,1,290975,4,28,902899
Update_Player_Ship_Designs_,1,291090,4,28,903014
Update_Equipment_On_Ships_Being_Built_,1,291223,4,28,903147
Update_Automatic_Design_Equipment_,1,291499,4,28,903423
Update_Strategic_Ship_Designs_,1,291783,4,28,903707
Update_Player_Strategic_Ship_Designs_,1,292001,4,28,903925
Cost_Of_Strategic_Design_,1,292198,4,28,904122
Calc_Player_FTL_Speed_,1,292247,4,28,904171
Get_FTL_Speed_,1,292310,4,28,904234
Strat_Beam_Weapon_Count_,1,292375,4,28,904299
Strat_Missile_Weapon_Count_,1,292433,4,28,904357
Strat_Special_Weapon_Count_,1,292445,4,28,904369
Strat_Bomb_Weapon_Count_,1,292457,4,28,904381
Update_Strategic_Design_Weapons_Specials_,1,292469,4,28,904393
Auto_Strategic_Design_Ship_,1,292977,4,28,904901
Update_Strategic_Ship_,1,293195,4,28,905119
Load_Dragon_Ship_Design_,1,293378,4,28,905302
Load_Hydra_Ship_Design_,1,293660,4,28,905584
Load_Amoeba_Ship_Design_,1,293899,4,28,905823
Load_Eel_Ship_Design_,1,294164,4,28,906088
Load_Crystal_Ship_Design_,1,294427,4,28,906351
Load_Guardian_Ship_Design_,1,294700,4,28,906624
Check_For_Auto_Refit_,1,295048,4,28,906972
Repair_Ships_At_Colonies_,1,295157,4,28,907081
Repair_Ship_Full_,1,295411,4,28,907335
Ship_Has_Weapon_,1,295536,4,28,907460
Get_Design_Structure_,1,295615,4,28,907539
Get_Structure_,1,295728,4,28,907652
Get_Ship_Structure_,1,295815,4,28,907739
Get_Ship_Armor_Hits_,1,295973,4,28,907897
Load_Loknar_Ship_Design_,1,296071,4,28,907995
Load_Player_Ship_Palette_,1,296416,4,29,908340
Get_Ship_Id_Picture_Seg_,1,296568,4,29,908492
Get_Ship_Picture_Seg_,1,296599,4,29,908523
Get_Ship_Picture_Segk_,1,296603,4,29,908527
Ken_Defaults_,1,296659,4,29,908583
Ken_Init_,1,296659,4,29,908583
Get_Weighted_Choice_,1,296660,4,29,908584
Get_Weighted_Choice_Long_,1,296779,4,29,908703
Get_Weighted_Best_Choice_,1,296883,4,29,908807
Get_Weighted_Choice_Best_Long_,1,296967,4,29,908891
Get_Derelict_Applications_,1,297043,4,29,908967
Init_NPC_Personalities_Objectives_Themes_,1,297430,4,29,909354
Ken_Get_Text_Message_,1,298782,4,29,910706
Player_Score_Modifier_,1,298826,4,30,910750
Reload_Racial_Option_Screen_,1,298947,4,30,910871
Calculate_Picks_,1,299091,4,30,911015
Draw_Race_Option_Background_,1,299269,4,30,911193
Draw_Racial_Option_Screen_,1,300709,4,30,912633
Set_Race_Option_Help_List_,1,303009,4,30,914933
Racial_Option_Screen_,1,304060,4,30,915984
Add_Race_Options_Fields_,1,305876,4,30,917800
Convert_Player_To_Flags_,1,306583,4,30,918507
Convert_Flags_To_Player_,1,306744,4,30,918668
Reload_Option_Strings_,1,306932,4,30,918856
Real_Ability_Cost_,1,307049,4,30,918973
Setup_Evolutionary_Upgrade_,1,307370,4,30,919294
Add_Race_Options_Fields_EM_,1,307530,4,30,919454
Calculate_EM_Picks_,1,308415,4,30,920339
Convert_Player_To_Flags_EM_,1,308429,4,30,920353
Convert_Flags_To_Player_EM_,1,308645,4,30,920569
Evolutionary_Mutation_Screen_,1,308809,4,30,920733
Convert_Custom_Race_Flags_,1,310308,4,31,922232
Reload_Race_Selection_Screen_,1,310388,4,31,922312
Draw_Race_Selection_Screen_,1,310679,4,31,922603
Message_Build_,1,311822,4,31,923746
Set_Race_Select_Help_,1,311899,4,31,923823
Race_Selection_Screen_,1,312592,4,31,924516
Draw_Flag_Screen_,1,315191,4,31,927115
Set_Flag_Screen_Help_,1,315391,4,31,927315
Flag_Screen_,1,315452,4,31,927376
Draw_Naming_Popup_,1,316019,4,31,927943
Naming_Popup_,1,316091,4,31,928015
Ship_Has_Special_,1,316307,4,32,928231
Ship_Has_Stealth_Device_,1,316379,4,32,928303
Find_Ship_Stacks_,1,316446,4,32,928370
Ken_Test_,1,316952,4,32,928876
Split_Stack_,1,317065,4,32,928989
Set_Stack_Location_,1,317564,4,32,929488
Set_Stack_XY_,1,317623,4,32,929547
Update_Ship_Stack_,1,317698,4,32,929622
Remove_Non_Detected_Ships_,1,317779,4,32,929703
Delete_Ship_Stack_,1,318852,4,32,930776
Delete_Ship_Node_,1,318889,4,32,930813
Sort_Ships_In_Stack_,1,318944,5,32,930868
Build_Ship_Type_Array_,1,319049,5,32,930973
qsort_ships_by_type_,1,319229,5,32,931153
Load_Tech_Names_,1,319242,4,33,931166
Init_Tech_,1,319971,4,33,931895
At_Least_One_App_Researchable_,1,320511,4,33,932435
Tech_Is_Legal_For_Player_,1,320641,4,33,932565
Init_Player_Tech_,1,320863,4,33,932787
Base_Generic_Dcv_,1,322281,4,34,934205
Base_Generic_Ocv_,1,322361,4,34,934285
Satelite_Strength_Vs_Ships_,1,322418,4,34,934342
Modified_Weapon_Strength_,1,323111,4,34,935035
Strength_Hits_Modifier_,1,323284,4,34,935208
Ship_Strength_Vs_Ships_In_Nebula_,1,323337,4,34,935261
Ship_Strength_Vs_Ships_,1,323351,4,34,935275
Ship_Strength_Vs_Shield_,1,323403,4,34,935327
Current_Ship_Hits_,1,324291,4,34,936215
Max_Ship_Hits_,1,324342,4,34,936266
Ship_Strength_Vs_Planetary_Shield_,1,324473,4,34,936397
Missile_Base_Strength_,1,324900,4,34,936824
Phasor_Base_Strength_,1,325027,4,34,936951
Fighter_Garrison_Strength_,1,325196,4,34,937120
Colony_Ground_Strength_Vs_Player_,1,325447,4,34,937371
Colony_Space_Strength_Vs_Player_,1,325636,4,34,937560
Get_Best_Ship_Shield_Value_,1,325745,4,34,937669
Get_Competition_Player_Tech_Values_,1,325841,4,35,937765
Human_Player_Best_Weapons_Are_Beams_,1,325927,4,35,937851
Fighters_Available_,1,325992,4,35,937916
Special_Weapons_Available_,1,326048,4,35,937972
Special_Devices_Available_,1,326122,4,35,938046
Get_Ship_Class_,1,326279,4,35,938203
Special_Legal_For_Design_,1,327052,4,35,938976
Add_Specials_To_Design_,1,327188,4,35,939112
Add_Theme_Special_To_Design_,1,327871,4,35,939795
Add_Fighters_To_Design_,1,328108,4,35,940032
Determine_Missile_Weapon_Modifications_,1,328546,4,35,940470
Add_Missile_Weapon_To_Design_,1,329593,4,35,941517
Determine_Bomb_Weapon_,1,329903,4,35,941827
Add_Bomb_Weapon_To_Design_,1,330333,4,35,942257
Determine_Beam_Weapon_Modifications_,1,330585,4,35,942509
Add_Beam_Weapon_To_Design_,1,332927,4,35,944851
Auto_Design_Ship_,1,333477,4,35,945401
Reload_Hotseat_Screen_,1,337354,4,36,949278
Fade_Into_Hotseat_Screen_,1,337486,5,36,949410
Draw_Hotseat_Screen_,1,337622,4,36,949546
Init_Hotseat_Screen_,1,337885,5,36,949809
Hotseat_Screen_,1,338146,4,36,950070
Num_Adv_Civ_Planets_,1,338871,5,37,950795
qsort_planet_worth_,1,338913,5,37,950837
Build_Parsec_Star_Distances_,1,338922,5,37,950846
Advanced_Civilization_Colonies_,1,339056,4,37,950980
Build_Adv_Civ_Star_List_,1,339608,5,37,951532
Build_Adv_Civ_Planet_List_,1,340021,5,37,951945
Get_Worth_For_All_Planets_,1,340310,5,37,952234
Get_Adv_Civ_Planet_Worthiness_,1,340569,5,37,952493
Proximity_Bonus_,1,340754,5,37,952678
Player_Has_Colony_At_Star_,1,340990,5,37,952914
Get_Next_Adv_Civ_Planet_,1,341020,5,37,952944
Choose_Adv_Civ_Planets_,1,341367,5,37,953291
Assign_Advanced_Civilization_Starting_Ships_,1,342088,4,37,954012
List_Of_Other_Players_With_Same_Planet_,1,342112,5,37,954036
Get_Saved_Planet_Worth_,1,342113,5,37,954037
Twiddle_Selected_Adv_Civ_Planets_,1,342185,5,37,954109
Init_Adv_Civ_Homeworlds_,1,342874,5,37,954798
Twiddle_Planet_,1,342927,5,37,954851
Get_Players_Planet_Worthiness_Average_,1,343200,5,37,955124
Write_Adv_Civ_Planet_Info_,1,343306,5,37,955230
Antaran_Invasion_Check_,1,343442,4,38,955366
Antaran_Defensive_Force_,1,343514,5,38,955438
Antaran_Defensive_Resource_Bonus_,1,343558,5,38,955482
Antaran_Offensive_Resource_Bonus_,1,343593,5,38,955517
Antaran_Delay_,1,343628,5,38,955552
Antaran_Offensive_Force_,1,343667,5,38,955591
Antaran_Total_Resources_,1,343710,5,38,955634
Antarans_Should_Attack_,1,343773,5,38,955697
Build_Antaran_Defensive_Ships_,1,343964,5,38,955888
Build_Antaran_Offensive_Ships_,1,344011,5,38,955935
Build_Antaran_Ships_,1,344048,5,38,955972
Build_List_Of_Stars_By_Player_,1,344849,5,38,956773
Delta_Stardate_,1,344981,4,38,956905
Deploy_Antaran_Ships_,1,344992,5,38,956916
Get_Antaran_Target_Star_,1,345508,5,38,957432
Increment_Antaran_Resource_Level_,1,345580,5,38,957504
Antaran_Defensive_Force_At_Maximum_,1,345789,5,38,957713
Kill_Antaran_Defensive_Ship_,1,345849,4,38,957773
Kill_Antaran_Offensive_Ship_,1,345931,4,38,957855
Modify_Antaran_Resource_Level_,1,345996,4,38,957920
Next_Antaran_Ship_Size_,1,345997,5,38,957921
No_Small_Ships_After_N_Turns_,1,346071,5,38,957995
No_Medium_Ships_After_N_Turns_,1,346139,5,38,958063
Restock_Antaran_Ship_,1,346207,4,38,958131
__assertha_,1,346243,4,39,958167
hgetch_,1,346492,4,39,958416
Add_Generic_Replacement_Fields_,1,346626,5,40,958550
Add_Replacement_Weapon_Fields_,1,347028,5,40,958952
Add_Special_System_Fields_,1,348808,5,40,960732
Application_Type_,1,349405,4,40,961329
Clear_Weapon_Replacement_Fields_,1,349418,5,40,961342
Draw_Darkened_Design_Screen_,1,349497,5,40,961421
Draw_Generic_Replacement_Box_Help_,1,349580,5,40,961504
Draw_Generic_Replacement_Box_,1,350040,5,40,961964
Draw_Special_Systems_Replacement_Box_,1,350291,5,40,962215
Draw_Special_Systems_Scroll_Bar_,1,350499,4,40,962423
Draw_Weapons_Arc_Box_,1,350763,5,40,962687
Draw_Weapons_Mod_Box_,1,351013,5,40,962937
Draw_Weapons_Rack_Box_,1,351282,5,40,963206
Draw_Weapons_Replacement_Box_,1,351482,5,40,963406
Draw_Weapons_Scroll_Bar_,1,352051,4,40,963975
Generic_Replacement_Box_,1,352318,4,40,964242
Generic_Replacement_Box_Choices_,1,352878,5,40,964802
Generic_Replacement_Box_Dimensions_,1,353208,5,40,965132
Get_Weapon_Mod_Field_XYs_,1,353437,5,40,965361
Get_Weapons_Box_Base_Dimensions_,1,353916,5,40,965840
Have_Tractor_Beam_Weapon_,1,354037,5,40,965961
Items_Selected_,1,354114,5,40,966038
Mod_Allowed_On_Weapon_Type_,1,354188,5,40,966112
New_Arc_Space_,1,354320,5,40,966244
New_Mod_Space_,1,354416,5,40,966340
Print_Computer_Data_,1,354557,5,40,966481
Print_Main_Weapon_Box_,1,355564,5,40,967488
Print_Shield_Data_,1,357138,5,40,969062
Print_Special_System_Data_,1,358015,5,40,969939
Print_Weapon_Mod_Help_Description_,1,359367,5,40,971291
Print_Weapon_Modification_Message_,1,359631,5,40,971555
Redraw_Main_Design_Screen_To_Background_,1,360016,5,40,971940
Scan_Replacement_Fields_,1,360092,5,40,972016
Set_New_Weapon_Modifications_,1,360284,5,40,972208
Set_Up_Special_System_Scroll_Bar_,1,360351,5,40,972275
Set_Up_Weapon_Display_,1,360444,5,40,972368
Set_Up_Weapon_Scroll_Bar_,1,360823,5,40,972747
Should_Add_Mod_,1,361055,5,40,972979
Space_With_Weapons_,1,361101,5,40,973025
Space_With_Weapon_,1,361247,4,40,973171
Special_System_Choices_,1,361491,4,40,973415
Special_System_Exclusion_,1,362003,5,40,973927
Special_System_Replacement_Box_Dimensions_,1,362187,5,40,974111
Special_Systems_Box_,1,362325,4,40,974249
System_Added_Cost_And_Space_,1,363837,5,40,975761
Update_Field_Item_Chosen_,1,364003,5,40,975927
Update_Weapon_Modification_Data_,1,364096,5,40,976020
Update_Weapon_Replacement_,1,364152,5,40,976076
Valid_Modifications_,1,364682,5,40,976606
Weapon_Choice_Valid_,1,364963,5,40,976887
Weapon_Choices_,1,365083,5,40,977007
Weapon_Index_,1,365865,5,40,977789
Weapon_Replacement_Help_,1,365883,5,40,977807
Weapons_Replacement_Box_,1,365955,4,40,977879
Window_Box_,1,368175,4,40,980099
qsort_by_research_cost_,1,368217,5,40,980141
Add_Design_Buttons_,1,368226,4,41,980150
Add_Size_Button_,1,369637,5,41,981561
Assert_Template_,1,369651,4,41,981575
Bonus_For_Regular_Mods_,1,369670,5,41,981594
Bonus_For_Special_Mods_,1,370230,5,41,982154
Bonus_For_Weapon_Arcs_,1,370304,5,41,982228
Build_Design_Template_,1,370337,5,41,982261
Build_Initial_Design_Template_,1,370632,4,41,982556
Update_N_Weapons_In_Design_,1,371483,5,41,983407
Update_N_Spec_Systems_In_Design_,1,371534,5,41,983458
Check_For_Auto_Repeat_,1,371610,5,41,983534
Has_Damper_Field_,1,372030,5,41,983954
Check_Generic_Replacement_Fields_,1,372092,4,41,984016
Check_Plus_Minus_Buttons_,1,372374,4,41,984298
Check_Special_System_Fields_,1,372635,4,41,984559
Check_Weapon_Fields_,1,372975,4,41,984899
Clear_Design_,1,373319,4,41,985243
Clear_Design_For_Colony_Builds_,1,373570,4,41,985494
Clear_Special_System_Slot_,1,373684,4,41,985608
Clear_Weapon_Slot_,1,373800,4,41,985724
Computer_Cost_,1,373975,4,41,985899
Cost_Given_M_Level_,1,374041,4,41,985965
Cost_Of_Design_,1,374135,4,41,986059
Current_Design_Armor_Absorption_,1,374651,5,41,986575
Current_Design_Combat_Speed_,1,374735,5,41,986659
Current_Design_Has_Special_System_,1,374783,5,41,986707
Current_Design_Min_Combat_Speed_,1,374826,5,41,986750
Current_Design_Max_Combat_Speed_,1,374858,5,41,986782
Current_Design_Base_Combat_Speed_,1,374890,5,41,986814
Current_Design_Shield_,1,374994,4,41,986918
Current_Design_Shield_Cost_,1,375003,4,41,986927
Current_Design_Shield_Space_,1,375013,4,41,986937
Current_Design_Shield_Absorption_,1,375023,5,41,986947
Current_Design_Structural_Points_,1,375066,5,41,986990
Printed_Design_Cost_,1,375113,5,41,987037
Design_Cost_For_Player_,1,375197,4,41,987121
Design_Screen_,1,375218,4,41,987142
Design_Template_Costs_,1,376967,4,41,988891
Design_Template_Space_Requirements_,1,377479,4,41,989403
Design_Weapon_Damage_String_,1,377982,4,41,989906
Draw_Design_Screen_,1,378573,4,41,990497
Draw_Down_Buttons_,1,378628,4,41,990552
Get_Colony_Handle_,1,378993,4,41,990917
Get_Ship_Design_Name_,1,379031,4,41,990955
Get_Ship_Size_Button_Field_XY_,1,379129,5,41,991053
Load_Design_Screen_Pictures_,1,379277,4,41,991201
Max_Recharge_Rate_,1,380971,4,41,992895
Miniaturization_Level_,1,381000,4,41,992924
Modify_Weapon_By_Arcs_,1,381150,4,41,993074
N_Weapon_Arcs_,1,381199,4,41,993123
N_Replacements_For_Generic_Item_,1,381234,4,41,993158
Number_Of_Special_Systems_,1,381287,4,41,993211
Number_Of_Weapons_Loaded_,1,381329,4,41,993253
One_Weapon_Space_Without_M_Level_,1,381364,4,41,993288
Print_Current_Design_,1,381596,4,41,993520
Print_Ship_Size_Error_Message_,1,385169,5,41,997093
Cost_Reduction_For_Govt_Type_,1,385440,4,41,997364
Replacement_Exists_,1,385500,4,41,997424
Set_Flashing_Colors_,1,385600,5,41,997524
Shield_Cost_,1,385768,4,41,997692
Shield_Cost_Given_M_Level_,1,385814,4,41,997738
Shield_Space_,1,385897,4,41,997821
Shield_Space_Given_M_Level_,1,385934,4,41,997858
Shield_Strength_,1,386003,5,41,997927
Space_For_System_Replacement_,1,386094,5,41,998018
Space_For_Weapon_Replacement_,1,386417,5,41,998341
Space_Given_M_Level_,1,386574,4,41,998498
Tech_App_To_Tech_Id_,1,386718,4,41,998642
Tech_Level_,1,386826,4,41,998750
Total_Design_Cost_,1,386935,4,41,998859
Total_Design_Space_,1,387103,4,41,999027
Total_Space_Used_,1,387170,4,41,999094
Update_Calculated_Design_Data_,1,387290,4,41,999214
Update_Player_Design_,1,387656,5,41,999580
Weapon_Cost_,1,388212,4,41,1000136
Weapon_Needs_Racks_,1,388526,4,41,1000450
One_Weapon_Space_,1,388550,4,41,1000474
Weapon_Space_,1,388750,4,41,1000674
Weapon_Type_,1,389099,4,41,1001023
Weapon_Arc_String_,1,389112,4,41,1001036
Weapon_Mod_String_,1,389247,4,41,1001171
Miniaturization_Category_,1,389404,4,41,1001328
Weapon_Rack_Size_To_Value_,1,389580,4,41,1001504
Get_Tech_Description_Lbx_Name_,1,389692,5,41,1001616
Set_Main_Screen_Help_List_,1,389760,4,42,1001684
Set_PlntSum_Screen_Help_List_,1,390445,4,42,1002369
Set_Design_Screen_Help_List_,1,390468,4,42,1002392
Set_Weapon_Replacement_Screen_Help_List_,1,390593,4,42,1002517
Set_Main_Game_Screen_Help_List_,1,391206,4,42,1003130
Set_Scrap_Freighters_Help_List_,1,391227,4,42,1003151
Set_Load_Game_Screen_Help_List_,1,391248,4,42,1003172
Set_Save_Game_Screen_Help_List_,1,391269,4,42,1003193
Set_Options_Game_Screen_Help_List_,1,391290,4,42,1003214
Set_Fleet_Screen_Help_List_,1,391311,4,42,1003235
Set_ColOff_Screen_Help_List_,1,391519,4,42,1003443
Set_ShipOff_Screen_Help_List_,1,391613,4,42,1003537
Set_Main_Menu_Screen_Help_List_,1,391872,4,42,1003796
Set_Multi_Player_Setup_Screen_Help_List_,1,391893,4,42,1003817
Set_Modem_Setup_Screen_Help_List_,1,391914,4,42,1003838
Set_Null_Modem_Setup_Screen_Help_List_,1,391967,4,42,1003891
Set_Input_Box_Help_List_,1,392030,4,42,1003954
Set_Diplomacy_Request_Help_List_,1,392051,4,42,1003975
Set_Hotseat_Setup_Screen_Help_List_,1,392072,4,42,1003996
Append_Help_List_,1,392093,4,42,1004017
Get_Application_Description_,1,392170,4,42,1004094
Get_Help_LBX_Message_,1,392281,4,42,1004205
Offset_Help_Field_XYs_,1,392318,5,42,1004242
Save_Help_List_,1,392363,4,42,1004287
Restore_Help_List_,1,392398,4,42,1004322
Add_Added_Buttons_,1,392484,5,43,1004408
Add_Fleet_Movement_Box_Fields_,1,392968,4,43,1004892
At_Least_One_Ship_Of_Type_Selected_,1,393738,4,43,1005662
Can_Build_Outpost_,1,393773,5,43,1005697
Check_For_Attack_Antares_Button_,1,393833,5,43,1005757
Check_For_Build_Outpost_Button_,1,393849,5,43,1005773
Check_For_Colonization_Button_,1,393868,5,43,1005792
Check_For_Engage_Enemy_Forces_Button_,1,393887,5,43,1005811
Check_For_Transport_Troops_Button_,1,393906,5,43,1005830
Clear_Ship_Node_Selection_Flags_,1,393925,4,43,1005849
Clear_Fleet_Selection_Status_Flags_,1,393957,4,43,1005881
Draw_Damage_Bars_,1,393962,4,43,1005886
Draw_Large_Fleet_Box_Frame_,1,394406,5,43,1006330
Draw_Small_Fleet_Box_Frame_,1,394754,5,43,1006678
Draw_Fltpop_Scroll_Bar_,1,395147,4,43,1007071
Draw_Fleet_Movement_Box_,1,395381,4,43,1007305
Draw_Fleet_Pop_Added_Buttons_,1,397058,5,43,1008982
First_Unselected_Icon_,1,397467,4,43,1009391
Fleet_Box_Grid_Height_,1,397720,5,43,1009644
Fleet_Box_Height_,1,397798,4,43,1009722
Fleet_Box_Width_,1,398040,4,43,1009964
Fleet_Buttons_Chosen_,1,398049,4,43,1009973
Get_Absolute_Location_Scan_Info_,1,398101,5,43,1010025
Get_Fleet_Icon_Button_XY_,1,398239,4,43,1010163
Get_Fleetpop_Scanned_Ship_Info_,1,398286,4,43,1010210
N_Fleet_Icons_,1,398437,4,43,1010361
Planet_Is_Colonizable_,1,398497,5,43,1010421
Print_Fleet_Box_Info_,1,398598,5,43,1010522
Reload_Fleet_Box_Data_,1,399895,4,43,1011819
Fleet_Box_Data_,1,399927,4,43,1011851
Reload_Fleet_Box_Palette_,1,400142,4,43,1012066
Reload_Ship_Selection_Status_,1,400156,4,43,1012080
Save_Ship_Selection_Status_,1,400273,4,43,1012197
Set_Added_Button_Stuff_,1,400385,5,43,1012309
Set_Attack_Antares_Button_Flag_,1,400615,5,43,1012539
Set_Build_Outpost_Button_Flag_,1,400856,5,43,1012780
Set_Colonize_Button_Flag_,1,401205,5,43,1013129
Set_Engage_Enemy_Forces_Flag_,1,401565,5,43,1013489
Set_Fleet_Box_Data_Dimensions_,1,401899,5,43,1013823
Set_Fleet_Movement_Box_Dimensions_,1,402026,4,43,1013950
Set_Fleet_Movement_Icon_Selections_,1,402078,4,43,1014002
Set_Transport_Troops_Flag_,1,402246,5,43,1014170
Ship_Should_Be_Auto_Selected_,1,402639,5,43,1014563
Icon_Selection_Status_,1,402735,4,43,1014659
Buffer_Reload_Fleetpop_Frame_,1,402832,5,43,1014756
Some_Icon_Selected_,1,402967,4,43,1014891
Can_Select_Fleet_Box_Ship_,1,403025,4,43,1014949
Add_Fleet_Screen_Fields_,1,403069,5,44,1014993
Allocate_Fltscrn_Next_Screen_Seg_,1,404069,4,44,1015993
Build_Scrap_List_,1,404196,4,44,1016120
Get_Technology_From_Scrapped_Ship_,1,404275,4,44,1016199
Get_Scrap_Ship_Value_,1,405089,5,44,1017013
Cant_Order_Ship_Message_,1,405215,5,44,1017139
Draw_Flashing_Small_Ship_Icon_,1,405273,4,44,1017197
Draw_Fleet_Screen_,1,405394,4,44,1017318
Draw_Fltscrn_Big_Ship_Icons_,1,406230,4,44,1018154
Draw_Box_Around_Scanned_Ship_,1,406697,5,44,1018621
Draw_Fltscrn_Ship_Destination_Lines_,1,406769,4,44,1018693
Draw_Fltscrn_Small_Ship_Icons_,1,407458,4,44,1019382
Fill_FltScrn_Scroll_Bar_,1,407667,4,44,1019591
Fleet_Screen_,1,407936,4,44,1019860
Load_Fltscrn_Officer_Picture_,1,410829,5,44,1022753
Next_Ship_Icon_,1,410882,4,44,1022806
Previous_Ship_Icon_,1,411045,4,44,1022969
Reload_Fleet_Screen_,1,411210,4,44,1023134
Reload_Fleet_Screen_Galaxy_Stars_,1,411904,4,44,1023828
Reload_Small_Ship_Icons_,1,411959,4,44,1023883
Scan_Small_Ship_Icons_,1,412144,4,44,1024068
Plunder_Ships_For_Tech_,1,412340,5,44,1024264
Scrap_Ships_,1,412414,4,44,1024338
Set_Fltscrn_Big_Icons_,1,413188,4,44,1025112
Update_Selection_Flags_,1,413258,4,44,1025182
First_Selected_Ship_,1,413400,5,44,1025324
At_Least_One_Officer_,1,413460,5,44,1025384
F_Ship_Icon_From_Node_Ptr_,1,413521,5,44,1025445
Okay_To_Set_Relocate_From_Star_,1,413578,5,44,1025502
Okay_To_Set_Relocate_To_Star_,1,413610,5,44,1025534
Okay_To_Set_Relocate_Star_,1,413749,5,44,1025673
Star_Relocation_,1,414080,5,44,1026004
Cancel_Star_Relocation_,1,414251,5,44,1026175
Draw_Fltscrn_Relocation_Lines_,1,414330,5,44,1026254
N_Fltscrn_Ships_Selected_,1,414616,5,44,1026540
Crew_Description_String_,1,414706,4,45,1026630
Add_Fltscrn_Big_Icon_Fields_,1,414812,4,45,1026736
Add_Fltscrn_Small_Icon_Fields_,1,415186,4,45,1027110
Build_Fltscrn_Big_Icon_Fields_,1,415295,4,45,1027219
Move_Ship_To_Front_Of_List_,1,415746,5,45,1027670
Build_Fltscrn_Ship_List_,1,415837,4,45,1027761
Button_Underneath_,1,415961,4,45,1027885
Create_Blank_Fleet_Icon_,1,416067,4,45,1027991
Crew_Efficiency_,1,416112,4,45,1028036
Crew_Quality_,1,416153,4,45,1028077
Defensive_Bonus_,1,416211,4,45,1028135
Draw_Captains_Picture_,1,416217,4,45,1028141
Fix_Palette_,1,416607,4,45,1028531
Fleet_Screen_Big_Icon_Fields_,1,416640,4,45,1028564
Fltscrn_Move_Ships_,1,417096,4,45,1029020
Fltscrn_Ships_To_Be_Displayed_,1,417512,4,45,1029436
Get_2_Selected_Fields_,1,417657,4,45,1029581
Get_Filter_Button_Status_,1,417762,4,45,1029686
Get_Fltscrn_Big_Icon_XY_,1,417832,4,45,1029756
Is_Other_Players_Stack_,1,417930,4,45,1029854
Max_Crew_,1,417972,4,45,1029896
Max_Marines_,1,418001,4,45,1029925
Ok_To_Add_Ship_,1,418087,5,45,1030011
Print_Fltscrn_Scanned_Star_Name_,1,418213,4,45,1030137
Print_Scanned_Ship_Data_,1,419598,4,45,1031522
Scan_Fltscrn_Big_Icons_,1,421666,4,45,1033590
Set_Fleet_Screen_Stack_Owner_,1,421908,4,45,1033832
Set_Fltscrn_Small_Ship_Icon_XYs_,1,421960,4,45,1033884
Set_Initial_Stack_Pointer_,1,422591,4,45,1034515
Set_Small_Ship_Stack_Pointer_,1,422596,4,45,1034520
Write_Fltscrn_Big_Icon_Data_,1,422802,4,45,1034726
Clear_All_Selection_Status_,1,422803,4,45,1034727
Get_Small_Icon_Animation_Size_,1,422839,5,45,1034763
Message_Box_,1,422947,4,46,1034871
Warning_Box_,1,422963,4,46,1034887
Do_Message_Box_,1,422970,5,46,1034894
Message_Box_Exploding_,1,422970,4,46,1034894
Confirmation_Box_,1,423512,4,46,1035436
Confirmation_Box_Exploding_,1,423512,4,46,1035436
Do_Confirmation_Box_,1,423512,5,46,1035436
Draw_Animating_Message_Box_,1,424032,5,46,1035956
Draw_Confirm_Box_,1,424164,5,46,1036088
Message_Box_Startup_,1,424289,5,46,1036213
Message_Box_Cleanup_,1,424444,5,46,1036368
_Print_1_Or_More_Formatted_Lines_Centered_,1,424564,4,46,1036488
Print_1_Or_More_Formatted_Lines_Centered_,1,424663,4,46,1036587
Design_Name_,1,424678,4,47,1036602
Get_Planet_Name_,1,424744,4,47,1036668
Get_Planet_Name_No_Prime_,1,424770,4,47,1036694
Build_Saved_Ship_Array_,1,424782,4,47,1036706
Button_Ship_Node_Ptr_,1,424869,4,47,1036793
Clear_All_Star_Relocations_,1,424881,4,47,1036805
Clear_Fleet_Box_Selected_Ship_Status_,1,424945,4,47,1036869
Clear_Star_Relocation_,1,424967,4,47,1036891
Colony_Player_Color_,1,424991,4,47,1036915
Colony_Player_Palette_Color_,1,425014,4,47,1036938
Design_Armor_,1,425049,4,47,1036973
Design_Computer_,1,425080,4,47,1037004
Design_Cost_,1,425111,4,47,1037035
Design_Drive_,1,425142,4,47,1037066
Design_Picture_Num_,1,425173,4,47,1037097
Design_Shield_,1,425204,4,47,1037128
Current_Design_Size_,1,425235,4,47,1037159
Design_Structural_Points_,1,425266,4,47,1037190
Design_Weapon_,1,425321,4,47,1037245
Design_Weapon_Ammo_,1,425358,4,47,1037282
Design_Weapon_Count_,1,425394,4,47,1037318
Design_Weapon_Firing_Arc_,1,425430,4,47,1037354
Design_Weapon_Specials_,1,425466,4,47,1037390
Do_Get_Planet_Name_,1,425503,5,47,1037427
Enemy_Ship_Going_To_My_Colony_,1,425709,4,47,1037633
Fleet_Movement_Icon_Selected_,1,425821,4,47,1037745
Fleet_Movement_Icon_Ship_Stack_,1,425843,4,47,1037767
Fleet_Movement_Owner_,1,425950,4,47,1037874
Ship_Stack_Owner_,1,425961,4,47,1037885
Ship_Owner_,1,425973,4,47,1037897
Fleet_Movement_Ship_Id_,1,426003,4,47,1037927
Get_Fleet_Box_Selected_Ship_Ids_,1,426026,4,47,1037950
Get_Stack_Start_From_Saved_Ship_Array_,1,426195,4,47,1038119
Is_Combat_Ship_,1,426370,4,47,1038294
Last_Colony_Selected_,1,426398,4,47,1038322
N_Colonies_At_Star_,1,426602,4,47,1038526
N_Star_Relocations_,1,426733,4,47,1038657
Node_Ptr_From_Ship_Id_,1,426795,4,47,1038719
Node_Ptr_From_Ship_Stack_,1,426858,4,47,1038782
Orion_Owner_,1,426904,4,47,1038828
Planet_Orbit_,1,426989,4,47,1038913
Planet_Player_Color_,1,427009,4,47,1038933
Planet_Player_Palette_Color_,1,427030,4,47,1038954
Player_Can_Order_Ship_,1,427069,4,47,1038993
Player_Has_Tech_,1,427095,4,47,1039019
Race_Name_String_,1,427127,4,47,1039051
Race_Name_,1,427168,4,47,1039092
Relocation_,1,427248,4,47,1039172
Set_All_Colony_Auto_Select_Flags_,1,427271,4,47,1039195
Set_All_Star_Relocations_,1,427500,4,47,1039424
Set_Colony_Auto_Select_For_Star_,1,427563,4,47,1039487
Set_Last_Colony_Selected_,1,427753,4,47,1039677
Save_Hotseat_Fleet_Box_Ship_,1,427822,4,47,1039746
Set_Hotseat_Fleet_Box_To_Last_Stack_,1,427888,4,47,1039812
Set_Relocation_,1,428010,4,47,1039934
Ship_Icon_Id_From_Node_Ptr_,1,428032,4,47,1039956
Ship_Icon_Owner_,1,428153,4,47,1040077
Ship_Icon_Ship_Id_,1,428169,4,47,1040093
System_Ship_Scanned_To_Ship_Id_,1,428194,4,47,1040118
Ship_Icon_Star_Id_,1,428206,4,47,1040130
Ship_Icon_X_,1,428247,4,47,1040171
Ship_Icon_Y_,1,428290,4,47,1040214
Ship_Player_Palette_Color_,1,428487,4,47,1040411
Ship_Stack_From_Saved_Array_,1,428500,4,47,1040424
Ship_Stack_From_Ship_Icon_,1,428730,4,47,1040654
Ship_Stack_From_Ship_Id_,1,428814,4,47,1040738
Ship_Stack_Location_,1,428947,4,47,1040871
Ship_Stack_Star_Id_,1,428947,4,47,1040871
Ship_Stack_X_,1,428978,4,47,1040902
Ship_Stack_Y_,1,429007,4,47,1040931
Ship_Status_,1,429036,4,47,1040960
Special_Is_Planet_Special_,1,429147,4,47,1041071
Stack_Ship_Orbiting_Planet_,1,429183,4,47,1041107
Star_Has_Relocation_,1,429204,4,47,1041128
Star_Player_Color_,1,429232,4,47,1041156
Star_Player_Palette_Color_,1,429232,4,47,1041156
System_Planet_Scanned_To_Planet_Id_,1,429275,4,47,1041199
System_Ship_Chosen_To_Ship_Icon_Id_,1,429298,4,47,1041222
Weapons_Index_From_Tech_App_,1,429374,4,47,1041298
Player_Has_Colony_In_System_,1,429425,4,47,1041349
Owner_Of_First_Ship_In_Fleet_Box_,1,429434,4,47,1041358
Nearest_Star_To_XY_,1,429446,4,47,1041370
Absolute_Location_,1,429575,4,48,1041499
Actual_Star_Id_,1,429613,4,48,1041537
Confirm_Planet_And_Star_Index_Link_,1,429671,4,48,1041595
Contact_With_One_Colony_,1,429899,4,48,1041823
Contact_With_Player_,1,430008,4,48,1041932
Decrement_Zoom_Count_,1,430054,4,48,1041978
Empty_System_,1,430081,4,48,1042005
Enemy_Has_Colony_At_Star_,1,430135,4,48,1042059
Get_Map_Scale_,1,430244,4,48,1042168
Get_Player_Font_Colors_,1,430392,4,48,1042316
Get_Scaled_Value_,1,430700,4,48,1042624
Get_Up_Scaled_Value_,1,430719,4,48,1042643
Get_Zoom_Ratio_Value_,1,430739,4,48,1042663
Habitable_Spectral_Class_,1,430761,4,48,1042685
Harold_Defaults_,1,430787,4,48,1042711
Harold_Init_,1,431660,4,48,1043584
Has_Colony_,1,431726,4,48,1043650
Increment_Zoom_Count_,1,431807,4,48,1043731
Increment_Zoom_Count_With_Limit_,1,431842,4,48,1043766
Init_Fleet_Movement_Box_,1,431903,4,48,1043827
Init_Moving_Boxes_,1,431958,4,48,1043882
Init_System_Display_Box_,1,432093,4,48,1044017
Inverse_Map_Scale_Ratio_,1,432189,4,48,1044113
Is_Colony_Star_,1,432250,4,48,1044174
Is_Home_Star_,1,432324,4,48,1044248
Galaxy_Size_From_N_Stars_,1,432338,4,48,1044262
Map_Scale_To_Zoom_Level_,1,432407,4,48,1044331
N_Colony_Owners_,1,432505,4,48,1044429
Colony_Owners_,1,432631,4,48,1044555
N_Food_Planets_In_System_,1,432872,4,48,1044796
N_Planets_In_System_,1,432941,4,48,1044865
N_Player_Ships_,1,433011,4,48,1044935
N_Satellites_,1,433070,4,48,1044994
No_Planets_In_System_,1,433119,4,48,1045043
N_Turns_To_Star_,1,433131,4,48,1045055
Planet_Data_Screen_,1,433180,4,48,1045104
Planet_Has_Outpost_,1,433181,4,48,1045105
Planet_Index_,1,433236,4,48,1045160
Planet_Number_,1,433259,4,48,1045183
Planet_Type_,1,433362,4,48,1045286
Player_Has_Artemis_Net_,1,433401,4,48,1045325
Player_Has_Colony_,1,433436,4,48,1045360
Star_Has_Dimensional_Portal_,1,433472,4,48,1045396
Star_Has_Artemis_Net_,1,433480,4,48,1045404
Player_Has_Dimensional_Portal_,1,433488,4,48,1045412
Player_Has_Jumpgate_,1,433512,4,48,1045436
Player_Has_Outpost_,1,433542,4,48,1045466
Player_Has_Stargate_,1,433642,4,48,1045566
Player_Is_Omniscient_,1,433670,4,48,1045594
Player_Has_Visited_,1,433714,4,48,1045638
Player_Sighted_Monster_,1,433741,4,48,1045665
Players_Home_Star_,1,433805,4,48,1045729
Random_With_Restore_,1,433925,4,48,1045849
Randomize_List_,1,433958,4,48,1045882
Read_Random_Seed_,1,434086,4,48,1046010
Set_All_Visited_Flags_,1,434139,4,48,1046063
Set_Player_Font_Style_,1,434186,4,48,1046110
Set_Sound_Volume_To_Settings_,1,434284,4,48,1046208
Star_Id_From_Colony_Id_,1,434393,4,48,1046317
Star_Is_Orion_,1,434453,4,48,1046377
Star_Is_Outpost_Star_,1,434483,4,48,1046407
Star_Owner_,1,434600,4,48,1046524
User_Box_,1,434783,4,48,1046707
First_Ship_Orbiting_Star_,1,435026,4,48,1046950
Star_XY_To_Ship_Id_,1,435057,4,48,1046981
XY_To_Star_Id_,1,435171,4,48,1047095
Zoom_Level_Font_Style_,1,435264,4,48,1047188
Star_Guarded_By_Monster_,1,435322,4,48,1047246
At_Least_One_Ship_At_Location_,1,435491,4,48,1047415
Get_N_Remaining_Humans_,1,435535,4,48,1047459
Get_Picture_Actual_Size_,1,435590,4,48,1047514
Draw_Multi_Colored_Box_,1,435703,4,48,1047627
Save_Mouse_List_,1,436117,4,48,1048041
Restore_Mouse_List_,1,436175,4,48,1048099
Clear_Saved_Mouse_List_,1,436204,4,48,1048128
Was_Mouse_List_Saved_,1,436214,4,48,1048138
Read_Windows_Cmdline_File_,1,436225,4,48,1048149
Load_H_Strings_,1,436246,4,48,1048170
H_Message_,1,436624,4,48,1048548
Reload_Language_Strings_,1,436657,4,48,1048581
Load_Language_Fonts_,1,436741,4,48,1048665
Get_Font_File_,1,436787,4,48,1048711
Write_Language_Setting_File_,1,436857,4,48,1048781
Get_Officer_Data_LBX_Name_,1,436947,4,48,1048871
Load_Leader_Titles_,1,437011,4,48,1048935
Get_Monetary_Unit_String_,1,437158,4,48,1049082
Set_Language_Race_Names_,1,437207,5,48,1049131
Add_Non_Food_Planets_To_List_,1,437296,5,49,1049220
Assign_Home_Star_Names_,1,437361,4,49,1049285
Build_Home_Star_List_,1,437523,5,49,1049447
Build_Min_Star_Distances_,1,438304,5,49,1050228
Dist_Between_Stars_,1,438452,4,49,1050376
Dist_Between_Points_,1,438523,4,49,1050447
Enforce_3_Planet_Minimum_,1,438554,4,49,1050478
Enforce_Abundant_Minerals_,1,438802,4,49,1050726
Enforce_Climate_,1,438827,4,49,1050751
Enforce_Gravity_,1,439388,4,49,1051312
Enforce_Medium_Planet_Size_,1,439476,4,49,1051400
Enforce_Mineral_Richness_,1,439514,4,49,1051438
Enforce_Artifacts_Special_,1,439730,5,49,1051654
Enforce_Planet_Size_,1,439763,5,49,1051687
Enforce_Planet_Type_,1,439780,4,49,1051704
Ensure_At_Least_1_Food_Planet_,1,439857,5,49,1051781
Generate_Home_Worlds_,1,440525,4,49,1052449
Generate_Home_Worlds_1_,1,441270,4,49,1053194
Generate_Orion_,1,441276,5,49,1053200
Get_Orion_Star_Id_,1,441735,5,49,1053659
Get_Starmap_Regions_,1,442205,4,49,1054129
Guarantee_A_Planet_At_Min_Dist_,1,442631,5,49,1054555
Is_Added_Food_World_,1,443286,5,49,1055210
Make_One_Planet_,1,443332,5,49,1055256
Modify_Home_Worlds_,1,443567,4,49,1055491
Randomize_Home_Worlds_,1,444143,4,49,1056067
Remove_Specials_,1,444221,4,49,1056145
Set_Up_Home_Gen_Msg_,1,444302,5,49,1056226
Star_Has_Planet_,1,444646,4,49,1056570
Random_Planet_,1,444750,4,49,1056674
Upgrade_Planet_Guarded_By_Monster_,1,444910,4,49,1056834
Set_Special_For_Star_Guarded_By_Monster_,1,445308,4,49,1057232
Usable_Orbit_,1,445621,4,49,1057545
qsort_star_dist_list_,1,445859,5,49,1057783
qsort_1_,1,445888,5,49,1057812
Make_System_Monsters_,1,445893,4,49,1057817
Active_Save_Slot_Invalid_,1,446518,5,50,1058442
Add_Game_Popup_Fields_,1,446561,5,50,1058485
Allocate_Data_Space_For_Game_Popup_,1,448658,5,50,1060582
Bad_Game_File_Message_,1,448755,5,50,1060679
Check_For_Saved_Games_,1,448852,4,50,1060776
Darken_Main_Screen_Background_,1,449043,4,50,1060967
Do_Load_Game_Popup_,1,449142,4,50,1061066
Do_Main_Game_Popup_,1,449857,5,50,1061781
Do_Options_Game_Popup_,1,450575,5,50,1062499
Do_Save_Game_Popup_,1,450900,5,50,1062824
Fiz_Game_Popup_,1,451857,5,50,1063781
Fiz_Game_Popup_Autofuction_,1,451859,5,50,1063783
Restore_Game_Popup_,1,451860,5,50,1063784
Restore_Main_Screen_,1,451964,5,50,1063888
Game_Popup_User_Box_,1,451994,5,50,1063918
Get_File_Date_String_,1,452105,4,50,1064029
Get_Game_Popup_Colors_,1,452289,5,50,1064213
Get_Save_Game_Date_Strings_,1,452434,4,50,1064358
Get_Star_Date_Strings_,1,452607,4,50,1064531
Load_Month_Names_,1,452883,5,50,1064807
Load_Game_Popup_Pictures_,1,453212,5,50,1065136
Print_Load_Save_To_Bitmap_,1,453965,5,50,1065889
Print_Main_Game_To_Bitmap_,1,453990,5,50,1065914
Print_Options_To_Bitmap_,1,454065,5,50,1065989
Pull_Down_Game_Popup_,1,454084,5,50,1066008
Push_Up_Game_Popup_,1,454105,5,50,1066029
Animate_Game_Popup_,1,454130,5,50,1066054
Set_Current_Game_Option_Flags_,1,454639,5,50,1066563
Update_Game_Settings_,1,454988,5,50,1066912
_Draw_Load_Save_Game_Popup_,1,455174,5,50,1067098
_Draw_Main_Game_Popup_,1,456449,5,50,1068373
_Draw_Options_Game_Popup_,1,457256,5,50,1069180
_Game_Popup_,1,459055,4,50,1070979
qsort_debug_,1,459728,5,50,1071652
Load_Mainmenu_Load_Game_Popup_,1,459737,5,50,1071661
Mainmenu_Load_Game_Popup_,1,459959,4,50,1071883
Set_Up_Load_Save_Popup_,1,460118,5,50,1072042
Remove_Embedded_Special_Codes_,1,460376,4,50,1072300
Embed_Special_Color_Codes_,1,460450,4,50,1072374
Auto_Save_Last_Saved_Game_,1,460565,4,50,1072489
Auto_Load_Last_Saved_Game_,1,460710,4,50,1072634
Draw_Darkened_Load_Button_,1,460865,5,50,1072789
Draw_Darkened_New_Game_Button_,1,460909,5,50,1072833
Set_Music_For_Game_Popup_,1,460946,5,50,1072870
Set_Sound_For_Game_Popup_,1,461080,5,50,1073004
Add_Fields_For_Language_,1,461230,5,50,1073154
Add_Main_Menu_Fields_,1,461540,5,51,1073464
Change_Font_Color_Values_,1,461935,5,51,1073859
Copy_Credit_String_To_Bitmap_,1,461962,5,51,1073886
Do_Main_Menu_File_Animation_,1,462260,5,51,1074184
Do_Mainmenu_Load_Screen_,1,463047,5,51,1074971
Draw_Credits_,1,463175,5,51,1075099
Main_Menu_Fade_Function_,1,463745,5,51,1075669
Main_Menu_Fade_Function2_,1,463765,5,51,1075689
Draw_Main_Menu_File_Animation_,1,463775,5,51,1075699
Draw_Main_Menu_Screen_,1,463780,5,51,1075704
Get_File_Animation_Block_Space_,1,464171,4,51,1076095
Get_File_Animation_Total_Frames_,1,464199,4,51,1076123
Load_Credits_,1,464235,5,51,1076159
Main_Menu_Screen_,1,464626,4,51,1076550
Reload_Main_Menu_Screen_,1,465598,5,51,1077522
Init_Credits_,1,465788,5,51,1077712
Buffer_Reload_Star_Bg_,1,466100,4,52,1078024
Get_Star_Picture_Seg_,1,466131,4,52,1078055
Add_Cheats_,1,466197,5,52,1078121
Add_Map_Fields_,1,466291,4,52,1078215
Add_Reply_To_Diplomacy_Request_Fields_,1,467366,5,52,1079290
Add_Star_Fields_,1,467631,4,52,1079555
Allocate_First_Screen_Seg_,1,467784,4,52,1079708
Center_Map_,1,467851,4,52,1079775
Change_Home_Star_Name_,1,468124,5,52,1080048
Check_For_Diplomacy_Request_,1,468236,5,52,1080160
Check_Function_Keys_,1,468392,5,52,1080316
Check_Hot_Keys_,1,469001,5,52,1080925
Check_Mouse_XY_Fields_,1,469697,5,52,1081621
Check_Ships_XY_,1,469992,5,52,1081916
Check_Stars_XY_,1,470199,5,52,1082123
Clear_Mox_Mouse_Field_,1,470402,5,52,1082326
Clear_Twinkling_Star_Data_,1,470427,4,52,1082351
Convert_Coords_,1,470472,4,52,1082396
Cycle_Ship_Icons_,1,470527,4,52,1082451
Cycle_Star_Icons_,1,471084,4,52,1083008
Do_Colony_Screen_,1,471310,5,52,1083234
Do_Fleet_Popup_,1,471473,5,52,1083397
Do_Next_Turn_,1,472081,4,52,1084005
Do_Reply_To_Diplomacy_Request_,1,472398,5,52,1084322
Do_System_Popup_,1,472681,4,52,1084605
Draw_A_Gate_Icon_,1,472897,5,52,1084821
Draw_A_Star_,1,473858,5,52,1085782
Draw_Black_Holes_,1,474105,4,52,1086029
Draw_Diplomacy_Request_Lights_,1,474374,5,52,1086298
Draw_ETA_Destination_Line_,1,474602,5,52,1086526
Draw_Exploding_Plasma_Box_,1,474877,4,52,1086801
Draw_Game_Turn_Buttons_,1,475991,4,52,1087915
Draw_Fleet_Box_Selected_Ship_Seg_,1,476083,5,52,1088007
Draw_Main_Main_Screen_,1,476174,4,52,1088098
Draw_Main_Screen_,1,476501,4,52,1088425
Draw_Main_Screen_Before_Stencil_,1,477644,4,52,1089568
Draw_Main_Screen_Filled_,1,477845,4,52,1089769
Draw_Main_Screen_For_Zooming_,1,478158,5,52,1090082
Draw_Main_Screen_While_Moving_Boxes_,1,478642,5,52,1090566
Draw_Mini_Main_Screen_,1,478877,4,52,1090801
Draw_Nebulae_,1,479119,4,52,1091043
Draw_Paralax_,1,479247,5,52,1091171
Draw_Player_Done_Lights_,1,479756,5,52,1091680
Draw_Relocation_Links_,1,480032,5,52,1091956
Draw_Reply_To_Diplomacy_Request_Popup_,1,480211,5,52,1092135
Draw_Scanned_Ship_Seg_,1,480448,5,52,1092372
Draw_Stars_,1,480592,4,52,1092516
Draw_Wormhole_Links_,1,480659,4,52,1092583
Filled_Box_,1,480854,4,52,1092778
Set_Popup_Draw_XY_,1,481015,5,52,1092939
Popup_XY_,1,481102,5,52,1093026
Get_Mouse_Field_,1,481272,5,52,1093196
Get_New_Paralax_XYs_,1,481546,5,52,1093470
Get_PointXY_Draw_Coords_,1,481983,4,52,1093907
Get_Ship_Stack_For_Officers_Screen_,1,482028,4,52,1093952
Get_Star_Anim_Dimension_,1,482161,4,52,1094085
Get_Star_Draw_Coords_,1,482195,4,52,1094119
Get_Star_Id_For_Officers_Screen_,1,482269,4,52,1094193
Get_Twinkling_Star_,1,483119,5,52,1095043
Give_Me_All_Tech_Advances_,1,483314,5,52,1095238
Highlight_Star_,1,483446,4,52,1095370
Is_Main_Screen_Palette_,1,483523,4,52,1095447
Load_Reply_To_Diplomacy_Request_Popup_,1,483601,5,52,1095525
Main_Screen_,1,483720,4,52,1095644
Main_Screen_Text_Box_,1,489028,4,52,1100952
Mini_Main_Screen_Text_Box_,1,489112,4,52,1101036
Next_Star_,1,489179,5,52,1101103
Previous_Star_,1,489248,5,52,1101172
Print_A_Star_Name_,1,489320,5,52,1101244
Print_Galaxy_Map_Scanned_Star_,1,489916,5,52,1101840
Print_Highlighted_Star_Name_,1,490233,5,52,1102157
Print_Main_Screen_Data_,1,490414,4,52,1102338
Set_Post_Fitted_Font_Style_,1,494346,5,52,1106270
Print_Star_Name_To_Bitmap_,1,494427,5,52,1106351
Print_Star_Names_,1,494775,5,52,1106699
Redraw_Main_Screen_,1,494905,4,52,1106829
Redraw_Main_Screen_Without_Boxes_,1,495169,4,52,1107093
Restore_Hotseat_Map_Info_,1,495194,4,52,1107118
Save_Hotseat_Map_Info_,1,495453,4,52,1107377
Scan_Fleet_Movement_Box_Fields_,1,495581,5,52,1107505
Scan_Galaxy_Map_Fields_,1,495855,4,52,1107779
Scan_Moveable_Box_Fields_,1,496003,5,52,1107927
Scan_Ships_XY_,1,497319,5,52,1109243
Scan_Stars_XY_,1,497612,5,52,1109536
Scan_System_Display_Fields_,1,498091,4,52,1110015
Scroll_Map_,1,499193,5,52,1111117
Clear_Main_Screen_Fields_,1,499594,4,52,1111518
Set_Main_Screen_Fields_To_Null_,1,499594,5,52,1111518
Set_Painted_Fleet_Fields_,1,499895,5,52,1111819
Set_Reload_Fleet_Box_Palette_Flag_,1,500057,4,52,1111981
Ship_Can_Be_Selected_,1,500074,4,52,1111998
Star_On_Screen_,1,500104,4,52,1112028
Exit_Zooming_Mode_,1,500164,5,52,1112088
Toggle_Game_Option_,1,500246,5,52,1112170
Get_Star_Name_Info_,1,500711,4,52,1112635
Update_Ship_Icons_In_Between_Turns_,1,500932,4,52,1112856
Update_Star_Owners_,1,500995,4,52,1112919
Zoom_Box_Height_,1,501048,4,52,1112972
Zoom_Box_Width_,1,501064,4,52,1112988
Set_Player_Cheated_Flag_,1,501074,4,52,1112998
Warn_About_Cheating_Players_,1,501105,5,52,1113029
Fade_Into_Main_Screen_,1,501442,4,52,1113366
Get_Research_Unit_String_,1,501756,5,52,1113680
Begin_Of_Turn_,1,501835,5,53,1113759
Building_Outposts_In_Main_Screen_,1,502138,4,53,1114062
Check_Fleet_Movement_Box_Status_,1,502595,5,53,1114519
Distance_Between_Stars_Screen_,1,502637,4,53,1114561
Do_Begin_Of_Turn_,1,503170,5,53,1115094
Draw_Main_Screen_For_Star_Distances_,1,503630,5,53,1115554
Main_Screen_Report_Handler_,1,504187,5,53,1116111
Planet_Colonization_In_Main_Screen_,1,504542,4,53,1116466
Redraw_Main_Screen_After_Popups_,1,505036,5,53,1116960
Restore_Fleet_Box_Palette_,1,505061,5,53,1116985
Scrap_Freighters_,1,505113,4,53,1117037
Unloading_Transports_In_Main_Screen_,1,505765,4,53,1117689
Reports_Screen_,1,506198,4,53,1118122
Show_Command_Points_Screen_,1,506553,4,53,1118477
Assert_Class_To_Group_,1,506704,4,54,1118628
Assign_Marooned_Heroes_,1,506705,4,54,1118629
Write_Map_Gen_Data_,1,506882,4,54,1118806
Clear_Planets_In_Star_Structure_,1,506883,4,54,1118807
Enforce_Planet_Max_,1,506937,4,54,1118861
Gas_Giants_,1,507469,4,54,1119393
Generate_Climate_,1,507563,4,54,1119487
Generate_Food_Per_Farmer_,1,507811,4,54,1119735
Generate_Gravity_Class_,1,507872,4,54,1119796
Generate_Max_Farms_,1,507934,4,54,1119858
Generate_Mineral_Class_,1,507995,4,54,1119919
Generate_Nebulas_,1,508057,4,54,1119981
Generate_Number_Of_Nebulas_,1,509139,4,54,1121063
Generate_Number_Of_Satellites_,1,509223,4,54,1121147
Generate_Orbit_,1,509287,4,54,1121211
Generate_Satellite_,1,509399,4,54,1121323
Set_Secondary_Planet_Data_,1,509632,4,54,1121556
Generate_Satellite_Type_,1,509694,4,54,1121618
Generate_Size_,1,509905,5,54,1121829
Generate_Spectral_Class_,1,509959,4,54,1121883
Get_A_Planet_Or_Star_Special_,1,510016,4,54,1121940
Generate_Star_Special_,1,510867,4,54,1122791
Generate_Wormhole_Links_,1,510997,4,54,1122921
Get_Climate_Modifier_,1,511234,4,54,1123158
Get_Minerals_Extracted_,1,511296,4,54,1123220
Get_Planet_Group_,1,511317,4,54,1123241
Get_Random_Orbit_,1,511401,4,54,1123325
Get_Valid_Orbit_,1,511506,4,54,1123430
Home_Planet_,1,511660,4,54,1123584
Init_Main_Screen_,1,511753,4,54,1123677
Nebula_Data_Test_,1,511833,4,54,1123757
Set_Star_XYs_,1,511999,5,54,1123923
Star_XY_Invalid_,1,513085,5,54,1125009
Randomize_Star_Names_,1,513538,4,54,1125462
Set_Black_Hole_Visited_Flags_,1,513629,4,54,1125553
Set_Default_Nebula_Data_,1,513671,4,54,1125595
Set_Wormhole_Id_,1,513750,4,54,1125674
Black_Hole_Fix_,1,514209,5,54,1126133
Load_Nebula_Pictures_,1,514567,4,54,1126491
Universe_Generation_,1,514792,4,54,1126716
Write_Other_Mapgen_Stuff_,1,516735,4,54,1128659
Planet_Generation_,1,516736,5,54,1128660
N_Empty_Stars_,1,516868,4,54,1128792
Build_Min_Point_Distances_,1,516929,5,54,1128853
Get_Star_Name_,1,517265,5,54,1129189
Font_Colors_,1,517344,4,55,1129268
Font_Colors2_,1,517573,4,55,1129497
Get_Comma_String_,1,517854,4,55,1129778
Min_Font_Colors_,1,518178,4,55,1130102
Bit_Value_To_Num_,1,518477,4,55,1130401
Box_Clipping_Window_,1,518541,4,55,1130465
CHECK_PARAM_DRAW_,1,518635,4,55,1130559
CHECK_PARAM_PRINT_,1,518768,4,55,1130692
CHECK_PARAM_PRINT_INTEGER_,1,518920,4,55,1130844
Change_Font_Style_,1,519099,4,55,1131023
Decrease_Font_Color_Range_,1,519166,4,55,1131090
Diagonal_Line_Fill_,1,519280,4,55,1131204
Draw_Advancing_Fill_Message_,1,520161,4,55,1132085
Draw_Darkened_Box_,1,520277,4,55,1132201
Draw_Highlight_Box_,1,520381,4,55,1132305
Fade_Into_Screen_,1,520644,4,55,1132568
Fade_To_Black_,1,520814,4,55,1132738
Fade_To_Palette_,1,520857,4,55,1132781
Fill_Bitmap_,1,520924,4,55,1132848
Fill_Bitmap_Unbounded_,1,521000,4,55,1132924
Get_Advancing_Bitmap_String_Range_,1,521113,5,55,1133037
Get_Bitmap_Dimensions_,1,521402,4,55,1133326
Get_Bitmap_String_Range_,1,521418,4,55,1133342
Get_File_Name_,1,521544,4,55,1133468
Get_Font_Colors_,1,521765,4,55,1133689
Get_Font_Spacing_,1,521797,4,55,1133721
Get_Font_Style_,1,521804,4,55,1133728
Get_Furthest_Endpoint_,1,521811,4,55,1133735
Get_LBX_Message_,1,521951,4,55,1133875
Get_Mox_Font_Colors_,1,521976,4,55,1133900
Get_Mox_Min_Font_Colors_,1,522006,4,55,1133930
Get_Time_Stamp_,1,522029,4,55,1133953
Get_Time_Stamp_Int_,1,522093,4,55,1134017
HCLS_,1,522199,4,55,1134123
Increase_Font_Color_Range_,1,522207,4,55,1134131
Increment_Mouse_Clock_Image_,1,522325,4,55,1134249
Is_First_Letter_A_Vowel_,1,522385,4,55,1134309
Is_Vowel_,1,522460,4,55,1134384
Move_Range_,1,522576,4,55,1134500
Next_File_Name_,1,522650,4,55,1134574
Next_Multiple_,1,522959,4,55,1134883
Occluded_,1,522998,4,55,1134922
Ratio_Value_,1,523109,4,55,1135033
Read_Data_File_,1,523129,4,55,1135053
Remove_Chars_,1,523247,4,55,1135171
Replace_Bitmap_Colors_,1,523394,4,55,1135318
Replace_Char_,1,523553,4,55,1135477
Restore_Window_Status_,1,523606,4,55,1135530
Save_Window_Status_,1,523633,4,55,1135557
Scale_,1,523652,4,55,1135576
Set_Fitted_Font_Style_,1,523681,4,55,1135605
Set_Font_Colors_,1,523786,4,55,1135710
Set_Font_Default_Spacing_,1,523822,4,55,1135746
Stat_Pct_,1,523844,4,55,1135768
Substring_,1,523877,4,55,1135801
Swap_Bitmap_Colors_,1,523912,4,55,1135836
Tint_Bitmap_Colors_,1,524040,4,55,1135964
Tint_Bitmap_Colors_In_Range_,1,524158,4,55,1136082
Valid_Star_Index_,1,524280,4,55,1136204
_Darken_Fill_,1,524294,4,55,1136218
_Print_Centered_,1,524385,4,55,1136309
_Print_Centered_Shadow_Down_,1,524425,4,55,1136349
_Print_Right_Shadow_Down_,1,524466,4,55,1136390
_Print_Shadow_Down_,1,524494,4,55,1136418
_Tri_Interlaced_Fill_,1,524676,4,55,1136600
Add_Galaxy_Map_Fields_2_,1,524859,4,56,1136783
Add_Galaxy_Map_Fields_,1,525169,4,56,1137093
Add_Moveable_Box_Fields_,1,525360,4,56,1137284
Add_Resource_Box_Fields_,1,525565,4,56,1137489
Add_Whole_Window_Field_,1,525752,4,56,1137676
Box_Field_Selected_,1,525829,4,56,1137753
Box_Fleet_Screen_Scanned_Ship_,1,525912,5,56,1137836
Box_Fleet_Screen_Scanned_Star_,1,525967,4,56,1137891
Box_Officer_Screen_Chosen_Star_,1,526090,5,56,1138014
Box_Officer_Screen_Scanned_Star_,1,526286,5,56,1138210
Box_Order_,1,526387,4,56,1138311
Clear_Moveable_Box_Fields_,1,526443,4,56,1138367
Display_Moveable_Box_Info_,1,526661,4,56,1138585
Do_Fleet_Screen_Stuff_,1,526767,5,56,1138691
Do_Officer_Screen_Stuff_,1,526842,5,56,1138766
Draw_Galaxy_Map_Box_,1,527439,4,56,1139363
Draw_Moveable_Box_,1,528537,4,56,1140461
Get_Galaxy_Map_Space_XY_,1,528721,4,56,1140645
Get_Galaxy_Map_Star_XY_,1,528853,4,56,1140777
Move_Box_To_Top_,1,529036,4,56,1140960
Move_Moveable_Box_,1,529225,4,56,1141149
Moveable_Box_Dimensions_,1,530294,4,56,1142218
Moveable_Box_Occluded_,1,530397,4,56,1142321
Moveable_Box_Selected_,1,530645,4,56,1142569
N_Moveable_Boxes_Selected_,1,530676,4,56,1142600
Restore_Boxes_,1,530717,4,56,1142641
Box_Was_Open_,1,530841,4,56,1142765
Remove_Box_Check_,1,530851,4,56,1142775
Save_And_Remove_Boxes_,1,530852,4,56,1142776
Vanish_Fleet_Movement_Box_,1,531008,4,56,1142932
Vanish_System_Display_Box_,1,531132,4,56,1143056
Mouse_Within_Fleet_Box_,1,531211,4,56,1143135
Draw_Input_Box_Popup_,1,531337,5,57,1143261
Remapped_Input_Box_Popup_,1,531380,4,57,1143304
Setup_Input_Box_Popup_,1,531412,5,57,1143336
Input_Box_Popup_,1,532244,4,57,1144168
Can_Change_Star_Name_,1,533034,4,57,1144958
Change_Star_Name_Popup_,1,533121,4,57,1145045
Change_Home_Star_Name_Popup_,1,533154,4,57,1145078
Do_Change_Star_Name_,1,533186,5,57,1145110
Star_Name_Popup_Screen_Center_X_,1,533438,4,57,1145362
Star_Name_Popup_Screen_Center_Y_,1,533444,4,57,1145368
Star_Name_Popup_Map_Center_X_,1,533450,4,57,1145374
Star_Name_Popup_Map_Center_Y_,1,533456,4,57,1145380
Star_Name_Popup_Main_X_,1,533462,4,57,1145386
Star_Name_Popup_Main_Y_,1,533533,4,57,1145457
Max_Pixel_Width_Star_Name_Can_Be_,1,533591,4,57,1145515
Load_Officer_Picture_,1,533934,4,58,1145858
Load_Darkened_Officer_Picture_,1,534041,5,58,1145965
Add_Officer_Screen_Fields_,1,534094,5,58,1146018
Add_Skill_Description_Help_Fields_,1,535186,5,58,1147110
Already_Hired_Message_,1,535589,5,58,1147513
Assert_Marooned_Leaders_,1,535687,4,58,1147611
Not_Enough_BCs_Message_,1,535800,5,58,1147724
Ask_For_Hire_,1,535922,5,58,1147846
Build_Captain_Id_List_,1,536178,4,58,1148102
Captain_And_Ship_Icon_Selected_,1,536401,4,58,1148325
Check_For_Colony_Calculation_Update_,1,536458,5,58,1148382
Check_For_Officer_Level_,1,536538,4,58,1148462
Check_Officer_Fields_,1,536606,5,58,1148530
Deassign_Officer_,1,537586,4,58,1149510
Decrement_Officer_ETA_,1,537807,4,58,1149731
Deselect_Offpop_Icons_,1,537896,4,58,1149820
Draw_Officer_Screen_,1,537936,4,58,1149860
Draw_Officer_Screen_To_Back_,1,539166,5,58,1151090
Draw_Offscrn_Colony_Window_,1,539493,5,58,1151417
Draw_Offscrn_Fleet_Ship_Window_,1,539519,5,58,1151443
Draw_Skill_Icon_,1,539539,5,58,1151463
Fade_Into_Leaders_Screen_,1,539568,5,58,1151492
Fleet_Screen_Icon_Ship_Id_,1,539753,4,58,1151677
Get_Advanced_Government_Tech_,1,539827,4,58,1151751
Get_Advanced_Government_Type_,1,539914,4,58,1151838
Get_Officer_Base_Level_,1,539979,5,58,1151903
Get_Officer_Costs_,1,540046,4,58,1151970
Get_Officer_Pictures_,1,540151,5,58,1152075
Get_Random_Skills_,1,540338,4,58,1152262
Get_Research_Cost_Skill_Value_,1,540683,5,58,1152607
Get_Skill_Data_Max_Pixel_Width_,1,540715,5,58,1152639
Hire_Officer_,1,540971,5,58,1152895
Is_Fleet_Officer_Screen_,1,541115,4,58,1153039
Kill_Officer_,1,541126,4,58,1153050
Leader_Can_Be_Assigned_,1,541268,5,58,1153192
Leaders_In_Hiring_Pool_,1,541307,5,58,1153231
Load_Officer_Skill_Name_Descriptions_,1,541437,5,58,1153361
Move_From_Limbo_To_Pool_,1,541558,4,58,1153482
Move_Officer_To_Limbo_,1,541600,5,58,1153524
Move_Officer_To_Pool_,1,541859,4,58,1153783
Change_Screen_Type_,1,542012,5,58,1153936
Officer_Exp_,1,542316,4,58,1154240
Officer_Has_General_Skill_,1,542333,4,58,1154257
Officer_Has_Special_Skill_,1,542366,4,58,1154290
Officer_Skill_Value_,1,542391,4,58,1154315
One_Leader_With_Galactic_Lore_,1,542839,4,58,1154763
Bonus_For_Famous_Heroes_,1,542863,5,58,1154787
Officer_Level_,1,543017,4,58,1154941
Owned_Officer_Level_,1,543057,4,58,1154981
Officer_Made_Level_Report_,1,543143,4,58,1155067
Officer_Maintenance_,1,543389,4,58,1155313
Officer_Screen_Text_Box_,1,543510,5,58,1155434
Officer_Screen_User_Box_,1,543546,5,58,1155470
Officer_Skill_Bonus_,1,543666,4,58,1155590
Officers_Screen_,1,543773,4,58,1155697
Print_ETA_On_Officer_Picture_,1,546530,4,58,1158454
Print_Galmap_Scanned_Ship_,1,546787,4,58,1158711
Print_Officer_Data_,1,547754,4,58,1159678
Print_Officer_Skill_Help_,1,549741,4,58,1161665
Print_Scanned_Ship_Name_,1,550075,5,58,1161999
Random_Skill_,1,550350,4,58,1162274
Random_Skill2_,1,550711,4,58,1162635
Reload_Officer_Screen_Pictures_,1,551121,5,58,1163045
Reload_Officer_Skill_Icons_,1,552165,4,58,1164089
Reload_Offscrn_Galaxy_Stars_,1,552219,5,58,1164143
Reload_Offscrn_Small_Ship_Icons_,1,552274,5,58,1164198
Restore_Officer_Structure_,1,552459,4,58,1164383
Save_Officer_Structure_,1,552487,4,58,1164411
Save_Officers_Original_Colony_Id_,1,552509,5,58,1164433
Save_Officers_Original_Ship_Id_,1,552553,5,58,1164477
Scan_Officer_Fields_,1,552597,5,58,1164521
Scan_Offscrn_Big_Icon_Fields_,1,553025,4,58,1164949
Initialize_Scroll_Bar_,1,553302,5,58,1165226
Set_Officer_To_Player_,1,553359,4,58,1165283
Ships_In_Same_Place_,1,553607,4,58,1165531
Skill_Bonus_,1,553668,4,58,1165592
Wrapper_For_Colony_Officer_Popup_Data_,1,553710,4,58,1165634
Wrapper_For_Officer_Popup_Help_Fields_,1,553790,4,58,1165714
Wrapper_For_Offscrn_Data_,1,553932,5,58,1165856
Wrapper_For_Offscrn_Help_Fields_,1,553984,5,58,1165908
Wrapper_For_Offscrn_System_Fields_,1,554104,5,58,1166028
Wrapper_For_Offscrn_System_Popup_,1,554150,5,58,1166074
Wrapper_To_Add_Officer_Popup_Help_Fields_,1,554281,4,58,1166205
Officer_Name_,1,554341,4,58,1166265
Leader_Name_,1,554376,4,58,1166300
Officer_Status_Ok_,1,554815,4,58,1166739
N_Fleet_Officers_Owned_By_Player_,1,554860,4,58,1166784
N_Star_Officers_Owned_By_Player_,1,554927,4,58,1166851
Hero_Slot_Open_,1,555001,4,58,1166925
Chance_To_Hire_Hero_,1,555037,4,58,1166961
Increase_Officer_Level_By_One_,1,555424,4,58,1167348
Calculate_Officer_Cost_,1,555561,4,58,1167485
Officer_Cost_,1,555565,4,58,1167489
Random_Officer_Check_,1,555622,4,58,1167546
Generate_Random_Officer_,1,555732,4,58,1167656
Select_Leader_For_Hire_,1,555821,5,58,1167745
Leader_Available_For_Hire_,1,556077,4,58,1168001
Give_Officer_XP_,1,556132,4,58,1168056
Find_Selected_Leader_,1,556377,5,58,1168301
Marooned_Hero_At_Star_Can_Join_,1,556941,4,58,1168865
Do_Hire_Officer_,1,557154,5,58,1169078
Give_Player_Loknar_Special_,1,557275,4,58,1169199
Make_Loknar_Message_,1,557521,5,58,1169445
Rescued_Loknar_Popup_,1,557698,4,58,1169622
Get_Random_Antaran_Tech_,1,557750,5,58,1169674
Get_Available_Antaran_Tech_,1,557923,5,58,1169847
Assign_Loknar_Ship_To_Player_,1,558008,5,58,1169932
Allocate_Adv_Civ_Game_Officers_,1,558217,4,58,1170141
Get_N_Skills_Per_Officer_Displayed_,1,558643,5,58,1170567
Set_Officer_Screen_Help_,1,558892,5,58,1170816
Dismiss_Officer_,1,558961,5,58,1170885
Assign_Captain_,1,559099,5,58,1171023
Ai_Assign_Leader_To_Ship_,1,560163,4,58,1172087
Ai_Assign_Leader_To_Star_,1,560263,4,58,1172187
Assign_Leader_To_Star_,1,560363,5,58,1172287
Assign_Leader_To_Ship_,1,560557,5,58,1172481
Get_Ship_Leader_ETA_,1,560715,5,58,1172639
Get_Star_Leader_ETA_,1,560962,5,58,1172886
Leader_Cheat_Popup_,1,561134,4,58,1173058
Give_Leader_Specials_To_Player_,1,561699,5,58,1173623
Best_Diplomat_Skill_Bonus_,1,562011,4,58,1173935
Get_Skill_Description_LBX_Name_,1,562179,5,58,1174103
Officer_Is_Female_,1,562243,5,58,1174167
Get_Italian_The_,1,562285,5,58,1174209
_max_planet_flags,1,562433,5,59,1174357
Set_Auto_Colonize_Flag_,1,562466,5,59,1174390
Colony_Ship_Auto_Colonization_,1,562477,4,59,1174401
Add_Colony_Ship_Icon_Field_,1,562495,5,59,1174419
Add_Outpost_Ship_Icon_Field_,1,562571,5,59,1174495
Add_Plntsum_Fields_,1,562641,5,59,1174565
Absolute_Distance_,1,563547,4,59,1175471
Add_Planet_Summary_Bar_Field_,1,563585,5,59,1175509
Add_PlntSum_Galaxy_Map_Fields_,1,563647,5,59,1175571
Allocate_Space_For_Summary_Screen_,1,563823,5,59,1175747
Build_Ship_Summary_,1,563962,5,59,1175886
Check_For_Colony_And_Outpost_Ships_,1,564743,5,59,1176667
Clear_Planet_Explored_Flags_,1,565026,5,59,1176950
Player_Colors_,1,565048,5,59,1176972
Colony_Owner_Colors_,1,565323,5,59,1177247
Determine_Button_Status_,1,565371,5,59,1177295
Draw_Rotating_Planets_,1,565541,5,59,1177465
Fill_Summary_Screen_Scroll_Bar_,1,565744,4,59,1177668
Filter_Explored_Planets_,1,565946,5,59,1177870
Get_Colony_Outpost_Marker_XY_,1,566513,5,59,1178437
Get_ETA_To_Star_,1,566760,5,59,1178684
Load_Planet_Segment_,1,566891,5,59,1178815
Load_Planet_Pictures_,1,566944,5,59,1178868
Load_Planet_Summary_Ship_Icon_,1,566985,5,59,1178909
Load_Planet_Summary_Pictures_,1,567049,5,59,1178973
Planet_Has_Adverse_Gravity_,1,567690,5,59,1179614
Planet_Has_Been_Visited_,1,567724,5,59,1179648
Planet_Has_Hostile_Environment_,1,567778,5,59,1179702
Planet_Has_Players_Colony_,1,567800,5,59,1179724
First_Planet_In_Summary_List_,1,567854,5,59,1179778
Planet_Summary_List_Id_,1,567939,5,59,1179863
Planet_In_Range_Of_A_Colony_,1,568001,5,59,1179925
Planet_Is_Enemy_Controlled_,1,568045,5,59,1179969
Planet_Is_Mineral_Scarce_,1,568300,5,59,1180224
Planet_Is_Outpost_Planet_,1,568333,5,59,1180257
Planet_Summary_Id_,1,568375,5,59,1180299
Print_Colony_Outpost_Marker_,1,568441,5,59,1180365
Productivity_Penalty_,1,569095,5,59,1181019
Reset_Ship_To_Star_Distances_,1,569202,5,59,1181126
Scan_Summary_Box_Fields_,1,569421,5,59,1181345
Send_Colony_Button_Selectable_,1,569985,5,59,1181909
Nearest_Ship_Id_,1,569991,5,59,1181915
Send_Nearest_Ship_,1,570055,5,59,1181979
Send_Outpost_Button_Selectable_,1,571371,5,59,1183295
Set_Colony_Ship_To_Star_Distances_,1,571377,5,59,1183301
Set_Outpost_Ship_To_Star_Distances_,1,571800,5,59,1183724
Set_Planet_Explored_Flags_,1,572224,5,59,1184148
Ship_Is_Not_Colonizing_,1,572309,5,59,1184233
Sort_Planet_Summary_,1,572397,5,59,1184321
Draw_Nearest_Ship_Directional_Line_,1,572486,5,59,1184410
Summary_Found_Colony_Ship_,1,573141,5,59,1185065
Summary_Found_Outpost_Ship_,1,573176,5,59,1185100
Summary_Planet_Index_,1,573212,5,59,1185136
Summary_Screen_Print_Data_,1,573296,5,59,1185220
Summary_Screen_Print_Scanned_,1,574976,5,59,1186900
Summary_Ship_Index_,1,575986,4,59,1187910
Draw_Colony_Ship_Icon_,1,576052,5,59,1187976
Draw_Outpost_Ship_Icon_,1,576111,5,59,1188035
Wrapper_For_Planet_Summary_Galaxy_Map_,1,576160,5,59,1188084
qsort_by_climate_,1,576767,5,59,1188691
qsort_by_max_population_,1,576780,5,59,1188704
qsort_by_minerals_,1,576791,5,59,1188715
Undo_Send_Order_,1,576804,5,59,1188728
Update_Ship_Etas_,1,577448,5,59,1189372
Draw_Mini_Planet_Summary_Screen_,1,577734,4,59,1189658
Draw_Planet_Summary_Screen_,1,577734,5,59,1189658
Planet_Summary_Screen_,1,578130,4,59,1190054
Add_Hi_Score_Screen_Fields_,1,579562,5,60,1191486
Build_Captured_Colonists_Array_,1,579606,5,60,1191530
Build_Pop_Array_,1,579916,5,60,1191840
Calculate_Hi_Scores_,1,579959,5,60,1191883
Captured_Antares_,1,580385,5,60,1192309
Captured_Orion_,1,580409,5,60,1192333
Do_Calculate_Hi_Score_,1,580433,4,60,1192357
Draw_Antares_Score_,1,580502,5,60,1192426
Draw_Cap_Pop_,1,580539,5,60,1192463
Draw_Captured_Colonies_Score_,1,580571,5,60,1192495
Draw_Council_Score_,1,580671,5,60,1192595
Draw_Total_Score_,1,580726,5,60,1192650
Draw_Eliminated_Race_Pictures_,1,581367,5,60,1193291
Draw_Elimination_Score_,1,582012,5,60,1193936
Draw_Generic_Score_,1,582151,5,60,1194075
Draw_Hi_Score_Screen_,1,582266,5,60,1194190
Draw_Orion_Score_,1,582573,5,60,1194497
Draw_Pop_,1,582609,5,60,1194533
Draw_Population_Score_,1,583169,5,60,1195093
Draw_Reg_Pop_,1,583242,5,60,1195166
Draw_Technology_Score_,1,583268,5,60,1195192
Draw_Time_Score_,1,583307,5,60,1195231
Get_Antares_Score_,1,583441,5,60,1195365
Get_Captured_Colonist_Score_,1,583477,5,60,1195401
Get_Hall_Of_Fame_Colors_,1,583533,5,60,1195457
Get_Hi_Score_Colors_,1,583616,5,60,1195540
Get_Elimination_Score_,1,583756,5,60,1195680
Get_Orion_Score_,1,583843,5,60,1195767
Get_Population_Score_,1,583879,5,60,1195803
Get_Technology_,1,583947,5,60,1195871
Get_Technology_Score_,1,584051,5,60,1195975
Get_Time_Score_,1,584083,5,60,1196007
Get_Total_Population_,1,584154,5,60,1196078
Get_Won_Council_Score_,1,584215,5,60,1196139
Hi_Score_Screen_,1,584251,4,60,1196175
Load_Hi_Score_Screen_,1,584514,5,60,1196438
Won_Council_Vote_,1,584754,5,60,1196678
Print_Score_String_,1,584778,5,60,1196702
Player_Score_,1,585096,4,60,1197020
Load_Hall_Of_Fame_Screen_,1,585185,5,60,1197109
Draw_Hall_Of_Fame_Screen_,1,585283,5,60,1197207
Hall_Of_Fame_Screen_,1,586374,4,60,1198298
qsort_hof_scores_descending_,1,586823,5,60,1198747
qsort_hof_scores_ascending_,1,586874,5,60,1198798
Read_HOF_File_,1,586925,5,60,1198849
Write_HOF_File_,1,587013,5,60,1198937
Write_Score_To_File_,1,587071,4,60,1198995
Create_Default_HOF_File_,1,587072,5,60,1198996
End_Of_Game_Hi_Score_,1,587538,4,60,1199462
Init_Hall_Of_Fame_Screen_,1,588161,5,60,1200085
HOF_Version_Number_,1,588758,5,60,1200682
Sort_HOF_Scores_,1,588777,5,60,1200701
Move_Sorted_HOF_Data_,1,588839,5,60,1200763
Set_Hi_Score_Pop_Icon_Ids_,1,589040,5,60,1200964
Get_From_Tmp_Pop_,1,589622,5,60,1201546
ascending_qsort_uchar_,1,589804,5,60,1201728
Handle_Vertical_Scroll_Field_,1,589813,4,61,1201737
Get_Vertical_Scroll_Bar_First_Item_,1,589888,4,61,1201812
Get_Vertical_Scroll_Bar_Height_,1,590065,4,61,1201989
Set_Vertical_Scroll_Bar_Maxima_,1,590117,4,61,1202041
Scroll_Down_One_Item_,1,590173,4,61,1202097
Scroll_Up_One_Item_,1,590278,4,61,1202202
Draw_Generic_Vertical_Scroll_Bar_,1,590374,4,61,1202298
Build_Ship_Icons_,1,590597,4,62,1202521
Draw_Ship_Icons_,1,591631,4,62,1203555
Set_Ship_Icon_XYs_,1,591816,4,62,1203740
Do_Ship_Destination_Lines_,1,591885,4,62,1203809
Add_Ship_Icon_Fields_,1,592344,4,62,1204268
Get_Ship_Icon_Coords_,1,592476,4,62,1204400
Get_XYs_For_Orbiting_Ships_,1,592816,5,62,1204740
Get_Ship_Icon_Coords_In_Space_,1,593109,4,62,1205033
Get_Ship_Icon_Pict_Seg_,1,593272,4,62,1205196
Get_Stack_Orbiting_Star_,1,593706,4,62,1205630
Overlapped_Ship_Icon_Button_,1,593832,4,62,1205756
Build_Ship_Id_List_,1,594263,4,62,1206187
Draw_Directional_Multi_Colored_Line_,1,594368,4,62,1206292
Draw_Ship_Destination_Line_,1,594585,4,62,1206509
Enemy_Ship_Heading_Toward_Our_Colony_,1,594753,4,62,1206677
Print_Eta_On_Ship_Icon_,1,594864,4,62,1206788
Load_Highlighted_Ship_Icon_Picture_,1,595029,4,62,1206953
qsort_ship_icon_,1,595501,5,62,1207425
Kill_Ship_,1,595514,4,62,1207438
Build_Nonplayer_Ship_,1,595647,4,62,1207571
Set_Nonplayer_Ship_XY_,1,595810,4,62,1207734
Set_Nonplayer_Ship_Destination_,1,596515,4,62,1208439
Deploy_Ships_To_Attack_Antares_,1,596730,4,62,1208654
Reset_Ships_Attacking_Antares_,1,596878,4,62,1208802
Get_Ship_Icon_Dimensions_,1,596937,4,62,1208861
Clear_Auto_Colonization_Flag_,1,596980,4,62,1208904
Clear_All_Ships_Auto_Colonization_Flag_,1,597005,4,62,1208929
_flag_replacement_colors,1,597070,5,63,1208994
Add_System_Display_Popup_Fields_,1,597108,4,63,1209032
Build_System_Popup_Ships_,1,598030,5,63,1209954
Clear_System_Display_Loaded_Flag_,1,598221,4,63,1210145
Clear_System_Display_Ship_Fields_,1,598252,4,63,1210176
Do_Print_Planet_Info_,1,598307,5,63,1210231
Do_Print_System_Ship_Data_,1,599779,5,63,1211703
Draw_Colony_Marker_,1,601105,5,63,1213029
Draw_Gate_Icons_,1,601190,5,63,1213114
Draw_Outpost_Marker_,1,601389,5,63,1213313
Draw_Planet_With_Pierced_Ring_,1,601468,5,63,1213392
Draw_Sun_Seg_,1,602149,4,63,1214073
Draw_System_Display_Border_,1,602309,5,63,1214233
Draw_System_Display_Planets_,1,602365,5,63,1214289
Draw_System_Display_Popup_,1,602586,4,63,1214510
Draw_System_Highlight_,1,604693,5,63,1216617
Draw_System_Ship_Icons_,1,605124,5,63,1217048
Get_Gate_Icon_XY_,1,605482,5,63,1217406
Get_Planet_Info_Box_Dimensions_,1,605544,5,63,1217468
Get_Rotating_Planet_Segment_,1,605572,4,63,1217496
Get_System_Display_Ship_Icon_XY_,1,605757,5,63,1217681
Get_System_Ship_Info_Box_Dimensions_,1,605948,5,63,1217872
Hide_System_Display_,1,605985,5,63,1217909
Init_System_Display_,1,606182,4,63,1218106
Load_New_System_Display_,1,606286,5,63,1218210
N_Ships_By_Type_At_Location_,1,607023,4,63,1218947
Need_To_Reload_System_Display_,1,607270,5,63,1219194
Global_Data_Seg_Ok_,1,607386,5,63,1219310
Ok_To_View_System_,1,607484,4,63,1219408
Potential_Colony_Info_Popup_,1,607551,4,63,1219475
Print_Gate_Info_,1,608649,5,63,1220573
Print_Planet_Info_,1,609295,5,63,1221219
Print_System_Display_Box_Title_,1,609345,5,63,1221269
Print_System_Ship_Data_,1,609713,4,63,1221637
Restore_Planet_Palette_Colors_,1,609753,4,63,1221677
Set_System_Display_Loaded_Flag_,1,609819,5,63,1221743
Ships_At_Location_String_,1,609939,4,63,1221863
Space_Monster_Here_,1,610057,4,63,1221981
Wrapper_For_Informational_System_Fields_,1,610079,4,63,1222003
Wrapper_For_Normal_System_Fields_,1,610136,4,63,1222060
Wrapper_For_Normal_System_Popup_,1,610238,4,63,1222162
qsort_sys_disp_,1,610373,5,63,1222297
Calculate_Remap_Gray_Palettes_,1,610384,5,63,1222308
Remap_Draw_With_Mask_,1,610606,5,63,1222530
Remap_Draw_Animated_Sprite_Mask_,1,611292,5,63,1223216
Remap_Clipped_Draw_Animated_Sprite_Mask_,1,611570,5,63,1223494
Print_Empty_System_Data_,1,612155,5,63,1224079
Buffer_Reload_System_Ships_,1,612420,5,63,1224344
Print_Special_Building_Data_,1,612558,5,63,1224482
Draw_Help_Entry_,1,612769,4,64,1224693
Text_Box_,1,614066,4,64,1225990
Timed_Text_Box_,1,614076,4,64,1226000
Do_Text_Box_,1,614079,4,64,1226003
Box_Centered_On_XY_,1,614758,5,64,1226682
Text_Box_Startup_,1,615136,5,64,1227060
Text_Box_Cleanup_,1,615389,5,64,1227313
Text_Box_Get_Input_,1,615501,5,64,1227425
Get_Mox_Text_Box_Base_Colors_,1,615595,4,64,1227519
Get_Help_Lbx_Name_,1,615751,4,64,1227675
Clear_Beam_SFX_Handles_,1,616974,5,65,1228898
Rob_Interpolate_Line_,1,617006,4,65,1228930
N_Frames_For_Last_Weapon_Fired_,1,617365,5,65,1229289
Draw_Generic_Beam_,1,617372,4,65,1229296
Get_Ship_Range_,1,619330,4,65,1231254
Draw_Ship_Burst_,1,619364,4,65,1231288
Draw_Ship_Explosion_,1,619447,4,65,1231371
Load_Beam_Sfx_,1,619563,5,65,1231487
Load_Ship_Burst_,1,619594,5,65,1231518
Load_Ship_Explosion_,1,619717,5,65,1231641
Load_Combat_Beam_Stuff_,1,619800,4,65,1231724
Load_Pallette_Fragments_,1,619906,4,65,1231830
Reset_Beam_Swapping_Colors_,1,619952,4,65,1231876
Add_Weapon_Palette_Fragment_To_Current_Palette_,1,619971,4,65,1231895
Fire_Weapon_,1,620060,5,65,1231984
Beam_SFX_,1,622999,4,65,1234923
Draw_Fighter_Beam_,1,626739,4,65,1238663
Reset_Damage_Message_Queue_,1,627055,5,65,1238979
Add_Damage_Message_To_Queue_,1,627065,4,65,1238989
Squish_Out_Msg_Queue_Slot_,1,627176,4,65,1239100
Draw_Damage_Message_Queue_,1,627235,4,65,1239159
Done_Drawing_Damage_Message_Queue_,1,627354,4,65,1239278
Draw_Damage_Indicator_,1,627366,4,65,1239290
Add_Damage_Indicator_For_Ship_,1,627626,4,65,1239550
Add_Damage_Indicator_For_Missile_,1,627730,4,65,1239654
Add_Damage_Indicator_For_Biological_,1,627770,4,65,1239694
Draw_Damage_Indicator_Right_,1,627808,4,65,1239732
Draw_Damage_Indicator_Right2_,1,627839,4,65,1239763
Draw_Damage_Message_Queue_Until_Done_,1,627873,4,65,1239797
Get_SFX_Draw_Shield_Facing_,1,627964,4,65,1239888
Get_SFX_Draw_Shield_Facing2_,1,628076,5,65,1240000
Adjust_Shield_Display_Status_,1,628248,5,65,1240172
XY_In_Shield_Radius_,1,628423,5,65,1240347
Load_Shield_Hit_,1,628514,5,65,1240438
Draw_All_Shields_,1,628642,4,65,1240566
Shield_Anims_,1,628727,4,65,1240651
Draw_Shield_Hit_Once_Through_,1,628839,4,65,1240763
Draw_Shield_Hit_Next_Frame_,1,629151,4,65,1241075
Ship_Size_To_Shield_Size_,1,629421,4,65,1241345
Planet_Size_To_Shield_Size_,1,629448,4,65,1241372
Draw_Shield_Hit_,1,629485,5,65,1241409
Rot_To_Base_Rot_,1,630686,5,65,1242610
Rot_To_Rot_Method_,1,630731,5,65,1242655
Adjust_Reflection_Field_Display_Status_,1,630780,5,65,1242704
Load_Reflection_Field_Hit_,1,631009,5,65,1242933
Reflection_Field_Anims_,1,631049,4,65,1242973
Draw_Reflection_Field_Hit_Once_Through_,1,631079,4,65,1243003
Draw_Reflection_Field_Hit_Next_Frame_,1,631425,4,65,1243349
Draw_Reflection_Field_Hit_,1,631693,5,65,1243617
XY_In_Reflection_Field_Radius_,1,632155,5,65,1244079
Get_Beam_Frames_,1,632246,4,65,1244170
Draw_Beam_,1,632407,4,65,1244331
Set_Beam_Colors_,1,633911,4,65,1245835
Build_Steve_Stuff_Struct_For_Weapon_,1,635164,4,65,1247088
Weapon_Has_Steve_Stuff_,1,636140,4,65,1248064
Draw_Beam2_,1,636206,4,65,1248130
Draw_Anti_Missile_Rocket_Picture_,1,637008,5,66,1248932
Draw_Anti_Missile_Rockets_,1,637119,5,66,1249043
Anti_Missile_Rockets_,1,637449,4,66,1249373
Draw_Gyro_Special_Effect_,1,638045,5,66,1249969
Teleport_Enemy_Ship_,1,638963,4,66,1250887
Gyro_Destablizer_,1,639286,4,66,1251210
Lightning_Field_,1,640114,4,66,1252038
Draw_Stasis_Ball_,1,640537,4,66,1252461
Draw_Stasis_Beam_,1,641146,4,66,1253070
Draw_Cloak_,1,641866,4,66,1253790
Draw_Continuing_Tractor_,1,642267,4,66,1254191
Draw_Moving_Tractor_,1,642568,4,66,1254492
Plasma_Web_,1,642947,4,66,1254871
Tractor_Beam_,1,644042,4,66,1255966
Draw_Plasma_Web_,1,644480,4,66,1256404
Draw_Transporter_Bomb_Beam_,1,645109,4,66,1257033
Stellar_Converter_,1,645514,4,66,1257438
Start_Ship_Engine_SFX_,1,646399,4,66,1258323
End_Ship_Engine_SFX_,1,646436,4,66,1258360
Draw_Ship_Collapsing_,1,646464,4,66,1258388
Do_Spherical_SFX_,1,646680,4,66,1258604
Play_Ship_Explosion_SFX_,1,650251,4,66,1262175
Destroy_Ship_FX_,1,650363,4,66,1262287
Missile_Launch_FX_,1,652158,4,66,1264082
Allocate_Bldg_Cache_,1,652610,4,67,1264534
Deallocate_Bldg_Cache_,1,652718,4,67,1264642
Bldg_In_Cache_,1,652790,5,67,1264714
Oldest_Slot_In_Bldg_Cache_,1,652878,5,67,1264802
Touch_Slot_,1,652922,5,67,1264846
Touch_Bldg_,1,652946,4,67,1264870
Cache_Load_Bldg_,1,653020,4,67,1264944
Allocate_Help_Buffer_,1,653135,4,68,1265059
Colbldg_Create_Ship_,1,653167,5,68,1265091
Create_Ship_,1,653236,4,68,1265160
Colbldg_Scrap_Ship_,1,653803,5,68,1265727
Delete_Ship_,1,653804,5,68,1265728
Ship_N_Anim_,1,653832,4,68,1265756
Is_In_Queue_,1,653878,4,68,1265802
Print_Setting_Description_,1,653916,5,68,1265840
Get_Setting_Description_String_,1,654009,4,68,1265933
Print_App_Description_,1,654093,5,68,1266017
Clear_Last_App_Description_String_,1,654273,4,68,1266197
Get_App_Description_String_,1,654283,4,68,1266207
Option_String_,1,654445,4,68,1266369
Trace_Tech_Apps_,1,654658,4,68,1266582
N_Prods_In_Queue_,1,654825,5,68,1266749
N_Prods_In_Colony_Queue_,1,654860,4,68,1266784
N_Prods_In_Colony_Ptr_Queue_,1,654920,4,68,1266844
Star_N_Uncolonized_Worlds_,1,654958,5,68,1266882
qsort_building_by_name_,1,655072,5,68,1266996
Calculate_Building_Array_,1,655100,4,68,1267024
Build_Arrays_,1,655257,5,68,1267181
Calculate_Military_Array_,1,655262,5,68,1267186
Calc_Font_Off_,1,656237,5,68,1268161
Get_Font_Off_For_Buildings_,1,656279,5,68,1268203
Get_Font_Off_For_Military_,1,656537,5,68,1268461
Draw_Buildings_List_,1,656637,4,68,1268561
Draw_Militarys_List_,1,656995,4,68,1268919
Add_Buildings_Fields_,1,657610,4,68,1269534
Add_Militarys_Fields_,1,657740,4,68,1269664
Something_Behind_Settting_,1,657870,5,68,1269794
Load_Build_Anims_,1,657956,4,68,1269880
Draw_Building_Centered_In_Window_,1,658076,5,68,1270000
Draw_Building_Info_,1,658147,4,68,1270071
Build_Weapon_String_,1,658350,4,68,1270274
Build_Ship_Design_Info_Formatted_Paragraph_,1,658678,4,68,1270602
Draw_Ship_Design_Info2_,1,660042,5,68,1271966
Draw_Ship_Design_Info_,1,660140,4,68,1272064
Draw_Ship_Info_,1,660384,4,68,1272308
Draw_Active_Prod_,1,660568,4,68,1272492
Get_First_Empty_Queue_Slot_,1,661197,5,68,1273121
Auto_Design_Type_,1,661232,4,68,1273156
Add_To_Queue_,1,661269,5,68,1273193
First_Prod_Colony_Queue_Slot_,1,662621,4,68,1274545
First_Prod_Queue_Slot_,1,662871,4,68,1274795
Delete_From_Colony_Queue_,1,663065,4,68,1274989
Delete_From_Queue_,1,663159,5,68,1275083
Delete_Prod_From_Colony_Queue_,1,663663,4,68,1275587
Clear_Colony_Queue_,1,663713,4,68,1275637
Defragment_Queue_,1,663741,5,68,1275665
Squish_Out_Queue_Slot_,1,663888,5,68,1275812
Add_Refited_Ship_To_Queue_,1,663952,5,68,1275876
Insert_Before_Queue_Slot_,1,664333,5,68,1276257
Remove_Ships_,1,664570,4,68,1276494
Do_Exit_Screen_Cleanup_,1,664833,4,68,1276757
Selection_Name_,1,667642,4,68,1279566
Draw_Build_Queue_,1,667759,5,68,1279683
Add_Build_Queue_Fields_,1,668250,5,68,1280174
Draw_Centered_In_Window_,1,668340,5,68,1280264
Print_Centered_In_Window_,1,668362,5,68,1280286
Draw_Current_Selection_,1,668456,4,68,1280380
Draw_Cost_And_Time_Info_,1,670550,4,68,1282474
Draw_Build_Queue_Popup_,1,670967,4,68,1282891
Build_Queue_Popup_,1,671809,4,68,1283733
Load_Bombing_Anims_,1,672602,5,69,1284526
Squeze_Out_Bomb_,1,672643,5,69,1284567
Add_Bomb_To_End_Of_Queue_,1,672678,5,69,1284602
Queue_Is_Empty_,1,672991,5,69,1284915
Replace_With_New_Bomb_,1,673003,5,69,1284927
Decrement_Bomb_Counters_,1,673059,5,69,1284983
Allocate_Hit_,1,673236,5,69,1285160
Do_Bomb_,1,673286,5,69,1285210
Do_Bombs_,1,673487,5,69,1285411
Add_Building_To_Queue_,1,673587,5,69,1285511
Draw_Colony_Bombing_Screen_,1,673792,5,69,1285716
Blow_Up_All_Bldgs_,1,674027,5,69,1285951
Do_Summary_String_Popup_,1,674123,5,69,1286047
Colony_Bombing_Screen_,1,675074,4,69,1286998
Draw_Cluster_Update_Function_,1,675329,4,70,1287253
Calculate_Squish_Step_,1,675428,4,70,1287352
Do_Colony_Info_Pop_Stuff_For_Pop_,1,675574,4,70,1287498
Draw_Info_Morale_,1,676790,4,70,1288714
Draw_Info_Wee_Morale_,1,676808,4,70,1288732
Draw_Info_Morale_Both_,1,676812,4,70,1288736
Draw_Colony_Prod_,1,677283,4,70,1289207
Draw_Colony_Wee_Prod_,1,677319,4,70,1289243
Draw_Colony_Prod_Both_,1,677327,4,70,1289251
Draw_Colony_PC_Bar_,1,679634,4,70,1291558
Load_Road_List_Anims_,1,679870,4,70,1291794
Build_Road_List_Based_On_Bldg_List_,1,680089,4,70,1292013
Road_Back_To_Front_,1,680487,4,70,1292411
Load_Veggie_Anims_,1,680532,4,70,1292456
Draw_Road_List_,1,680533,4,70,1292457
Link_Buildings_,1,680659,4,70,1292583
Draw_Simplest_Path_,1,680779,4,70,1292703
Find_Simplest_Path_Node_,1,680786,4,70,1292710
Veggie_Anims_,1,681432,5,70,1293356
Pick_Random_Veggie_Anim_For_Colony_CR_,1,681459,4,70,1293383
Pick_Random_Veggie_Anim_Entry_For_Colony_CR_,1,681543,4,70,1293467
Veggie_Type_For_Colony_,1,681680,4,70,1293604
N_Roads_Around_CR_,1,681956,4,70,1293880
Pick_Random_Road_At_CR_,1,682059,4,70,1293983
Pick_Random_Road_Around_CR_,1,682072,4,70,1293996
Pick_Random_Road_At_And_Around_CR_,1,682080,4,70,1294004
Clear_Veggie_Draw_Flags_,1,682290,4,70,1294214
Build_Veggie_List_Based_On_Bldg_List_,1,682359,4,70,1294283
Draw_Veggie_CR_,1,682901,4,70,1294825
Load_Combat_Anims_,1,683345,5,71,1295269
Add_Kill_Anim_To_Queue_,1,684421,4,71,1296345
Add_Hit_Anim_To_Queue_,1,684448,4,71,1296372
Draw_Summary_,1,684473,5,71,1296397
Draw_Colony_Combat_Screen_,1,684681,5,71,1296605
Colony_Combat_Screen_,1,685201,4,71,1297125
N_Slots_Left_,1,685853,5,71,1297777
Top_Line_Y_,1,685901,5,71,1297825
Top_Line_X_,1,685933,5,71,1297857
Set_Up_Troops_,1,685958,4,71,1297882
Calc_Top_Line_,1,685990,5,71,1297914
Spatter_Down_Starting_Troops_,1,686117,5,71,1298041
Find_Unshot_Target_,1,686270,4,71,1298194
Find_Lowest_Framed_Unit_,1,686344,4,71,1298268
Verify_Legal_Totals_,1,686480,4,71,1298404
Force_Firing_Pairs_,1,686610,4,71,1298534
Draw_Troops_,1,686796,4,71,1298720
N_Left_Of_Me_To_Process_,1,686876,5,71,1298800
N_Left_Active_To_Process_,1,686935,5,71,1298859
Resort_Units_,1,686994,5,71,1298918
Get_Firepoint_Offsets_,1,687245,4,71,1299169
Get_Target_Offsets_,1,687432,4,71,1299356
Pick_Target_,1,687650,4,71,1299574
Do_Unit_Turn_,1,687748,4,71,1299672
Action_Anim_,1,688631,5,71,1300555
Pick_Next_Action_,1,688780,5,71,1300704
Move_Is_Legal_,1,689133,5,71,1301057
Do_Legal_Move_Check_,1,689525,5,71,1301449
Do_Delta_Y_,1,689695,5,71,1301619
Reinforce_Units_,1,689844,4,71,1301768
Get_First_Unit_,1,689910,4,71,1301834
N_Troop_Type_,1,689970,5,71,1301894
Get_Next_Troop_Type_,1,690045,5,71,1301969
Add_Unit_,1,690125,5,71,1302049
Add_Initial_Unit_,1,690354,5,71,1302278
Draw_Summary_Box_ATK_,1,691143,5,71,1303067
Draw_Summary_Boxes_,1,691334,5,71,1303258
Draw_Summary_Box_DEF_,1,691339,5,71,1303263
Replace_Colgcbt_Color_With_Player_Colors_,1,691963,5,71,1303887
Draw_Unit_Beam_,1,692063,4,71,1303987
Draw_CGCBT_Beam_,1,692410,5,71,1304334
Get_CGCBT_Beam_Len_,1,692900,4,71,1304824
Play_Unit_Beam_Sound_,1,692984,4,71,1304908
Set_Ground_Combat_Screen_Help_List_,1,693097,4,71,1305021
Load_Landing_Anims_,1,693160,5,72,1305084
Draw_Colony_Landing_Screen_,1,693201,5,72,1305125
Print_Planet_Data_,1,693566,5,72,1305490
Colony_Landing_Screen_,1,694274,4,72,1306198
Clear_Cluster_,1,694924,4,73,1306848
Get_First_Unemployed_,1,694999,4,73,1306923
Get_Num_Unemployed_,1,695055,4,73,1306979
Draw_Cluster_,1,695113,4,73,1307037
Get_Cluster_,1,695357,4,73,1307281
Pops_Identical_,1,695523,4,73,1307447
Colony_Pop_String_,1,695714,4,73,1307638
Send_Cluster_,1,695956,4,73,1307880
Give_Colonist_New_Job_,1,697818,4,73,1309742
N_Colonies_And_Outposts_At_Star_For_Player_,1,698446,4,74,1310370
N_Colonies_And_Outposts_At_Star_,1,698559,4,74,1310483
Draw_Pop_Dark_,1,698635,4,74,1310559
N_Bldgs_,1,698733,4,74,1310657
Defragment_Colony_Queue_,1,698789,5,74,1310713
Squish_Out_Colony_Queue_Slot_,1,698860,5,74,1310784
Fix_Colony_Queue_,1,698939,4,74,1310863
Clean_Up_Colony_Queue_,1,698987,5,74,1310911
Remap_Draw_Ship_Centered_,1,699077,4,74,1311001
Remap_Draw_Ship_Seg_N_Centered_,1,699300,4,74,1311224
Remap_Draw_Ship_D_Centered_,1,699468,4,74,1311392
Make_Satellite_Bitm_,1,699521,4,74,1311445
Print_Sys_Disp_Scanned_String_,1,699808,4,74,1311732
Get_Effective_Pop_Player_,1,699852,4,74,1311776
Pop_Race_String_,1,699930,4,74,1311854
Reset_Field_Arrays_,1,700040,4,74,1311964
Set_Colony_Font_,1,700158,4,74,1312082
Set_Colony_Font_To_Player_,1,700220,4,74,1312144
Set_Colony_Font_To_Blue_,1,700292,4,74,1312216
Set_Colony_Font_To_Reg_Blue_,1,700361,4,74,1312285
Set_Colony_Font_To_Red_,1,700434,4,74,1312358
Set_Colony_Font_To_,1,700494,4,74,1312418
Colonize_Planet_,1,700546,4,74,1312470
Init_Colonies_,1,700611,4,74,1312535
Job_String_,1,700656,4,74,1312580
Conquered_String_,1,700705,4,74,1312629
Conquered_String_Abbreviated_,1,700729,4,74,1312653
Pop_State_String_,1,700743,4,74,1312667
Set_Colony_Globals_,1,700778,4,74,1312702
Col_Calc_Wrapper_,1,700838,4,74,1312762
Clear_Move_Military_,1,700922,5,74,1312846
Pick_Up_Colonists_,1,700959,5,74,1312883
Drop_Military_,1,701003,5,74,1312927
Reset_Field_Mode_,1,701131,4,74,1313055
Load_People_,1,701270,5,74,1313194
Load_Global_Bitms_,1,701271,4,74,1313195
Spy_Anim_,1,701314,4,74,1313238
Turn_To_Rubble_CR_Bldg_,1,701343,4,74,1313267
CR_Building_Name_,1,701403,4,74,1313327
Real_Building_Name_,1,701453,4,74,1313377
Satellite_Name_,1,701453,4,74,1313377
Draw_Building_,1,701464,4,74,1313388
Draw_Bldg_CR_,1,701545,5,74,1313469
Draw_All_Buildings_,1,701586,4,74,1313510
Colony_Pop_Anim_,1,701609,4,74,1313533
Race_Conquered_Anim_,1,701758,4,74,1313682
People_Anim_,1,701773,4,74,1313697
Military_Anims_,1,701883,4,74,1313807
Military_Anim_,1,701915,4,74,1313839
Troop_Anim_,1,702064,4,74,1313988
Player_Troop_Name_,1,702101,4,74,1314025
Player_Troop_Anim_,1,702243,4,74,1314167
Load_Bldg_Bitm_,1,702395,4,74,1314319
Load_Ship_Bitm_,1,702427,4,74,1314351
Load_Button_Anims_,1,702498,5,74,1314422
Load_Officer_Anim_,1,702685,5,74,1314609
Load_PC_Bar_Anim_,1,702743,4,74,1314667
Load_Road_Anim_,1,702744,4,74,1314668
Load_Galaxy_Map_Anims_,1,702749,4,74,1314673
Load_Colony_Screen_Seg_,1,702804,4,74,1314728
Load_Local_Colony_Anims_,1,702973,4,74,1314897
Load_Planet_Screen_,1,702973,5,74,1314897
C_Anims_,1,703118,4,74,1315042
Load_Colony_Info_Anims_,1,703369,5,74,1315293
Load_Colony_Popups_,1,703369,5,74,1315293
Load_Satellite_Anims_,1,703369,4,74,1315293
Govt_Anim_,1,703370,4,74,1315294
Govt_Anims_,1,703370,4,74,1315294
Satellite_Anims_,1,703391,4,74,1315315
Satellite_Bldg_N_TO_Satellite_Animation_Index_,1,703418,4,74,1315342
Load_Colony_Anims_,1,703510,4,74,1315434
Prod_Anims_,1,703558,4,74,1315482
Import_Anims_,1,703599,4,74,1315523
Short_Anims_,1,703627,4,74,1315551
Clear_Satellite_Array_,1,703708,5,74,1315632
Clear_Bldgs_Array_,1,703733,5,74,1315657
Bldg_Array_Empty_,1,703749,4,74,1315673
Get_Bldg_CR_,1,703799,4,74,1315723
Sort_Bldg_Array_Columns_,1,703945,5,74,1315869
N_Houses_In_Bldg_Array_,1,704350,5,74,1316274
Find_Replacement_Slot_For_Building_,1,704430,5,74,1316354
Insert_Bldg_Into_Array_,1,704606,5,74,1316530
Sat_Should_Be_Replaced_,1,705051,5,74,1316975
Remove_Satellite_From_Array_,1,705151,5,74,1317075
Insert_Satellite_Into_Array_,1,705262,5,74,1317186
Make_Bldg_Array_For_Colony_,1,705291,4,74,1317215
CR_To_XY_,1,706008,4,74,1317932
Get_Bldg_Box_,1,706034,4,74,1317958
Box_To_XY_Pair_,1,706213,4,74,1318137
XY_In_Bldg_Poly_,1,706408,5,74,1318332
Box_All_Slots_,1,706531,4,74,1318455
Box_Bldg_Slot_,1,706577,5,74,1318501
Bldg_Coords_To_Centered_Screen_Coord_,1,706662,4,74,1318586
Bldg_Coords_To_Screen_Coord_,1,706707,4,74,1318631
Bldg_Coords_To_Effective_Frame_,1,706726,4,74,1318650
Colony_Type_,1,706783,5,74,1318707
Reset_Step_Squish_,1,706856,4,74,1318780
Colony_Has_Natives_,1,706866,4,74,1318790
Sum_Colonists_,1,706930,4,74,1318854
Pop_To_Pop_State_,1,707279,4,74,1319203
Draw_Colony_Info_Pop_For_,1,707335,5,74,1319259
Add_Job_Field_For_,1,707403,5,74,1319327
Add_Job_Fields_,1,707645,5,74,1319569
Add_Move_Colonist_Job_Field_For_,1,707693,5,74,1319617
Draw_Colony_Info_Pop_,1,707952,5,74,1319876
Draw_Colony_Info_Pop_Scanned_,1,707979,5,74,1319903
Draw_Colony_Info_Production_,1,708190,5,74,1320114
Draw_Colony_Info_Production_For_,1,708222,5,74,1320146
Do_Colony_Info_Military_Stuff_For_,1,708258,5,74,1320182
Draw_Colony_Info_Military_For_,1,709105,5,74,1321029
Draw_Colony_Info_Military_,1,709115,5,74,1321039
Add_Military_Field_For_,1,709166,5,74,1321090
Add_Military_Fields_,1,709174,5,74,1321098
Draw_Colony_Info_Officer_,1,709228,5,74,1321152
Draw_Colony_Info_Morale_,1,709569,5,74,1321493
Draw_Colony_Info_Background_,1,709603,5,74,1321527
Draw_Info_Name_And_Pop_,1,709684,5,74,1321608
Print_Scanned_Satellite_,1,710407,5,74,1322331
Print_Scanned_String_,1,710439,5,74,1322363
Print_Scanned_Military_,1,710544,5,74,1322468
Draw_Colony_Info_Scanned_,1,710642,5,74,1322566
Draw_Colony_Info_,1,710720,5,74,1322644
Actual_Build_Time_,1,710902,4,74,1322826
Total_Build_Time_,1,710983,4,74,1322907
Draw_Building_With_Bottom_Centered_,1,711048,4,74,1322972
Draw_Current_Production_Graph_,1,711255,4,74,1323179
Draw_Current_Building2_,1,711348,4,74,1323272
Draw_Current_Building_,1,711522,5,74,1323446
Draw_Current_Ship_,1,711545,5,74,1323469
Calculate_Colony_Turn_Count_From_Scrap_For_Prod_,1,711609,4,74,1323533
Calculate_Colony_Turn_Count_With_Accumulation_For_Prod_,1,711704,4,74,1323628
Calculate_Current_Production_Turn_Count_,1,711827,4,74,1323751
Draw_Turn_Count_,1,711896,5,74,1323820
Draw_Current_Production_,1,711983,5,74,1323907
Draw_Info_Build_,1,711983,5,74,1323907
Add_Satellite_Fields_,1,712633,5,74,1324557
Check_Satellite_Fields_,1,712860,5,74,1324784
Draw_Satellite_Dark_,1,713329,5,74,1325253
Satellite_Anim_,1,713478,4,74,1325402
Draw_Colony_Satellites_,1,713574,5,74,1325498
Add_Bldg_Fields_,1,713802,5,74,1325726
Scan_Bldg_CR_,1,713992,5,74,1325916
Check_Bldg_Fields_,1,714032,5,74,1325956
Draw_Bldg_CR_Dark_,1,714902,5,74,1326826
Draw_Bldg_At_XY_With_Bottom_Centered_No_Glass_,1,715104,5,74,1327028
Draw_Colony_Bldg_,1,715315,5,74,1327239
Draw_Colony_Bldg_To_Bitm_,1,715549,5,74,1327473
Bldg_Back_To_Front_,1,715694,4,74,1327618
Draw_Planet_Info_,1,715739,5,74,1327663
Draw_Colony_Bldgs_,1,715740,4,74,1327664
Draw_Colony_Bldgs_to_Bitm_,1,715945,4,74,1327869
Draw_Road_Anim_,1,716060,5,74,1327984
Draw_Colony_Screen_,1,716065,5,74,1327989
Box_Galaxy_Map_Star_,1,716621,5,74,1328545
Colony_Can_Buy_Product_0_,1,716712,4,74,1328636
Add_Screen_Fields_,1,716827,5,74,1328751
Add_Stacking_Fields_,1,717721,5,74,1329645
Clear_Sys_Disp_Fields_,1,718080,4,74,1330004
Clear_Galaxy_Map_Fields_,1,718127,4,74,1330051
Update_Colony_Palette_,1,718170,4,74,1330094
Draw_Sys_Disp_Scanned_,1,718209,4,74,1330133
Draw_Gal_Map_Last_Star_Scanned_,1,718292,5,74,1330216
Draw_Sys_Disp_Last_Scanned_,1,718357,5,74,1330281
Check_Job_Fields_,1,718375,5,74,1330299
Check_Military_Fields_,1,718636,5,74,1330560
Check_System_Display_Fields_,1,718850,5,74,1330774
Tested_Colony_Buys_Outright_,1,719883,4,74,1331807
Evaluate_Screen_Input_,1,720366,5,74,1332290
Get_Next_Colony_,1,721404,4,74,1333328
Set_Colony_Screen_To_New_Colony_,1,721495,4,74,1333419
Do_Informational_And_Decision_Popups_,1,721758,5,74,1333682
Allocate_Mini_Planet_Cache_,1,722313,4,74,1334237
Allocate_Planet_Cache_,1,722313,4,74,1334237
Colony_Screen_,1,722314,4,74,1334238
Cache_Load_Planet_,1,723301,4,74,1335225
Picture_And_Pointer_To_Mouse_,1,723322,4,74,1335246
Picture_To_Mouse_,1,723551,4,74,1335475
Clear_Mouse_Picture_,1,723644,4,74,1335568
Reset_Mouse_Picture_,1,723700,4,74,1335624
Create_Shadow_Farmer_,1,723721,4,74,1335645
Shadow_Farmer_Bitm_,1,723841,4,74,1335765
Do_Cheats_,1,723847,5,74,1335771
Colony_GI_Fill_,1,724387,4,74,1336311
Mini_Planet_Anim_,1,724412,5,74,1336336
Draw_Planet_Summary_,1,724509,4,74,1336433
Load_Refit_Ship_Anims_,1,724692,4,75,1336616
Update_First_Ship_,1,724798,5,75,1336722
Add_Ship_List_Fields_,1,725513,5,75,1337437
Build_Ship_List_,1,725675,5,75,1337599
Draw_Ship2_,1,725802,5,75,1337726
Scan_Ship_Info_,1,726078,5,75,1338002
Draw_Ship_List_,1,726169,5,75,1338093
Star_Has_Ship_,1,726236,4,75,1338160
Draw_Refit_Popup_,1,726248,5,75,1338172
Colony_Refit_Popup_,1,727163,4,75,1339087
Load_Refit2_Ship_Anims_,1,727482,4,75,1339406
Update2_Fields_,1,727505,5,75,1339429
Add2_Fields_,1,727510,5,75,1339434
Scan_Ship_D_Info_,1,727855,5,75,1339779
Draw_Ship_D_List_,1,727912,5,75,1339836
Draw_Refit2_Popup_,1,728427,5,75,1340351
Evaluate2_Input_,1,728692,5,75,1340616
Colony_Refit2_Popup_,1,729263,4,75,1341187
Load_Colsum_Strings_,1,729689,4,76,1341613
Clear_First_,1,730250,4,76,1342174
Load_Col_Sum_Anims_,1,730314,4,76,1342238
Restore_Control_,1,730370,5,76,1342294
Update_First_,1,730757,4,76,1342681
Draw_Empire_Info_,1,730868,5,76,1342792
Get_Scanned_Pop_,1,731540,5,76,1343464
Get_Selected_Pop_,1,731802,5,76,1343726
Add_Fields_Pop_For_,1,732018,5,76,1343942
Event_Good_,1,733449,4,76,1345373
cmp_,1,734429,5,76,1346353
cmp_Alpha_,1,734451,5,76,1346375
Prod_To_Sort_Type_,1,734549,5,76,1346473
cmp_Prod_,1,734740,5,76,1346664
cmp_Pop_,1,734965,5,76,1346889
cmp_Food_,1,735031,5,76,1346955
cmp_Industry_,1,735101,5,76,1347025
cmp_Science_,1,735171,5,76,1347095
cmp_BC_,1,735241,5,76,1347165
Switched_cmp_,1,735339,5,76,1347263
Sort_Col_List_,1,735559,5,76,1347483
Update_Col_List_,1,735638,5,76,1347562
Colsum_Connect_Galaxy_Map_Stars_,1,735751,5,76,1347675
Colsum_Box_Galaxy_Map_Star_,1,735898,5,76,1347822
Draw_Gal_Map_,1,736015,5,76,1347939
Draw_Colony_Scan_Info_,1,736060,4,76,1347984
Draw_Scan_Info_,1,736507,4,76,1348431
Draw_Colony_Summary_Screen_,1,736564,4,76,1348488
Evaluate_Col_List_Input_,1,737072,5,76,1348996
Evaluate_Colony_Pop_Input_,1,737641,5,76,1349565
Increment_First_,1,737972,4,76,1349896
Decrement_First_,1,738050,4,76,1349974
Evaluate_Input_,1,738115,5,76,1350039
Colony_Summary_Screen_,1,738658,4,76,1350582
Check_Galaxy_Map_Fields_,1,739265,4,76,1351189
Pick_Best_Planet_To_Goto_At_Star_,1,739567,5,76,1351491
Planet_Anims_,1,739754,4,77,1351678
Load_Col_Sys_Disp_,1,739784,4,77,1351708
Draw_Col_Sys_Disp_,1,739785,4,77,1351709
Planet_Summary_String_,1,740248,4,77,1352172
Add_Col_Sys_Disp_Fields_,1,741073,4,77,1352997
Draw_Col_Sys_Disp_Last_Scanned_,1,741387,4,77,1353311
Load_Xport_Anims_,1,742134,4,78,1354058
Clear_List_Col_Array_,1,742320,5,78,1354244
Draw_Info_Pop_For_,1,742345,5,78,1354269
Draw_Colony_Summary_For_Colony_,1,742438,5,78,1354362
Cheezy_Col_Count_Hack_,1,742623,4,78,1354547
N_Colonies_And_Outposts_,1,742674,4,78,1354598
N_Colonies_,1,742752,4,78,1354676
Draw_Bar_Indicator_,1,743099,5,78,1355023
Draw_Xport_Popup_,1,743424,5,78,1355348
Build_Global_Colony_List_,1,743633,4,78,1355557
Xport_Popup_,1,743732,4,78,1355656
Sint_Is_In_List_,1,744068,4,79,1355992
Get_Sint_Index_From_List_,1,744103,4,79,1356027
String_Builder2_,1,744136,4,79,1356060
Max_,1,744273,4,79,1356197
Min_,1,744280,4,79,1356204
Help_,1,744287,4,79,1356211
Set_Refresh_Mode_,1,744292,4,79,1356216
Set_Fade_Speed_Percent_,1,744325,4,79,1356249
Get_Fade_Speed_Percent_,1,744331,4,79,1356255
Set_Fade_Percent_,1,744340,4,79,1356264
Get_Fade_Percent_,1,744368,4,79,1356292
Fast_Fade_Out_,1,744377,4,79,1356301
Fast_Fade_In_,1,744516,4,79,1356440
Force_Fade_To_Colony_Palette_,1,744575,4,79,1356499
Fast_Fade_Out_Needed_For_Colony_Palette_,1,744581,4,79,1356505
Draw_Centered_,1,744703,4,79,1356627
Remap_Draw_Centered_,1,744746,4,79,1356670
Draw_Bottom_Centered_,1,744789,4,79,1356713
Draw_Bottom_Centered_No_Glass_,1,744821,4,79,1356745
Global_Cycler_,1,744855,4,79,1356779
Print_Clicks_,1,744885,4,79,1356809
Pulsing_Box_,1,744935,4,79,1356859
Pulsing_Rect_,1,745005,4,79,1356929
Eric_Defaults_,1,745119,4,79,1357043
Pulsing_Rect_to_Bitmap_,1,745120,4,79,1357044
Print_Paragraph_Centered_Vertically_,1,745171,4,79,1357095
Print_Paragraph_Centered_,1,745236,4,79,1357160
Eric_Init_,1,745298,4,79,1357222
Pick_Random_Colony_,1,745308,4,79,1357232
Player_Capitol_World_,1,745392,4,79,1357316
Pick_Random_Player_,1,745463,4,79,1357387
Red_If_Negative_Fmt_String_,1,745533,4,79,1357457
Player_Has_Leader_With_General_Skill_At_Star_,1,745554,4,79,1357478
Player_Has_Ship_Size_Or_Larger_At_Star_,1,745705,4,79,1357629
Player_Can_Mind_Control_Colony_With_Help_,1,745787,4,79,1357711
Player_Can_Mind_Control_Colony_,1,746026,4,79,1357950
Cinematic_Autofunction_,1,746259,5,79,1358183
Do_Cinematic_Popup_Setup_,1,746427,5,79,1358351
Do_Cinematic_Popup_Cleanup_,1,746584,5,79,1358508
Play_Amoeba_Flic_,1,746667,4,79,1358591
Play_Planetary_Destruction_Flic_,1,746771,4,79,1358695
Play_Dimensional_Portal_Flic_,1,746875,4,79,1358799
Play_Antarans_Attack_Flic_,1,746979,4,79,1358903
Play_Take_Orion_Flic_,1,747088,4,79,1359012
Play_Diplomatic_Win_Flic_,1,747197,4,79,1359121
Play_Normal_Win_Flic_,1,747291,4,79,1359215
Play_All_Flics_,1,747325,4,79,1359249
Play_Antaran_Win_Flic_,1,747325,4,79,1359249
Play_Loose_Flic_,1,747362,4,79,1359286
Draw_Fake_Buttons_,1,747394,4,80,1359318
Add_Fake_Button_To_List_,1,747534,4,80,1359458
Clear_Fake_Buttons_,1,747582,4,80,1359506
Add_Fake_Button_Field_,1,747611,4,80,1359535
Draw_Click_Thru_Fields_,1,747716,4,80,1359640
Add_Click_Thru_Field_To_List_,1,747958,4,80,1359882
Clear_Click_Thru_Fields_,1,748070,4,80,1359994
Add_Click_Thru_Field_,1,748099,4,80,1360023
Evaluate_Click_Thru_Fields_,1,748196,4,80,1360120
Load_FP_Data_From_LBX_,1,748281,4,81,1360205
N_Fire_Points_,1,748395,4,81,1360319
Calc_FP_Offsets_,1,748496,4,81,1360420
Allocate_Flic_Queue_And_Pointers_,1,748708,4,82,1360632
Deallocate_Flic_Queue_And_Pointers_,1,748708,4,82,1360632
Add_Flic_To_End_Of_Queue_,1,748718,4,82,1360642
Draw_Flic_Queue_,1,748791,4,82,1360715
Draw_Queue_Entry_,1,748816,5,82,1360740
Squeze_Out_Queue_Entry_,1,749051,5,82,1360975
Eric_Push_Fields_,1,749182,4,83,1361106
Eric_Pop_Fields_,1,749210,4,83,1361134
Player_Has_Colony_Or_Outpost_At_Star_,1,749247,4,83,1361171
Clear_Event_Slots_,1,749350,4,83,1361274
Clear_System_Special_Slots_,1,749350,4,83,1361274
Clear_New_Officer_Slots_,1,749381,4,83,1361305
System_Special_Anim_,1,749393,5,83,1361317
System_Special_Desc_,1,749496,5,83,1361420
Draw_System_Special_Popup_,1,749555,4,83,1361479
Do_Popup_Setup_,1,749614,5,83,1361538
Do_Popup_Cleanup_,1,750211,5,83,1362135
Draw_Special_Info_Popup_,1,750360,4,83,1362284
Update_Random_New_Officer_Fields_,1,750895,5,83,1362819
Add_Random_New_Officer_Fields_,1,750922,5,83,1362846
Leader_Technology_String_,1,751118,4,83,1363042
Draw_Random_New_Officer_Popup_,1,751354,5,83,1363278
Load_New_Officer_Popup_,1,751973,5,83,1363897
Load_New_Officer_Popup_For_Officer_Screen_,1,752112,5,83,1364036
Set_Globals_To_Center_Popup_,1,752260,5,83,1364184
Hire_Officer_Popup_,1,752312,4,83,1364236
Random_New_Officer_Popup_,1,752346,4,83,1364270
Marooned_Officer_Joins_Popup_,1,753412,4,83,1365336
Marooned_Officer_Fails_Popup_,1,753440,4,83,1365364
Add_Officer_Gains_Level_Fields_,1,753455,5,83,1365379
Update_Officer_Gains_Level_Fields_,1,753463,5,83,1365387
Mainpups_Tested_Execute_Autofunction_,1,753540,4,83,1365464
Draw_Officer_Gains_Level_Popup_,1,753696,5,83,1365620
Load_Officer_Gains_Level_Popup_,1,754117,5,83,1366041
Officer_Gains_Level_Popup_,1,754185,4,83,1366109
Load_System_Discovery_Popup_,1,754446,5,83,1366370
Update_Discovery_Fields_,1,754510,5,83,1366434
Add_Discovery_Fields_,1,754542,5,83,1366466
Draw_Discovery_Popup_,1,754629,5,83,1366553
Check_System_Display_Fields_Discovery_,1,754952,5,83,1366876
Evaluate_Discovery_Input_,1,754952,5,83,1366876
New_System_Discovery_Popup_,1,755030,4,83,1366954
Load_Colony_Selection_Popup_,1,755569,5,83,1367493
Update_Selection_Fields_,1,755607,5,83,1367531
Add_Selection_Fields_,1,755649,5,83,1367573
Draw_Selection_Popup_,1,755678,5,83,1367602
Check_System_Display_Fields_Selection_,1,756097,5,83,1368021
Evaluate_Selection_Input_,1,756704,5,83,1368628
Artificial_Planet_Selection_Popup_,1,757027,4,83,1368951
Drop_Troops_Selection_Popup_,1,757052,4,83,1368976
New_Outpost_Selection_Popup_,1,757065,4,83,1368989
Set_G_Special_Value_,1,757078,5,83,1369002
New_Colony_Selection_Popup_,1,757176,4,83,1369100
Load_Colony_Attack_Selection_Popup_,1,757532,5,83,1369456
Update_Attack_Selection_Fields_,1,757611,5,83,1369535
Add_Attack_Selection_Fields_,1,757658,5,83,1369582
Draw_Attack_Selection_Popup_,1,757703,5,83,1369627
Check_System_Display_Fields_Attack_Selection_,1,757848,5,83,1369772
Evaluate_Attack_Selection_Input_,1,758168,5,83,1370092
Attack_Colony_Selection_Popup_,1,758200,4,83,1370124
Load_Colony_Defense_Selection_Popup_,1,758464,5,83,1370388
Update_Defense_Selection_Fields_,1,758531,5,83,1370455
Add_Defense_Selection_Fields_,1,758581,5,83,1370505
Draw_Defense_Selection_Popup_,1,758594,5,83,1370518
Check_System_Display_Fields_Defense_Selection_,1,758709,5,83,1370633
Evaluate_Defense_Selection_Input_,1,759382,5,83,1371306
Defense_Colony_Selection_Popup_,1,759414,4,83,1371338
Player_Attacked_Popup_,1,759771,4,83,1371695
Load_SLIDER_Popup_,1,760283,5,83,1372207
Update_Slider_Fields_,1,760428,5,83,1372352
Add_Slider_Fields_,1,760484,5,83,1372408
Draw_Slider_Popup_,1,760893,5,83,1372817
Evaluate_Slider_Input_,1,761438,5,83,1373362
Slider_Popup_,1,761520,4,83,1373444
New_Colony_Confirmation_Box_,1,761796,5,83,1373720
Build_Generic_Planet_Or_Colony_Description_String_Formatted_,1,762221,4,83,1374145
Get_Colony_Best_Shield_Bldg_,1,763454,5,83,1375378
Colony_Selection_Popup_,1,763558,4,83,1375482
Update_CCP_Display_Data_Invasion_,1,763643,4,83,1375567
Colony_Invasion_Popup_,1,763791,4,83,1375715
Update_CCP_Display_Data_Bombing_,1,763855,4,83,1375779
Setup_To_Apply_Bomb_Hits_,1,763930,4,83,1375854
Apply_Next_Bomb_Hit_,1,763996,4,83,1375920
Colony_Bombing_Popup_,1,764705,4,83,1376629
Load_Combat_Colony_Picture_To_Screen_Seg_,1,764799,4,83,1376723
Load_Colony_Combat_Popup_,1,764952,5,83,1376876
Update_Colony_Combat_Fields_,1,765344,5,83,1377268
Add_Colony_Combat_Fields_,1,765384,5,83,1377308
Draw_Colony_Combat_Popup_,1,766524,5,83,1378448
Evaluate_Colony_Combat_Input_,1,768140,5,83,1380064
Colony_Combat_Popup_,1,768720,4,83,1380644
Load_Tax_Rate_Popup_,1,769723,5,83,1381647
Update_Tax_Rate_Fields_,1,769946,5,83,1381870
Add_Tax_Rate_Fields_,1,769973,5,83,1381897
Draw_Tax_Rate_Popup_,1,770386,5,83,1382310
Evaluate_Tax_Rate_Input_,1,770456,5,83,1382380
Tax_Rate_Popup_,1,770571,4,83,1382495
Load_Dragon_New_Star_Popup_,1,770905,5,83,1382829
Update_Dragon_New_Star_Fields_,1,771003,5,83,1382927
Add_Dragon_New_Star_Fields_,1,771035,5,83,1382959
Draw_Dragon_New_Star_Popup_,1,771217,5,83,1383141
Evaluate_Dragon_New_Star_Input_,1,771659,5,83,1383583
Dragon_New_Star_Popup_,1,771893,4,83,1383817
Load_New_Game_Strings_,1,772124,4,84,1384048
Reload_Newgame_Screen_,1,772636,4,84,1384560
Draw_Pictures_,1,773181,5,84,1385105
Draw_Newgame_Screen_,1,773436,4,84,1385360
Temps_To_Globals_,1,775009,5,84,1386933
Globals_To_Temps_,1,775100,5,84,1387024
Newgame_Screen_,1,775221,4,84,1387145
Load_Oc_Pol_Anims_,1,776421,4,85,1388345
Occupation_Policy_Popup_,1,776553,4,85,1388477
Eric_Set_Help_List_,1,776941,4,86,1388865
Set_Colony_Screen_Help_List_,1,776961,4,86,1388885
Set_Colony_Summary_Screen_Help_List_,1,776984,4,86,1388908
Set_Refit_Ship_Popup_Help_List_,1,777002,4,86,1388926
Set_Building_Queue_Screen_Help_List_,1,777020,4,86,1388944
Set_Transport_Popup_Help_List_,1,777038,4,86,1388962
Set_Occupation_Policy_Popup_Help_List_,1,777056,4,86,1388980
Set_New_Game_Screen_Help_List_,1,777074,4,86,1388998
Set_New_System_Discovery_Popup_Help_List_,1,777155,4,86,1389079
Set_Player_Attacked_Popup_Help_List_,1,777156,4,86,1389080
Set_New_Colony_Confirmation_Box_Help_List_,1,777177,4,86,1389101
Set_Tax_Rate_Popup_Help_List_,1,777198,4,86,1389122
Set_Dragon_New_Star_Popup_Help_List_,1,777219,4,86,1389143
Set_Planet_Selection_Popup_Help_List_,1,777240,4,86,1389164
Set_Officer_Information_Popup_Help_List_,1,777261,4,86,1389185
Set_Combat_Colony_Selection_Popup_Help_List_,1,777282,4,86,1389206
Get_First_,1,777303,4,87,1389227
Update_First_Based_On_Grid_,1,777332,4,87,1389256
Draw_Scroll_Bar_Indicator_In_Base_Colony_Palette_,1,777391,4,87,1389315
Inc_Grid_Var_For_Scroll_Field_,1,777719,4,87,1389643
Dec_Grid_Var_For_Scroll_Field_,1,777771,4,87,1389695
Add_E_Scroll_Bar_Field_,1,777809,4,87,1389733
Do_Scroll_Bar_Fields_Check_,1,777939,4,87,1389863
E_Strings_,1,778076,4,88,1390000
Load_E_Strings_,1,778085,4,88,1390009
Load_H_And_Pro_File_Strings_,1,778469,4,88,1390393
Print_Data_,1,781465,5,89,1393389
Print_Best_Summary_,1,781590,5,89,1393514
Print_Race_Summary_,1,781723,5,89,1393647
Print_Troop_Totals_,1,781904,5,89,1393828
Load_Troop_Anims_,1,782502,4,89,1394426
Update_Fields_,1,782503,5,89,1394427
Add_Fields_,1,782508,5,89,1394432
Draw_Troop_Popup_,1,782553,5,89,1394477
Troop_Popup_,1,782816,4,89,1394740
AI_Invasion_Will_Succeed_,1,782958,4,90,1394882
AI_Player_Invades_,1,783180,4,90,1395104
Product_Name_,1,783256,4,91,1395180
Compute_Colony_Ship_Need_,1,783272,5,91,1395196
Compute_Freighter_Need_,1,783293,5,91,1395217
Compute_Needs_,1,783373,5,91,1395297
Mean_Ship_Strength_,1,785125,4,91,1397049
Compute_Empire_Building_Needs_,1,785590,4,91,1397514
Find_Buildable_Buildings_,1,786091,5,91,1398015
Industry_Worth_,1,786140,5,91,1398064
Colony_Is_Conquered_,1,786178,4,91,1398102
Colony_Building_Score_,1,786486,5,91,1398410
Assign_Colony_New_Building_,1,789256,4,91,1401180
colony_less_industry_cmp_,1,789631,5,91,1401555
Force_Produce_,1,789746,5,91,1401670
Empire_Buy_Outright_,1,789807,4,91,1401731
Player_War_Level_,1,790534,4,91,1402458
Refit_Cost_,1,790667,4,91,1402591
Assign_Empire_Building_,1,790766,4,91,1402690
Assign_Colony_Building_,1,796500,4,91,1408424
Player_Colony_Autobuild_,1,796547,4,91,1408471
Uncolonized_Planet_Worth_To_Player_,1,796583,4,92,1408507
Colony_Dominant_Player_,1,797192,5,92,1409116
Star_In_Range_Of_Given_Star_,1,797353,5,92,1409277
Proximity_Worth_To_Player_,1,797418,5,92,1409342
Colony_Worth_To_Player_,1,797870,4,92,1409794
Compute_Base_Planet_Values_,1,798766,5,92,1410690
Compute_Contextual_Planet_Values_,1,799013,5,92,1410937
sort_ships_,1,799512,5,92,1411436
Refit_Desirability_,1,799697,5,92,1411621
airefit_cmp_,1,800111,4,92,1412035
Player_N_Turns_From_Star_To_Star_With_Intermediate_,1,800118,4,92,1412042
Ship_N_Turns_To_Star_With_Intermediate_,1,800831,4,92,1412755
Find_Players_In_Range_,1,801384,5,92,1413308
Compute_Star_Player_Range_Info_,1,801696,5,92,1413620
Compute_AI_Data_,1,802100,4,92,1414024
Deallocate_AI_Data_,1,808781,4,92,1420705
Sort_Colonies_Blockaded_,1,808801,5,93,1420725
Collect_AI_Colonies_,1,808853,5,93,1420777
Assign_Buildings_,1,809115,5,93,1421039
Clear_Build_Queues_If_New_Tech_,1,809172,5,93,1421096
Keep_Ship_Designs_Up_To_Date_,1,810222,5,93,1422146
Freighter_Cheat_,1,810393,5,93,1422317
Do_Ship_Upgrade_Cheats_,1,810521,5,93,1422445
Sort_Pops_Fixed_,1,810921,5,93,1422845
Assign_Required_Colonists_,1,810977,5,93,1422901
FI_Worthiness_,1,811301,5,93,1423225
Sort_Pops_FI_,1,811341,5,93,1423265
Do_Blockaded_Colony_,1,811495,5,93,1423419
Sort_Pops_R_I_,1,811797,5,93,1423721
Sort_Pops_FR_I_,1,811942,5,93,1423866
Compute_Max_Min_R_I_Worthiness_,1,812170,5,93,1424094
Do_Unblockaded_Colony_,1,812332,5,93,1424256
Grab_Worker_,1,812619,5,93,1424543
Grab_Scientist_,1,812674,5,93,1424598
Assign_Additional_Research_Industry_,1,812723,5,93,1424647
F_IR_Worthiness_,1,813098,5,93,1425022
Sort_Pops_F_IR_,1,813259,5,93,1425183
Make_First_Unassigned_Into_Farmer_,1,813568,5,93,1425492
Assign_Additional_Unblockaded_Farmers_,1,813780,5,93,1425704
Industry_Sanity_Check_,1,814464,5,93,1426388
Colony_AI_Given_Tax_,1,814621,4,93,1426545
Colony_AI_,1,814804,4,93,1426728
All_Colony_AI_,1,814951,4,93,1426875
Assign_Fleet_Officer_,1,815066,5,94,1426990
Reassign_Fleet_Officer_,1,815224,5,94,1427148
Assign_Star_Officer_,1,815473,5,94,1427397
Assign_Unassigned_Leaders_,1,816084,5,94,1428008
Do_AI_Leaders_,1,816185,4,94,1428109
Sort_colonizable_,1,816738,5,95,1428662
AI_May_Attack_Player_,1,816745,4,95,1428669
Get_Colonizable_Planets_,1,816824,4,95,1428748
Delete_Already_Assigned_Planets_,1,816996,5,95,1428920
Move_Ships_With_Possible_Intermediate_,1,817443,5,95,1429367
Get_Best_Unescorted_Colony_Ship_,1,817992,5,95,1429916
Get_Enemy_Strength_On_Turn_,1,818180,5,95,1430104
Ship_Rough_Strength_At_Star_,1,818515,5,95,1430439
Ship_Min_Strength_Versus_Players_At_Star_,1,818996,5,95,1430920
Get_Best_Escorted_Colony_Ship_,1,819191,5,95,1431115
I_Soonest_Enemy_Colony_Ship_,1,821179,5,95,1433103
Sort_candidate_stars_,1,821319,5,95,1433243
Star_Has_Monster_,1,821547,5,95,1433471
Assign_New_Colony_Ship_Destinations_,1,821615,5,95,1433539
Best_Uncolonized_Undestined_Planet_,1,822393,4,95,1434317
Enemy_Colony_Worth_To_Player_,1,822545,4,95,1434469
Player_Is_Hostile_To_Player_,1,822753,4,95,1434677
N_Enemy_Stars_Reachable_,1,822866,4,95,1434790
Compute_Attack_Worthiness_,1,822994,5,95,1434918
Gather_Player_Ships_At_Star_,1,824312,5,95,1436236
Find_Best_Attack_From_Star_,1,824499,5,95,1436423
Launch_Attacks_,1,825326,5,95,1437250
Knock_Out_Impossible_Interceptions_,1,825407,5,95,1437331
Gather_Intercepting_Ships_,1,825816,5,95,1437740
Interceptions_,1,825982,5,95,1437906
Intercept_Invaders_,1,827269,5,95,1439193
Move_To_Stage_Points_,1,828549,5,95,1440473
Move_Transports_,1,829852,5,95,1441776
Move_To_Unexplored_Stars_,1,831444,5,95,1443368
Launch_Sneak_Attack_,1,832087,5,95,1444011
Mark_Flee_Stars_,1,832485,5,95,1444409
Move_AI_,1,832638,4,95,1444562
Sort_npc_dests_,1,833113,5,95,1445037
NPC_Dest_,1,833234,5,95,1445158
Move_NPCs_,1,833752,5,95,1445676
Move_All_AI_,1,834345,4,95,1446269
Find_Opportunity_Attack_Aux_,1,834463,5,95,1446387
Find_Opportunity_Attack_,1,834652,4,95,1446576
Player_Threatens_Player_,1,834760,4,95,1446684
Number_Of_Attacks_Underway_,1,835000,4,95,1446924
Compute_Defensive_Stage_Points_,1,835204,4,96,1447128
AI_Tech_Select_,1,836232,4,97,1448156
Player_Best_Ship_Shield_,1,836339,4,97,1448263
Player_Best_Armor_,1,836387,4,97,1448311
Player_Best_Computer_,1,836431,4,97,1448355
Player_Best_Fuel_,1,836475,4,97,1448399
Player_Best_Planetary_Shield_,1,836522,4,97,1448446
Player_Best_Drive_,1,836579,4,97,1448503
Player_Best_Rifle_,1,836630,4,97,1448554
Player_Best_Personal_Shield_,1,836681,4,97,1448605
Compute_AI_Tech_Info_,1,836732,4,97,1448656
All_AI_Tech_Select_,1,838249,4,97,1450173
Get_Max_Technology_Value_,1,838382,4,97,1450306
System_Proximity_Count_,1,838471,4,97,1450395
Apply_Evolutionary_Upgrades_,1,838576,4,97,1450500
AI_Agrees_To_Trade_Agreement_,1,838705,4,98,1450629
AI_Agrees_To_Research_Agreement_,1,838787,4,98,1450711
Handle_Leader_At_Lost_Colony_,1,838860,4,100,1450784
Destroy_Colony_,1,839084,4,100,1451008
Resolve_Bomb_Hit_,1,839357,4,100,1451281
Resolve_Biological_Hit_,1,839998,4,100,1451922
Apply_Bomb_Hits_,1,840434,4,100,1452358
Receive_Chat_Msg_,1,840529,4,101,1452453
Send_Chat_Msg_,1,840632,4,101,1452556
Send_GNN_Chat_Msg_,1,840746,4,101,1452670
_minerals_per_mine,1,840885,4,102,1452809
_climate_maintenance_modifiers,1,840890,4,102,1452814
Load_Colcalc_Strings_,1,840957,4,102,1452881
Colony_Officer_,1,842226,4,102,1454150
Format_Quotient_,1,842294,4,102,1454218
Mixed_Race_Morale_Penalty_,1,842452,5,102,1454376
Colony_Morale_,1,842533,5,102,1454457
Show_Morale_,1,843515,4,102,1455439
Gravity_Player_Production_Factor_,1,843564,4,102,1455488
Colony_Pop_Prod_Produced_,1,843731,4,102,1455655
Colony_Food2_Per_Farmer_,1,843838,4,102,1455762
Colony_Empire_Base_Food2_Produced_,1,843974,4,102,1455898
Colony_Pop_Base_Prod_Produced_,1,844332,5,102,1456256
Colony_Job_Production_,1,844416,5,102,1456340
Colony_Food_Production_,1,845412,5,102,1457336
Show_Food_Production_,1,846621,4,102,1458545
Colony_Food_Maintenance_,1,846667,5,102,1458591
Colony_Industry_Per_Worker_,1,846997,4,102,1458921
Colony_Empire_Base_Industry_Produced_,1,847175,4,102,1459099
Colony_Industry_Production_,1,847387,5,102,1459311
Show_Industry_Production_,1,849176,4,102,1461100
Colony_Industry_Maintenance_,1,849222,5,102,1461146
Colony_Replicators_,1,849519,5,102,1461443
Colony_Is_Blockaded_,1,850113,4,102,1462037
Pass_Out_Imports_,1,850160,5,102,1462084
Colony_Research_Per_Scientist_,1,851398,4,102,1463322
Colony_Empire_Base_Research_Produced_,1,851575,4,102,1463499
Colony_Research_Production_,1,851828,5,102,1463752
Show_Research_Production_,1,852931,4,102,1464855
Colony_BC_Production_,1,852977,5,102,1464901
Show_BC_Production_,1,854216,4,102,1466140
Colony_Industry_To_Tax_,1,854262,5,102,1466186
Colony_BC_Maintenance_,1,854351,5,102,1466275
Size_Subterranean_Pop_Bonus_,1,854548,4,102,1466472
Size_And_Climate_Max_Population_,1,854552,5,102,1466476
Player_Effective_Climate_,1,854601,5,102,1466525
Size_And_Climate_Race_Pop_Limit_,1,854675,5,102,1466599
Planet_Max_Population_For_Player_,1,854863,4,102,1466787
Colony_Race_Pop_Limit_,1,855069,4,102,1466993
Colony_N_Pops_Of_Empire_,1,855150,4,102,1467074
Room_For_Another_Dude_,1,855195,4,102,1467119
Ship_Type_Cost_For_Player_,1,855448,4,102,1467372
Colony_Product_Cost_,1,855510,4,102,1467434
Colony_Current_Product_Cost_,1,855957,4,102,1467881
Colony_N_Turns_To_Produce_,1,855972,4,102,1467896
Colony_Cost_To_Buy_Given_Product_,1,856066,4,102,1467990
Colony_Cost_To_Buy_Product_,1,856197,4,102,1468121
Colony_Buy_Outright_,1,856221,4,102,1468145
Colony_Can_Afford_To_Buy_Product_,1,856298,4,102,1468222
Star_Has_Asteroid_Or_Gas_Giant_,1,856363,4,102,1468287
Delete_Obsolete_Artifical_Planets_Under_Construction_,1,856431,4,102,1468355
Colony_Can_Build_Product_,1,856508,4,102,1468432
Colony_Pop_Grows_,1,858169,5,102,1470093
Colony_Environmental_Stuff_,1,859373,4,102,1471297
Pre_Import_Computing_,1,859481,4,102,1471405
Colony_Specialty_,1,859679,5,102,1471603
Post_Import_Computing_,1,859763,5,102,1471687
Colony_Production_Calculation_,1,859780,5,102,1471704
Player_Research_Cost_,1,859798,4,102,1471722
Chance_For_Research_Breakthrough_Aux_,1,859846,5,102,1471770
Chance_For_Research_Breakthrough_,1,859892,4,102,1471816
Player_N_Turns_Until_Research_Complete_,1,859940,4,102,1471864
Leader_At_Anomaly_,1,860062,4,102,1471986
Tribute_Received_From_,1,860103,5,102,1472027
Compute_Player_Maintenance_,1,860160,4,102,1472084
Show_Command_Points_,1,861764,4,102,1473688
Compute_Total_Building_Costs_,1,861809,4,102,1473733
Player_Owns_Officer_,1,861920,4,102,1473844
Update_Player_Stats_,1,861968,4,102,1473892
Colony_Calculation_,1,862832,4,102,1474756
Star_Colony_Calculation_,1,862897,4,102,1474821
All_Colony_Calculations_,1,863025,4,102,1474949
Do_Colony_Calculations_,1,863025,4,102,1474949
Do_Player_Colony_Post_Production_,1,863497,4,102,1475421
Do_Player_Colony_Calculations_,1,863602,4,102,1475526
Apply_Colony_Pop_Growth_,1,863690,5,102,1475614
Apply_Assimilation_,1,865366,5,102,1477290
Produce_Ground_Military_,1,865814,5,102,1477738
Housing_Is_Useless_,1,865975,5,102,1477899
Apply_Production_,1,866015,5,102,1477939
Ghost_Colony_Stuff_,1,867994,5,102,1479918
Apply_Colony_Changes_,1,868206,5,102,1480130
Apply_All_Colony_Changes_,1,868316,4,102,1480240
Advance_Player_Field_,1,868381,5,102,1480305
Ensure_Uncreative_Field_OK_,1,868495,5,102,1480419
Player_May_Get_Tech_App_,1,868651,4,102,1480575
Field_Is_Gray_Box_,1,868827,4,102,1480751
Player_Gets_Tech_App_,1,868868,4,102,1480792
Give_Player_Field_,1,869392,4,102,1481316
Check_For_Research_Breakthrough_,1,869600,4,102,1481524
Compute_Player_Total_Known_Tech_Cost_,1,869685,4,102,1481609
Eliminate_Player_,1,869887,5,102,1481811
Do_Surrender_Colony_,1,870431,5,102,1482355
Do_Surrender_Star_,1,870714,5,102,1482638
May_Surrender_Star_,1,870921,4,102,1482845
Surrender_Star_,1,871091,4,102,1483015
Do_Surrender_Empire_,1,871263,5,102,1483187
May_Surrender_Empire_,1,871634,4,102,1483558
Surrender_Empire_,1,871686,4,102,1483610
Do_Surrenders_,1,871881,4,102,1483805
Init_Surrenders_,1,872020,4,102,1483944
Check_For_Eliminated_Players_,1,872115,4,102,1484039
Apply_All_Player_Changes_,1,872265,4,102,1484189
N_Living_Players_,1,872490,4,102,1484414
N_Living_Human_Players_,1,872542,4,102,1484466
Compute_Blockades_,1,872599,4,102,1484523
Colony_Can_Build_Large_Ships_,1,873077,4,102,1485001
Compute_Star_Colony_Stuff_,1,873110,4,102,1485034
Do_Colony_Owner_Change_Star_Colony_Stuff_,1,873421,4,102,1485345
Rebuild_WFI_List_,1,873479,4,102,1485403
Compute_All_Star_Colony_Stuff_,1,873480,4,102,1485404
Compute_Potential_Colony_Info_,1,873520,4,102,1485444
Twiddle_Initial_Homeworld_,1,873918,5,102,1485842
First_Colony_Of_Player_,1,874448,4,102,1486372
Monster_At_Star_,1,874484,5,102,1486408
Twiddle_Initial_Homeworlds_,1,874546,4,102,1486470
Colony_Planetary_Shield_,1,875239,4,102,1487163
Get_Player_Max_Population_,1,875287,4,102,1487211
Get_System_Population_,1,875369,4,102,1487293
Sort_star_weights_,1,875480,5,102,1487404
Get_Surrender_System_,1,875491,4,102,1487415
Get_Possible_Surrender_Systems_,1,875732,4,102,1487656
Player_Name_,1,876008,4,102,1487932
Best_Leader_Diplomat_Bonus_,1,876041,4,102,1487965
Make_New_Colony_Or_Outpost_,1,876211,5,103,1488135
Make_New_Colony_,1,876657,4,103,1488581
Make_New_Outpost_,1,876671,4,103,1488595
Star_N_Uncolonized_Planets_,1,876683,4,103,1488607
Star_N_Colonizable_Planets_For_Player_,1,876744,4,103,1488668
Star_N_Outpostable_Planets_For_Player_,1,876850,4,103,1488774
Find_Colonize_Players_,1,876912,5,103,1488836
Allocate_New_Colony_Slots_,1,877812,4,103,1489736
AI_Colonize_,1,878072,4,103,1489996
All_AI_Colonize_,1,878582,4,103,1490506
Load_Combfind_Strings_,1,878632,4,104,1490556
Copy_Target_Info_,1,878851,4,104,1490775
Send_Star_Player_Presence_,1,878874,4,104,1490798
Decode_Star_Player_Presence_,1,878969,4,104,1490893
Target_Colony_To_Planet_,1,879070,4,104,1490994
Target_Planet_To_Colony_,1,879095,4,104,1491019
Get_Combat_Ships_,1,879116,5,104,1491040
Update_Player_Needs_To_Attack_,1,879266,5,104,1491190
Kill_Noncombat_Ships_,1,879428,5,104,1491352
Closest_Other_Colony_Star_,1,879565,4,104,1491489
Determine_Retreat_Ships_,1,879786,5,104,1491710
Process_Retreating_Ships_,1,880210,4,104,1492134
AI_Can_Retreat_,1,881411,5,104,1493335
Russ_Combat_,1,881475,5,104,1493399
Expected_Bomb_Hits_,1,882296,5,104,1494220
Get_Ship_Strength_Info_,1,882354,5,104,1494278
Get_Best_Colony_Target_,1,882855,5,104,1494779
Human_Confirms_Attack_,1,883577,5,104,1495501
Get_Local_Human_Target_,1,883931,5,104,1495855
Get_AI_Target_,1,884170,5,104,1496094
Get_NPC_Target_,1,884777,5,104,1496701
Pick_Attacker_At_Star_,1,885140,5,104,1497064
Player_May_Attack_Player_,1,885297,5,104,1497221
Collect_Targets_For_Combat_,1,885428,5,104,1497352
Some_Star_Player_Is_Busy_,1,885786,5,104,1497710
Pick_Star_And_Attacker_,1,885925,4,104,1497849
Strategic_Results_Popup_,1,886173,5,104,1498097
Bomb_Results_Popups_,1,886263,5,104,1498187
Has_Stellar_Converter_,1,886432,5,104,1498356
N_Enemy_Stars_In_Range_,1,886503,4,104,1498427
N_Enemy_Stars_,1,886585,5,104,1498509
Player_Owns_Transports_,1,886646,5,104,1498570
Do_Attacker_Beat_Colony_Stuff_,1,886738,5,104,1498662
Reset_Combat_Ships_At_Current_Star_Has_Player_,1,889688,5,104,1501612
Do_1_Combat_,1,889740,5,104,1501664
Planet_Has_Splinter_Colony_,1,890985,5,104,1502909
Find_Planet_At_Star_Satisfying_,1,890993,4,104,1502917
Free_Colony_Slot_,1,891067,4,104,1502991
Reset_One_Shot_System_Special_,1,891122,4,104,1503046
Do_System_Discoveries_At_Star_,1,891175,5,104,1503099
Do_Dragon_Bribe_,1,892115,5,104,1504039
Search_For_Battles_,1,892258,4,104,1504182
Client_Combat_Loop_,1,893681,4,104,1505605
GNN_Reports_Combat_,1,895178,5,104,1507102
Do_Nonhuman_Attack_Against_Human_,1,895259,5,104,1507183
Do_Net_Combat_Update_,1,895649,4,104,1507573
Compute_Contacts_,1,897426,4,105,1509350
_orbit_consts,1,898241,5,106,1510165
Points_On_Same_Side_Of_Line_,1,898269,4,106,1510193
Point_Within_D_Of_Seg_,1,898353,4,106,1510277
Collect_Black_Holes_,1,899013,4,106,1510937
Black_Hole_Blocks_Points_,1,899069,4,106,1510993
Initialize_Black_Hole_Blocks_,1,899197,4,106,1511121
Point_Is_In_Nebula_N_,1,899528,4,106,1511452
Point_Is_In_Some_Nebula_,1,899642,4,106,1511566
Star_Is_In_Some_Nebula_,1,899708,4,106,1511632
Initialize_Star_In_Nebula_Info_,1,899734,4,106,1511658
Point_Is_In_Warp_Field_Interdictor_Of_Star_,1,899779,4,106,1511703
Move_Player_1_Turn_To_Star_,1,899852,4,106,1511776
Union_Find_,1,900274,4,106,1512198
Map_Is_Connected_,1,900480,4,106,1512404
Parsecs_Between_Points_,1,900729,4,106,1512653
Parsecs_Between_Stars_,1,900791,4,106,1512715
Get_Orbit_Display_X_Y_,1,900843,4,106,1512767
Get_Orbit_From_X_Y_,1,901067,4,106,1512991
Actual_Expected_Damage_,1,901342,4,106,1513266
Compute_Player_Ground_Combat_Bonuses_,1,901468,4,107,1513392
Compute_Colony_Officer_Bonus_,1,901807,5,107,1513731
Compute_Attacker_Officer_Bonus_,1,901885,5,107,1513809
Find_Troops_,1,902048,5,107,1513972
Compute_Ground_Combat_Info_,1,902094,5,107,1514018
Ground_Combat_Round_,1,902398,4,107,1514322
Resolve_Ground_Combat_,1,902657,4,107,1514581
Colony_N_Militia_,1,902686,5,107,1514610
Get_Rebellion_Info_,1,902746,5,107,1514670
Get_Boarding_Info_,1,903015,4,107,1514939
Get_Invasion_Info_,1,903217,4,107,1515141
Enforce_Population_Limits_At_Colony_,1,903548,4,107,1515472
Assign_New_Home_Planet_,1,904037,4,107,1515961
Change_Pop_Ownership_,1,904183,5,107,1516107
Resolve_Invasion_Troops_,1,904709,5,107,1516633
Resolve_Rebellion_Troops_,1,904906,5,107,1516830
Change_Colony_Ownership_,1,905025,4,107,1516949
Check_Rebellion_,1,905824,5,107,1517748
Check_All_Rebellions_,1,906314,4,107,1518238
Invade_,1,906379,4,107,1518303
Colony_Infantry_Limit_,1,906653,4,107,1518577
Colony_Infantry_Barracks_Limit_,1,906727,4,107,1518651
Colony_Tank_Limit_,1,906781,4,107,1518705
Colony_Tank_Barracks_Limit_,1,906868,4,107,1518792
Unload_Transports_,1,906935,4,107,1518859
Compute_Colony_Ground_Combat_Info_,1,907027,4,107,1518951
Compute_Stars_In_Range_Of_Player_,1,907171,5,108,1519095
Player_Lose_Out_Of_Range_Ships_,1,907311,5,108,1519235
Lose_Out_Of_Range_Ships_,1,907455,4,108,1519379
Kill_Research_Buildings_,1,907528,5,109,1519452
Building_Worth_,1,907756,5,109,1519680
Phase1_Building_,1,908002,5,109,1519926
Phase2_Building_,1,908061,5,109,1519985
Phase3_Building_,1,908077,5,109,1520001
Kill_Buildings_,1,908085,5,109,1520009
Kill_Spy_,1,908479,5,109,1520403
Ship_Is_At_Colony_,1,908659,5,109,1520583
Ship_Scrap_Value_,1,908760,4,109,1520684
Kill_Ships_,1,908791,5,109,1520715
Make_Scrap_Ships_Dead_,1,909202,4,109,1521126
Kill_Leaders_,1,909280,5,109,1521204
Player_Maintenance_,1,909488,4,109,1521412
Load_Msg_Strings_,1,910497,4,110,1522421
Allocate_Msg_Slots_,1,912186,4,110,1524110
First_Msg_For_Player_,1,912376,4,110,1524300
N_Msgs_For_Player_,1,912386,4,110,1524310
sprintf_msg_,1,912536,4,110,1524460
Add_Msg_,1,914985,4,110,1526909
Add_Msg_All_,1,915134,4,110,1527058
Goto_Msg_Colony_,1,915184,4,110,1527108
Add_Diplomacy_Msg_,1,915302,5,110,1527226
Add_War_Msg_,1,915453,4,110,1527377
Add_Peace_Msg_,1,915463,4,110,1527387
Add_Alliance_Msg_,1,915471,4,110,1527395
Add_Nonaggression_Msg_,1,915479,4,110,1527403
Add_Peace_Ended_Msg_,1,915487,4,110,1527411
Add_Ongoing_Event_Msgs_,1,915495,4,110,1527419
Add_Banner_Field_,1,916154,5,111,1528078
Add_Choose_Net_Plyrs_Fields_,1,916304,5,111,1528228
Add_Net_Next_Turn_Fields_,1,916714,4,111,1528638
Add_Load_MP_Game_Screen_Fields_,1,917114,5,111,1529038
Add_Choose_Multi_Net_Game_Fields_,1,917383,5,111,1529307
Add_MP_Setup_Screen_Fields_,1,917658,5,111,1529582
Add_Modem_Setup_Fields_,1,918514,5,111,1530438
Add_Modem_String_Fields_,1,919160,5,111,1531084
Add_Waiting_For_Joiners_Field_,1,919553,4,111,1531477
Print_Modem_Strings_,1,919631,5,111,1531555
Add_NullModem_Setup_Fields_,1,919875,5,111,1531799
Valid_Net_Games_,1,920429,5,111,1532353
Check_Modem_Init_Help_Fields_,1,920460,5,111,1532384
Choose_Multi_Network_Game_Screen_,1,920718,4,111,1532642
Choose_Network_Plyrs_Screen_,1,921111,4,111,1533035
Confirmation_Of_Opponent_Joining_,1,921702,5,111,1533626
Draw_Net_Next_Turn_Screen_,1,921717,4,111,1533641
Draw_Choose_Net_Plyrs_Screen_,1,923246,4,111,1535170
Draw_Generic_Net_Info_Screen_,1,924103,4,111,1536027
Draw_Join_Net_Screen_,1,924103,4,111,1536027
Draw_Choose_Multi_Net_Game_Screen_,1,924404,5,111,1536328
Draw_Load_MP_Game_Screen_,1,924902,5,111,1536826
Draw_MP_Setup_Screen_,1,925826,5,111,1537750
Draw_MP_Buttons_Down_,1,926130,5,111,1538054
Draw_Modem_Setup_Screen_,1,926421,5,111,1538345
Draw_Fill_Seg_,1,927554,5,111,1539478
Draw_Multi_Player_Banner_,1,927671,4,111,1539595
Draw_NullModem_Setup_Screen_,1,927924,5,111,1539848
Draw_SendGet_Net_Info_Screen_,1,928907,4,111,1540831
Draw_Wait_For_New_Joiners_Screen_,1,929253,4,111,1541177
Draw_Wait_For_Race_Info_Screen_,1,929614,4,111,1541538
Get_Main_Palette_Base_Colors_,1,929977,5,111,1541901
Get_Player_Colors_,1,930073,5,111,1541997
Get_Net_Next_Turn_Player_Colors_,1,930235,5,111,1542159
Get_Valid_MP_Save_Games_,1,930734,5,111,1542658
Hotseat_Add_Next_Player_Fields_,1,930798,5,111,1542722
Hotseat_Draw_Next_Player_,1,931050,5,111,1542974
Hotseat_Get_Colors_,1,931836,5,111,1543760
Hotseat_Get_N_Valid_Players_,1,932060,5,111,1543984
Hotseat_Load_Next_Player_,1,932110,5,111,1544034
Hotseat_Print_Player_Data_,1,932391,5,111,1544315
Fade_In_Function_,1,932552,5,111,1544476
Hotseat_Select_Player_,1,932580,4,111,1544504
Hotseat_Set_Next_Player_Status_,1,933223,5,111,1545147
Hotseat_Player_Status_,1,933385,4,111,1545309
Load_Net_Next_Turn_Screen_,1,933442,4,111,1545366
Load_Choose_Net_Plyrs_Screen_,1,933830,5,111,1545754
Load_Choose_Multi_Net_Game_Screen_,1,934099,5,111,1546023
Load_Load_MP_Game_Screen_,1,934317,5,111,1546241
Load_MP_Setup_Pictures_,1,934602,5,111,1546526
Load_Modem_Setup_Screen_,1,935099,5,111,1547023
Copy_Modem_Defaults_To_Net_Struct_,1,935387,5,111,1547311
Set_Default_Modem_Settings_,1,935655,4,111,1547579
Load_Multi_Player_Game_Screen_,1,935776,4,111,1547700
Load_NullModem_Setup_Screen_,1,936321,5,111,1548245
Modem_Setup_Screen_,1,936648,5,111,1548572
Multi_Player_Screen_,1,937369,4,111,1549293
NullModem_Setup_Screen_,1,938506,5,111,1550430
Reload_Generating_Map_Info_,1,938955,4,111,1550879
Reload_Generic_Net_Info_,1,938967,4,111,1550891
Reload_Getting_Data_Info_,1,939168,4,111,1551092
Reload_Initializing_Net_Info_,1,939198,4,111,1551122
Reload_Join_Net_Screen_,1,939215,4,111,1551139
Reload_Sending_Data_Info_,1,939225,4,111,1551149
Reload_Wait_For_Race_Info_,1,939291,4,111,1551215
Reload_Waiting_For_Joiners_Screen_,1,939306,4,111,1551230
N_Net_Players_Chosen_Positions_,1,939379,4,111,1551303
Chat_Box_Input_Loop_,1,939428,4,111,1551352
Set_Multi_Player_Game_Type_,1,939665,5,111,1551589
Change_MP_Game_Name_,1,939895,5,111,1551819
Load_Netmox_Strings_,1,940163,4,112,1552087
Net_Exit_With_Message_,1,940340,5,112,1552264
Basic_Update_,1,940345,5,112,1552269
Main_Receive_Message_,1,940703,5,112,1552627
Receive_Message_,1,944065,4,112,1555989
Mox_Send_Message_,1,944150,4,112,1556074
Mox_Net_Update_,1,944638,4,112,1556562
fseek_modem_file_,1,946064,5,112,1557988
fgetc_modem_file_,1,946137,5,112,1558061
fread_modem_file_,1,946211,5,112,1558135
fwrite_modem_file_,1,946301,5,112,1558225
Make_Difference_Buffer_,1,946411,4,112,1558335
Decode_Difference_Buffer_,1,946897,5,112,1558821
Open_Modem_File_,1,947138,4,112,1559062
Close_Modem_File_,1,947276,4,112,1559200
Write_Modem_File_,1,947323,4,112,1559247
Broadcast_Game_Data_Differential_,1,947405,4,112,1559329
Decode_Broadcast_Game_Data_Differential_,1,948726,4,112,1560650
Send_Game_Orders_,1,949909,4,112,1561833
Ditch_Leader_,1,951223,5,112,1563147
Decode_Game_Orders_,1,951256,4,112,1563180
Send_Pick_Target_Info_,1,952536,4,112,1564460
Decode_Pick_Target_Info_,1,953486,4,112,1565410
Send_You_Are_Target_Info_,1,954264,4,112,1566188
Decode_You_Are_Target_Info_,1,955363,4,112,1567287
Russ_Event_Monster_Update_,1,956177,4,112,1568101
Russ_Change_Relations_,1,956252,4,112,1568176
Send_Battle_Results_,1,956365,4,112,1568289
Decode_Battle_Results_,1,957528,4,112,1569452
Send_Pick_Your_Position_,1,958557,4,112,1570481
Decode_Pick_Your_Position_,1,958675,5,112,1570599
Send_Dragon_Info_,1,958724,4,112,1570648
Decode_Dragon_Info_,1,958786,5,112,1570710
Net_Id_To_Player_Id_,1,958828,4,112,1570752
Get_Next_AI_Talker_,1,958883,5,112,1570807
Net_Request_AI_Diplomacy_,1,959088,4,112,1571012
Net_May_Begin_AI_Diplomacy_,1,959145,4,112,1571069
Net_End_AI_Diplomacy_,1,959173,4,112,1571097
Net_Cancel_AI_Diplomacy_Request_,1,959375,4,112,1571299
Net_Cancel_AI_Diplomacy_Confirmed_,1,959441,4,112,1571365
No_AI_Diplomacy_Allowed_,1,959452,4,112,1571376
Net_Request_Human_Diplomacy_,1,959478,4,112,1571402
Net_May_Begin_Human_Diplomacy_,1,959777,4,112,1571701
Allowed_To_Cancel_Human_Diplomacy_,1,959819,4,112,1571743
Net_Cancel_Human_Diplomacy_Request_,1,959830,4,112,1571754
Human_Hit_Next_Turn_,1,959907,4,112,1571831
Net_End_Human_Diplomacy_,1,959914,4,112,1571838
Human_Diplomat_Says_Wait_,1,959929,4,112,1571853
Net_Diplomacy_With_,1,959942,4,112,1571866
Human_Requesting_Diplomacy_,1,959950,4,112,1571874
Accept_Diplomacy_Request_,1,960035,4,112,1571959
Refuse_Diplomacy_Request_,1,960296,4,112,1572220
Tell_Diplomacy_Requester_To_Wait_,1,960372,4,112,1572296
Humans_Requesting_Diplomacy_,1,960405,4,112,1572329
Net_Human_Rejected_Diplomacy_,1,960411,4,112,1572335
Send_Drop_Out_Info_,1,960432,5,112,1572356
Decode_Drop_Out_Info_,1,960674,5,112,1572598
Human_Abdicates_,1,960892,4,112,1572816
Human_Surrenders_,1,960905,4,112,1572829
Load_Netstart_Strings_,1,960913,4,113,1572837
Russ_Net_Init_,1,961111,5,113,1573035
Russ_Net_Create_Game_,1,961137,5,113,1573061
Mox_Net_Uninit_,1,961172,4,113,1573096
Dump_Users_,1,961219,4,113,1573143
Net_Select_Race_,1,961240,5,113,1573164
Net_Pick_Position_,1,961669,5,113,1573593
Do_Answer_,1,962176,5,113,1574100
Join_Net_Screen_,1,962267,4,113,1574191
Do_Dial_,1,963058,5,113,1574982
Load_Net_Screen_,1,963195,4,113,1575119
Start_Net_Screen_,1,964581,4,113,1576505
Request_Banner_Color_,1,966261,4,113,1578185
Request_Race_,1,966369,4,113,1578293
Unrequest_Race_,1,966518,4,113,1578442
Load_Netturn_Strings_,1,966575,4,114,1578499
Host_Next_Turn_,1,966626,5,114,1578550
Must_Broadcast_AI_Player_Data_,1,967321,5,114,1579245
Client_Next_Turn_,1,967378,5,114,1579302
Net_Next_Turn_,1,967792,4,114,1579716
Net_Init_Host_Election_,1,968357,4,114,1580281
Choose_Hyper_Advanced_Tech_,1,968500,5,115,1580424
Get_Competition_Player_Tech_Value_,1,968620,5,115,1580544
Calc_Tech_Value_,1,968773,4,115,1580697
Get_Competition_Tech_Values_,1,971161,5,115,1583085
Set_Competition_Tech_Values_,1,971289,4,115,1583213
All_Gray_Boxes_Researched_,1,971513,4,115,1583437
Choose_Tech_Application_,1,971573,4,115,1583497
Load_Report_Strings_,1,972270,4,116,1584194
sprintf_report_,1,972447,4,116,1584371
Client_Initialize_Reports_,1,972778,4,116,1584702
Initialize_Reports_,1,972828,4,116,1584752
Add_Report_,1,972870,4,116,1584794
Draw_Special_,1,972917,4,116,1584841
Star_Has_Special_For_Player_,1,973037,5,116,1584961
Set_Initial_Tech_,1,973073,5,116,1584997
Explored_New_Star_,1,973146,5,116,1585070
Player_Colony_Base_At_Star_,1,973375,4,116,1585299
Player_Ship_Type_At_Star_,1,973479,4,116,1585403
Colonization_,1,973569,5,116,1585493
Empty_Colony_Queue_,1,974739,5,116,1586663
Need_To_Set_Occupation_Policy_,1,974892,5,116,1586816
Has_Msg_,1,975082,5,116,1587006
Has_Officer_For_Hire_,1,975441,5,116,1587365
Has_Research_Breakthrough_,1,975592,5,116,1587516
Has_Evolutionary_Upgrade_,1,975647,5,116,1587571
Has_Report_,1,975705,5,116,1587629
Has_Diplomacy_Messages_,1,975880,5,116,1587804
Has_GNN_,1,976148,5,116,1588072
Antarans_,1,976210,5,116,1588134
Display_Report_Aux_,1,976446,4,116,1588370
Display_Report_,1,976773,4,116,1588697
Redirect_Newly_Built_Ships_,1,976787,5,116,1588711
Must_Display_Reports_,1,977003,4,116,1588927
Assert_Settings_,1,977085,4,117,1589009
Mox_Update_,1,977086,4,117,1589010
Release_All_Blocks_,1,977096,4,117,1589020
Null_Autofunction_,1,977108,4,117,1589032
PFMT_,1,977109,4,117,1589033
Get_Weighted_Choice_Char_,1,977114,4,117,1589038
Get_Weighted_Choice_Short_,1,977197,4,117,1589121
Get_Weighted_Choice_Int_,1,977263,4,117,1589187
Shuffle_Char_,1,977333,4,117,1589257
Shuffle_Sint_,1,977397,4,117,1589321
Shuffle_Int_,1,977468,4,117,1589392
Shuffle_,1,977538,4,117,1589462
Star_To_Monster_,1,977728,4,117,1589652
Star_Name_,1,977745,4,117,1589669
Compare_Ratios_,1,977776,4,117,1589700
Make_Player_Into_AI_,1,977952,4,117,1589876
Make_All_AI_Game_,1,978073,4,117,1589997
Load_Russ_Strings_,1,978138,4,117,1590062
Settler_ETA_,1,978239,5,118,1590163
Room_For_Another_,1,978295,5,118,1590219
Pop_Tries_To_Settle_,1,978508,4,118,1590432
Add_Settler_To_Colony_,1,978965,5,118,1590889
Settle_Pop_,1,979222,4,118,1591146
Move_Settlers_,1,979474,4,118,1591398
N_Freighters_Player_Can_Scrap_,1,980087,4,118,1592011
Ship_Range_,1,980118,4,119,1592042
Star_In_Range_Of_Player_Aux1_,1,980201,5,119,1592125
Star_In_Range_Of_Player_Aux2_,1,980371,5,119,1592295
Star_In_Range_Of_Player_,1,980472,4,119,1592396
Star_In_Normal_Range_Of_Player_,1,980582,4,119,1592506
Star_In_Extended_Range_Of_Player_,1,980618,4,119,1592542
Can_Order_Ship_,1,980670,4,119,1592594
Ships_Try_To_Move_To_,1,980889,4,119,1592813
Player_N_Turns_From_Star_To_Star_,1,981974,4,119,1593898
Make_Ships_Move_To_,1,982280,4,119,1594204
Ship_Is_Moving_,1,982473,4,119,1594397
Make_Ship_Arrive_At_Star_,1,982490,5,119,1594414
Move_All_Ships_Toward_Stars_,1,982762,4,119,1594686
Create_Nonplayer_Ship_,1,983056,4,119,1594980
Allocate_New_Ship_Slots_,1,983323,4,119,1595247
Update_Player_Ship_Range_,1,983885,5,119,1595809
Update_All_Ship_Ranges_,1,983948,4,119,1595872
Ship_Destination_Star_,1,984050,4,119,1595974
Update_Ship_ETAs_,1,984092,4,119,1596016
Do_Wormhole_Event_,1,984345,4,119,1596269
Do_Hyperspace_Beast_,1,984600,4,119,1596524
Unmark_Just_Built_AI_Ships_,1,985128,4,119,1597052
Reset_Needless_Ignore_Combat_Ships_Flags_,1,985213,4,119,1597137
Player_Has_Ships_Pestering_Other_Player_,1,985539,4,119,1597463
Tech_Spy_Bonus_,1,985662,5,120,1597586
Compute_Spy_Bonuses_,1,985731,4,120,1597655
Frame_Another_,1,986053,5,120,1597977
Allocate_AI_Spies_,1,986393,4,120,1598317
Steal_App_,1,987548,5,120,1599472
Destroy_Random_Building_,1,987914,5,120,1599838
N_Spies_Bonus_,1,988291,5,120,1600215
Resolve_Player_Spies_,1,988324,5,120,1600248
Leader_Assassinates_,1,989032,5,120,1600956
Resolve_Assassins_,1,989347,5,120,1601271
Resolve_Spies_,1,989483,4,120,1601407
Bring_Home_Spies_Vs_,1,989680,4,120,1601604
Compute_N_Trade_And_Research_Pops_,1,989762,5,121,1601686
Base_Trade_Agreement_Goal_,1,990012,4,121,1601936
Trade_Agreement_Goal_,1,990116,5,121,1602040
Base_Research_Agreement_Goal_,1,990355,4,121,1602279
Research_Agreement_Goal_,1,990405,5,121,1602329
Process_Trade_Agreement_,1,990547,5,121,1602471
Process_Research_Agreement_,1,990693,5,121,1602617
Process_Trade_And_Research_Agreements_,1,990839,4,121,1602763
Start_Trade_Agreement_,1,990947,4,121,1602871
Start_Research_Agreement_,1,991106,4,121,1603030
Bill_Init_,1,991287,4,122,1603211
Bill_Default_,1,991342,4,122,1603266
Record_History_,1,991370,4,122,1603294
Is_Ignoring_,1,992296,4,122,1604220
Stop_Ignoring_,1,992333,4,122,1604257
Concatenate_Percent_,1,992366,4,122,1604290
Get_Active_Players_,1,992395,4,122,1604319
Get_Players_Dead_Or_Alive_,1,992583,4,122,1604507
Get_Players_Dead_Or_Alive_Or_Omniscient_,1,992663,4,122,1604587
Get_Players_Alive_Or_Omniscient_,1,992819,4,122,1604743
Get_Their_Spy_Number_,1,992975,4,122,1604899
Get_Their_Spy_Mission_,1,993009,4,122,1604933
Get_My_Spy_Number_,1,993041,4,122,1604965
Get_My_Spy_Mission_,1,993081,4,122,1605005
Get_My_Agent_Number_,1,993119,4,122,1605043
Get_My_Agent_Mission_,1,993142,4,122,1605066
Set_Their_Spy_Number_,1,993165,4,122,1605089
Set_Their_Spy_Mission_,1,993205,4,122,1605129
Set_My_Spy_Number_,1,993241,4,122,1605165
Set_My_Spy_Mission_,1,993293,4,122,1605217
Set_My_Agent_Number_,1,993341,4,122,1605265
Set_My_Agent_Mission_,1,993394,4,122,1605318
Take_Their_Spy_,1,993442,4,122,1605366
Take_My_Spy_,1,993493,4,122,1605417
Take_My_Agent_,1,993554,4,122,1605478
Add_Their_Spy_,1,993611,4,122,1605535
Add_My_Spy_,1,993666,4,122,1605590
Add_My_Agent_,1,993684,4,122,1605608
Get_History_Params_,1,993745,4,122,1605669
Update_List_Window_Data_,1,993786,4,122,1605710
Turn_Off_Palettes_,1,994527,4,122,1606451
Turn_On_Palettes_,1,994549,4,122,1606473
Disable_Draw_Current_Fields_,1,994553,4,122,1606477
Enable_Draw_Current_Fields_,1,994587,4,122,1606511
Draw_Prior_Fields_,1,994621,4,122,1606545
Disable_Draw_Selected_Fields_,1,994685,4,122,1606609
Enable_Draw_Selected_Fields_,1,994708,4,122,1606632
_Squeeze_Print_,1,994731,4,122,1606655
Squeeze_Print_,1,995088,4,122,1607012
Squeeze_Print_To_Bitmap_,1,995107,4,122,1607031
Squeeze_Print_Right_,1,995133,4,122,1607057
Squeeze_Print_Right_To_Bitmap_,1,995139,4,122,1607063
Squeeze_Print_Centered_,1,995151,4,122,1607075
Squeeze_Print_Centered_To_Bitmap_,1,995192,4,122,1607116
Squeeze_Centered_Print_,1,995240,4,122,1607164
Squeeze_Centered_Print_To_Bitmap_,1,995249,4,122,1607173
Squeeze_Print_Full_,1,995264,4,122,1607188
Squeeze_Print_Full_To_Bitmap_,1,995273,4,122,1607197
_Squeeze_Print_Paragraph_,1,995288,4,122,1607212
Squeeze_Print_Paragraph_,1,995677,4,122,1607601
Squeeze_Print_Paragraph_To_Bitmap_,1,995715,4,122,1607639
Squeeze_Print_Formatted_Paragraph_,1,995754,4,122,1607678
Squeeze_Print_Formatted_Paragraph_To_Bitmap_,1,995768,4,122,1607692
Squeeze_Paragraph_Centered_,1,995782,4,122,1607706
Squeeze_Paragraph_Centered_To_Bitmap_,1,995840,4,122,1607764
Squeeze_Formatted_Paragraph_Centered_,1,995899,4,122,1607823
Squeeze_Formatted_Paragraph_Centered_To_Bitmap_,1,995914,4,122,1607838
_Print_1_Or_More_Lines_Centered_,1,995929,4,122,1607853
Print_1_Or_More_Lines_Centered_,1,996041,4,122,1607965
Print_1_Or_More_Lines_Centered_To_Bitmap_,1,996056,4,122,1607980
Pseudo_App_Index_To_Hyper_Field_,1,996078,4,122,1608002
Hyper_Field_To_Pseudo_App_Index_,1,996091,4,122,1608015
Singular_Or_Plural_String_,1,996103,4,122,1608027
Copy_File_To_File_,1,996115,4,122,1608039
Cache_Player_Scientist_Anim_,1,996385,4,122,1608309
Cache_Other_Scientist_Anim_,1,996392,4,122,1608316
Cache_Player_Spy_Anim_,1,996555,4,122,1608479
Cache_Player_Trooper_Anim_,1,996641,4,122,1608565
_Print_String_Bill_,1,996783,4,122,1608707
_Print_Paragraph_Bill_,1,997130,4,122,1609054
_Print_Paragraph_,1,997653,4,122,1609577
_Print_Paragraph_To_Bitmap_,1,997683,4,122,1609607
_Get_Paragraph_Max_Height_,1,997714,4,122,1609638
_Get_Paragraph_Max_Width_,1,997745,4,122,1609669
Reference_Help_,1,997776,4,123,1609700
Ref_Category_Help_,1,997817,4,123,1609741
Ref_How_To_Help_,1,997832,4,123,1609756
Turn_Summary_Popup_Help_,1,997847,4,123,1609771
Turn_Summary_Help_,1,997870,4,123,1609794
Race_Statistics_Help_,1,997885,4,123,1609809
Tech_Review_Help_,1,997900,4,123,1609824
History_Graph_Help_,1,997915,4,123,1609839
Technology_Select_Help_,1,997933,4,123,1609857
Technology_Change_Help_,1,997951,4,123,1609875
Tech_Select_List_Right_Help_,1,997969,4,123,1609893
Tech_Select_List_Left_Help_,1,997987,4,123,1609911
Tech_Change_List_Right_Help_,1,998008,4,123,1609932
Tech_Change_List_Left_Help_,1,998029,4,123,1609953
Races_Help_,1,998050,4,123,1609974
Report_Help_,1,998071,4,123,1609995
Audience_Menu_Help_,1,998092,4,123,1610016
Treaties_Menu_Help_,1,998113,4,123,1610037
Treaties_Race_Help_,1,998134,4,123,1610058
War_Race_Help_,1,998155,4,123,1610079
Trade_Menu_Help_,1,998176,4,123,1610100
Trade_Cash_Help_,1,998197,4,123,1610121
Trade_Tech_Help_,1,998218,4,123,1610142
Tech_Swap_Help_,1,998239,4,123,1610163
Tribute_Menu_Help_,1,998260,4,123,1610184
Tribute_Cash_Help_,1,998281,4,123,1610205
Tribute_Tech_Help_,1,998302,4,123,1610226
My_Set_Help_List_,1,998323,5,123,1610247
Print_Formatted_Paragraph_,1,998340,4,124,1610264
Print_Formatted_Paragraph_To_Bitmap_,1,998370,4,124,1610294
Set_Paragraph_User_Call_,1,998401,4,124,1610325
Set_Paragraph_String_Pointer_,1,998407,4,124,1610331
Set_Paragraph_Integer_Pointer_,1,998435,4,124,1610359
Set_Paragraph_Uint_Pointer_,1,998463,4,124,1610387
Set_Paragraph_Sint_Pointer_,1,998491,4,124,1610415
Set_Paragraph_Char_Pointer_,1,998519,4,124,1610443
Set_Paragraph_Schar_Pointer_,1,998547,4,124,1610471
Get_Formatted_Paragraph_Max_Height_,1,998575,4,124,1610499
Get_Formatted_Paragraph_Max_Width_,1,998614,4,124,1610538
Get_Last_Formatted_Paragraph_Max_Height_,1,998653,4,124,1610577
Get_Last_Formatted_Paragraph_Max_Width_,1,998668,4,124,1610592
Initialize_Formatted_Paragraph_System_,1,998683,4,124,1610607
_Print_Formatted_Paragraph_,1,998739,5,124,1610663
Process_Paragraph_Text_,1,999261,5,124,1611185
Add_Character_To_Line_,1,999745,5,124,1611669
Return_To_Last_Break_,1,999867,5,124,1611791
Record_Break_Position_,1,1000082,5,124,1612006
Process_Command_,1,1000368,5,124,1612292
Quit_Context_,1,1001050,5,124,1612974
Quit_Paragraph_,1,1001166,5,124,1613090
Set_Justification_,1,1001215,5,124,1613139
Complete_Line_,1,1001356,5,124,1613280
Complete_Line_Data_,1,1001429,5,124,1613353
Paragraph_HT_,1,1001599,5,124,1613523
Paragraph_CRFF_,1,1001644,5,124,1613568
Paragraph_VT_,1,1001727,5,124,1613651
Vertical_Move_,1,1001806,5,124,1613730
Reset_Font_Spacing_,1,1001883,5,124,1613807
Reset_Font_Spacing_Width_,1,1001947,5,124,1613871
Reset_Font_LF_,1,1001973,5,124,1613897
Reset_Paramaters_,1,1002020,5,124,1613944
Reset_Paragraph_Variables_,1,1002287,5,124,1614211
Reset_A_Paragraph_Variable_,1,1002347,5,124,1614271
Set_Paragraph_Variable_Pointer_,1,1002396,5,124,1614320
Set_Current_Colors_,1,1002423,5,124,1614347
Set_Current_Style_,1,1002455,5,124,1614379
Test_Item_,1,1002540,5,124,1614464
Set_Value_,1,1002983,5,124,1614907
Get_Next_Item_Value_,1,1003289,5,124,1615213
Get_Item_Value_Set_Plural_,1,1003320,5,124,1615244
Get_Item_Value_,1,1003370,5,124,1615294
Set_Item_Value_,1,1003499,5,124,1615423
Insert_Item_,1,1003657,5,124,1615581
Insert_Next_Argument_String_,1,1004506,5,124,1616430
Insert_Argument_String_,1,1004571,5,124,1616495
Get_Insert_Argument_Next_,1,1004619,5,124,1616543
Skip_Arg_Insert_A_String_,1,1004727,5,124,1616651
Insert_A_String_,1,1004769,5,124,1616693
Previous_Nesting_Level_,1,1004808,5,124,1616732
Process_Function_,1,1004851,4,124,1616775
Get_Function_Argument_,1,1005982,4,124,1617906
FN_Set_Font_,1,1006124,5,124,1618048
FN_Superscript_,1,1006372,5,124,1618296
FN_Set_Variable_,1,1006496,5,124,1618420
FN_Set_Tabs_,1,1006587,5,124,1618511
FN_Set_X_Pos_,1,1006691,5,124,1618615
FN_Set_Y_Pos_,1,1006756,5,124,1618680
FN_Set_H_Spacing_,1,1006855,5,124,1618779
FN_Set_Space_Size_,1,1006903,5,124,1618827
FN_Set_V_Spacing_,1,1006964,5,124,1618888
FN_Set_FF_Size_,1,1007020,5,124,1618944
FN_Set_Margins_,1,1007087,5,124,1619011
FN_Set_Indent_,1,1007257,5,124,1619181
FN_Set_Origin_,1,1007324,5,124,1619248
FN_User_Call_,1,1007497,5,124,1619421
Justify_Line_,1,1007593,5,124,1619517
_Justify_Line_Fully_,1,1007699,5,124,1619623
Print_Line_,1,1007985,5,124,1619909
_Comp_Tabs_,1,1009595,5,124,1621519
Sort_Tabs_,1,1009604,5,124,1621528
Get_Current_Color_Set_,1,1009648,5,124,1621572
Initialize_Line_Start_,1,1009727,5,124,1621651
Pick_Font_Color_,1,1009774,5,124,1621698
Pick_Font_Number_,1,1009804,5,124,1621728
Update_Max_Min_Values_,1,1009905,5,124,1621829
Set_Max_Min_X_,1,1010158,5,124,1622082
Set_Max_Min_Y_,1,1010231,5,124,1622155
Reset_Max_Min_Values_,1,1010286,5,124,1622210
Set_Para_Y2_,1,1010333,5,124,1622257
Skip_Spaces_,1,1010359,5,124,1622283
Legalize_Paragraph_Y_,1,1010384,5,124,1622308
Set_Line_Limits_,1,1010419,5,124,1622343
Info_Screen_,1,1010860,4,125,1622784
Draw_Maint_Income_Chart_,1,1011866,5,125,1623790
Build_Maint_Chart_Bitmaps_,1,1012244,5,125,1624168
Initialize_Maintenance_Values_,1,1013163,5,125,1625087
Draw_The_History_Graph_,1,1013358,4,125,1625282
Get_Plyr_Hist_Btns_,1,1013929,5,125,1625853
Set_Plyr_Hist_Btns_,1,1013997,5,125,1625921
Draw_Histories_,1,1014092,5,125,1626016
Smooth_History_Data_,1,1015131,4,125,1627055
Display_Graphed_Players_Names_,1,1015274,4,125,1627198
History_Subscreen_,1,1015445,5,125,1627369
Draw_History_Subscreen_,1,1015848,5,125,1627772
Print_Tech_Review_Item_,1,1015849,4,125,1627773
Tech_Review_Subscreen_,1,1015895,5,125,1627819
_Tech_Review_Subscreen_,1,1015923,4,125,1627847
Draw_Tech_Review_Subscreen_,1,1017130,5,125,1629054
Init_Tech_Review_List_,1,1017361,4,125,1629285
Print_Player_Specials_To_Bitmap_,1,1017558,5,125,1629482
Race_Statistics_Specials_Help_,1,1018016,4,125,1629940
Race_Stats_Subscreen_,1,1018310,5,125,1630234
Draw_Race_Stats_Subscreen_,1,1019490,5,125,1631414
Print_Turn_Summary_Message_,1,1019491,5,125,1631415
Init_Turn_Summary_List_,1,1019587,4,125,1631511
Init_Info_Turn_Summary_List_,1,1019777,4,125,1631701
Draw_Dummy_Turn_Summary_Subscreen_,1,1019799,4,125,1631723
Draw_Reference_How_To_Subscreen_,1,1019799,5,125,1631723
Turn_Summary_Subscreen_,1,1019800,5,125,1631724
Draw_Turn_Summary_Subscreen_,1,1020605,5,125,1632529
Reference_Subscreen_,1,1020721,5,125,1632645
Reference_Main_Subscreen_,1,1020877,5,125,1632801
Draw_Reference_Main_Subscreen_,1,1021657,5,125,1633581
Reference_How_To_Subscreen_,1,1021794,5,125,1633718
Reference_Category_Subscreen_,1,1022094,5,125,1634018
Draw_Reference_Category_Subscreen_,1,1023269,5,125,1635193
Introduce_Subscreen_,1,1023413,5,125,1635337
Draw_Drop_Area_,1,1023489,5,125,1635413
Draw_Multiple_Drop_Areas_,1,1023902,5,125,1635826
Set_Up_Player_Colors_,1,1023930,5,125,1635854
Get_Plyr_Info_Btns_,1,1024017,5,125,1635941
Set_Plyr_Info_Btns_,1,1024054,4,125,1635978
Colorize_Bitmap_,1,1024100,4,125,1636024
Init_List_Data_,1,1024167,4,126,1636091
Add_Fields_To_List_Page_,1,1024392,4,126,1636316
Display_Selected_List_Text_,1,1024541,4,126,1636465
Display_Selected_List_Text_For_Tech_List_,1,1024837,4,126,1636761
Display_List_Text_,1,1024941,4,126,1636865
Display_List_Page_,1,1025191,4,126,1637115
Set_List_Page_Pointer_,1,1025250,4,126,1637174
Next_List_Page_,1,1025319,4,126,1637243
Previous_List_Page_,1,1025344,4,126,1637268
Goto_Page_With_Entry_,1,1025364,4,126,1637288
Select_And_Page_By_Head_ID_,1,1025443,4,126,1637367
Set_Selected_List_Entry_,1,1025507,4,126,1637431
Get_Selected_List_Entry_,1,1025625,4,126,1637549
Set_List_Up_Down_Field_Drawing_,1,1025673,4,126,1637597
Race_Report_Screen_,1,1025728,4,127,1637652
Race_Screen_,1,1027258,4,128,1639182
Init_Race_Display_Data_,1,1030717,5,128,1642641
Draw_Relations_Sliders_,1,1031504,5,128,1643428
Draw_Race_Photos_,1,1031661,5,128,1643585
Draw_Race_Text_,1,1032125,5,128,1644049
Setup_Main_Fields_,1,1033449,5,128,1645373
Setup_Race_Display_Fields_,1,1033840,5,128,1645764
Setup_Race_Who_Fields_,1,1034230,5,128,1646154
Update_Spy_Stuff_,1,1034381,5,128,1646305
Draw_Race_Screen_,1,1034464,5,128,1646388
Get_Spy_Group_For_Field_,1,1035231,5,128,1647155
Adjust_Spy_Mission_Data_,1,1035299,5,128,1647223
Redraw_Spy_Mouse_,1,1035341,5,128,1647265
Move_Spy_Group_From_Mouse_,1,1035461,5,128,1647385
Move_Spy_Group_To_Mouse_,1,1035621,5,128,1647545
Erase_Mouse_Spies_,1,1035713,5,128,1647637
Calculate_Icon_Group_Data_,1,1035736,4,128,1647660
Setup_Icon_Group_Data_,1,1035876,4,128,1647800
Move_Icon_Group_Icons_,1,1035966,4,128,1647890
Draw_Icon_Group_Cursor_,1,1036022,4,128,1647946
Draw_Icon_Group_,1,1036247,4,128,1648171
Show_Off_Stolen_Tech_,1,1036353,4,129,1648277
Show_Off_Captured_Tech_,1,1036506,4,129,1648430
Scientist_With_Tech_,1,1036647,4,129,1648571
Show_Off_Researched_Tech_,1,1036796,4,129,1648720
Science_Room_,1,1037084,5,129,1649008
Update_Science_Anims_,1,1039000,4,129,1650924
Draw_Science_Room_,1,1039126,4,129,1651050
Print_Tech_Indent_Item_,1,1039127,4,130,1651051
Tech_Select_,1,1039209,4,130,1651133
Tech_Change_,1,1039310,4,130,1651234
_Tech_Finished_,1,1039365,4,130,1651289
_Tech_Select_,1,1039378,4,130,1651302
Draw_Tech_Select_,1,1041586,5,130,1653510
Draw_Little_Arrow_,1,1041763,4,130,1653687
_Tech_List_,1,1042119,4,130,1654043
Draw_Tech_List_,1,1043606,5,130,1655530
Display_All_Entry_Text_,1,1043682,5,130,1655606
Display_Entry_Text_,1,1043712,5,130,1655636
Display_Selected_Entry_Text_,1,1044079,5,130,1656003
Set_Selected_Entry_,1,1044293,5,130,1656217
Get_Selected_Entry_,1,1044393,5,130,1656317
Init_Entry_Positions_,1,1044419,5,130,1656343
Init_Entry_Data_,1,1044617,5,130,1656541
Setup_Entry_Buttons_,1,1045513,5,130,1657437
Get_Group_List_,1,1045659,5,130,1657583
Draw_Application_Description_,1,1046063,5,130,1657987
Technology_Fields_Name_,1,1046386,4,130,1658310
Technology_Applications_Name_,1,1046433,4,130,1658357
New_Get_Tech_Cost_,1,1046621,4,130,1658545
Save_Hyper_Tech_Values_,1,1046660,4,130,1658584
Restore_Hyper_Tech_Values_,1,1046711,4,130,1658635
Promote_Hyper_Field_Values_,1,1046765,4,130,1658689
Promote_A_Hyper_Value_By_Field_,1,1046809,4,130,1658733
Get_Tech_Cost_,1,1046843,4,130,1658767
Sort_Tech_List_By_Cost_,1,1046859,4,130,1658783
Get_Parent_Index_,1,1047008,4,130,1658932
Crack_Tech_Select_List_Entry_,1,1047046,4,130,1658970
Print_Turn_Summary_Popup_Message_,1,1047093,5,131,1659017
Init_Turn_Summary_Popup_List_,1,1047189,4,131,1659113
Draw_Turn_Summary_Popup_,1,1047212,4,131,1659136
Turn_Summary_Popup_,1,1047298,4,131,1659222
Save_Field_Stats_,1,1048129,4,132,1660053
Restore_Field_Stats_,1,1048257,4,132,1660181
_cstart_,1,1048344,4,133,1660268
__exit_,1,1048999,4,133,1660923
__do_exit_with_msg__,1,1049001,4,133,1660925
__GETDS,1,1049060,4,133,1660984
___GETDSStart_,1,1049060,4,133,1660984
___GETDSEnd_,1,1049071,4,133,1660995
Screen_Flic_Capture_,1,1049072,4,135,1660996
B_Key_,1,1051388,5,135,1663312
Release_Version_,1,1051444,4,135,1663368
Check_Release_Version_,1,1051484,4,135,1663408
Allocate_Space_,1,1051529,4,136,1663453
Get_Max_Block_Space_,1,1051689,4,136,1663613
Allocate_Dos_Space_,1,1051746,4,136,1663670
Allocate_First_Block_,1,1051886,4,136,1663810
Allocate_Next_Block_,1,1051964,4,136,1663888
Allocate_Far_Space_,1,1052158,4,136,1664082
Allocate_Dos_Data_Space_,1,1052214,4,136,1664138
Allocation_Error_,1,1052355,4,136,1664279
Reallocation_Error_,1,1052474,4,136,1664398
Linear_Free_,1,1052553,4,136,1664477
Check_Free_,1,1052647,4,136,1664571
Dos_Free_,1,1052816,4,136,1664740
Allocate_Space_No_Header_,1,1052977,4,136,1664901
Allocate_First_Block_No_Header_,1,1053064,4,136,1664988
Allocate_Next_Block_No_Header_,1,1053142,4,136,1665066
Mark_Block_,1,1053308,4,136,1665232
Release_Block_,1,1053364,4,136,1665288
Push_Block_,1,1053420,4,136,1665344
Save_Pushed_Blocks_,1,1053528,4,136,1665452
Restore_Pushed_Blocks_,1,1053586,4,136,1665510
Pop_Block_,1,1053644,4,136,1665568
Check_For_Pushed_Block_,1,1053744,4,136,1665668
Get_Remaining_Block_Space_,1,1053849,4,136,1665773
DIR_,1,1053911,4,137,1665835
DIR_DIR_,1,1054033,4,137,1665957
LOF_,1,1054224,4,137,1666148
Time_Stamp_,1,1054304,4,137,1666228
Disk_Free_,1,1054563,4,137,1666487
Delete_File_,1,1054655,4,137,1666579
Current_Dir_,1,1054699,4,137,1666623
File_Exists_,1,1054748,4,137,1666672
Get_Open_File_Count_,1,1054826,4,137,1666750
Set_Sound_File_,1,1054987,4,138,1666911
Set_Music_File_,1,1055026,4,138,1666950
Set_Audio_Buffer_,1,1055065,4,138,1666989
_sampleCallback,1,1055166,4,138,1667090
_xmiCallback,1,1055362,4,138,1667286
_Ail_Timer,1,1055437,4,138,1667361
getFreeSampleHandle_,1,1055458,4,138,1667382
getFreeSoundIndex_,1,1055607,4,138,1667531
mergeFreeBlocks_,1,1055702,4,138,1667626
mergeDoneBlocks_,1,1055907,4,138,1667831
allocateSoundBlock_,1,1056112,4,138,1668036
Audio_Init_,1,1056574,4,138,1668498
Audio_Uninit_,1,1057115,4,138,1669039
Audio_Clear_Cache_,1,1057210,4,138,1669134
Sound_On_,1,1057385,4,138,1669309
Sound_Off_,1,1057436,4,138,1669360
Play_Sound_Buffer_,1,1057472,4,138,1669396
Play_Sound_,1,1057689,4,138,1669613
Get_Sound_Max_Volume_,1,1058390,4,138,1670314
Set_Sound_Max_Volume_,1,1058438,4,138,1670362
Restart_Sound_,1,1058654,4,138,1670578
Stop_Sound_,1,1058723,4,138,1670647
Stop_All_Sounds_,1,1058838,4,138,1670762
Resume_Sound_,1,1058903,4,138,1670827
Resume_All_Sounds_,1,1058985,4,138,1670909
Is_Sound_Playing_,1,1059050,4,138,1670974
Get_Sound_Volume_,1,1059229,4,138,1671153
Set_Sound_Volume_,1,1059322,4,138,1671246
Set_Sound_Volume_All_,1,1059420,4,138,1671344
Get_Sound_Pan_,1,1059590,4,138,1671514
Set_Sound_Pan_,1,1059676,4,138,1671600
Set_Sound_Pan_All_,1,1059774,4,138,1671698
Loop_Sound_,1,1059881,4,138,1671805
Fadeout_Sound_,1,1059990,4,138,1671914
Pitch_Bend_Sound_,1,1060057,4,138,1671981
Music_On_,1,1060175,4,138,1672099
Music_Off_,1,1060226,4,138,1672150
Play_Music_Buffer_,1,1060262,4,138,1672186
Play_Music_,1,1060367,4,138,1672291
Stop_Music_,1,1060820,4,138,1672744
Resume_Music_,1,1060864,4,138,1672788
Set_Music_Volume_,1,1060908,4,138,1672832
Get_Music_Volume_,1,1060990,4,138,1672914
Loop_Music_,1,1061051,4,138,1672975
Fade_Music_Down_,1,1061104,4,138,1673028
Fade_Music_Up_,1,1061163,4,138,1673087
Is_Music_Playing_,1,1061222,4,138,1673146
Register_Music_Callback_,1,1061307,4,138,1673231
Sound_Update_,1,1061360,4,138,1673284
Play_Sound_File_,1,1062005,4,138,1673929
Loop_Sound_File_,1,1062602,4,138,1674526
Set_Stream_Filename_,1,1062636,4,138,1674560
Play_Stream_Vol_,1,1062757,4,138,1674681
Play_Stream_,1,1063456,4,138,1675380
Stop_Stream_,1,1063502,4,138,1675426
Set_Stream_Volume_,1,1063666,4,138,1675590
Get_Stream_Volume_,1,1063766,4,138,1675690
Loop_Stream_,1,1063852,4,138,1675776
Is_Stream_Playing_,1,1063886,4,138,1675810
Fade_Stream_Down_,1,1063976,4,138,1675900
Set_Stream_Max_Volume_,1,1064043,4,138,1675967
Get_Stream_Max_Volume_,1,1064091,4,138,1676015
Fade_Stream_Up_,1,1064125,4,138,1676049
Stream_On_,1,1064187,4,138,1676111
Stream_Off_,1,1064227,4,138,1676151
Init_Drivers_,1,1064263,4,139,1676187
Reset_System_,1,1064381,4,139,1676305
Create_IO_Buffer_,1,1064456,4,139,1676380
Get_Field_Counter_,1,1064549,4,140,1676473
Disable_Cancel_,1,1064594,4,140,1676518
Enable_Cancel_,1,1064634,4,140,1676558
Disable_Mouse_Wait_,1,1064674,4,140,1676598
Enable_Mouse_Wait_,1,1064714,4,140,1676638
Pressed_Mouse_X_,1,1064754,4,140,1676678
Pressed_Mouse_Y_,1,1064799,4,140,1676723
Auto_Input_,1,1064844,4,140,1676768
Scan_Field_,1,1064889,4,140,1676813
Scan_Input_,1,1065335,4,140,1677259
Read_Character_,1,1065814,4,140,1677738
Add_Hidden_Field_,1,1065867,4,140,1677791
Add_Circle_Field_,1,1066275,4,140,1678199
Add_Clipped_Circle_Field_,1,1066749,4,140,1678673
Add_Clipped_Hidden_Field_,1,1067520,4,140,1679444
Add_Hot_Key_,1,1068146,4,140,1680070
Add_Grid_Field_,1,1068490,4,140,1680414
Add_Button_Info_,1,1068986,4,140,1680910
Add_Button_Field_,1,1069488,4,140,1681412
Add_Radio_Button_Field_,1,1069627,4,140,1681551
Add_Locked_Button_Field_,1,1069791,4,140,1681715
Add_Multi_Button_Field_,1,1069955,4,140,1681879
Set_Button_Down_Offsets_,1,1070145,4,140,1682069
Add_Scroll_Field_,1,1070200,4,140,1682124
Find_Bar_Position_,1,1070818,4,140,1682742
Increment_Scroll_Bar_,1,1071508,4,140,1683432
Decrement_Scroll_Bar_,1,1071808,4,140,1683732
Add_Continuous_String_Input_Field_,1,1072106,4,140,1684030
Add_Input_Field_,1,1072699,4,140,1684623
Input_String_,1,1073326,4,140,1685250
Display_Input_Field_,1,1074933,4,140,1686857
Get_Input_String_,1,1076051,4,140,1687975
Set_Input_Delay_,1,1077620,4,140,1689544
Get_Input_,1,1077675,4,140,1689599
Init_Mouse_Keyboard_,1,1077858,4,140,1689782
F11_Key_,1,1077936,4,140,1689860
Disable_Draw_All_Fields_,1,1077972,4,140,1689896
Enable_Draw_All_Fields_,1,1078012,4,140,1689936
Disable_Draw_Field_,1,1078052,4,140,1689976
Enable_Draw_Field_,1,1078236,4,140,1690160
Draw_All_Fields_,1,1078419,4,140,1690343
Draw_Visible_Fields_Back_,1,1078475,4,140,1690399
Push_Field_Down_,1,1085396,4,140,1697320
Assign_Update_Function_,1,1085854,4,140,1697778
Assign_Auto_Function_,1,1085898,4,140,1697822
Save_Auto_Function_,1,1085990,4,140,1697914
Restore_Auto_Function_,1,1086031,4,140,1697955
Deactivate_Auto_Function_,1,1086081,4,140,1698005
Activate_Auto_Function_,1,1086121,4,140,1698045
Invoke_Auto_Function_,1,1086161,4,140,1698085
Invoke_Saved_Auto_Function_,1,1086208,4,140,1698132
Quick_Call_Auto_Function_,1,1086245,4,140,1698169
Call_Auto_Function_,1,1086368,4,140,1698292
Clear_Fields_Above_,1,1086464,4,140,1698388
Clear_Mouse_Buffer_,1,1086529,4,140,1698453
Set_Field_Outline_Color_,1,1086570,4,140,1698494
Set_Help_Field_Outline_Color_,1,1086615,4,140,1698539
Enable_Mouse_Pressed_Field_Update_,1,1086660,4,140,1698584
Disable_Mouse_Pressed_Field_Update_,1,1086710,4,140,1698634
Reset_Wait_For_Input_,1,1086750,4,140,1698674
Wait_For_Input_,1,1086833,4,140,1698757
Set_Help_List_,1,1087160,4,140,1699084
Deactivate_Help_List_,1,1087223,4,140,1699147
Check_Help_List_,1,1087282,4,140,1699206
Mark_Fields_,1,1087585,4,140,1699509
Release_Fields_,1,1087737,4,140,1699661
Restore_,1,1087859,4,140,1699783
Save_Back_,1,1087890,4,140,1699814
Put_Mouse_,1,1087927,4,140,1699851
Mouse_Setup_,1,1087964,4,140,1699888
Save_Back_Always_,1,1087995,4,140,1699919
Add_String_Field_,1,1088026,4,140,1699950
Clear_String_Fields_,1,1088448,4,140,1700372
Disable_All_String_Fields_,1,1088543,4,140,1700467
Disable_String_Field_,1,1088626,4,140,1700550
Enable_All_String_Fields_,1,1088704,4,140,1700628
Enable_String_Field_,1,1088787,4,140,1700711
Draw_Cursor_Pos_,1,1088865,4,140,1700789
Handle_String_Fields_,1,1089005,4,140,1700929
Print_String_Fields_,1,1090248,4,140,1702172
Read_Character_And_Scan_Mb_,1,1090904,4,140,1702828
Scan_All_Fields_,1,1091024,4,140,1702948
Scan_Only_String_Fields_,1,1091268,4,140,1703192
Set_String_Font_Colors_,1,1091513,4,140,1703437
Fill_Edited_String_Field_,1,1091710,4,140,1703634
Add_Irregular_Button_Field_,1,1091886,4,140,1703810
Get_Alt_Alpha_Key_,1,1092490,4,140,1704414
Add_Multi_Hot_Key_Field_,1,1093044,4,140,1704968
Clear_Multi_Hot_Key_Offsets_,1,1093367,4,140,1705291
Check_Multi_Hot_Key_Fields_,1,1093476,4,140,1705400
Draw_Field_,1,1093722,4,140,1705646
Clear_Fields_,1,1098480,4,140,1710404
Clipped_Dot_,1,1098584,4,140,1710508
Add_Clipped_Button_Field_,1,1098693,4,140,1710617
Get_List_Field_,1,1098945,4,140,1710869
Exit_List_Field_,1,1099799,4,140,1711723
Add_String_List_Field_,1,1099837,4,140,1711761
Interpret_Keyboard_Input_,1,1100494,4,140,1712418
Interpret_Mouse_Input_,1,1101557,4,140,1713481
Draw_Visible_Fields_,1,1107736,4,140,1719660
Copy_Continuous_String_,1,1115108,5,140,1727032
Timed_Wait_For_Input_,1,1115270,4,140,1727194
Load_Font_File_,1,1115430,4,141,1727354
Load_Palette_,1,1115622,4,141,1727546
Get_String_Width_,1,1115759,4,141,1727683
Set_Font_,1,1115909,4,141,1727833
Set_Font_Solid_,1,1116207,4,141,1728131
Set_Remap_Font_Style_,1,1116480,4,141,1728404
Set_Remap_Font_Style_Shadow_Down_,1,1116819,4,141,1728743
Set_Remap_Font_Style_Shadow_Up_,1,1116877,4,141,1728801
Set_Remap_Font_Style_Shadow_Heavy_,1,1116935,4,141,1728859
Set_Remap_Font_Style_Outline_,1,1116993,4,141,1728917
Set_Remap_Font_Style_Outline_Heavy_,1,1117051,4,141,1728975
Set_Font_Style_,1,1117109,4,141,1729033
Set_Font_Style_Shadow_Down_,1,1117387,4,141,1729311
Set_Font_Style_Shadow_Up_,1,1117445,4,141,1729369
Set_Font_Style_Shadow_Heavy_,1,1117503,4,141,1729427
Set_Font_Style_Outline_,1,1117561,4,141,1729485
Set_Font_Style_Outline_Heavy_,1,1117619,4,141,1729543
Set_Outline_Color_,1,1117677,4,141,1729601
Set_Font_LF_,1,1117732,4,141,1729656
Set_Font_Spacing_Width_,1,1117792,4,141,1729716
Set_Font_Spacing_,1,1117836,4,141,1729760
Set_Font_Highlight_Colors_,1,1117881,4,141,1729805
Set_Font_Special_Colors_,1,1117959,4,141,1729883
Set_Alias_Color_,1,1118037,4,141,1729961
Save_Alias_Colors_,1,1118105,4,141,1730029
Restore_Alias_Colors_,1,1118178,4,141,1730102
Print_Integer_,1,1118251,4,141,1730175
Print_Unsigned_,1,1118321,4,141,1730245
Print_Right_,1,1118391,4,141,1730315
Print_Centered_,1,1118461,4,141,1730385
Print_Integer_Right_,1,1118547,4,141,1730471
Print_Integer_Centered_,1,1118617,4,141,1730541
Print_Unsigned_Centered_,1,1118687,4,141,1730611
Print_Unsigned_Right_,1,1118757,4,141,1730681
Print_Full_,1,1118827,4,141,1730751
Print_,1,1118899,4,141,1730823
Print_Display_,1,1118955,4,141,1730879
Print_String_,1,1120276,4,141,1732200
No_Print_Alias_,1,1121048,4,141,1732972
Set_Normal_Colors_On_,1,1121088,4,141,1733012
Set_Highlight_Colors_On_,1,1121164,4,141,1733088
Set_Special_Colors_On_,1,1121240,4,141,1733164
PSTRM_,1,1121316,4,141,1733240
PSTRS_,1,1121509,4,141,1733433
PSTR_,1,1121561,4,141,1733485
PSTRL_,1,1121629,4,141,1733553
PSTRU_,1,1121697,4,141,1733621
Print_Character_,1,1121771,4,141,1733695
Print_Character_No_Alias_,1,1121925,4,141,1733849
Set_Background_Color_,1,1122079,4,141,1734003
Set_Foreground_Color_,1,1122124,4,141,1734048
Disp_PSTR_,1,1122171,4,141,1734095
Find_Closest_PSTR_Color_,1,1122585,4,141,1734509
Set_PSTR_Color_,1,1122772,4,141,1734696
Get_Current_Font_Style_,1,1122817,4,141,1734741
Get_Current_Font_Color_,1,1122862,4,141,1734786
Get_Font_Height_,1,1122905,4,141,1734829
Get_Font_Vertical_Spacing_,1,1122950,4,141,1734874
Get_Current_Highlight_Color_,1,1122995,4,141,1734919
Get_Current_Special_Color_,1,1123038,4,141,1734962
Clipped_Print_String_,1,1123081,4,141,1735005
Print_Clipped_Character_,1,1123855,4,141,1735779
Print_Clipped_Letter_,1,1124332,4,141,1736256
Print_Right_To_Bitmap_,1,1124731,4,141,1736655
Print_Centered_To_Bitmap_,1,1124805,4,141,1736729
Print_Full_To_Bitmap_,1,1124895,4,141,1736819
Print_To_Bitmap_,1,1124974,4,141,1736898
Print_Display_To_Bitmap_,1,1125035,4,141,1736959
Print_String_To_Bitmap_,1,1125770,4,141,1737694
Print_Character_To_Bitmap_,1,1126512,4,141,1738436
Print_Clipped_Letter_To_Bitmap_,1,1126833,4,141,1738757
Set_PSTR_Style_,1,1127303,4,141,1739227
Get_Mouse_Sensitivity_,1,1127348,4,142,1739272
Set_Old_Mouse_Sensitivity_,1,1127479,4,142,1739403
Init_Mouse_Driver_,1,1127569,4,142,1739493
User_Mouse_Handler_,1,1128145,4,142,1740069
Set_User_Mouse_Handler_,1,1128435,4,142,1740359
Mouse_Button_Handler_,1,1128556,4,142,1740480
Mouse_Movement_Handler_,1,1128742,4,142,1740666
Enable_Mouse_,1,1128928,4,142,1740852
Disable_Mouse_,1,1128968,4,142,1740892
Save_Mouse_State_,1,1129008,4,142,1740932
Restore_Mouse_State_,1,1129060,4,142,1740984
Mouse_Active_,1,1129103,4,142,1741027
Pointer_X_,1,1129146,4,142,1741070
Pointer_Y_,1,1129191,4,142,1741115
Set_Pointer_Position_,1,1129236,4,142,1741160
Set_Mouse_Position_,1,1129304,4,142,1741228
Mouse_Buffer_X_,1,1129409,4,142,1741333
Mouse_Buffer_Y_,1,1129454,4,142,1741378
Mouse_Buffer_Button_,1,1129499,4,142,1741423
Mouse_Buffer_,1,1129544,4,142,1741468
Mouse_Buffer2_,1,1129604,4,142,1741528
Set_Buffer_2_,1,1129664,4,142,1741588
Set_Mouse_Buffer_,1,1129728,4,142,1741652
Check_Mouse_Buffer_,1,1129811,4,142,1741735
Reset_System_Mouse_,1,1129945,4,142,1741869
Set_Mouse_List_,1,1130092,4,142,1742016
Check_Mouse_Shape_,1,1130151,4,142,1742075
Get_Pointer_Offset_,1,1130491,4,142,1742415
Get_Pointer_Image_Number_,1,1130553,4,142,1742477
Mouse_Button_,1,1130613,4,142,1742537
Mouse_Wait_,1,1130757,4,142,1742681
Save_Mouse_From_Off_Page_,1,1130909,4,142,1742833
Save_Correct_Mouse_Hi_Res_,1,1131063,4,142,1742987
Restore_Mouse_From_Off_Page_,1,1131094,4,142,1743018
Draw_Mouse_Off_Page_,1,1131356,4,142,1743280
Draw_Mouse_Hi_Res_,1,1131421,4,142,1743345
Draw_Mouse_To_Off_Page_,1,1131486,4,142,1743410
Say_Hello_,1,1131818,4,142,1743742
S_Mouse_,1,1131872,4,142,1743796
Set_Mouse_Overide_Input_,1,1132083,4,142,1744007
Clear_Mouse_Overide_Input_,1,1132123,4,142,1744047
Set_Mouse_X_,1,1132163,4,142,1744087
Set_Mouse_Y_,1,1132226,4,142,1744150
Set_Mouse_Right_Down_,1,1132288,4,142,1744212
Set_Mouse_Left_Down_,1,1132328,4,142,1744252
Set_Mouse_Right_Up_,1,1132368,4,142,1744292
Set_Mouse_Left_Up_,1,1132408,4,142,1744332
Random_,1,1132448,4,143,1744372
Set_Random_Seed_,1,1132576,4,143,1744500
Get_Random_Seed_,1,1132620,4,143,1744544
Randomize_,1,1132664,4,143,1744588
Init_Video_Drivers_,1,1132715,4,144,1744639
Get_Current_Video_Page_Flag_,1,1133218,4,144,1745142
Reset_Video_,1,1133262,4,144,1745186
Cls_,1,1133318,4,144,1745242
New_Screen_,1,1133367,4,144,1745291
Set_Refresh_Full_,1,1133413,4,144,1745337
Save_Refresh_,1,1133464,4,144,1745388
Restore_Refresh_,1,1133519,4,144,1745443
Set_Refresh_Stencil_,1,1133576,4,144,1745500
Get_Refresh_Mode_,1,1133627,4,144,1745551
Set_Refresh_Stencil_No_Full_,1,1133672,4,144,1745596
Set_Refresh_Differential_,1,1133723,4,144,1745647
Set_Refresh_Differential_No_Full_,1,1133774,4,144,1745698
Set_Refresh_Masked_,1,1133825,4,144,1745749
Set_Page_Off_,1,1133889,4,144,1745813
Set_Page_Back_,1,1133946,4,144,1745870
Set_Page_On_,1,1134003,4,144,1745927
Copy_Off_To_Back_,1,1134060,4,144,1745984
Copy_Back_To_Off_,1,1134134,4,144,1746058
Copy_Off_To_On_,1,1134208,4,144,1746132
Toggle_Pages_,1,1134283,4,144,1746207
Assign_Video_Function_Pointers_,1,1134692,4,144,1746616
Get_Video_Card_,1,1135298,4,144,1747222
Set_Video_Mode_,1,1135360,4,144,1747284
Create_Screen_Buffers_,1,1135485,4,144,1747409
Get_Video_Total_Memory_,1,1135658,4,144,1747582
Get_Video_Granularity_,1,1135808,4,144,1747732
Cls_On_,1,1135956,4,144,1747880
Full_Screen_Dump_Hi_Res_,1,1136095,4,144,1748019
Masked_Screen_Dump_Hi_Res_,1,1136255,4,144,1748179
Partial_Screen_Dump_Hi_Res_,1,1136660,4,144,1748584
Clear_Scan_List_,1,1137889,4,144,1749813
Clear_Stencil_List_,1,1137944,4,144,1749868
Stencil_Out_Background_,1,1137999,4,144,1749923
Add_Dot_To_Scan_List_,1,1138195,4,144,1750119
Add_Line_To_Scan_List_,1,1138683,4,144,1750607
Copy_Off_To_On_Hi_Res_,1,1139236,4,144,1751160
Save_Video_State_Hi_Res_,1,1139711,4,144,1751635
Restore_Video_State_Hi_Res_,1,1139738,4,144,1751662
Exit_With_Size_,1,1139773,4,145,1751697
Exit_With_Message_,1,1139847,4,145,1751771
Exit_With_Value_,1,1139916,4,145,1751840
strstr_,1,1140001,4,146,1751925
sprintf_,1,1140210,4,147,1752134
atol_,1,1140258,4,148,1752182
__open_flags_,1,1140367,4,149,1752291
__doopen_,1,1140576,5,149,1752500
_fsopen_,1,1140772,4,149,1752696
fopen_,1,1140829,4,149,1752753
close_file_,1,1140839,5,149,1752763
freopen_,1,1140943,4,149,1752867
fgets_,1,1141009,4,150,1752933
fclose_,1,1141114,4,151,1753038
__shutdown_stream_,1,1141159,4,151,1753083
__hex_,1,1141180,5,151,1753104
__MkTmpFile_,1,1141192,4,151,1753116
__doclose_,1,1141293,4,151,1753217
Farload_,1,1141437,4,152,1753361
Far_Reload_,1,1141501,4,152,1753425
Far_Reload_Next_,1,1141570,4,152,1753494
Farload_Data_,1,1141639,4,152,1753563
Far_Reload_Data_,1,1141725,4,152,1753649
Far_Reload_Next_Data_,1,1141815,4,152,1753739
Farload_Data_Static_,1,1141905,4,152,1753829
Farload_Library_,1,1141995,4,152,1753919
Farload_Library_Data_,1,1142587,4,152,1754511
Get_Farload_Data_Record_Count_,1,1143347,4,152,1755271
Error_Handler_,1,1143772,4,152,1755696
Set_Alternate_Path_,1,1144211,4,152,1756135
atoi_,1,1144331,4,153,1756255
Set_Memory_,1,1144440,4,154,1756364
Copy_Structure_Aligned_,1,1144494,4,154,1756418
Copy_Structure_DW_,1,1144509,4,154,1756433
Store_Memory_Differences_,1,1144521,4,154,1756445
Clear_Direction_Flag_,1,1144554,4,154,1756478
Test_Bit_Field_,1,1144560,4,154,1756484
Set_Bit_Field_,1,1144594,4,154,1756518
Clear_Bit_Field_,1,1144618,4,154,1756542
Set_Structure_,1,1144644,4,154,1756568
Clear_Structure_,1,1144694,4,154,1756618
Copy_Structure_,1,1144734,4,154,1756658
Swap_Structure_,1,1144798,4,154,1756722
Drive_Test_,1,1144920,4,155,1756844
Windows_Check_,1,1144960,4,155,1756884
Flush_Buffer_Space_,1,1144995,4,156,1756919
Get_Remaining_Buffer_Space_,1,1145131,4,156,1757055
Free_Buffer_Space_,1,1145193,4,156,1757117
Allocate_Buffer_Space_,1,1145263,4,156,1757187
Clear_Buffer_Reload_,1,1145667,4,156,1757591
Buffer_Reload_,1,1145895,4,156,1757819
Farload_Buffer_Library_,1,1147244,4,156,1759168
Get_Next_Buffer_Address_,1,1148284,4,156,1760208
Get_Lowest_Priority_,1,1148603,4,156,1760527
Check_For_Valid_Segs_,1,1148875,4,156,1760799
utoa_,1,1149046,4,157,1760970
_itoa_,1,1149120,4,157,1761044
itoa_,1,1149120,4,157,1761044
fread_,1,1149147,4,158,1761071
Set_Window_,1,1149622,4,159,1761546
Save_Window_,1,1149769,4,159,1761693
Restore_Window_,1,1149848,4,159,1761772
Reset_Window_,1,1149927,4,159,1761851
Fill_,1,1150002,4,159,1761926
Interlaced_Fill_,1,1150686,4,159,1762610
Tri_Interlaced_Fill_,1,1151280,4,159,1763204
Gray_Scale_Fill_,1,1151897,4,159,1763821
Interlaced_Gray_Scale_Fill_,1,1152276,4,159,1764200
Dot_,1,1152813,4,159,1764737
Box_,1,1152963,4,159,1764887
Darken_Fill_,1,1153246,4,159,1765170
Tint_Fill_,1,1153309,4,159,1765233
Gradient_Fill_,1,1153924,4,159,1765848
memset_,1,1154160,4,160,1766084
__get_errno_ptr_,1,1154184,4,161,1766108
__get_doserrno_ptr_,1,1154190,4,161,1766114
strerror_,1,1154196,4,162,1766120
fwrite_,1,1154219,4,163,1766143
_access_,1,1154667,4,164,1766591
access_,1,1154667,4,164,1766591
__update_buffer_,1,1154726,5,165,1766650
fseek_,1,1154792,4,165,1766716
clock_,1,1155044,4,166,1766968
fflush_,1,1155049,4,167,1766973
Draw_No_Glass_,1,1155065,4,168,1766989
Draw_,1,1156216,4,168,1768140
Draw_Animated_Sprite_Back_Diff_,1,1157396,4,168,1769320
Draw_No_Glassed_Animated_Sprite_,1,1157793,4,168,1769717
Draw_No_Glassed_Bitmap_Sprite_,1,1158092,4,168,1770016
Draw_Glassed_Animated_Sprite_,1,1158308,4,168,1770232
Set_Animation_Palette_,1,1158656,4,168,1770580
Draw_Glassed_Bitmap_Sprite_,1,1158848,4,168,1770772
Draw_Screen_Background_Off_,1,1159116,4,168,1771040
Draw_Animated_Sprite_On_Page_,1,1159351,4,168,1771275
Draw_Screen_Background_On_,1,1159897,4,168,1771821
Draw_Glassed_Screen_Background_Off_,1,1160160,4,168,1772084
Draw_Glassed_Screen_Background_On_,1,1160449,4,168,1772373
Clip_On_,1,1160756,4,168,1772680
Clip_Off_,1,1160796,4,168,1772720
Dot_Stencil_On_,1,1160836,4,168,1772760
Dot_Stencil_Off_,1,1160876,4,168,1772800
Get_Full_Store_Flag_,1,1160916,4,168,1772840
Reset_Animation_Frame_,1,1160998,4,168,1772922
Set_Animation_Frame_,1,1161043,4,168,1772967
Draw_Palette_,1,1161117,4,168,1773041
Remap_Draw_,1,1161185,4,168,1773109
Remap_Draw_Animated_Sprite_,1,1161963,4,168,1773887
Remap_Clipped_Draw_Animated_Sprite_,1,1162251,4,168,1774175
Draw_Gray_Scaled_,1,1163066,4,168,1774990
Draw_Screen_Background_Off_Gray_Scale_,1,1163543,4,168,1775467
Mark_Time_,1,1163936,4,169,1775860
Time_Passed_,1,1163950,4,169,1775874
Timer_Value_,1,1163965,4,169,1775889
Release_Time_,1,1163974,4,169,1775898
Read_Key_,1,1164001,4,170,1775925
Check_Key_,1,1164123,4,170,1776047
Keyboard_Status_,1,1164178,4,170,1776102
Key_Waiting_,1,1164243,4,170,1776167
Init_Keyboard_,1,1164320,4,170,1776244
Disable_Keyboard_,1,1164435,4,170,1776359
New09_Handler_,1,1164504,4,170,1776428
getch_,1,1164660,4,170,1776584
Scan_Key_,1,1164718,4,170,1776642
Open_File_Animation_,1,1164807,4,171,1776731
Draw_File_Animation_,1,1165260,4,171,1777184
Draw_Multi_File_Animation_Stencil_,1,1166038,4,171,1777962
Draw_File_Animation_Stencil_,1,1166637,4,171,1778561
Draw_File_Animation_On_,1,1167213,4,171,1779137
Open_Multi_File_Animation_,1,1167813,4,171,1779737
Draw_Multi_File_Animation_,1,1168392,4,171,1780316
Set_File_Animation_Frame_,1,1169074,4,171,1780998
Get_File_Animation_Frame_,1,1169163,4,171,1781087
Get_Multi_File_Animation_Frame_,1,1169221,4,171,1781145
Reset_File_Animation_Buffer_,1,1169294,4,171,1781218
Set_File_Animation_Buffer_,1,1169335,4,171,1781259
Draw_Multi_File_Animation_Palette_,1,1169379,4,171,1781303
Draw_File_Animation_Palette_,1,1169486,4,171,1781410
Set_Multi_File_Animation_Frame_,1,1169551,4,171,1781475
Create_Blank_Bitmap_,1,1169653,4,172,1781577
Create_Bitmap_Header_,1,1169731,4,172,1781655
Create_Multi_Frame_Blank_Bitmap_,1,1169872,4,172,1781796
Create_Multi_Frame_Bitmap_Header_,1,1169942,4,172,1781866
Get_Bitmap_Size_,1,1170084,4,172,1782008
Set_Picture_Glassed_,1,1170172,4,172,1782096
Shear_Bitmap_Y_,1,1170235,4,172,1782159
Shear_Array_Bitmap_Y_,1,1170581,4,172,1782505
Shear_Bitmap_X_,1,1170800,4,172,1782724
Shear_Array_Bitmap_X_,1,1171154,4,172,1783078
Flip_Bitmap_,1,1171378,4,172,1783302
Copy_Bitmap_To_Bitmap_,1,1171634,4,172,1783558
Screen_Bitmap_Capture_,1,1171784,4,172,1783708
Draw_Bitmap_To_Mouse_,1,1171936,4,172,1783860
Clear_Mouse_Image_,1,1172274,4,172,1784198
Scale_Bitmap_,1,1172340,4,172,1784264
Vanish_Bitmap_,1,1172816,4,172,1784740
Outline_Bitmap_,1,1173071,4,172,1784995
Bitmap_Aura_,1,1173303,4,172,1785227
Transpose_Bitmap_,1,1173507,4,172,1785431
Tint_Bitmap_,1,1173716,4,172,1785640
Create_Brighten_Bitmap_Palettes_,1,1173921,4,172,1785845
Mask_Brighten_Bitmap_,1,1174307,4,172,1786231
Darken_Bitmap_,1,1175076,4,172,1787000
Jumble_Bitmap_,1,1175271,4,172,1787195
Mask_Out_Bitmap_With_Bitmap_,1,1175485,4,172,1787409
Mask_Out_Colors_,1,1176226,4,172,1788150
Interlace_Gray_Scale_Bitmap_,1,1176370,4,172,1788294
Gray_Scale_Bitmap_,1,1176728,4,172,1788652
Draw_Picture_To_Bitmap_,1,1176952,4,172,1788876
Add_Picture_To_Bitmap_,1,1177574,4,172,1789498
Draw_Bitmap_Rotated_,1,1178959,4,172,1790883
Get_Rotated_Pixels_,1,1179135,4,172,1791059
Draw_Bitmap_Line_,1,1179800,4,172,1791724
Draw_Bitmap_Animation_Block_,1,1181857,4,172,1793781
Form_Texture_Map_Edge_List_,1,1183283,4,172,1795207
Texture_Map_Block_,1,1184213,4,172,1796137
Get_Bitmap_Actual_Size_,1,1185064,4,172,1796988
Line_Texture_Map_,1,1185372,4,172,1797296
Get_Bitmap_Pixel_,1,1185708,4,172,1797632
Set_Palette_Colors_,1,1185834,4,173,1797758
Set_Palette_Changes_,1,1186004,4,173,1797928
Clear_Palette_Changes_,1,1186082,4,173,1798006
Save_Palette_,1,1186160,4,173,1798084
Restore_Palette_,1,1186211,4,173,1798135
Set_Palette_Gradient_,1,1186276,4,173,1798200
Set_Glass_Remap_Color_,1,1186507,4,173,1798431
Reset_Cycle_Palette_Color_,1,1186612,4,173,1798536
Cycle_Palette_Color_,1,1186653,4,173,1798577
Update_Cycle_,1,1187435,4,173,1799359
Refresh_Palette_,1,1187707,4,173,1799631
Allocate_Glass_Remap_Next_Block_,1,1187941,4,173,1799865
Save_Glass_Remap_Block_,1,1187996,4,173,1799920
Restore_Glass_Remap_Block_,1,1188073,4,173,1799997
RGB_To_HLS_,1,1188151,4,173,1800075
HLS_To_RGB_,1,1188686,4,173,1800610
Value_,1,1188961,4,173,1800885
RADMALLOC,1,1189279,4,174,1801203
RADFREE,1,1189396,4,174,1801320
Open_Smacker_Animation_,1,1189446,4,174,1801370
Set_Smacker_Animation_Frame_,1,1189694,4,174,1801618
Get_Smacker_Animation_Height_,1,1189730,4,174,1801654
Get_Smacker_Animation_Width_,1,1189795,4,174,1801719
Get_Smacker_Animation_Total_Frames_,1,1189860,4,174,1801784
Get_Smacker_Animation_Frame_,1,1189925,4,174,1801849
Draw_Smacker_Animation_,1,1189993,4,174,1801917
Close_Smacker_Animation_,1,1190356,4,174,1802280
Set_Smacker_Palette_,1,1190417,4,174,1802341
Vsync_Speed_Test_,1,1190564,4,175,1802488
Store_Palette_Block_,1,1190648,4,175,1802572
Wait_For_Vsync_,1,1190695,4,175,1802619
Forced_Wait_For_Vsync_,1,1190721,4,175,1802645
Tint_Palette_,1,1190738,4,175,1802662
Darken_Palette_,1,1191040,4,175,1802964
Cycle_Palette_,1,1191222,4,175,1803146
Dual_Cycle_Palette_,1,1191529,4,175,1803453
Store_Single_Palette_Color_,1,1191719,4,175,1803643
String_To_Upper_,1,1191772,4,176,1803696
String_To_Lower_,1,1191885,4,176,1803809
Trim_,1,1191998,4,176,1803922
Swap_,1,1192146,4,176,1804070
Swap_Short_,1,1192209,4,176,1804133
Swap_Char_,1,1192276,4,176,1804200
Swap_Long_,1,1192339,4,176,1804263
Delete_Structure_,1,1192402,4,176,1804326
Update_Glass_Remap_Colors_,1,1192503,4,177,1804427
Update_Glass_Remap_Color_Range_,1,1193147,4,177,1805071
Sort_Palette_List_,1,1193770,4,177,1805694
Find_Closest_Color_,1,1194185,4,177,1806109
Get_Palette_Animation_Color_,1,1194926,4,177,1806850
Calculate_Picture_Remap_Colors_,1,1195164,4,177,1807088
Create_Picture_Remap_Palette_,1,1195286,4,177,1807210
Get_Remap_Palette_Color_,1,1195489,4,177,1807413
Get_Palette_RGB_,1,1195542,4,177,1807466
byteswap_,1,1195638,5,178,1807562
med3_,1,1195676,5,178,1807600
qsort_,1,1195764,4,178,1807688
Interpolate_Line_,1,1196845,4,179,1808769
Absolute_Interpolate_Line_,1,1197232,4,179,1809156
Range_,1,1197623,4,179,1809547
Delta_XY_With_Wrap_,1,1197764,4,179,1809688
Path_,1,1197929,4,179,1809853
Path_Wrap_,1,1198478,4,179,1810402
isqrt_,1,1199250,4,179,1811174
Line_,1,1199405,4,180,1811329
Clip_Line_,1,1200983,4,180,1812907
Draw_Horizontal_Run_,1,1202076,4,180,1814000
Draw_Vertical_Run_,1,1202182,4,180,1814106
Multi_Colored_Line_,1,1202288,4,180,1814212
Draw_Horizontal_Run_Multi_,1,1203933,4,180,1815857
Draw_Vertical_Run_Multi_,1,1204061,4,180,1815985
Anti_Alias_Line_,1,1204189,4,180,1816113
Draw_Horizontal_Run_Alias_,1,1205809,4,180,1817733
Draw_Vertical_Run_Alias_,1,1205932,4,180,1817856
Plasma_Box_,1,1206056,4,180,1817980
Create_Plasma_Line_,1,1206488,4,180,1818412
Plasma_Line_,1,1206831,4,180,1818755
Draw_Horizontal_Run_Plasma_,1,1208483,4,180,1820407
Draw_Vertical_Run_Plasma_,1,1208609,4,180,1820533
Replace_Color_,1,1208735,4,181,1820659
Replace_Color_All_,1,1209406,4,181,1821330
No_Replace_Mask_Msg_,1,1210063,4,181,1821987
Replace_Color_Gradient_,1,1210104,4,181,1822028
Replace_Gradient_Range_,1,1210883,4,181,1822807
Replace_Color_Range_,1,1211782,4,181,1823706
Establish_Color_Gradient_,1,1212640,4,181,1824564
Shift_Palette_Range_,1,1212853,4,181,1824777
Gray_Scale_Off_Page_,1,1212969,4,181,1824893
Interlaced_Gray_Scale_Off_Page_,1,1213119,4,181,1825043
_angle_to_sin,1,1213445,5,182,1825369
Get_Angle_,1,1213625,4,182,1825549
Sin_,1,1213973,4,182,1825897
Cos_,1,1214326,4,182,1826250
Rotate_Coordinates_,1,1214386,4,182,1826310
strcmp_,1,1215376,4,183,1827300
Set_Bank_Write_Vesa_,1,1215540,4,184,1827464
Set_Bank_Read_Vesa_,1,1215576,4,184,1827500
Switch_Video_Pages_Vesa_,1,1215623,4,184,1827547
Get_Bank_Write_Vesa_,1,1215664,4,184,1827588
Fast_Screen_Block_Copy_,1,1215712,4,184,1827636
Add_Square_To_Scan_List_,1,1215726,4,184,1827650
cget_file_,1,1216018,5,185,1827942
uncget_file_,1,1216102,5,185,1828026
vfscanf_,1,1216110,4,185,1828034
fscanf_,1,1216149,4,185,1828073
fputs_,1,1216182,4,186,1828106
_netLobby,1,1216305,4,187,1828229
Net_Init_,1,1216315,4,187,1828239
Net_Uninit_,1,1216610,4,187,1828534
Net_Update_,1,1216699,4,187,1828623
Net_Is_Sending_,1,1216807,4,187,1828731
Net_Send_Message_,1,1216851,4,187,1828775
Net_Status_,1,1217036,4,187,1828960
Net_Get_Users_,1,1217172,4,187,1829096
Set_Null_Modem_Slave_,1,1217368,4,187,1829292
Set_Null_Modem_Host_,1,1217415,4,187,1829339
Net_Is_User_Valid_,1,1217462,4,187,1829386
Net_Host_ID_,1,1217607,4,187,1829531
Net_Update_Game_List_,1,1217654,4,187,1829578
Net_Get_Game_Count_,1,1218137,4,187,1830061
Net_Get_Game_Name_,1,1218186,4,187,1830110
Net_Get_Game_Status_,1,1218296,4,187,1830220
Net_Join_Game_,1,1218383,4,187,1830307
Net_Create_Game_,1,1218605,4,187,1830529
Net_Get_Player_Count_,1,1218794,4,187,1830718
Net_Enable_New_Players_,1,1218894,4,187,1830818
Net_Disable_New_Players_,1,1218959,4,187,1830883
Net_New_Players_Enabled_,1,1219024,4,187,1830948
memmove_,1,1219071,4,188,1830995
_dos_findfirst_,1,1219148,4,189,1831072
_dos_findnext_,1,1219177,4,189,1831101
_dos_findclose_,1,1219205,4,189,1831129
strncpy_,1,1219278,4,190,1831202
Reduce_Palette_,1,1219315,4,191,1831239
Split_Cube_,1,1219966,4,191,1831890
Sort_Cube_Points_,1,1221801,4,191,1833725
Find_Longest_Axis_,1,1222417,4,191,1834341
Initial_Cube_,1,1222604,4,191,1834528
Find_Next_Lowest_Cube_Level_,1,1222735,4,191,1834659
Shrink_Cube_,1,1223059,4,191,1834983
Clear_Reduced_Palette_Groups_,1,1223361,4,191,1835285
Add_Reduced_Palette_Group_,1,1223401,4,191,1835325
Compress_Reduced_Palette_Groups_,1,1223681,4,191,1835605
strncmp_,1,1223902,4,192,1835826
LBX_create_,1,1223943,4,193,1835867
LBX_init_,1,1223987,4,193,1835911
LBX_uninit_,1,1224308,4,193,1836232
LBX_readRecord_,1,1224379,4,193,1836303
LBX_readPartialRecord_,1,1224534,4,193,1836458
LBX_getRecordLength_,1,1224658,4,193,1836582
LBX_getRecordLocation_,1,1224713,4,193,1836637
LBX_writeRecord_,1,1224768,4,193,1836692
LBX_appendRecord_,1,1225607,4,193,1837531
LBX_deleteRecord_,1,1226399,4,193,1838323
Save_Block_To_Drive_,1,1227197,4,194,1839121
Restore_Block_From_Drive_,1,1227398,4,194,1839322
Bolt_Line_,1,1227515,4,195,1839439
Bolt_Segment_,1,1228484,4,195,1840408
Wide_Bolt_Line_,1,1229356,4,195,1841280
_stricmp_,1,1230998,4,196,1842922
strcmpi_,1,1230998,4,196,1842922
stricmp_,1,1230998,4,196,1842922
mem_putc_,1,1231069,5,197,1842993
vsprintf_,1,1231088,4,197,1843012
time_,1,1231109,4,198,1843033
_localtime_,1,1231156,4,199,1843080
localtime_,1,1231237,4,199,1843161
fgetc_,1,1231250,4,200,1843174
__filbuf_,1,1231387,4,200,1843311
__fill_buffer_,1,1231434,4,200,1843358
_nfree_,1,1231606,4,201,1843530
free_,1,1231606,4,201,1843530
_nmalloc_,1,1231736,4,202,1843660
malloc_,1,1231736,4,202,1843660
Init_Modem_,1,1231963,4,203,1843887
Uninit_Modem_,1,1232069,4,203,1843993
Modem_Output_,1,1232119,4,203,1844043
Modem_Read_Char_,1,1232212,4,203,1844136
Modem_Answer_,1,1232293,4,203,1844217
Modem_Dial_Number_,1,1232385,4,203,1844309
Get_Modem_Error_,1,1232600,4,203,1844524
Modem_Connected_,1,1232861,4,203,1844785
Modem_Hang_Up_,1,1232936,4,203,1844860
Modem_Reset_,1,1233137,4,203,1845061
Modem_Write_Char_,1,1233296,4,203,1845220
Modem_Open_Port_,1,1233351,4,203,1845275
Modem_Close_Port_,1,1233510,4,203,1845434
InitTransportLayer_,1,1233574,4,204,1845498
UninitTransportLayer_,1,1233732,4,204,1845656
PacketAcked_,1,1233820,4,204,1845744
UserIsValid_,1,1233999,4,204,1845923
SendPacketBurst_,1,1234379,4,204,1846303
UpdateTransportLayer_,1,1234648,4,204,1846572
ResetSending_,1,1234779,4,204,1846703
ResetReceiving_,1,1234949,4,204,1846873
SendAck_,1,1235047,4,204,1846971
NumUsers_,1,1235225,4,204,1847149
AllAcknowledged_,1,1235325,4,204,1847249
ReceiveLargeUserMessage_,1,1235643,4,204,1847567
SendPacket_,1,1236606,4,204,1848530
SendLargeUserMessage_,1,1236927,4,204,1848851
OutputDebugString_,1,1237382,4,204,1849306
_toupper_,1,1237546,4,206,1849470
toupper_,1,1237546,4,206,1849470
_tolower_,1,1237560,4,207,1849484
tolower_,1,1237560,4,207,1849484
Print_Paragraph_,1,1237574,4,208,1849498
Mark_Paragraph_,1,1238143,4,208,1850067
Get_Paragraph_Max_Height_,1,1239167,4,208,1851091
Get_Paragraph_Max_Width_,1,1239290,4,208,1851214
Reset_Paragraph_Exclusions_,1,1239710,4,208,1851634
Set_Paragraph_Exclusion_Area_,1,1239750,4,208,1851674
Set_Paragraph_Exclusion_Picture_,1,1239893,4,208,1851817
Remove_Paragraph_Marks_,1,1240062,4,208,1851986
Print_Paragraph_To_Bitmap_,1,1240148,4,208,1852072
_strupr_,1,1240665,4,209,1852589
strupr_,1,1240665,4,209,1852589
Blinds_Fade_,1,1240702,4,210,1852626
__CMain,1,1240860,4,211,1852784
__InitRtns,1,1240940,4,212,1852864
__FiniRtns,1,1241015,4,212,1852939
__null_FPE_rtn,1,1241094,5,214,1853018
__Init_Argv_,1,1241095,4,215,1853019
_SplitParms_,1,1241288,5,215,1853212
__CHK,1,1241568,4,216,1853492
__GRO,1,1241584,4,216,1853508
__STK,1,1241587,4,216,1853511
__STKOVERFLOW_,1,1241617,4,216,1853541
strcat_,1,1241632,4,217,1853556
int386_,1,1241683,4,218,1853607
sound_,1,1241712,4,219,1853636
nosound_,1,1241786,4,219,1853710
delay_,1,1241804,4,220,1853728
printf_,1,1241809,4,221,1853733
__null_int23_exit_,1,1241843,4,222,1853767
_null_exit_rtn_,1,1241843,5,222,1853767
exit_,1,1241844,4,222,1853768
_exit_,1,1241868,4,222,1853792
_memavl_,1,1241890,4,223,1853814
memcpy_,1,1241946,4,224,1853870
strcpy_,1,1241983,4,225,1853907
_dos_getfileattr_,1,1242014,4,226,1853938
_dos_setfileattr_,1,1242041,4,226,1853965
_dos_getdiskfree_,1,1242060,4,227,1853984
remove_,1,1242105,4,228,1854029
getcwd_,1,1242110,4,229,1854034
AILDEBUG_start_,1,1242246,4,230,1854170
_TIME_callback,1,1242414,4,230,1854338
TIME_write_,1,1242522,4,230,1854446
_AIL_startup,1,1242688,4,230,1854612
_AIL_shutdown,1,1243068,4,230,1854992
_AIL_set_preference,1,1243215,4,230,1855139
_AIL_lock,1,1243465,4,230,1855389
_AIL_unlock,1,1243470,4,230,1855394
_AIL_get_real_vect,1,1243475,4,230,1855399
_AIL_set_real_vect,1,1243710,4,230,1855634
_AIL_set_USE16_ISR,1,1243831,4,230,1855755
_AIL_restore_USE16_ISR,1,1243969,4,230,1855893
_AIL_disable_interrupts,1,1244085,4,230,1856009
_AIL_restore_interrupts,1,1244090,4,230,1856014
_AIL_call_driver,1,1244104,4,230,1856028
_AIL_delay,1,1244382,4,230,1856306
_AIL_background,1,1244491,4,230,1856415
_AIL_read_INI,1,1244496,4,230,1856420
_AIL_register_timer,1,1245353,4,230,1857277
_AIL_set_timer_user,1,1245588,4,230,1857512
_AIL_set_timer_period,1,1245831,4,230,1857755
_AIL_set_timer_frequency,1,1245949,4,230,1857873
_AIL_set_timer_divisor,1,1246067,4,230,1857991
_AIL_interrupt_divisor,1,1246185,4,230,1858109
_AIL_start_timer,1,1246407,4,230,1858331
_AIL_start_all_timers,1,1246516,4,230,1858440
_AIL_stop_timer,1,1246614,4,230,1858538
_AIL_stop_all_timers,1,1246723,4,230,1858647
_AIL_release_timer_handle,1,1246821,4,230,1858745
_AIL_release_all_timers,1,1246930,4,230,1858854
_AIL_get_IO_environment,1,1247028,4,230,1858952
_AIL_install_driver,1,1247257,4,230,1859181
_AIL_uninstall_driver,1,1247500,4,230,1859424
_AIL_install_DIG_INI,1,1247609,4,230,1859533
_AIL_install_DIG_driver_file,1,1247831,4,230,1859755
_AIL_uninstall_DIG_driver,1,1248068,4,230,1859992
_AIL_allocate_sample_handle,1,1248177,4,230,1860101
_AIL_allocate_file_sample,1,1248406,4,230,1860330
_AIL_release_sample_handle,1,1248655,4,230,1860579
_AIL_init_sample,1,1248764,4,230,1860688
_AIL_set_sample_file,1,1248873,4,230,1860797
_AIL_set_sample_address,1,1249135,4,230,1861059
_AIL_set_sample_type,1,1249265,4,230,1861189
_AIL_start_sample,1,1249395,4,230,1861319
_AIL_stop_sample,1,1249504,4,230,1861428
_AIL_resume_sample,1,1249613,4,230,1861537
_AIL_end_sample,1,1249722,4,230,1861646
_AIL_set_sample_playback_rate,1,1249831,4,230,1861755
_AIL_set_sample_volume,1,1249949,4,230,1861873
_AIL_set_sample_pan,1,1250067,4,230,1861991
_AIL_set_sample_loop_count,1,1250185,4,230,1862109
_AIL_sample_status,1,1250303,4,230,1862227
_AIL_sample_playback_rate,1,1250532,4,230,1862456
_AIL_sample_volume,1,1250773,4,230,1862697
_AIL_sample_pan,1,1251002,4,230,1862926
_AIL_sample_loop_count,1,1251231,4,230,1863155
_AIL_install_DIG_driver_image,1,1251460,4,230,1863384
_AIL_minimum_sample_buffer_size,1,1251709,4,230,1863633
_AIL_sample_buffer_ready,1,1251958,4,230,1863882
_AIL_load_sample_buffer,1,1252187,4,230,1864111
_AIL_set_sample_position,1,1252330,4,230,1864254
_AIL_sample_position,1,1252448,4,230,1864372
_AIL_register_SOB_callback,1,1252677,4,230,1864601
_AIL_register_EOB_callback,1,1252914,4,230,1864838
_AIL_register_EOS_callback,1,1253151,4,230,1865075
_AIL_register_EOF_callback,1,1253388,4,230,1865312
_AIL_set_sample_user_data,1,1253625,4,230,1865549
_AIL_sample_user_data,1,1253755,4,230,1865679
_AIL_active_sample_count,1,1253992,4,230,1865916
_AIL_install_MDI_INI,1,1254221,4,230,1866145
_AIL_install_MDI_driver_file,1,1254437,4,230,1866361
_AIL_uninstall_MDI_driver,1,1254674,4,230,1866598
_AIL_allocate_sequence_handle,1,1254783,4,230,1866707
_AIL_release_sequence_handle,1,1255012,4,230,1866936
_AIL_init_sequence,1,1255121,4,230,1867045
_AIL_start_sequence,1,1255370,4,230,1867294
_AIL_stop_sequence,1,1255479,4,230,1867403
_AIL_resume_sequence,1,1255588,4,230,1867512
_AIL_end_sequence,1,1255697,4,230,1867621
_AIL_set_sequence_tempo,1,1255806,4,230,1867730
_AIL_set_sequence_volume,1,1255936,4,230,1867860
_AIL_set_sequence_loop_count,1,1256066,4,230,1867990
_AIL_sequence_status,1,1256184,4,230,1868108
_AIL_sequence_tempo,1,1256413,4,230,1868337
_AIL_sequence_volume,1,1256642,4,230,1868566
_AIL_sequence_loop_count,1,1256871,4,230,1868795
_AIL_install_MDI_driver_image,1,1257100,4,230,1869024
_AIL_set_GTL_filename_prefix,1,1257349,4,230,1869273
_AIL_timbre_status,1,1257458,4,230,1869382
_AIL_install_timbre,1,1257707,4,230,1869631
_AIL_protect_timbre,1,1257956,4,230,1869880
_AIL_unprotect_timbre,1,1258086,4,230,1870010
_AIL_active_sequence_count,1,1258216,4,230,1870140
_AIL_controller_value,1,1258445,4,230,1870369
_AIL_channel_notes,1,1258694,4,230,1870618
_AIL_sequence_position,1,1258931,4,230,1870855
_AIL_branch_index,1,1259195,4,230,1871119
_AIL_register_prefix_callback,1,1259313,4,230,1871237
_AIL_register_trigger_callback,1,1259550,4,230,1871474
_AIL_register_sequence_callback,1,1259787,4,230,1871711
_AIL_register_event_callback,1,1260024,4,230,1871948
_AIL_register_timbre_callback,1,1260261,4,230,1872185
_AIL_set_sequence_user_data,1,1260498,4,230,1872422
_AIL_sequence_user_data,1,1260628,4,230,1872552
_AIL_register_ICA_array,1,1260865,4,230,1872789
_AIL_lock_channel,1,1260983,4,230,1872907
_AIL_release_channel,1,1261212,4,230,1873136
_AIL_map_sequence_channel,1,1261330,4,230,1873254
_AIL_true_sequence_channel,1,1261460,4,230,1873384
_AIL_send_channel_voice_message,1,1261697,4,230,1873621
_AIL_send_sysex_message,1,1261850,4,230,1873774
_AIL_create_wave_synthesizer,1,1261968,4,230,1873892
_AIL_destroy_wave_synthesizer,1,1262232,4,230,1874156
AILDEBUG_end_,1,1262341,4,230,1874265
strlen_,1,1262383,4,231,1874307
Load_System_Font_,1,1262408,4,232,1874332
Load_System_Mouse_,1,1263452,4,232,1875376
_Full_at_exit_rtn_,1,1263819,4,233,1875743
atexit_,1,1263878,4,233,1875802
_Alphabet,1,1263938,5,234,1875862
ultoa_,1,1263975,4,234,1875899
_ltoa_,1,1264049,4,234,1875973
ltoa_,1,1264049,4,234,1875973
Print_Character_ASM_,1,1264076,4,235,1876000
Print_Character_No_Alias_ASM_,1,1264134,4,235,1876058
_disable_,1,1264198,4,236,1876122
_enable_,1,1264200,4,237,1876124
int386x_,1,1264202,4,238,1876126
Count_It_,1,1264228,4,239,1876152
Get_ES_,1,1264261,4,239,1876185
Get_DS_,1,1264267,4,239,1876191
Save_Mouse_Hi_Res_,1,1264273,4,239,1876197
Restore_Mouse_Hi_Res_,1,1265324,4,239,1877248
Draw_Mouse_Buffer_,1,1266333,4,239,1878257
Save_Mouse_Off_Page_,1,1267481,4,239,1879405
Restore_Mouse_Off_Page_,1,1267792,4,239,1879716
Draw_Mouse_Off_Page_Buffer_,1,1268063,4,239,1879987
Set_Video_Mode_Lo_Res_,1,1268442,4,240,1880366
Set_Video_Mode_Mode_X_,1,1268473,4,240,1880397
Set_Video_Mode_Mode_X240_,1,1268504,4,240,1880428
Set_Video_Mode_Mode_Y_,1,1268535,4,240,1880459
Full_Screen_Dump_Lo_Res_,1,1268566,4,240,1880490
Full_Screen_Dump_Mode_X_,1,1268597,4,240,1880521
Full_Screen_Dump_Mode_X240_,1,1268628,4,240,1880552
Full_Screen_Dump_Mode_Y_,1,1268659,4,240,1880583
Partial_Screen_Dump_Lo_Res_,1,1268690,4,240,1880614
Partial_Screen_Dump_Mode_X_,1,1268721,4,240,1880645
Partial_Screen_Dump_Mode_X240_,1,1268752,4,240,1880676
Partial_Screen_Dump_Mode_Y_,1,1268783,4,240,1880707
Masked_Screen_Dump_Lo_Res_,1,1268814,4,240,1880738
Masked_Screen_Dump_Mode_X_,1,1268845,4,240,1880769
Masked_Screen_Dump_Mode_X240_,1,1268876,4,240,1880800
Masked_Screen_Dump_Mode_Y_,1,1268907,4,240,1880831
Copy_Off_To_On_Lo_Res_,1,1268938,4,240,1880862
Copy_Off_To_On_Mode_X_,1,1268977,4,240,1880901
Copy_Off_To_On_Mode_X240_,1,1269016,4,240,1880940
Copy_Off_To_On_Mode_Y_,1,1269055,4,240,1880979
Save_Mouse_Lo_Res_,1,1269094,4,240,1881018
Save_Mouse_Mode_X_,1,1269125,4,240,1881049
Save_Mouse_Mode_X240_,1,1269156,4,240,1881080
Save_Mouse_Mode_Y_,1,1269187,4,240,1881111
Restore_Mouse_Lo_Res_,1,1269218,4,240,1881142
Restore_Mouse_Mode_X_,1,1269249,4,240,1881173
Restore_Mouse_Mode_X240_,1,1269280,4,240,1881204
Restore_Mouse_Mode_Y_,1,1269311,4,240,1881235
Draw_Mouse_Lo_Res_,1,1269342,4,240,1881266
Draw_Mouse_Mode_X_,1,1269373,4,240,1881297
Draw_Mouse_Mode_X240_,1,1269404,4,240,1881328
Draw_Mouse_Mode_Y_,1,1269435,4,240,1881359
Save_Video_State_Lo_Res_,1,1269466,4,240,1881390
Save_Video_State_Mode_X_,1,1269497,4,240,1881421
Save_Video_State_Mode_X240_,1,1269528,4,240,1881452
Save_Video_State_Mode_Y_,1,1269559,4,240,1881483
Restore_Video_State_Lo_Res_,1,1269590,4,240,1881514
Restore_Video_State_Mode_X_,1,1269621,4,240,1881545
Restore_Video_State_Mode_X240_,1,1269652,4,240,1881576
Restore_Video_State_Mode_Y_,1,1269683,4,240,1881607
Test_For_Vesa_,1,1269714,4,241,1881638
Get_Vesa_Total_Memory_,1,1269953,4,241,1881877
Get_Vesa_Granularity_,1,1270256,4,241,1882180
Set_Video_Mode_Vesa_,1,1270600,4,241,1882524
__prtf_,1,1270711,4,242,1882635
getprintspecs_,1,1271638,5,242,1883562
evalflags_,1,1271956,5,242,1883880
far_strlen_,1,1272051,5,242,1883975
far_other_strlen_,1,1272087,5,242,1884011
fmt4hex_,1,1272122,5,242,1884046
FixedPoint_Format_,1,1272216,5,242,1884140
float_format_,1,1272461,5,242,1884385
formstring_,1,1272468,5,242,1884392
zupstr_,1,1273725,5,242,1885649
__set_EDOM_,1,1273749,4,243,1885673
__set_errno_,1,1273754,4,243,1885678
__set_ERANGE_,1,1273766,4,243,1885690
__set_EINVAL_,1,1273773,4,243,1885697
__set_doserrno_,1,1273789,4,243,1885713
open_,1,1273801,4,245,1885725
sopen_,1,1273837,4,245,1885761
__set_binary_,1,1274326,4,245,1886250
__allocfp_,1,1274427,4,246,1886351
__freefp_,1,1274593,4,246,1886517
__purgefp_,1,1274650,4,246,1886574
__chktty_,1,1274680,4,247,1886604
getpid_,1,1274730,4,249,1886654
__flush_,1,1274736,4,250,1886660
ftell_,1,1274953,4,251,1886877
_lseek_,1,1275019,4,252,1886943
lseek_,1,1275019,4,252,1886943
__close_,1,1275086,4,253,1887010
__ioalloc_,1,1275139,4,254,1887063
__qread_,1,1275258,4,255,1887182
Fill_Column_,1,1275292,4,256,1887216
Fill_Region_,1,1275323,4,256,1887247
Interlaced_Fill_Column_,1,1275371,4,256,1887295
Interlaced_Fill_Region_,1,1275404,4,256,1887328
Tri_Interlaced_Fill_Column_,1,1275486,4,256,1887410
Tri_Interlaced_Fill_Region_,1,1275544,4,256,1887468
Tint_Fill_Column_,1,1275683,4,256,1887607
Tint_Fill_Region_,1,1275744,4,256,1887668
Shear_X_Negative_,1,1275828,4,257,1887752
Shear_X_Positive_,1,1275855,4,257,1887779
Shear_Y_Negative_,1,1275885,4,257,1887809
Shear_Y_Positive_,1,1275942,4,257,1887866
Flip_Bitmap_Left_Same_,1,1276030,4,257,1887954
Flip_Bitmap_Left_Different_,1,1276070,4,257,1887994
Flip_Bitmap_Down_Same_,1,1276099,4,257,1888023
Flip_Bitmap_Down_Different_,1,1276143,4,257,1888067
Capture_Screen_Block_,1,1276187,4,257,1888111
Enlarge_Bitmap_,1,1276213,4,257,1888137
Reduce_Bitmap_,1,1276434,4,257,1888358
Vanish_Bitmap_Pixels_,1,1276604,4,257,1888528
Outline_Bitmap_Pixels_,1,1276809,4,257,1888733
Outline_Bitmap_Pixels_No_Glass_,1,1277034,4,257,1888958
Bitmap_Aura_Pixels_,1,1277267,4,257,1889191
Transpose_Bitmap_Clockwise_,1,1277360,4,257,1889284
Transpose_Bitmap_Counter_,1,1277415,4,257,1889339
Tint_Bitmap_Pixels_,1,1277475,4,257,1889399
Gray_Scale_Fill_Pixels_,1,1277537,4,257,1889461
Jumble_Bitmap_Pixels_,1,1277599,4,257,1889523
Mask_Bitmap_Pixels_,1,1277758,4,257,1889682
Mask_Brighten_Bitmap_Pixels_,1,1277819,4,257,1889743
Mask_Bitmap_Pixels_Inverse_,1,1277919,4,257,1889843
Mask_Bitmap_Colors_Pixels_,1,1277980,4,257,1889904
Texture_Map_Pixels_PUPV_,1,1278086,4,257,1890010
Texture_Map_Pixels_NUPV_,1,1278152,4,257,1890076
Texture_Map_Pixels_PUNV_,1,1278218,4,257,1890142
Texture_Map_Pixels_NUNV_,1,1278284,4,257,1890208
Gray_Scale_Off_Page_ASM_,1,1278350,4,257,1890274
Interlace_Scale_Off_Page_ASM_,1,1278402,4,257,1890326
__STOSB,1,1278496,4,258,1890420
__STOSD,1,1278551,4,258,1890475
__qwrite_,1,1278659,4,259,1890583
fputc_,1,1278775,4,260,1890699
_dosret0_,1,1278939,4,261,1890863
_dosretax_,1,1278946,4,261,1890870
__set_errno_dos_,1,1278950,4,261,1890874
tell_,1,1279063,4,262,1890987
clock_value_,1,1279080,5,263,1891004
__clock_init_,1,1279171,4,263,1891095
__clock_,1,1279182,4,263,1891106
flushall_,1,1279222,4,264,1891146
__flushall_,1,1279227,4,264,1891151
Draw_Animated_Sprite_,1,1279276,4,265,1891200
Draw_Bitmap_Sprite_,1,1279411,4,265,1891335
Color_Stream_Copy_,1,1279493,4,265,1891417
Clipped_Draw_Bitmap_Sprite_,1,1279517,4,266,1891441
Clipped_Draw_Glassed_Bitmap_Sprite_,1,1279968,4,266,1891892
Clipped_Draw_Animated_Sprite_,1,1280500,4,266,1892424
Clipped_Draw_Glassed_Animated_Sprite_,1,1281075,4,266,1892999
Clipped_Draw_Stenciled_Animated_Sprite_,1,1281879,4,266,1893803
AClipped_Draw_Stenciled_Animated_Sprite_,1,1282936,4,266,1894860
_dos_getvect_,1,1284057,4,267,1895981
_dos_setvect_,1,1284107,4,268,1896031
SMACKSOUNDMSSLITEDONE,1,1284160,4,269,1896084
SMACKSOUNDMSSLITEINITWITHSTART,1,1284192,4,269,1896116
SMACKSOUNDUSEMSS,1,1284240,4,269,1896164
MSSLOWSOUNDVOLPAN,1,1284432,5,269,1896356
MSSSMACKTIMERDONE,1,1284544,5,269,1896468
MSSSMACKTIMERSETUP,1,1284640,5,269,1896564
MSSWINSMACKTIMERREAD,1,1284880,5,269,1896804
MSSSMACKTIMERREAD,1,1284912,5,269,1896836
MSS_INT,1,1285040,5,269,1896964
MSSLOWSOUNDCLOSE,1,1285056,5,269,1896980
MSSLOWSOUNDPURGE,1,1285184,5,269,1897108
MSSLOWSOUNDOPEN,1,1285248,5,269,1897172
doinit_,1,1285696,5,269,1897620
MSSLOWSOUNDPLAYED,1,1285840,5,269,1897764
MSSLOWSOUNDCHECK,1,1285920,5,269,1897844
SMACKWRAPCOPY,1,1286160,4,270,1898084
SMACKWAIT,1,1286288,4,270,1898212
SMACKSOUNDCHECK,1,1286576,4,270,1898500
SMACKVOLUMEPAN,1,1286592,4,270,1898516
SMACKSOUNDINTRACK,1,1286752,4,270,1898676
SMACKTOBUFFERRECT,1,1286864,4,270,1898788
SMACKGOTO,1,1287504,4,270,1899428
SMACKGETTRACKDATA,1,1287552,4,270,1899476
SMACKCOLORREMAP,1,1287868,4,270,1899792
SMACKCOLORTRANS,1,1288736,4,270,1900660
SMACKTOBUFFER,1,1288768,4,270,1900692
SMACKTOSCREEN,1,1289312,4,270,1901236
PutWidths_,1,1290688,5,270,1902612
SMACKNEXTFRAME,1,1290752,4,270,1902676
SMACKSUMMARY,1,1290928,4,270,1902852
timeframe_,1,1291184,5,270,1903108
SMACKDOFRAME,1,1291472,4,270,1903396
doskip_,1,1291696,5,270,1903620
soundnext_,1,1291808,5,270,1903732
SMACKCLOSE,1,1292464,4,270,1904388
SMACKSOUNDONOFF,1,1292800,4,270,1904724
SMACKFRAMERATE,1,1293328,4,270,1905252
SMACKSIMULATE,1,1293360,4,270,1905284
SMACKOPEN,1,1293376,4,270,1905300
GetFirstTrack_,1,1295504,5,270,1907428
soundopen_,1,1295552,5,270,1907476
setuptheframe_,1,1296192,5,270,1908116
gotoframe_,1,1297056,5,270,1908980
readframe_,1,1297680,5,270,1909604
blockread_,1,1297744,5,270,1909668
backgroundload_,1,1298432,5,270,1910356
smkmalloc_,1,1298704,5,270,1910628
abs_,1,1298745,4,271,1910669
ungetc_,1,1298752,4,272,1910676
cget_,1,1298882,5,273,1910806
uncget_,1,1298889,5,273,1910813
__scnf_,1,1298897,4,273,1910821
get_opt_,1,1299480,5,273,1911404
scan_white_,1,1299725,5,273,1911649
scan_char_,1,1299788,5,273,1911712
scan_string_,1,1299937,5,273,1911861
report_scan_,1,1300228,5,273,1912152
makelist_,1,1300322,5,273,1912246
scan_arb_,1,1300389,5,273,1912313
scan_float_,1,1300639,5,273,1912563
scan_int_,1,1301430,5,273,1913354
radix_value_,1,1301926,5,273,1913850
cgetw_,1,1301965,5,273,1913889
ComInit_,1,1302003,4,274,1913927
ComEnd_,1,1302394,4,274,1914318
ComDoComms_,1,1302570,4,274,1914494
ComSendUserMessage_,1,1302633,4,274,1914557
GetMessages_,1,1303026,4,274,1914950
HandleUserMessage_,1,1303311,4,274,1915235
ComReleaseComms_,1,1303593,4,274,1915517
SendKeepAlive_,1,1303659,4,274,1915583
HandleKeepAlive_,1,1303929,4,274,1915853
CheckKeepAlive_,1,1304264,4,274,1916188
SendPDU_,1,1304410,4,274,1916334
hostInDescStation_,1,1304563,4,274,1916487
setHostLastKeepAlive_,1,1304659,4,274,1916583
InitModemTransportLayer_,1,1304752,4,275,1916676
UninitModemTransportLayer_,1,1304929,4,275,1916853
Send_Receive_Ack_,1,1305006,4,275,1916930
Send_Receive_Nack_,1,1305102,4,275,1917026
Modem_Send_Message_,1,1305198,4,275,1917122
Modem_Status_,1,1305266,4,275,1917190
Send_Modem_Message_,1,1305332,4,275,1917256
Get_Received_Ack_,1,1305927,4,275,1917851
Modem_Clear_,1,1306018,4,275,1917942
Modem_Update_,1,1306073,4,275,1917997
Receive_Modem_Packet_,1,1306229,4,275,1918153
StartNovellConnection_,1,1307039,5,276,1918963
NetOpen_,1,1307287,4,276,1919211
NetSend_,1,1307379,4,276,1919303
NetPoll_,1,1307701,4,276,1919625
NetEnd_,1,1307854,4,276,1919778
EnterNet_,1,1308049,5,276,1919973
SendAssertStationPDU_,1,1308807,5,276,1920731
AddHostToDescStation_,1,1308986,4,276,1920910
AddThisHostToDescStation_,1,1309511,4,276,1921435
RemoveHostFromDescStation_,1,1309872,4,276,1921796
GetTempStationID_,1,1310011,4,276,1921935
Get_Network_Address_,1,1310149,4,276,1922073
Load_Kernel_,1,1310438,4,276,1922362
__doserror_,1,1310732,4,277,1922656
LBX_Open_File_,1,1310751,4,278,1922675
LBX_Add_File_,1,1311087,4,278,1923011
LBX_Add_Data_File_,1,1311636,4,278,1923560
LBX_Extract_File_,1,1312181,4,278,1924105
Read_LBX_File_Type_,1,1312660,4,278,1924584
Read_LBX_File_Entry_Count_,1,1312765,4,278,1924689
Repeat_LBX_File_,1,1312867,4,278,1924791
File_Size_,1,1313067,4,279,1924991
fileExists_,1,1313162,4,279,1925086
unlink_,1,1313240,4,280,1925164
rename_,1,1313273,4,281,1925197
__getctime_,1,1313319,4,282,1925243
mktime_,1,1313514,4,283,1925438
__CacheOSTZ_,1,1313854,4,284,1925778
tryOSTimeZone_,1,1313938,5,284,1925862
tzset_,1,1313962,4,284,1925886
__parse_tz_,1,1313976,4,284,1925900
parse_time_,1,1314031,5,284,1925955
parse_offset_,1,1314067,5,284,1925991
parse_rule_,1,1314364,5,284,1926288
__brktime_,1,1314830,4,285,1926754
_gmtime_,1,1315107,4,285,1927031
gmtime_,1,1315137,4,285,1927061
__leapyear_,1,1315150,4,286,1927074
calc_yday_,1,1315209,5,286,1927133
check_order_,1,1315438,5,286,1927362
__isindst_,1,1315490,4,286,1927414
time_less_,1,1316197,5,286,1928121
getche_,1,1316245,4,287,1928169
__MemAllocator,1,1316274,4,288,1928198
__MemFree,1,1316442,4,288,1928366
__unlink_,1,1316709,5,290,1928633
__FreeDPMIBlocks_,1,1316790,4,290,1928714
__ReAllocDPMIBlock_,1,1316882,4,290,1928806
__LinkUpNewMHeap_,1,1317137,5,290,1929061
__LastFree_,1,1317253,4,290,1929177
RationalAlloc_,1,1317333,5,290,1929257
__CreateNewNHeap_,1,1317542,5,290,1929466
__ExpandDGROUP_,1,1317718,4,290,1929642
__AdjustAmount_,1,1318050,5,290,1929974
__nmemneed_,1,1318175,4,291,1930099
putch_,1,1318178,4,292,1930102
HMReset_,1,1318208,4,293,1930132
_icat_,1,1318228,5,293,1930152
HMSetRegister_,1,1318312,4,293,1930236
HMSetAutoAnswerRingCount_,1,1318572,4,293,1930496
HMGetIncomingRingCount_,1,1318584,4,293,1930508
HMSetEscapeCode_,1,1318600,4,293,1930524
HMSetEndOfLineCharacter_,1,1318620,4,293,1930544
HMSetLineFeedCharacter_,1,1318640,4,293,1930564
HMSetBackspaceCharacter_,1,1318660,4,293,1930584
HMSetWaitForDialToneTime_,1,1318680,4,293,1930604
HMSetWaitTimeForCarrier_,1,1318696,4,293,1930620
HMSetPauseTimeForComma_,1,1318712,4,293,1930636
HMSetCDResponseTime_,1,1318728,4,293,1930652
HMSetCarrierDisconnectTime_,1,1318744,4,293,1930668
HMSetTouchToneDuration_,1,1318760,4,293,1930684
HMSetEscapeCodeGuardTime_,1,1318776,4,293,1930700
HMGetUARTStatus_,1,1318792,4,293,1930716
HMGetOptionRegister_,1,1318808,4,293,1930732
HMGetFlagRegister_,1,1318824,4,293,1930748
HMGoOnline_,1,1318840,4,293,1930764
HMSetDialingMethod_,1,1318868,4,293,1930792
HMDial_,1,1318904,4,293,1930828
HMRepeatLastCommand_,1,1319048,4,293,1930972
HMDialInAnswerMode_,1,1319076,4,293,1931000
HMDialAndReturnToCommandMode_,1,1319260,4,293,1931184
HMAnswer_,1,1319444,4,293,1931368
_hm3_,1,1319472,5,293,1931396
HMSetCarrier_,1,1319640,4,293,1931564
HMSetEchoMode_,1,1319672,4,293,1931596
HMSetFullDuplexMode_,1,1319704,4,293,1931628
HMSetHookSwitch_,1,1319736,4,293,1931660
HMSetSpeaker_,1,1319768,4,293,1931692
HMReturnNoResultCodes_,1,1319800,4,293,1931724
HMSelectExtendedResultCodes_,1,1319832,4,293,1931756
HMSetVerboseMode_,1,1319864,4,293,1931788
HMWaitForOK_,1,1319896,4,293,1931820
HMFixedDelay_,1,1319908,4,293,1931832
HMSetUpEchoRoutine_,1,1319916,4,293,1931840
HMSetUpAbortKey_,1,1319924,4,293,1931848
HMSendString_,1,1319932,4,293,1931856
HMSendStringNoWait_,1,1320144,4,293,1932068
HMGetRegister_,1,1320188,4,293,1932112
HMInputLine_,1,1320592,4,293,1932516
HMSetBackspaceCharacterVB_,1,1320788,4,293,1932712
HMSetEndOfLineCharacterVB_,1,1320808,4,293,1932732
HMSetEscapeCodeVB_,1,1320828,4,293,1932752
HMSetLineFeedCharacterVB_,1,1320848,4,293,1932772
ClearRXBuffer_,1,1320880,4,294,1932804
GetDsr_,1,1320928,4,295,1932852
GetCd_,1,1320948,4,295,1932872
GetRi_,1,1320972,4,295,1932896
GetCts_,1,1320992,4,295,1932916
SetDefaultBufferSize_,1,1321024,4,296,1932948
_GetModemStatusGreenleafFast_,1,1321040,5,297,1932964
_GetLineStatusGreenleafFast_,1,1321108,5,297,1933032
_ClearLineStatusGreenleafFast_,1,1321268,5,297,1933192
_SendBreakGreenleafFast_,1,1321400,5,297,1933324
_ReadBufferGreenleafFast_,1,1321564,5,297,1933488
_SetDTRGreenleafFast_,1,1321932,5,297,1933856
_SetRTSGreenleafFast_,1,1322044,5,297,1933968
_CloseGreenleafFast_,1,1322156,5,297,1934080
_PortCloseGreenleafFast_,1,1322688,5,297,1934612
_PutcGreenleafFast_,1,1322752,5,297,1934676
_WriteBufferGreenleafFast_,1,1322956,5,297,1934880
_ClearTXBufferGreenleafFast_,1,1323288,5,297,1935212
_GetTXSpaceFreeGreenleafFast_,1,1323448,5,297,1935372
_GetTXSpaceUsedGreenleafFast_,1,1323612,5,297,1935536
_GetRXSpaceFreeGreenleafFast_,1,1323776,5,297,1935700
_GetRXSpaceUsedGreenleafFast_,1,1323848,5,297,1935772
_RtsCtsGreenleafFast_,1,1323912,5,297,1935836
_DtrDsrGreenleafFast_,1,1324064,5,297,1935988
_GetcGreenleafFast_,1,1324216,5,297,1936140
_PeekcGreenleafFast_,1,1324440,5,297,1936364
_BlockGreenleafFast_,1,1324560,5,297,1936484
_PortSetGreenleafFast_,1,1324728,5,297,1936652
LinkToInterrupt_,1,1325056,5,297,1936980
_OpenGreenleafFast_,1,1325420,5,297,1937344
PortOpenGreenleafFast_,1,1326040,4,297,1937964
FastSetPortHardware_,1,1326336,4,297,1938260
FastGetPortHardware_,1,1326420,4,297,1938344
FastSet16550TriggerLevel_,1,1326544,4,297,1938468
FastSet16550UseTXFifos_,1,1326580,4,297,1938504
fprintf_,1,1326586,4,298,1938510
stackavail_,1,1326619,4,299,1938543
__CommonInit_,1,1326628,4,300,1938552
__exit_with_msg_,1,1326733,4,303,1938657
__fatal_runtime_error_,1,1326738,4,303,1938662
segread_,1,1326767,4,304,1938691
__delay_init_,1,1326807,4,305,1938731
__delay_,1,1326857,4,305,1938781
file_putc_,1,1326911,5,306,1938835
__fprtf_,1,1326928,4,306,1938852
_DLL_read,1,1327063,5,307,1938987
_MEM_use_malloc,1,1327166,4,307,1939090
_MEM_use_free,1,1327218,4,307,1939142
_MEM_alloc_lock,1,1327270,4,307,1939194
_MEM_free_lock,1,1327340,4,307,1939264
_MEM_alloc_DOS,1,1327396,4,307,1939320
_MEM_free_DOS,1,1327570,4,307,1939494
_VMM_lock_range,1,1327645,4,307,1939569
_VMM_unlock_range,1,1327839,4,307,1939763
_VMM_lock,1,1328033,4,307,1939957
_VMM_unlock,1,1328085,4,307,1940009
_DLL_size,1,1328137,4,307,1940061
_DLL_load,1,1328475,4,307,1940399
_FILE_error,1,1329780,4,307,1941704
_FILE_size,1,1329818,4,307,1941742
_FILE_read,1,1329944,4,307,1941868
_FILE_write,1,1330214,4,307,1942138
_FILE_append,1,1330388,4,307,1942312
_AIL_API_lock,1,1330560,4,308,1942484
_AIL_API_unlock,1,1330573,4,308,1942497
_API_timer,1,1330586,4,308,1942510
_set_PIT_divisor,1,1330880,4,308,1942804
_set_PIT_period,1,1330928,4,308,1942852
_program_timers,1,1330979,4,308,1942903
_AILA_startup,1,1331080,4,308,1943004
_AILA_shutdown,1,1331318,4,308,1943242
_AIL_API_get_real_vect,1,1331377,4,308,1943301
_AIL_API_set_real_vect,1,1331421,4,308,1943345
_thunk_proc,1,1331460,4,308,1943384
_AIL_API_set_USE16_ISR,1,1331545,4,308,1943469
_AIL_API_restore_USE16_ISR,1,1332079,4,308,1944003
_AIL_API_disable_interrupts,1,1332148,4,308,1944072
_AIL_API_restore_interrupts,1,1332152,4,308,1944076
_AIL_switch_stack,1,1332173,4,308,1944097
_AIL_restore_stack,1,1332227,4,308,1944151
_AIL_API_call_driver,1,1332255,4,308,1944179
_AIL_API_delay,1,1332473,4,308,1944397
_AIL_API_background,1,1332534,4,308,1944458
_AIL_API_register_timer,1,1332546,4,308,1944470
_AIL_API_set_timer_user,1,1332617,4,308,1944541
_AIL_API_release_timer_handle,1,1332657,4,308,1944581
_AIL_API_release_all_timers,1,1332696,4,308,1944620
_AIL_API_start_timer,1,1332732,4,308,1944656
_AIL_API_start_all_timers,1,1332780,4,308,1944704
_AIL_API_stop_timer,1,1332816,4,308,1944740
_AIL_API_stop_all_timers,1,1332864,4,308,1944788
_AIL_API_set_timer_period,1,1332900,4,308,1944824
_AIL_API_set_timer_frequency,1,1332948,4,308,1944872
_AIL_API_set_timer_divisor,1,1332996,4,308,1944920
_AIL_API_interrupt_divisor,1,1333062,4,308,1944986
_AILA_VMM_lock,1,1333074,4,308,1944998
getenv_,1,1333111,4,309,1945035
AIL_start_,1,1333208,4,310,1945132
_AIL_driver_server,1,1333345,5,310,1945269
_ASC_val,1,1333424,5,310,1945348
_AIL_API_read_INI,1,1333585,4,310,1945509
_AIL_API_set_preference,1,1334297,4,310,1946221
_AIL_API_install_driver,1,1334322,4,310,1946246
_AIL_API_uninstall_driver,1,1334882,4,310,1946806
_AIL_API_get_IO_environment,1,1335045,4,310,1946969
_AIL_API_startup,1,1335158,4,310,1947082
_AIL_API_shutdown,1,1335420,4,310,1947344
AIL_end_,1,1335465,4,310,1947389
isatty_,1,1335600,4,311,1947524
setbuf_,1,1335639,4,312,1947563
convDec_,1,1335668,5,313,1947592
_asctime_,1,1335719,4,313,1947643
_ctime_,1,1335956,4,313,1947880
ctime_,1,1335981,4,313,1947905
asctime_,1,1335986,4,313,1947910
AILSS_start_,1,1336000,4,314,1947924
_SS_start_DIG_driver_playback,1,1336192,5,314,1948116
_SS_stop_DIG_driver_playback,1,1336272,5,314,1948196
_SS_build_amplitude_tables,1,1336320,5,314,1948244
_SS_serve,1,1336960,5,314,1948884
_SS_configure_buffers,1,1337456,5,314,1949380
_SS_attempt_DIG_detection,1,1338608,5,314,1950532
_SS_destroy_DIG_driver,1,1338864,5,314,1950788
_SS_construct_DIG_driver,1,1339040,5,314,1950964
_AIL_API_install_DIG_driver_file,1,1340592,4,314,1952516
_AIL_API_install_DIG_driver_image,1,1340720,4,314,1952644
_AIL_API_install_DIG_INI,1,1340784,4,314,1952708
_AIL_API_uninstall_DIG_driver,1,1340880,4,314,1952804
_AIL_API_active_sample_count,1,1340896,4,314,1952820
_AIL_API_allocate_sample_handle,1,1340944,4,314,1952868
_AIL_API_release_sample_handle,1,1341056,4,314,1952980
_AIL_API_init_sample,1,1341072,4,314,1952996
_AIL_API_sample_status,1,1341248,4,314,1953172
_AIL_API_set_sample_address,1,1341264,4,314,1953188
_AIL_API_set_sample_type,1,1341312,4,314,1953236
_AIL_API_sample_playback_rate,1,1341360,4,314,1953284
_AIL_API_set_sample_playback_rate,1,1341376,4,314,1953300
_AIL_API_sample_volume,1,1341392,4,314,1953316
_AIL_API_set_sample_volume,1,1341408,4,314,1953332
_AIL_API_sample_pan,1,1341440,4,314,1953364
_AIL_API_set_sample_pan,1,1341456,4,314,1953380
_AIL_API_sample_position,1,1341488,4,314,1953412
_AIL_API_set_sample_position,1,1341520,4,314,1953444
_AIL_API_sample_loop_count,1,1341552,4,314,1953476
_AIL_API_set_sample_loop_count,1,1341584,4,314,1953508
_AIL_API_start_sample,1,1341600,4,314,1953524
_AIL_API_stop_sample,1,1341728,4,314,1953652
_AIL_API_resume_sample,1,1341760,4,314,1953684
_AIL_API_end_sample,1,1341792,4,314,1953716
_AIL_API_register_SOB_callback,1,1341872,4,314,1953796
_AIL_API_register_EOB_callback,1,1341904,4,314,1953828
_AIL_API_register_EOS_callback,1,1341936,4,314,1953860
_AIL_API_set_sample_user_data,1,1341968,4,314,1953892
_AIL_API_sample_user_data,1,1342000,4,314,1953924
_AIL_API_minimum_sample_buffer_size,1,1342048,4,314,1953972
_AIL_API_load_sample_buffer,1,1342208,4,314,1954132
_AIL_API_sample_buffer_ready,1,1342352,4,314,1954276
AILSS_end_,1,1342448,4,314,1954372
AILSFILE_start_,1,1342632,4,315,1954556
_AIL_VOC_block_len,1,1342676,5,315,1954600
_AIL_VOC_terminate,1,1342686,5,315,1954610
_AIL_WAV_EOS,1,1342686,5,315,1954610
_AIL_process_VOC_block,1,1342780,5,315,1954704
_AIL_VOC_EOS,1,1343401,5,315,1955325
_AIL_process_WAV_image,1,1343417,5,315,1955341
_AIL_API_allocate_file_sample,1,1343651,4,315,1955575
_AIL_API_set_sample_file,1,1343950,4,315,1955874
_AIL_API_register_EOF_callback,1,1344166,4,315,1956090
AILSFILE_end_,1,1344194,4,315,1956118
AILXMIDI_start_,1,1344240,4,316,1956164
_XMI_message_size,1,1344496,5,316,1956420
_XMI_flush_buffer,1,1344592,5,316,1956516
_XMI_MIDI_message,1,1344672,5,316,1956596
_XMI_sysex_message,1,1344960,5,316,1956884
_XMI_read_VLN,1,1345152,5,316,1957076
_XMI_swap,1,1345200,5,316,1957124
_XMI_find_sequence,1,1345264,5,316,1957188
_XMI_read_log,1,1345552,5,316,1957476
_XMI_send_channel_voice_message,1,1346384,5,316,1958308
_XMI_flush_note_queue,1,1347488,5,316,1959412
_XMI_flush_channel_notes,1,1347696,5,316,1959620
_XMI_refresh_channel,1,1347872,5,316,1959796
_XMI_init_sequence_state,1,1348400,5,316,1960324
_XMI_rewind_sequence,1,1348576,5,316,1960500
_XMI_update_volume,1,1348608,5,316,1960532
_XMI_serve,1,1348672,5,316,1960596
_XMI_attempt_MDI_detection,1,1350512,5,316,1962436
_XMI_destroy_MDI_driver,1,1350720,5,316,1962644
_XMI_construct_MDI_driver,1,1350816,5,316,1962740
_AIL_API_install_MDI_driver_file,1,1352512,4,316,1964436
_AIL_API_install_MDI_driver_image,1,1352640,4,316,1964564
_AIL_API_install_MDI_INI,1,1352704,4,316,1964628
_AIL_API_uninstall_MDI_driver,1,1352800,4,316,1964724
_AIL_API_set_GTL_filename_prefix,1,1352816,4,316,1964740
_AIL_API_allocate_sequence_handle,1,1352944,4,316,1964868
_AIL_API_release_sequence_handle,1,1353072,4,316,1964996
_AIL_API_init_sequence,1,1353104,4,316,1965028
_AIL_API_start_sequence,1,1354048,4,316,1965972
_AIL_API_stop_sequence,1,1354112,4,316,1966036
_AIL_API_resume_sequence,1,1354320,4,316,1966244
_AIL_API_end_sequence,1,1354464,4,316,1966388
_AIL_API_set_sequence_loop_count,1,1354512,4,316,1966436
_AIL_API_set_sequence_tempo,1,1354528,4,316,1966452
_AIL_API_set_sequence_volume,1,1354640,4,316,1966564
_AIL_API_sequence_status,1,1354768,4,316,1966692
_AIL_API_sequence_loop_count,1,1354784,4,316,1966708
_AIL_API_sequence_tempo,1,1354816,4,316,1966740
_AIL_API_sequence_volume,1,1354832,4,316,1966756
_AIL_API_timbre_status,1,1354848,4,316,1966772
_AIL_API_install_timbre,1,1354912,4,316,1966836
_AIL_API_protect_timbre,1,1355168,4,316,1967092
_AIL_API_unprotect_timbre,1,1355232,4,316,1967156
_AIL_API_active_sequence_count,1,1355296,4,316,1967220
_AIL_API_controller_value,1,1355344,4,316,1967268
_AIL_API_channel_notes,1,1355392,4,316,1967316
_AIL_API_sequence_position,1,1355456,4,316,1967380
_AIL_API_branch_index,1,1355568,4,316,1967492
_AIL_API_register_prefix_callback,1,1355712,4,316,1967636
_AIL_API_register_trigger_callback,1,1355744,4,316,1967668
_AIL_API_register_sequence_callback,1,1355776,4,316,1967700
_AIL_API_register_event_callback,1,1355808,4,316,1967732
_AIL_API_register_timbre_callback,1,1355840,4,316,1967764
_AIL_API_set_sequence_user_data,1,1355872,4,316,1967796
_AIL_API_sequence_user_data,1,1355904,4,316,1967828
_AIL_API_register_ICA_array,1,1355936,4,316,1967860
_AIL_API_lock_channel,1,1355952,4,316,1967876
_AIL_API_release_channel,1,1356368,4,316,1968292
_AIL_API_map_sequence_channel,1,1356672,4,316,1968596
_AIL_API_true_sequence_channel,1,1356736,4,316,1968660
_AIL_API_send_channel_voice_message,1,1356768,4,316,1968692
_AIL_API_send_sysex_message,1,1356944,4,316,1968868
AILXMIDI_end_,1,1357088,4,316,1969012
AILXDIG_start_,1,1357844,4,317,1969768
_XMI_write_log,1,1357888,5,317,1969812
WVL_search_,1,1358325,4,317,1970249
XDIG_set_volume_,1,1358366,4,317,1970290
XDIG_set_pitch_,1,1358474,4,317,1970398
_XDIG_TIMB_trap,1,1358740,4,317,1970664
_XDIG_MIDI_trap,1,1358777,4,317,1970701
_AIL_API_create_wave_synthesizer,1,1359789,4,317,1971713
_AIL_API_destroy_wave_synthesizer,1,1360165,4,317,1972089
AILXDIG_end_,1,1360249,4,317,1972173
__int386x_,1,1360292,4,318,1972216
_DoINTR_,1,1360385,4,318,1972309
_no_support_loaded_,1,1361282,5,319,1973206
__IOMode_,1,1361300,4,321,1973224
__SetIOMode_,1,1361385,4,321,1973309
__InitFiles_,1,1361406,4,322,1973330
__full_io_exit_,1,1361525,4,323,1973449
fcloseall_,1,1361537,4,323,1973461
docloseall_,1,1361542,5,323,1973466
intdos_,1,1361630,4,324,1973554
DEFSMACKTIMERSETUP,1,1361712,5,325,1973636
DEFSMACKTIMERDONE,1,1361888,5,325,1973812
DEFWINSMACKTIMERREAD,1,1361904,5,325,1973828
DEFSMACKTIMERREAD,1,1361936,5,325,1973860
_radopen,1,1362000,4,326,1973924
_raderase,1,1362033,4,326,1973957
_radcreate,1,1362057,4,326,1973981
_radread,1,1362089,4,326,1974013
_radwrite,1,1362165,4,326,1974089
_radseekbegin,1,1362241,4,326,1974165
_radseekcur,1,1362277,4,326,1974201
_radseekend,1,1362283,4,326,1974207
_radclose,1,1362289,4,326,1974213
_IsRemote,1,1362303,4,326,1974227
_radgetfiletime,1,1362333,4,326,1974257
_radsetfiletime,1,1362360,4,326,1974284
__FDFS,1,1362394,4,328,1974318
Compress_Data_,1,1362470,4,329,1974394
Uncompress_Data_,1,1362704,4,329,1974628
buffer_remove_symbol_from_stream_,1,1362926,4,329,1974850
buffer_initialize_arithmetic_decoder_,1,1363246,4,329,1975170
buffer_encode_symbol_,1,1363356,4,329,1975280
buffer_flush_arithmetic_encoder_,1,1363718,4,329,1975642
CompressFile_,1,1363841,4,329,1975765
ExpandFile_,1,1364266,4,329,1976190
initialize_model_,1,1364709,4,329,1976633
uninit_model_,1,1364889,4,329,1976813
update_model_,1,1364967,4,329,1976891
convert_int_to_symbol_,1,1365217,4,329,1977141
get_symbol_scale_,1,1365426,4,329,1977350
convert_symbol_to_int_,1,1365489,4,329,1977413
initialize_arithmetic_encoder_,1,1365643,4,329,1977567
flush_arithmetic_encoder_,1,1365702,4,329,1977626
encode_symbol_,1,1365825,4,329,1977749
get_current_count_,1,1366187,4,329,1978111
initialize_arithmetic_decoder_,1,1366304,4,329,1978228
remove_symbol_from_stream_,1,1366414,4,329,1978338
LoadKernel_,1,1366734,4,330,1978658
CallKernel_,1,1366986,4,330,1978910
DeleteKernel_,1,1367155,4,330,1979079
SetSocket_,1,1367226,4,330,1979150
IPX_Present_,1,1367246,4,330,1979170
LoadTxStart_,1,1367278,4,330,1979202
LoadRxStart_,1,1367322,4,330,1979246
XferPDU_,1,1367381,4,330,1979305
NCheck_,1,1367521,4,330,1979445
GetPDU_,1,1367561,4,330,1979485
__assert_,1,1367844,4,331,1979768
_heapenable_,1,1367875,4,333,1979799
sbrk_,1,1367891,4,334,1979815
__brk_,1,1368091,4,334,1980015
AllocateGreenleafPortStructure_,1,1368304,4,336,1980228
FreeGreenleafPortStructure_,1,1368328,4,336,1980252
AllocateDriverStructure_,1,1368356,4,336,1980280
AllocateGenericStructure_,1,1368356,4,336,1980280
AllocateXferBuffer_,1,1368356,4,336,1980280
FreeDriverStructure_,1,1368372,4,336,1980296
FreeGenericStructure_,1,1368372,4,336,1980296
FreeXferBuffer_,1,1368372,4,336,1980296
AllocateTXBuffer_,1,1368380,4,336,1980304
FreeTXBuffer_,1,1368404,4,336,1980328
AllocateRXBuffer_,1,1368428,4,336,1980352
FreeRXBuffer_,1,1368452,4,336,1980376
timer_,1,1368480,4,337,1980404
PortKillTime_,1,1368532,4,337,1980456
WriteString_,1,1368576,4,338,1980500
ElapsedTime_,1,1368688,4,339,1980612
_DOSDefaultAbortModemFunction_,1,1368816,5,340,1980740
SetAbortModemFunctionPtr_,1,1368868,4,340,1980792
_DOSDefaultIdleFunction_,1,1368880,5,341,1980804
SetPortIdleFunctionPtr_,1,1368896,4,341,1980820
_FarMemSet_,1,1368912,4,342,1980836
_CopyToFarMem_,1,1368956,4,342,1980880
_CopyFromFarMem_,1,1369000,4,342,1980924
_GetCs_,1,1369048,4,342,1980972
_GetDs_,1,1369060,4,342,1980984
HookInterrupt_,1,1369072,4,344,1980996
CalcRR16Address_,1,1369680,4,344,1981604
RelocateIsrData_,1,1369740,4,344,1981664
_unhook_everything_,1,1370056,5,344,1981980
UnHookInterrupt_,1,1370132,4,344,1982056
_GetInterruptData_,1,1370392,4,344,1982316
_GetCSAlias_,1,1370512,4,345,1982436
_AllocateDosMemory_,1,1370740,4,345,1982664
_FreeDosMemory_,1,1370884,4,345,1982808
_GetDosSelector_,1,1370948,4,345,1982872
_GetRealAddress_,1,1371120,4,345,1983044
_GetOldProtHandler_,1,1371248,4,345,1983172
_GetOldRealHandler_,1,1371336,4,345,1983260
_SetHandlers_,1,1371416,4,345,1983340
_LockRegion_,1,1371572,4,345,1983496
_GenericNotSupportedA_,1,1371776,5,346,1983700
_GenericNotSupportedB_,1,1371776,5,346,1983700
_GenericNotSupportedD_,1,1371776,5,346,1983700
_GenericNotSupportedE_,1,1371776,5,346,1983700
_GenericNotSupportedC_,1,1371788,5,346,1983712
_GenericNotSupportedG_,1,1371804,5,346,1983728
_GenericPortClose_,1,1371844,5,346,1983768
_DefaultClearError_,1,1371900,5,346,1983824
_close_all_ports_,1,1371908,4,346,1983832
_InitializeDriverFunctions_,1,1371940,4,346,1983864
_FreePort_,1,1372180,4,346,1984104
_OutOfMemoryPort_,1,1372232,4,346,1984156
IsMicroChannel_,1,1372304,4,347,1984228
WindowsEnhancedMode_,1,1372640,4,350,1984564
DESQViewRunning_,1,1372744,4,350,1984668
YieldWindowsTimeSlice_,1,1372928,4,350,1984852
YieldDESQViewTimeSlice_,1,1372972,4,350,1984896
_DumpChipData_,1,1373024,5,351,1984948
_DumpAddresses_,1,1373256,5,351,1985180
_DumpBuffer_,1,1373396,5,351,1985320
_DumpStatusBits_,1,1373544,5,351,1985468
_DumpHandshaking_,1,1373716,5,351,1985640
_DumpLinks_,1,1373856,5,351,1985780
_DumpBufferSpace_,1,1373940,5,351,1985864
_DumpIRQData_,1,1374008,5,351,1985932
_DumpPortStatusGreenleafFast_,1,1374340,4,351,1986264
__int23_handler_,1,1374502,5,352,1986426
__int_ctrl_break_handler_,1,1374651,5,352,1986575
__DPMI_hosted_,1,1374771,4,352,1986695
__restore_int23_,1,1374919,4,352,1986843
__restore_int_,1,1375352,5,352,1987276
__restore_int_ctrl_break_,1,1375357,4,352,1987281
__grab_int23_,1,1375413,4,352,1987337
__grab_int_ctrl_break_,1,1375696,4,352,1987620
__EnterWVIDEO_,1,1375979,4,353,1987903
read_,1,1376017,4,354,1987941
close_,1,1376268,4,355,1988192
filelength_,1,1376300,4,356,1988224
write_,1,1376361,4,357,1988285
_strnicmp_,1,1376830,4,359,1988754
strnicmp_,1,1376830,4,359,1988754
setvbuf_,1,1376913,4,360,1988837
_DC_0,1,1378040,4,361,1989964
_DC_1,1,1378057,4,361,1989981
_DC_16,1,1378069,4,361,1989993
_DC_17,1,1378100,4,361,1990024
_DC_18,1,1378120,4,361,1990044
_DC_19,1,1378151,4,361,1990075
_DC_24,1,1378171,4,361,1990095
_DC_25,1,1378200,4,361,1990124
_DC_26,1,1378218,4,361,1990142
_DC_27,1,1378247,4,361,1990171
_DC_32,1,1378265,4,361,1990189
_DC_33,1,1378285,4,361,1990209
_DC_36,1,1378300,4,361,1990224
_DC_37,1,1378322,4,361,1990246
_DC_48,1,1378339,4,361,1990263
_DC_49,1,1378372,4,361,1990296
_DC_50,1,1378394,4,361,1990318
_DC_51,1,1378427,4,361,1990351
_DC_52,1,1378449,4,361,1990373
_DC_53,1,1378486,4,361,1990410
_DC_54,1,1378512,4,361,1990436
_DC_55,1,1378549,4,361,1990473
_DC_56,1,1378575,4,361,1990499
_DC_57,1,1378610,4,361,1990534
_DC_58,1,1378634,4,361,1990558
_DC_59,1,1378669,4,361,1990593
_DC_60,1,1378693,4,361,1990617
_DC_61,1,1378732,4,361,1990656
_DC_62,1,1378760,4,361,1990684
_DC_63,1,1378799,4,361,1990723
_DC_64,1,1378827,4,361,1990751
_DC_65,1,1378872,4,361,1990796
_DC_80,1,1378912,4,361,1990836
_DC_81,1,1379001,4,361,1990925
_DC_82,1,1379079,4,361,1991003
_DC_83,1,1379168,4,361,1991092
_DC_88,1,1379246,4,361,1991170
_DC_89,1,1379333,4,361,1991257
_DC_90,1,1379409,4,361,1991333
_DC_91,1,1379496,4,361,1991420
_DC_96,1,1379572,4,361,1991496
_DC_97,1,1379620,4,361,1991544
_DC_100,1,1379663,4,361,1991587
_DC_101,1,1379713,4,361,1991637
_DC_112,1,1379758,4,361,1991682
_DC_113,1,1379849,4,361,1991773
_DC_114,1,1379929,4,361,1991853
_DC_115,1,1380020,4,361,1991944
_DC_116,1,1380100,4,361,1992024
_DC_117,1,1380195,4,361,1992119
_DC_118,1,1380279,4,361,1992203
_DC_119,1,1380374,4,361,1992298
_DC_120,1,1380458,4,361,1992382
_DC_121,1,1380551,4,361,1992475
_DC_122,1,1380633,4,361,1992557
_DC_123,1,1380726,4,361,1992650
_DC_124,1,1380808,4,361,1992732
_DC_125,1,1380905,4,361,1992829
_DC_126,1,1380991,4,361,1992915
_DC_127,1,1381088,4,361,1993012
_M_0,1,1381174,4,361,1993098
_M_1,1,1381207,4,361,1993131
_M_2,1,1381243,4,361,1993167
_M_3,1,1381287,4,361,1993211
_M_6,1,1381337,4,361,1993261
_M_7,1,1381381,4,361,1993305
_M_8,1,1381431,4,361,1993355
_M_9,1,1381467,4,361,1993391
_M_10,1,1381506,4,361,1993430
_M_11,1,1381552,4,361,1993476
_M_14,1,1381604,4,361,1993528
_M_15,1,1381650,4,361,1993574
_M_16,1,1381702,4,361,1993626
_M_17,1,1381730,4,361,1993654
_M_18,1,1381761,4,361,1993685
_M_19,1,1381794,4,361,1993718
_M_22,1,1381833,4,361,1993757
_M_23,1,1381866,4,361,1993790
_M_24,1,1381905,4,361,1993829
_M_25,1,1381936,4,361,1993860
_M_26,1,1381970,4,361,1993894
_M_27,1,1382005,4,361,1993929
_M_30,1,1382046,4,361,1993970
_M_31,1,1382081,4,361,1994005
_M_32,1,1382122,4,361,1994046
_M_33,1,1382166,4,361,1994090
_M_34,1,1382213,4,361,1994137
_M_35,1,1382271,4,361,1994195
_M_38,1,1382335,4,361,1994259
_M_39,1,1382393,4,361,1994317
_M_40,1,1382457,4,361,1994381
_M_41,1,1382507,4,361,1994431
_M_42,1,1382560,4,361,1994484
_M_43,1,1382620,4,361,1994544
_M_46,1,1382686,4,361,1994610
_M_47,1,1382746,4,361,1994670
_M_48,1,1382812,4,361,1994736
_M_49,1,1382851,4,361,1994775
_M_50,1,1382893,4,361,1994817
_M_51,1,1382940,4,361,1994864
_M_54,1,1382993,4,361,1994917
_M_55,1,1383040,4,361,1994964
_M_56,1,1383093,4,361,1995017
_M_57,1,1383138,4,361,1995062
_M_58,1,1383186,4,361,1995110
_M_59,1,1383235,4,361,1995159
_M_62,1,1383290,4,361,1995214
_M_63,1,1383339,4,361,1995263
_M_64,1,1383394,4,361,1995318
_M_65,1,1383422,4,361,1995346
_M_66,1,1383460,4,361,1995384
_M_67,1,1383493,4,361,1995417
_M_70,1,1383536,4,361,1995460
_M_71,1,1383569,4,361,1995493
_M_72,1,1383612,4,361,1995536
_M_73,1,1383643,4,361,1995567
_M_74,1,1383684,4,361,1995608
_M_75,1,1383718,4,361,1995642
_M_78,1,1383762,4,361,1995686
_M_79,1,1383796,4,361,1995720
_M_96,1,1383840,4,361,1995764
_M_97,1,1383879,4,361,1995803
_M_98,1,1383928,4,361,1995852
_M_99,1,1383975,4,361,1995899
_M_102,1,1384032,4,361,1995956
_M_103,1,1384079,4,361,1996003
_M_104,1,1384136,4,361,1996060
_M_105,1,1384181,4,361,1996105
_M_106,1,1384236,4,361,1996160
_M_107,1,1384284,4,361,1996208
_M_110,1,1384342,4,361,1996266
_M_111,1,1384390,4,361,1996314
_AILSSA_merge,1,1384448,4,361,1996372
_AILSSA_DMA_copy,1,1384961,4,361,1996885
_AILSSA_flush_buffer,1,1385107,4,361,1997031
_AILSSA_VMM_lock,1,1385151,4,361,1997075
OpenOutputBitBuffer_,1,1385198,4,362,1997122
OpenInputBitBuffer_,1,1385305,4,362,1997229
CloseOutputBitBuffer_,1,1385412,4,362,1997336
CloseInputBitBuffer_,1,1385517,4,362,1997441
BufferOutputBit_,1,1385561,4,362,1997485
BufferOutputBits_,1,1385817,4,362,1997741
BufferInputBit_,1,1386108,4,362,1998032
BufferInputBits_,1,1386405,4,362,1998329
OpenOutputBitFile_,1,1386723,4,362,1998647
OpenInputBitFile_,1,1386847,4,362,1998771
CloseOutputBitFile_,1,1386971,4,362,1998895
CloseInputBitFile_,1,1387216,4,362,1999140
OutputBit_,1,1387270,4,362,1999194
OutputBits_,1,1387683,4,362,1999607
InputBit_,1,1388131,4,362,2000055
InputBits_,1,1388547,4,362,2000471
FilePrintBinary_,1,1388984,4,362,2000908
calloc_,1,1389083,4,363,2001007
fatal_error_,1,1389107,4,364,2001031
abort_,1,1389193,4,365,2001117
__terminate_,1,1389199,4,365,2001123
exit_function_,1,1389232,5,366,2001156
hook_break_,1,1389288,5,366,2001212
_enhkbd,1,1389508,4,366,2001432
keyboard_initialize_,1,1389568,5,366,2001492
let_dos_break_,1,1389700,5,366,2001624
_getkey,1,1389740,4,366,2001664
_gfkbhit,1,1389932,4,366,2001856
_kbfetch,1,1390088,4,366,2002012
_kbshift,1,1390240,4,366,2002164
_breakchk,1,1390364,4,366,2002288
__disenk,1,1390576,4,366,2002500
_asgetdivisor_,1,1390592,4,369,2002516
__sigabort_,1,1390742,4,370,2002666
__sigfpe_handler_,1,1390752,4,370,2002676
signal_,1,1390805,4,370,2002729
raise_,1,1390986,4,370,2002910
_chain_intr_,1,1391180,4,371,2003104
__setenvp_,1,1391205,4,372,2003129
_gf_kbd_status,1,1391420,4,373,2003344
_kbd_int_handler,1,1391449,4,373,2003373
__grab_fpe_,1,1391464,4,374,2003388
__GrabFP87_,1,1391469,4,375,2003393
__Init_FPE_handler_,1,1391518,4,376,2003442
__Fini_FPE_handler_,1,1391611,4,376,2003535
__Enable_FPE_,1,1391704,4,377,2003628
__FPEHandler_,1,1391725,4,377,2003649
__FPE2Handler_,1,1391738,4,377,2003662
__Phar_hook_init_,1,1392312,4,378,2004236
__Phar_hook_fini_,1,1392507,4,378,2004431
__DOS4G_hook_init_,1,1392552,4,379,2004476
__DOS4G_hook_fini_,1,1392597,4,379,2004521
__Ergo_hook_init_,1,1392622,4,380,2004546
__Ergo_hook_fini_,1,1392684,4,380,2004608
__Intel_hook_init_,1,1392710,4,381,2004634
__Intel_hook_fini_,1,1392798,4,381,2004722
__save_8087_,1,1392800,5,384,2004724
__rest_8087_,1,1392805,5,384,2004729
__init_8087_,1,1392809,4,384,2004733
_fpreset_,1,1392858,4,384,2004782
__chk8087_,1,1392868,4,384,2004792
_do_nothing_,1,1392942,5,385,2004866
__init_80x87,1,1392944,4,387,2004868
_SmackGetSizeTables,1,1394320,4,327,2006244
_SmackDoTables,1,1394336,4,327,2006260
_Unsmack,1,1405728,4,327,2017652
_SmackDoPCM,1,1406704,4,327,2018628
_SmackGetSizeDeltas,1,1408800,4,327,2020724
_SmackGetRect,1,1408832,4,327,2020756
_SmackRemapTables,1,1409120,4,327,2021044
__SegmentStartRR16,1,1409328,4,348,2021252
__IrqDataArrayRR16,1,1409329,4,348,2021253
__VideoBasePD16,1,1409949,4,348,2021873
__asi_kill_time_real,1,1410137,4,348,2022061
__GreenleafFastRealIsr,1,1410138,4,348,2022062
__irq_real_stub_0_RR16,1,1410242,4,348,2022166
__irq_real_stub_1_RR16,1,1410248,4,348,2022172
__irq_real_stub_2_RR16,1,1410254,4,348,2022178
__irq_real_stub_3_RR16,1,1410260,4,348,2022184
__irq_real_stub_4_RR16,1,1410266,4,348,2022190
__irq_real_stub_5_RR16,1,1410272,4,348,2022196
__irq_real_stub_6_RR16,1,1410278,4,348,2022202
__irq_real_stub_7_RR16,1,1410284,4,348,2022208
__irq_real_stub_8_RR16,1,1410290,4,348,2022214
__irq_real_stub_9_RR16,1,1410296,4,348,2022220
__RealDispatcherRR16,1,1410302,4,348,2022226
__RealIret,1,1410363,4,348,2022287
__SegmentEndRR16,1,1410364,4,348,2022288
__SegmentStartPC32,1,1410368,4,349,2022292
__assti,1,1410369,4,343,2022293
__ascli,1,1410373,4,343,2022297
__asinb,1,1410377,4,343,2022301
__asoutb,1,1410400,4,343,2022324
__GreenleafFastIsr,1,1410423,4,349,2022347
__prot_dispatcher,1,1410537,4,349,2022461
__prot_irq_stub_0_PC32,1,1410614,4,349,2022538
__prot_irq_stub_1_PC32,1,1410622,4,349,2022546
__prot_irq_stub_2_PC32,1,1410630,4,349,2022554
__prot_irq_stub_3_PC32,1,1410638,4,349,2022562
__prot_irq_stub_4_PC32,1,1410646,4,349,2022570
__prot_irq_stub_5_PC32,1,1410654,4,349,2022578
__prot_irq_stub_6_PC32,1,1410662,4,349,2022586
__prot_irq_stub_7_PC32,1,1410673,4,349,2022597
__prot_irq_stub_8_PC32,1,1410684,4,349,2022608
__prot_irq_stub_9_PC32,1,1410695,4,349,2022619
__asi_kill_time,1,1410706,4,367,2022630
__foo,1,1410707,4,368,2022631
__SegmentEndPC32,1,1410708,4,349,2022632
__nullarea,2,0,2,133,2025044
__IsTable,2,19604,2,205,2044648
_lst_mask,2,19864,3,273,2044908
___diyr,2,19872,2,286,2044916
___dilyr,2,19898,2,286,2044942
_mouse_list_arrow,2,20224,2,0,2045268
_mouse_list_variable,2,20236,2,0,2045280
_first_field_in_group,2,20248,2,0,2045292
_multigm_lbx_name,2,20258,2,0,2045302
_max_marines,2,20262,2,0,2045306
_max_crew,2,20280,2,0,2045324
_mouse_list_none,2,20298,2,0,2045342
_main_palette_outline_color,2,20310,2,0,2045354
_mouse_list_wait_3,2,20318,2,0,2045362
_mouse_list_wait_6,2,20330,2,0,2045374
_mouse_list_wait_9,2,20342,2,0,2045386
_cmbt_mouse_list_clock,2,20354,2,0,2045398
_ship_type_names,2,20366,2,0,2045410
_crew_data,2,20846,2,0,2045890
_tech_categories,2,20886,2,0,2045930
_special_bonus,2,20986,2,0,2046030
_skill_data,2,21016,2,0,2046060
_roman_numeral,2,21988,2,0,2047032
_bill_savegame,2,22068,2,0,2047112
_temp_string_buf,2,22080,2,0,2047124
_class_to_num_satellites,2,22144,2,0,2047188
_orbit_to_satellite_type,2,22204,2,0,2047248
_class_to_mineral,2,22254,2,0,2047298
_gravity_table,2,22314,2,0,2047358
_gravity_to_atmosphere,2,22339,2,0,2047383
_class_to_group,2,22369,2,0,2047413
_climate_roll_table,2,22399,2,0,2047443
_normal_gal_climate_roll_table,2,22439,2,0,2047483
_old_gal_climate_roll_table,2,22479,2,0,2047523
_planet_size_table,2,22519,2,0,2047563
_planet_max_farms,2,22524,2,0,2047568
_planet_max_mines,2,22529,2,0,2047573
_planet_max_population,2,22534,2,0,2047578
_spectral_class_table,2,22539,2,0,2047583
_minerals_extracted_table,2,22546,2,0,2047590
_climate_modifier_table,2,22551,2,0,2047595
_food_per_farmer_table,2,22556,2,0,2047600
_planet_special,2,22566,2,0,2047610
_planet_special_weighted_chance,2,22578,2,0,2047622
_star_class_table,2,22590,2,0,2047634
_combat_init,2,22611,2,0,2047655
_ranged_to_hit_penalty,2,22613,2,0,2047657
_ranged_damage_penalty,2,22631,2,0,2047675
_combat_green,2,22649,2,0,2047693
_missile_hit_radius,2,22657,2,0,2047701
_language_ini,2,22680,2,1,2047724
_caveman,2,22696,2,6,2047740
_buildlist,2,22700,3,7,2047744
_technology_fields,2,22788,2,8,2047832
_technology_applications,2,24697,2,8,2049741
_buildings,2,27453,2,8,2052497
_specials,2,28384,2,8,2053428
_armor,2,30264,2,8,2055308
_shields,2,30369,2,8,2055413
_weapons,2,30723,2,8,2055767
_weapon_modifications,2,32011,2,8,2057055
_computers,2,32236,2,8,2057280
_drives,2,32368,2,8,2057412
_units,2,32690,2,8,2057734
_fuel,2,32738,2,8,2057782
_hull_data,2,32798,2,8,2057842
_antaran_room_blank_mouse,2,33124,2,9,2058168
_antaran_room_normal_colors,2,33136,2,9,2058180
_smack_mouse,2,33144,2,10,2058188
_race_customize,2,33156,2,11,2058200
_race_evolution,2,35366,2,11,2060410
_council_blank_mouse,2,36016,2,12,2061060
_council_normal_colors,2,36028,2,12,2061072
_council_highlight_colors,2,36036,2,12,2061080
_personality_relation_modifiers,2,36044,2,13,2061088
_personality_threat_modifiers,2,36060,2,13,2061104
_personality_max_threats,2,36080,2,13,2061124
_personality_sneak_attacks_modifiers,2,36100,2,13,2061144
_personality_sneak_attack_restictions,2,36120,2,13,2061164
_personality_npc_peace_modifiers,2,36140,2,13,2061184
_base_winning_peace_proposal_chance,2,36160,2,13,2061204
_threat_demand_chance,2,36180,2,13,2061224
_personality_demand_modifiers,2,36200,2,13,2061244
_personality_expansion_chance,2,36220,2,13,2061264
_personality_losing_ground_chance,2,36240,2,13,2061284
_personality_reward_proposal_chance,2,36260,2,13,2061304
_personality_break_treaty_war,2,36280,2,13,2061324
_diplomacy_normal_colors,2,36300,2,14,2061344
_diplomacy_highlight_colors,2,36308,2,14,2061352
_diplomacy_special_colors,2,36316,2,14,2061360
_main_diplomacy_help_entry,2,36324,2,14,2061368
_main_net_diplomacy_help_entry,2,36342,2,14,2061386
_main_repulsive_diplomacy_help_entry,2,36364,2,14,2061408
_main_net_repulsive_diplomacy_help_entry,2,36374,2,14,2061418
_propose_treaty_help_entry,2,36386,2,14,2061430
_break_treaty_help_entry,2,36400,2,14,2061444
_demand_help_entry,2,36414,2,14,2061458
_offer_help_entry,2,36436,2,14,2061480
_diplomacy_blank_mouse,2,36450,2,14,2061494
_diplomacy_hand_mouse,2,36462,2,14,2061506
_event_normal_colors,2,36476,2,15,2061520
_event_good_array,2,36484,2,15,2061528
_event_blank_mouse,2,36520,2,15,2061564
_jim_current_stream,2,36532,2,16,2061576
_jim_fade_music_flag,2,36534,2,16,2061578
_jim_old_music_id,2,36536,2,16,2061580
_jim_old_transition_id,2,36538,2,16,2061582
_logo_mouse_list,2,36540,2,16,2061584
_starting_relations,2,36564,2,27,2061608
_personality_peace_duration,2,36956,2,27,2062000
_personality_break_peace_treaty_chance,2,36976,2,27,2062020
_personality_sneak_attack_modifiers,2,36992,2,27,2062036
_bio_weapon_spcl,2,37160,2,35,2062204
_capture_spcl,2,37180,2,35,2062224
_cloaking_spcl,2,37200,2,35,2062244
_beam_defense_spcl,2,37212,2,35,2062256
_missile_defense_spcl,2,37228,2,35,2062272
_armor_spcl,2,37260,2,35,2062304
_shield_spcl,2,37272,2,35,2062316
_beam_offense_spcl,2,37284,2,35,2062328
_missile_offense_spcl,2,37312,2,35,2062356
_special_weapons_spcl,2,37320,2,35,2062364
_special_device_spcl,2,37340,2,35,2062384
_defense_specials_f_spcl,2,37388,2,35,2062432
_defense_specials_t_spcl,2,37464,2,35,2062508
_fAdvCiv,2,38704,3,37,2063748
_antaran_ship_cost,2,38708,3,38,2063752
_n_max_antaran_off_ships,2,38717,3,38,2063761
_n_max_antaran_def_ships,2,38726,3,38,2063770
_beam_filter_button_status,2,38736,3,40,2063780
_missile_filter_button_status,2,38737,3,40,2063781
_bomb_filter_button_status,2,38738,3,40,2063782
_special_filter_button_status,2,38739,3,40,2063783
_design_lbx_name,2,38748,3,41,2063792
_main_screen_help_list,2,38760,3,42,2063804
_plntsum_screen_help_list,2,39010,3,42,2064054
_static_design_screen_help_list,2,39160,3,42,2064204
_main_game_screen_help_list,2,39290,3,42,2064334
_scrap_freighters_help_list,2,39410,3,42,2064454
_load_game_screen_help_list,2,39420,3,42,2064464
_save_game_screen_help_list,2,39490,3,42,2064534
_options_game_screen_help_list,2,39560,3,42,2064604
_static_fleet_screen_help_list,2,39740,3,42,2064784
_static_coloff_screen_help_list,2,40060,3,42,2065104
_static_shipoff_screen_help_list,2,40220,3,42,2065264
_main_menu_screen_help_list,2,40550,3,42,2065594
_multi_player_setup_screen_help_list,2,40610,3,42,2065654
_static_modem_setup_screen_help_list,2,40710,3,42,2065754
_static_null_modem_setup_screen_help_list,2,40800,3,42,2065844
_input_box_help_list,2,40840,3,42,2065884
_static_diplomacy_request_help_list,2,40850,3,42,2065894
_static_hotseat_setup_screen_help_list,2,40890,3,42,2065934
_fleet_lbx_name,2,40932,3,44,2065976
_mouse_list_all_to,2,41032,3,44,2066076
_neutral_colors,2,41096,3,45,2066140
_confirm_text_colors,2,41104,3,46,2066148
_message_text_colors,2,41112,3,46,2066156
_warning_text_colors,2,41120,3,46,2066164
_alt_colors,2,41128,2,48,2066172
_fptr_trace,2,41136,3,48,2066180
_draw_down,2,41144,3,50,2066188
_harold_var,2,41145,3,50,2066189
_fade_in_count,2,41152,3,51,2066196
_fade_out_count,2,41154,3,51,2066198
_generic_text_colors,2,41156,3,51,2066200
_normal_colors,2,41164,2,51,2066208
_fade_in_colors,2,41172,2,51,2066216
_fade_out_colors,2,41180,2,51,2066224
_fade_out0_colors,2,41188,2,51,2066232
_fade_out1_colors,2,41196,2,51,2066240
_fade_out2_colors,2,41204,2,51,2066248
_fade_out3_colors,2,41212,2,51,2066256
_ALL_TECH_CHEAT,2,41220,3,52,2066264
_MORE_MONEY_CHEAT,2,41229,3,52,2066273
_GET_TECH_CHEAT,2,41235,3,52,2066279
_OMNISCIENCE_CHEAT,2,41241,3,52,2066285
_MAKE_ALL_AI_GAME_CHEAT,2,41249,3,52,2066293
_LEADER_CHEAT,2,41255,3,52,2066299
_SCORE_CHEAT,2,41259,3,52,2066303
_PLAY_SOUND_CHEAT,2,41265,3,52,2066309
_ship_direction_line_green_colors,2,41269,2,52,2066313
_ship_direction_line_red_colors,2,41277,2,52,2066321
_star_name_highlight_direction,2,41285,2,52,2066329
_star_name_highlight_value,2,41286,2,52,2066330
_prev_star_hot_key,2,41287,2,52,2066331
_next_star_hot_key,2,41289,2,52,2066333
_jim_hot_key,2,41291,2,52,2066335
_harold_1_hot_key,2,41293,2,52,2066337
_harold_2_hot_key,2,41295,2,52,2066339
_ken_hot_key,2,41297,2,52,2066341
_omniscient_hot_key,2,41299,2,52,2066343
_all_tech_cheat,2,41301,2,52,2066345
_leader_cheat,2,41303,2,52,2066347
_more_money_cheat,2,41305,2,52,2066349
_get_tech_cheat,2,41307,2,52,2066351
_omniscience_cheat,2,41309,2,52,2066353
_all_ai_cheat,2,41311,2,52,2066355
_play_sound_cheat,2,41313,2,52,2066357
_hi_score_cheat,2,41315,2,52,2066359
_color_array,2,41317,3,52,2066361
_mouse_list_zoom_mode,2,41333,3,52,2066377
_mouse_list_from,2,41420,3,53,2066464
_n_marooned_heroes,2,41540,3,54,2066584
_n_wormholes,2,41541,3,54,2066585
_first_time_map_is_generated,2,41542,3,54,2066586
_MAPGEN_TRACE,2,41543,2,54,2066587
_mouse_list_clock,2,41544,2,55,2066588
_officer_lbx_name,2,41592,3,58,2066636
_normal_text_colors,2,41604,3,58,2066648
_mouse_list_who,2,41612,3,58,2066656
_hi_neutral_colors,2,41632,3,59,2066676
_red_colors,2,41640,3,59,2066684
_green_colors,2,41648,3,59,2066692
_plntscrn_delta_y,2,41656,3,59,2066700
_plntsum_mouse_ok,2,41674,3,59,2066718
_plntsum_mouse_bad,2,41698,3,59,2066742
_plntsum_lbx_name,2,41722,3,59,2066766
_send_colony_ship_button_seg,2,41726,3,59,2066770
_send_outpost_ship_button_seg,2,41730,3,59,2066774
_sort_choice,2,41734,3,59,2066778
_filter_out_adverse_gravity_planets,2,41736,3,59,2066780
_filter_out_hostile_environment_planets,2,41738,3,59,2066782
_filter_out_mineral_scarcity_planets,2,41740,3,59,2066784
_filter_out_enemy_controlled_planets,2,41742,3,59,2066786
_filter_out_planets_out_of_range,2,41744,3,59,2066788
_score_lbx_name,2,41748,3,60,2066792
_remap_gray_percentages,2,41952,2,63,2066996
_system_specials,2,41962,3,63,2067006
_textbox_normal_colors,2,41984,3,64,2067028
_textbox_normal2_colors,2,41992,3,64,2067036
_default_textbox_y,2,42000,3,64,2067044
_textbox_heights,2,42005,3,64,2067049
_helpbox_text_heights,2,42015,3,64,2067059
_textbox_text_dy,2,42025,3,64,2067069
_field_save_ix,2,42035,3,64,2067079
_g_pierced_shield_flag,2,42040,3,65,2067084
_old_color,2,42041,3,65,2067085
_shield_hit_now_flag,2,42045,3,65,2067089
_reflection_field_hit_now_flag,2,42046,3,65,2067090
_ship_hit_now_flag,2,42047,3,65,2067091
_ship_firing_now_flag,2,42049,3,65,2067093
_g_beam_fire_sfx_handle,2,42051,3,65,2067095
_g_shield_sfx_handle,2,42091,3,65,2067135
_g_reflection_field_sfx_handle,2,42095,3,65,2067139
_max_frames,2,42099,3,65,2067143
_color_depth,2,42101,3,65,2067145
_shield_diameters,2,42103,2,65,2067147
_g_f_ctr,2,42111,3,65,2067155
_g_refl_f_ctr,2,42113,3,65,2067157
_shield_display_status,2,42115,3,65,2067159
_reflection_field_diameters,2,42117,2,65,2067161
_reflection_field_display_status,2,42121,3,65,2067165
_g_reflection_state_flag,2,42123,2,65,2067167
_g_firing_reflected_beam_flag,2,42125,2,65,2067169
_n_damage_msgs,2,42126,2,65,2067170
_low_ramp_values,2,42128,2,65,2067172
_low_primary_cross_values,2,42208,2,65,2067252
_low_saturated_values,2,42288,2,65,2067332
_moderate_ramp_values,2,42368,2,65,2067412
_moderate_primary_cross_values,2,42448,2,65,2067492
_moderate_saturated_values,2,42528,2,65,2067572
_high_ramp_values,2,42608,2,65,2067652
_high_primary_cross_values,2,42688,2,65,2067732
_high_saturated_values,2,42768,2,65,2067812
_g_engine_sfx_handle,2,42848,3,66,2067892
_colbldg_strings_been_loaded,2,42852,3,68,2067896
_mouse_list_to,2,42853,3,68,2067897
_mouse_list_what,2,42901,3,68,2067945
_mouse_list_which_ship,2,42913,3,68,2067957
_l_font_color_array,2,42925,3,68,2067969
_l_font_dim_color_array,2,42933,3,68,2067977
_return_to_build_popup_from_custom_design,2,42941,2,68,2067985
_hacky_speed_refitted_ship_flag,2,42942,2,68,2067986
_queue_fields,2,42944,3,68,2067988
_building_indexes,2,42958,2,68,2068002
_n_building_indexes,2,43066,2,68,2068110
_military_indexes,2,43068,3,68,2068112
_n_military_indexes,2,43176,3,68,2068220
_active_prod,2,43178,3,68,2068222
_current_item,2,43180,3,68,2068224
_last_app,2,43194,3,68,2068238
_last_setting,2,43196,3,68,2068240
_scanned_field,2,43198,3,68,2068242
_mouse_list_blank,2,43200,2,71,2068244
_g_ctr,2,43212,2,71,2068256
_N_DEF_UNIT_ROWS,2,43214,3,71,2068258
_N_ATK_UNIT_ROWS,2,43215,3,71,2068259
_title_changed_flag,2,43216,3,71,2068260
_old_ctr,2,43217,3,71,2068261
_player_color_array,2,43219,3,71,2068263
_short_player_color_array,2,43283,3,71,2068327
_colony_ground_combat_screen_help_list,2,43347,3,71,2068391
_cluster_colony_n,2,43380,2,73,2068424
_g_hacky_dont_draw_cluster_flag,2,43382,2,73,2068426
_DEBUG,2,43384,2,74,2068428
_COLONY_LBX,2,43385,2,74,2068429
_COLONY2_LBX,2,43396,2,74,2068440
_COLROAD_LBX,2,43408,2,74,2068452
_COLVEGGIE_LBX,2,43420,2,74,2068464
_RACEICON_LBX,2,43433,2,74,2068477
_COLPUPS_LBX,2,43446,2,74,2068490
_PLANETS_LBX,2,43458,2,74,2068502
_AMEBAFIN_LBX,2,43470,2,74,2068514
_BEAMS_LBX,2,43483,2,74,2068527
_CMBTSFX_LBX,2,43493,2,74,2068537
_COLBLDG_LBX,2,43505,2,74,2068549
_COLGCBT_LBX,2,43517,2,74,2068561
_COLROADS_LBX,2,43529,2,74,2068573
_COLSUM_LBX,2,43542,2,74,2068586
_COLSYSDI_LBX,2,43553,2,74,2068597
_DIMTVFIN_LBX,2,43566,2,74,2068610
_FIREPTS_LBX,2,43579,2,74,2068623
_FONTS_LBX,2,43591,2,74,2068635
_FP_LBX,2,43601,2,74,2068645
_HELP_LBX,2,43608,2,74,2068652
_MAINPUPS_LBX,2,43617,2,74,2068661
_NEWGAME_LBX,2,43630,2,74,2068674
_PLNTDFIN_LBX,2,43642,2,74,2068686
_RACEOPT_LBX,2,43655,2,74,2068699
_REFITPUP_LBX,2,43667,2,74,2068711
_SPHERSFX_LBX,2,43680,2,74,2068724
_XPORT_LBX,2,43693,2,74,2068737
_g_colony_n,2,43703,2,74,2068747
_step_squish,2,43705,2,74,2068749
_scanned_pop,2,43708,2,74,2068752
_scanned_military,2,43710,3,74,2068754
_scanned_satellite,2,43712,3,74,2068756
_scanned_bldg_C,2,43714,3,74,2068758
_scanned_bldg_R,2,43716,3,74,2068760
_move_colonist,2,43718,3,74,2068762
_drawing_display,2,43720,2,74,2068764
_valid_colony,2,43721,2,74,2068765
_full_draw,2,43722,2,74,2068766
_cheats,2,43723,2,74,2068767
_planet_display_handle,2,43724,3,74,2068768
_using_colony_screen_palette,2,43726,2,74,2068770
_colony_fields,2,43727,3,74,2068771
_military_fields,2,43769,3,74,2068813
_colony_bldgs,2,43773,2,74,2068817
_c_anims,2,43917,3,74,2068961
_ship_bitm_n,2,44061,2,74,2069105
_bldg_bitm_n,2,44063,2,74,2069107
_pulse_color_array,2,44065,2,74,2069109
_bright_blue_font_color_array,2,44070,2,74,2069114
_font_color_array,2,44078,2,74,2069122
_font_dim_color_array,2,44086,2,74,2069130
_font_bright_color_array,2,44094,2,74,2069138
_red_font_color_array,2,44102,2,74,2069146
_player_font_color_array,2,44118,3,74,2069162
_g_ship_player_n,2,44182,3,74,2069226
_g_ship_pic_n,2,44186,3,74,2069230
_first_ship,2,45260,3,75,2070304
_esc,2,45264,3,75,2070308
_scanned_ship_index,2,45282,3,75,2070326
_scanned_ship_d_index,2,45284,3,75,2070328
_lscanned_field,2,45286,2,75,2070330
_g_sort_index,2,45316,3,76,2070360
_first,2,45402,2,76,2070446
_slider_bar_position,2,45404,2,76,2070448
_scroll_draw,2,45406,3,76,2070450
_draw_planet_sum,2,45407,3,76,2070451
_event_good_lookup,2,45408,3,76,2070452
_colsum_strings_been_loaded,2,45444,3,76,2070488
_cheezy_hack_col_count_state,2,45464,3,78,2070508
_fade_percent,2,45468,2,79,2070512
_fade_speed_in_percent,2,45469,2,79,2070513
_hacky_need_to_fade_to_colony_palette_flag,2,45470,2,79,2070514
_saved_sfx_l,2,45471,2,79,2070515
_saved_music_l,2,45473,2,79,2070517
_n_fake_buttons,2,45476,3,80,2070520
_n_click_thru_fields,2,45477,3,80,2070521
_n_queue_entries,2,45480,3,82,2070524
_g_star_n,2,45484,3,83,2070528
_g_special,2,45486,3,83,2070530
_g_event,2,45487,3,83,2070531
_g_player_n,2,45488,2,83,2070532
_g_msg_ptr,2,45490,3,83,2070534
_no_flicker_between_mainpups_flag,2,45494,3,83,2070538
_main_scr_font_colors,2,45495,3,83,2070539
_autofunction_ctr,2,45504,3,83,2070548
_num_field_saves,2,45506,2,83,2070550
_explode_flag,2,45508,2,83,2070552
_on_officer_screen_flag,2,45509,3,83,2070553
_g_officer,2,45510,3,83,2070554
_officer_gains_level_state,2,45512,3,83,2070556
_selection_state_flag,2,45514,3,83,2070558
_g_using_colony_ship,2,45515,3,83,2070559
_field_mode,2,45516,3,83,2070560
_g_scanned_star,2,45518,3,83,2070562
_g_old_scanned_star,2,45520,2,83,2070564
_g_x,2,45524,2,84,2070568
_g_y,2,45526,2,84,2070570
_strings_been_loaded,2,45528,3,84,2070572
_colony_screen_help_list,2,45552,3,86,2070596
_colony_summary_screen_help_list,2,45722,3,86,2070766
_refit_ship_popup_help_list,2,45942,3,86,2070986
_colony_building_queue_screen_help_list,2,46012,3,86,2071056
_colony_xport_pup_help_list,2,46142,3,86,2071186
_occupation_policy_pup_help_list,2,46212,3,86,2071256
_new_game_screen_help_list,2,46222,3,86,2071266
_player_attacked_popup_help_list,2,46332,3,86,2071376
_new_colony_confirmation_box_help_list,2,46342,3,86,2071386
_tax_rate_popup_help_list,2,46352,3,86,2071396
_dragon_new_star_popup_help_list,2,46362,3,86,2071406
_new_system_discovery_popup_help_list,2,46372,3,86,2071416
_planet_selection_popup_help_list,2,46382,3,86,2071426
_officer_information_popup_help_list,2,46392,3,86,2071436
_combat_colony_selection_popup_help_list,2,46402,3,86,2071446
_e_strings_been_loaded,2,46412,3,88,2071456
_anims,2,46416,3,89,2071460
_base_planet_values,2,46420,2,92,2071464
_contextual_planet_values,2,46424,2,92,2071468
_colony_empire_base_functions,2,46428,3,102,2071472
_messed_up_fleet_palette,2,46456,3,104,2071500
_game_lbx_file,2,46460,3,111,2071504
_green_pal_colors,2,46464,3,111,2071508
_baud_rate_strings,2,46528,3,111,2071572
_low_grn_colors,2,46576,3,111,2071620
_normal_grn_colors,2,46584,3,111,2071628
_hi_grn_colors,2,46592,3,111,2071636
_tech_research_level_values,2,46604,2,115,2071648
_space_limits,2,46724,3,122,2071768
_info_help_list,2,46752,2,123,2071796
_reference_help_list,2,46792,2,123,2071836
_ref_category_help_list,2,46802,2,123,2071846
_ref_how_to_help_list,2,46812,2,123,2071856
_turn_summary_help_list,2,46822,2,123,2071866
_turn_summary_popup_help_list,2,46832,2,123,2071876
_race_statistics_help_list,2,46842,2,123,2071886
_tech_review_help_list,2,46852,2,123,2071896
_history_graph_help_list,2,46862,2,123,2071906
_technology_select_help_list,2,46872,2,123,2071916
_technology_change_help_list,2,46902,2,123,2071946
_technology_list1_help_list,2,46932,2,123,2071976
_technology_list2_help_list,2,46952,2,123,2071996
_technology_list3_help_list,2,46972,2,123,2072016
_technology_list4_help_list,2,46992,2,123,2072036
_races_help_list,2,47012,2,123,2072056
_report_help_list,2,47092,2,123,2072136
_audience_menu_help_list,2,47102,2,123,2072146
_treaties_menu_help_list,2,47112,2,123,2072156
_treaties_race_help_list,2,47122,2,123,2072166
_war_race_help_list,2,47132,2,123,2072176
_trade_menu_help_list,2,47142,2,123,2072186
_trade_cash_help_list,2,47152,2,123,2072196
_trade_tech_help_list,2,47162,2,123,2072206
_tech_swap_help_list,2,47172,2,123,2072216
_tribute_menu_help_list,2,47182,2,123,2072226
_tribute_cash_help_list,2,47192,2,123,2072236
_tribute_tech_help_list,2,47202,2,123,2072246
_plural_s_str,2,47212,2,124,2072256
_plural_es_str,2,47214,2,124,2072258
_ordinal_ending,2,47217,2,124,2072261
_ordinal_word,2,47257,2,124,2072301
_ordinal_fmt,2,47301,2,124,2072345
_legal_functions,2,47314,2,124,2072358
_legal_fn_arg_chars,2,47330,2,124,2072374
_legal_variable_types,2,47344,2,124,2072388
_tabs,2,47351,3,124,2072395
_font_base_offsets,2,47373,3,124,2072417
_review_achievements,2,47416,2,125,2072460
_review_colony,2,47532,2,125,2072576
_review_weapons,2,47638,2,125,2072682
_review_equipment,2,47726,2,125,2072770
_review_list,2,47886,2,125,2072930
_info_normal_color,2,47902,2,125,2072946
_info_high_color,2,47910,2,125,2072954
_info_red_color,2,47918,2,125,2072962
_info_dark_color,2,47926,2,125,2072970
_info_jim_hack_color,2,47934,2,125,2072978
_orange_bar_colors,2,47942,2,125,2072986
_grey_bar_colors,2,47949,2,125,2072993
_red_bar_colors,2,47956,2,125,2073000
_purple_bar_colors,2,47963,2,125,2073007
_yellow_bar_colors,2,47970,2,125,2073014
_blue_bar_colors,2,47977,2,125,2073021
_green_bar_colors,2,47984,2,125,2073028
_maintenance_bar_colors,2,47991,2,125,2073035
_orange_text_colors,2,48019,2,125,2073063
_grey_text_colors,2,48027,2,125,2073071
_red_text_colors,2,48035,2,125,2073079
_purple_text_colors,2,48043,2,125,2073087
_yellow_text_colors,2,48051,2,125,2073095
_blue_text_colors,2,48059,2,125,2073103
_green_text_colors,2,48067,2,125,2073111
_maintenance_text_colors,2,48075,2,125,2073119
_hist_palettes,2,48103,3,125,2073147
_sub_scr_field,2,48167,2,125,2073211
_tech_rev_field,2,48177,2,125,2073221
_history_graph_drops,2,48193,2,125,2073237
_tech_review_drops,2,48227,2,125,2073271
_race_stats_drops,2,48295,2,125,2073339
_turn_summary_drop,2,48363,2,125,2073407
_reference_drops,2,48380,2,125,2073424
_how_to_drops,2,48448,2,125,2073492
_category_drops,2,48482,2,125,2073526
_graph_button_x,2,48543,3,125,2073587
_tech_review_list_y,2,48551,2,125,2073595
_tech_review_field_y1,2,48585,2,125,2073629
_tech_review_field_y2,2,48619,2,125,2073663
_list_sizes,2,48653,3,125,2073697
_tech_review_list_header,2,48661,2,125,2073705
_race_bitmap_x,2,48727,3,125,2073771
_race_bitmap_y,2,48735,3,125,2073779
_g_turn_header,2,48803,2,125,2073847
_category_indent_y,2,48867,3,125,2073911
_g_category_header,2,48871,2,125,2073915
_TREATIES_FMT,2,48936,2,127,2073980
_PERSONALITY_FMT,2,48948,2,127,2073992
_report_normal_color,2,48954,2,127,2073998
_race_report_jim_hack,2,48962,2,127,2074006
_spy_bonus_fmt,2,48980,3,128,2074024
_agent_bonus_fmt,2,48988,3,128,2074032
_slider_remap_list,2,48996,3,128,2074040
_relation_name_table,2,49022,2,128,2074066
_spy_group_data,2,49039,2,128,2074083
_race_picture,2,49137,3,128,2074181
_race_bar,2,49165,3,128,2074209
_race_slider_x,2,49193,3,128,2074237
_race_text,2,49207,3,128,2074251
_race_spies,2,49235,3,128,2074279
_race_spy_btns,2,49263,3,128,2074307
_agent_group_data,2,49291,2,128,2074335
_mouse_group_data,2,49305,2,128,2074349
_race_normal_color,2,49319,3,128,2074363
_race_high_color,2,49327,3,128,2074371
_banner_color_high,2,49335,2,128,2074379
_banner_color_low,2,49343,2,128,2074387
_banner_color_dark,2,49351,2,128,2074395
_science_room_lbx,2,49360,2,129,2074404
_tech_item_anim_fmt,2,49372,2,129,2074416
_scientist_anim_fmt,2,49387,2,129,2074431
_spy_anim_fmt,2,49401,2,129,2074445
_trooper_anim_fmt,2,49415,2,129,2074459
_scientist_anim_find_pat,2,49429,2,129,2074473
_spy_anim_find_pat,2,49442,2,129,2074486
_trooper_anim_find_pat,2,49455,2,129,2074499
_science_high_color,2,49468,2,129,2074512
_science_normal_color,2,49476,2,129,2074520
_bm_scale_x,2,49484,3,129,2074528
_bm_scale_y,2,49496,3,129,2074540
_bm_scaled_x1,2,49508,3,129,2074552
_bm_scaled_y1,2,49518,3,129,2074562
_tech_select_lbx,2,49528,2,130,2074572
_tech_room_lbx_fmt,2,49540,2,130,2074584
_tech_anim_lbx_fmt,2,49555,2,130,2074599
_research_desc_fmt,2,49570,2,130,2074614
_tech_select_pos,2,49589,2,130,2074633
_tech_change_pos,2,49621,2,130,2074665
_tech_field_y1,2,49653,3,130,2074697
_tech_field_y2,2,49661,3,130,2074705
_app_name_y,2,49669,3,130,2074713
_list_window_x_offsets,2,49679,3,130,2074723
_tech_button_pos,2,49695,2,130,2074739
_entry_to_group,2,49727,2,130,2074771
_tech_select_colors,2,49735,2,130,2074779
_tech_change_colors,2,49775,2,130,2074819
_g_tech_list_header,2,49815,2,130,2074859
_turn_sum_normal_color,2,49880,2,131,2074924
_turn_sum_high_color,2,49888,2,131,2074932
_turn_indent_y,2,49896,3,131,2074940
_turn_field_y2,2,49926,3,131,2074970
_g_turn_sum_header,2,49956,2,131,2075000
__GDAptr,2,50020,2,133,2075064
__D16Infoseg,2,50024,2,133,2075068
__x386_zero_base_selector,2,50026,2,133,2075070
___argc,2,50028,2,134,2075072
__argc,2,50028,2,134,2075072
___argv,2,50032,2,134,2075076
__argv,2,50032,2,134,2075076
_release_flag,2,50036,2,135,2075080
_mark_stack_pos,2,50040,2,136,2075084
_called,2,50044,2,136,2075088
_soundOn,2,50048,2,138,2075092
_musicOn,2,50052,2,138,2075096
_AIL_dig_driver,2,50056,2,138,2075100
_AIL_mdi_driver,2,50060,2,138,2075104
_currentIndex,2,50064,2,138,2075108
_soundBuffer,2,50068,2,138,2075112
_soundBufferSize,2,50072,2,138,2075116
_audioInitialized,2,50076,2,138,2075120
_current_tick,2,50080,2,138,2075124
_globalSoundVolume,2,50084,2,138,2075128
_globalSoundPan,2,50085,2,138,2075129
_globalMusicVolume,2,50086,2,138,2075130
_globalMaxSoundVolume,2,50087,2,138,2075131
_fadeStreamUp,2,50091,2,138,2075135
_default_sound_file_name,2,50095,2,138,2075139
_default_music_file_name,2,50135,2,138,2075179
_stream_file_name,2,50175,2,138,2075219
_doubleBufferEnabled,2,50215,2,138,2075259
_doubleBufferSample,2,50219,2,138,2075263
_doubleBufferFile,2,50223,2,138,2075267
_doubleBufferSize,2,50227,2,138,2075271
_doubleBuffering,2,50231,2,138,2075275
_doubleBufferLoops,2,50235,2,138,2075279
_doubleBufferDataSize,2,50239,2,138,2075283
_doubleBufferLBXentry,2,50243,2,138,2075287
_doubleBufferHandle,2,50247,2,138,2075291
_global_stream_volume,2,50251,2,138,2075295
_streamIncVal,2,50255,2,138,2075299
_streaming_enabled,2,50259,2,138,2075303
_soundsPlayed,2,50263,2,138,2075307
_soundCallbacks,2,50267,2,138,2075311
_field_exceed_message,2,50276,3,140,2075320
_exit_the_list_field,2,50292,2,140,2075336
_string_field_x_offset,2,50293,2,140,2075337
_string_field_draw_cursor,2,50297,2,140,2075341
_default_help_entry,2,50298,2,140,2075342
_max_fields_count,2,50302,2,140,2075346
_fields,2,50304,2,140,2075348
_old_fields,2,50308,2,140,2075352
_update_function,2,50312,2,140,2075356
_auto_active_flag,2,50316,2,140,2075360
_selected_count,2,50318,2,140,2075362
_down_mouse_button,2,50320,2,140,2075364
_down_x,2,50322,2,140,2075366
_down_y,2,50324,2,140,2075368
_list_field_on,2,50326,2,140,2075370
_auto_function_delay,2,50328,2,140,2075372
_default_mouse,2,50330,2,140,2075374
_auto_input_variable,2,50342,2,140,2075386
_list_field_scan_flag,2,50344,2,140,2075388
_list_field_scroll_flag,2,50346,2,140,2075390
_list_highlight_color,2,50348,2,140,2075392
_scroll_direction,2,50350,2,140,2075394
_mouse_cancel_disabled,2,50352,2,140,2075396
_mouse_auto_exit,2,50354,2,140,2075398
_field_outline_color,2,50356,2,140,2075400
_help_field_outline_color,2,50358,2,140,2075402
_default_string,2,50360,2,140,2075404
_cursor_position,2,50372,2,140,2075416
_cursor_count,2,50374,2,140,2075418
_cursor_on,2,50376,2,140,2075420
_input_field_active,2,50378,2,140,2075422
_field_box_mode,2,50380,2,140,2075424
_help_box_mode,2,50382,2,140,2075426
_active_input_field_number,2,50384,2,140,2075428
_game_trace_buffer,2,50386,2,140,2075430
_selective_trace,2,50388,2,140,2075432
_trace_buffer_valid,2,50390,2,140,2075434
_help_list_active,2,50392,2,140,2075436
_help_list_count,2,50394,2,140,2075438
_multi_hotkey_active_field,2,50396,2,140,2075440
_pressed_mouse_x_value,2,50398,2,140,2075442
_pressed_mouse_y_value,2,50400,2,140,2075444
_pressed_button_flag,2,50402,2,140,2075446
_dynamic_field_refresh,2,50404,2,140,2075448
_draw_fields_flag,2,50406,2,140,2075450
_draw_override_flag,2,50408,2,140,2075452
_default_font_colors,2,50412,2,141,2075456
_outline_color,2,50444,2,141,2075488
_alias_outline_color,2,50446,2,141,2075490
_draw_alias_flag,2,50448,2,141,2075492
_font_background_color,2,50450,2,141,2075494
_mouse_enabled,2,50456,2,142,2075500
_mouse_interrupt_active,2,50458,2,142,2075502
_mouse_overide_flag,2,50460,3,142,2075504
_mouse_overide_left_button,2,50462,3,142,2075506
_mouse_overide_right_button,2,50464,3,142,2075508
_default_mouse_list,2,50466,2,142,2075510
_screen_pixel_width,2,50484,2,144,2075528
_screen_pixel_height,2,50488,2,144,2075532
_screen_pixel_size,2,50492,2,144,2075536
_screen_dump_flag,2,50496,2,144,2075540
_secondary_drive_path,2,50500,2,152,2075544
_farload_file_flag,2,50550,2,152,2075594
_global_load_count,2,50560,2,156,2075604
_fill_mask_data,2,50564,2,159,2075608
_sys_nerr,2,50580,2,162,2075624
_sys_errlist,2,50584,2,162,2075628
_clipping_flag,2,50648,2,168,2075692
_dot_stencil_flag,2,50650,2,168,2075694
_file_animation_opened_flag,2,50656,2,171,2075700
_file_animation_opened_flag_multi,2,50658,2,171,2075702
_brighten_palette_seg,2,50664,2,172,2075708
_cycle_direction_flag,2,50668,2,173,2075712
_smk,2,50672,2,174,2075716
_lastkey,2,50676,2,174,2075720
_netInitialized,2,50764,2,187,2075808
_netGameOpen,2,50768,2,187,2075812
_globalGameID,2,50772,2,187,2075816
_numCurrentGames,2,50792,2,187,2075836
_head_wide_bolts,2,50800,2,195,2075844
_tail_wide_bolts,2,51184,2,195,2076228
___nheapbeg,2,51568,2,202,2076612
___MiniHeapRover,2,51572,2,202,2076616
___LargestSizeB4MiniHeapRover,2,51576,2,202,2076620
_open_game_port,2,51580,2,203,2076624
_modemInitialized,2,51584,2,203,2076628
_tpInitialized,2,51588,2,204,2076632
_tpReceptionBuffer,2,51592,2,204,2076636
_tpReceptionBufferSize,2,51596,2,204,2076640
_tpMessageData,2,51598,2,204,2076642
_tpMessageLength,2,51602,2,204,2076646
_tpDestID,2,51604,2,204,2076648
_tpPacketsSent,2,51608,2,204,2076652
_tpMessageStamp,2,51612,2,204,2076656
_tpSending,2,51616,2,204,2076660
_tpRecNum,2,51620,2,204,2076664
_tpRecSrc,2,51624,2,204,2076668
_tpLastSendSuccessful,2,51628,2,204,2076672
_tpCurrentUserType,2,51632,2,204,2076676
_tpTotalPackets,2,51634,2,204,2076678
_tpTimerValue,2,51638,2,204,2076682
_tpBlockReceiving,2,51642,2,204,2076686
_tpNumRecdPackets,2,51646,2,204,2076690
_tpSendPosition,2,51650,2,204,2076694
_tpSendImmediateBurst,2,51654,2,204,2076698
_tpAckClockValue,2,51658,2,204,2076702
_tpSendClock,2,51662,2,204,2076706
_tpFullSendBuffer,2,51666,2,204,2076710
_tpBurstNum,2,51670,2,204,2076714
_tpRecBurst,2,51674,2,204,2076718
_tpNumReceivers,2,51678,2,204,2076722
_num_net_players,2,51682,2,204,2076726
_loaded_paragraph_space_flag,2,51692,2,208,2076736
_exclusion_count,2,51694,2,208,2076738
__dynend,2,51696,2,214,2076740
__curbrk,2,51700,2,214,2076744
__LpCmdLine,2,51704,2,214,2076748
__LpPgmName,2,51708,2,214,2076752
__psp,2,51712,2,214,2076756
__STACKLOW,2,51716,2,214,2076760
__x386_stacklow,2,51716,2,214,2076760
__STACKTOP,2,51720,2,214,2076764
__ASTACKSIZ,2,51724,2,214,2076768
__ASTACKPTR,2,51728,2,214,2076772
__cbyte,2,51732,2,214,2076776
__cbyte2,2,51736,2,214,2076780
__child,2,51740,2,214,2076784
__no87,2,51744,2,214,2076788
__Extender,2,51746,2,214,2076790
__ExtenderSubtype,2,51747,2,214,2076791
__X32VM,2,51748,2,214,2076792
__Envptr,2,51749,2,214,2076793
__Envseg,2,51753,2,214,2076797
__osmajor,2,51755,2,214,2076799
__osminor,2,51756,2,214,2076800
__FPE_handler,2,51757,2,214,2076801
___FPE_handler,2,51757,2,214,2076801
___atexit,2,51784,2,222,2076828
___int23_exit,2,51788,2,222,2076832
___FPE_handler_exit,2,51792,2,222,2076836
_mouse_cursor_color,2,51800,2,232,2076844
_column_lookup,2,51804,2,232,2076848
_thin_column_lookup,2,51880,2,232,2076924
_default_system_mouse_list,2,51956,2,232,2077000
_font_pixel_data,2,51968,2,232,2077012
_default_mouse_image,2,68352,2,232,2093396
_default_palette_colors,2,68928,2,232,2093972
___iob,2,69028,2,244,2094072
___tmpfnext,2,69548,2,244,2094592
__fmode,2,69549,2,244,2094593
_force,2,69553,3,244,2094597
_xlat,2,69928,3,261,2094972
_fss,2,69948,3,269,2094992
_SmackMSSDigDriver,2,69952,3,269,2094996
_LiteInit,2,69956,3,269,2095000
_count,2,69960,3,269,2095004
_sndinit,2,69964,3,269,2095008
_lasttimer,2,69968,3,269,2095012
_sounds,2,69972,3,270,2095016
_trackbuf,2,69976,3,270,2095020
_simspeed,2,69980,3,270,2095024
_forcerate,2,69984,3,270,2095028
_LowSoundOpenAddr,2,69988,2,270,2095032
_LowSoundOffAddr,2,69992,2,270,2095036
_LowSoundOnAddr,2,69996,2,270,2095040
_LowSoundVolPanAddr,2,70000,2,270,2095044
_checkAliveTime,2,70004,2,274,2095048
_netStations,2,70008,2,274,2095052
_modemTransportInitialized,2,71416,2,275,2096460
_mtp_receiving,2,71417,2,275,2096461
_modem_receive_buffer_full,2,71418,2,275,2096462
_send_message_num,2,71422,2,275,2096466
_thisHost,2,71432,2,276,2096476
_kernel_selector,2,71434,2,276,2096478
_kernel_segment,2,71436,2,276,2096480
_HostDescPtr,2,71438,2,276,2096482
_MultiPlayerStatus,2,71442,2,276,2096486
_kernelLoaded,2,71443,2,276,2096487
_mynetwork,2,71444,2,276,2096488
_mynetwork_node1,2,71448,2,276,2096492
_mynetwork_node2,2,71452,2,276,2096496
___start_dst,2,71456,2,284,2096500
___end_dst,2,71492,2,284,2096536
_timezone,2,71528,2,284,2096572
___dst_adjust,2,71532,2,284,2096576
_daylight,2,71536,2,284,2096580
_stzone,2,71540,3,284,2096584
_dtzone,2,71571,3,284,2096615
_tzname,2,71602,2,284,2096646
_tzFlag,2,71610,3,284,2096654
_hm_delay_value,2,71616,3,293,2096660
_hm_match_string,2,71620,3,293,2096664
_hm_character_printer,2,71624,3,293,2096668
__hm_abort_key,2,71628,2,293,2096672
__DefaultRXBufferSize,2,71632,2,296,2096676
__DefaultTXBufferSize,2,71636,2,296,2096680
_isa_uart_addresses,2,71640,3,297,2096684
_mca_uart_addresses,2,71672,3,297,2096716
_isa_interrupt_numbers,2,71704,3,297,2096748
_mca_interrupt_numbers,2,71736,3,297,2096780
_DefaultFast16550TriggerLevel,2,71768,3,297,2096812
_FastUse16550TXFifos,2,71772,3,297,2096816
_disk_err,2,71776,3,307,2096820
_MEM_alloc,2,71780,2,307,2096824
_MEM_free,2,71784,2,307,2096828
_pan_graph,2,74788,3,314,2099832
_GTL_prefix,2,74928,3,316,2099972
_entry,2,75056,3,316,2100100
_locked,2,75076,3,317,2100120
___EFG_printf,2,75080,2,319,2100124
___EFG_scanf,2,75084,2,319,2100128
___umaskval,2,75088,2,320,2100132
___NFiles,2,75092,2,321,2100136
___init_mode,2,75096,2,321,2100140
__iomode,2,75176,2,321,2100220
_SmackTimerReadAddr,2,75180,2,325,2100224
_timeradjust,2,75184,3,325,2100228
_lasttimerread,2,75188,3,325,2100232
_SmackTimerSetupAddr,2,75192,2,325,2100236
_CompressionName,2,76864,2,329,2101908
_Usage,2,76868,2,329,2101912
_kernelfilename,2,76922,2,330,2101966
_fileSize,2,76926,2,330,2101970
_realModeSegment,2,76930,2,330,2101974
_realModeSelector,2,76932,2,330,2101976
_KernelVector,2,76934,2,330,2101978
_DestNet,2,76938,2,330,2101982
_DestNde1,2,76942,2,330,2101986
_DestNde2,2,76946,2,330,2101990
_FirstPara,2,76988,2,330,2102032
_PacketSize,2,76992,2,330,2102036
___heap_enabled,2,76996,2,333,2102040
__amblksiz,2,77000,2,335,2102044
__AbortModemFunctionPtr,2,77012,2,340,2102056
__PortIdleFunctionPtr,2,77016,2,341,2102060
_PortList,2,77032,3,346,2102076
_hooked,2,77036,3,346,2102080
___old_int23,2,77056,3,352,2102100
___old_int_ctrl_break,2,77062,3,352,2102106
___old_pm_int23,2,77068,3,352,2102112
___old_pm_int_ctrl_break,2,77074,3,352,2102118
___WD_Present,2,77084,2,353,2102128
_environ,2,77088,2,358,2102132
___env_mask,2,77092,2,358,2102136
___abort,2,77128,2,365,2102172
_initialized,2,77132,3,366,2102176
_get_kbd_keyboard_status,2,77136,3,366,2102180
_get_kbd_shift_status,2,77140,3,366,2102184
_get_kbd_input,2,77144,3,366,2102188
_dos_can_terminate,2,77148,3,366,2102192
_enhanced_kbd_check,2,77152,3,366,2102196
_hooked_break_vector,2,77156,3,366,2102200
_saved_dos_break_setting,2,77160,3,366,2102204
__kbd_i23_count,2,77164,2,366,2102208
__kbd_i1b_count,2,77168,2,366,2102212
_SignalTable,2,77172,3,370,2102216
___PMSeg,2,77224,2,376,2102268
___PMAddr,2,77226,2,376,2102270
___RMAddr,2,77230,2,376,2102274
__8087,2,77776,2,382,2102820
__real87,2,77777,2,382,2102821
___FPE_int,2,77780,2,383,2102824
___IRQ_num,2,77781,2,383,2102825
___IRQ_int,2,77782,2,383,2102826
___MST_pic,2,77783,2,383,2102827
___SLV_pic,2,77784,2,383,2102828
___Save8087,2,77788,2,385,2102832
___Rest8087,2,77792,2,385,2102836
__8087cw,2,77796,2,386,2102840
__ProtStubOffsetsPD32,2,77848,2,349,2102892
__SegmentStartPD32,2,77848,2,349,2102892
__IrqDataPD32,2,77888,2,349,2102932
__SizeOfIrqDataPD32,2,77894,2,349,2102938
__SizeOfFastDataPD32,2,77896,2,349,2102940
__RealStubOffsetsPD32,2,77898,2,349,2102942
__SegmentEndPD32,2,77938,2,349,2102982
__DgroupSelectorPD32,2,77940,2,368,2102984
__VideoBasePD32,2,77942,2,368,2102986
__VideoCursorPD32,2,77948,2,368,2102992
_design_choice_item_selected,2,77968,2,0,2103012
_design_choice_items,2,78048,2,0,2103092
_weapon_notes_string,2,78128,2,0,2103172
_special_system_clear_button,2,78288,2,0,2103332
_weapons_count_plus_button,2,78304,2,0,2103348
_weapons_clear_button,2,78320,2,0,2103364
_weapons_count_minus_button,2,78336,2,0,2103380
_weapons_field,2,78352,2,0,2103396
_special_system_field,2,78368,2,0,2103412
_darkened_size_button_seg,2,78384,2,0,2103428
_design_size_button_seg,2,78408,2,0,2103452
_weapons_special_seg,2,78432,2,0,2103476
_fighter_seg,2,78504,2,0,2103548
_ship_darken_map,2,82344,2,0,
_combat_grid,2,84392,2,0,
_shield_div_bitmap,2,95408,2,0,
_shield_mask_bitmap,2,95424,2,0,
_weapon_button,2,95488,2,0,
_missile_field,2,95504,2,0,
_msl_seg,2,96104,2,0,
_fltscrn_small_ship_icon_seg,2,96552,2,0,
_fltscrn_flashing_ship_pict_seg,2,96584,2,0,
_planet_type_string,2,96616,2,0,
_planet_climate_string,2,96656,2,0,
_planet_special_string,2,96696,2,0,
_planet_group_string,2,96744,2,0,
_ship_pict_seg,2,96760,2,0,
_ship_icon_seg,2,98040,2,0,
_temp_string,2,98168,2,0,
_galaxy_map_star_field,2,98680,2,0,
_star_button,2,98824,2,0,
_nebula_pict_seg,2,98968,2,0,
_officer_skill_icon_seg,2,99160,2,0,
_officer_level_names,2,99376,2,0,
_star_officer_level_names,2,99400,2,0,
_new_message,2,99424,2,0,
_sun_seg,2,99440,2,0,
_given_chance_to_rename_home_star,2,99464,2,0,
_gate_icon_field,2,99472,2,0,
_gate_icon_seg,2,99480,2,0,
_outpost_marker_seg,2,99544,2,0,
_colony_marker_seg,2,99576,2,0,
_hl_monster_ship_icons,2,99608,2,0,
_sysdisp_ship_icon_seg,2,99704,2,0,
_monster_ship_icons,2,99736,2,0,
_hl_ship_icon_seg,2,99832,2,0,
_antaran_ship_icons,2,99960,2,0,
_colony_galaxy_star_seg,2,99976,2,0,
_hl_antaran_ship_icons,2,100016,2,0,
_ship_icon,2,100032,2,0,
_special_ability_names,2,106896,2,0,
_objective_labels,2,107024,2,0,
_government_labels,2,107048,2,0,
_ship_stack_start,2,107080,2,0,
_race_names,2,108080,2,0,
_mp_screen,2,108160,2,0,
_save_exists,2,108164,2,0,
_save_game_stardates,2,108168,2,0,
_save_game_dates,2,108172,2,0,
_system_repl_box_bg_seg,2,108176,2,0,
_weapon_filter,2,108180,2,0,
_system_repl_scroll_bar_seg,2,108184,2,0,
_special_desc_string,2,108188,2,0,
_repl_fields,2,108344,2,0,
_original_cost,2,108364,2,0,
_design_ship_size_field,2,108368,2,0,
_system_repl_box_top_seg,2,108380,2,0,
_d_scroll_dn_button_seg,2,108384,2,0,
_weapons_rack_text_seg,2,108388,2,0,
_weapons_blank_mods_seg,2,108408,2,0,
_system_repl_box_btm_seg,2,108412,2,0,
_system_repl_box_mid_seg,2,108416,2,0,
_dull_d_scroll_up_button_seg,2,108420,2,0,
_system_repl_box_cancel_btn,2,108424,2,0,
_weapons_arc_pict_seg,2,108428,2,0,
_d_scroll_bar_seg,2,108448,2,0,
_dull_d_scroll_dn_button_seg,2,108452,2,0,
_design,2,108456,2,0,
_system_repl_sm_box_seg,2,108460,2,0,
_weapons_arc_text_seg,2,108464,2,0,
_weapons_top_box_seg,2,108484,2,0,
_weapons_bot_box_seg,2,108488,2,0,
_bomb_filter_button_seg,2,108492,2,0,
_design_icon_rt_arrow_seg,2,108496,2,0,
_beam_filter_button_seg,2,108500,2,0,
_weapons_accept_button_seg,2,108504,2,0,
_special_filter_button_seg,2,108508,2,0,
_weapons_rack_seg,2,108512,2,0,
_build_design_button_seg,2,108516,2,0,
_clear_design_button_seg,2,108520,2,0,
_minus_button_seg,2,108524,2,0,
_cancel_design_button_seg,2,108528,2,0,
_design_screen_seg,2,108532,2,0,
_plus_button_seg,2,108536,2,0,
_weapons_selected_seg,2,108540,2,0,
_d_scroll_up_button_seg,2,108544,2,0,
_weapons_cancel_button_seg,2,108548,2,0,
_missile_filter_button_seg,2,108552,2,0,
_weapons_mid_box_seg,2,108556,2,0,
_design_icon_lf_arrow_seg,2,108560,2,0,
_detail_fleet_icon_seg,2,108564,2,0,
_weapons_button_seg,2,108568,2,0,
_self_destruct_seg,2,108572,2,0,
_darken_plasma_map,2,108576,2,0,
_combat_bitmap,2,108580,2,0,
_cmbt_info_button_seg,2,108584,2,0,
_cmbt_option_seg,2,108588,2,0,
_cmbt_done_button_seg,2,108592,2,0,
_ship_view_background_seg,2,108596,2,0,
_wait_button_seg,2,108600,2,0,
_draw_ship_bitmap,2,108604,2,0,
_ship_bitmap,2,108608,2,0,
_qcombat_data,2,108612,2,0,
_specials_button_seg,2,108616,2,0,
_combat_options_background_seg,2,108620,2,0,
_warning_missile_seg,2,108624,2,0,
_warning_fighter_seg,2,108628,2,0,
_combat_far_star,2,108632,2,0,
_combat_planet_seg,2,108636,2,0,
_board_button_seg,2,108640,2,0,
_combat_data,2,108644,2,0,
_combat_nebula_seg,2,108648,2,0,
_auto_button_seg,2,108652,2,0,
_flee_button_seg,2,108656,2,0,
_scan_button_seg,2,108660,2,0,
_combat_mid_star,2,108664,2,0,
_combat_mouse_grid,2,108668,2,0,
_combat_background_seg,2,108672,2,0,
_msl_warning_on_seg,2,108676,2,0,
_combat_near_star,2,108680,2,0,
_combat_planet_seg2,2,108684,2,0,
_large_plasma_web_seg,2,108688,2,0,
_combat_map_planet_seg,2,108708,2,0,
_level_symbol_seg,2,108712,2,0,
_stellar_converter_remap_colors,2,108716,2,0,
_large_stasis_bubble_seg,2,108720,2,0,
_warp_core_remap_colors,2,108740,2,0,
_small_plasma_web_seg,2,108744,2,0,
_bhg_remap_colors,2,108764,2,0,
_small_stasis_bubble_seg,2,108768,2,0,
_titan_stasis_bubble_seg,2,108788,2,0,
_medium_plasma_web_seg,2,108808,2,0,
_ship_cursor,2,108828,2,0,
_pulsar_remap_colors,2,108840,2,0,
_scan_ship_seg,2,108844,2,0,
_huge_stasis_bubble_seg,2,108848,2,0,
_tractor_remap_colors,2,108868,2,0,
_small_tractor_seg,2,108872,2,0,
_stasis_bubble_remap_colors,2,108876,2,0,
_shield_remap_colors,2,108880,2,0,
_plasma_web_remap_colors,2,108884,2,0,
_huge_plasma_web_seg,2,108888,2,0,
_ship_turn_order,2,108908,2,0,
_auto_combat_flag,2,109328,2,0,
_missile,2,109332,2,0,
_colony,2,109336,2,0,
_fleet_background_seg,2,109340,2,0,
_scrap_button_seg,2,109344,2,0,
_fltscrn_big_icon,2,109348,2,0,
_selected_box_seg,2,109352,2,0,
_relocate_fleet_button_seg,2,109356,2,0,
_dimmed_relocate_button_seg,2,109360,2,0,
_down_scroll_button_seg,2,109364,2,0,
_dimmed_officers_button_seg,2,109368,2,0,
_next_fleet_button_seg,2,109372,2,0,
_dimmed_scrap_button_seg,2,109376,2,0,
_scanned_box_seg,2,109380,2,0,
_fleet_all_button_seg,2,109384,2,0,
_fleet_return_button_seg,2,109388,2,0,
_dimmed_all_button_seg,2,109392,2,0,
_fleet_bar_seg,2,109396,2,0,
_officers_button_seg,2,109400,2,0,
_up_scroll_button_seg,2,109404,2,0,
_fleet_scroll_anim_seg,2,109408,2,0,
_prev_fleet_button_seg,2,109412,2,0,
_fltscrn_icon_selection_status,2,109416,2,0,
_fltscrn_ship_icon_selection_list,2,109420,2,0,
_fltscrn_flashing_monster_ship_icon,2,109424,2,0,
_fltscrn_monster_ship_icon,2,109452,2,0,
_temp_ptr_char_ptr_1,2,109480,2,0,
_temp_int_ptr_1,2,109484,2,0,
_temp_char_ptr_2,2,109488,2,0,
_temp_char_ptr_1,2,109492,2,0,
_temp_uint_ptr_2,2,109496,2,0,
_temp_sint_ptr_2,2,109500,2,0,
_temp_uint_ptr_1,2,109504,2,0,
_win_def_ptr,2,109508,2,0,
_tech_desc_seg,2,109512,2,0,
_temp_int_1,2,109516,2,0,
_temp_int_2,2,109520,2,0,
_image_seg_ptr,2,109524,2,0,
_cur_plyr_ptr,2,109528,2,0,
_temp_sint_ptr_1,2,109532,2,0,
_planet_size_string,2,109536,2,0,
_mineral_class_string,2,109556,2,0,
_help_category_labels,2,109576,2,0,
_planet_atmosphere_string,2,109644,2,0,
_spectral_class_string,2,109656,2,0,
_planet_gravity_string,2,109684,2,0,
_help_entry_list,2,109696,2,0,
_msg,2,110196,2,0,
_help,2,110200,2,0,
_main_next_button_seg,2,110204,2,0,
_ship_icon_width,2,110208,2,0,
_far_star_seg,2,110212,2,0,
_near_star_seg,2,110216,2,0,
_main_races_button_seg,2,110220,2,0,
_mid_star_seg,2,110224,2,0,
_main_design_button_down_seg,2,110228,2,0,
_system_asteroid_ring_seg,2,110232,2,0,
_system_ring_seg,2,110252,2,0,
_fleet_display_box_seg,2,110272,2,0,
_main_info_button_seg,2,110276,2,0,
_fleet_movement_box_bottom_seg,2,110280,2,0,
_ship_icon_height,2,110284,2,0,
_star_bg_seg,2,110288,2,0,
_screen_seg,2,110292,2,0,
_main_fleets_button_seg,2,110296,2,0,
_fleet_movement_all_button_seg,2,110300,2,0,
_main_design_button_seg,2,110304,2,0,
_main_screen_seg,2,110308,2,0,
_global_data_seg,2,110312,2,0,
_main_game_button_seg,2,110316,2,0,
_nebula_screen_seg,2,110320,2,0,
_global_screen_seg,2,110324,2,0,
_main_zoom_in_button_seg,2,110328,2,0,
_cache_data_seg,2,110332,2,0,
_main_zoom_out_button_seg,2,110336,2,0,
_temp_screen_seg,2,110340,2,0,
_building_cache_seg,2,110344,2,0,
_colony_cache_seg,2,110348,2,0,
_main_colonies_button_seg,2,110352,2,0,
_other_players_ship_pict_seg,2,110356,2,0,
_stardate,2,110552,2,0,
_moveable_box,2,110556,2,0,
_nebula,2,110696,2,0,
_star,2,110700,2,0,
_moveable_box_pict,2,110704,2,0,
_planet,2,110804,2,0,
_save_officers,2,110808,2,0,
_leaders,2,110812,2,0,
_officer_cancel_hire_button_seg,2,110816,2,0,
_officer_pool_seg,2,110820,2,0,
_dull_officer_dismiss_button_seg,2,110824,2,0,
_officers_original_star_id,2,110828,2,0,
_officer_scroll_box_seg,2,110832,2,0,
_officer_unassigned_seg,2,110836,2,0,
_officer_return_button_seg,2,110840,2,0,
_officer_dismiss_button_seg,2,110844,2,0,
_dull_officer_hire_button_seg,2,110848,2,0,
_dull_officer_pool_button_seg,2,110852,2,0,
_temp_officers_pict,2,110856,2,0,
_officer_hire_replace_seg,2,110860,2,0,
_officer_pool_button_seg,2,110864,2,0,
_officers_original_ship_id,2,110868,2,0,
_officer_pictures_screen_seg,2,110872,2,0,
_officer_bright_window_seg,2,110876,2,0,
_officer_dn_button_seg,2,110880,2,0,
_officer_fleet_box_seg,2,110884,2,0,
_officer_next_button_seg,2,110888,2,0,
_officer_hire_button_seg,2,110892,2,0,
_admin_skill_names,2,110896,2,0,
_officer_colony_box_seg,2,110932,2,0,
_officer_prev_button_seg,2,110936,2,0,
_officer_normal_window_seg,2,110940,2,0,
_officer_up_button_seg,2,110944,2,0,
_officer_ship_ldrs_button_seg,2,110948,2,0,
_officer_main_seg,2,110952,2,0,
_officer_colony_ldrs_button_seg,2,110956,2,0,
_global_cache_size,2,110960,2,0,
_global_cache_seg,2,110964,2,0,
_techname_seg,2,110968,2,0,
_global_music_handle,2,110972,2,0,
_o_colony_flag_seg,2,110976,2,0,
_sys_disp,2,110980,2,0,
_officer_id_list,2,110984,2,0,
_star_box_seg,2,110988,2,0,
_o_highlight_seg,2,110992,2,0,
_o_ring_seg,2,110996,2,0,
_ship_box_seg,2,111016,2,0,
_star_fields_dim,2,111020,2,0,
_fleet_box_close_sm_button_seg,2,111032,2,0,
_system_display_ships,2,111036,2,0,
_fleet_box_scroll_bar_seg,2,111216,2,0,
_star_name_loaded_string,2,111220,2,0,
_fleet_box_close_lg_button_seg,2,111224,2,0,
_cmd_line_seed,2,111228,2,0,
_fleet_box_transport_sm_button_seg,2,111232,2,0,
_fleet_box_att_xenons_lg_button_seg,2,111236,2,0,
_fleet_box_outpost_sm_button_seg,2,111240,2,0,
_fleet_box_all_button_seg,2,111244,2,0,
_fleet_box_transport_lg_button_seg,2,111248,2,0,
_fleet_box_scroll_up_button_seg,2,111252,2,0,
_fleet_box_name_lg_seg,2,111256,2,0,
_fleet_box_engage_sm_button_seg,2,111260,2,0,
_fleet_box_colonize_lg_button_seg,2,111264,2,0,
_fleet_box_scroll_dn_button_seg,2,111268,2,0,
_main_leaders_button_seg,2,111272,2,0,
_fleet_box_bottom_sm_seg,2,111276,2,0,
_fleet_box_name_sm_seg,2,111280,2,0,
_fleet_box_outpost_lg_button_seg,2,111284,2,0,
_fleet_box_colonize_sm_button_seg,2,111288,2,0,
_fleet_box_grid_sm_seg,2,111292,2,0,
_fleet_box_engage_lg_button_seg,2,111296,2,0,
_fleet_box_att_xenons_sm_button_seg,2,111300,2,0,
_main_planets_button_seg,2,111304,2,0,
_fleet_box_bottom_lg_seg,2,111308,2,0,
_global_bitmap_seg,2,111312,2,0,
_fleet_box_grid_lg_seg,2,111316,2,0,
_fleet_icon_screen_seg,2,111320,2,0,
_highlighted_screen_seg,2,111324,2,0,
_fleet_galaxy_star_seg,2,111328,2,0,
_star_seg,2,111372,2,0,
_darkened_turn_button_seg,2,111600,2,0,
_other_ships_screen_seg,2,111604,2,0,
_planet_mask_seg,2,111608,2,0,
_fleet_box_selection_seg,2,111628,2,0,
_asteroid_seg,2,111632,2,0,
_highlighted_ship_seg,2,111636,2,0,
_highlighted_star_seg,2,111640,2,0,
_h_strings,2,111644,2,0,
_galaxy_map_star_seg,2,128144,2,0,
_rotating_planet_seg,2,128188,2,0,
_planet_summary_galaxy_star_seg,2,128392,2,0,
_diplomacy_request_invoke_seg,2,128436,2,0,
_stardate_at_beg_of_turn,2,128440,2,0,
_mainscrn_diplo_lights_seg,2,128444,2,0,
_diplomacy_request_wait_seg,2,128448,2,0,
_scroll_bar,2,128452,2,0,
_mainscrn_plyr_done_lights_seg,2,128456,2,0,
_diplomacy_request_popup_seg,2,128460,2,0,
_diplomacy_request_accept_seg,2,128464,2,0,
_ship_node,2,128468,2,0,
_player,2,130968,2,0,
_ship,2,130972,2,0,
_personality_labels,2,130976,2,0,
_fleet_movement_icon,2,131004,2,0,
_treaty_labels,2,135504,2,0,
_sound_buffer,2,135532,2,0,
_hyper_field_title,2,135536,2,0,
_antarans,2,135540,2,0,
_weapon_mod_field_status,2,135606,2,0,
_weapon_rack_field,2,135636,2,0,
_weapon_arc_field,2,135646,2,0,
_weapon_mod_fields,2,135656,2,0,
_side_end_of_turn,2,135686,2,0,
_ordnance_bonus,2,135716,2,0,
_fighter_bomb_type,2,135746,2,0,
_fighter_beam_type,2,135764,2,0,
_monster_names,2,135782,2,0,
_g_ship_move_info,2,135848,2,0,
_system_display_ring_radius,2,135862,2,0,
_box_off_flag,2,135872,2,0,
_planet_seg_width,2,135882,2,0,
_planet_buttons,2,135892,2,0,
_planet_seg_height,2,135902,2,0,
_moveable_box_order,2,135912,2,0,
_black_hole_anim_count,2,135922,2,0,
_h_string_ix,2,135932,2,0,
_ship_icon_cycle,2,136726,2,0,
_fleet_movement_box_ptr,2,136876,2,0,
_save_game_description,2,136894,2,0,
_screen_data,2,137264,2,0,
_popup_base_y,2,137274,2,0,
_popup_base_x,2,137276,2,0,
_n_replacements,2,137278,2,0,
_special_filter_button,2,137280,2,0,
_beam_filter_button,2,137282,2,0,
_bomb_filter_button,2,137284,2,0,
_missile_filter_button,2,137286,2,0,
_replacement_box_accept_button,2,137288,2,0,
_shield_replacement_field,2,137290,2,0,
_design_clear_button,2,137292,2,0,
_design_build_button,2,137294,2,0,
_special_scroll_dn_button,2,137296,2,0,
_ship_icon_rt_button,2,137298,2,0,
_design_size,2,137300,2,0,
_design_screen_replacement_slot,2,137302,2,0,
_special_systems_up_button,2,137304,2,0,
_special_systems_dn_button,2,137306,2,0,
_design_name_field,2,137308,2,0,
_design_screen_replacement_item,2,137310,2,0,
_design_screen_replacement_type,2,137312,2,0,
_special_scroll_up_button,2,137314,2,0,
_design_cancel_button,2,137316,2,0,
_ship_icon_lf_button,2,137318,2,0,
_combat_speed_hidden_field,2,137320,2,0,
_combat_speed_minus_button,2,137322,2,0,
_combat_speed_plus_button,2,137324,2,0,
_weapons_dn_button,2,137326,2,0,
_weapons_up_button,2,137328,2,0,
_recharge_rate_minus_button,2,137330,2,0,
_recharge_rate_plus_button,2,137332,2,0,
_order_info_flag,2,137334,2,0,
_cmbt_colony_id,2,137336,2,0,
_ship_frame,2,137338,2,0,
_combat_clock_frame,2,137340,2,0,
_speedx2_flag,2,137342,2,0,
_combat_far_x,2,137344,2,0,
_combat_far_y,2,137346,2,0,
_combat_mid_y,2,137348,2,0,
_combat_mid_x,2,137350,2,0,
_center_button,2,137352,2,0,
_combat_near_y,2,137354,2,0,
_combat_near_x,2,137356,2,0,
_combat_defender_player,2,137358,2,0,
_combat_turn,2,137360,2,0,
_map_x,2,137362,2,0,
_map_y,2,137364,2,0,
_flee_button,2,137366,2,0,
_auto_button,2,137368,2,0,
_done_button,2,137370,2,0,
_specials_button,2,137372,2,0,
_ypos,2,137374,2,0,
_wait_button,2,137376,2,0,
_combat_attacker_count,2,137378,2,0,
_grid_button,2,137380,2,0,
_speedx2_button,2,137382,2,0,
_shields_button,2,137384,2,0,
_xpos,2,137386,2,0,
_combat_attacker_player,2,137388,2,0,
_self_destruct_button,2,137390,2,0,
_msl_warning_button,2,137392,2,0,
_draw_legal_boxes_button,2,137394,2,0,
_map_field,2,137396,2,0,
_msl_impact_warning_button,2,137398,2,0,
_weapons_button,2,137400,2,0,
_space_field,2,137402,2,0,
_cmbt_info_button,2,137404,2,0,
_combat_defender_count,2,137406,2,0,
_combat_total_ship_count,2,137408,2,0,
_auto_msl_warning_off,2,137410,2,0,
_msl_impact_warning_flag,2,137412,2,0,
_take_control_flag,2,137414,2,0,
_ai_retreat_flag,2,137416,2,0,
_in_nebula_flag,2,137418,2,0,
_shields_flag,2,137420,2,0,
_net_flag,2,137422,2,0,
_saved_msl_warn,2,137424,2,0,
_ship_data_id,2,137426,2,0,
_skan_flag,2,137428,2,0,
_ship_status_display,2,137430,2,0,
_cur_ptr,2,137432,2,0,
_missile_warning,2,137434,2,0,
_take_control_button,2,137436,2,0,
_super_fast_button,2,137438,2,0,
_super_fast_flag,2,137440,2,0,
_bio_weapon_flag,2,137442,2,0,
_grid_flag,2,137444,2,0,
_scan_button,2,137446,2,0,
_board_flag,2,137448,2,0,
_wait_ptr,2,137450,2,0,
_board_button,2,137452,2,0,
_draw_legal_boxes_flag,2,137454,2,0,
_cur_combat_x,2,137456,2,0,
_cur_combat_y,2,137458,2,0,
_last_ship_status,2,137460,2,0,
_apply_damage_to_planet,2,137462,2,0,
_cur_ship,2,137464,2,0,
_cur_missile_count,2,137466,2,0,
_dont_draw_ship,2,137468,2,0,
_ken_trace,2,137470,2,0,
_auto_combat,2,137472,2,0,
_auto_cmbt_button_value,2,137474,2,0,
_draw_active_missiles,2,137476,2,0,
_saved_msl_warning,2,137478,2,0,
_net_destination,2,137480,2,0,
_fltscrn_combat_button_status,2,137482,2,0,
_fltscrn_support_button_status,2,137484,2,0,
_scanned_small_ship,2,137486,2,0,
_fltscrn_bar_value,2,137488,2,0,
_n_big_icons_selected,2,137490,2,0,
_def_number_2,2,137492,2,0,
_def_number_1,2,137494,2,0,
_ship_2_size,2,137496,2,0,
_offpop_big_icon_selected,2,137498,2,0,
_scanned_big_ship,2,137500,2,0,
_att_number_1,2,137502,2,0,
_att_number_2,2,137504,2,0,
_crew_transfer_mode,2,137506,2,0,
_fltscrn_bar_field,2,137508,2,0,
_ship_1_size,2,137510,2,0,
_first_fltscrn_icon,2,137512,2,0,
_old_first_fltscrn_icon,2,137514,2,0,
_n_fltscrn_big_icons_added,2,137516,2,0,
_n_fltscrn_big_icons,2,137518,2,0,
_old_fltscrn_stack_owner,2,137520,2,0,
_fltscrn_stack_owner,2,137522,2,0,
_active_count,2,137524,2,0,
_temp_sint_8,2,137526,2,0,
_temp_sint_4,2,137528,2,0,
_temp_sint_5,2,137530,2,0,
_temp_sint_6,2,137532,2,0,
_temp_sint_7,2,137534,2,0,
_temp_sint_1,2,137536,2,0,
_temp_sint_2,2,137538,2,0,
_temp_sint_3,2,137540,2,0,
_temp_uint_1,2,137542,2,0,
_temp_uint_2,2,137544,2,0,
_antaran_resource_level,2,137546,2,0,
_FULL_DRAW_SCREEN_FLAG,2,137548,2,0,
_fleet_box_scroll_up_button,2,137550,2,0,
_fleet_box_scroll_dn_button,2,137552,2,0,
_ships_in_fleet,2,137554,2,0,
_star_height,2,137556,2,0,
_draw_main_screen_stencilled,2,137558,2,0,
_fleet_ship_bar_value,2,137560,2,0,
_galaxy_map_width,2,137562,2,0,
_eta_star_id,2,137564,2,0,
_multi_colored_line_start,2,137566,2,0,
_galaxy_map_scanned_star,2,137568,2,0,
_fleet_box_map_height,2,137570,2,0,
_stencil_box_id,2,137572,2,0,
_ship_icon_player_id,2,137574,2,0,
_galaxy_map_grid_x,2,137576,2,0,
_galaxy_map_grid_y,2,137578,2,0,
_moved_box_to_top,2,137580,2,0,
_star_width,2,137582,2,0,
_galaxy_map_height,2,137584,2,0,
_multi_colored_box_color_start,2,137586,2,0,
_animated_star_frame_count,2,137588,2,0,
_skip_fields,2,137590,2,0,
_twinkle_star_ctr,2,137592,2,0,
_galaxy_map_grid_field,2,137594,2,0,
_max_zoom_count,2,137596,2,0,
_far_star_y,2,137598,2,0,
_far_star_x,2,137600,2,0,
_fleet_movement_all_button,2,137602,2,0,
_near_star_x,2,137604,2,0,
_near_star_y,2,137606,2,0,
_animated_star,2,137608,2,0,
_mid_star_x,2,137610,2,0,
_cur_map_x,2,137612,2,0,
_mid_star_y,2,137614,2,0,
_cur_map_y,2,137616,2,0,
_cur_map_scale,2,137618,2,0,
_NUM_SHIPS,2,137620,2,0,
_NUM_COLONIES,2,137622,2,0,
_NUM_PLAYERS,2,137624,2,0,
_NUM_STARS,2,137626,2,0,
_PLAYER_NUM,2,137628,2,0,
_zoom_count,2,137630,2,0,
_max_map_scale,2,137632,2,0,
_planet_count,2,137634,2,0,
_big_icon_x_offset,2,137636,2,0,
_n_fltscrn_officers,2,137638,2,0,
_big_icon_y_offset,2,137640,2,0,
_hot_seat_flag,2,137642,2,0,
_tactical_net_choice,2,137644,2,0,
_system_display_grid_x,2,137646,2,0,
_system_display_grid_y,2,137648,2,0,
_system_display_grid_field,2,137650,2,0,
_next_player_ship_icon,2,137652,2,0,
_chance_for_antaran_invasion,2,137654,2,0,
_fleet_box_ship_stack,2,137656,2,0,
_fleet_box_ships_saved,2,137658,2,0,
_old_small_ship_stack_ptr,2,137662,2,0,
_system_icon_scanned,2,137664,2,0,
_main_screen_grid_y,2,137666,2,0,
_main_screen_grid_x,2,137668,2,0,
_system_star_id,2,137670,2,0,
_main_screen_grid_field,2,137672,2,0,
_fleet_ship_scanned,2,137674,2,0,
_fleet_box_outpost_button,2,137676,2,0,
_fleet_box_colonize_button,2,137678,2,0,
_system_star_id_for_auto_select,2,137680,2,0,
_first_unselected_icon,2,137682,2,0,
_fleet_box_attack_button,2,137684,2,0,
_fleet_box_transport_button,2,137686,2,0,
_small_ship_stack_ptr,2,137688,2,0,
_fleet_box_engage_button,2,137690,2,0,
_system_display_ship_scanned,2,137692,2,0,
_global_exit_field,2,137694,2,0,
_n_stats_to_generate,2,137696,2,0,
_old_system_index,2,137698,2,0,
_disallow_saves_code,2,137700,2,0,
_system_display_base_x,2,137702,2,0,
_system_display_base_y,2,137704,2,0,
_max_debug_saves,2,137706,2,0,
_turns_between_debug_saves,2,137708,2,0,
_first_debug_save,2,137710,2,0,
_fleet_icon_button_count,2,137712,2,0,
_icon_overlay_x,2,137714,2,0,
_icon_overlay_y,2,137716,2,0,
_next_free_node,2,137718,2,0,
_ship_icon_count,2,137720,2,0,
_space_ship_icon_count,2,137722,2,0,
_first_fleet_movement_icon,2,137724,2,0,
_fleet_icon_buttons_added,2,137726,2,0,
_fleet_movement_bar_field,2,137728,2,0,
_ship_stack_count,2,137730,2,0,
_fleet_movement_bar_value,2,137732,2,0,
_first_node_ptr_in_stack,2,137734,2,0,
_current_screen,2,137736,2,0,
_MAP_MAX_Y,2,137738,2,0,
_MAP_MAX_X,2,137740,2,0,
_global_esc,2,137742,2,0,
_return_screen,2,137744,2,0,
_global_combat_data,2,137746,2,0,
_player_mode,2,138059,2,0,
_combat_bomb_result,2,138074,2,0,
_active_player,2,138147,2,0,
_fleet_box,2,138156,2,0,
_saved_boxes,2,138189,2,0,
_settings,2,138204,2,0,
_fleet_icon_selection_status,2,138757,2,0,
_fleet_box_ship_ids,2,138820,2,0,
_fleet_box_selected_ship_ids,2,138883,2,0,
_rot_plan_dim,2,138946,2,0,
_mouse_xy,2,138951,2,0,
_fltpop_scroll_bar,2,138960,2,0,
_n_weapons_loaded,2,138989,2,0,
_message_type,2,138990,2,0,
_draw_design_screen_to_back,2,138991,2,0,
_refit_ship,2,138993,2,0,
_first_design_screen_call,2,138994,2,0,
_n_special_systems,2,138995,2,0,
_first_special_system_ctr,2,138996,2,0,
_first_weapon_ctr,2,138997,2,0,
_colony_defense_flags,2,138998,2,0,
_add_officers_button,2,138999,2,0,
_apply_rebate,2,139000,2,0,
_add_scrap_button,2,139001,2,0,
_skip_draw_ships,2,139002,2,0,
_add_all_button,2,139003,2,0,
_n_fltscrn_rows,2,139004,2,0,
_icon_in_fleet_selected,2,139005,2,0,
_draw_fleet_screen_to_back,2,139006,2,0,
_add_relocate_button,2,139007,2,0,
_first_time,2,139008,2,0,
_red_color2,2,139009,2,0,
_red_color1,2,139010,2,0,
_blue_color2,2,139011,2,0,
_blue_color1,2,139012,2,0,
_refresh_mode,2,139013,2,0,
_red_color_pulse_incr,2,139014,2,0,
_red_color_pulse_value,2,139015,2,0,
_fleet_movement_icons_on,2,139016,2,0,
_global_var,2,139017,2,0,
_star_bg_index,2,139018,2,0,
_name_flag,2,139019,2,0,
_zoom_in,2,139020,2,0,
_NUM_NEBULAS,2,139021,2,0,
_big_icon_display_max_icons,2,139022,2,0,
_officer_scanned,2,139023,2,0,
_big_icon_display_rows,2,139024,2,0,
_draw_officer_to_back,2,139025,2,0,
_officer_popup_type,2,139026,2,0,
_drawing_officer_popup,2,139027,2,0,
_big_icon_display_columns,2,139028,2,0,
_officer_selected,2,139029,2,0,
_combat_done_waiting,2,139030,2,0,
_previous_report,2,139031,2,0,
_look_at_colonies,2,139032,2,0,
_previous_screen,2,139033,2,0,
_first_time_drawn,2,139034,2,0,
_add_help_fields,2,139035,2,0,
_get_distance_between_stars,2,139036,2,0,
_mainscr_palette,2,139037,2,0,
_fix_palette,2,139038,2,0,
_officer_scrn_type,2,139039,2,0,
_fleet_box_scroll_first_ship,2,139040,2,0,
_draw_system_display_without_button,2,139041,2,0,
_pushed_screen_seg_for_planets,2,139042,2,0,
_draw_expanding_box,2,139043,2,0,
_main_screen_fade_flag,2,139044,2,0,
_skip_reports,2,139045,2,0,
_player_has_ship_in_system,2,139046,2,0,
_first_time_thru_reports,2,139047,2,0,
_draw_main_screen_to_back,2,139048,2,0,
_galaxy_star_anim_count,2,139049,2,0,
_maps_to_generate,2,139050,2,0,
_g_galaxy_size,2,139051,2,0,
_at_least_one_report,2,139052,2,0,
_auto_turn_exit,2,139053,2,0,
_palette_number,2,139054,2,0,
_g_galaxy_age,2,139055,2,0,
_selected_star_color_mod,2,139056,2,0,
_selected_star_color_offset,2,139057,2,0,
_mouse_button_pressed,2,139058,2,0,
_just_moved_stack,2,139059,2,0,
_mox_font_colors_offset,2,139060,2,0,
_need_to_restore_help_list,2,139061,2,0,
_debug_saves_on,2,139062,2,0,
_dont_draw_main_screen_to_back,2,139063,2,0,
_reloaded_ship_palette,2,139064,2,0,
_at_least_one_tactical_combat,2,139065,2,0,
_game_type,2,139066,2,0,
_leave_game_message,2,139068,2,1,
_init_game_message1,2,139168,2,1,
_skip_intro,2,139268,3,1,
_pan_main_menu_panel,2,139269,2,1,
_user_wants_n_space_monsters,2,139270,2,1,
_quick_start,2,139271,3,1,
_special_names_seg,2,139276,2,2,
_antaran_room_mouse_bitmap,2,139280,2,9,
_antaran_room_message,2,139284,2,9,
_smack_auto_function,2,139288,2,10,
_smack_y,2,139292,2,10,
_smack_x,2,139294,2,10,
_council_member_votes,2,139296,2,12,
_council_members,2,139312,2,12,
_council_winner_seg,2,139320,2,12,
_council_nominees_seg,2,139352,2,12,
_council_light_race_seg,2,139360,2,12,
_council_dark_race_seg,2,139392,2,12,
_player_voted_winner_message_id,2,139424,2,12,
_council_nominee_votes,2,139444,2,12,
_council_no_votes_message,2,139448,2,12,
_council_vote_message,2,139452,2,12,
_council_mouse_bitmap,2,139456,2,12,
_council_message,2,139460,2,12,
_council_nominee_vote_total,2,139464,2,12,
_council_votes_message,2,139468,2,12,
_council_votes_total_message,2,139472,2,12,
_council_vote_cast,2,139476,2,12,
_council_total_votes,2,139478,2,12,
_council_nominees,2,139480,2,12,
_council_voter,2,139482,2,12,
_council_total_members,2,139483,2,12,
_winning_player,2,139484,2,12,
_council_vote_for,2,139485,2,12,
_council_state,2,139486,2,12,
_council_winner,2,139488,2,13,
_COUNCIL_FLAG,2,139490,2,13,
_next_council_meeting_turn,2,139492,2,13,
_main_net_repulsive_diplomacy_list,2,139496,2,14,
_diplomacy_system_fields,2,139520,2,14,
_net_diplomacy_message,2,139664,2,14,
_offer_title,2,139672,2,14,
_propose_treaty_title,2,139676,2,14,
_propose_treaty_diplomacy_list,2,139680,2,14,
_demand_diplomacy_list,2,139708,2,14,
_main_repulsive_diplomacy_list,2,139752,2,14,
_break_treaty_title,2,139772,2,14,
_break_treaty_diplomacy_list,2,139776,2,14,
_agree_diplomacy_list,2,139804,2,14,
_demand_title,2,139816,2,14,
_offer_diplomacy_list,2,139820,2,14,
_main_diplomacy_list,2,139848,2,14,
_main_net_diplomacy_list,2,139884,2,14,
_player_name_ambassador_buffer,2,139928,2,14,
_system_homeworld_buffer,2,139932,2,14,
_player_number_name_buffer,2,139936,2,14,
_system_cancel_buffer,2,139940,2,14,
_system_unsurrenderable_buffer,2,139944,2,14,
_system_million_colonists_buffer,2,139948,2,14,
_enter_your_message_buffer,2,139952,2,14,
_diplomacy_system_star_background_seg,2,139956,2,14,
_statement_research_treaty_buffer,2,139960,2,14,
_choose_a_system_buffer,2,139964,2,14,
_you_were_framed_buffer,2,139968,2,14,
_statement_trade_treaty_buffer,2,139972,2,14,
_system_x_star_system_buffer,2,139976,2,14,
_percent_tribute_treaty_buffer,2,139980,2,14,
_diplomacy_mouse_bitmap,2,139984,2,14,
_main_diplomacy_title,2,139988,2,14,
_net_listen_mode_option_buffer,2,139992,2,14,
_target_tech_list,2,139996,2,14,
_exchange_tech_list,2,140208,2,14,
_net_diplomacy_chat_message,2,140420,2,14,
_net_listen_mode_good_bye_buffer,2,140520,2,14,
_chat_message,2,140524,2,14,
_receive_chat_message,2,140624,2,14,
_jim_help_list,2,140724,2,14,
_diplomacy_message,2,140874,2,14,
_diplomacy_list_choice,2,141124,2,14,
_diplomacy_new_music,2,141874,2,14,
_diplomacy_scan_input_flag,2,141876,2,14,
_old_response_message,2,141878,2,14,
_diplomacy_fade_music_flag,2,141880,2,14,
_diplomacy_system_planet_count,2,141882,2,14,
_diplomacy_good_music,2,141884,2,14,
_diplomacy_system_homeworld_flag,2,141886,2,14,
_response_message,2,141888,2,14,
_diplomacy_system_population,2,141890,2,14,
_diplomacy_current_music,2,141892,2,14,
_diplomacy_bad_music,2,141894,2,14,
_net_diplomacy_esc_pressed,2,141896,2,14,
_net_diplomacy_tech_offered,2,141898,2,14,
_exchange_tech_count,2,141900,2,14,
_net_diplomacy_treaty_type,2,141902,2,14,
_diplomacy_quit_chat_field,2,141904,2,14,
_synch_up_established_flag,2,141906,2,14,
_diplomacy_chat_field,2,141908,2,14,
_chat_width,2,141910,2,14,
_chat_base_y,2,141912,2,14,
_chat_base_x,2,141914,2,14,
_chat_height,2,141916,2,14,
_diplomacy_system_planet_list,2,141918,2,14,
_diplomacy_system_giver,2,141923,2,14,
_diplomacy_system_receiver,2,141924,2,14,
_ambassador_option,2,141925,2,14,
_current_ambassador,2,141926,2,14,
_talker_ambassador,2,141927,2,14,
_listen_ambassador,2,141928,2,14,
_chat_mode_flag,2,141929,2,14,
_event_mouse_bitmap,2,141932,2,15,
_event_display_seg,2,141936,2,15,
_event_message,2,141940,2,15,
_jim_saved_autofunction,2,142240,2,15,
_event_data,2,142244,2,15,
_last_event_year,2,142568,2,15,
_event_delay_count,2,142572,2,15,
_max_current_event,2,142574,2,15,
_event_status_flag,2,142575,2,15,
_current_event,2,142576,2,15,
_darken_palette_value,2,142580,2,16,
_human_tech,2,142584,2,17,
_target_tech,2,143644,2,17,
_fleet_target,2,144704,2,18,
_green,2,144708,3,19,
_board_left_button_seg,2,144728,2,19,
_board_capture_button_seg,2,144732,2,19,
_board_right_button_seg,2,144736,2,19,
_board_raid_button_seg,2,144740,2,19,
_k_save,2,144744,2,19,
_end_of_turn_button,2,144756,3,25,
_start_of_turn,2,144760,2,25,
_real_attack_flag,2,144764,2,26,
_diplomacy_proposal_gold_bribe,2,144768,2,27,
_diplomacy_proposal_system_bribe,2,144770,2,27,
_diplomacy_proposal_tribute_bribe,2,144772,2,27,
_diplomacy_demand_rejected_message,2,144773,2,27,
_diplomacy_proposal_tech_bribe2,2,144774,2,27,
_diplomacy_proposal_tech_bribe1,2,144775,2,27,
_opt_string,2,144776,2,30,
_color_opt,2,145032,2,30,
_default_button_seg,2,145040,2,30,
_button_variable,2,145044,2,30,
_option_button,2,145064,2,30,
_accept_button_seg,2,145108,2,30,
_off_button_seg,2,145112,2,30,
_option_toggle,2,145116,2,30,
_pick_seg,2,145160,2,30,
_special_button_seg,2,145164,2,30,
_ability_costs,2,145168,2,30,
_group_button,2,145172,2,30,
_picks,2,145254,2,30,
_defalt,2,145256,2,30,
_exit_ken,2,145258,2,30,
_negative_picks,2,145260,2,30,
_accept,2,145262,2,30,
_name_button,2,145264,2,30,
_cur_race_name,2,145266,2,30,
_flag_button_seg,2,145284,2,31,
_race_button_seg,2,145316,2,31,
_race_specials,2,145372,2,31,
_color_flag,2,145428,2,31,
_temp_ruler_name,2,145436,2,31,
_race_button_status,2,145440,2,31,
_race_name_list,2,145468,2,31,
_last_race_seg,2,145472,2,31,
_temp_home_name,2,145476,2,31,
_race_flag,2,145480,2,31,
_custom_flag,2,145494,2,31,
_old_race,2,145496,2,31,
_displayed_race,2,145498,2,31,
_last_race_name,2,145500,2,31,
_begin_seg,2,145516,2,36,
_cancel_seg,2,145520,2,36,
_hot_pop_background_seg,2,145524,2,36,
_add_human_seg,2,145528,2,36,
_grid_background,2,145532,2,36,
_hotseat_human_players,2,145536,2,36,
_parsec,2,145540,3,37,
_adv_civ_player,2,145544,3,37,
_planet_worth_to_player,2,145548,3,37,
_star_colony_owner,2,145552,3,37,
_planet_selected_flag,2,145556,3,37,
_first_antaran_ship_id,2,145560,3,38,
_offensive_titan_ship_built,2,145562,3,38,
_replacement_scroll_field,2,145764,3,40,
_weapon_replacement_mods,2,145766,3,40,
_replacement_scroll_up_button,2,145768,3,40,
_replacement_box_middle_height,2,145770,3,40,
_replacement_box_base_x,2,145772,3,40,
_replacement_box_base_y,2,145774,3,40,
_replacement_scroll_dn_button,2,145776,3,40,
_field_item_chosen,2,145778,3,40,
_replacement_box_width,2,145780,3,40,
_weapon_replacement_arcs,2,145782,3,40,
_weapon_replacement_rack,2,145784,2,40,
_replacement_box_height,2,145786,3,40,
_field_item_scanned,2,145788,3,40,
_weapon_arc_rack_box_field,2,145790,3,40,
_valid_arcs_racks,2,145792,3,40,
_valid_mods,2,145797,3,40,
_incr_value,2,145813,2,40,
_printed_cost,2,145816,3,41,
_dull_minus_button_seg,2,145820,3,41,
_dark_build_design_button_seg,2,145824,3,41,
_printed_space_avail,2,145828,3,41,
_dull_plus_button_seg,2,145832,3,41,
_add_size_button_flag,2,145836,3,41,
_design_computer_replacement_field,2,145842,3,41,
_design_shield_replacement_field,2,145844,3,41,
_design_size_field,2,145846,3,41,
_use_augmented_engines,2,145848,3,41,
_replacement_wait_ctr,2,145849,2,41,
_changed_design_name,2,145850,3,41,
_null_modem_setup_screen_help_list,2,145852,3,42,
_hotseat_setup_screen_help_list,2,145892,3,42,
_diplomacy_request_help_list,2,145932,3,42,
_coloff_screen_help_list,2,145972,3,42,
_fleet_screen_help_list,2,146132,3,42,
_weapon_replacement_screen_help_list,2,146452,3,42,
_prev_help_struct_pointer,2,146572,3,42,
_shipoff_screen_help_list,2,146576,3,42,
_modem_setup_screen_help_list,2,146906,3,42,
_design_screen_help_list,2,146996,3,42,
_prev_help_list_active,2,147126,3,42,
_prev_help_list_count,2,147128,3,42,
_n_added_buttons,2,147132,3,43,
_multi_button_combat_seg,2,147136,3,44,
_multi_button_support_seg,2,147140,3,44,
_support_filter_button,2,147144,3,44,
_combat_filter_button,2,147146,3,44,
_fleet_screen_bad_ship_id,2,147148,3,44,
_n_player_ships,2,147150,3,44,
_relocate_button_mode,2,147153,3,44,
_skip_draw_fltscrn_ship_pictures,2,147154,2,44,
_box_bitmap,2,147156,3,46,
_gendraw_af,2,147160,3,46,
_image_seg,2,147164,3,46,
_message_field_save,2,147176,3,46,
_animation_frame,2,147198,3,46,
_save_refresh_mode,2,147200,3,46,
_direction,2,147204,3,46,
_message_box_y,2,147206,3,46,
_warning_box,2,147208,3,46,
_saved_mouse_list,2,147212,3,48,
_flic_offset_x,2,147332,2,48,
_flic_offset_y,2,147356,2,48,
_prev_mouse_list,2,147380,3,48,
_saved_mouse_list_count,2,147392,3,48,
_prev_mouse_list_count,2,147394,3,48,
_set_fade_for_first_fltpop,2,147396,2,48,
_nearest_food_worlds,2,147400,3,49,
_HOME_WORLD_GEN_MAX_CTR,2,147416,3,49,
_home,2,147420,3,49,
_good_stars,2,147424,3,49,
_star_list,2,147428,3,49,
_months,2,147432,3,50,
_game_popup_fields,2,147512,2,50,
_screen_bitmap,2,147516,3,50,
_dark_load_button_seg,2,147520,3,50,
_game_anims,2,147524,3,50,
_empty_save_slot_message,2,147528,3,50,
_music_level_field,2,147548,3,50,
_hotkey_field,2,147550,3,50,
_sfx_level_field,2,147552,3,50,
_print_data_to_bitmap,2,147554,3,50,
_skip_draw_load_save,2,147555,3,50,
_dont_draw_darkened_buttons,2,147556,3,50,
_draw_load_save_to_back,2,147557,3,50,
_loaded_new_game,2,147558,3,50,
_double_clicked,2,147559,3,50,
_loaded_debug_save,2,147560,3,50,
_save_button_active,2,147561,3,50,
_credits,2,147564,2,51,
_bitmap,2,147568,3,51,
_credit_count,2,147572,3,51,
_credit_y,2,147576,3,51,
_credit_x,2,147580,3,51,
_mainmenu_last_seg,2,147584,2,51,
_gametype,2,147588,3,51,
_mainmenu_first_seg,2,147592,2,51,
_main_menu_background_seg,2,147596,3,51,
_mainmenu,2,147600,3,51,
_credits_font_style,2,147604,3,51,
_delay_count,2,147606,3,51,
_max_credits,2,147608,3,51,
_credits_column_one,2,147610,3,51,
_draw_main_menu_to_back,2,147611,3,51,
_credit_num,2,147612,3,51,
_do_credits,2,147613,3,51,
_credits_font_spacing,2,147614,3,51,
_hotseat_system_box,2,147616,2,52,
_hotseat_fleet_box,2,147680,2,52,
_hotseat_map_scale,2,147744,2,52,
_player_lights_seg,2,147752,2,52,
_diplo_lights_anim_frame,2,147784,3,52,
_temp_bitmap,2,147792,2,52,
_last_field,2,147796,3,52,
_box_seed,2,147798,3,52,
_command_points_window_field,2,147800,2,52,
_treasury_window_field,2,147802,2,52,
_whole_screen_field,2,147804,2,52,
_zoom_box_x,2,147806,2,52,
_zoom_box_y,2,147808,2,52,
_next_button,2,147810,2,52,
_n_twinkling_stars,2,147812,3,52,
_freighters_window_field,2,147814,2,52,
_research_window_field,2,147816,2,52,
_food_window_field,2,147818,2,52,
_exit_button,2,147820,2,52,
_first_field,2,147822,2,52,
_exit_game_hot_key,2,147824,2,52,
_races_button,2,147826,2,52,
_design_button,2,147828,2,52,
_zoom_in_button,2,147830,2,52,
_zoom_out_button,2,147832,2,52,
_info_button,2,147834,2,52,
_game_button,2,147836,2,52,
_colonies_button,2,147838,2,52,
_main_screen_ship_icon_scanned,2,147840,2,52,
_leaders_button,2,147842,2,52,
_planets_button,2,147844,2,52,
_fleet_icon_chosen,2,147846,2,52,
_fleets_button,2,147848,2,52,
_main_screen_scanned_star,2,147850,3,52,
_debug_field,2,147852,2,52,
_already_faded_into_main_screen,2,147854,2,52,
_clear_fleet_fields,2,147855,3,52,
_add_mainscrn_debug_field,2,147856,2,52,
_draw_ship_icons_flag,2,147857,2,52,
_zoom_box_color_increment,2,147858,3,52,
_zoom_box_counter,2,147859,3,52,
_check_next_turn_exit_field,2,147860,2,52,
_fleet_ship_selection_status,2,147861,2,52,
_in_auto_next_turn_mode,2,147862,2,52,
_zoom_box_increment_value,2,147863,3,52,
_next_turn_hit,2,147864,2,52,
_fltpop_field_selection_status,2,147865,3,52,
_moving_a_stack,2,147866,3,52,
_track_time_flag,2,147867,3,52,
_merging_relocations,2,147868,3,52,
_officer_screen_return_screen,2,147869,2,52,
_mouse_btn_pressed,2,147870,3,52,
_warn_about_cheaters,2,147871,3,52,
_main_screen_fade_in_flag,2,147872,2,53,
_in_reports_phase,2,147873,2,53,
_force_main_screen_fade,2,147874,2,53,
_planet_group_type_stat,2,147876,2,54,
_planet_type_stat,2,147892,2,54,
_climate_stat,2,147932,2,54,
_tests_failed,2,147972,3,54,
_satellite_stat,2,147980,2,54,
_stat_count,2,148004,2,54,
_gravity_stat,2,148008,2,54,
_spectral_class_stat,2,148020,2,54,
_nebula_stat,2,148048,2,54,
_total_planets,2,148068,2,54,
_planet_special_stat,2,148072,2,54,
_gen,2,148084,2,54,
_planet_size_stat,2,148088,2,54,
_star_size_stat,2,148108,2,54,
_atmosphere_stat,2,148120,2,54,
_mineral_type_stat,2,148132,2,54,
_fMapgenxy,2,148152,3,54,
_name_index,2,148156,3,54,
_name_seg,2,148160,3,54,
_n_planets,2,148164,3,54,
_fMapgen,2,148168,3,54,
_num_maps_to_generate,2,148172,3,54,
_pl,2,148176,2,54,
_special_count,2,148180,3,54,
_n_stars,2,148192,3,54,
_fill_msg_bitmap,2,148196,2,54,
_evan_ptr,2,148200,3,54,
_star_count,2,148204,3,54,
_t_roll,2,148206,3,54,
_fill_msg_ctr,2,148208,2,54,
_companion_star,2,148210,2,54,
_fill_msg,2,148212,2,54,
_gen_stats,2,148247,3,54,
_n_maps_generated,2,148248,3,54,
_n_space_monsters,2,148249,2,54,
_make_food_planet,2,148250,2,54,
_mox_font_colors,2,148252,2,55,
_mouse_clock_image_num,2,148260,3,55,
_g_remap_colors,2,148264,3,57,
_input_box,2,148272,3,57,
_officer_skill_help,2,148488,3,58,
_ldrpict,2,148568,3,58,
_officer_skill_description_string,2,148572,3,58,
_prev_leaders,2,148680,3,58,
_officer_skill_name_string,2,148684,3,58,
_officer_dismiss_btn,2,148792,3,58,
_officer_pool_btn,2,148794,3,58,
_fleet_icon_ship_id_to_move,2,148796,2,58,
_officer_star_displayed,2,148798,2,58,
_officer_star_chosen,2,148800,2,58,
_offscrn_ask_for_hire_popup,2,148802,3,58,
_officer_button_mode,2,148804,3,58,
_offscrn_skip_draw_ships,2,148805,3,58,
_offscrn_flash_incr,2,148806,2,58,
_offscrn_flash_dir,2,148807,2,58,
_offscrn_flash_value,2,148808,2,58,
_can_reach_star,2,148812,3,59,
_p_rotating_planet,2,148884,3,59,
_screen,2,148888,3,59,
_climate_bit_field,2,148892,3,59,
_planet_summary,2,148896,3,59,
_ship_summary,2,148900,3,59,
_n_plntsum_ships,2,148904,3,59,
_last_ship_moved,2,148906,3,59,
_send_choice,2,148908,3,59,
_plntsum_scroll_bar,2,148910,3,59,
_n_ships_in_summary,2,148912,3,59,
_planet_explored,2,148914,3,59,
_wait_ctr,2,148959,3,59,
_draw_colony_button_status,2,148960,3,59,
_flash_color_value,2,148961,3,59,
_draw_outpost_button_status,2,148962,3,59,
_skip_draw_planets,2,148963,3,59,
_can_reach_scanned_planet,2,148964,3,59,
_fade_flag,2,148965,3,59,
_draw_screen_to_back,2,148966,3,59,
_recalc_first_planet,2,148967,3,59,
_box_field_scanned,2,148968,3,59,
_found_outpost_ship,2,148969,3,59,
_found_colony_ship,2,148970,3,59,
_hof,2,148988,2,60,
_hi,2,149440,3,60,
_entry_to_flash,2,149444,3,60,
_difficulty_string,2,149446,3,60,
_remap_gray_mask_palette,2,149524,2,63,
_sys_data_buffer,2,152084,2,63,
_system_display_sun_seg,2,152088,3,63,
_sys_disp_bitmap,2,152092,3,63,
_planet_palette,2,152096,3,63,
_mask_header,2,152100,2,63,
_star_description_string,2,152104,3,63,
_planet_anim_ctr,2,152359,3,63,
_skip_draw_system_planets,2,152364,2,63,
_draw_sun_before_planet,2,152365,3,63,
_evan_show_prime_flag,2,152366,3,63,
_skip_draw_system_display,2,152367,2,63,
_textbox_field_save,2,152368,3,64,
_textbox_seg,2,152404,3,64,
_textbox_af,2,152408,3,64,
_bottom_y,2,152412,3,64,
_box_y,2,152414,3,64,
_box_x,2,152416,3,64,
_old_help_list_active,2,152420,3,64,
_old_draw_fields_flag,2,152422,3,64,
_box_size,2,152424,3,64,
_reload_saved_block,2,152426,3,64,
_env_shield_anims,2,152432,2,65,
_laser_burst_anim,2,152592,2,65,
_shield_anims,2,152848,2,65,
_combined_pict,2,153008,2,65,
_shield_pict,2,153012,2,65,
_envelop_pict,2,153016,2,65,
_mauler_ball_seg,2,153020,3,65,
_pict,2,153028,2,65,
_burst_pict,2,153032,2,65,
_explode_pict,2,153036,2,65,
_g_sfx_n,2,153040,3,65,
_g_weapon_n,2,153042,3,65,
_msg_queue,2,153044,2,65,
_bldg_cache_index,2,153500,2,67,
_bldg_cache_col,2,153580,2,67,
_bldg_cache_row,2,153660,2,67,
_bldg_cache,2,153740,2,67,
_bldg_cache_time_stamp,2,153900,2,67,
_bldg_cache_seg,2,154060,2,67,
_bldg_bitm,2,155020,2,68,
_colsum_pal_anim,2,155024,2,68,
_desc_record_ptr,2,155028,3,68,
_building_fields,2,155060,3,68,
_buffer,2,155276,2,68,
_colony_bldg_saved_screen,2,155302,3,68,
_refitting_ship_n,2,155304,3,68,
_scanned_prod,2,155306,3,68,
_colony_auto_building,2,155308,3,68,
_backup_results_ptr,2,155316,2,69,
_results_ptr,2,155320,2,69,
_n_bombs,2,155324,2,69,
_bombs,2,155328,2,69,
_veggie_list,2,155704,2,70,
_veggie_anims,2,156568,2,70,
_g_link_list,2,156984,2,70,
_g_n_links,2,157026,2,70,
_road_list,2,157028,2,70,
_g_units,2,158612,3,71,
_explosion_anim,2,160612,3,71,
_heart_anim,2,160616,3,71,
_frame_anim,2,160620,3,71,
_flip_bitm_seg2,2,160624,2,71,
_flip_bitm_seg,2,160628,2,71,
_g_attack_ptr,2,160632,3,71,
_g_defend_ptr,2,160636,3,71,
_display_fast,2,160644,3,71,
_top_line,2,160646,3,71,
_start_combat,2,160648,3,71,
_pod1l_sfx,2,160652,3,72,
_pod2d_sfx,2,160656,3,72,
_l_anims,2,160660,3,72,
_pod1d_sfx,2,160664,3,72,
_pod2l_sfx,2,160668,3,72,
_import_anims,2,160676,3,74,
_job_anims,2,160708,3,74,
_military_anims,2,161044,3,74,
_govt_anims,2,161324,3,74,
_conquered_anims,2,161356,3,74,
_wee_import_anims,2,161412,3,74,
_wee_prod_anims,2,161444,3,74,
_prod_anims,2,161476,3,74,
_spy_anim,2,161508,3,74,
_colony_bldg_fields,2,161564,3,74,
_ocean_planet_cache_seg,2,161636,2,74,
_planet_cache_time_stamp,2,161640,2,74,
_ocean_planet_cache,2,161660,2,74,
_planet_cache_seg,2,161664,2,74,
_planet_cache,2,161684,2,74,
_colony_handle,2,161704,2,74,
_native_anim,2,161708,3,74,
_swap_bitm,2,161712,2,74,
_g_count,2,161716,2,74,
_star_handle,2,161720,2,74,
_planet_handle,2,161724,2,74,
_ship_bitm,2,161728,2,74,
_mouse_bitm,2,161732,2,74,
_orbit_n,2,161736,2,74,
_ship_pic_bitm,2,161740,2,74,
_android_anim,2,161744,3,74,
_pop_fields,2,161748,2,74,
_sys_disp_scanned_star_handle,2,161832,2,74,
_sys_disp_star_handle,2,161836,2,74,
_sys_disp_scanned_planned_handle,2,161840,2,74,
_settler_fields_ref,2,161844,2,74,
_pop_fields_ref,2,161928,2,74,
_colony_satellite_fields,2,162180,3,74,
_sys_disp_planet_handle,2,162200,2,74,
_colony_satellites,2,162204,3,74,
_planet_cache_entry,2,162224,2,74,
_sys_disp_fields,2,162234,2,74,
_sys_disp_summ_fields,2,162240,2,74,
_sys_disp_planet_fields,2,162250,2,74,
_pop_fields_count,2,162260,2,74,
_pop_fields_coord_var,2,162266,2,74,
_job_fields,2,162272,2,74,
_ocean_planet_cache_entry,2,162278,2,74,
_colony_saved_screen,2,162280,3,74,
_galaxy_map_name_field,2,162282,2,74,
_settler_fields,2,162284,2,74,
_g_scanned_planet,2,162286,2,74,
_settler_fields_coord_var,2,162290,2,74,
_settler_fields_count,2,162292,2,74,
_g_mil_y,2,162294,3,74,
_g_mil_x,2,162296,3,74,
_g_ship_list_ptr,2,162324,3,75,
_g_scroll_ptr,2,162328,2,75,
_g_ship_field_list_ptr,2,162336,3,75,
_g_ship_n,2,162342,3,75,
_n_ships_in_list,2,162344,3,75,
_n_ships_onscreen,2,162346,3,75,
_wee_event_strings,2,162348,3,76,
_list_buy_data,2,165012,3,76,
_list_buy_fields,2,165092,3,76,
_colony_summary_saved_screen,2,165292,3,76,
_planet_anims,2,165296,3,77,
_gas_giant_planet_seg,2,165496,3,77,
_asteroid_planet_seg,2,165500,3,77,
_blinker_seg,2,165504,3,77,
_cheezy_hack_col_count,2,165524,3,78,
_list_col_pop_ref,2,165548,3,78,
_list_col_job_fields,2,166052,3,78,
_g_colony_list_ptr,2,166064,2,78,
_list_col_coord_vars,2,166068,3,78,
_list_col,2,166080,3,78,
_list_col_prod_fields,2,166092,3,78,
_list_col_pop_count,2,166104,3,78,
_list_fields,2,166116,3,78,
_cinematic_saved_autofunction,2,166132,2,79,
_g_old_time,2,166136,3,79,
_g_time,2,166140,3,79,
_old_cycle,2,166144,2,79,
_fake_buttons,2,166148,2,80,
_click_thru_fields,2,166398,2,80,
_fp_data_ptr,2,166976,3,81,
_fp_seg,2,167008,3,81,
_flic_queue,2,167012,3,82,
_g_data_ptr,2,168364,2,83,
_temp_af,2,168368,3,83,
_g_msg,2,168372,3,83,
_g_str_ptr,2,168376,3,83,
_eric_saved_autofunction2,2,168380,2,83,
_eric_saved_autofunction,2,168384,2,83,
_mp_fields,2,168388,3,83,
_stats_array,2,168440,2,83,
_g_temp_tax_rate,2,168494,3,83,
_g_state,2,168496,3,83,
_g_max,2,168498,3,83,
_g_var,2,168500,3,83,
_g_min,2,168502,3,83,
_field_state,2,168504,3,83,
_g_refresh_mode,2,168510,3,83,
_last_scanned_field,2,168512,3,83,
_combat_button_strings,2,168516,3,84,
_gal_size_button_strings,2,168524,3,84,
_color_ken,2,168540,2,84,
_gal_size_anims,2,168548,2,84,
_gal_age_button_strings,2,168564,3,84,
_civ_button_strings,2,168576,3,84,
_opp_button_strings,2,168588,3,84,
_hack_msg,2,168616,3,84,
_difficulty_anims,2,168664,2,84,
_diff_button_strings,2,168684,3,84,
_tech_level_anims,2,168704,2,84,
_button_seg,2,168716,2,84,
_cancel_button_seg,2,168720,2,84,
_num_players_anims,2,168724,2,84,
_gal_age_anims,2,168752,2,84,
_newgame_accept_button_seg,2,168784,2,84,
_background_seg,2,168788,2,84,
_gal_age_button_variable,2,168792,3,84,
_xenon_attacks_button_variable,2,168794,3,84,
_combat_button_variable,2,168796,3,84,
_gal_size_button_variable,2,168798,3,84,
_civ_button_variable,2,168800,3,84,
_diff_button_variable,2,168802,3,84,
_random_events_button_variable,2,168804,3,84,
_opp_button_variable,2,168806,3,84,
_value,2,168812,3,85,
_string_data,2,168816,3,88,
_strings,2,189816,3,88,
_saved_autofunction,2,193068,3,89,
_x_fields,2,193072,3,89,
_player_n_colony_ships,2,193076,3,91,
_player_n_freighter_groups_wanted,2,193100,3,91,
_player_total_strength_vs_colonies,2,193108,3,91,
_player_n_transports,2,193140,3,91,
_player_n_spies,2,193156,3,91,
_player_ship_sizes,2,193172,3,91,
_player_total_strength_vs_ships,2,193620,2,91,
_g_contextual_planet_values,2,193716,3,92,
_g_base_planet_values,2,199476,3,92,
_ship_n_turns_to,2,205236,2,92,
_n_turns_from_to_intermediate,2,205240,3,92,
_planet_stage_weights,2,205244,3,92,
_ship_n_turns_to_intermediate,2,205248,3,92,
_airefit,2,205252,2,92,
_i_all_combat_ships,2,205256,2,92,
_ship_refit_desirabilities,2,205260,2,92,
_aitech,2,205264,2,92,
_all_ships,2,205268,2,92,
_enroute_human_ships,2,205272,2,92,
_ship_strengths,2,205276,2,92,
_star_stage_weights,2,205280,2,92,
_enroute_ships,2,205284,2,92,
_n_turns_from_to,2,205288,2,92,
_ai_colony_info,2,205292,2,92,
_enroute_ship_strengths,2,205296,2,92,
_ship_strengths_in_nebula,2,205300,2,92,
_ai_star_info,2,205304,2,92,
_ship_bomb_strengths,2,205308,2,92,
_star_in_extended_range_of_player,2,205312,2,92,
_ai_player_info,2,205316,2,92,
_possible_ship_strengths,2,205320,2,92,
_enroute_nonstealthy_ships,2,205324,2,92,
_base_star_stage_weights,2,205328,2,92,
_star_in_range_of_player,2,205332,2,92,
_n_all_ships,2,205336,2,92,
_our_blockaded,2,205344,3,93,
_Sort_Pops_colony,2,205348,3,93,
_Sort_Pops_colony_info,2,205352,3,93,
_our_colonies,2,205356,3,93,
_our_unblockaded,2,205360,3,93,
_n_our_unblockaded,2,205366,3,93,
_n_our_colonies,2,205368,3,93,
_n_our_blockaded,2,205370,3,93,
_nonplayer_here,2,205372,3,95,
_flee_stars,2,205376,3,95,
_colonizable,2,205380,3,95,
_p_ai,2,205384,3,95,
_i_ai,2,205388,3,95,
_n_colonizable,2,205390,3,95,
_chat_info,2,205392,2,101,
_d_from_d_s_ships_msg,2,205396,3,102,
_d_from_d_fortresses_msg,2,205400,3,102,
_command_summary_msg,2,205404,3,102,
_d_from_d_battlestations_msg,2,205408,3,102,
_from_imperium_msg,2,205412,3,102,
_total_command_points_used_msg,2,205416,3,102,
_d_from_1_noncombat_ship_msg,2,205420,3,102,
_from_warlord_msg,2,205424,3,102,
_total_command_points_msg,2,205428,3,102,
_ship_maintenance_costs_msg,2,205432,3,102,
_total_command_point_used_msg,2,205436,3,102,
_d_from_d_noncombat_ships_msg,2,205440,3,102,
_d_from_1_s_ship_msg,2,205444,3,102,
_d_from_1_battlestation_msg,2,205448,3,102,
_d_from_1_fortress_msg,2,205452,3,102,
_total_food_produced_msg,2,205456,3,102,
_used_msg,2,205460,3,102,
_research_summary_msg,2,205464,3,102,
_trade_goods_msg,2,205468,3,102,
_bc_summary_msg,2,205472,3,102,
_total_research_produced_msg,2,205476,3,102,
_pollution_penalty_msg,2,205480,3,102,
_taxes_collected_msg,2,205484,3,102,
_artifacts_bonus_msg,2,205488,3,102,
_d_from_1_star_base_msg,2,205492,3,102,
_intelligence_bonus_msg,2,205496,3,102,
_replicated_to_d_food_msg,2,205500,3,102,
_taxed_from_industry_msg,2,205504,3,102,
_taxed_msg,2,205508,3,102,
_industry_summary_msg,2,205512,3,102,
_food_summary_msg,2,205516,3,102,
_government_bonus_msg,2,205520,3,102,
_produced_by_scientists_msg,2,205524,3,102,
_special_income_msg,2,205528,3,102,
_total_income_msg,2,205532,3,102,
_starting_command_points_msg,2,205536,3,102,
_government_penalty_msg,2,205540,3,102,
_total_industry_produced_msg,2,205544,3,102,
_produced_by_workers_msg,2,205548,3,102,
_d_from_d_star_bases_msg,2,205552,3,102,
_base_msg,2,205556,3,102,
_gravity_penalty_msg,2,205560,3,102,
_unification_has_no_morale_msg,2,205564,3,102,
_android_bonus_msg,2,205568,3,102,
_produced_by_farmers_msg,2,205572,3,102,
_government_morale_msg,2,205576,3,102,
_bonus_msg,2,205580,3,102,
_morale_summary_msg,2,205584,3,102,
_mixed_races_msg,2,205588,3,102,
_native_bonus_msg,2,205592,3,102,
_anomaly_msg,2,205596,3,102,
_no_capital_msg,2,205600,3,102,
_total_morale_msg,2,205604,3,102,
_leader_bonus_msg,2,205608,3,102,
_no_barracks_msg,2,205612,3,102,
_conquered_penalty_msg,2,205616,3,102,
_morale_bonus_msg,2,205620,3,102,
_blockaded_penalty_msg,2,205624,3,102,
_aquatic_bonus_msg,2,205628,3,102,
_morale_penalty_msg,2,205632,3,102,
_attack_confirmed,2,205688,3,104,
_battle_stars,2,205692,3,104,
_target,2,205696,3,104,
_player_needs_to_attack,2,205740,3,104,
_star_has_player,2,205744,3,104,
_star_has_nonplayer,2,205748,3,104,
_colony_seized_by_mind_control_msg,2,205752,3,104,
_s_attacks_you_at_s_msg,2,205756,3,104,
_research_treaty_msg,2,205760,3,104,
_noncombat_ships_destroyed_msg,2,205764,3,104,
_trade_treaty_msg,2,205768,3,104,
_you_have_following_treaties_msg,2,205772,3,104,
_really_risk_war_msg,2,205776,3,104,
_receiving_tribute_msg,2,205780,3,104,
_outpost_destroyed_msg,2,205784,3,104,
_combat_is_reported_between_s_and_s_msg,2,205788,3,104,
_current_star_has_player,2,205792,2,104,
_current_star_has_nonplayer,2,205796,2,104,
_n_battle_stars,2,205800,3,104,
_dads,2,205804,3,106,
_ship_worths,2,205808,3,109,
_lost_colony_reason_strings,2,205812,3,110,
_msg_colony_or_outpost,2,205828,3,110,
_first_msg,2,205836,2,110,
_msgs,2,205844,2,110,
_n_msgs,2,207644,2,110,
_max_msgs,2,207652,2,110,
_msg_april1_fmt,2,207660,3,110,
_msg_defensive_spy_fmt,2,207664,3,110,
_msg_eel_spawned_fmt,2,207668,3,110,
_msg_d_ships_killed_retreating_fmt,2,207672,3,110,
_msg_offensive_spy_fmt,2,207676,3,110,
_msg_artifacts_fmt,2,207680,3,110,
_msg_scrap_leader_fmt,2,207684,3,110,
_msg_diplomacy_strings,2,207688,3,110,
_failed_retreat_reason_strings,2,207708,3,110,
_msg_failed_retreat_leader_fmt,2,207720,3,110,
_msg_spy_assassinated_fmt,2,207724,3,110,
_leader_fate_strings,2,207728,3,110,
_msg_anomaly_fmt,2,207740,3,110,
_msg_eel_vanished_fmt,2,207744,3,110,
_msg_1_ship_killed_retreating_fmt,2,207748,3,110,
_msg_spy_assassinated_victim_fmt,2,207752,3,110,
_msg_colony_1_rebel_won_fmt,2,207756,3,110,
_msg_hyperspace_beast_ate_other_ship_fmt,2,207760,3,110,
_msg_colony_android_killed_organic_fmt,2,207764,3,110,
_msg_colony_boom_fmt,2,207768,3,110,
_msg_colony_d_rebels_won_fmt,2,207772,3,110,
_msg_artemis_leader_fmt,2,207776,3,110,
_msg_lost_defending_spies_fmt,2,207780,3,110,
_msg_colony_plague_fmt,2,207784,3,110,
_msg_colony_1_rebel_lost_fmt,2,207788,3,110,
_msg_colony_1_settler_arrived_fmt,2,207792,3,110,
_msg_hyperspace_flux_fmt,2,207796,3,110,
_msg_colony_no_room_for_android_fmt,2,207800,3,110,
_msg_hyperspace_beast_ate_your_ship_fmt,2,207804,3,110,
_msg_colony_d_settlers_arrived_over_limit_fmt,2,207808,3,110,
_msg_colony_d_settlers_arrived_fmt,2,207812,3,110,
_msg_lost_attacking_spy_fmt,2,207816,3,110,
_msg_lost_defending_spy_fmt,2,207820,3,110,
_msg_colony_your_rebellion_won_fmt,2,207824,3,110,
_msg_colony_your_rebellion_lost_fmt,2,207828,3,110,
_msg_hyperspace_beast_hungry_fmt,2,207832,3,110,
_msg_artemis_fmt,2,207836,3,110,
_msg_colony_settlers_arrived_blockaded_fmt,2,207840,3,110,
_msg_colony_comet_fmt,2,207844,3,110,
_msg_colony_d_rebels_lost_fmt,2,207848,3,110,
_msg_colony_1_settler_arrived_over_limit_fmt,2,207852,3,110,
_msg_colony_built_ship_fmt,2,207856,3,110,
_msg_colony_built_auto_build_fmt,2,207860,3,110,
_msg_scrap_ship_bc_fmt,2,207864,3,110,
_s_and_s_declare_war_fmt,2,207868,3,110,
_msg_colony_starvation_both_fmt,2,207872,3,110,
_msg_colony_built_android_farmer_fmt,2,207876,3,110,
_msg_colony_starvation_food_fmt,2,207880,3,110,
_msg_lost_colony_leader_fmt,2,207884,3,110,
_msg_colony_built_refit_fmt,2,207888,3,110,
_msg_colony_assimilation_fmt,2,207892,3,110,
_msg_colony_built_android_scientist_fmt,2,207896,3,110,
_msg_colony_built_next_queue_fmt,2,207900,3,110,
_msg_colony_built_android_worker_fmt,2,207904,3,110,
_msg_lost_ship_fmt,2,207908,3,110,
_s_and_s_declare_alliance_fmt,2,207912,3,110,
_msg_colony_built_spy_fmt,2,207916,3,110,
_msg_colony_built_freighter_fmt,2,207920,3,110,
_msg_lost_colony_fmt,2,207924,3,110,
_msg_financial_fmt,2,207928,3,110,
_msg_colony_built_building_fmt,2,207932,3,110,
_msg_scrap_ship_hyperspace_fmt,2,207936,3,110,
_msg_colony_scrap_building_fmt,2,207940,3,110,
_msg_colony_starvation_ind_fmt,2,207944,3,110,
_msg_colony_genocide_fmt,2,207948,3,110,
_native_msg,2,207952,3,110,
_global_chat_string,2,207956,3,111,
_cur_colors,2,208036,3,111,
_orig_colors,2,208044,3,111,
_g_mp_screen,2,208052,3,111,
_allow_chat_mode,2,208543,2,111,
_draw_game_popup_to_back,2,208544,3,111,
_modem_disk_error,2,208548,3,112,
_incompatible_versions_error,2,208552,3,112,
_modem_diff_buffer_error,2,208556,3,112,
_sending_chunk_d_of_d_fmt,2,208560,3,112,
_lost_net_user_error,2,208564,3,112,
_only_1_host_allowed_error,2,208568,3,112,
_ambassador_left_before_you_arrived_fmt,2,208572,3,112,
_net_send_error,2,208576,3,112,
_net,2,208580,2,112,
_secret_modem_file,2,209102,3,112,
_in_receive_message,2,209119,3,112,
_answering_failed_error,2,209120,3,113,
_windows_string,2,209124,3,113,
_comm_failure_string,2,209128,3,113,
_game_full_string,2,209132,3,113,
_really_begin_game_with_unused_slots_msg,2,209136,3,113,
_no_more_player_slots_error,2,209140,3,113,
_really_start_with_only_1_msg,2,209144,3,113,
_dialing_failed_error,2,209148,3,113,
_receiving_chunk_d_of_d,2,209152,3,113,
_have_d_of_d_chunks_fmt,2,209156,3,114,
_waiting_fmt,2,209160,2,114,
_best_category,2,209164,2,115,
_something_interesting_happened,2,209188,2,116,
_your_spy_steals_fmt,2,209196,3,116,
_enemy_spy_destroys_fmt,2,209200,3,116,
_really_trash_colony_base_fmt,2,209204,3,116,
_colonize_preselected_planet_fmt,2,209208,3,116,
_enemy_spy_steals_fmt,2,209212,3,116,
_outpost_preselected_planet_fmt,2,209216,3,116,
_your_spy_destroys_fmt,2,209220,3,116,
_you_framed_fmt,2,209224,3,116,
_reports,2,209228,2,116,
_n_reports,2,210178,2,116,
_done_colonize_check,2,210180,2,116,
_done_player_reports,2,210189,2,116,
_displayed_gnn,2,210190,2,116,
_displayed_msgs,2,210191,2,116,
_russ_strings,2,210192,3,117,
_all_ai_game,2,216692,2,117,
_spy_bonuses,2,216696,3,120,
_dest_file_name,2,216728,3,122,
__pp_max_height,2,216760,2,122,
__pp_max_width,2,216762,2,122,
_variable,2,216764,3,124,
_first_char_p,2,216828,3,124,
_style_p,2,216832,3,124,
_end_char_p,2,216836,3,124,
_line_p,2,216840,3,124,
_break_p,2,216844,3,124,
_char_p,2,216848,3,124,
_para_p,2,216852,3,124,
_para_global,2,216856,2,124,
_insert_case,2,216950,3,124,
_hist_graph_palettes,2,217024,3,125,
_g_category_str_p,2,217056,3,125,
_g_how_to_str_p,2,217060,3,125,
_race_statistics_specials_help,2,217068,2,125,
_g_header_p,2,217568,2,125,
_g_selected_list_p,2,217572,2,125,
_g_tech_image_seg,2,217576,2,125,
_g_bitmap2_p,2,217580,2,125,
_g_bitmap1_p,2,217584,2,125,
_g_first_how_to_field,2,217588,3,125,
_g_first_category_field,2,217590,3,125,
_g_reference_ix,2,217592,3,125,
_race_statistics_specials_help_count,2,217594,2,125,
_g_first_list_field,2,217596,2,125,
_g_selected_app_id,2,217598,2,125,
_g_last_list_field,2,217600,2,125,
_g_prior_choice,2,217602,2,125,
_g_exit_field,2,217604,2,125,
_g_list_update_needed,2,217606,2,125,
_g_reference_screen_type,2,217607,3,125,
_race_statistics_page,2,217609,2,125,
_declare_war_buffer,2,217612,2,128,
_receiving_treaty_buffer,2,217732,2,128,
_giving_treaty_buffer,2,217812,2,128,
_netbox_seg,2,217892,2,128,
_g_mouse_seg,2,217896,3,128,
_arrow_seg,2,217900,3,128,
_g_display_p,2,217904,3,128,
_diplomacy_net_wait_buffer,2,217908,2,128,
_g_agent_group_p,2,218008,3,128,
_g_mouse_group_p,2,218012,3,128,
_diplomacy_net_requeting_buffer,2,218016,2,128,
_ignoring_str,2,218116,2,128,
_no_contact_str,2,218136,2,128,
_agent_bonus_str,2,218156,2,128,
_spy_bonus_str,2,218176,2,128,
_trade_treaty_buffer,2,218196,2,128,
_research_treaty_buffer,2,218226,2,128,
_g_agent_field,2,218256,3,128,
_g_spy_xfer_count,2,218258,3,128,
_relation_text,2,218260,2,128,
_net_state,2,218515,3,128,
_g_in_spy_mode,2,218516,3,128,
_g_in_who_mode,2,218517,3,128,
_science_mouse_bitmap,2,218520,2,129,
_saved_hyper_advanced_tech,2,218524,2,130,
_tech_color,2,218532,2,130,
_tech_group_names,2,218572,2,130,
_g_selected_list_entry_p,2,218772,3,130,
_g_entries_p,2,218776,2,130,
_g_selected_entry_p,2,218780,2,130,
_tech_field_save,2,218784,3,130,
_g_first_tech_field,2,218802,3,130,
_g_scrn_x,2,218804,3,130,
_g_scrn_y,2,218806,3,130,
_g_last_tech_field,2,218808,3,130,
_g_changing_tech,2,218810,3,130,
_g_cursor_box_color,2,218811,3,130,
_g_selected_msg_p,2,218812,3,131,
_g_turn_message_ix,2,218816,3,131,
_mark_stack,2,218820,2,136,
_tmbuf,2,219140,2,137,
_fileinfo,2,219176,2,137,
_streamLBX,2,219220,2,138,
_doubleBufferFilename,2,221268,2,138,
_doubleBuffers,2,221348,2,138,
_soundIndices,2,221356,2,138,
_soundLBX,2,222676,2,138,
_musicLBX,2,226848,2,138,
_xmi,2,231020,2,138,
_samples,2,231024,2,138,
_fades,2,231092,2,138,
_io_buffer_seg,2,231160,2,139,
_io_buffer,2,231164,2,139,
_io_buffer_selector,2,231168,2,139,
_list_highlight_colors,2,231172,2,140,
_list_normal_color,2,231180,2,140,
_list_special_colors,2,231188,2,140,
_continuous_string,2,231196,2,140,
_string_field,2,231452,2,140,
_old_auto_input_variable,2,231456,2,140,
_old_active_input_field_number,2,231460,2,140,
_old_fields_count,2,231464,2,140,
_old_input_field_active,2,231468,2,140,
_old_input_delay,2,231472,2,140,
_old_down_mouse_button,2,231476,2,140,
_help_struct_pointer,2,231480,2,140,
_new_fields,2,231484,2,140,
_function,2,231488,2,140,
_function2,2,231492,2,140,
_sfields,2,231496,2,140,
_simtex_field_chosen,2,245246,2,140,
_string_field_exit_value,2,245248,2,140,
_prev_string_field_chosen,2,245250,2,140,
_string_field_chosen,2,245252,2,140,
_last_button_number,2,245254,2,140,
_last_button_x,2,245256,2,140,
_last_button_y,2,245258,2,140,
_y_pointer,2,245260,2,140,
_fields_count,2,245262,2,140,
_temp_field_count,2,245264,2,140,
_input_delay,2,245266,2,140,
_pointer_offset,2,245268,2,140,
_x_pointer,2,245270,2,140,
_active_input_field_first,2,245272,2,140,
_string_field_esc,2,245273,2,140,
_string_field_first_key,2,245274,2,140,
_string_field_current_char,2,245275,2,140,
_string_field_count,2,245276,2,140,
_string_field_active_slot,2,245277,2,140,
_font_name,2,245280,2,141,
_old_alias_colors,2,245360,2,141,
_font_data,2,245364,2,141,
_palette_block,2,245368,2,141,
_font_header,2,245372,2,141,
_current_font_color_array,2,254424,2,141,
_print_ypos,2,254434,2,141,
_current_font_color,2,254436,2,141,
_current_font_style,2,254438,2,141,
_print_xpos,2,254440,2,141,
_PSTR_style,2,254442,2,141,
_stck,2,254444,2,142,
_num,2,266732,2,142,
_old_h_mickey_sensitivity,2,266736,2,142,
_old_threshold,2,266740,2,142,
_old_v_mickey_sensitivity,2,266744,2,142,
_sp,2,266748,2,142,
_ss,2,266752,2,142,
_current_mouse_list,2,266756,2,142,
_Restore_Mouse,2,266760,2,142,
_Save_Mouse,2,266764,2,142,
_Draw_Mouse,2,266768,2,142,
_mouse_buffer_button2,2,266772,3,142,
_mouse_buffer_x2,2,266774,3,142,
_mouse_buffer_y2,2,266776,3,142,
_mouse_buttons,2,266778,3,142,
_mouse_buffer_x,2,266780,3,142,
_mouse_buffer_y,2,266782,3,142,
_mouse_buffer_flag2,2,266784,3,142,
_mouse_buffer_button,2,266786,3,142,
_current_mouse_list_count,2,266788,2,142,
_mouse_state,2,266790,3,142,
_mouse_buffer_flag,2,266792,3,142,
_toggle_flag,2,266794,2,142,
_random_seed,2,269876,3,143,
_mouse_background_buffer,2,269880,2,144,
_mouse_off_page_buffer,2,270504,2,144,
_glass_colors,2,271128,2,144,
_glass_remap_colors,2,271192,2,144,
_current_palette,2,275288,2,144,
_palette_reds,2,276312,2,144,
_page,2,276568,2,144,
_current_palette_address,2,276608,2,144,
_Save_Video_State,2,276612,2,144,
_Copy_Off_To_On_Page,2,276616,2,144,
_Get_Bank_Write,2,276620,2,144,
_Restore_Video_State,2,276624,2,144,
_Switch_Video_Pages,2,276628,2,144,
_Masked_Screen_Dump,2,276632,2,144,
_Full_Screen_Dump,2,276636,2,144,
_Partial_Screen_Dump,2,276640,2,144,
_Set_Bank_Write,2,276644,2,144,
_Set_Bank_Read,2,276648,2,144,
_ds_number,2,276652,2,144,
_mouse_background_buffer_pointer,2,276656,2,144,
_count_it,2,276660,2,144,
_mouse_off_page_buffer_pointer,2,276664,2,144,
_video_mask,2,276668,2,144,
_refresh_stencil_list,2,276672,2,144,
_outregs,2,276676,2,144,
_inregs,2,276704,2,144,
_back_page_buffer,2,276732,2,144,
_mouse_palette,2,276736,2,144,
_current_video_page,2,276740,2,144,
_refresh_scan_list,2,276744,2,144,
_off_page_buffer,2,276748,2,144,
_video_memory,2,276752,2,144,
_palette_list,2,276756,2,144,
_mouse_image_asm,2,277016,2,144,
_sregs,2,277020,2,144,
_screen_refresh_flag,2,277032,2,144,
_old_screen_dump_flag,2,277036,2,144,
_old_screen_refresh_flag,2,277038,2,144,
_hi_res_bank,2,277040,2,144,
_last_off_page_mouse_x,2,277042,2,144,
_last_off_page_mouse_y,2,277044,2,144,
_mouse_y,2,277046,2,144,
_mouse_x,2,277048,2,144,
_current_mouse_list_ptr,2,277050,2,144,
_current_mouse_shape,2,277052,2,144,
_es_number,2,277054,2,144,
_last_on_page_mouse_y,2,277056,2,144,
_last_on_page_mouse_x,2,277058,2,144,
_copy_to_on_page_flag,2,277060,2,144,
_old_mouse_x,2,277062,2,144,
_old_mouse_y,2,277064,2,144,
_multiple_video_pages,2,277066,2,144,
_screen_window_x1,2,277068,2,144,
_screen_window_x2,2,277070,2,144,
_screen_window_y1,2,277072,2,144,
_screen_window_y2,2,277074,2,144,
_video_card,2,277076,2,144,
_video_granularity,2,277078,2,144,
_vesa_read_bank,2,277080,2,144,
_old_bank_number,2,277082,2,144,
_video_bank_increment,2,277084,2,144,
_vesa_write_bank,2,277086,2,144,
_w_bank_selector,2,277088,2,144,
_total_video_memory,2,277090,2,144,
_old_bank_mode,2,277092,2,144,
_draw_page_num,2,277094,2,144,
_video_mode,2,277096,2,144,
_last_on_page_saved_flag,2,277098,2,144,
_current_page_flag,2,277099,2,144,
_lbx_header,2,277100,2,152,
_farload_fptr,2,279148,2,152,
_farload_file_name,2,279152,2,152,
_buffer_space_ptr,2,279168,2,156,
_buffer_space_size,2,279172,2,156,
_buffer_space_seg,2,279176,2,156,
_file_buffer,2,279180,2,156,
_file_buffer_count,2,279184,2,156,
_old_screen_window_x1,2,279188,2,159,
_old_screen_window_x2,2,279190,2,159,
_old_screen_window_y1,2,279192,2,159,
_old_screen_window_y2,2,279194,2,159,
_errno,2,279196,2,161,
__doserrno,2,279200,2,161,
_palette_header,2,279204,2,168,
_animation_header,2,279208,2,168,
_last_key_pressed,2,279212,2,170,
_lastbioschar,2,279252,2,170,
_nextbioschar,2,279256,2,170,
_Old_Int09,2,279260,2,170,
_key_write,2,279266,2,170,
_key_read,2,279267,2,170,
_key_pressed,2,279268,2,170,
_file_animation_length,2,279272,2,171,
_multi_file_animation_names,2,279276,2,171,
_file_animation_fptr_multi,2,279312,2,171,
_file_lbx_header,2,279324,2,171,
_file_animation_header,2,279328,2,171,
_file_animation_buffer,2,279332,2,171,
_file_animation_start,2,279336,2,171,
_file_animation_end_multi,2,279340,2,171,
_file_animation_fptr,2,279352,2,171,
_file_animation_length_multi,2,279356,2,171,
_file_animation_start_multi,2,279368,2,171,
_file_animation_end,2,279380,2,171,
_brighten_start_color,2,279384,2,172,
_right_edge_v_start,2,279388,2,172,
_right_edge_u_add,2,279392,2,172,
_left_edge_u_start,2,279396,2,172,
_left_edge_v_start,2,279400,2,172,
_right_edge_x_add,2,279404,2,172,
_left_edge_x_start,2,279408,2,172,
_left_edge_u_add,2,279412,2,172,
_left_edge_x_add,2,279416,2,172,
_right_edge_u_start,2,279420,2,172,
_left_edge_v_add,2,279424,2,172,
_right_edge_x_start,2,279428,2,172,
_right_edge_v_add,2,279432,2,172,
_brighten_palette_levels,2,279436,2,172,
_saved_palette,2,279440,2,173,
_cycle_color_value,2,280464,2,173,
_cycle_step_value,2,280468,2,173,
_vsync_speed_flag,2,280472,2,173,
_picture_remap_color_list,2,280476,2,177,
_graphics_buffer,2,280732,2,181,
_palette_color_list,2,282780,2,181,
_netGameList,2,282784,2,187,
_connection_type,2,282960,2,187,
_color_weight,2,282964,2,191,
_cube_list,2,283476,2,191,
_HistPtr,2,286548,2,191,
_reduced_palette_list,2,287572,2,191,
_ncubes,2,289620,2,191,
_reduced_palette_count,2,289622,2,191,
_indexBuffer,2,289624,2,193,
_swap_block_address,2,291672,2,194,
_swap_saved_block_size,2,291676,2,194,
___MiniHeapFreeRover,2,291716,2,201,
_modemUserRecFunc,2,291720,2,203,
_connected_to_id,2,291724,2,203,
_tpAckBuffer,2,291728,2,204,
_tpSentPackets,2,292240,2,204,
_tpPacketsReceived,2,296336,2,204,
_tpOldMessages,2,296592,2,204,
_tpAckFlags,2,297104,2,204,
_tpReceivers,2,297232,2,204,
_userRecFunc,2,297360,2,204,
_tpSendBuffer,2,297364,2,204,
_exclusion_area_x1,2,297716,2,208,
_exclusion_area_x2,2,297724,2,208,
_exclusion_area_y1,2,297732,2,208,
_exclusion_area_y2,2,297740,2,208,
_paragraph_line_y_start,2,297748,2,208,
_paragraph_line_x_start,2,297948,2,208,
_paragraph_line_offset,2,298148,2,208,
_paragraph_line_x_end,2,298348,2,208,
_paragraph_max_lines,2,298548,2,208,
_vhours,2,298552,3,230,
_stamp,2,298556,3,230,
_indent,2,298560,3,230,
_vsecs,2,298564,3,230,
_vmins,2,298568,3,230,
_vcentisecs,2,298572,3,230,
_file,2,298576,3,230,
_debug,2,298580,3,230,
_sys_debug,2,298584,3,230,
_default_mouse_palette,2,298620,2,232,
__ExitList,2,310140,2,233,
__ExitCount,2,310268,2,233,
___ClosedStreams,2,310272,2,244,
___OpenStreams,2,310276,2,248,
_clock_start,2,310280,3,263,
_msstimer,2,310288,3,269,
_junkmsstimer,2,310292,2,269,
_MSSTimerPeriod,2,310296,3,269,
_MSSSpeed,2,310300,3,269,
_mssaddr,2,310306,3,269,
_junkmssaddr,2,310312,2,269,
_LowSoundPurgeAddr,2,310320,2,270,
_LowSoundCheckAddr,2,310324,2,270,
_LowSoundPlayedAddr,2,310328,2,270,
_LowSoundCloseAddr,2,310332,2,270,
_inqReq,2,310336,2,274,
_sendReq,2,310344,2,274,
_pollReq,2,310360,2,274,
_recFunc,2,310376,2,274,
_keepAliveTime,2,310380,2,274,
_userReceiveBuffer,2,310384,2,274,
_cBuffLength,2,310388,2,274,
_pollBuffer,2,310392,2,274,
_commsInitTime,2,310396,2,274,
_sendBuffer,2,310400,2,274,
_openReq,2,310404,2,274,
_recBufferLength,2,310422,2,274,
_modem_packet,2,310424,2,275,
_ronnie,2,310448,2,275,
_mtp_total_message_sent,2,310452,2,275,
_mtp_total_packets_sent,2,310456,2,275,
_modem_receive_buffer,2,310460,2,275,
_mtp_receive_packet,2,310464,2,275,
_mtp_user_type,2,310468,2,275,
_modem_receive_buffer_size,2,310472,2,275,
_mtp_message_size,2,310476,2,275,
_mtp_total_packets,2,310480,2,275,
_modem_receive_compress_buffer,2,310484,2,275,
_modem_amount_received,2,310488,2,275,
_mtp_burst_position,2,310492,2,275,
_modem_transmit_compress_buffer,2,310496,2,275,
_compBuff,2,310500,2,276,
_sendTimer,2,311524,2,276,
_stations,2,311528,2,276,
_inCommsInit,2,311534,3,276,
_lbx_buffer,2,311536,3,278,
_current_lbx_file_name,2,328536,3,278,
_max_lbx_file_count,2,328636,3,278,
_current_lbx_entry,2,328638,3,278,
_scratchBuffer,2,328640,2,279,
_The_time,2,332736,3,285,
___nheap_clean,2,332772,2,289,
___fheap_clean,2,332773,2,289,
____Argc,2,332784,2,301,
____Argv,2,332788,2,301,
___historical_splitparms,2,332792,2,302,
_loop_count,2,332796,3,305,
_AIL_driver,2,332800,2,310,
_AIL_error,2,332864,2,310,
_AIL_preference,2,333120,2,310,
_AIL_last_IO_attempt,2,333192,2,310,
_result,2,333244,3,313,
_VDI,2,333272,3,314,
_dig,2,333292,3,314,
_current,2,333296,3,314,
_flags,2,333300,3,314,
_cnt,2,333304,3,314,
_ptr,2,333308,3,316,
_channel,2,333312,3,316,
_S,2,333316,3,316,
_i,2,333320,3,316,
_n,2,333324,3,316,
_q,2,333328,3,316,
_t,2,333332,3,316,
_status,2,333336,3,316,
_sequence_done,2,333340,3,316,
_len,2,333344,3,316,
_type,2,333348,3,316,
_SmackTimerDoneAddr,2,333872,2,325,
_snaddr,2,333878,3,325,
_junksnaddr,2,333884,2,325,
_underflow_bits,2,333888,2,329,
_totals,2,333892,2,329,
_high,2,334920,3,329,
_low,2,334922,3,329,
_code,2,334924,3,329,
___minreal,2,334928,2,332,
_dummy,2,334944,3,342,
_IrqDataPtr32,2,334960,2,344,
_RealBlockPtr16,2,335020,2,344,
_RealBlockPtr32,2,335026,2,344,
_my_stack,2,335184,3,352,
